date,series,subpopulation,age_group,metric,scenario,median,ci_lower_2.5,ci_upper_97.5
2025-09-01,daily,all subpops,Age 0,new_H,baseline,0.00329943759587913,0.0010021706338910216,0.00771955586668045
2025-09-02,daily,all subpops,Age 0,new_H,baseline,0.007910381210248427,0.0024059609150092758,0.018505063280283608
2025-09-03,daily,all subpops,Age 0,new_H,baseline,0.009572173239319437,0.0029220076292200375,0.022324637748965565
2025-09-04,daily,all subpops,Age 0,new_H,baseline,0.009927503639428781,0.003052813987586256,0.02302087806802838
2025-09-05,daily,all subpops,Age 0,new_H,baseline,0.009738445665142436,0.0030305419559570205,0.02232227527551537
2025-09-06,daily,all subpops,Age 0,new_H,baseline,0.009308724353934521,0.0029605070379482828,0.021311458650419987
2025-09-07,daily,all subpops,Age 0,new_H,baseline,0.008909956761173218,0.00286818735415547,0.020294740764184274
2025-09-08,daily,all subpops,Age 0,new_H,baseline,0.008633328770717302,0.002829180233029338,0.019536054234979484
2025-09-09,daily,all subpops,Age 0,new_H,baseline,0.008441079400155864,0.00283744828371263,0.018927624519438163
2025-09-10,daily,all subpops,Age 0,new_H,baseline,0.008251762348390226,0.0028468640030913425,0.018280463579797034
2025-09-11,daily,all subpops,Age 0,new_H,baseline,0.007913055717684489,0.0028257927830522755,0.017507436835346907
2025-09-12,daily,all subpops,Age 0,new_H,baseline,0.007806937670001866,0.002843658918293022,0.017195933649545334
2025-09-13,daily,all subpops,Age 0,new_H,baseline,0.007765160115705484,0.0029413330134891082,0.016877124290412864
2025-09-14,daily,all subpops,Age 0,new_H,baseline,0.007734057685309886,0.0030055182553116793,0.01690983235403103
2025-09-15,daily,all subpops,Age 0,new_H,baseline,0.007761693781812888,0.003043972933199546,0.016663274824558497
2025-09-16,daily,all subpops,Age 0,new_H,baseline,0.007694913046220581,0.0031123227679362027,0.016381369393162815
2025-09-17,daily,all subpops,Age 0,new_H,baseline,0.00760383025353059,0.0031947812597601668,0.016253851978002755
2025-09-18,daily,all subpops,Age 0,new_H,baseline,0.00756875156239845,0.0031428013982708132,0.015992658318754585
2025-09-19,daily,all subpops,Age 0,new_H,baseline,0.007507567648306254,0.00320577745701983,0.015811034247297562
2025-09-20,daily,all subpops,Age 0,new_H,baseline,0.007509098670935591,0.003217985457808567,0.015988896103081584
2025-09-21,daily,all subpops,Age 0,new_H,baseline,0.007570728894946826,0.003315532355198859,0.01591250437909709
2025-09-22,daily,all subpops,Age 0,new_H,baseline,0.00760863710447156,0.0034364075656815565,0.01588494583587333
2025-09-23,daily,all subpops,Age 0,new_H,baseline,0.007536908375877599,0.0034434837433922993,0.01572387371744444
2025-09-24,daily,all subpops,Age 0,new_H,baseline,0.007373730582479631,0.003398732590532121,0.015264179748555288
2025-09-25,daily,all subpops,Age 0,new_H,baseline,0.007153537137191868,0.0033377783128641716,0.014763996821551741
2025-09-26,daily,all subpops,Age 0,new_H,baseline,0.006963368211593098,0.0032165456703551476,0.014250581979744095
2025-09-27,daily,all subpops,Age 0,new_H,baseline,0.0067665184113707725,0.0031002403736695226,0.014054548077337334
2025-09-28,daily,all subpops,Age 0,new_H,baseline,0.006612899758044409,0.0029656213878172626,0.013872814069050046
2025-09-29,daily,all subpops,Age 0,new_H,baseline,0.006533514543954357,0.002869284692073117,0.013485044244144841
2025-09-30,daily,all subpops,Age 0,new_H,baseline,0.006383387535310591,0.0027580597759717224,0.013175381339626662
2025-10-01,daily,all subpops,Age 0,new_H,baseline,0.006150826131066388,0.0027045160279173548,0.012700950655003748
2025-10-02,daily,all subpops,Age 0,new_H,baseline,0.006049192750480805,0.002671172922711652,0.012666621399219822
2025-10-03,daily,all subpops,Age 0,new_H,baseline,0.005993663846587409,0.002609367725886175,0.012777384050615376
2025-10-04,daily,all subpops,Age 0,new_H,baseline,0.005974523917292481,0.0025523095696756643,0.01294924354651624
2025-10-05,daily,all subpops,Age 0,new_H,baseline,0.005989367722367011,0.002519655861336995,0.013391807944757153
2025-10-06,daily,all subpops,Age 0,new_H,baseline,0.005979937088379584,0.002496217844378525,0.013482370502724968
2025-10-07,daily,all subpops,Age 0,new_H,baseline,0.005967511839261488,0.0024436131820791507,0.013531473101749946
2025-10-08,daily,all subpops,Age 0,new_H,baseline,0.005862965309040528,0.002398975962839076,0.01350004715223456
2025-10-09,daily,all subpops,Age 0,new_H,baseline,0.005837193688930497,0.0023969552180499723,0.013456897502681257
2025-10-10,daily,all subpops,Age 0,new_H,baseline,0.005963812127759553,0.002453840021905387,0.013549315331101484
2025-10-11,daily,all subpops,Age 0,new_H,baseline,0.006217904341436217,0.0025647751129207856,0.014220511906242251
2025-10-12,daily,all subpops,Age 0,new_H,baseline,0.006484628303507905,0.0026799142211596564,0.01469117722654853
2025-10-13,daily,all subpops,Age 0,new_H,baseline,0.006721825008697394,0.0028055528332265375,0.015078160053657346
2025-10-14,daily,all subpops,Age 0,new_H,baseline,0.006943858169235323,0.0028367267859743034,0.01550846100604764
2025-10-15,daily,all subpops,Age 0,new_H,baseline,0.007038475633593372,0.002874695969633545,0.01566471617506088
2025-10-16,daily,all subpops,Age 0,new_H,baseline,0.0071407792361065335,0.002872574512947492,0.01585186177585644
2025-10-17,daily,all subpops,Age 0,new_H,baseline,0.0073505858474724566,0.0028945954714241855,0.016227657104383886
2025-10-18,daily,all subpops,Age 0,new_H,baseline,0.0076604580693056526,0.0030386658810552043,0.016819858148997373
2025-10-19,daily,all subpops,Age 0,new_H,baseline,0.008051689397578285,0.003134764139639495,0.017517877059366537
2025-10-20,daily,all subpops,Age 0,new_H,baseline,0.008439189255253337,0.0032410716963691636,0.017811678015576468
2025-10-21,daily,all subpops,Age 0,new_H,baseline,0.00870264159541911,0.0033839902059193145,0.01804939201101665
2025-10-22,daily,all subpops,Age 0,new_H,baseline,0.008923696732001697,0.0035512902471665493,0.018650008660909684
2025-10-23,daily,all subpops,Age 0,new_H,baseline,0.009239118266877004,0.003717737764134544,0.019058632225693692
2025-10-24,daily,all subpops,Age 0,new_H,baseline,0.009749668863455312,0.003994235197252314,0.019843058056968215
2025-10-25,daily,all subpops,Age 0,new_H,baseline,0.010405551107475364,0.004389726643710869,0.0209924015456308
2025-10-26,daily,all subpops,Age 0,new_H,baseline,0.011352412743370226,0.004896797155261047,0.022147013199946396
2025-10-27,daily,all subpops,Age 0,new_H,baseline,0.012410783425842264,0.005479253037660427,0.023543157245759384
2025-10-28,daily,all subpops,Age 0,new_H,baseline,0.013271141010289254,0.0058649392407339775,0.024909845431924003
2025-10-29,daily,all subpops,Age 0,new_H,baseline,0.014135869110295855,0.006231955618746256,0.02626920867486116
2025-10-30,daily,all subpops,Age 0,new_H,baseline,0.014977065487306136,0.0066590471097708335,0.027620169035180525
2025-10-31,daily,all subpops,Age 0,new_H,baseline,0.0156956752339192,0.007100081817260585,0.028871383956462465
2025-11-01,daily,all subpops,Age 0,new_H,baseline,0.01676023736853614,0.00743795125349736,0.030724327818268594
2025-11-02,daily,all subpops,Age 0,new_H,baseline,0.018162709300081428,0.008084222121665709,0.03293793678146384
2025-11-03,daily,all subpops,Age 0,new_H,baseline,0.019379574577642326,0.008887783799988147,0.03576752921196294
2025-11-04,daily,all subpops,Age 0,new_H,baseline,0.02048294291167853,0.009292255163116023,0.037960394251423134
2025-11-05,daily,all subpops,Age 0,new_H,baseline,0.021468174686805133,0.00976354332052271,0.04023053578392331
2025-11-06,daily,all subpops,Age 0,new_H,baseline,0.022614800420490216,0.010339763373677901,0.04215673310645572
2025-11-07,daily,all subpops,Age 0,new_H,baseline,0.023913968564139864,0.011109079011078793,0.044028235867899425
2025-11-08,daily,all subpops,Age 0,new_H,baseline,0.02550025360031176,0.011780917499343874,0.04600509068575293
2025-11-09,daily,all subpops,Age 0,new_H,baseline,0.02682940336075063,0.012440988419303233,0.04889474922114566
2025-11-10,daily,all subpops,Age 0,new_H,baseline,0.028299814910997544,0.013099172924957294,0.05160429149770125
2025-11-11,daily,all subpops,Age 0,new_H,baseline,0.02930927547717193,0.013668039074319934,0.05326685094825156
2025-11-12,daily,all subpops,Age 0,new_H,baseline,0.030510278113251632,0.0144051817939996,0.05582510368128495
2025-11-13,daily,all subpops,Age 0,new_H,baseline,0.03198980798336048,0.015179999596977143,0.05708944445855082
2025-11-14,daily,all subpops,Age 0,new_H,baseline,0.033557017950898806,0.016225578208220605,0.059843242529113806
2025-11-15,daily,all subpops,Age 0,new_H,baseline,0.035485660103752696,0.01725307926028516,0.06397856646237822
2025-11-16,daily,all subpops,Age 0,new_H,baseline,0.03793996123459718,0.018762085189735937,0.06769670576735345
2025-11-17,daily,all subpops,Age 0,new_H,baseline,0.040493757828139146,0.020035921500895157,0.07118786460207079
2025-11-18,daily,all subpops,Age 0,new_H,baseline,0.04322141068981465,0.02130937678973481,0.07527815932614396
2025-11-19,daily,all subpops,Age 0,new_H,baseline,0.045570118691401734,0.02266570210224826,0.07935571170827131
2025-11-20,daily,all subpops,Age 0,new_H,baseline,0.04828191073875842,0.024200167917182176,0.08395755962946519
2025-11-21,daily,all subpops,Age 0,new_H,baseline,0.05218863821630712,0.026264663329268922,0.08796833891110727
2025-11-22,daily,all subpops,Age 0,new_H,baseline,0.056203199220235825,0.028723669353079913,0.0930128705315144
2025-11-23,daily,all subpops,Age 0,new_H,baseline,0.060931273524010954,0.03169454999671966,0.09963562108834409
2025-11-24,daily,all subpops,Age 0,new_H,baseline,0.06586285266323301,0.03408739891528379,0.10655484086567017
2025-11-25,daily,all subpops,Age 0,new_H,baseline,0.07082077192269219,0.03656339870787661,0.1143881114050656
2025-11-26,daily,all subpops,Age 0,new_H,baseline,0.07473348880379889,0.0391088465224174,0.11878253965037361
2025-11-27,daily,all subpops,Age 0,new_H,baseline,0.07854909591998743,0.041451884511563064,0.12427857325418076
2025-11-28,daily,all subpops,Age 0,new_H,baseline,0.0833562685195787,0.04461498303782179,0.13081551891012955
2025-11-29,daily,all subpops,Age 0,new_H,baseline,0.08975658365528155,0.04827156449836902,0.140072969152035
2025-11-30,daily,all subpops,Age 0,new_H,baseline,0.096635803913231,0.052021560940690936,0.14991007532081932
2025-12-01,daily,all subpops,Age 0,new_H,baseline,0.10248409960127984,0.055190572343535735,0.15834310551025058
2025-12-02,daily,all subpops,Age 0,new_H,baseline,0.10825739487429935,0.0580191423912367,0.1667650666354382
2025-12-03,daily,all subpops,Age 0,new_H,baseline,0.11352646266871122,0.06078101775425352,0.1737114776468418
2025-12-04,daily,all subpops,Age 0,new_H,baseline,0.1195145736592872,0.06437832853811117,0.1832320324538192
2025-12-05,daily,all subpops,Age 0,new_H,baseline,0.12914190591614982,0.06939060241221907,0.19506083021518886
2025-12-06,daily,all subpops,Age 0,new_H,baseline,0.14261519264794476,0.07623866272702454,0.21132083633154589
2025-12-07,daily,all subpops,Age 0,new_H,baseline,0.15838369096845903,0.08636382978987361,0.23026479970425798
2025-12-08,daily,all subpops,Age 0,new_H,baseline,0.17472038562660488,0.0977946234608784,0.2538758902898002
2025-12-09,daily,all subpops,Age 0,new_H,baseline,0.1921491329003266,0.1091261794464022,0.27672823209654385
2025-12-10,daily,all subpops,Age 0,new_H,baseline,0.21046678061123192,0.12070183902606467,0.30268838558719957
2025-12-11,daily,all subpops,Age 0,new_H,baseline,0.22985943886567067,0.13196053504523883,0.32861017723689434
2025-12-12,daily,all subpops,Age 0,new_H,baseline,0.2544176891327794,0.14613129913228143,0.3611372884403529
2025-12-13,daily,all subpops,Age 0,new_H,baseline,0.28607849668054414,0.16175998895682134,0.40468925270903033
2025-12-14,daily,all subpops,Age 0,new_H,baseline,0.3228036995614555,0.18128504211570845,0.4542118033854732
2025-12-15,daily,all subpops,Age 0,new_H,baseline,0.36272121194675516,0.20457246349317892,0.5106250521601379
2025-12-16,daily,all subpops,Age 0,new_H,baseline,0.4038343813258456,0.23019794129137808,0.568046088455295
2025-12-17,daily,all subpops,Age 0,new_H,baseline,0.44484764665957355,0.256810997312797,0.6254137510746816
2025-12-18,daily,all subpops,Age 0,new_H,baseline,0.49088442150193856,0.2813770354560769,0.6871303519184665
2025-12-19,daily,all subpops,Age 0,new_H,baseline,0.5418910805049539,0.3088121092962693,0.7534670487962157
2025-12-20,daily,all subpops,Age 0,new_H,baseline,0.6010846530062133,0.34185789592405574,0.8265380175544693
2025-12-21,daily,all subpops,Age 0,new_H,baseline,0.6734949304700535,0.3831045592336639,0.9252281782538044
2025-12-22,daily,all subpops,Age 0,new_H,baseline,0.7546108230468095,0.42638562436003796,1.0333943505978354
2025-12-23,daily,all subpops,Age 0,new_H,baseline,0.8327950001085909,0.47073924330317624,1.1556599648148997
2025-12-24,daily,all subpops,Age 0,new_H,baseline,0.9008941132235929,0.5152471017148528,1.249504074524485
2025-12-25,daily,all subpops,Age 0,new_H,baseline,0.9522842896442656,0.553667949220575,1.3286566215591165
2025-12-26,daily,all subpops,Age 0,new_H,baseline,0.9998085885020846,0.5736718451529428,1.3928878456854887
2025-12-27,daily,all subpops,Age 0,new_H,baseline,1.0429552654968226,0.590228512576666,1.4548116580149208
2025-12-28,daily,all subpops,Age 0,new_H,baseline,1.0724554190097955,0.5991270441252032,1.49594037918602
2025-12-29,daily,all subpops,Age 0,new_H,baseline,1.0764111259195095,0.6048976836485952,1.5136819820582068
2025-12-30,daily,all subpops,Age 0,new_H,baseline,1.0582303783415246,0.5970740071378886,1.498445050408306
2025-12-31,daily,all subpops,Age 0,new_H,baseline,1.0330029992656637,0.5862861361127097,1.4681726186452264
2026-01-01,daily,all subpops,Age 0,new_H,baseline,1.002300756788599,0.5723017166620862,1.425201539675687
2026-01-02,daily,all subpops,Age 0,new_H,baseline,0.9690319673549843,0.5539378903667463,1.3686192252291631
2026-01-03,daily,all subpops,Age 0,new_H,baseline,0.9233712857433723,0.533661997394166,1.304551563292445
2026-01-04,daily,all subpops,Age 0,new_H,baseline,0.876933829170926,0.5104296535362369,1.2348427097663284
2026-01-05,daily,all subpops,Age 0,new_H,baseline,0.8247386657383889,0.483606010795491,1.1558531495556432
2026-01-06,daily,all subpops,Age 0,new_H,baseline,0.7703009045257386,0.4533806856308337,1.075115550899449
2026-01-07,daily,all subpops,Age 0,new_H,baseline,0.712762227069487,0.42134801912118197,0.9952822155781307
2026-01-08,daily,all subpops,Age 0,new_H,baseline,0.6591300166722259,0.3900128304190528,0.9149196045524318
2026-01-09,daily,all subpops,Age 0,new_H,baseline,0.6110930984215703,0.35800406592836354,0.84751757413729
2026-01-10,daily,all subpops,Age 0,new_H,baseline,0.561161248635217,0.33042254968645984,0.7938119366414519
2026-01-11,daily,all subpops,Age 0,new_H,baseline,0.5210070455595341,0.30570611942987697,0.7295908467884566
2026-01-12,daily,all subpops,Age 0,new_H,baseline,0.4832121840426531,0.2838987201777612,0.6736400941743523
2026-01-13,daily,all subpops,Age 0,new_H,baseline,0.4511205488386685,0.26445936645138307,0.6263616047571432
2026-01-14,daily,all subpops,Age 0,new_H,baseline,0.42173200106901815,0.2462287538739606,0.5843162870929072
2026-01-15,daily,all subpops,Age 0,new_H,baseline,0.3939161172436695,0.22761860920124893,0.5444330809415554
2026-01-16,daily,all subpops,Age 0,new_H,baseline,0.36651872328970186,0.2109656993635613,0.5055027676446445
2026-01-17,daily,all subpops,Age 0,new_H,baseline,0.3448174797131004,0.19715288536964734,0.4739951815577727
2026-01-18,daily,all subpops,Age 0,new_H,baseline,0.3240612821708048,0.1838301083539102,0.4503166749412372
2026-01-19,daily,all subpops,Age 0,new_H,baseline,0.30358482376109736,0.17124189581144145,0.42200533969203297
2026-01-20,daily,all subpops,Age 0,new_H,baseline,0.2837019725836866,0.16021697230595683,0.39588598875769604
2026-01-21,daily,all subpops,Age 0,new_H,baseline,0.26510191169750064,0.14875038362640186,0.37335450014207566
2026-01-22,daily,all subpops,Age 0,new_H,baseline,0.24895568819950026,0.13929757620421993,0.34920773040420966
2026-01-23,daily,all subpops,Age 0,new_H,baseline,0.23114463643162653,0.12995375001241455,0.32897607810476825
2026-01-24,daily,all subpops,Age 0,new_H,baseline,0.21580480982065536,0.12123941707084342,0.3113999183122682
2026-01-25,daily,all subpops,Age 0,new_H,baseline,0.20255623126734168,0.11335654858591597,0.2957836236704205
2026-01-26,daily,all subpops,Age 0,new_H,baseline,0.1914364784357741,0.10615896524604147,0.27917645131409663
2026-01-27,daily,all subpops,Age 0,new_H,baseline,0.18047942232405845,0.09903181991122555,0.2615452647043423
2026-01-28,daily,all subpops,Age 0,new_H,baseline,0.1680347173132346,0.09227365863440046,0.24757757002982192
2026-01-29,daily,all subpops,Age 0,new_H,baseline,0.1572085811427005,0.08611831001916476,0.2330863390094733
2026-01-30,daily,all subpops,Age 0,new_H,baseline,0.14826077752783676,0.08162612425963325,0.21917120494938666
2026-01-31,daily,all subpops,Age 0,new_H,baseline,0.1405110118713933,0.07757364144312086,0.20600810347178725
2026-02-01,daily,all subpops,Age 0,new_H,baseline,0.13316396240150935,0.07336850240908457,0.1966883383807925
2026-02-02,daily,all subpops,Age 0,new_H,baseline,0.12559601059968412,0.06953167808486488,0.1884034394542753
2026-02-03,daily,all subpops,Age 0,new_H,baseline,0.11857497554862154,0.06532389426069178,0.1792189583259639
2026-02-04,daily,all subpops,Age 0,new_H,baseline,0.11136266028131021,0.06117805994047975,0.1691165679252925
2026-02-05,daily,all subpops,Age 0,new_H,baseline,0.10431667694191799,0.05657319222239987,0.16010746239330995
2026-02-06,daily,all subpops,Age 0,new_H,baseline,0.09837950978593987,0.052356284099414306,0.1498718485255881
2026-02-07,daily,all subpops,Age 0,new_H,baseline,0.09409264329628453,0.04893103681872398,0.1417625548912539
2026-02-08,daily,all subpops,Age 0,new_H,baseline,0.08967972248265832,0.04726108813572926,0.13539063493268366
2026-02-09,daily,all subpops,Age 0,new_H,baseline,0.08666314374147294,0.04575536382592883,0.13041492378436287
2026-02-10,daily,all subpops,Age 0,new_H,baseline,0.08365172125654032,0.04408736188168023,0.12713376411618746
2026-02-11,daily,all subpops,Age 0,new_H,baseline,0.0805465682031897,0.042412398737873086,0.12265985638204575
2026-02-12,daily,all subpops,Age 0,new_H,baseline,0.07729678403873434,0.04055190241639977,0.11878103741488032
2026-02-13,daily,all subpops,Age 0,new_H,baseline,0.07480082534313869,0.03923514904024275,0.11596650667556438
2026-02-14,daily,all subpops,Age 0,new_H,baseline,0.07322847913372547,0.03894900981054607,0.11247734229721765
2026-02-15,daily,all subpops,Age 0,new_H,baseline,0.0720564044215361,0.03878165813730942,0.11121956711798295
2026-02-16,daily,all subpops,Age 0,new_H,baseline,0.07145938167826493,0.03800935084863518,0.11042537016069343
2026-02-17,daily,all subpops,Age 0,new_H,baseline,0.07060227734117361,0.037092706847760705,0.10883560268079173
2026-02-18,daily,all subpops,Age 0,new_H,baseline,0.06918302896951391,0.03579812687032025,0.10616196627986221
2026-02-19,daily,all subpops,Age 0,new_H,baseline,0.0673036834401545,0.034243261805876876,0.10335344078001366
2026-02-20,daily,all subpops,Age 0,new_H,baseline,0.06530144186055797,0.03298400785259481,0.100474190408542
2026-02-21,daily,all subpops,Age 0,new_H,baseline,0.06349635173749203,0.032051266248421625,0.0978859925560194
2026-02-22,daily,all subpops,Age 0,new_H,baseline,0.06121975084849253,0.03078813924651269,0.09496430617165659
2026-02-23,daily,all subpops,Age 0,new_H,baseline,0.05920500208210587,0.029607482953306796,0.09136266691291872
2026-02-24,daily,all subpops,Age 0,new_H,baseline,0.05704198232149431,0.028384021926525196,0.08780750207729017
2026-02-25,daily,all subpops,Age 0,new_H,baseline,0.055298470428548976,0.027338244659371083,0.08470265012735609
2026-02-26,daily,all subpops,Age 0,new_H,baseline,0.05370288832694939,0.026432514635264574,0.0813679523350434
2026-02-27,daily,all subpops,Age 0,new_H,baseline,0.05207391629321996,0.025829121293290718,0.07918903008865676
2026-02-28,daily,all subpops,Age 0,new_H,baseline,0.051260274460733994,0.025664321244092715,0.0774863898375435
2026-03-01,daily,all subpops,Age 0,new_H,baseline,0.050606282291587326,0.025942611380264758,0.07643695558429427
2026-03-02,daily,all subpops,Age 0,new_H,baseline,0.05028834283191834,0.02601685693839347,0.07424348506577091
2026-03-03,daily,all subpops,Age 0,new_H,baseline,0.04963205321794427,0.02574782815638677,0.07383166917835268
2026-03-04,daily,all subpops,Age 0,new_H,baseline,0.04863696025163261,0.0253197684351029,0.07385075800563409
2026-03-05,daily,all subpops,Age 0,new_H,baseline,0.047792875877085944,0.024494685816872357,0.07347007795322652
2026-03-06,daily,all subpops,Age 0,new_H,baseline,0.04713214367909885,0.023935642637938542,0.07370567471621746
2026-03-07,daily,all subpops,Age 0,new_H,baseline,0.046232846739618375,0.023135780446719198,0.07344200351823657
2026-03-08,daily,all subpops,Age 0,new_H,baseline,0.04542418441125724,0.02246456363051308,0.07377042117223022
2026-03-09,daily,all subpops,Age 0,new_H,baseline,0.04449587887680574,0.021820895474572444,0.0732447245754042
2026-03-10,daily,all subpops,Age 0,new_H,baseline,0.04338502371686921,0.021171470960910554,0.07228115746826809
2026-03-11,daily,all subpops,Age 0,new_H,baseline,0.0419584031177518,0.02039348153700722,0.0705196079570086
2026-03-12,daily,all subpops,Age 0,new_H,baseline,0.04023015173827056,0.019756554761397892,0.06849037268524535
2026-03-13,daily,all subpops,Age 0,new_H,baseline,0.039327450294216415,0.01934257477291529,0.06697623887523832
2026-03-14,daily,all subpops,Age 0,new_H,baseline,0.03861111631066041,0.018898020210234092,0.06514655026919636
2026-03-15,daily,all subpops,Age 0,new_H,baseline,0.038089536171429315,0.018303761265699107,0.06444322649940494
2026-03-16,daily,all subpops,Age 0,new_H,baseline,0.03761432046070274,0.018024629940836794,0.0647337661374798
2026-03-17,daily,all subpops,Age 0,new_H,baseline,0.03627185296005645,0.01770011703632575,0.06320588375012033
2026-03-18,daily,all subpops,Age 0,new_H,baseline,0.035102634933534986,0.01711512577233141,0.0612674679813076
2026-03-19,daily,all subpops,Age 0,new_H,baseline,0.03439959607321825,0.01675756265857409,0.060542292734697696
2026-03-20,daily,all subpops,Age 0,new_H,baseline,0.033799071236789185,0.01641471309187774,0.05997802677108183
2026-03-21,daily,all subpops,Age 0,new_H,baseline,0.03340584376359875,0.01611271008424935,0.05939376970694161
2026-03-22,daily,all subpops,Age 0,new_H,baseline,0.032743976303366576,0.01592327167640164,0.05918272945103107
2026-03-23,daily,all subpops,Age 0,new_H,baseline,0.03202037884449703,0.015703910336345436,0.058316709016127496
2026-03-24,daily,all subpops,Age 0,new_H,baseline,0.03150503824046345,0.015390868308506427,0.05609037021367736
2026-03-25,daily,all subpops,Age 0,new_H,baseline,0.0310914999786268,0.015183167999745782,0.05445465546507199
2026-03-26,daily,all subpops,Age 0,new_H,baseline,0.03058144583238836,0.015039963526469783,0.05386045425411171
2026-03-27,daily,all subpops,Age 0,new_H,baseline,0.030117923571559985,0.014814328669074067,0.052891991457801775
2026-03-28,daily,all subpops,Age 0,new_H,baseline,0.0298394855758092,0.014733766448465307,0.051904021807326874
2026-03-29,daily,all subpops,Age 0,new_H,baseline,0.02995056973713655,0.014833694712318619,0.05231168580247422
2026-03-30,daily,all subpops,Age 0,new_H,baseline,0.030363585788911893,0.014898690111850693,0.052567862892742616
2026-03-31,daily,all subpops,Age 0,new_H,baseline,0.030068850207393763,0.01482178912103244,0.05275281251441933
2026-04-01,daily,all subpops,Age 0,new_H,baseline,0.02915679749492434,0.01446231203090057,0.05169994358724659
2026-04-02,daily,all subpops,Age 0,new_H,baseline,0.028340307464197807,0.013962793228305757,0.04993698966665963
2026-04-03,daily,all subpops,Age 0,new_H,baseline,0.027521469332542885,0.013707668007134743,0.0485470543137619
2026-04-04,daily,all subpops,Age 0,new_H,baseline,0.02670440433437709,0.01309476711664545,0.04706956228481024
2026-04-05,daily,all subpops,Age 0,new_H,baseline,0.025858419899442073,0.01278434077482978,0.04544455329192209
2026-04-06,daily,all subpops,Age 0,new_H,baseline,0.0253132123897256,0.012492483595997726,0.04435677419412148
2026-04-07,daily,all subpops,Age 0,new_H,baseline,0.024669636834755947,0.012266356982050279,0.04372163238653541
2026-04-08,daily,all subpops,Age 0,new_H,baseline,0.02415057251306428,0.011982890441858239,0.0432170831358461
2026-04-09,daily,all subpops,Age 0,new_H,baseline,0.02383894485195943,0.01176950535602729,0.04273381773753053
2026-04-10,daily,all subpops,Age 0,new_H,baseline,0.02349166138456758,0.011646996713878383,0.04170468160555007
2026-04-11,daily,all subpops,Age 0,new_H,baseline,0.0231024911701615,0.011456248248163272,0.04152121877378976
2026-04-12,daily,all subpops,Age 0,new_H,baseline,0.022908788767063426,0.01111641308786914,0.041029963264094256
2026-04-13,daily,all subpops,Age 0,new_H,baseline,0.022603853958851207,0.010725532828682943,0.040529583771382736
2026-04-14,daily,all subpops,Age 0,new_H,baseline,0.02177957930773271,0.010150222294427417,0.03991241195189887
2026-04-15,daily,all subpops,Age 0,new_H,baseline,0.020792660417615884,0.009356616900339038,0.038315568106852896
2026-04-16,daily,all subpops,Age 0,new_H,baseline,0.019688272023809916,0.008724982790071582,0.03690604950716879
2026-04-17,daily,all subpops,Age 0,new_H,baseline,0.018682508763403098,0.008189155911002553,0.03602515359763221
2026-04-18,daily,all subpops,Age 0,new_H,baseline,0.017754065348392765,0.007713864900532473,0.03501093110228913
2026-04-19,daily,all subpops,Age 0,new_H,baseline,0.01700938291644405,0.007230024756215244,0.034364675059225476
2026-04-20,daily,all subpops,Age 0,new_H,baseline,0.016319124255895965,0.006702498964641151,0.033631135225245655
2026-04-21,daily,all subpops,Age 0,new_H,baseline,0.01579600040198331,0.006328690621453423,0.03326859469681964
2026-04-22,daily,all subpops,Age 0,new_H,baseline,0.01530325152032929,0.006082248194792557,0.033030754996978245
2026-04-23,daily,all subpops,Age 0,new_H,baseline,0.014675271498214817,0.005891441388781098,0.03211166328237196
2026-04-24,daily,all subpops,Age 0,new_H,baseline,0.014051618903259129,0.005669910522583451,0.031429747785283506
2026-04-25,daily,all subpops,Age 0,new_H,baseline,0.013420666155545453,0.005456695130113163,0.030147551161973544
2026-04-26,daily,all subpops,Age 0,new_H,baseline,0.012958166858054686,0.005220390511084563,0.029044243872037998
2026-04-27,daily,all subpops,Age 0,new_H,baseline,0.012227818119088048,0.004908049851114275,0.028974552113914077
2026-04-28,daily,all subpops,Age 0,new_H,baseline,0.011531290237168833,0.0045621963832822845,0.02783483881866549
2026-04-29,daily,all subpops,Age 0,new_H,baseline,0.010733066916656007,0.0042269650854190564,0.02699942070532804
2026-04-30,daily,all subpops,Age 0,new_H,baseline,0.0100678906924061,0.003918012047308832,0.026125668298183944
2026-05-01,daily,all subpops,Age 0,new_H,baseline,0.00948110028493428,0.003653067292794583,0.025097981498382438
2026-05-02,daily,all subpops,Age 0,new_H,baseline,0.009105676634255285,0.0033323560008114562,0.0240675017512086
2026-05-03,daily,all subpops,Age 0,new_H,baseline,0.008685648144756235,0.0030522841768868478,0.023380486245330994
2026-05-04,daily,all subpops,Age 0,new_H,baseline,0.008293706686217681,0.002772226442001842,0.023735196308202464
2026-05-05,daily,all subpops,Age 0,new_H,baseline,0.007885510209069597,0.0024998323488359996,0.024053153819141342
2026-05-06,daily,all subpops,Age 0,new_H,baseline,0.007547809688742193,0.0022475030436027556,0.0242043151930025
2026-05-07,daily,all subpops,Age 0,new_H,baseline,0.007160651448393987,0.0020259881186856614,0.023706118335483407
2026-05-08,daily,all subpops,Age 0,new_H,baseline,0.006874201031678691,0.0018328377861789999,0.023022903062171245
2025-09-01,daily,all subpops,Age 1,new_H,baseline,0.014968405928981519,0.005071415664370529,0.035166029871133014
2025-09-02,daily,all subpops,Age 1,new_H,baseline,0.03605011560260421,0.01222062984316418,0.08465173818591586
2025-09-03,daily,all subpops,Age 1,new_H,baseline,0.04472540219350336,0.01519657236638861,0.10482862978070935
2025-09-04,daily,all subpops,Age 1,new_H,baseline,0.04826772230076745,0.01648777637823053,0.11214114267450352
2025-09-05,daily,all subpops,Age 1,new_H,baseline,0.049709177976191135,0.017188133371593986,0.1144949979173905
2025-09-06,daily,all subpops,Age 1,new_H,baseline,0.04983287685950236,0.01765215027905896,0.11441750149061213
2025-09-07,daily,all subpops,Age 1,new_H,baseline,0.04851504017064342,0.017568561033912418,0.1113715830601793
2025-09-08,daily,all subpops,Age 1,new_H,baseline,0.04655695311611681,0.017389366307110552,0.10722029724695203
2025-09-09,daily,all subpops,Age 1,new_H,baseline,0.04618491251822685,0.01744869265866525,0.10421042838440675
2025-09-10,daily,all subpops,Age 1,new_H,baseline,0.04678122305920889,0.018058586994883306,0.10452672604977171
2025-09-11,daily,all subpops,Age 1,new_H,baseline,0.04734378724761427,0.01838192176412001,0.10407996121086377
2025-09-12,daily,all subpops,Age 1,new_H,baseline,0.048254071346446756,0.019383937811128786,0.10483141585667924
2025-09-13,daily,all subpops,Age 1,new_H,baseline,0.04928989351873273,0.02038253691414514,0.10770893881425657
2025-09-14,daily,all subpops,Age 1,new_H,baseline,0.048208400200807425,0.020583008917576605,0.1066616246919929
2025-09-15,daily,all subpops,Age 1,new_H,baseline,0.04697677712445063,0.02035316361600928,0.10193989574109119
2025-09-16,daily,all subpops,Age 1,new_H,baseline,0.04710608883569734,0.021208019410877972,0.10138490474425936
2025-09-17,daily,all subpops,Age 1,new_H,baseline,0.04793837206083758,0.021485352246452413,0.10155770771607892
2025-09-18,daily,all subpops,Age 1,new_H,baseline,0.04844307483342808,0.02242944448469498,0.10241124343719646
2025-09-19,daily,all subpops,Age 1,new_H,baseline,0.048958570502444884,0.023172131908231475,0.10354776971076521
2025-09-20,daily,all subpops,Age 1,new_H,baseline,0.049652627948710726,0.023804655956034232,0.10517385901262508
2025-09-21,daily,all subpops,Age 1,new_H,baseline,0.049512020366263884,0.023535477255677267,0.10510431198191557
2025-09-22,daily,all subpops,Age 1,new_H,baseline,0.04818265252712598,0.02315906369422578,0.10283146728851335
2025-09-23,daily,all subpops,Age 1,new_H,baseline,0.04761362299075696,0.02275121939580664,0.10096339525465177
2025-09-24,daily,all subpops,Age 1,new_H,baseline,0.04728482308193648,0.02328126333629716,0.09929248033684611
2025-09-25,daily,all subpops,Age 1,new_H,baseline,0.04713372734695353,0.023201430995692086,0.09703390007236415
2025-09-26,daily,all subpops,Age 1,new_H,baseline,0.04696107682140484,0.022755667551084373,0.0946014016550836
2025-09-27,daily,all subpops,Age 1,new_H,baseline,0.04642120866887205,0.022365506176008347,0.09322081805506448
2025-09-28,daily,all subpops,Age 1,new_H,baseline,0.04478968094110672,0.021430035937638914,0.08827912738484868
2025-09-29,daily,all subpops,Age 1,new_H,baseline,0.042436292255464,0.020153436669684603,0.08330977721416619
2025-09-30,daily,all subpops,Age 1,new_H,baseline,0.04080180839418822,0.01923779246517364,0.0804965610477732
2025-10-01,daily,all subpops,Age 1,new_H,baseline,0.039918290768480545,0.018369052104668982,0.07891120147108285
2025-10-02,daily,all subpops,Age 1,new_H,baseline,0.03983091815907214,0.018066810763305824,0.08119916709100891
2025-10-03,daily,all subpops,Age 1,new_H,baseline,0.03997544149768151,0.018013400188839162,0.0843267168631481
2025-10-04,daily,all subpops,Age 1,new_H,baseline,0.04050786882317077,0.017874260030387328,0.08620754635506844
2025-10-05,daily,all subpops,Age 1,new_H,baseline,0.03958815223791026,0.017219468858506615,0.08433975131338428
2025-10-06,daily,all subpops,Age 1,new_H,baseline,0.03822454856031362,0.016423221364201438,0.0806332697066467
2025-10-07,daily,all subpops,Age 1,new_H,baseline,0.03753378242122505,0.016058184343329528,0.07895072614574447
2025-10-08,daily,all subpops,Age 1,new_H,baseline,0.03734725731813762,0.015977867991082365,0.07877848269608323
2025-10-09,daily,all subpops,Age 1,new_H,baseline,0.038076300149148486,0.016345217185595586,0.07882344577406382
2025-10-10,daily,all subpops,Age 1,new_H,baseline,0.03956951702903373,0.01715955455960707,0.08235464602027665
2025-10-11,daily,all subpops,Age 1,new_H,baseline,0.04153088946521325,0.018024899226184728,0.08763167367174182
2025-10-12,daily,all subpops,Age 1,new_H,baseline,0.04263998255485603,0.01805978539222653,0.08637079981825717
2025-10-13,daily,all subpops,Age 1,new_H,baseline,0.041834910392165026,0.01827345622803047,0.08413308829206342
2025-10-14,daily,all subpops,Age 1,new_H,baseline,0.040548176434868854,0.017927862762843055,0.08395969792170939
2025-10-15,daily,all subpops,Age 1,new_H,baseline,0.041101775738978275,0.017880927828430048,0.08422386895675082
2025-10-16,daily,all subpops,Age 1,new_H,baseline,0.04230784578211515,0.018762423601031104,0.08629533246881332
2025-10-17,daily,all subpops,Age 1,new_H,baseline,0.045031875304671336,0.020091156976386065,0.09086132565862809
2025-10-18,daily,all subpops,Age 1,new_H,baseline,0.047508018851995085,0.021246674725462426,0.09715570055483248
2025-10-19,daily,all subpops,Age 1,new_H,baseline,0.04861572062864845,0.021944783381332586,0.09901282540804458
2025-10-20,daily,all subpops,Age 1,new_H,baseline,0.04852497097541929,0.022318056552625438,0.09883742364028372
2025-10-21,daily,all subpops,Age 1,new_H,baseline,0.04948708811179543,0.023230804598485682,0.09982917383779535
2025-10-22,daily,all subpops,Age 1,new_H,baseline,0.05151716288065262,0.024859673910829494,0.10214279753165918
2025-10-23,daily,all subpops,Age 1,new_H,baseline,0.05488725287937316,0.02653324092595903,0.10812300317494086
2025-10-24,daily,all subpops,Age 1,new_H,baseline,0.059154040473776766,0.029228197289135317,0.1142553884019442
2025-10-25,daily,all subpops,Age 1,new_H,baseline,0.06459915377331908,0.032853570415221384,0.12168154887684302
2025-10-26,daily,all subpops,Age 1,new_H,baseline,0.06816559882559743,0.03471386084767403,0.12575351405728424
2025-10-27,daily,all subpops,Age 1,new_H,baseline,0.07024345440804634,0.03635584588651711,0.12958036483885327
2025-10-28,daily,all subpops,Age 1,new_H,baseline,0.07463836792916993,0.03941789878566056,0.13994028386110394
2025-10-29,daily,all subpops,Age 1,new_H,baseline,0.08144426310583633,0.042347602993556936,0.1497716366363217
2025-10-30,daily,all subpops,Age 1,new_H,baseline,0.08763796917776018,0.045555370016680474,0.15969611508780793
2025-10-31,daily,all subpops,Age 1,new_H,baseline,0.09405694082450829,0.049655307748353666,0.16861992666728426
2025-11-01,daily,all subpops,Age 1,new_H,baseline,0.10093759873674799,0.05394109417467972,0.18201941667082425
2025-11-02,daily,all subpops,Age 1,new_H,baseline,0.10583660730320385,0.056750213980963804,0.1890146191095715
2025-11-03,daily,all subpops,Age 1,new_H,baseline,0.10810490244082296,0.057270315620895886,0.19506635933935007
2025-11-04,daily,all subpops,Age 1,new_H,baseline,0.11330106343491299,0.06054630130957992,0.20427561672770253
2025-11-05,daily,all subpops,Age 1,new_H,baseline,0.12087073294882536,0.06444237143435677,0.2198810476924627
2025-11-06,daily,all subpops,Age 1,new_H,baseline,0.12993212016593048,0.06972872557633317,0.23685495365195672
2025-11-07,daily,all subpops,Age 1,new_H,baseline,0.14030810713593517,0.07694111660996383,0.2570026780425843
2025-11-08,daily,all subpops,Age 1,new_H,baseline,0.15119038378279862,0.08388963532223281,0.27131847507243323
2025-11-09,daily,all subpops,Age 1,new_H,baseline,0.155688961838314,0.08856981589693332,0.2756937638947075
2025-11-10,daily,all subpops,Age 1,new_H,baseline,0.15694960841285843,0.09016671168413208,0.27573106977142336
2025-11-11,daily,all subpops,Age 1,new_H,baseline,0.1588566114474704,0.09104574166948538,0.27667093979254215
2025-11-12,daily,all subpops,Age 1,new_H,baseline,0.16120859634382462,0.09446594495205149,0.27723775778085924
2025-11-13,daily,all subpops,Age 1,new_H,baseline,0.16868853352807878,0.09918397956718435,0.2925217294259219
2025-11-14,daily,all subpops,Age 1,new_H,baseline,0.18065668125752082,0.10651318461382242,0.306835219365974
2025-11-15,daily,all subpops,Age 1,new_H,baseline,0.19396471891019174,0.11597939330335269,0.33043290248435064
2025-11-16,daily,all subpops,Age 1,new_H,baseline,0.20163923074566242,0.12277063259275156,0.3403505751119042
2025-11-17,daily,all subpops,Age 1,new_H,baseline,0.2065961972278696,0.1251074563562873,0.34470851897918503
2025-11-18,daily,all subpops,Age 1,new_H,baseline,0.21741665877874444,0.13203638039586238,0.3638075055135457
2025-11-19,daily,all subpops,Age 1,new_H,baseline,0.23373423638514593,0.14425421014129045,0.3806503623886781
2025-11-20,daily,all subpops,Age 1,new_H,baseline,0.255334629504644,0.15921286018381658,0.4081358172138665
2025-11-21,daily,all subpops,Age 1,new_H,baseline,0.27979740317235136,0.1776012948348542,0.4426475824694338
2025-11-22,daily,all subpops,Age 1,new_H,baseline,0.30328391275962685,0.19601710479061452,0.47747100208920845
2025-11-23,daily,all subpops,Age 1,new_H,baseline,0.3173327852263155,0.20469858819299144,0.49244603344523624
2025-11-24,daily,all subpops,Age 1,new_H,baseline,0.32801421371570827,0.21102280501724996,0.5000088819457155
2025-11-25,daily,all subpops,Age 1,new_H,baseline,0.34775608979576955,0.22166322524692525,0.5229060155909389
2025-11-26,daily,all subpops,Age 1,new_H,baseline,0.37287096647377316,0.23527328497925024,0.5542644570494745
2025-11-27,daily,all subpops,Age 1,new_H,baseline,0.39682187123150675,0.25271864784069115,0.5876617941227279
2025-11-28,daily,all subpops,Age 1,new_H,baseline,0.41064710071613797,0.26118924959309187,0.6042815803944732
2025-11-29,daily,all subpops,Age 1,new_H,baseline,0.42256911550502985,0.26717756886610017,0.6217293270173058
2025-11-30,daily,all subpops,Age 1,new_H,baseline,0.43269073111194584,0.27432663568780025,0.6421366216148257
2025-12-01,daily,all subpops,Age 1,new_H,baseline,0.44217105511720645,0.2797295416296026,0.6597058568214096
2025-12-02,daily,all subpops,Age 1,new_H,baseline,0.4686800137902297,0.2961720154185878,0.6938272358948119
2025-12-03,daily,all subpops,Age 1,new_H,baseline,0.5036805601483184,0.321902057142699,0.7424693414474016
2025-12-04,daily,all subpops,Age 1,new_H,baseline,0.5514639236869374,0.3570133314804893,0.8099376686284435
2025-12-05,daily,all subpops,Age 1,new_H,baseline,0.6139551146167411,0.40489290737835176,0.8977991915604092
2025-12-06,daily,all subpops,Age 1,new_H,baseline,0.6931624657183527,0.45952095989283664,0.9985295125215009
2025-12-07,daily,all subpops,Age 1,new_H,baseline,0.7473528244583334,0.5012856049457426,1.0823120595470226
2025-12-08,daily,all subpops,Age 1,new_H,baseline,0.7945850833129569,0.5395785098933089,1.1369075294559177
2025-12-09,daily,all subpops,Age 1,new_H,baseline,0.8736815441759144,0.6019645229193527,1.233486612085171
2025-12-10,daily,all subpops,Age 1,new_H,baseline,0.9787010370550068,0.6778329736829822,1.37865501986471
2025-12-11,daily,all subpops,Age 1,new_H,baseline,1.0950603096931135,0.761018488722621,1.5288675770244897
2025-12-12,daily,all subpops,Age 1,new_H,baseline,1.2309251512174333,0.8715456510439412,1.71916538619499
2025-12-13,daily,all subpops,Age 1,new_H,baseline,1.4029732100535148,1.0016616086769679,1.9570727647806792
2025-12-14,daily,all subpops,Age 1,new_H,baseline,1.5260028920453763,1.092789921938488,2.1267731284404876
2025-12-15,daily,all subpops,Age 1,new_H,baseline,1.6311095827425333,1.1691753156494376,2.2503212444978966
2025-12-16,daily,all subpops,Age 1,new_H,baseline,1.8076179985622947,1.299514653748308,2.46475408967674
2025-12-17,daily,all subpops,Age 1,new_H,baseline,2.0300202472641966,1.4646693858787772,2.768366236300445
2025-12-18,daily,all subpops,Age 1,new_H,baseline,2.2842949689767953,1.6492192664445728,3.0803836747103985
2025-12-19,daily,all subpops,Age 1,new_H,baseline,2.56011755689015,1.8563680325271503,3.450727520969436
2025-12-20,daily,all subpops,Age 1,new_H,baseline,2.843052727748361,2.0784886122109336,3.8337443261074844
2025-12-21,daily,all subpops,Age 1,new_H,baseline,3.0665045232217447,2.2510468324981767,4.127157829485342
2025-12-22,daily,all subpops,Age 1,new_H,baseline,3.2328623716730442,2.382839838950875,4.364619602779649
2025-12-23,daily,all subpops,Age 1,new_H,baseline,3.381343072442822,2.4648355820279506,4.572411267532517
2025-12-24,daily,all subpops,Age 1,new_H,baseline,3.4939548066320487,2.532417300976838,4.721588237046863
2025-12-25,daily,all subpops,Age 1,new_H,baseline,3.579427839076109,2.574839756241766,4.840796288170413
2025-12-26,daily,all subpops,Age 1,new_H,baseline,3.646111414157345,2.6112814472114327,4.927368206651626
2025-12-27,daily,all subpops,Age 1,new_H,baseline,3.690662000440605,2.611530737536955,5.02352310311858
2025-12-28,daily,all subpops,Age 1,new_H,baseline,3.7256862486104856,2.597676447797447,5.0893227076298055
2025-12-29,daily,all subpops,Age 1,new_H,baseline,3.6937226148746403,2.554898360892183,5.056574764012653
2025-12-30,daily,all subpops,Age 1,new_H,baseline,3.6021923392387105,2.4779999495713496,4.9269532427427105
2025-12-31,daily,all subpops,Age 1,new_H,baseline,3.487163236638202,2.3979603480456966,4.757210391788251
2026-01-01,daily,all subpops,Age 1,new_H,baseline,3.363790264916136,2.2991977151439724,4.601403757188362
2026-01-02,daily,all subpops,Age 1,new_H,baseline,3.2258487953754047,2.224134847709259,4.428609672832063
2026-01-03,daily,all subpops,Age 1,new_H,baseline,3.075322642222583,2.119388203971511,4.221639273605791
2026-01-04,daily,all subpops,Age 1,new_H,baseline,2.9241611038686757,2.012473298644509,3.978862771316688
2026-01-05,daily,all subpops,Age 1,new_H,baseline,2.7573790853689646,1.9108464586223344,3.71881485336713
2026-01-06,daily,all subpops,Age 1,new_H,baseline,2.6127598176104647,1.8342628263211733,3.5145108797134923
2026-01-07,daily,all subpops,Age 1,new_H,baseline,2.483217568333461,1.764695567090241,3.3547611090905187
2026-01-08,daily,all subpops,Age 1,new_H,baseline,2.3651259645536404,1.679855873082799,3.191783478463886
2026-01-09,daily,all subpops,Age 1,new_H,baseline,2.255252134135888,1.6002695715558555,3.0436855227690307
2026-01-10,daily,all subpops,Age 1,new_H,baseline,2.1532882898621715,1.516660797744601,2.890924154417292
2026-01-11,daily,all subpops,Age 1,new_H,baseline,2.0143988032344375,1.4101110298808779,2.6957507445354936
2026-01-12,daily,all subpops,Age 1,new_H,baseline,1.8654295550701203,1.300050857359692,2.492123702742294
2026-01-13,daily,all subpops,Age 1,new_H,baseline,1.7481659887841612,1.219434336825512,2.341605133376363
2026-01-14,daily,all subpops,Age 1,new_H,baseline,1.657169479941731,1.1516692351915698,2.225847132691864
2026-01-15,daily,all subpops,Age 1,new_H,baseline,1.570276687689098,1.1004336453454482,2.1228140504396955
2026-01-16,daily,all subpops,Age 1,new_H,baseline,1.4863830528032653,1.0381580639588859,2.016404900023111
2026-01-17,daily,all subpops,Age 1,new_H,baseline,1.4251790445371049,0.9933219637116489,1.9337282678635548
2026-01-18,daily,all subpops,Age 1,new_H,baseline,1.3321118596019932,0.9343094506994776,1.8057261624500238
2026-01-19,daily,all subpops,Age 1,new_H,baseline,1.2260336947372608,0.8612008649108097,1.6555877209570984
2026-01-20,daily,all subpops,Age 1,new_H,baseline,1.1208349170395298,0.7854344788868902,1.5198009259737235
2026-01-21,daily,all subpops,Age 1,new_H,baseline,1.0402706992719277,0.7305852861065802,1.4230245765809748
2026-01-22,daily,all subpops,Age 1,new_H,baseline,0.9751862164191334,0.6806406605105714,1.3562852967407768
2026-01-23,daily,all subpops,Age 1,new_H,baseline,0.9215110246983469,0.6348059723297631,1.2862446781795824
2026-01-24,daily,all subpops,Age 1,new_H,baseline,0.8721928172820188,0.5996261600903755,1.2272250084191876
2026-01-25,daily,all subpops,Age 1,new_H,baseline,0.8163866625599121,0.5585107638784583,1.1567306164899573
2026-01-26,daily,all subpops,Age 1,new_H,baseline,0.7567332068222158,0.516671351617102,1.0821067756137528
2026-01-27,daily,all subpops,Age 1,new_H,baseline,0.7047671933965131,0.4818632102607365,1.029837293616138
2026-01-28,daily,all subpops,Age 1,new_H,baseline,0.6677211244064517,0.45319119677616715,0.9908990797063674
2026-01-29,daily,all subpops,Age 1,new_H,baseline,0.6379100646736039,0.4315276552702901,0.9457876510597497
2026-01-30,daily,all subpops,Age 1,new_H,baseline,0.6105602394709028,0.41925784918964415,0.8975574140422979
2026-01-31,daily,all subpops,Age 1,new_H,baseline,0.5831385135316427,0.39794354208279753,0.8472157340182835
2026-02-01,daily,all subpops,Age 1,new_H,baseline,0.5459339683568968,0.3725720700371003,0.7892908157840917
2026-02-02,daily,all subpops,Age 1,new_H,baseline,0.5074680445075763,0.3461331590549378,0.7365022338783981
2026-02-03,daily,all subpops,Age 1,new_H,baseline,0.47374970009839534,0.3239732090237714,0.6895507177960969
2026-02-04,daily,all subpops,Age 1,new_H,baseline,0.4483444514592184,0.30421068078484576,0.6504808416359702
2026-02-05,daily,all subpops,Age 1,new_H,baseline,0.4271456638718413,0.28810877188649897,0.6232312474029497
2026-02-06,daily,all subpops,Age 1,new_H,baseline,0.41044896604249625,0.27430007930643846,0.6053982446867588
2026-02-07,daily,all subpops,Age 1,new_H,baseline,0.39460453003501,0.26022786037983553,0.5908913224569574
2026-02-08,daily,all subpops,Age 1,new_H,baseline,0.37238845221619205,0.24651215916288285,0.5644763672633751
2026-02-09,daily,all subpops,Age 1,new_H,baseline,0.3506217048165339,0.2332056961949528,0.5353227178536485
2026-02-10,daily,all subpops,Age 1,new_H,baseline,0.3379470811562613,0.22574372563012363,0.5115234114650704
2026-02-11,daily,all subpops,Age 1,new_H,baseline,0.3278533913135208,0.21931882217521462,0.4930538315683435
2026-02-12,daily,all subpops,Age 1,new_H,baseline,0.3200131779780515,0.21137752478493396,0.48013475270286154
2026-02-13,daily,all subpops,Age 1,new_H,baseline,0.31605024492901374,0.20821320960731185,0.4717600905503722
2026-02-14,daily,all subpops,Age 1,new_H,baseline,0.3108411679707321,0.20351919008010347,0.4692195083664625
2026-02-15,daily,all subpops,Age 1,new_H,baseline,0.30262608387697476,0.19706270110354315,0.4541570206241119
2026-02-16,daily,all subpops,Age 1,new_H,baseline,0.28979358107827563,0.18987725890027707,0.4411944341072848
2026-02-17,daily,all subpops,Age 1,new_H,baseline,0.2763070685896995,0.18162823045009693,0.41905610678606936
2026-02-18,daily,all subpops,Age 1,new_H,baseline,0.2617024415111731,0.16978494510801845,0.39736704102647086
2026-02-19,daily,all subpops,Age 1,new_H,baseline,0.2482546896689664,0.15760993063595677,0.3723351069029603
2026-02-20,daily,all subpops,Age 1,new_H,baseline,0.23601062625723881,0.14783916708945338,0.35134609294278824
2026-02-21,daily,all subpops,Age 1,new_H,baseline,0.22412002453262228,0.1393573742214667,0.33422547394999486
2026-02-22,daily,all subpops,Age 1,new_H,baseline,0.21268630122537482,0.13103633478713184,0.31657845720974814
2026-02-23,daily,all subpops,Age 1,new_H,baseline,0.2040754990419792,0.1245198874944128,0.3024266280025374
2026-02-24,daily,all subpops,Age 1,new_H,baseline,0.19958343619124458,0.12134034559338946,0.29382469970376873
2026-02-25,daily,all subpops,Age 1,new_H,baseline,0.19855508861879426,0.12035353588656732,0.2898907329706568
2026-02-26,daily,all subpops,Age 1,new_H,baseline,0.1999585196624048,0.1208810787029097,0.2898630452475161
2026-02-27,daily,all subpops,Age 1,new_H,baseline,0.20119267804263977,0.12254157231087102,0.291699794307819
2026-02-28,daily,all subpops,Age 1,new_H,baseline,0.2017474787383479,0.12278835433588164,0.2946746945917902
2026-03-01,daily,all subpops,Age 1,new_H,baseline,0.19921606435051045,0.12104552792339156,0.2927463713664707
2026-03-02,daily,all subpops,Age 1,new_H,baseline,0.19379785410376837,0.1185338161971975,0.2867169589390112
2026-03-03,daily,all subpops,Age 1,new_H,baseline,0.19265485488001027,0.11854889558295491,0.28456952543878433
2026-03-04,daily,all subpops,Age 1,new_H,baseline,0.19281172729703744,0.11870774278410541,0.2856268071811571
2026-03-05,daily,all subpops,Age 1,new_H,baseline,0.19170685855575365,0.11882430770133597,0.288501025216845
2026-03-06,daily,all subpops,Age 1,new_H,baseline,0.19164309080267833,0.11851618350307415,0.2932956780384599
2026-03-07,daily,all subpops,Age 1,new_H,baseline,0.19314910773886013,0.11708098987066225,0.2987682931796219
2026-03-08,daily,all subpops,Age 1,new_H,baseline,0.1882480140022553,0.11302238659093547,0.29562893433349285
2026-03-09,daily,all subpops,Age 1,new_H,baseline,0.181145433121156,0.10792024353656925,0.28796482489930786
2026-03-10,daily,all subpops,Age 1,new_H,baseline,0.1754502046858733,0.10546253891363737,0.28165964709361535
2026-03-11,daily,all subpops,Age 1,new_H,baseline,0.1714204271377641,0.103165487697483,0.2776782991482049
2026-03-12,daily,all subpops,Age 1,new_H,baseline,0.1685011095247874,0.10019718298649105,0.27345133215680817
2026-03-13,daily,all subpops,Age 1,new_H,baseline,0.1663480512361641,0.09853695438600824,0.27186654267442584
2026-03-14,daily,all subpops,Age 1,new_H,baseline,0.1643494052593364,0.09719968664039061,0.27032393743147504
2026-03-15,daily,all subpops,Age 1,new_H,baseline,0.159741256564843,0.09446883749047777,0.2633450009081206
2026-03-16,daily,all subpops,Age 1,new_H,baseline,0.15324741724310845,0.09133867456693893,0.25170394201980884
2026-03-17,daily,all subpops,Age 1,new_H,baseline,0.14833010169887917,0.08844207595701056,0.24023314211644312
2026-03-18,daily,all subpops,Age 1,new_H,baseline,0.14564320770169056,0.08657642924918878,0.2388104101734079
2026-03-19,daily,all subpops,Age 1,new_H,baseline,0.1457730701752932,0.08551469920311286,0.238759304598277
2026-03-20,daily,all subpops,Age 1,new_H,baseline,0.1467115751209666,0.08551612796095062,0.2397458137703577
2026-03-21,daily,all subpops,Age 1,new_H,baseline,0.14613164512707363,0.08383426028070354,0.23979046932843612
2026-03-22,daily,all subpops,Age 1,new_H,baseline,0.1423344900375506,0.08187361298925291,0.23634801389906743
2026-03-23,daily,all subpops,Age 1,new_H,baseline,0.13698383825833346,0.07830796433014535,0.22785788175801172
2026-03-24,daily,all subpops,Age 1,new_H,baseline,0.1338546138129361,0.0762674088472625,0.22182528644473065
2026-03-25,daily,all subpops,Age 1,new_H,baseline,0.13297778485424616,0.07529517776509782,0.2186002347047391
2026-03-26,daily,all subpops,Age 1,new_H,baseline,0.1324656704060145,0.07489615536556048,0.21702324884563562
2026-03-27,daily,all subpops,Age 1,new_H,baseline,0.1319433043645515,0.07483311850519041,0.21649460923196817
2026-03-28,daily,all subpops,Age 1,new_H,baseline,0.13215854171865615,0.07501888311592327,0.2161923213329911
2026-03-29,daily,all subpops,Age 1,new_H,baseline,0.13063007906945992,0.07414349773290554,0.2139725438207427
2026-03-30,daily,all subpops,Age 1,new_H,baseline,0.12861257352700795,0.07319359620287368,0.20793214944665395
2026-03-31,daily,all subpops,Age 1,new_H,baseline,0.12621225073274914,0.07137710645405317,0.20333710602315544
2026-04-01,daily,all subpops,Age 1,new_H,baseline,0.12419421920648535,0.07073552048090105,0.19775464770652168
2026-04-02,daily,all subpops,Age 1,new_H,baseline,0.12140784335568391,0.06808216250342765,0.1958780157121509
2026-04-03,daily,all subpops,Age 1,new_H,baseline,0.1206075911278572,0.068323822865576,0.19235865532238644
2026-04-04,daily,all subpops,Age 1,new_H,baseline,0.11867008785885634,0.06748739008141513,0.18827175206364952
2026-04-05,daily,all subpops,Age 1,new_H,baseline,0.11440928875828972,0.06592313414630943,0.18203775042134568
2026-04-06,daily,all subpops,Age 1,new_H,baseline,0.10854423312206508,0.06310294463383634,0.17316957247332135
2026-04-07,daily,all subpops,Age 1,new_H,baseline,0.10506313247078339,0.06124567881700768,0.16963006367635028
2026-04-08,daily,all subpops,Age 1,new_H,baseline,0.10411220279781541,0.06072430985709,0.1670563956649471
2026-04-09,daily,all subpops,Age 1,new_H,baseline,0.10389342643900659,0.06037643510445637,0.16901701128760543
2026-04-10,daily,all subpops,Age 1,new_H,baseline,0.10372073877497394,0.0605710121316246,0.16922789839016134
2026-04-11,daily,all subpops,Age 1,new_H,baseline,0.10277613747350786,0.05996501320992414,0.17023722949215528
2026-04-12,daily,all subpops,Age 1,new_H,baseline,0.09934871010701941,0.057341122755804164,0.165545651923555
2026-04-13,daily,all subpops,Age 1,new_H,baseline,0.09521375041199359,0.05411190558474508,0.15916313345439065
2026-04-14,daily,all subpops,Age 1,new_H,baseline,0.09170448267203442,0.050786902355156184,0.15243246789083326
2026-04-15,daily,all subpops,Age 1,new_H,baseline,0.08674457213484044,0.047703274769856044,0.1480404360534211
2026-04-16,daily,all subpops,Age 1,new_H,baseline,0.08371955003338422,0.04513706554765705,0.1446903005380492
2026-04-17,daily,all subpops,Age 1,new_H,baseline,0.08061397184839413,0.04305380485927172,0.1403098850032857
2026-04-18,daily,all subpops,Age 1,new_H,baseline,0.0778121541370668,0.04010860118344534,0.13827751040458713
2026-04-19,daily,all subpops,Age 1,new_H,baseline,0.07377038364653488,0.03698598758833739,0.13320918627828573
2026-04-20,daily,all subpops,Age 1,new_H,baseline,0.0688086832382834,0.033766748869552964,0.12936046071413798
2026-04-21,daily,all subpops,Age 1,new_H,baseline,0.06456179176622792,0.030671670002883657,0.12341352796102323
2026-04-22,daily,all subpops,Age 1,new_H,baseline,0.06040086694638895,0.02788451268705979,0.1182635715949214
2026-04-23,daily,all subpops,Age 1,new_H,baseline,0.05671302247519342,0.025345982168445056,0.11355791649432467
2026-04-24,daily,all subpops,Age 1,new_H,baseline,0.0525964999325857,0.02324995791688394,0.10875507003909492
2026-04-25,daily,all subpops,Age 1,new_H,baseline,0.04886820595125944,0.021028092352606817,0.10364943281207947
2026-04-26,daily,all subpops,Age 1,new_H,baseline,0.045942028781874616,0.019094019213621166,0.0994632311187612
2026-04-27,daily,all subpops,Age 1,new_H,baseline,0.04338024043131979,0.01733302465153469,0.09673185098880098
2026-04-28,daily,all subpops,Age 1,new_H,baseline,0.04140665355259461,0.016053496015192334,0.09468064977180955
2026-04-29,daily,all subpops,Age 1,new_H,baseline,0.040124036295961445,0.01500176795879382,0.09388567691575642
2026-04-30,daily,all subpops,Age 1,new_H,baseline,0.038987918628777735,0.014212185495325911,0.09420963494310541
2026-05-01,daily,all subpops,Age 1,new_H,baseline,0.03770552199781114,0.013592528206080578,0.09309460546064087
2026-05-02,daily,all subpops,Age 1,new_H,baseline,0.036995303537591784,0.012560744194936956,0.09418399744467201
2026-05-03,daily,all subpops,Age 1,new_H,baseline,0.03603402818017379,0.011515763548830358,0.09333277941692747
2026-05-04,daily,all subpops,Age 1,new_H,baseline,0.03450908645723872,0.01049178921341276,0.0923306406584927
2026-05-05,daily,all subpops,Age 1,new_H,baseline,0.03312547511386548,0.00959061700397131,0.09223293185917619
2026-05-06,daily,all subpops,Age 1,new_H,baseline,0.031984980025879545,0.008937343743556203,0.09187682489782287
2026-05-07,daily,all subpops,Age 1,new_H,baseline,0.03092595099265605,0.008136959767312166,0.0946479296654142
2026-05-08,daily,all subpops,Age 1,new_H,baseline,0.029961445797103282,0.00730339625377365,0.09613776843950068
2025-09-01,daily,all subpops,Age 2,new_H,baseline,0.010488009384702861,0.003313654334538692,0.023685943025330457
2025-09-02,daily,all subpops,Age 2,new_H,baseline,0.0254559181914581,0.0080463714055401,0.05753666421967357
2025-09-03,daily,all subpops,Age 2,new_H,baseline,0.03306020706334569,0.010508441507403623,0.07528529009226605
2025-09-04,daily,all subpops,Age 2,new_H,baseline,0.0386783825292584,0.012320602836390894,0.08788279489585807
2025-09-05,daily,all subpops,Age 2,new_H,baseline,0.043432157978218984,0.014028060261586517,0.09736119770241802
2025-09-06,daily,all subpops,Age 2,new_H,baseline,0.04708526084783131,0.015431151742425691,0.10416581977028407
2025-09-07,daily,all subpops,Age 2,new_H,baseline,0.04720781149608983,0.015580802526248818,0.10351440376745434
2025-09-08,daily,all subpops,Age 2,new_H,baseline,0.04548738375930733,0.015181727380368241,0.09842849160701785
2025-09-09,daily,all subpops,Age 2,new_H,baseline,0.0463212169803157,0.01587652554225581,0.09956523632879176
2025-09-10,daily,all subpops,Age 2,new_H,baseline,0.04946999625498652,0.017412400673592704,0.10420003454991467
2025-09-11,daily,all subpops,Age 2,new_H,baseline,0.05341316974496397,0.019422406978489126,0.1092582155629173
2025-09-12,daily,all subpops,Age 2,new_H,baseline,0.05749740697947712,0.02184329747801768,0.11569034435691124
2025-09-13,daily,all subpops,Age 2,new_H,baseline,0.0613514787948305,0.023705545855416735,0.12116036273833393
2025-09-14,daily,all subpops,Age 2,new_H,baseline,0.060384641978973794,0.023891434743307852,0.11872775525043665
2025-09-15,daily,all subpops,Age 2,new_H,baseline,0.0571758103516018,0.02263301585733189,0.11267818495767662
2025-09-16,daily,all subpops,Age 2,new_H,baseline,0.05702947930140166,0.023223720823030036,0.11173490464263826
2025-09-17,daily,all subpops,Age 2,new_H,baseline,0.05824386885683684,0.024552554172540354,0.11579475304807864
2025-09-18,daily,all subpops,Age 2,new_H,baseline,0.06118924881293129,0.02688237829157432,0.11950263875741148
2025-09-19,daily,all subpops,Age 2,new_H,baseline,0.06450456674299997,0.02863263639985145,0.1253943731483211
2025-09-20,daily,all subpops,Age 2,new_H,baseline,0.06704159390011337,0.02941064404321614,0.13117602793942598
2025-09-21,daily,all subpops,Age 2,new_H,baseline,0.06484351726952671,0.028965756584844203,0.1278353500540111
2025-09-22,daily,all subpops,Age 2,new_H,baseline,0.06031835703947741,0.027685323854150776,0.11947870702966042
2025-09-23,daily,all subpops,Age 2,new_H,baseline,0.058879133868566295,0.027372586569033824,0.11580257188888748
2025-09-24,daily,all subpops,Age 2,new_H,baseline,0.05958710259859833,0.027551588039031214,0.11572556865528298
2025-09-25,daily,all subpops,Age 2,new_H,baseline,0.06134243123216629,0.028129213405957993,0.11637860080928948
2025-09-26,daily,all subpops,Age 2,new_H,baseline,0.06251648404192856,0.028283491235854514,0.11786848511963229
2025-09-27,daily,all subpops,Age 2,new_H,baseline,0.06337308527850935,0.02839738641908366,0.11812846121080382
2025-09-28,daily,all subpops,Age 2,new_H,baseline,0.05943119625666302,0.02629833261714006,0.11146877299501426
2025-09-29,daily,all subpops,Age 2,new_H,baseline,0.05404237543084343,0.023897086524418475,0.10145277689737031
2025-09-30,daily,all subpops,Age 2,new_H,baseline,0.05150857153322981,0.022676881592527343,0.0963317292315202
2025-10-01,daily,all subpops,Age 2,new_H,baseline,0.05115117179154055,0.022437962442657822,0.09596852488899861
2025-10-02,daily,all subpops,Age 2,new_H,baseline,0.052184233456311624,0.02234787379558666,0.09997953896871936
2025-10-03,daily,all subpops,Age 2,new_H,baseline,0.05404344873892466,0.02310958871002658,0.10492433366085972
2025-10-04,daily,all subpops,Age 2,new_H,baseline,0.0559373809297243,0.023935298420910495,0.11032592724034719
2025-10-05,daily,all subpops,Age 2,new_H,baseline,0.053952966277652975,0.022825937020812436,0.1081333628166418
2025-10-06,daily,all subpops,Age 2,new_H,baseline,0.0498737503825262,0.02117834511117945,0.1009520558333595
2025-10-07,daily,all subpops,Age 2,new_H,baseline,0.04847839514993701,0.020837940794119804,0.09759400752671199
2025-10-08,daily,all subpops,Age 2,new_H,baseline,0.048338875411041295,0.021121389640020343,0.09816938952874617
2025-10-09,daily,all subpops,Age 2,new_H,baseline,0.05029459291758665,0.021857699611014338,0.10108986909417546
2025-10-10,daily,all subpops,Age 2,new_H,baseline,0.05317319465193,0.022614274644291943,0.10812543384695926
2025-10-11,daily,all subpops,Age 2,new_H,baseline,0.05670117875032225,0.0249205964437985,0.11634036093144208
2025-10-12,daily,all subpops,Age 2,new_H,baseline,0.05634282298174159,0.024756374757964515,0.11487232747413395
2025-10-13,daily,all subpops,Age 2,new_H,baseline,0.05271966055746779,0.023173795027573704,0.10653725395977723
2025-10-14,daily,all subpops,Age 2,new_H,baseline,0.04878791315523655,0.02135956217008313,0.09840633680127679
2025-10-15,daily,all subpops,Age 2,new_H,baseline,0.04842917030486557,0.021700472855535554,0.09621119875398189
2025-10-16,daily,all subpops,Age 2,new_H,baseline,0.051690436638384185,0.022834523289732955,0.10208608246518372
2025-10-17,daily,all subpops,Age 2,new_H,baseline,0.05674845178892498,0.0257577866154706,0.11169498883891464
2025-10-18,daily,all subpops,Age 2,new_H,baseline,0.06225167315529069,0.028606471015312225,0.12142294942548716
2025-10-19,daily,all subpops,Age 2,new_H,baseline,0.06280378577527254,0.02935662664920975,0.12365008570746976
2025-10-20,daily,all subpops,Age 2,new_H,baseline,0.060941571640752513,0.02848121295983248,0.12029817258106958
2025-10-21,daily,all subpops,Age 2,new_H,baseline,0.062346066093660474,0.029129460977566475,0.12268116268182198
2025-10-22,daily,all subpops,Age 2,new_H,baseline,0.06665036162908736,0.0316655200908041,0.13083918095415203
2025-10-23,daily,all subpops,Age 2,new_H,baseline,0.07286995505578056,0.035174655924388676,0.14313073419018102
2025-10-24,daily,all subpops,Age 2,new_H,baseline,0.08184849145253091,0.040750181745183654,0.15784985144373886
2025-10-25,daily,all subpops,Age 2,new_H,baseline,0.09062188001821489,0.04538972593849526,0.17429672148627517
2025-10-26,daily,all subpops,Age 2,new_H,baseline,0.09226931894919033,0.04641097188142375,0.17495347888305454
2025-10-27,daily,all subpops,Age 2,new_H,baseline,0.09006372808949271,0.04626526120403892,0.17000369669179147
2025-10-28,daily,all subpops,Age 2,new_H,baseline,0.09523222395104883,0.04825053588044215,0.1781227096598461
2025-10-29,daily,all subpops,Age 2,new_H,baseline,0.10580128054509289,0.05315758202856344,0.19254931154440033
2025-10-30,daily,all subpops,Age 2,new_H,baseline,0.11846378580840196,0.061456100695192056,0.2150613151198028
2025-10-31,daily,all subpops,Age 2,new_H,baseline,0.1320508683942258,0.06907198038959103,0.24048469651704618
2025-11-01,daily,all subpops,Age 2,new_H,baseline,0.14368216704743755,0.07522161324957213,0.26297178061041593
2025-11-02,daily,all subpops,Age 2,new_H,baseline,0.14461524134614398,0.0753774658835698,0.2630035948888696
2025-11-03,daily,all subpops,Age 2,new_H,baseline,0.14086434617587762,0.07330329158383336,0.2547716864365708
2025-11-04,daily,all subpops,Age 2,new_H,baseline,0.14551242099960637,0.07680936995316419,0.2628076386689306
2025-11-05,daily,all subpops,Age 2,new_H,baseline,0.16029745579451773,0.085005261746038,0.28606255378427
2025-11-06,daily,all subpops,Age 2,new_H,baseline,0.1780749921873258,0.0957623127999568,0.31227015587948515
2025-11-07,daily,all subpops,Age 2,new_H,baseline,0.19966294667850976,0.10831881428263328,0.3422612970793531
2025-11-08,daily,all subpops,Age 2,new_H,baseline,0.21921485594322462,0.12026498869649428,0.37532297333579606
2025-11-09,daily,all subpops,Age 2,new_H,baseline,0.2201689480258295,0.1193139155427121,0.3763546565254425
2025-11-10,daily,all subpops,Age 2,new_H,baseline,0.2109229130951879,0.1155929315691239,0.35926637152640273
2025-11-11,daily,all subpops,Age 2,new_H,baseline,0.20876936024992174,0.1176907031104376,0.353336807786468
2025-11-12,daily,all subpops,Age 2,new_H,baseline,0.20500641001352496,0.11866354298913867,0.34587278821894407
2025-11-13,daily,all subpops,Age 2,new_H,baseline,0.21435108341556267,0.12505432718212772,0.36197853186308465
2025-11-14,daily,all subpops,Age 2,new_H,baseline,0.2354301218489628,0.13675495715916433,0.39760999827987786
2025-11-15,daily,all subpops,Age 2,new_H,baseline,0.26017809859714236,0.1484586388312931,0.43426216913618604
2025-11-16,daily,all subpops,Age 2,new_H,baseline,0.2653349502185771,0.15036421827313903,0.44031406916481647
2025-11-17,daily,all subpops,Age 2,new_H,baseline,0.26006352827355356,0.14828687864094214,0.42985421037934873
2025-11-18,daily,all subpops,Age 2,new_H,baseline,0.27534085404965875,0.15642253098137732,0.4485691438928364
2025-11-19,daily,all subpops,Age 2,new_H,baseline,0.3074589470952257,0.1759618775591051,0.49296290059668646
2025-11-20,daily,all subpops,Age 2,new_H,baseline,0.3476850992871785,0.20420780060133664,0.5497202272860816
2025-11-21,daily,all subpops,Age 2,new_H,baseline,0.3944812633355639,0.23563624767442917,0.6213343403503527
2025-11-22,daily,all subpops,Age 2,new_H,baseline,0.43680410646247225,0.2651194081871004,0.6858013099231497
2025-11-23,daily,all subpops,Age 2,new_H,baseline,0.4454640664263701,0.2744595620340337,0.6907926864466742
2025-11-24,daily,all subpops,Age 2,new_H,baseline,0.4355095415896626,0.27106888018026176,0.6684732380573729
2025-11-25,daily,all subpops,Age 2,new_H,baseline,0.4561742858621535,0.2885472234350875,0.6960919541660558
2025-11-26,daily,all subpops,Age 2,new_H,baseline,0.5022978549597431,0.3169794450742406,0.7568217719685891
2025-11-27,daily,all subpops,Age 2,new_H,baseline,0.5418526901814864,0.3470527460510507,0.8155169017975745
2025-11-28,daily,all subpops,Age 2,new_H,baseline,0.5513624722760748,0.35018066153721467,0.8259242507479988
2025-11-29,daily,all subpops,Age 2,new_H,baseline,0.5318382447184986,0.3396220207970421,0.7985752803536571
2025-11-30,daily,all subpops,Age 2,new_H,baseline,0.5078717556944428,0.32528313585358903,0.7626247468359024
2025-12-01,daily,all subpops,Age 2,new_H,baseline,0.4900218837815603,0.31513606162724944,0.7358929366002805
2025-12-02,daily,all subpops,Age 2,new_H,baseline,0.5232454090740568,0.337396073255954,0.7855484294412712
2025-12-03,daily,all subpops,Age 2,new_H,baseline,0.590272529368929,0.3829628894023585,0.8835356942012673
2025-12-04,daily,all subpops,Age 2,new_H,baseline,0.683953849419989,0.4464140059788559,1.013690754137027
2025-12-05,daily,all subpops,Age 2,new_H,baseline,0.8002130900822935,0.5257394305075264,1.172195582145015
2025-12-06,daily,all subpops,Age 2,new_H,baseline,0.9329882839393914,0.6163978094501651,1.3557174626698045
2025-12-07,daily,all subpops,Age 2,new_H,baseline,0.983896335615666,0.6581102804756538,1.4180738705438047
2025-12-08,daily,all subpops,Age 2,new_H,baseline,0.9928487490288582,0.6706129265818198,1.4298449140049947
2025-12-09,daily,all subpops,Age 2,new_H,baseline,1.0933824651466384,0.7445243639995036,1.5624390072010241
2025-12-10,daily,all subpops,Age 2,new_H,baseline,1.2718309998896586,0.8661705798276605,1.8018093488741809
2025-12-11,daily,all subpops,Age 2,new_H,baseline,1.4698909565926148,1.0152708620631166,2.1023905964161798
2025-12-12,daily,all subpops,Age 2,new_H,baseline,1.7264792770855406,1.1961518857727576,2.491795162168381
2025-12-13,daily,all subpops,Age 2,new_H,baseline,1.9980450353546355,1.3864502588088679,2.846067659534079
2025-12-14,daily,all subpops,Age 2,new_H,baseline,2.096281924466132,1.4618903169552895,2.9904517604427077
2025-12-15,daily,all subpops,Age 2,new_H,baseline,2.1163436440337593,1.4795457016056428,3.0127474327741655
2025-12-16,daily,all subpops,Age 2,new_H,baseline,2.3187491551210324,1.6240791896222353,3.2891657679330266
2025-12-17,daily,all subpops,Age 2,new_H,baseline,2.6701973142375146,1.8743629551653784,3.79129481868206
2025-12-18,daily,all subpops,Age 2,new_H,baseline,3.0938495292798542,2.1772622124924426,4.368761685917461
2025-12-19,daily,all subpops,Age 2,new_H,baseline,3.5624331031890275,2.5244764991139914,4.960372225694214
2025-12-20,daily,all subpops,Age 2,new_H,baseline,3.999197557870132,2.8403012080981362,5.617630989195401
2025-12-21,daily,all subpops,Age 2,new_H,baseline,4.150162916439447,2.943453642845813,5.791118249637523
2025-12-22,daily,all subpops,Age 2,new_H,baseline,4.091464165122391,2.901651190564157,5.630490984909968
2025-12-23,daily,all subpops,Age 2,new_H,baseline,3.961600915423202,2.7974575050304136,5.415805964407728
2025-12-24,daily,all subpops,Age 2,new_H,baseline,3.7826664677965756,2.655401666722304,5.150567969148578
2025-12-25,daily,all subpops,Age 2,new_H,baseline,3.6329547433569807,2.5137471189156346,4.914672666319542
2025-12-26,daily,all subpops,Age 2,new_H,baseline,3.4965313969113128,2.394664537560273,4.7029620208834775
2025-12-27,daily,all subpops,Age 2,new_H,baseline,3.3832213067567105,2.3224239072196005,4.522622523452194
2025-12-28,daily,all subpops,Age 2,new_H,baseline,3.2760308950706376,2.2641786296139266,4.387211954343307
2025-12-29,daily,all subpops,Age 2,new_H,baseline,3.1463742274802673,2.1763992830501455,4.250900263564384
2025-12-30,daily,all subpops,Age 2,new_H,baseline,3.001458421775472,2.0804180090781674,4.048123079716209
2025-12-31,daily,all subpops,Age 2,new_H,baseline,2.8685758396588987,1.992796630830701,3.8604035159508068
2026-01-01,daily,all subpops,Age 2,new_H,baseline,2.7318133707359054,1.90564184452166,3.667554469490502
2026-01-02,daily,all subpops,Age 2,new_H,baseline,2.5976451015197375,1.8120498758518346,3.4721486691532606
2026-01-03,daily,all subpops,Age 2,new_H,baseline,2.4624690031549186,1.702702148491563,3.2884572607724163
2026-01-04,daily,all subpops,Age 2,new_H,baseline,2.317151683208176,1.5949680373512338,3.10490441237471
2026-01-05,daily,all subpops,Age 2,new_H,baseline,2.1900103746385935,1.50580869096333,2.9218626213680645
2026-01-06,daily,all subpops,Age 2,new_H,baseline,2.1821752110196853,1.4994146310493979,2.871844617520167
2026-01-07,daily,all subpops,Age 2,new_H,baseline,2.2150044758106207,1.5103411641957947,2.9135004546529064
2026-01-08,daily,all subpops,Age 2,new_H,baseline,2.267363786910587,1.5424535748350643,2.9982969981401997
2026-01-09,daily,all subpops,Age 2,new_H,baseline,2.3090559073194186,1.5626411207687905,3.075848938149048
2026-01-10,daily,all subpops,Age 2,new_H,baseline,2.3188385734279153,1.5563923005390476,3.110307547043554
2026-01-11,daily,all subpops,Age 2,new_H,baseline,2.205480216342906,1.4772369370333607,2.9609445170377877
2026-01-12,daily,all subpops,Age 2,new_H,baseline,2.0277072919001826,1.355224013219168,2.718031725579766
2026-01-13,daily,all subpops,Age 2,new_H,baseline,1.932826226100799,1.2849913280166962,2.5818793865733047
2026-01-14,daily,all subpops,Age 2,new_H,baseline,1.8783645649897114,1.2534030385958734,2.5336196801274378
2026-01-15,daily,all subpops,Age 2,new_H,baseline,1.8368717712326181,1.232849190649848,2.4926650537306925
2026-01-16,daily,all subpops,Age 2,new_H,baseline,1.7962953797072045,1.2094308623677277,2.440850105168075
2026-01-17,daily,all subpops,Age 2,new_H,baseline,1.7614255264682885,1.1708472166994828,2.4014980616254316
2026-01-18,daily,all subpops,Age 2,new_H,baseline,1.6378922961754658,1.0915311733390585,2.2394193977408032
2026-01-19,daily,all subpops,Age 2,new_H,baseline,1.466401103356365,0.973562936182703,2.0061009147998243
2026-01-20,daily,all subpops,Age 2,new_H,baseline,1.3019713546522624,0.8600410793400479,1.785879565220346
2026-01-21,daily,all subpops,Age 2,new_H,baseline,1.2022584604462743,0.7990602058860821,1.6611406961101356
2026-01-22,daily,all subpops,Age 2,new_H,baseline,1.1530598788186988,0.7647643500468805,1.6166876322808392
2026-01-23,daily,all subpops,Age 2,new_H,baseline,1.1157904012635673,0.7342705735402729,1.5743971512565675
2026-01-24,daily,all subpops,Age 2,new_H,baseline,1.0836363181213216,0.7126285810678761,1.534078193798618
2026-01-25,daily,all subpops,Age 2,new_H,baseline,1.0064815449713,0.6671587299879439,1.4422547137075705
2026-01-26,daily,all subpops,Age 2,new_H,baseline,0.9081111854094858,0.6050191228102407,1.31410013495351
2026-01-27,daily,all subpops,Age 2,new_H,baseline,0.8479035934673858,0.5603634744698982,1.2295518906836382
2026-01-28,daily,all subpops,Age 2,new_H,baseline,0.8126010420314396,0.5358473033096666,1.1844513909376375
2026-01-29,daily,all subpops,Age 2,new_H,baseline,0.785023633810733,0.5204849690308534,1.1549858006616998
2026-01-30,daily,all subpops,Age 2,new_H,baseline,0.769700944817448,0.5070229543424944,1.1359491434336961
2026-01-31,daily,all subpops,Age 2,new_H,baseline,0.7526107329802392,0.49060989964433926,1.1080382259759207
2026-02-01,daily,all subpops,Age 2,new_H,baseline,0.70084596529717,0.45535954747746693,1.037511186821243
2026-02-02,daily,all subpops,Age 2,new_H,baseline,0.6335417440312281,0.4088610103370685,0.9452839737273782
2026-02-03,daily,all subpops,Age 2,new_H,baseline,0.587829470990562,0.37951004275542327,0.8784520892102602
2026-02-04,daily,all subpops,Age 2,new_H,baseline,0.5625342770332243,0.3616652873802753,0.8378001372516439
2026-02-05,daily,all subpops,Age 2,new_H,baseline,0.542215940060319,0.3511637599962511,0.8121304448952344
2026-02-06,daily,all subpops,Age 2,new_H,baseline,0.5312535587921888,0.3408259641480753,0.7884171068354662
2026-02-07,daily,all subpops,Age 2,new_H,baseline,0.5193925032270331,0.33122188533329633,0.7684242489475162
2026-02-08,daily,all subpops,Age 2,new_H,baseline,0.4851806322935815,0.3066263531918134,0.7297309398089342
2026-02-09,daily,all subpops,Age 2,new_H,baseline,0.43961081297031035,0.2767899833514822,0.6711582941958396
2026-02-10,daily,all subpops,Age 2,new_H,baseline,0.417256336771856,0.26232819427371595,0.6383758718692382
2026-02-11,daily,all subpops,Age 2,new_H,baseline,0.409337851593086,0.26030580978678436,0.625560645297782
2026-02-12,daily,all subpops,Age 2,new_H,baseline,0.40879857072948056,0.26324304056212405,0.6195474150374124
2026-02-13,daily,all subpops,Age 2,new_H,baseline,0.4119314846400871,0.26546326749649707,0.6274832755678288
2026-02-14,daily,all subpops,Age 2,new_H,baseline,0.4142659205603459,0.26703695083940016,0.6275783229763962
2026-02-15,daily,all subpops,Age 2,new_H,baseline,0.3960013665737991,0.25422815219953093,0.5984703958287247
2026-02-16,daily,all subpops,Age 2,new_H,baseline,0.3633547145065469,0.23067835250520563,0.5425530475305228
2026-02-17,daily,all subpops,Age 2,new_H,baseline,0.32683990223496695,0.20539364347685504,0.48730198508142886
2026-02-18,daily,all subpops,Age 2,new_H,baseline,0.2926021660962329,0.18163117697242603,0.43219082335689546
2026-02-19,daily,all subpops,Age 2,new_H,baseline,0.2610565787850684,0.1614272100754418,0.38645298516734666
2026-02-20,daily,all subpops,Age 2,new_H,baseline,0.23348742076359558,0.1453975429727038,0.3433748886551619
2026-02-21,daily,all subpops,Age 2,new_H,baseline,0.20967292223957767,0.13263105516237392,0.30684948397260653
2026-02-22,daily,all subpops,Age 2,new_H,baseline,0.19145674565499182,0.11975827060744,0.27996769418642997
2026-02-23,daily,all subpops,Age 2,new_H,baseline,0.17750335561644018,0.1097316573978801,0.25969811750311894
2026-02-24,daily,all subpops,Age 2,new_H,baseline,0.17675120209829442,0.1092300480128537,0.25961572307199227
2026-02-25,daily,all subpops,Age 2,new_H,baseline,0.18478661616908515,0.11415746460437315,0.2711459807115411
2026-02-26,daily,all subpops,Age 2,new_H,baseline,0.19649544355011855,0.120892461852331,0.2839007182572224
2026-02-27,daily,all subpops,Age 2,new_H,baseline,0.20969763853883283,0.12848099878462968,0.303265914574824
2026-02-28,daily,all subpops,Age 2,new_H,baseline,0.2208288978230721,0.13434918649626762,0.31943215032303846
2026-03-01,daily,all subpops,Age 2,new_H,baseline,0.2186893675808146,0.13295859213362074,0.3163464442605946
2026-03-02,daily,all subpops,Age 2,new_H,baseline,0.20936661741498053,0.12628934251297924,0.3025922194644569
2026-03-03,daily,all subpops,Age 2,new_H,baseline,0.2095914319365496,0.12793545828352348,0.3034450767592133
2026-03-04,daily,all subpops,Age 2,new_H,baseline,0.2156702130394756,0.13064590808859103,0.3118116237288576
2026-03-05,daily,all subpops,Age 2,new_H,baseline,0.22411075296524036,0.1346542813860522,0.32521811046928456
2026-03-06,daily,all subpops,Age 2,new_H,baseline,0.23195705516481097,0.13870438914698147,0.34458921363694245
2026-03-07,daily,all subpops,Age 2,new_H,baseline,0.23688987594570318,0.14058371285664753,0.354073675417812
2026-03-08,daily,all subpops,Age 2,new_H,baseline,0.22690772963183947,0.13494417585985,0.343273473396819
2026-03-09,daily,all subpops,Age 2,new_H,baseline,0.20946944022559696,0.12479603836176577,0.3222499104746637
2026-03-10,daily,all subpops,Age 2,new_H,baseline,0.2014689557040981,0.12061291907836932,0.31001641459139945
2026-03-11,daily,all subpops,Age 2,new_H,baseline,0.20101465112279535,0.11887570403608186,0.3126460834480527
2026-03-12,daily,all subpops,Age 2,new_H,baseline,0.20026800458830546,0.11897948915704595,0.31640258507968405
2026-03-13,daily,all subpops,Age 2,new_H,baseline,0.20183335779606984,0.1182686705808814,0.3207656415298941
2026-03-14,daily,all subpops,Age 2,new_H,baseline,0.2032396347080952,0.11880676958409934,0.32286402073926973
2026-03-15,daily,all subpops,Age 2,new_H,baseline,0.1950792424339148,0.11452292111417962,0.3065786799004514
2026-03-16,daily,all subpops,Age 2,new_H,baseline,0.18074694256530124,0.10621174318274369,0.28152639770303683
2026-03-17,daily,all subpops,Age 2,new_H,baseline,0.17302273353624403,0.09958590926040181,0.2699163942787341
2026-03-18,daily,all subpops,Age 2,new_H,baseline,0.17200665047837127,0.097632111088484,0.26725354599959555
2026-03-19,daily,all subpops,Age 2,new_H,baseline,0.17590541627632875,0.09794131517499004,0.2740209893984461
2026-03-20,daily,all subpops,Age 2,new_H,baseline,0.179171531005104,0.09959827143952081,0.2842766390237438
2026-03-21,daily,all subpops,Age 2,new_H,baseline,0.18165183403328036,0.09989163225485768,0.2902970578456545
2026-03-22,daily,all subpops,Age 2,new_H,baseline,0.17360675888910618,0.09512685584086765,0.279943758805072
2026-03-23,daily,all subpops,Age 2,new_H,baseline,0.1602877853201351,0.0879131410286059,0.26114273745880345
2026-03-24,daily,all subpops,Age 2,new_H,baseline,0.154311348121632,0.08517861888256674,0.2534744266391334
2026-03-25,daily,all subpops,Age 2,new_H,baseline,0.1547660846711174,0.08545643195565508,0.2557782037714055
2026-03-26,daily,all subpops,Age 2,new_H,baseline,0.15782028817958116,0.0857110875008195,0.2590965310951367
2026-03-27,daily,all subpops,Age 2,new_H,baseline,0.1603599461326157,0.08628222950407963,0.26238312829230487
2026-03-28,daily,all subpops,Age 2,new_H,baseline,0.16377622322015967,0.08688117492494242,0.26465770071905353
2026-03-29,daily,all subpops,Age 2,new_H,baseline,0.15836152837086567,0.08393095720045068,0.2518629154617727
2026-03-30,daily,all subpops,Age 2,new_H,baseline,0.14790323516278953,0.07808412089225894,0.23837092864691023
2026-03-31,daily,all subpops,Age 2,new_H,baseline,0.14266200860008135,0.07568069484153617,0.2310466794172559
2026-04-01,daily,all subpops,Age 2,new_H,baseline,0.14029032545434106,0.0762309683642566,0.22831252950490394
2026-04-02,daily,all subpops,Age 2,new_H,baseline,0.13973442315482462,0.07838964270893152,0.22932654804323635
2026-04-03,daily,all subpops,Age 2,new_H,baseline,0.14152504447910394,0.07984625022891324,0.23442873347968918
2026-04-04,daily,all subpops,Age 2,new_H,baseline,0.14251149283352388,0.07965198605718246,0.23317872887837132
2026-04-05,daily,all subpops,Age 2,new_H,baseline,0.13506554191624623,0.07425195903288956,0.2222303327117543
2026-04-06,daily,all subpops,Age 2,new_H,baseline,0.12397257844128426,0.06725593532918886,0.20707944453756322
2026-04-07,daily,all subpops,Age 2,new_H,baseline,0.11959661623318264,0.0655761708765671,0.20087667338892265
2026-04-08,daily,all subpops,Age 2,new_H,baseline,0.12001227641394144,0.06531587391903843,0.1984019673527898
2026-04-09,daily,all subpops,Age 2,new_H,baseline,0.1221809925987932,0.06607123288050834,0.2010076720486751
2026-04-10,daily,all subpops,Age 2,new_H,baseline,0.12474845080519575,0.06783205555457061,0.20776082492935508
2026-04-11,daily,all subpops,Age 2,new_H,baseline,0.12516210192332844,0.0686701809923293,0.212709865583782
2026-04-12,daily,all subpops,Age 2,new_H,baseline,0.11897407699673901,0.0654195995131316,0.20453069693750522
2026-04-13,daily,all subpops,Age 2,new_H,baseline,0.1100541269888678,0.0594230930770418,0.18801781258072056
2026-04-14,daily,all subpops,Age 2,new_H,baseline,0.1043943332182352,0.0565391356067844,0.1785520323649795
2026-04-15,daily,all subpops,Age 2,new_H,baseline,0.1003104196655837,0.05337295410545312,0.17490891766226282
2026-04-16,daily,all subpops,Age 2,new_H,baseline,0.09797009924676386,0.05049973641835471,0.1749059576604821
2026-04-17,daily,all subpops,Age 2,new_H,baseline,0.09622127710672737,0.04872419454355268,0.17441932065727342
2026-04-18,daily,all subpops,Age 2,new_H,baseline,0.09415659998448857,0.04597566354320243,0.1711153788438643
2026-04-19,daily,all subpops,Age 2,new_H,baseline,0.08762129383520835,0.042121841914535156,0.16078737409576793
2026-04-20,daily,all subpops,Age 2,new_H,baseline,0.07833425592943008,0.03819268015346113,0.14472157748648423
2026-04-21,daily,all subpops,Age 2,new_H,baseline,0.06988997211784909,0.033535820875899056,0.13019097341111724
2026-04-22,daily,all subpops,Age 2,new_H,baseline,0.06230730238638638,0.029430517342802963,0.11744188196238954
2026-04-23,daily,all subpops,Age 2,new_H,baseline,0.05524384757226772,0.02604823301017431,0.10622637473702817
2026-04-24,daily,all subpops,Age 2,new_H,baseline,0.04904715735857913,0.022886579778239772,0.0939514631430234
2026-04-25,daily,all subpops,Age 2,new_H,baseline,0.04396359765414902,0.020061614118089034,0.08434619755461503
2026-04-26,daily,all subpops,Age 2,new_H,baseline,0.039641976845302705,0.01772004654613148,0.07783290511244575
2026-04-27,daily,all subpops,Age 2,new_H,baseline,0.03619771398917642,0.016011334793134487,0.07324452528970064
2026-04-28,daily,all subpops,Age 2,new_H,baseline,0.0349675542268812,0.015274741644539359,0.07374616579383894
2026-04-29,daily,all subpops,Age 2,new_H,baseline,0.03539742677510754,0.014800801685020973,0.07709353094057905
2026-04-30,daily,all subpops,Age 2,new_H,baseline,0.03610850189814327,0.014511318038446545,0.08272709363521788
2026-05-01,daily,all subpops,Age 2,new_H,baseline,0.037111660102375106,0.01417581269959177,0.08817507512654094
2026-05-02,daily,all subpops,Age 2,new_H,baseline,0.0378400695831994,0.013763759052251709,0.09087472347824621
2026-05-03,daily,all subpops,Age 2,new_H,baseline,0.03643269542713177,0.012813186165452323,0.09000892456533452
2026-05-04,daily,all subpops,Age 2,new_H,baseline,0.033770237109198076,0.011695032304343595,0.08660230081453749
2026-05-05,daily,all subpops,Age 2,new_H,baseline,0.03299643792899471,0.010779617612396373,0.08647446079794417
2026-05-06,daily,all subpops,Age 2,new_H,baseline,0.032997322832207715,0.009973618145583642,0.08879837870752513
2026-05-07,daily,all subpops,Age 2,new_H,baseline,0.03282021295270126,0.009149991742540293,0.09254989714296095
2026-05-08,daily,all subpops,Age 2,new_H,baseline,0.0331425161716676,0.008461535938968121,0.09849670446885683
2025-09-01,daily,all subpops,Age 3,new_H,baseline,0.005341494745240336,0.0018062870877842512,0.012602079157592446
2025-09-02,daily,all subpops,Age 3,new_H,baseline,0.013009073004870485,0.0044001323091292024,0.030550832717642612
2025-09-03,daily,all subpops,Age 3,new_H,baseline,0.016941595757201822,0.0058349322666926984,0.03976266628119546
2025-09-04,daily,all subpops,Age 3,new_H,baseline,0.019809259524977668,0.006911899152683967,0.046500010889648925
2025-09-05,daily,all subpops,Age 3,new_H,baseline,0.02218615525381183,0.007911575053496718,0.052029929707107035
2025-09-06,daily,all subpops,Age 3,new_H,baseline,0.023946279163143513,0.008690664868043275,0.05657572159481967
2025-09-07,daily,all subpops,Age 3,new_H,baseline,0.023950006012393978,0.008807377692359376,0.05647475048163141
2025-09-08,daily,all subpops,Age 3,new_H,baseline,0.02301388342064795,0.00857041412342641,0.05408076338533166
2025-09-09,daily,all subpops,Age 3,new_H,baseline,0.023386664306174195,0.00889311036366622,0.05512086667149768
2025-09-10,daily,all subpops,Age 3,new_H,baseline,0.02499320517405943,0.009621935474876747,0.056372501124003827
2025-09-11,daily,all subpops,Age 3,new_H,baseline,0.026860137819539928,0.010580719799998568,0.057758973330757205
2025-09-12,daily,all subpops,Age 3,new_H,baseline,0.028658621923735417,0.011857277668385563,0.0606515359333556
2025-09-13,daily,all subpops,Age 3,new_H,baseline,0.030765565075812185,0.012942746491222379,0.06399190984544983
2025-09-14,daily,all subpops,Age 3,new_H,baseline,0.030252385401042005,0.013126989161934522,0.06257165043912483
2025-09-15,daily,all subpops,Age 3,new_H,baseline,0.028590375010835632,0.012375388901189825,0.058878359121744994
2025-09-16,daily,all subpops,Age 3,new_H,baseline,0.028310446740230637,0.012518338961564629,0.05800676558405651
2025-09-17,daily,all subpops,Age 3,new_H,baseline,0.02908651865993711,0.01307570627333828,0.0598939209854945
2025-09-18,daily,all subpops,Age 3,new_H,baseline,0.03087938347006596,0.01433098218886071,0.0623825954606513
2025-09-19,daily,all subpops,Age 3,new_H,baseline,0.03264170295591436,0.015393045009828668,0.06492386563818094
2025-09-20,daily,all subpops,Age 3,new_H,baseline,0.03413872970275491,0.01598312134089833,0.06749829655729789
2025-09-21,daily,all subpops,Age 3,new_H,baseline,0.03314588700394776,0.015508038924278598,0.06593002015282197
2025-09-22,daily,all subpops,Age 3,new_H,baseline,0.03090540815434056,0.014696528790726861,0.06170539956309188
2025-09-23,daily,all subpops,Age 3,new_H,baseline,0.030116445378415537,0.014238561695367644,0.05958394739187534
2025-09-24,daily,all subpops,Age 3,new_H,baseline,0.03038435678346121,0.014157794088691979,0.06049660067311501
2025-09-25,daily,all subpops,Age 3,new_H,baseline,0.030844419821596882,0.014659653871256029,0.06272067955805873
2025-09-26,daily,all subpops,Age 3,new_H,baseline,0.03175491684259567,0.01454935586200405,0.06402800572786609
2025-09-27,daily,all subpops,Age 3,new_H,baseline,0.032172705005090216,0.01431368272747715,0.06439817893724933
2025-09-28,daily,all subpops,Age 3,new_H,baseline,0.030272767996749963,0.013507748785640929,0.06072155776633485
2025-09-29,daily,all subpops,Age 3,new_H,baseline,0.027429941629176557,0.012211305021222228,0.05539170527793881
2025-09-30,daily,all subpops,Age 3,new_H,baseline,0.02613861789737683,0.011564053041812933,0.05282365117253184
2025-10-01,daily,all subpops,Age 3,new_H,baseline,0.02604600989512077,0.011244144294801344,0.052455300817201005
2025-10-02,daily,all subpops,Age 3,new_H,baseline,0.02631708210040098,0.011315868972768997,0.05355104289185525
2025-10-03,daily,all subpops,Age 3,new_H,baseline,0.027178379748486935,0.01176759289585719,0.05572117208699095
2025-10-04,daily,all subpops,Age 3,new_H,baseline,0.028030996824227872,0.011845780271782078,0.05884369274764049
2025-10-05,daily,all subpops,Age 3,new_H,baseline,0.026853469083848624,0.011215108416750082,0.05707545725977405
2025-10-06,daily,all subpops,Age 3,new_H,baseline,0.024775557596594028,0.01025990310477855,0.052893227674359854
2025-10-07,daily,all subpops,Age 3,new_H,baseline,0.02410785750164399,0.009895288169048373,0.05113292220949807
2025-10-08,daily,all subpops,Age 3,new_H,baseline,0.024631189413001527,0.010032376597386986,0.052347971741648555
2025-10-09,daily,all subpops,Age 3,new_H,baseline,0.025901365156383388,0.010537076963669859,0.05458572333619868
2025-10-10,daily,all subpops,Age 3,new_H,baseline,0.028045159380863292,0.011499107940216791,0.05902264600518307
2025-10-11,daily,all subpops,Age 3,new_H,baseline,0.029976396468014553,0.012204548328946468,0.06401861157980696
2025-10-12,daily,all subpops,Age 3,new_H,baseline,0.02967206662951372,0.011842348447105243,0.06340735751833876
2025-10-13,daily,all subpops,Age 3,new_H,baseline,0.027510824293142937,0.010898950670519901,0.05771400899720617
2025-10-14,daily,all subpops,Age 3,new_H,baseline,0.025478253127602327,0.01009139912514403,0.05272844372724891
2025-10-15,daily,all subpops,Age 3,new_H,baseline,0.025236712721837567,0.010148016149325643,0.05297862115636924
2025-10-16,daily,all subpops,Age 3,new_H,baseline,0.02668964261435367,0.010732575269232129,0.056329060936085494
2025-10-17,daily,all subpops,Age 3,new_H,baseline,0.0294256290436125,0.012174838197350909,0.06250957645843311
2025-10-18,daily,all subpops,Age 3,new_H,baseline,0.03218636140346808,0.013710949869570695,0.06810398604244759
2025-10-19,daily,all subpops,Age 3,new_H,baseline,0.03234975281298127,0.014083672825112454,0.06851637240507473
2025-10-20,daily,all subpops,Age 3,new_H,baseline,0.031002607199516703,0.013745800440278596,0.06600774957525739
2025-10-21,daily,all subpops,Age 3,new_H,baseline,0.03166491116316805,0.014149511872943525,0.06687829590618989
2025-10-22,daily,all subpops,Age 3,new_H,baseline,0.03411919388175992,0.015457951235480723,0.07177080927572413
2025-10-23,daily,all subpops,Age 3,new_H,baseline,0.037834822811212705,0.017501427827885965,0.07685029471826031
2025-10-24,daily,all subpops,Age 3,new_H,baseline,0.042248826750159674,0.019886882858860998,0.08320014953162
2025-10-25,daily,all subpops,Age 3,new_H,baseline,0.04668061462042512,0.022120363751732354,0.08968426311628898
2025-10-26,daily,all subpops,Age 3,new_H,baseline,0.04733957588501829,0.022713814673073512,0.09006425318821606
2025-10-27,daily,all subpops,Age 3,new_H,baseline,0.04611683140544832,0.022237618935967846,0.08768515579287374
2025-10-28,daily,all subpops,Age 3,new_H,baseline,0.04904325716595949,0.024173531577662638,0.09305016962092323
2025-10-29,daily,all subpops,Age 3,new_H,baseline,0.05447261142036834,0.02750450218238029,0.10363260986063805
2025-10-30,daily,all subpops,Age 3,new_H,baseline,0.0615240748888541,0.031370063499782774,0.11449991335896456
2025-10-31,daily,all subpops,Age 3,new_H,baseline,0.06936020001882921,0.035982630203941775,0.13022012955693246
2025-11-01,daily,all subpops,Age 3,new_H,baseline,0.07631559362639409,0.03999853098946332,0.1437917070761721
2025-11-02,daily,all subpops,Age 3,new_H,baseline,0.07693570337519112,0.04094493018309665,0.1461026968970111
2025-11-03,daily,all subpops,Age 3,new_H,baseline,0.07430804352950235,0.039563277326258854,0.14326524215359931
2025-11-04,daily,all subpops,Age 3,new_H,baseline,0.07693504713770438,0.041354544378285146,0.14955893725905262
2025-11-05,daily,all subpops,Age 3,new_H,baseline,0.08454555244285625,0.04507306440826265,0.16084603332605146
2025-11-06,daily,all subpops,Age 3,new_H,baseline,0.09333334079679038,0.0507565183907087,0.1748373566911245
2025-11-07,daily,all subpops,Age 3,new_H,baseline,0.1052760272661945,0.057220044696904386,0.19137723531891038
2025-11-08,daily,all subpops,Age 3,new_H,baseline,0.11661349874239747,0.06349396099557168,0.20795858890003271
2025-11-09,daily,all subpops,Age 3,new_H,baseline,0.11639273377486925,0.0633851630901473,0.20748509218751116
2025-11-10,daily,all subpops,Age 3,new_H,baseline,0.11066599037992238,0.06083077131078302,0.1961316024092745
2025-11-11,daily,all subpops,Age 3,new_H,baseline,0.11050025112046158,0.061207777064536055,0.19330106402190633
2025-11-12,daily,all subpops,Age 3,new_H,baseline,0.10898530909071287,0.06091975162483677,0.18683113973824772
2025-11-13,daily,all subpops,Age 3,new_H,baseline,0.1150389461754332,0.06452603091529675,0.19106879405403515
2025-11-14,daily,all subpops,Age 3,new_H,baseline,0.12695005733269202,0.07140559671286749,0.21066510278948225
2025-11-15,daily,all subpops,Age 3,new_H,baseline,0.14042330488805882,0.07877118616694485,0.22920446610271125
2025-11-16,daily,all subpops,Age 3,new_H,baseline,0.14285244614290654,0.08026517987744598,0.23340585075558581
2025-11-17,daily,all subpops,Age 3,new_H,baseline,0.14017071436552983,0.07918137192207574,0.2273898786547908
2025-11-18,daily,all subpops,Age 3,new_H,baseline,0.14684679366266443,0.08375377078190546,0.23799769930888157
2025-11-19,daily,all subpops,Age 3,new_H,baseline,0.16470951727496916,0.09361019090315024,0.26391322986474486
2025-11-20,daily,all subpops,Age 3,new_H,baseline,0.1883421269416678,0.1076486662100742,0.2966863440882169
2025-11-21,daily,all subpops,Age 3,new_H,baseline,0.21469886848471958,0.12350137129699777,0.3367482919885637
2025-11-22,daily,all subpops,Age 3,new_H,baseline,0.23839242144385653,0.13908955410243895,0.3715138484381558
2025-11-23,daily,all subpops,Age 3,new_H,baseline,0.24163336037582583,0.14243395931644617,0.3778901760807647
2025-11-24,daily,all subpops,Age 3,new_H,baseline,0.2351449709119329,0.14061235656540197,0.3663605758746006
2025-11-25,daily,all subpops,Age 3,new_H,baseline,0.2457784506181543,0.14951144322435417,0.3782806503422884
2025-11-26,daily,all subpops,Age 3,new_H,baseline,0.27188945594253044,0.16553452223385462,0.409997710025745
2025-11-27,daily,all subpops,Age 3,new_H,baseline,0.2969661354315543,0.1784457207150498,0.44735170899471705
2025-11-28,daily,all subpops,Age 3,new_H,baseline,0.299395802188126,0.1787209730601364,0.449227096630843
2025-11-29,daily,all subpops,Age 3,new_H,baseline,0.2896560278809627,0.17198283939950973,0.4325846073219756
2025-11-30,daily,all subpops,Age 3,new_H,baseline,0.27451199138741894,0.16258727052587196,0.4120324249439186
2025-12-01,daily,all subpops,Age 3,new_H,baseline,0.2636625790257782,0.15643391193089526,0.39562067129881834
2025-12-02,daily,all subpops,Age 3,new_H,baseline,0.28104434204605094,0.16872164216338645,0.4248330001606417
2025-12-03,daily,all subpops,Age 3,new_H,baseline,0.3210207910812221,0.1947308652904954,0.4842870214349122
2025-12-04,daily,all subpops,Age 3,new_H,baseline,0.37526297943823983,0.2332325763590069,0.5619741976430227
2025-12-05,daily,all subpops,Age 3,new_H,baseline,0.4440705024709825,0.2832504039094797,0.6616725853345898
2025-12-06,daily,all subpops,Age 3,new_H,baseline,0.5228406848782023,0.33385556902868774,0.7667243278972545
2025-12-07,daily,all subpops,Age 3,new_H,baseline,0.5483578143042693,0.3544510463466055,0.8012037796297666
2025-12-08,daily,all subpops,Age 3,new_H,baseline,0.5510684580687639,0.3584410108352932,0.7984633577074499
2025-12-09,daily,all subpops,Age 3,new_H,baseline,0.6083762251860398,0.40000121833390323,0.8788800128229348
2025-12-10,daily,all subpops,Age 3,new_H,baseline,0.7098660862005928,0.4751657057961926,1.0142297732247738
2025-12-11,daily,all subpops,Age 3,new_H,baseline,0.8298752546797697,0.5547125603147186,1.182585310379762
2025-12-12,daily,all subpops,Age 3,new_H,baseline,0.9762772519554963,0.6520687278814294,1.3828963718390486
2025-12-13,daily,all subpops,Age 3,new_H,baseline,1.1346412090593951,0.7624499762797116,1.603053210844023
2025-12-14,daily,all subpops,Age 3,new_H,baseline,1.1888995446404398,0.8083092484802543,1.6762278798835226
2025-12-15,daily,all subpops,Age 3,new_H,baseline,1.192272210251498,0.8114415134682386,1.681537763377416
2025-12-16,daily,all subpops,Age 3,new_H,baseline,1.3117662014670057,0.8905590140813925,1.8495638589926657
2025-12-17,daily,all subpops,Age 3,new_H,baseline,1.516717514708848,1.0362791593311937,2.140663314366784
2025-12-18,daily,all subpops,Age 3,new_H,baseline,1.7676634883067948,1.2151837084114656,2.4878918491087645
2025-12-19,daily,all subpops,Age 3,new_H,baseline,2.055729492750534,1.4100062311894506,2.9097234821617057
2025-12-20,daily,all subpops,Age 3,new_H,baseline,2.3175195358149288,1.5992976653386228,3.260559395702663
2025-12-21,daily,all subpops,Age 3,new_H,baseline,2.3972504148112757,1.6556664223860267,3.3688646931984962
2025-12-22,daily,all subpops,Age 3,new_H,baseline,2.343486770297279,1.6207318853324428,3.2692299266214726
2025-12-23,daily,all subpops,Age 3,new_H,baseline,2.2610871756944118,1.5640723085115884,3.115864015024239
2025-12-24,daily,all subpops,Age 3,new_H,baseline,2.165143436807033,1.4886027686388321,2.9560920427520805
2025-12-25,daily,all subpops,Age 3,new_H,baseline,2.0663129430109066,1.4104234239806537,2.801012660895758
2025-12-26,daily,all subpops,Age 3,new_H,baseline,1.9892572688652408,1.3549602991916907,2.6677592430497854
2025-12-27,daily,all subpops,Age 3,new_H,baseline,1.9268290046775802,1.310155707918406,2.5867730070184027
2025-12-28,daily,all subpops,Age 3,new_H,baseline,1.8712710512791855,1.2582830319000748,2.496942371407826
2025-12-29,daily,all subpops,Age 3,new_H,baseline,1.7961309353177493,1.2046800563872788,2.406592161588932
2025-12-30,daily,all subpops,Age 3,new_H,baseline,1.7158489057086184,1.145159525592939,2.3160486741763546
2025-12-31,daily,all subpops,Age 3,new_H,baseline,1.641878555859079,1.091901419070439,2.221097029777332
2026-01-01,daily,all subpops,Age 3,new_H,baseline,1.568357598231909,1.0436260438948415,2.1182194514748405
2026-01-02,daily,all subpops,Age 3,new_H,baseline,1.4862319997126447,0.9921833598073997,2.0082093011312137
2026-01-03,daily,all subpops,Age 3,new_H,baseline,1.408721796394023,0.9404556067817595,1.9136013359620077
2026-01-04,daily,all subpops,Age 3,new_H,baseline,1.3181040989355113,0.8878235943226568,1.8116133856568692
2026-01-05,daily,all subpops,Age 3,new_H,baseline,1.244319806883683,0.8386788144723555,1.7088666310217027
2026-01-06,daily,all subpops,Age 3,new_H,baseline,1.2344613847386419,0.8368472192047576,1.6990542719166188
2026-01-07,daily,all subpops,Age 3,new_H,baseline,1.2685055819953792,0.8546601013697243,1.7286345207296405
2026-01-08,daily,all subpops,Age 3,new_H,baseline,1.3031220703819895,0.8817087444027133,1.8008106086381366
2026-01-09,daily,all subpops,Age 3,new_H,baseline,1.33904795096436,0.9008051854962327,1.8558251060458713
2026-01-10,daily,all subpops,Age 3,new_H,baseline,1.352736587626836,0.9054384680521529,1.881689265706003
2026-01-11,daily,all subpops,Age 3,new_H,baseline,1.2842764705255272,0.8638960324468543,1.7864288502094359
2026-01-12,daily,all subpops,Age 3,new_H,baseline,1.1766437504270035,0.7968171922863226,1.64050020293669
2026-01-13,daily,all subpops,Age 3,new_H,baseline,1.120093995278399,0.7631149809016761,1.5601925657962863
2026-01-14,daily,all subpops,Age 3,new_H,baseline,1.0976645154615459,0.7486701199550597,1.5211784038082603
2026-01-15,daily,all subpops,Age 3,new_H,baseline,1.0810530625979726,0.7404309649651412,1.4883430209675108
2026-01-16,daily,all subpops,Age 3,new_H,baseline,1.064274513026373,0.7334671204894544,1.4624998888300174
2026-01-17,daily,all subpops,Age 3,new_H,baseline,1.049658262695584,0.718982003363659,1.4343710238377232
2026-01-18,daily,all subpops,Age 3,new_H,baseline,0.9800882910500646,0.6714870290540934,1.3408366116331953
2026-01-19,daily,all subpops,Age 3,new_H,baseline,0.873165138806054,0.6068668786621764,1.1955818777721159
2026-01-20,daily,all subpops,Age 3,new_H,baseline,0.7726410531514114,0.5342954662697667,1.0562470576734466
2026-01-21,daily,all subpops,Age 3,new_H,baseline,0.7145040379030692,0.4982313047859794,0.989173672369843
2026-01-22,daily,all subpops,Age 3,new_H,baseline,0.6886994042660943,0.47996976093964167,0.9575370455817044
2026-01-23,daily,all subpops,Age 3,new_H,baseline,0.6666626960435857,0.4605864032817474,0.9421273389781556
2026-01-24,daily,all subpops,Age 3,new_H,baseline,0.6483989804080581,0.44387232567729556,0.9268215462181211
2026-01-25,daily,all subpops,Age 3,new_H,baseline,0.6034792922006963,0.41293927300507954,0.8714227133018286
2026-01-26,daily,all subpops,Age 3,new_H,baseline,0.5445274247061742,0.3724322182680232,0.7901982802457395
2026-01-27,daily,all subpops,Age 3,new_H,baseline,0.5076186696534459,0.3464296674033162,0.7403351719375146
2026-01-28,daily,all subpops,Age 3,new_H,baseline,0.4895750873423205,0.3304660435066239,0.7191504261860453
2026-01-29,daily,all subpops,Age 3,new_H,baseline,0.47786029412625564,0.3204393443278624,0.709474950521612
2026-01-30,daily,all subpops,Age 3,new_H,baseline,0.4679882539967578,0.31355106998031723,0.6988408651315547
2026-01-31,daily,all subpops,Age 3,new_H,baseline,0.4572812312080784,0.30526133742271755,0.6813617677163475
2026-02-01,daily,all subpops,Age 3,new_H,baseline,0.42655481585719085,0.2799026801984651,0.6376143355475997
2026-02-02,daily,all subpops,Age 3,new_H,baseline,0.3814303915429024,0.2507831147841913,0.5729169966380181
2026-02-03,daily,all subpops,Age 3,new_H,baseline,0.3560676794368803,0.23223655289521064,0.5308887401715683
2026-02-04,daily,all subpops,Age 3,new_H,baseline,0.3401491540464579,0.21949337926165907,0.5107778755547634
2026-02-05,daily,all subpops,Age 3,new_H,baseline,0.33007705794321385,0.21393923800696507,0.4984667813485683
2026-02-06,daily,all subpops,Age 3,new_H,baseline,0.32600399429292687,0.21032359120501035,0.4929420446440448
2026-02-07,daily,all subpops,Age 3,new_H,baseline,0.31896782727846285,0.20547936156751656,0.4825428654868094
2026-02-08,daily,all subpops,Age 3,new_H,baseline,0.2979538292593179,0.19128563088386444,0.44973915893462363
2026-02-09,daily,all subpops,Age 3,new_H,baseline,0.270953772374915,0.1736097932699622,0.4093123747587126
2026-02-10,daily,all subpops,Age 3,new_H,baseline,0.25670238139272206,0.16517984485053142,0.3882726364633351
2026-02-11,daily,all subpops,Age 3,new_H,baseline,0.2517995506867583,0.16043422092270104,0.3809008452819477
2026-02-12,daily,all subpops,Age 3,new_H,baseline,0.25246197814690635,0.15819805604526904,0.38367616664546833
2026-02-13,daily,all subpops,Age 3,new_H,baseline,0.2559941314249802,0.1576020407580337,0.38633929418180574
2026-02-14,daily,all subpops,Age 3,new_H,baseline,0.25814703073713785,0.15642568706117305,0.38532244277378197
2026-02-15,daily,all subpops,Age 3,new_H,baseline,0.2466962562757485,0.14770982425655366,0.36736258368612845
2026-02-16,daily,all subpops,Age 3,new_H,baseline,0.22475267189495324,0.1357861949291683,0.3347519594479771
2026-02-17,daily,all subpops,Age 3,new_H,baseline,0.20047516536103463,0.12147905290754023,0.29859691241607134
2026-02-18,daily,all subpops,Age 3,new_H,baseline,0.17803230137805037,0.1087640626012868,0.26439246553637136
2026-02-19,daily,all subpops,Age 3,new_H,baseline,0.15797654307502923,0.09642433395352347,0.2351220534382416
2026-02-20,daily,all subpops,Age 3,new_H,baseline,0.1408052967177731,0.0841895195699529,0.21191571780643456
2026-02-21,daily,all subpops,Age 3,new_H,baseline,0.12699372150501242,0.07471865428421777,0.1907391417023929
2026-02-22,daily,all subpops,Age 3,new_H,baseline,0.11490740674267733,0.06665200246694138,0.17313251226239307
2026-02-23,daily,all subpops,Age 3,new_H,baseline,0.10577500217370023,0.061018516978434294,0.15880007186535625
2026-02-24,daily,all subpops,Age 3,new_H,baseline,0.10576515056862786,0.06135595173346842,0.15812958867880572
2026-02-25,daily,all subpops,Age 3,new_H,baseline,0.11210090247780745,0.06555988935190235,0.16525405725369172
2026-02-26,daily,all subpops,Age 3,new_H,baseline,0.12047417607943142,0.0715604087881053,0.17512490588588298
2026-02-27,daily,all subpops,Age 3,new_H,baseline,0.12916256598950857,0.07813875754073986,0.18633416200943112
2026-02-28,daily,all subpops,Age 3,new_H,baseline,0.13596341697240813,0.08437554774311623,0.19627321912454573
2026-03-01,daily,all subpops,Age 3,new_H,baseline,0.13437909590238128,0.0840360658713217,0.1934051137926373
2026-03-02,daily,all subpops,Age 3,new_H,baseline,0.12813703812149568,0.0804866036245117,0.1846550456064634
2026-03-03,daily,all subpops,Age 3,new_H,baseline,0.1282215105540813,0.08058822294646972,0.185360147108267
2026-03-04,daily,all subpops,Age 3,new_H,baseline,0.1333001244467653,0.08246984592851286,0.19541313492043508
2026-03-05,daily,all subpops,Age 3,new_H,baseline,0.13860321437932224,0.08549805679857678,0.2063155391430605
2026-03-06,daily,all subpops,Age 3,new_H,baseline,0.14458977884150165,0.08906898711306085,0.2181498454046482
2026-03-07,daily,all subpops,Age 3,new_H,baseline,0.14783029221720184,0.09086737999733142,0.22426748177228556
2026-03-08,daily,all subpops,Age 3,new_H,baseline,0.141776840806375,0.08715285313840812,0.21809359195905378
2026-03-09,daily,all subpops,Age 3,new_H,baseline,0.1303611485227637,0.08033034565947149,0.20491212404275452
2026-03-10,daily,all subpops,Age 3,new_H,baseline,0.12580550937443533,0.07731139111711516,0.19992870878701874
2026-03-11,daily,all subpops,Age 3,new_H,baseline,0.12540155242269194,0.07646194111933086,0.1987624521182687
2026-03-12,daily,all subpops,Age 3,new_H,baseline,0.12604082772873204,0.077209878055089,0.20047001618350538
2026-03-13,daily,all subpops,Age 3,new_H,baseline,0.12818079935962162,0.07794474831413599,0.2048087164762915
2026-03-14,daily,all subpops,Age 3,new_H,baseline,0.12998367154474272,0.07820059344288333,0.20892835275646524
2026-03-15,daily,all subpops,Age 3,new_H,baseline,0.12432707510228533,0.07475386676197858,0.20188595340941085
2026-03-16,daily,all subpops,Age 3,new_H,baseline,0.11413837716567035,0.06888534136968515,0.18701684218724338
2026-03-17,daily,all subpops,Age 3,new_H,baseline,0.10862171052191977,0.06493769823594639,0.17942747956460947
2026-03-18,daily,all subpops,Age 3,new_H,baseline,0.1079716939571983,0.06354540270174848,0.18022652130793684
2026-03-19,daily,all subpops,Age 3,new_H,baseline,0.11186768782331163,0.06376476663330534,0.18555215489196902
2026-03-20,daily,all subpops,Age 3,new_H,baseline,0.11442683802985881,0.06516765445356085,0.1934981015781676
2026-03-21,daily,all subpops,Age 3,new_H,baseline,0.11637119906277903,0.06591289518900165,0.19704315286094
2026-03-22,daily,all subpops,Age 3,new_H,baseline,0.11098168402851834,0.062494715939583535,0.18770865052245636
2026-03-23,daily,all subpops,Age 3,new_H,baseline,0.10213048760996189,0.0571170819502914,0.17183905880059502
2026-03-24,daily,all subpops,Age 3,new_H,baseline,0.09887837834806497,0.05465967113995654,0.164506609034567
2026-03-25,daily,all subpops,Age 3,new_H,baseline,0.09907624731501811,0.054393681489075196,0.16500960440966614
2026-03-26,daily,all subpops,Age 3,new_H,baseline,0.10182858322746954,0.055269540553685846,0.16818826217799326
2026-03-27,daily,all subpops,Age 3,new_H,baseline,0.10390917017381754,0.056383782958348734,0.16990271388156186
2026-03-28,daily,all subpops,Age 3,new_H,baseline,0.10569659667686644,0.057017135298923605,0.17469751696607563
2026-03-29,daily,all subpops,Age 3,new_H,baseline,0.1023226625593915,0.0548826852650965,0.16669272717918418
2026-03-30,daily,all subpops,Age 3,new_H,baseline,0.09505620141170124,0.05125243964312348,0.1532628620338048
2026-03-31,daily,all subpops,Age 3,new_H,baseline,0.09170369049091048,0.04945127608824055,0.14604488691287223
2026-04-01,daily,all subpops,Age 3,new_H,baseline,0.0912584762735858,0.049347372384280455,0.1445939266857074
2026-04-02,daily,all subpops,Age 3,new_H,baseline,0.0916277553556819,0.049644756982623314,0.1441336227073346
2026-04-03,daily,all subpops,Age 3,new_H,baseline,0.09219446634007791,0.05067009291931841,0.14811600104539524
2026-04-04,daily,all subpops,Age 3,new_H,baseline,0.09289893087910804,0.05101913593636496,0.15093620888955014
2026-04-05,daily,all subpops,Age 3,new_H,baseline,0.08796829457780551,0.04849406530778114,0.14525856058930123
2026-04-06,daily,all subpops,Age 3,new_H,baseline,0.08059702222298067,0.04424707401166272,0.13380718948455342
2026-04-07,daily,all subpops,Age 3,new_H,baseline,0.07745968201594802,0.04253133073387979,0.13024222506780653
2026-04-08,daily,all subpops,Age 3,new_H,baseline,0.07812609347303816,0.042716928483211354,0.1315708728465002
2026-04-09,daily,all subpops,Age 3,new_H,baseline,0.07989857297007413,0.04401564534074402,0.13540225313147544
2026-04-10,daily,all subpops,Age 3,new_H,baseline,0.08246849541481657,0.04497336081591581,0.14080160381768908
2026-04-11,daily,all subpops,Age 3,new_H,baseline,0.08326350659478479,0.04537021799829486,0.1413774906812211
2026-04-12,daily,all subpops,Age 3,new_H,baseline,0.07830329243606249,0.04291269018099888,0.13501283945381037
2026-04-13,daily,all subpops,Age 3,new_H,baseline,0.07165010445876409,0.03906312735007093,0.12357629326211493
2026-04-14,daily,all subpops,Age 3,new_H,baseline,0.06724329394394933,0.03632345051472895,0.11630859789270802
2026-04-15,daily,all subpops,Age 3,new_H,baseline,0.06463929507291313,0.035378928637457695,0.11499600768710926
2026-04-16,daily,all subpops,Age 3,new_H,baseline,0.063119504433016,0.033782907876060024,0.11516797725071069
2026-04-17,daily,all subpops,Age 3,new_H,baseline,0.061837005202155765,0.03269037313528301,0.1131328505177173
2026-04-18,daily,all subpops,Age 3,new_H,baseline,0.060652667072773475,0.03135203377466999,0.11440959865564773
2026-04-19,daily,all subpops,Age 3,new_H,baseline,0.05638452745501257,0.02879658579656343,0.10946645091792659
2026-04-20,daily,all subpops,Age 3,new_H,baseline,0.05039179423769678,0.02538396334972813,0.10019452640312747
2026-04-21,daily,all subpops,Age 3,new_H,baseline,0.04458480245854424,0.021978619425542845,0.09024763160727069
2026-04-22,daily,all subpops,Age 3,new_H,baseline,0.03941087864820152,0.01903294735445785,0.080562570419119
2026-04-23,daily,all subpops,Age 3,new_H,baseline,0.03464078930844357,0.0166284912201196,0.07184620563741584
2026-04-24,daily,all subpops,Age 3,new_H,baseline,0.030558560202876034,0.014402641486433134,0.06444957894250838
2026-04-25,daily,all subpops,Age 3,new_H,baseline,0.027264610519785765,0.012606051475530034,0.05737214802412618
2026-04-26,daily,all subpops,Age 3,new_H,baseline,0.024464800574055277,0.01089544196459506,0.05155585501694947
2026-04-27,daily,all subpops,Age 3,new_H,baseline,0.02209006251505679,0.009570586976911129,0.048021099349010866
2026-04-28,daily,all subpops,Age 3,new_H,baseline,0.021555703921569074,0.008950988262388397,0.047017670201584226
2026-04-29,daily,all subpops,Age 3,new_H,baseline,0.022011862603097235,0.008843609905517897,0.04770292377698863
2026-04-30,daily,all subpops,Age 3,new_H,baseline,0.02278578361567046,0.008856913726248401,0.05074257952963916
2026-05-01,daily,all subpops,Age 3,new_H,baseline,0.023374930543156973,0.008861161630077333,0.054355197743694725
2026-05-02,daily,all subpops,Age 3,new_H,baseline,0.02378940554144973,0.008806429407911605,0.05875320244188033
2026-05-03,daily,all subpops,Age 3,new_H,baseline,0.02278813208098826,0.008122150208950588,0.05698944661949185
2026-05-04,daily,all subpops,Age 3,new_H,baseline,0.021113119061050838,0.0072511993849857116,0.05503811955842803
2026-05-05,daily,all subpops,Age 3,new_H,baseline,0.02032958333362614,0.006657954785128959,0.05514562379136905
2026-05-06,daily,all subpops,Age 3,new_H,baseline,0.020192522331467583,0.006236767029716164,0.05768601267619047
2026-05-07,daily,all subpops,Age 3,new_H,baseline,0.02037775296107889,0.005880044032852934,0.0609003045558375
2026-05-08,daily,all subpops,Age 3,new_H,baseline,0.02087460453609969,0.0056276659589477645,0.06519845558030973
2025-09-01,daily,all subpops,Age 4,new_H,baseline,0.03867149541156881,0.013166386188918333,0.09094069110342594
2025-09-02,daily,all subpops,Age 4,new_H,baseline,0.09339126239578847,0.03184408172000191,0.21971391483202296
2025-09-03,daily,all subpops,Age 4,new_H,baseline,0.11818321865938307,0.04064190470967083,0.27900866361626625
2025-09-04,daily,all subpops,Age 4,new_H,baseline,0.13255182877130126,0.045850349373299945,0.31171597960830827
2025-09-05,daily,all subpops,Age 4,new_H,baseline,0.14174759515369956,0.049600107781136764,0.32917545852554714
2025-09-06,daily,all subpops,Age 4,new_H,baseline,0.14786190945394903,0.05268063472029368,0.33451026132330514
2025-09-07,daily,all subpops,Age 4,new_H,baseline,0.14557059342393933,0.05230584842334316,0.32245220604424796
2025-09-08,daily,all subpops,Age 4,new_H,baseline,0.13848437785536,0.050621303858156066,0.3031998977678548
2025-09-09,daily,all subpops,Age 4,new_H,baseline,0.13804702755545833,0.052225970297802925,0.30202739000033957
2025-09-10,daily,all subpops,Age 4,new_H,baseline,0.14245167866081523,0.05515526950914641,0.3055741365403308
2025-09-11,daily,all subpops,Age 4,new_H,baseline,0.14957328831981115,0.05925393561858885,0.31429071098736994
2025-09-12,daily,all subpops,Age 4,new_H,baseline,0.15772775510913226,0.06407031441032512,0.3281664666999533
2025-09-13,daily,all subpops,Age 4,new_H,baseline,0.16212684681584844,0.06733358356524427,0.33313859755603165
2025-09-14,daily,all subpops,Age 4,new_H,baseline,0.15911661049530448,0.06792888974117582,0.32658846293083793
2025-09-15,daily,all subpops,Age 4,new_H,baseline,0.15150947645358248,0.06628987334610313,0.310716435065145
2025-09-16,daily,all subpops,Age 4,new_H,baseline,0.14880551869122743,0.06854755947217013,0.3000068667476993
2025-09-17,daily,all subpops,Age 4,new_H,baseline,0.15097979633232556,0.07171044565457833,0.3001375109486242
2025-09-18,daily,all subpops,Age 4,new_H,baseline,0.15314863887701874,0.07318875977451188,0.30163289020208534
2025-09-19,daily,all subpops,Age 4,new_H,baseline,0.15738219315836408,0.07563570302944024,0.307504398144367
2025-09-20,daily,all subpops,Age 4,new_H,baseline,0.15910107260601858,0.07922701243828864,0.3140271825080693
2025-09-21,daily,all subpops,Age 4,new_H,baseline,0.15511633270726943,0.07701420296810402,0.3081678306563686
2025-09-22,daily,all subpops,Age 4,new_H,baseline,0.14912339370289787,0.07328431705218241,0.29352533863939784
2025-09-23,daily,all subpops,Age 4,new_H,baseline,0.14603486398722743,0.07201420422566078,0.2860644790363777
2025-09-24,daily,all subpops,Age 4,new_H,baseline,0.14482686571727732,0.07162138820555591,0.28542661877425146
2025-09-25,daily,all subpops,Age 4,new_H,baseline,0.14463860443827323,0.07271554098953724,0.28569635768713864
2025-09-26,daily,all subpops,Age 4,new_H,baseline,0.14685729715682344,0.07334457545190233,0.28689364566573783
2025-09-27,daily,all subpops,Age 4,new_H,baseline,0.14650935159135334,0.07282402194687472,0.2857554213805315
2025-09-28,daily,all subpops,Age 4,new_H,baseline,0.14114378038798106,0.06890811071087798,0.27128724781171176
2025-09-29,daily,all subpops,Age 4,new_H,baseline,0.1313691904966605,0.06403131799847328,0.24996624913229654
2025-09-30,daily,all subpops,Age 4,new_H,baseline,0.12514099255995934,0.06151141268031002,0.23682268127917516
2025-10-01,daily,all subpops,Age 4,new_H,baseline,0.12344803094028906,0.06015773994489669,0.23647013664582606
2025-10-02,daily,all subpops,Age 4,new_H,baseline,0.12411104564304636,0.061021604695672305,0.23873156784065483
2025-10-03,daily,all subpops,Age 4,new_H,baseline,0.12761934557159832,0.062095994561721726,0.24482225749025086
2025-10-04,daily,all subpops,Age 4,new_H,baseline,0.13128413978335132,0.06345505992656643,0.2513982383337038
2025-10-05,daily,all subpops,Age 4,new_H,baseline,0.12881561236836842,0.06163486500828679,0.24829301222970732
2025-10-06,daily,all subpops,Age 4,new_H,baseline,0.1215024550921454,0.05819330696511556,0.2389929493175592
2025-10-07,daily,all subpops,Age 4,new_H,baseline,0.1182015634415687,0.05593666275939748,0.23667668530826275
2025-10-08,daily,all subpops,Age 4,new_H,baseline,0.11964192142460502,0.05690458831712461,0.24241293164837743
2025-10-09,daily,all subpops,Age 4,new_H,baseline,0.12306985788874067,0.05866358800616913,0.2525859005534629
2025-10-10,daily,all subpops,Age 4,new_H,baseline,0.13063512069901453,0.06225051702734418,0.2689014860412153
2025-10-11,daily,all subpops,Age 4,new_H,baseline,0.13626869212324605,0.06547212329131745,0.2855450356478285
2025-10-12,daily,all subpops,Age 4,new_H,baseline,0.13574720797161657,0.06531409735012571,0.28480679923642127
2025-10-13,daily,all subpops,Age 4,new_H,baseline,0.13168046963961147,0.06370162158750484,0.2725830610462905
2025-10-14,daily,all subpops,Age 4,new_H,baseline,0.12962471678128495,0.0627056906000871,0.26784881196408505
2025-10-15,daily,all subpops,Age 4,new_H,baseline,0.1327996262744923,0.06408244216983724,0.27597390555031354
2025-10-16,daily,all subpops,Age 4,new_H,baseline,0.14081899287762323,0.06738213870384155,0.28803379084030317
2025-10-17,daily,all subpops,Age 4,new_H,baseline,0.15151485581038246,0.07445986198183639,0.3106401649259709
2025-10-18,daily,all subpops,Age 4,new_H,baseline,0.16424658372009454,0.08089381912726624,0.3384800612704342
2025-10-19,daily,all subpops,Age 4,new_H,baseline,0.16691755669659813,0.08270745733755519,0.34144512149602096
2025-10-20,daily,all subpops,Age 4,new_H,baseline,0.16430250119151274,0.08140205994684757,0.331561262227909
2025-10-21,daily,all subpops,Age 4,new_H,baseline,0.16884086767951972,0.08293534970169944,0.33715580000302814
2025-10-22,daily,all subpops,Age 4,new_H,baseline,0.1787190952478669,0.08926657502721291,0.3559847232573324
2025-10-23,daily,all subpops,Age 4,new_H,baseline,0.19462155429661843,0.09876935589660377,0.3759847981597541
2025-10-24,daily,all subpops,Age 4,new_H,baseline,0.21363954383040673,0.10989920573485261,0.41061036274393903
2025-10-25,daily,all subpops,Age 4,new_H,baseline,0.23371509985681416,0.12137694959049943,0.4423261272036454
2025-10-26,daily,all subpops,Age 4,new_H,baseline,0.2413943524982225,0.1280704167685015,0.4492476902062702
2025-10-27,daily,all subpops,Age 4,new_H,baseline,0.24346380796473463,0.13104483488779983,0.44511250544896214
2025-10-28,daily,all subpops,Age 4,new_H,baseline,0.25891614733988,0.14283236272505467,0.46133264753003544
2025-10-29,daily,all subpops,Age 4,new_H,baseline,0.28477786639573416,0.15692515107748417,0.5052423816807107
2025-10-30,daily,all subpops,Age 4,new_H,baseline,0.31401837758332835,0.17128009512935302,0.5648190727041593
2025-10-31,daily,all subpops,Age 4,new_H,baseline,0.3440301548714093,0.18562926841109598,0.6232975047281706
2025-11-01,daily,all subpops,Age 4,new_H,baseline,0.3752712815297031,0.20323696865203844,0.6748432473388014
2025-11-02,daily,all subpops,Age 4,new_H,baseline,0.38663058958062546,0.20573712070039335,0.6938232924219091
2025-11-03,daily,all subpops,Age 4,new_H,baseline,0.3868867927011215,0.20916433754104394,0.6974615795558315
2025-11-04,daily,all subpops,Age 4,new_H,baseline,0.4018520220723723,0.22474920148527866,0.7295047649944301
2025-11-05,daily,all subpops,Age 4,new_H,baseline,0.4402839350186636,0.24857902887693611,0.7919351887276527
2025-11-06,daily,all subpops,Age 4,new_H,baseline,0.48224721058714426,0.27124934850375837,0.8657694611518537
2025-11-07,daily,all subpops,Age 4,new_H,baseline,0.5318878321261082,0.3023578204701225,0.9424899466852925
2025-11-08,daily,all subpops,Age 4,new_H,baseline,0.5864180226542272,0.33450055328362555,1.0253955206638272
2025-11-09,daily,all subpops,Age 4,new_H,baseline,0.5957987406980714,0.346922875417763,1.035025112552082
2025-11-10,daily,all subpops,Age 4,new_H,baseline,0.587101994036678,0.34884337493195006,1.0058091588496905
2025-11-11,daily,all subpops,Age 4,new_H,baseline,0.598933416687204,0.35916379297411294,1.0103621917758123
2025-11-12,daily,all subpops,Age 4,new_H,baseline,0.6307435522091117,0.375300137557902,1.0398777519113367
2025-11-13,daily,all subpops,Age 4,new_H,baseline,0.6826435154874881,0.41132718676645036,1.131259546671427
2025-11-14,daily,all subpops,Age 4,new_H,baseline,0.7528960975410319,0.4533413119557139,1.2331330047324207
2025-11-15,daily,all subpops,Age 4,new_H,baseline,0.8178830739566133,0.48566607212145724,1.3228223618636368
2025-11-16,daily,all subpops,Age 4,new_H,baseline,0.8368654965283603,0.4954969556032918,1.3456894204928178
2025-11-17,daily,all subpops,Age 4,new_H,baseline,0.8306475514157708,0.4919078530808379,1.324676075823872
2025-11-18,daily,all subpops,Age 4,new_H,baseline,0.880119201341509,0.5231936916337059,1.375819112143576
2025-11-19,daily,all subpops,Age 4,new_H,baseline,0.9673312782758884,0.5822620042222406,1.5085377150304455
2025-11-20,daily,all subpops,Age 4,new_H,baseline,1.0825203284613862,0.6566788096177715,1.6756922926476534
2025-11-21,daily,all subpops,Age 4,new_H,baseline,1.2158217722215099,0.7483629831473633,1.8492564132354483
2025-11-22,daily,all subpops,Age 4,new_H,baseline,1.3402536866350687,0.8360376955743758,2.0125581307426663
2025-11-23,daily,all subpops,Age 4,new_H,baseline,1.383477679358517,0.876635853512648,2.0487807341614745
2025-11-24,daily,all subpops,Age 4,new_H,baseline,1.392588689403493,0.8851594491609048,2.053691404332071
2025-11-25,daily,all subpops,Age 4,new_H,baseline,1.4764305654955487,0.9767884091360196,2.1478709951273696
2025-11-26,daily,all subpops,Age 4,new_H,baseline,1.619243094912215,1.0840140961835836,2.321942632465608
2025-11-27,daily,all subpops,Age 4,new_H,baseline,1.7537553906042667,1.190763611605783,2.4696869347420107
2025-11-28,daily,all subpops,Age 4,new_H,baseline,1.8127857549078548,1.2543513890935654,2.5546187325407312
2025-11-29,daily,all subpops,Age 4,new_H,baseline,1.8963267228263034,1.306531031103541,2.6643796452803463
2025-11-30,daily,all subpops,Age 4,new_H,baseline,1.9276648760658832,1.3268986956598712,2.6971634028131675
2025-12-01,daily,all subpops,Age 4,new_H,baseline,1.9108525025137728,1.3299262581576556,2.678278842427654
2025-12-02,daily,all subpops,Age 4,new_H,baseline,2.037037811813576,1.4184748369138525,2.8330747528230202
2025-12-03,daily,all subpops,Age 4,new_H,baseline,2.2629019200234084,1.5708003195306988,3.1370896411495104
2025-12-04,daily,all subpops,Age 4,new_H,baseline,2.569264201811359,1.8047248820918644,3.529225654230024
2025-12-05,daily,all subpops,Age 4,new_H,baseline,2.9524757937793886,2.1026016167237707,4.037190646867417
2025-12-06,daily,all subpops,Age 4,new_H,baseline,3.3775340194503456,2.430633335439762,4.575794351890237
2025-12-07,daily,all subpops,Age 4,new_H,baseline,3.5717983070837467,2.6081068013535704,4.804947267224402
2025-12-08,daily,all subpops,Age 4,new_H,baseline,3.655578155596637,2.6757017508230496,4.881931212063707
2025-12-09,daily,all subpops,Age 4,new_H,baseline,4.006196418985493,2.97427401607614,5.280075992595887
2025-12-10,daily,all subpops,Age 4,new_H,baseline,4.584369726962919,3.450657141050384,6.080522284247791
2025-12-11,daily,all subpops,Age 4,new_H,baseline,5.26996665532495,3.9812250644209968,6.90310211609185
2025-12-12,daily,all subpops,Age 4,new_H,baseline,6.1034672519382145,4.6115106843828295,7.915052919094324
2025-12-13,daily,all subpops,Age 4,new_H,baseline,7.0219701259054075,5.29174110774013,9.113222101866171
2025-12-14,daily,all subpops,Age 4,new_H,baseline,7.494808489324741,5.589662164648007,9.711560783921582
2025-12-15,daily,all subpops,Age 4,new_H,baseline,7.749312722960706,5.7298879131346565,10.075402477382006
2025-12-16,daily,all subpops,Age 4,new_H,baseline,8.545284882155961,6.358221479162524,11.023411745422363
2025-12-17,daily,all subpops,Age 4,new_H,baseline,9.817623740599508,7.335756945096691,12.602434804333955
2025-12-18,daily,all subpops,Age 4,new_H,baseline,11.307078790600405,8.525155874326668,14.51843578297843
2025-12-19,daily,all subpops,Age 4,new_H,baseline,13.005969767951878,9.829761496791178,16.54338283772721
2025-12-20,daily,all subpops,Age 4,new_H,baseline,14.663697584382415,11.138724940806096,18.549895682153565
2025-12-21,daily,all subpops,Age 4,new_H,baseline,15.450246783332634,11.834623016196758,19.470991975308294
2025-12-22,daily,all subpops,Age 4,new_H,baseline,15.779458128635754,12.192567917341139,19.682135298451144
2025-12-23,daily,all subpops,Age 4,new_H,baseline,16.77441799781989,13.008929817220958,20.765798203051144
2025-12-24,daily,all subpops,Age 4,new_H,baseline,18.05409658410161,14.138154972787216,22.598494870705263
2025-12-25,daily,all subpops,Age 4,new_H,baseline,19.26298687746391,15.072523324815524,24.04583680446011
2025-12-26,daily,all subpops,Age 4,new_H,baseline,19.598288714390762,15.431393797069953,24.47926392541801
2025-12-27,daily,all subpops,Age 4,new_H,baseline,20.11115579417199,15.861559498606683,25.060324161116743
2025-12-28,daily,all subpops,Age 4,new_H,baseline,19.89556512021763,15.627713714788078,24.77054820793997
2025-12-29,daily,all subpops,Age 4,new_H,baseline,19.127816746697317,14.990178707011994,23.71200154447848
2025-12-30,daily,all subpops,Age 4,new_H,baseline,18.691374644593907,14.654099747046754,23.183961407468946
2025-12-31,daily,all subpops,Age 4,new_H,baseline,18.644938763906506,14.613231886898484,23.190652546260022
2026-01-01,daily,all subpops,Age 4,new_H,baseline,18.60114958318764,14.528756652365297,23.25821120338349
2026-01-02,daily,all subpops,Age 4,new_H,baseline,17.90042394738453,13.978001647569583,22.374767058638064
2026-01-03,daily,all subpops,Age 4,new_H,baseline,17.158215185103963,13.439013614202855,21.3724095714722
2026-01-04,daily,all subpops,Age 4,new_H,baseline,16.008825804604403,12.543312537205438,20.033057442233215
2026-01-05,daily,all subpops,Age 4,new_H,baseline,14.675252098372201,11.513943026330839,18.31886863000152
2026-01-06,daily,all subpops,Age 4,new_H,baseline,13.861575332663602,10.887679200704353,17.405904134575444
2026-01-07,daily,all subpops,Age 4,new_H,baseline,13.318974250729037,10.517117222254766,16.913378734102793
2026-01-08,daily,all subpops,Age 4,new_H,baseline,12.890995940100076,10.21222593836429,16.528676883120344
2026-01-09,daily,all subpops,Age 4,new_H,baseline,12.538031920789955,9.9431315308584,16.200218098737192
2026-01-10,daily,all subpops,Age 4,new_H,baseline,12.139438437729329,9.647341155987618,15.660441522015969
2026-01-11,daily,all subpops,Age 4,new_H,baseline,11.265799896295002,8.96698608002106,14.538591331387561
2026-01-12,daily,all subpops,Age 4,new_H,baseline,10.16116112996454,8.099067980804966,13.151271304781208
2026-01-13,daily,all subpops,Age 4,new_H,baseline,9.44872038236527,7.5386826706950725,12.245643549542288
2026-01-14,daily,all subpops,Age 4,new_H,baseline,8.988762617092137,7.179461341765088,11.610511987591728
2026-01-15,daily,all subpops,Age 4,new_H,baseline,8.587583815064196,6.84551388100972,11.027217946964566
2026-01-16,daily,all subpops,Age 4,new_H,baseline,8.248522191977942,6.5478023559362395,10.506192924786728
2026-01-17,daily,all subpops,Age 4,new_H,baseline,7.936599157065847,6.274018325814943,10.02899708988376
2026-01-18,daily,all subpops,Age 4,new_H,baseline,7.3434959581330155,5.808721509641073,9.283917384828179
2026-01-19,daily,all subpops,Age 4,new_H,baseline,6.586811040776165,5.2022173565398075,8.346388983499441
2026-01-20,daily,all subpops,Age 4,new_H,baseline,6.012068253595528,4.739654572929546,7.694570299846237
2026-01-21,daily,all subpops,Age 4,new_H,baseline,5.667228134277364,4.446026404738362,7.325775422773135
2026-01-22,daily,all subpops,Age 4,new_H,baseline,5.412412660913379,4.209880242381569,7.088330821475641
2026-01-23,daily,all subpops,Age 4,new_H,baseline,5.187604837853636,4.013076738593319,6.858271246800015
2026-01-24,daily,all subpops,Age 4,new_H,baseline,4.969994967989116,3.8320618609994272,6.632825321891609
2026-01-25,daily,all subpops,Age 4,new_H,baseline,4.607754870536079,3.529761200623342,6.198076306340069
2026-01-26,daily,all subpops,Age 4,new_H,baseline,4.161990833202282,3.1796946673163564,5.628165035676339
2026-01-27,daily,all subpops,Age 4,new_H,baseline,3.8630381435000425,2.937420983280132,5.206940228409268
2026-01-28,daily,all subpops,Age 4,new_H,baseline,3.669264213693574,2.751593704255522,4.952621166347265
2026-01-29,daily,all subpops,Age 4,new_H,baseline,3.5395655751238215,2.632056153146425,4.791507657867081
2026-01-30,daily,all subpops,Age 4,new_H,baseline,3.440812733942739,2.554101937737829,4.656710062982605
2026-01-31,daily,all subpops,Age 4,new_H,baseline,3.3312849860112825,2.478365357255712,4.496464861396598
2026-02-01,daily,all subpops,Age 4,new_H,baseline,3.088771824579124,2.3154388867729203,4.226928327733596
2026-02-02,daily,all subpops,Age 4,new_H,baseline,2.797349970130297,2.1133861382396146,3.822742519469545
2026-02-03,daily,all subpops,Age 4,new_H,baseline,2.5893471212518104,1.9490065314680947,3.5425826632839055
2026-02-04,daily,all subpops,Age 4,new_H,baseline,2.453400732531045,1.8316088134081812,3.3882024612805535
2026-02-05,daily,all subpops,Age 4,new_H,baseline,2.359308955983107,1.7665190060863152,3.2762110172997225
2026-02-06,daily,all subpops,Age 4,new_H,baseline,2.303260772679282,1.707041273470722,3.1761560567424785
2026-02-07,daily,all subpops,Age 4,new_H,baseline,2.2266657862364165,1.6359725580819395,3.0956134803269277
2026-02-08,daily,all subpops,Age 4,new_H,baseline,2.0861768668414884,1.5124439491694381,2.9452449814135138
2026-02-09,daily,all subpops,Age 4,new_H,baseline,1.9153308668246807,1.3791813506572967,2.711392905984056
2026-02-10,daily,all subpops,Age 4,new_H,baseline,1.8244294988101317,1.2990189302235755,2.59624899552679
2026-02-11,daily,all subpops,Age 4,new_H,baseline,1.7936080888625558,1.2628168026133644,2.5153723686753318
2026-02-12,daily,all subpops,Age 4,new_H,baseline,1.764715567995158,1.244430088530052,2.4791472940479955
2026-02-13,daily,all subpops,Age 4,new_H,baseline,1.7647548538128377,1.2453447676998617,2.449413662709735
2026-02-14,daily,all subpops,Age 4,new_H,baseline,1.7688701552298245,1.2473003847468245,2.450644963103722
2026-02-15,daily,all subpops,Age 4,new_H,baseline,1.6906066702379912,1.1979966912135172,2.3531652686533944
2026-02-16,daily,all subpops,Age 4,new_H,baseline,1.573681191869349,1.124426706049416,2.189800148188512
2026-02-17,daily,all subpops,Age 4,new_H,baseline,1.4982871798329798,1.05335189978198,2.0774393380026193
2026-02-18,daily,all subpops,Age 4,new_H,baseline,1.4497165904233258,1.0303709655570192,2.0222429689398447
2026-02-19,daily,all subpops,Age 4,new_H,baseline,1.4164667934313036,0.9810835124170585,1.9779906619350718
2026-02-20,daily,all subpops,Age 4,new_H,baseline,1.3840374003912568,0.9483819594309304,1.9498893991143393
2026-02-21,daily,all subpops,Age 4,new_H,baseline,1.3468340238520424,0.921378552763928,1.9166096485783453
2026-02-22,daily,all subpops,Age 4,new_H,baseline,1.2647988705356739,0.8556314354250566,1.806152401348825
2026-02-23,daily,all subpops,Age 4,new_H,baseline,1.1662144361006326,0.7840685943523978,1.6642102910616925
2026-02-24,daily,all subpops,Age 4,new_H,baseline,1.1209376227981385,0.7541211235259782,1.6056229217927351
2026-02-25,daily,all subpops,Age 4,new_H,baseline,1.1236519332143593,0.7576167710469315,1.6149640623376222
2026-02-26,daily,all subpops,Age 4,new_H,baseline,1.1425830061185196,0.7706697735761359,1.6324084896789623
2026-02-27,daily,all subpops,Age 4,new_H,baseline,1.1612275155460898,0.7914402454297302,1.6568513015288426
2026-02-28,daily,all subpops,Age 4,new_H,baseline,1.180741453113641,0.8098645052894263,1.66071109138574
2026-03-01,daily,all subpops,Age 4,new_H,baseline,1.1404206233176453,0.7818630088567777,1.6257103478159298
2026-03-02,daily,all subpops,Age 4,new_H,baseline,1.071397129245562,0.7332906565314928,1.5419219301499942
2026-03-03,daily,all subpops,Age 4,new_H,baseline,1.05239056877772,0.7257072919581044,1.5084223993802868
2026-03-04,daily,all subpops,Age 4,new_H,baseline,1.0681704134643404,0.7326341880178034,1.5233565327244996
2026-03-05,daily,all subpops,Age 4,new_H,baseline,1.08312148381061,0.7332299513612103,1.5721932620432129
2026-03-06,daily,all subpops,Age 4,new_H,baseline,1.099538656389846,0.7361792524679911,1.6176046488354041
2026-03-07,daily,all subpops,Age 4,new_H,baseline,1.1106997842092063,0.7291319348987918,1.6561107840636615
2026-03-08,daily,all subpops,Age 4,new_H,baseline,1.0603246816617253,0.6925365864540235,1.6094460719514558
2026-03-09,daily,all subpops,Age 4,new_H,baseline,0.983022415124452,0.6371147650580783,1.4913999883639082
2026-03-10,daily,all subpops,Age 4,new_H,baseline,0.9459619623328517,0.6062939071711162,1.4255340229687612
2026-03-11,daily,all subpops,Age 4,new_H,baseline,0.9340551728070756,0.5934090531342239,1.4115828723094483
2026-03-12,daily,all subpops,Age 4,new_H,baseline,0.9292959576254023,0.5817941666855265,1.4126406359712007
2026-03-13,daily,all subpops,Age 4,new_H,baseline,0.9318436228872267,0.5752075075969264,1.4590067703806675
2026-03-14,daily,all subpops,Age 4,new_H,baseline,0.9343511383467706,0.5694923557776654,1.4645284803958771
2026-03-15,daily,all subpops,Age 4,new_H,baseline,0.8934814213365934,0.5466592505018962,1.3914751648384163
2026-03-16,daily,all subpops,Age 4,new_H,baseline,0.8300690970170268,0.5081703234472048,1.3092037585466674
2026-03-17,daily,all subpops,Age 4,new_H,baseline,0.7891424995884295,0.48440621584477106,1.258740964538889
2026-03-18,daily,all subpops,Age 4,new_H,baseline,0.7790331078692538,0.4738814079755829,1.230782227620356
2026-03-19,daily,all subpops,Age 4,new_H,baseline,0.791883360528935,0.4768937506746993,1.261814506350167
2026-03-20,daily,all subpops,Age 4,new_H,baseline,0.8081345570759042,0.47917184596514956,1.2781685462764387
2026-03-21,daily,all subpops,Age 4,new_H,baseline,0.8159398452924018,0.48152645323875964,1.2894838813112544
2026-03-22,daily,all subpops,Age 4,new_H,baseline,0.7765939438800473,0.4598722308121009,1.241577603947662
2026-03-23,daily,all subpops,Age 4,new_H,baseline,0.7225848457174167,0.4249891767521196,1.1489819785810942
2026-03-24,daily,all subpops,Age 4,new_H,baseline,0.7005996446210072,0.4064950977232207,1.1121496854950546
2026-03-25,daily,all subpops,Age 4,new_H,baseline,0.7050978762537374,0.4056014206028243,1.115733709348824
2026-03-26,daily,all subpops,Age 4,new_H,baseline,0.7175282752244316,0.4134169775842367,1.1274563526246009
2026-03-27,daily,all subpops,Age 4,new_H,baseline,0.7280160505508972,0.4203443834086971,1.1349337431774262
2026-03-28,daily,all subpops,Age 4,new_H,baseline,0.735303350229191,0.4310502710259944,1.1438237322423561
2026-03-29,daily,all subpops,Age 4,new_H,baseline,0.7136649071729817,0.42410684773030227,1.1112019846690895
2026-03-30,daily,all subpops,Age 4,new_H,baseline,0.6794977967556898,0.40099874299002575,1.0534941937666558
2026-03-31,daily,all subpops,Age 4,new_H,baseline,0.6639756503123939,0.3900334183861237,1.0265661741582046
2026-04-01,daily,all subpops,Age 4,new_H,baseline,0.6572606240656826,0.39095342623807905,1.013644720093612
2026-04-02,daily,all subpops,Age 4,new_H,baseline,0.6577041021420993,0.38835444010530296,1.0027942643320717
2026-04-03,daily,all subpops,Age 4,new_H,baseline,0.6606206352617103,0.3920316645686764,0.9931424066590235
2026-04-04,daily,all subpops,Age 4,new_H,baseline,0.6579634290006199,0.38776774832557054,0.9869541624472216
2026-04-05,daily,all subpops,Age 4,new_H,baseline,0.6254420600297226,0.37045680252154384,0.9356810744646659
2026-04-06,daily,all subpops,Age 4,new_H,baseline,0.5772827146389862,0.345717237801557,0.8682026527441569
2026-04-07,daily,all subpops,Age 4,new_H,baseline,0.5553821421169618,0.33532578673165314,0.8401616824277633
2026-04-08,daily,all subpops,Age 4,new_H,baseline,0.5531633534980859,0.3337301807317464,0.8410616990451336
2026-04-09,daily,all subpops,Age 4,new_H,baseline,0.5615860639410879,0.34289570072326514,0.8682600222970891
2026-04-10,daily,all subpops,Age 4,new_H,baseline,0.5713044098970809,0.3535812807527573,0.8839712524317263
2026-04-11,daily,all subpops,Age 4,new_H,baseline,0.5786374174399049,0.35576949314478656,0.891221573744964
2026-04-12,daily,all subpops,Age 4,new_H,baseline,0.5502277730884833,0.33385188590892434,0.859663684493396
2026-04-13,daily,all subpops,Age 4,new_H,baseline,0.508263860945475,0.30758544768301377,0.8046621733616122
2026-04-14,daily,all subpops,Age 4,new_H,baseline,0.47941777833783095,0.28770808063258735,0.7614696526560861
2026-04-15,daily,all subpops,Age 4,new_H,baseline,0.46313591656561937,0.2669714174792292,0.7532001734895692
2026-04-16,daily,all subpops,Age 4,new_H,baseline,0.4512492813809573,0.2612651828562588,0.7458620091124071
2026-04-17,daily,all subpops,Age 4,new_H,baseline,0.44084081457920077,0.24870118617880535,0.7460060885824084
2026-04-18,daily,all subpops,Age 4,new_H,baseline,0.42546567567647375,0.23488791242544513,0.7312640490006093
2026-04-19,daily,all subpops,Age 4,new_H,baseline,0.39621152392786985,0.21491594402108213,0.6874423772296607
2026-04-20,daily,all subpops,Age 4,new_H,baseline,0.364007471389742,0.19269710752200028,0.6418749498300332
2026-04-21,daily,all subpops,Age 4,new_H,baseline,0.33996211524998166,0.17445811546697587,0.607451502111812
2026-04-22,daily,all subpops,Age 4,new_H,baseline,0.32396144355696166,0.16423629286784527,0.5919643689212378
2026-04-23,daily,all subpops,Age 4,new_H,baseline,0.31262589140373476,0.15548741217162138,0.5836788496381902
2026-04-24,daily,all subpops,Age 4,new_H,baseline,0.3040381446542575,0.14633605071790676,0.5790898410247158
2026-04-25,daily,all subpops,Age 4,new_H,baseline,0.2929603222853771,0.13785209455529795,0.5658448647719453
2026-04-26,daily,all subpops,Age 4,new_H,baseline,0.2715847823600138,0.12405231894279155,0.5353979821666051
2026-04-27,daily,all subpops,Age 4,new_H,baseline,0.2483110186404558,0.11033672702845085,0.5042343721272775
2026-04-28,daily,all subpops,Age 4,new_H,baseline,0.23442696162713705,0.10107628905461183,0.4976507665199729
2026-04-29,daily,all subpops,Age 4,new_H,baseline,0.22795177636126812,0.09466025004691836,0.5035593395968792
2026-04-30,daily,all subpops,Age 4,new_H,baseline,0.22355426613953705,0.0887805565233941,0.5156832650684168
2026-05-01,daily,all subpops,Age 4,new_H,baseline,0.2185598610990899,0.08397494564038215,0.5293870672933942
2026-05-02,daily,all subpops,Age 4,new_H,baseline,0.2127807360696557,0.07929382067385765,0.5583095526038379
2026-05-03,daily,all subpops,Age 4,new_H,baseline,0.202027586818423,0.07188330716538954,0.5342129531538141
2026-05-04,daily,all subpops,Age 4,new_H,baseline,0.18567198255564704,0.06442799008350708,0.49498044552832393
2026-05-05,daily,all subpops,Age 4,new_H,baseline,0.17398396154734624,0.05789881970967029,0.4814514816436209
2026-05-06,daily,all subpops,Age 4,new_H,baseline,0.1708496671149448,0.05180754131324018,0.4832174852577168
2026-05-07,daily,all subpops,Age 4,new_H,baseline,0.16839139358447858,0.04774271841181066,0.5018751670193882
2026-05-08,daily,all subpops,Age 4,new_H,baseline,0.16770845779863525,0.04387733838552714,0.5162805361988567
2025-09-01,daily,all subpops,Age 5,new_H,baseline,0.04907106968288645,0.016387768852864294,0.10972687633788775
2025-09-02,daily,all subpops,Age 5,new_H,baseline,0.11815065666684695,0.03954097066443705,0.26365871125613455
2025-09-03,daily,all subpops,Age 5,new_H,baseline,0.14759222258215804,0.04968971159277884,0.32765001996806936
2025-09-04,daily,all subpops,Age 5,new_H,baseline,0.16166702851308118,0.05476829869845138,0.35564701923334247
2025-09-05,daily,all subpops,Age 5,new_H,baseline,0.16884432284155243,0.057748382782905644,0.3681692424731916
2025-09-06,daily,all subpops,Age 5,new_H,baseline,0.17055168370368257,0.059617674090655416,0.3708868499389457
2025-09-07,daily,all subpops,Age 5,new_H,baseline,0.1654035998856537,0.05852741582879695,0.3573108564541854
2025-09-08,daily,all subpops,Age 5,new_H,baseline,0.15731105461221354,0.05639977833196525,0.33364397728839007
2025-09-09,daily,all subpops,Age 5,new_H,baseline,0.15539231810660145,0.057016347280915106,0.32330948149558886
2025-09-10,daily,all subpops,Age 5,new_H,baseline,0.1569465030154034,0.05948417939234023,0.3206758980329391
2025-09-11,daily,all subpops,Age 5,new_H,baseline,0.15896920210165022,0.062433277060166145,0.32033862729573404
2025-09-12,daily,all subpops,Age 5,new_H,baseline,0.16325404539188487,0.06451231569635421,0.3273944257845967
2025-09-13,daily,all subpops,Age 5,new_H,baseline,0.16667773486376505,0.06724154012474111,0.3326999954890357
2025-09-14,daily,all subpops,Age 5,new_H,baseline,0.16407638754820347,0.06731961622194996,0.3254949932839119
2025-09-15,daily,all subpops,Age 5,new_H,baseline,0.15757127463318354,0.06606495318684175,0.3112012412665822
2025-09-16,daily,all subpops,Age 5,new_H,baseline,0.15555082263117712,0.06795940165642728,0.3061086037778444
2025-09-17,daily,all subpops,Age 5,new_H,baseline,0.15621275656002562,0.07093180808626477,0.30621581357812055
2025-09-18,daily,all subpops,Age 5,new_H,baseline,0.15852567088299366,0.07547351906801958,0.3097293090961168
2025-09-19,daily,all subpops,Age 5,new_H,baseline,0.16076047359969187,0.07617546272262278,0.31246147484287806
2025-09-20,daily,all subpops,Age 5,new_H,baseline,0.16260315179668133,0.07689825140838853,0.3136569721516626
2025-09-21,daily,all subpops,Age 5,new_H,baseline,0.15892323921286539,0.07767946109251421,0.3021979771769755
2025-09-22,daily,all subpops,Age 5,new_H,baseline,0.1518738466407749,0.07390387855377735,0.28850439140051515
2025-09-23,daily,all subpops,Age 5,new_H,baseline,0.1480089272431177,0.07217894560147668,0.2821005360393649
2025-09-24,daily,all subpops,Age 5,new_H,baseline,0.1476042069890656,0.07074477335429079,0.27837509555959383
2025-09-25,daily,all subpops,Age 5,new_H,baseline,0.14787700450276073,0.06982683270135272,0.2793538970127499
2025-09-26,daily,all subpops,Age 5,new_H,baseline,0.14848262345675162,0.06922291823526068,0.2759310780964873
2025-09-27,daily,all subpops,Age 5,new_H,baseline,0.1476341688818593,0.07001765780104219,0.27331733804982106
2025-09-28,daily,all subpops,Age 5,new_H,baseline,0.14136478395707697,0.06670319930755998,0.2627392256953657
2025-09-29,daily,all subpops,Age 5,new_H,baseline,0.13194191794172655,0.062371332180594416,0.2501243701014809
2025-09-30,daily,all subpops,Age 5,new_H,baseline,0.1267965367601679,0.05955721282230267,0.24128159635989596
2025-10-01,daily,all subpops,Age 5,new_H,baseline,0.12405933412852273,0.057812263229029166,0.24056869663171687
2025-10-02,daily,all subpops,Age 5,new_H,baseline,0.12551263022206866,0.056878131333732665,0.24364926537441328
2025-10-03,daily,all subpops,Age 5,new_H,baseline,0.12810553275695918,0.05993579171994639,0.2506992757601193
2025-10-04,daily,all subpops,Age 5,new_H,baseline,0.13051006455428293,0.06038548434136542,0.25550826883230116
2025-10-05,daily,all subpops,Age 5,new_H,baseline,0.12724245048369656,0.05916590239330167,0.2535557374167192
2025-10-06,daily,all subpops,Age 5,new_H,baseline,0.12124464345808167,0.0555222531124551,0.24816273341381348
2025-10-07,daily,all subpops,Age 5,new_H,baseline,0.11824580176999067,0.054045827390125326,0.24556162496052525
2025-10-08,daily,all subpops,Age 5,new_H,baseline,0.11879613533380957,0.054013419178438965,0.24674975878134972
2025-10-09,daily,all subpops,Age 5,new_H,baseline,0.12087983912702356,0.0550927130207967,0.25275081508136765
2025-10-10,daily,all subpops,Age 5,new_H,baseline,0.12688465135389954,0.057220568327933215,0.265906577343895
2025-10-11,daily,all subpops,Age 5,new_H,baseline,0.13352727773790443,0.0588878283306932,0.27909850235546313
2025-10-12,daily,all subpops,Age 5,new_H,baseline,0.13414941344272568,0.05924620492742741,0.277770126735711
2025-10-13,daily,all subpops,Age 5,new_H,baseline,0.1313426836521471,0.058357274623421086,0.27066669306961716
2025-10-14,daily,all subpops,Age 5,new_H,baseline,0.13230549542366996,0.057729898860168785,0.2724902474599149
2025-10-15,daily,all subpops,Age 5,new_H,baseline,0.13775222347377153,0.058623655387286144,0.2878404316230513
2025-10-16,daily,all subpops,Age 5,new_H,baseline,0.1437431616524827,0.06282388930833259,0.30347350914216603
2025-10-17,daily,all subpops,Age 5,new_H,baseline,0.15535474357477796,0.06843663669895454,0.32084739762579567
2025-10-18,daily,all subpops,Age 5,new_H,baseline,0.16800002424539637,0.07403857831048578,0.33830987868507356
2025-10-19,daily,all subpops,Age 5,new_H,baseline,0.17097256915377304,0.07733857728178571,0.34313281547324076
2025-10-20,daily,all subpops,Age 5,new_H,baseline,0.16903988423664396,0.07804767074081524,0.3370160972868663
2025-10-21,daily,all subpops,Age 5,new_H,baseline,0.17287539919731926,0.0820077240574234,0.34238417246930936
2025-10-22,daily,all subpops,Age 5,new_H,baseline,0.18226767523646728,0.08916672128669131,0.35638172031977033
2025-10-23,daily,all subpops,Age 5,new_H,baseline,0.19645521762632845,0.0980834504293491,0.37086762883113134
2025-10-24,daily,all subpops,Age 5,new_H,baseline,0.21445204897022252,0.10855160046579154,0.40288520781000403
2025-10-25,daily,all subpops,Age 5,new_H,baseline,0.23560722452894234,0.11940132978205566,0.43284713281581283
2025-10-26,daily,all subpops,Age 5,new_H,baseline,0.24379874019188205,0.1245319142972846,0.4540367595374674
2025-10-27,daily,all subpops,Age 5,new_H,baseline,0.24659688817631326,0.12808450616494646,0.45301316728044533
2025-10-28,daily,all subpops,Age 5,new_H,baseline,0.26161014364744783,0.13786045199068023,0.4791879481939426
2025-10-29,daily,all subpops,Age 5,new_H,baseline,0.28631292276524367,0.152156087700359,0.5138965188555558
2025-10-30,daily,all subpops,Age 5,new_H,baseline,0.3142556115518172,0.16952092096315355,0.5674289565222658
2025-10-31,daily,all subpops,Age 5,new_H,baseline,0.345600136550792,0.18441348233623642,0.6104858531387983
2025-11-01,daily,all subpops,Age 5,new_H,baseline,0.3752870747532026,0.19885746551049985,0.6653454160593256
2025-11-02,daily,all subpops,Age 5,new_H,baseline,0.3863160196877857,0.2052982881313273,0.6887538902389012
2025-11-03,daily,all subpops,Age 5,new_H,baseline,0.38979354800072674,0.20608267128448013,0.6970028230451056
2025-11-04,daily,all subpops,Age 5,new_H,baseline,0.4084577440710557,0.21702008453966473,0.7370540110603709
2025-11-05,daily,all subpops,Age 5,new_H,baseline,0.43872444752324136,0.23849479469906662,0.7978133922987523
2025-11-06,daily,all subpops,Age 5,new_H,baseline,0.47834364032783233,0.2667308228386462,0.861216311215804
2025-11-07,daily,all subpops,Age 5,new_H,baseline,0.5275360118612737,0.29818706772486686,0.9398128913533831
2025-11-08,daily,all subpops,Age 5,new_H,baseline,0.5748174115029336,0.33005877741842704,1.007819755740736
2025-11-09,daily,all subpops,Age 5,new_H,baseline,0.5919354558172572,0.3486412150855502,1.0236252563197024
2025-11-10,daily,all subpops,Age 5,new_H,baseline,0.5865424447738692,0.34972219016716505,1.0020143896473932
2025-11-11,daily,all subpops,Age 5,new_H,baseline,0.6002964076352437,0.36191735250756385,1.0061240054906113
2025-11-12,daily,all subpops,Age 5,new_H,baseline,0.6359085438887101,0.3840211190273126,1.0436902204393228
2025-11-13,daily,all subpops,Age 5,new_H,baseline,0.6837478217905524,0.41692284712879735,1.1067899285086036
2025-11-14,daily,all subpops,Age 5,new_H,baseline,0.7419740932000112,0.4524759291560867,1.1923267679796021
2025-11-15,daily,all subpops,Age 5,new_H,baseline,0.8036215466001777,0.49608098012913876,1.2792244271662283
2025-11-16,daily,all subpops,Age 5,new_H,baseline,0.8284970395967235,0.510500446635568,1.3207056404034818
2025-11-17,daily,all subpops,Age 5,new_H,baseline,0.828283312584807,0.5074920979486464,1.3248906117255859
2025-11-18,daily,all subpops,Age 5,new_H,baseline,0.8741627803806928,0.5388396073561517,1.3864947812198658
2025-11-19,daily,all subpops,Age 5,new_H,baseline,0.9528007529435016,0.594241409886579,1.4927608682706508
2025-11-20,daily,all subpops,Age 5,new_H,baseline,1.05330449780715,0.6575840585154193,1.6181761746249566
2025-11-21,daily,all subpops,Age 5,new_H,baseline,1.17943540017871,0.739392866851881,1.7585091696317938
2025-11-22,daily,all subpops,Age 5,new_H,baseline,1.2946262223696605,0.8189187017075131,1.9143765220945765
2025-11-23,daily,all subpops,Age 5,new_H,baseline,1.3402544171798842,0.856929301911788,1.977033343525951
2025-11-24,daily,all subpops,Age 5,new_H,baseline,1.3577704425963497,0.8751425405889359,1.9822553117719897
2025-11-25,daily,all subpops,Age 5,new_H,baseline,1.4434131379411177,0.9442199895023625,2.062207274424257
2025-11-26,daily,all subpops,Age 5,new_H,baseline,1.5720137622339996,1.0513041279222535,2.2390959685227085
2025-11-27,daily,all subpops,Age 5,new_H,baseline,1.7036172036758348,1.1492797927452234,2.401307736503587
2025-11-28,daily,all subpops,Age 5,new_H,baseline,1.7680360298372624,1.206920172196168,2.5152964394294752
2025-11-29,daily,all subpops,Age 5,new_H,baseline,1.8820776120861518,1.2941016383909494,2.673406081109805
2025-11-30,daily,all subpops,Age 5,new_H,baseline,1.9382582852960817,1.3409588756087814,2.7557801217756435
2025-12-01,daily,all subpops,Age 5,new_H,baseline,1.9600605966947267,1.367185092986274,2.771563966651681
2025-12-02,daily,all subpops,Age 5,new_H,baseline,2.075892250626163,1.4662631180312709,2.9468784379395525
2025-12-03,daily,all subpops,Age 5,new_H,baseline,2.277034250618811,1.628452580548629,3.21845734422265
2025-12-04,daily,all subpops,Age 5,new_H,baseline,2.528306474941509,1.8151520611974108,3.5718491940392743
2025-12-05,daily,all subpops,Age 5,new_H,baseline,2.8738277535881274,2.068506555906079,4.027273636233311
2025-12-06,daily,all subpops,Age 5,new_H,baseline,3.257279657355041,2.3767697794015565,4.539617843839129
2025-12-07,daily,all subpops,Age 5,new_H,baseline,3.4678004178566955,2.538682823167472,4.8493305587557884
2025-12-08,daily,all subpops,Age 5,new_H,baseline,3.5775135567730016,2.650328877364289,4.988587707621557
2025-12-09,daily,all subpops,Age 5,new_H,baseline,3.906065389916013,2.936861462177766,5.422479975684297
2025-12-10,daily,all subpops,Age 5,new_H,baseline,4.423946274096772,3.3459732036629433,6.14814633142612
2025-12-11,daily,all subpops,Age 5,new_H,baseline,5.055644608758214,3.818825089145941,6.9702977892760964
2025-12-12,daily,all subpops,Age 5,new_H,baseline,5.8168431694892755,4.401017481210511,8.060812384742048
2025-12-13,daily,all subpops,Age 5,new_H,baseline,6.65683789316356,5.083301647136815,9.224510956941659
2025-12-14,daily,all subpops,Age 5,new_H,baseline,7.140176853054488,5.442032510627557,9.767407708734181
2025-12-15,daily,all subpops,Age 5,new_H,baseline,7.44628363197894,5.684653764776106,10.136950041186575
2025-12-16,daily,all subpops,Age 5,new_H,baseline,8.231665994568436,6.288828070152893,11.191435770829546
2025-12-17,daily,all subpops,Age 5,new_H,baseline,9.374089005104043,7.16151658343015,12.67427675056234
2025-12-18,daily,all subpops,Age 5,new_H,baseline,10.75710602319549,8.23992509915478,14.419082664004629
2025-12-19,daily,all subpops,Age 5,new_H,baseline,12.334758052259591,9.447583636844325,16.328370773133564
2025-12-20,daily,all subpops,Age 5,new_H,baseline,13.898785225304305,10.66891034496751,18.247936046776832
2025-12-21,daily,all subpops,Age 5,new_H,baseline,14.776750575001707,11.414867709243147,19.14609131205882
2025-12-22,daily,all subpops,Age 5,new_H,baseline,15.339176706134538,11.958481662160843,19.655619493603442
2025-12-23,daily,all subpops,Age 5,new_H,baseline,16.75290224845991,13.18781610353356,21.297277333463352
2025-12-24,daily,all subpops,Age 5,new_H,baseline,18.526316551709172,14.639420424091004,23.339802591156722
2025-12-25,daily,all subpops,Age 5,new_H,baseline,20.124406421526267,16.09417178572474,25.378959200039382
2025-12-26,daily,all subpops,Age 5,new_H,baseline,20.875914930091525,16.740271175171898,26.430945251838015
2025-12-27,daily,all subpops,Age 5,new_H,baseline,21.624963634149683,17.400034736685175,27.481460204177342
2025-12-28,daily,all subpops,Age 5,new_H,baseline,21.63987899965164,17.35738557388066,27.15536766420499
2025-12-29,daily,all subpops,Age 5,new_H,baseline,20.934516655679786,16.797183032320856,26.109785817803377
2025-12-30,daily,all subpops,Age 5,new_H,baseline,20.58451190535194,16.55665951141526,25.724214965249846
2025-12-31,daily,all subpops,Age 5,new_H,baseline,20.669966034706025,16.568683961669887,25.8092106019168
2026-01-01,daily,all subpops,Age 5,new_H,baseline,20.64349901091537,16.660452873351485,25.802849494882324
2026-01-02,daily,all subpops,Age 5,new_H,baseline,19.95503248385595,16.118244580443005,24.82706774663727
2026-01-03,daily,all subpops,Age 5,new_H,baseline,19.226891637897573,15.511254789976705,23.824029194281742
2026-01-04,daily,all subpops,Age 5,new_H,baseline,17.99454251362446,14.53189853544447,22.19843021710283
2026-01-05,daily,all subpops,Age 5,new_H,baseline,16.494023915099937,13.209513813076688,20.339168463471683
2026-01-06,daily,all subpops,Age 5,new_H,baseline,15.379077284474944,12.39519064557855,19.13999237402064
2026-01-07,daily,all subpops,Age 5,new_H,baseline,14.530860897022322,11.673031111793732,18.16538946596305
2026-01-08,daily,all subpops,Age 5,new_H,baseline,13.847531245245612,10.99134154731991,17.474805841884972
2026-01-09,daily,all subpops,Age 5,new_H,baseline,13.215909979612608,10.450430797693832,16.69569837414149
2026-01-10,daily,all subpops,Age 5,new_H,baseline,12.568252030984706,9.881376328829218,15.872417186047286
2026-01-11,daily,all subpops,Age 5,new_H,baseline,11.57927510686109,9.047028920694679,14.695243376830803
2026-01-12,daily,all subpops,Age 5,new_H,baseline,10.45292094097793,8.167258548960698,13.331702638777418
2026-01-13,daily,all subpops,Age 5,new_H,baseline,9.650417349284183,7.558937823307196,12.344735389480988
2026-01-14,daily,all subpops,Age 5,new_H,baseline,9.100248491021802,7.176578141157404,11.678823378797798
2026-01-15,daily,all subpops,Age 5,new_H,baseline,8.626303955189648,6.821406877116189,11.146821062191265
2026-01-16,daily,all subpops,Age 5,new_H,baseline,8.229286172352705,6.458540847590669,10.704585894074473
2026-01-17,daily,all subpops,Age 5,new_H,baseline,7.883923032065088,6.0974822820310886,10.267917483867643
2026-01-18,daily,all subpops,Age 5,new_H,baseline,7.27272926681397,5.646737277453671,9.42388946567207
2026-01-19,daily,all subpops,Age 5,new_H,baseline,6.572021529492284,5.096167129469336,8.507924469023257
2026-01-20,daily,all subpops,Age 5,new_H,baseline,6.0604024328444925,4.684210308936438,7.734512733504632
2026-01-21,daily,all subpops,Age 5,new_H,baseline,5.7227107300056135,4.402752862185355,7.358030080288539
2026-01-22,daily,all subpops,Age 5,new_H,baseline,5.448140602994712,4.14128762715909,7.129733063030819
2026-01-23,daily,all subpops,Age 5,new_H,baseline,5.201060152627834,3.9041368460583405,6.9565270567733
2026-01-24,daily,all subpops,Age 5,new_H,baseline,4.944797169749394,3.692369919124384,6.701816585695168
2026-01-25,daily,all subpops,Age 5,new_H,baseline,4.568058792752652,3.3897948517386167,6.236561593665107
2026-01-26,daily,all subpops,Age 5,new_H,baseline,4.145666363783533,3.054186318002394,5.701184052412583
2026-01-27,daily,all subpops,Age 5,new_H,baseline,3.849278256650897,2.810648824387371,5.304703230445506
2026-01-28,daily,all subpops,Age 5,new_H,baseline,3.6368578339959434,2.64894586205234,5.015158364629058
2026-01-29,daily,all subpops,Age 5,new_H,baseline,3.481081449952174,2.549272755697635,4.79471428999984
2026-01-30,daily,all subpops,Age 5,new_H,baseline,3.3625278758357053,2.444900808031886,4.614664454757065
2026-01-31,daily,all subpops,Age 5,new_H,baseline,3.228515527012629,2.3131488146189154,4.411087651322691
2026-02-01,daily,all subpops,Age 5,new_H,baseline,3.0032108089670286,2.137921854275144,4.0870304753681745
2026-02-02,daily,all subpops,Age 5,new_H,baseline,2.72341680781998,1.9416538122479883,3.742192998450115
2026-02-03,daily,all subpops,Age 5,new_H,baseline,2.541988887140356,1.7977096664753855,3.4824088728113227
2026-02-04,daily,all subpops,Age 5,new_H,baseline,2.4104232307186853,1.7115138111624852,3.358250059832287
2026-02-05,daily,all subpops,Age 5,new_H,baseline,2.310343760519917,1.631660885459407,3.2881347377361876
2026-02-06,daily,all subpops,Age 5,new_H,baseline,2.2331768620663683,1.5763695747953765,3.2262729551461615
2026-02-07,daily,all subpops,Age 5,new_H,baseline,2.161731893281175,1.5234964160425046,3.1292095692290296
2026-02-08,daily,all subpops,Age 5,new_H,baseline,2.0372340993557443,1.424026135174712,2.9199751579783846
2026-02-09,daily,all subpops,Age 5,new_H,baseline,1.887470424846133,1.2998232946110746,2.6908639733695514
2026-02-10,daily,all subpops,Age 5,new_H,baseline,1.7912901663816552,1.2283621393901567,2.5583948698497014
2026-02-11,daily,all subpops,Age 5,new_H,baseline,1.7428157156311184,1.1975659497579743,2.4884983752132372
2026-02-12,daily,all subpops,Age 5,new_H,baseline,1.717966233301854,1.183817393894375,2.4539006212481294
2026-02-13,daily,all subpops,Age 5,new_H,baseline,1.712715502728324,1.1759816661000349,2.4412096213245507
2026-02-14,daily,all subpops,Age 5,new_H,baseline,1.7037389190339693,1.1735244936014961,2.4466309417630914
2026-02-15,daily,all subpops,Age 5,new_H,baseline,1.6396444913026604,1.1267651014233337,2.338219254759218
2026-02-16,daily,all subpops,Age 5,new_H,baseline,1.5393453584314725,1.047627402293314,2.19441394867717
2026-02-17,daily,all subpops,Age 5,new_H,baseline,1.4884653042155864,1.0078895327833086,2.1336695475257286
2026-02-18,daily,all subpops,Age 5,new_H,baseline,1.4764461978370913,0.996752034360145,2.1156101031382075
2026-02-19,daily,all subpops,Age 5,new_H,baseline,1.4707561427617843,0.9863752009256924,2.118044112333319
2026-02-20,daily,all subpops,Age 5,new_H,baseline,1.4645752666180751,0.9762863657757732,2.1085694348432975
2026-02-21,daily,all subpops,Age 5,new_H,baseline,1.4452458599157594,0.9540483709831524,2.0664105514150917
2026-02-22,daily,all subpops,Age 5,new_H,baseline,1.3779401964244764,0.9028903107859274,1.9484167594424417
2026-02-23,daily,all subpops,Age 5,new_H,baseline,1.2760425361220413,0.8347968706058189,1.8009409212823049
2026-02-24,daily,all subpops,Age 5,new_H,baseline,1.2193645190230564,0.799254969040055,1.7278279980617126
2026-02-25,daily,all subpops,Age 5,new_H,baseline,1.1997852891435605,0.7954007717956243,1.7119172655213435
2026-02-26,daily,all subpops,Age 5,new_H,baseline,1.2016593689065482,0.7975976984806314,1.710028289101122
2026-02-27,daily,all subpops,Age 5,new_H,baseline,1.2023907717256372,0.8111805004850168,1.7223711856815762
2026-02-28,daily,all subpops,Age 5,new_H,baseline,1.2022023429379067,0.8118757385477807,1.7548419701618607
2026-03-01,daily,all subpops,Age 5,new_H,baseline,1.1560898358639662,0.7856985461350756,1.7095241667952035
2026-03-02,daily,all subpops,Age 5,new_H,baseline,1.0944294124080356,0.7393144441138402,1.6047838651574124
2026-03-03,daily,all subpops,Age 5,new_H,baseline,1.0726782930087175,0.722819690379456,1.5438161728397197
2026-03-04,daily,all subpops,Age 5,new_H,baseline,1.0711533816228855,0.7183937257507719,1.5432574656252978
2026-03-05,daily,all subpops,Age 5,new_H,baseline,1.0803073278742463,0.7284853691595318,1.5786703624961644
2026-03-06,daily,all subpops,Age 5,new_H,baseline,1.091476027211602,0.7243282713994825,1.5987451226757003
2026-03-07,daily,all subpops,Age 5,new_H,baseline,1.0932192063194253,0.7231829925154611,1.6274190674911977
2026-03-08,daily,all subpops,Age 5,new_H,baseline,1.0486441982570536,0.6891925545841159,1.5814236931565073
2026-03-09,daily,all subpops,Age 5,new_H,baseline,0.9775003420556235,0.6365116611769918,1.4964049661630254
2026-03-10,daily,all subpops,Age 5,new_H,baseline,0.9336872113914283,0.6106612249610953,1.46436550264603
2026-03-11,daily,all subpops,Age 5,new_H,baseline,0.9161212850473663,0.5990809324599827,1.4391451544907512
2026-03-12,daily,all subpops,Age 5,new_H,baseline,0.9089883881818059,0.5924880061031835,1.4292372131003797
2026-03-13,daily,all subpops,Age 5,new_H,baseline,0.8966069321914283,0.5875312014516489,1.430898994554297
2026-03-14,daily,all subpops,Age 5,new_H,baseline,0.8928649391967179,0.5759299707000971,1.4297119165918157
2026-03-15,daily,all subpops,Age 5,new_H,baseline,0.8570836646824647,0.5489996821126687,1.3749253597483253
2026-03-16,daily,all subpops,Age 5,new_H,baseline,0.8071061186170263,0.5136413290499089,1.2809989697733781
2026-03-17,daily,all subpops,Age 5,new_H,baseline,0.7685676884086358,0.4901456080672936,1.2299601579091557
2026-03-18,daily,all subpops,Age 5,new_H,baseline,0.7577689045417805,0.47334510417929765,1.2161342886512994
2026-03-19,daily,all subpops,Age 5,new_H,baseline,0.7636923262688817,0.47934465345142685,1.242088710065971
2026-03-20,daily,all subpops,Age 5,new_H,baseline,0.7743459196106113,0.48794976808335727,1.2717074746598664
2026-03-21,daily,all subpops,Age 5,new_H,baseline,0.7758543513667995,0.4831419286790853,1.2961202219633556
2026-03-22,daily,all subpops,Age 5,new_H,baseline,0.7454057802700933,0.4649014722142334,1.2532640910092707
2026-03-23,daily,all subpops,Age 5,new_H,baseline,0.7010993730476112,0.4337432458775363,1.1715036435137094
2026-03-24,daily,all subpops,Age 5,new_H,baseline,0.6748997843413804,0.42064923506032864,1.1241540331961932
2026-03-25,daily,all subpops,Age 5,new_H,baseline,0.6743927534901953,0.4185937689359055,1.1193752480669756
2026-03-26,daily,all subpops,Age 5,new_H,baseline,0.6849213433155658,0.4222146527325272,1.106418752451277
2026-03-27,daily,all subpops,Age 5,new_H,baseline,0.6917800323153926,0.4235790276321589,1.1015500323363703
2026-03-28,daily,all subpops,Age 5,new_H,baseline,0.6945920899607583,0.4297139074598564,1.10296821524157
2026-03-29,daily,all subpops,Age 5,new_H,baseline,0.6779632259295558,0.42292149590176764,1.066142502401351
2026-03-30,daily,all subpops,Age 5,new_H,baseline,0.6472647461758488,0.40684726370001084,1.0122383460036737
2026-03-31,daily,all subpops,Age 5,new_H,baseline,0.6342731101782622,0.3945656294013209,0.985162993894401
2026-04-01,daily,all subpops,Age 5,new_H,baseline,0.6312921169341752,0.3880847057688144,0.96854480237264
2026-04-02,daily,all subpops,Age 5,new_H,baseline,0.6273070911329219,0.3898010285516606,0.9730980940326859
2026-04-03,daily,all subpops,Age 5,new_H,baseline,0.6255956981108555,0.3872823372403757,0.9789702613498875
2026-04-04,daily,all subpops,Age 5,new_H,baseline,0.6194234030020503,0.381320965841198,0.9796813240826169
2026-04-05,daily,all subpops,Age 5,new_H,baseline,0.5909861064237623,0.36585379657802264,0.9189599594357705
2026-04-06,daily,all subpops,Age 5,new_H,baseline,0.5502334500264402,0.34549428582220587,0.8436897082244633
2026-04-07,daily,all subpops,Age 5,new_H,baseline,0.5330645784030115,0.33382022353265817,0.8201260367044432
2026-04-08,daily,all subpops,Age 5,new_H,baseline,0.5307586181067183,0.3313008350809871,0.8231414785022595
2026-04-09,daily,all subpops,Age 5,new_H,baseline,0.536341669978574,0.33411961342752633,0.817559690799125
2026-04-10,daily,all subpops,Age 5,new_H,baseline,0.5436578897009818,0.33842266080542927,0.8356679189781492
2026-04-11,daily,all subpops,Age 5,new_H,baseline,0.5449955540784603,0.3378007238474905,0.8568278366529947
2026-04-12,daily,all subpops,Age 5,new_H,baseline,0.5229760385447006,0.3177163261710423,0.8403088199184915
2026-04-13,daily,all subpops,Age 5,new_H,baseline,0.49005442763051427,0.2939374168861109,0.7852834903886131
2026-04-14,daily,all subpops,Age 5,new_H,baseline,0.4661010910865752,0.26903669592169815,0.7494318902805107
2026-04-15,daily,all subpops,Age 5,new_H,baseline,0.451619439061044,0.2609668052237859,0.739189678975509
2026-04-16,daily,all subpops,Age 5,new_H,baseline,0.4365488463706979,0.25093035474393366,0.722521880480422
2026-04-17,daily,all subpops,Age 5,new_H,baseline,0.422471306500569,0.2396018550373373,0.7127827572024925
2026-04-18,daily,all subpops,Age 5,new_H,baseline,0.4094454476608149,0.2322646652979865,0.7117486060551421
2026-04-19,daily,all subpops,Age 5,new_H,baseline,0.3841799434947998,0.21437204816392136,0.6758363768597754
2026-04-20,daily,all subpops,Age 5,new_H,baseline,0.35624730653442693,0.19380006515201573,0.6267388820077993
2026-04-21,daily,all subpops,Age 5,new_H,baseline,0.3380216474356024,0.18155043524164088,0.607726848144886
2026-04-22,daily,all subpops,Age 5,new_H,baseline,0.33097588687148666,0.17015278493997507,0.6028133249316401
2026-04-23,daily,all subpops,Age 5,new_H,baseline,0.32415257434167166,0.16276747544101147,0.6045211870178986
2026-04-24,daily,all subpops,Age 5,new_H,baseline,0.31615965733494666,0.15944708964035686,0.6048239741886097
2026-04-25,daily,all subpops,Age 5,new_H,baseline,0.3088016822943534,0.15438349364427553,0.6007939573761858
2026-04-26,daily,all subpops,Age 5,new_H,baseline,0.29166835922764356,0.1422812180300513,0.5774533073837974
2026-04-27,daily,all subpops,Age 5,new_H,baseline,0.2686341394605495,0.12783534403703034,0.5387329339778718
2026-04-28,daily,all subpops,Age 5,new_H,baseline,0.25311439962408094,0.11707830440995824,0.51948931970895
2026-04-29,daily,all subpops,Age 5,new_H,baseline,0.2434166985915709,0.10722453942718249,0.5121532275661583
2026-04-30,daily,all subpops,Age 5,new_H,baseline,0.23646011330063832,0.10077827270875162,0.5133387796415823
2026-05-01,daily,all subpops,Age 5,new_H,baseline,0.22784285023393286,0.092516451451391,0.5080410629511589
2026-05-02,daily,all subpops,Age 5,new_H,baseline,0.22164380393985122,0.08452822563053293,0.5164282471957692
2026-05-03,daily,all subpops,Age 5,new_H,baseline,0.20681267020505914,0.0765584557472893,0.5003067568269917
2026-05-04,daily,all subpops,Age 5,new_H,baseline,0.18969319948708047,0.06932419605338914,0.47678257858880485
2026-05-05,daily,all subpops,Age 5,new_H,baseline,0.1797453895970625,0.06101193600788724,0.46003804333421383
2026-05-06,daily,all subpops,Age 5,new_H,baseline,0.17306474783085296,0.054168998970854976,0.4629572558496594
2026-05-07,daily,all subpops,Age 5,new_H,baseline,0.16823586798989218,0.04948053783068255,0.47092414691972806
2026-05-08,daily,all subpops,Age 5,new_H,baseline,0.16494393876082922,0.045230419360225975,0.49825610253735103
2025-09-01,daily,all subpops,Age 6,new_H,baseline,0.47655358677019977,0.16320632922422862,1.068354201507594
2025-09-02,daily,all subpops,Age 6,new_H,baseline,1.1371726785046925,0.39032350887738687,2.5494148874884597
2025-09-03,daily,all subpops,Age 6,new_H,baseline,1.3711208243025963,0.4721214431989322,3.063357273466528
2025-09-04,daily,all subpops,Age 6,new_H,baseline,1.4119578987172734,0.4909597664332688,3.1465550991629248
2025-09-05,daily,all subpops,Age 6,new_H,baseline,1.378390647948848,0.484285124084087,3.0467431923047386
2025-09-06,daily,all subpops,Age 6,new_H,baseline,1.3101294930486111,0.46747404261453884,2.868439358226725
2025-09-07,daily,all subpops,Age 6,new_H,baseline,1.232076781104305,0.4418965659908945,2.6498183602923344
2025-09-08,daily,all subpops,Age 6,new_H,baseline,1.1538750362564656,0.41897546623890203,2.4648545848135806
2025-09-09,daily,all subpops,Age 6,new_H,baseline,1.0987254735419327,0.4023532877887845,2.2830005106681366
2025-09-10,daily,all subpops,Age 6,new_H,baseline,1.0508439556543827,0.39833417199322535,2.137370207557484
2025-09-11,daily,all subpops,Age 6,new_H,baseline,1.0136658329557715,0.40118668672949426,2.0499466487568716
2025-09-12,daily,all subpops,Age 6,new_H,baseline,0.9894276607610314,0.40659710894521284,1.981195973230667
2025-09-13,daily,all subpops,Age 6,new_H,baseline,0.9757373394311967,0.4100338266055,1.922235338444509
2025-09-14,daily,all subpops,Age 6,new_H,baseline,0.9585484248010595,0.41338976543854533,1.8822487147380367
2025-09-15,daily,all subpops,Age 6,new_H,baseline,0.9236731459533218,0.411273221132012,1.822862035824578
2025-09-16,daily,all subpops,Age 6,new_H,baseline,0.9055941288149307,0.41508854635663955,1.7621768037098617
2025-09-17,daily,all subpops,Age 6,new_H,baseline,0.8956515975558679,0.41864174683651034,1.6922106698864012
2025-09-18,daily,all subpops,Age 6,new_H,baseline,0.883355468621031,0.4306839918219569,1.6756869563425172
2025-09-19,daily,all subpops,Age 6,new_H,baseline,0.8830731634206088,0.43667408279873715,1.642269947577188
2025-09-20,daily,all subpops,Age 6,new_H,baseline,0.8822257784423994,0.4328317031083425,1.6379927818195106
2025-09-21,daily,all subpops,Age 6,new_H,baseline,0.8749389265536668,0.4317323808860835,1.6361966115381854
2025-09-22,daily,all subpops,Age 6,new_H,baseline,0.8634648465432999,0.4338609065780442,1.607838061241707
2025-09-23,daily,all subpops,Age 6,new_H,baseline,0.8501531921878864,0.42471803109157075,1.5848552705494907
2025-09-24,daily,all subpops,Age 6,new_H,baseline,0.8381690453808888,0.42249441353343625,1.5495480863705917
2025-09-25,daily,all subpops,Age 6,new_H,baseline,0.8284152725081997,0.42019411803615936,1.5270920867557674
2025-09-26,daily,all subpops,Age 6,new_H,baseline,0.8077004661396033,0.4098373326367044,1.5036186502678068
2025-09-27,daily,all subpops,Age 6,new_H,baseline,0.7902278395840054,0.40810795629547597,1.4770085323580244
2025-09-28,daily,all subpops,Age 6,new_H,baseline,0.7709280543894936,0.388438980799781,1.425549689768531
2025-09-29,daily,all subpops,Age 6,new_H,baseline,0.7388566131403788,0.3678118851562246,1.3890220367002823
2025-09-30,daily,all subpops,Age 6,new_H,baseline,0.7120519380881707,0.3565120796646603,1.3393530040367905
2025-10-01,daily,all subpops,Age 6,new_H,baseline,0.693363309522982,0.3368854677713243,1.2878879693119658
2025-10-02,daily,all subpops,Age 6,new_H,baseline,0.6806453592738813,0.3289887936592255,1.2787163424027084
2025-10-03,daily,all subpops,Age 6,new_H,baseline,0.6788411531470402,0.32698362090165467,1.2978039185661379
2025-10-04,daily,all subpops,Age 6,new_H,baseline,0.6781838685038318,0.32161809931644314,1.318665268304605
2025-10-05,daily,all subpops,Age 6,new_H,baseline,0.6719788121819901,0.3125678602823259,1.3114122703591093
2025-10-06,daily,all subpops,Age 6,new_H,baseline,0.6594291390601187,0.30321735575847814,1.3066040149990716
2025-10-07,daily,all subpops,Age 6,new_H,baseline,0.6512666075297702,0.29611883889177903,1.3160907788632947
2025-10-08,daily,all subpops,Age 6,new_H,baseline,0.6443044487864731,0.2907708965350888,1.306466280031476
2025-10-09,daily,all subpops,Age 6,new_H,baseline,0.651221509815402,0.2908218787215927,1.3136416733104999
2025-10-10,daily,all subpops,Age 6,new_H,baseline,0.668285626892505,0.2992773795579895,1.3563289955767766
2025-10-11,daily,all subpops,Age 6,new_H,baseline,0.7074609680719329,0.3137945259266359,1.410237264547303
2025-10-12,daily,all subpops,Age 6,new_H,baseline,0.7215151636874992,0.32267607030738954,1.4517719026718465
2025-10-13,daily,all subpops,Age 6,new_H,baseline,0.7267682277379265,0.3263258083708908,1.4694788828584147
2025-10-14,daily,all subpops,Age 6,new_H,baseline,0.7407594850633173,0.3334179984458965,1.488694630467797
2025-10-15,daily,all subpops,Age 6,new_H,baseline,0.7640334894427028,0.3435728235386291,1.5084989040501235
2025-10-16,daily,all subpops,Age 6,new_H,baseline,0.7855128947516613,0.35656079081316433,1.516402311797485
2025-10-17,daily,all subpops,Age 6,new_H,baseline,0.8250906078044011,0.37520957325705634,1.5679680412354173
2025-10-18,daily,all subpops,Age 6,new_H,baseline,0.8745661578592735,0.399479944313083,1.6401289322187225
2025-10-19,daily,all subpops,Age 6,new_H,baseline,0.9125432757245825,0.4160245761196046,1.6982909802969481
2025-10-20,daily,all subpops,Age 6,new_H,baseline,0.9353764642745374,0.42028658951471876,1.7151388134133287
2025-10-21,daily,all subpops,Age 6,new_H,baseline,0.9634843083968817,0.43880473634622663,1.753967910816933
2025-10-22,daily,all subpops,Age 6,new_H,baseline,1.0030044090080392,0.4718187349419982,1.7952173774294515
2025-10-23,daily,all subpops,Age 6,new_H,baseline,1.0488035503837123,0.5091791130436686,1.8439582535745718
2025-10-24,daily,all subpops,Age 6,new_H,baseline,1.1235697379107203,0.561429814160265,1.933502111860035
2025-10-25,daily,all subpops,Age 6,new_H,baseline,1.2104001117664949,0.6144657552532058,2.056984855383513
2025-10-26,daily,all subpops,Age 6,new_H,baseline,1.2765223898698095,0.6631323555272552,2.1328328196519335
2025-10-27,daily,all subpops,Age 6,new_H,baseline,1.3578596853214908,0.7160877299876613,2.21035523522817
2025-10-28,daily,all subpops,Age 6,new_H,baseline,1.4541509784471884,0.7734815104991095,2.360747681765844
2025-10-29,daily,all subpops,Age 6,new_H,baseline,1.5717445621980715,0.8478001698048327,2.557937460929236
2025-10-30,daily,all subpops,Age 6,new_H,baseline,1.6813637411756015,0.938811618741274,2.7851030959211496
2025-10-31,daily,all subpops,Age 6,new_H,baseline,1.7861187235341711,1.014364051813047,3.020120684240971
2025-11-01,daily,all subpops,Age 6,new_H,baseline,1.8997645579462121,1.0797279843586134,3.2413132717499398
2025-11-02,daily,all subpops,Age 6,new_H,baseline,2.001037116663369,1.1343339956559408,3.443635243098222
2025-11-03,daily,all subpops,Age 6,new_H,baseline,2.10417335557671,1.1833893849985302,3.6557333440877517
2025-11-04,daily,all subpops,Age 6,new_H,baseline,2.2145189532653538,1.2646082416621214,3.885757144374855
2025-11-05,daily,all subpops,Age 6,new_H,baseline,2.3534976852857863,1.343565452288971,4.0928957127653405
2025-11-06,daily,all subpops,Age 6,new_H,baseline,2.5082307692205363,1.4379610060665529,4.378493909566177
2025-11-07,daily,all subpops,Age 6,new_H,baseline,2.7099799089003356,1.5645878867149488,4.588134678925154
2025-11-08,daily,all subpops,Age 6,new_H,baseline,2.902101529814901,1.7272301067371632,4.853493723826156
2025-11-09,daily,all subpops,Age 6,new_H,baseline,3.012013616377059,1.8335421282360362,4.990411593578948
2025-11-10,daily,all subpops,Age 6,new_H,baseline,3.09439438916706,1.9338064813278053,5.07315633337642
2025-11-11,daily,all subpops,Age 6,new_H,baseline,3.199078678031306,2.0317975612491512,5.139005965073924
2025-11-12,daily,all subpops,Age 6,new_H,baseline,3.345023758236137,2.1753963558704026,5.381275320870459
2025-11-13,daily,all subpops,Age 6,new_H,baseline,3.5404188365576417,2.3268204181238215,5.611416823716253
2025-11-14,daily,all subpops,Age 6,new_H,baseline,3.7818338025272635,2.4640932563064317,5.996949976821855
2025-11-15,daily,all subpops,Age 6,new_H,baseline,4.065129349454179,2.6132973132924016,6.3926171811368935
2025-11-16,daily,all subpops,Age 6,new_H,baseline,4.289304375918708,2.721092897769527,6.660996373031688
2025-11-17,daily,all subpops,Age 6,new_H,baseline,4.47427946702692,2.8590390765318503,6.853489931301605
2025-11-18,daily,all subpops,Age 6,new_H,baseline,4.752786398220359,3.0163497615019543,7.166808654781184
2025-11-19,daily,all subpops,Age 6,new_H,baseline,5.070469135267865,3.2754660178657886,7.572804229457637
2025-11-20,daily,all subpops,Age 6,new_H,baseline,5.448588017303662,3.575390889439803,8.085429062367268
2025-11-21,daily,all subpops,Age 6,new_H,baseline,5.89261380687673,3.9448493985579947,8.56517342960283
2025-11-22,daily,all subpops,Age 6,new_H,baseline,6.3958214703870055,4.3153428772103615,9.103128241040277
2025-11-23,daily,all subpops,Age 6,new_H,baseline,6.838087530983081,4.6772432833749145,9.538735341398997
2025-11-24,daily,all subpops,Age 6,new_H,baseline,7.208270799684878,5.064828658274063,9.872789241838932
2025-11-25,daily,all subpops,Age 6,new_H,baseline,7.727209293183716,5.414971259939281,10.421128111175706
2025-11-26,daily,all subpops,Age 6,new_H,baseline,8.243532379026213,5.898598924045796,11.125983651435837
2025-11-27,daily,all subpops,Age 6,new_H,baseline,8.730587871525994,6.415799034202834,11.751556477397244
2025-11-28,daily,all subpops,Age 6,new_H,baseline,9.213140376336893,6.811026439402997,12.37641617428726
2025-11-29,daily,all subpops,Age 6,new_H,baseline,9.923397793301042,7.3055270456995665,13.430498426685729
2025-11-30,daily,all subpops,Age 6,new_H,baseline,10.526493870046984,7.764236714503328,14.2563423772139
2025-12-01,daily,all subpops,Age 6,new_H,baseline,10.981016374360236,8.137828947183174,14.962784439561378
2025-12-02,daily,all subpops,Age 6,new_H,baseline,11.664301299935858,8.669975288642421,15.916675682977306
2025-12-03,daily,all subpops,Age 6,new_H,baseline,12.434927935253416,9.31541103405964,17.002944793880754
2025-12-04,daily,all subpops,Age 6,new_H,baseline,13.428779659222307,10.0648635094465,18.281788813929328
2025-12-05,daily,all subpops,Age 6,new_H,baseline,14.688779248679065,11.124194734666753,19.934154071124777
2025-12-06,daily,all subpops,Age 6,new_H,baseline,16.35187112842688,12.448507265586596,21.91657619905999
2025-12-07,daily,all subpops,Age 6,new_H,baseline,17.87726885132068,13.786410363654035,23.699865405182717
2025-12-08,daily,all subpops,Age 6,new_H,baseline,19.22303347183481,15.069261182898904,25.56594415042483
2025-12-09,daily,all subpops,Age 6,new_H,baseline,21.080816694616477,16.829958025004718,27.883993374662264
2025-12-10,daily,all subpops,Age 6,new_H,baseline,23.418151209743428,18.791189503130095,30.831757153051313
2025-12-11,daily,all subpops,Age 6,new_H,baseline,25.973100753103324,21.200549035979904,33.66265562743912
2025-12-12,daily,all subpops,Age 6,new_H,baseline,29.0682024314358,23.89353356187277,36.9834398117203
2025-12-13,daily,all subpops,Age 6,new_H,baseline,32.814627249959926,27.169073103107944,41.74876741434036
2025-12-14,daily,all subpops,Age 6,new_H,baseline,36.40627446515572,30.034822087045406,45.97130042598161
2025-12-15,daily,all subpops,Age 6,new_H,baseline,39.68837957946283,32.992901073319246,49.545661361532524
2025-12-16,daily,all subpops,Age 6,new_H,baseline,44.206242113678144,36.65105780353579,55.070772433483434
2025-12-17,daily,all subpops,Age 6,new_H,baseline,49.60396058053653,41.113706175695,60.96317975400222
2025-12-18,daily,all subpops,Age 6,new_H,baseline,55.44706571423292,46.222057106653516,67.2594054578478
2025-12-19,daily,all subpops,Age 6,new_H,baseline,61.7538404335433,52.219559940559954,74.48155393891768
2025-12-20,daily,all subpops,Age 6,new_H,baseline,68.5878149892522,58.63398379583209,81.67932762144679
2025-12-21,daily,all subpops,Age 6,new_H,baseline,75.54491635369428,64.768666749218,88.81772143305494
2025-12-22,daily,all subpops,Age 6,new_H,baseline,82.68783272796085,71.25256728436264,96.63576653369662
2025-12-23,daily,all subpops,Age 6,new_H,baseline,90.90075955947907,78.3804041764989,106.04279191093784
2025-12-24,daily,all subpops,Age 6,new_H,baseline,99.52190383112753,85.34160458211721,115.3260203701214
2025-12-25,daily,all subpops,Age 6,new_H,baseline,106.59405415204301,90.31873798150534,123.89409849250028
2025-12-26,daily,all subpops,Age 6,new_H,baseline,111.93362103881532,94.17162927256223,130.5323004287218
2025-12-27,daily,all subpops,Age 6,new_H,baseline,117.21829461565261,97.98035796994002,136.51369053650285
2025-12-28,daily,all subpops,Age 6,new_H,baseline,120.16275256943021,99.83020133200182,139.89403199853584
2025-12-29,daily,all subpops,Age 6,new_H,baseline,120.49433756055763,99.4071458187645,140.2009665570456
2025-12-30,daily,all subpops,Age 6,new_H,baseline,119.44802070372049,98.00542166103214,138.4165020471826
2025-12-31,daily,all subpops,Age 6,new_H,baseline,118.1939727805601,96.68363253754883,137.49072820990463
2026-01-01,daily,all subpops,Age 6,new_H,baseline,115.91136838874732,95.34590904555455,135.07026379787496
2026-01-02,daily,all subpops,Age 6,new_H,baseline,112.35375173819023,92.41429575992665,131.1832811262431
2026-01-03,daily,all subpops,Age 6,new_H,baseline,108.34989862121853,89.45049646766358,126.27610743025794
2026-01-04,daily,all subpops,Age 6,new_H,baseline,103.09643211859607,84.96451293559028,119.44601379364559
2026-01-05,daily,all subpops,Age 6,new_H,baseline,96.91278366067344,80.12087669936848,111.1982313499338
2026-01-06,daily,all subpops,Age 6,new_H,baseline,90.6076329468102,75.1084276054416,105.14992004905076
2026-01-07,daily,all subpops,Age 6,new_H,baseline,84.7696203216468,70.53698504317893,98.18702176177527
2026-01-08,daily,all subpops,Age 6,new_H,baseline,78.84346031201372,65.92958096508244,91.81916081551745
2026-01-09,daily,all subpops,Age 6,new_H,baseline,73.63065041235312,61.583930268948606,86.02562135886035
2026-01-10,daily,all subpops,Age 6,new_H,baseline,68.61953091700308,57.282602680108646,80.58861752847137
2026-01-11,daily,all subpops,Age 6,new_H,baseline,63.27688687555753,53.00212530303135,75.03224628405648
2026-01-12,daily,all subpops,Age 6,new_H,baseline,58.211343331500665,48.67842850770197,69.34670249300301
2026-01-13,daily,all subpops,Age 6,new_H,baseline,54.03287542855894,45.149511735015906,64.28736367437833
2026-01-14,daily,all subpops,Age 6,new_H,baseline,50.37124701246837,41.95836532514395,59.80927040905733
2026-01-15,daily,all subpops,Age 6,new_H,baseline,47.090384910495246,39.351956703744605,55.56525143456927
2026-01-16,daily,all subpops,Age 6,new_H,baseline,44.145315221575025,36.77122763753596,51.824822765816826
2026-01-17,daily,all subpops,Age 6,new_H,baseline,41.56853029713922,34.50824116936441,48.74322146805255
2026-01-18,daily,all subpops,Age 6,new_H,baseline,38.70182945858617,32.17085079230902,45.66431955844907
2026-01-19,daily,all subpops,Age 6,new_H,baseline,35.778235927837564,30.11322433852578,42.61971019540135
2026-01-20,daily,all subpops,Age 6,new_H,baseline,33.22832611647114,27.86129646574189,39.97591624710147
2026-01-21,daily,all subpops,Age 6,new_H,baseline,31.04193489994674,25.930376279303704,37.61179346260127
2026-01-22,daily,all subpops,Age 6,new_H,baseline,29.146511080793204,24.364283688841788,35.81038073530357
2026-01-23,daily,all subpops,Age 6,new_H,baseline,27.356133946918057,22.75395893963669,34.11732677226003
2026-01-24,daily,all subpops,Age 6,new_H,baseline,25.78273475322291,21.15697886461785,32.21952693694696
2026-01-25,daily,all subpops,Age 6,new_H,baseline,24.026230958129652,19.65432513257694,30.287159765310275
2026-01-26,daily,all subpops,Age 6,new_H,baseline,22.357244977443468,18.15068560433017,28.31640889535012
2026-01-27,daily,all subpops,Age 6,new_H,baseline,20.861318765862514,16.880043352851185,26.679907892951018
2026-01-28,daily,all subpops,Age 6,new_H,baseline,19.61236935420451,15.829841871107591,25.25433338480509
2026-01-29,daily,all subpops,Age 6,new_H,baseline,18.534566100124273,14.887813814714649,24.030212687598723
2026-01-30,daily,all subpops,Age 6,new_H,baseline,17.522785682406695,14.088928809597654,22.843161829485744
2026-01-31,daily,all subpops,Age 6,new_H,baseline,16.684605046727953,13.279085558358258,21.74409161025209
2026-02-01,daily,all subpops,Age 6,new_H,baseline,15.728656990047739,12.464226239710433,20.376331801906876
2026-02-02,daily,all subpops,Age 6,new_H,baseline,14.667701142734462,11.615799706355483,18.954073205716917
2026-02-03,daily,all subpops,Age 6,new_H,baseline,13.812505613672267,10.855833174668676,17.69907151549826
2026-02-04,daily,all subpops,Age 6,new_H,baseline,12.978830032248066,10.108576112111093,16.653025912773455
2026-02-05,daily,all subpops,Age 6,new_H,baseline,12.29645273094393,9.541811647265245,15.898570467460521
2026-02-06,daily,all subpops,Age 6,new_H,baseline,11.666466049508678,8.98564772215514,15.21077364039152
2026-02-07,daily,all subpops,Age 6,new_H,baseline,11.144793748486075,8.558397696701158,14.716278954255152
2026-02-08,daily,all subpops,Age 6,new_H,baseline,10.621370512221382,8.04380947724552,14.095549039186533
2026-02-09,daily,all subpops,Age 6,new_H,baseline,10.071313339106545,7.603346580317229,13.43098130101276
2026-02-10,daily,all subpops,Age 6,new_H,baseline,9.728741521401,7.364067980715095,12.94758274615177
2026-02-11,daily,all subpops,Age 6,new_H,baseline,9.413211512830301,7.066890640783779,12.50187306392711
2026-02-12,daily,all subpops,Age 6,new_H,baseline,9.159517433814926,6.825276979360064,12.130948925917114
2026-02-13,daily,all subpops,Age 6,new_H,baseline,8.928224504900584,6.708471827753171,11.822731495232114
2026-02-14,daily,all subpops,Age 6,new_H,baseline,8.774647831279953,6.589735064751846,11.576161620045896
2026-02-15,daily,all subpops,Age 6,new_H,baseline,8.571961163548785,6.401008815666369,11.262225707398434
2026-02-16,daily,all subpops,Age 6,new_H,baseline,8.346814149535493,6.121161442111249,10.876113072845905
2026-02-17,daily,all subpops,Age 6,new_H,baseline,8.181230427050039,6.064407063210637,10.64999340240348
2026-02-18,daily,all subpops,Age 6,new_H,baseline,8.047570210350402,5.948442973188097,10.494602519993547
2026-02-19,daily,all subpops,Age 6,new_H,baseline,7.865894534347159,5.705321396633838,10.296250063094854
2026-02-20,daily,all subpops,Age 6,new_H,baseline,7.718639272394019,5.5245749393981916,10.162163317920117
2026-02-21,daily,all subpops,Age 6,new_H,baseline,7.519791778803392,5.342721835268696,9.947120377793969
2026-02-22,daily,all subpops,Age 6,new_H,baseline,7.269303101769283,5.09542631005489,9.584323284554968
2026-02-23,daily,all subpops,Age 6,new_H,baseline,6.964737140330656,4.841347971469211,9.206076075505793
2026-02-24,daily,all subpops,Age 6,new_H,baseline,6.715661531081137,4.682185269437287,8.926520397181653
2026-02-25,daily,all subpops,Age 6,new_H,baseline,6.5771741589369235,4.586099979805521,8.656585694757137
2026-02-26,daily,all subpops,Age 6,new_H,baseline,6.432969876698394,4.493624561531618,8.448904901366417
2026-02-27,daily,all subpops,Age 6,new_H,baseline,6.33408112042126,4.433856336380986,8.314094214070991
2026-02-28,daily,all subpops,Age 6,new_H,baseline,6.242993854848319,4.442677023815532,8.252036497159525
2026-03-01,daily,all subpops,Age 6,new_H,baseline,6.110166537759032,4.431909846130031,7.998424573119993
2026-03-02,daily,all subpops,Age 6,new_H,baseline,5.937977524054388,4.301212057202054,7.744428575776649
2026-03-03,daily,all subpops,Age 6,new_H,baseline,5.872185521420867,4.1788420282622605,7.654022894748009
2026-03-04,daily,all subpops,Age 6,new_H,baseline,5.8263484461958255,4.104028896108766,7.65568732489799
2026-03-05,daily,all subpops,Age 6,new_H,baseline,5.762374893840418,4.044736372748184,7.691383654361838
2026-03-06,daily,all subpops,Age 6,new_H,baseline,5.697412946810257,4.017179238806512,7.673314573764986
2026-03-07,daily,all subpops,Age 6,new_H,baseline,5.662399864777699,3.913255348638149,7.634226661480314
2026-03-08,daily,all subpops,Age 6,new_H,baseline,5.505364757701436,3.7831978520067233,7.543893931080372
2026-03-09,daily,all subpops,Age 6,new_H,baseline,5.302974254786306,3.6326691846695294,7.3327735917823755
2026-03-10,daily,all subpops,Age 6,new_H,baseline,5.134669334638459,3.4598257573517874,7.1984063623046675
2026-03-11,daily,all subpops,Age 6,new_H,baseline,4.993479007625327,3.326492113176213,7.04197889504973
2026-03-12,daily,all subpops,Age 6,new_H,baseline,4.820750418487782,3.2191474329121785,6.915553559318192
2026-03-13,daily,all subpops,Age 6,new_H,baseline,4.723477020736079,3.132588708619253,6.8322001290229775
2026-03-14,daily,all subpops,Age 6,new_H,baseline,4.64841877701914,3.103575474131925,6.862098158198298
2026-03-15,daily,all subpops,Age 6,new_H,baseline,4.542280169212159,3.011096280564968,6.738367981789988
2026-03-16,daily,all subpops,Age 6,new_H,baseline,4.38959227266421,2.889934269113534,6.496869494953624
2026-03-17,daily,all subpops,Age 6,new_H,baseline,4.251950922116437,2.776917361025852,6.318959909427515
2026-03-18,daily,all subpops,Age 6,new_H,baseline,4.148789730828505,2.7202989002809774,6.252056256643852
2026-03-19,daily,all subpops,Age 6,new_H,baseline,4.097721067949788,2.6912992473143063,6.260645517016265
2026-03-20,daily,all subpops,Age 6,new_H,baseline,4.097064766905787,2.659823021925447,6.337261883339069
2026-03-21,daily,all subpops,Age 6,new_H,baseline,4.082149006923833,2.5688806537816893,6.334116011859663
2026-03-22,daily,all subpops,Age 6,new_H,baseline,4.00339968269085,2.5047723440002505,6.191105708480012
2026-03-23,daily,all subpops,Age 6,new_H,baseline,3.870499756049859,2.3908308911893723,5.970606428569253
2026-03-24,daily,all subpops,Age 6,new_H,baseline,3.791657812033604,2.3312894677837948,5.8599702530420075
2026-03-25,daily,all subpops,Age 6,new_H,baseline,3.7560725770720245,2.261368946508673,5.7945001784812185
2026-03-26,daily,all subpops,Age 6,new_H,baseline,3.736662511421646,2.242596766986049,5.8013297805307635
2026-03-27,daily,all subpops,Age 6,new_H,baseline,3.697714742706015,2.220023415043333,5.7334597902323114
2026-03-28,daily,all subpops,Age 6,new_H,baseline,3.678091973505235,2.2335839488420355,5.630684783916638
2026-03-29,daily,all subpops,Age 6,new_H,baseline,3.6296946328229085,2.2147031670460375,5.571356797903231
2026-03-30,daily,all subpops,Age 6,new_H,baseline,3.5826375305114206,2.1479761326384406,5.463971638611333
2026-03-31,daily,all subpops,Age 6,new_H,baseline,3.5339415246075605,2.1387559250239625,5.353259756674296
2026-04-01,daily,all subpops,Age 6,new_H,baseline,3.461234902814086,2.1075225142490353,5.267283509152512
2026-04-02,daily,all subpops,Age 6,new_H,baseline,3.3706029699763604,2.0704649901905454,5.192383636045804
2026-04-03,daily,all subpops,Age 6,new_H,baseline,3.307939962499242,2.0883992989458036,5.110352394580792
2026-04-04,daily,all subpops,Age 6,new_H,baseline,3.248359326987119,2.083281485371125,4.954113008953953
2026-04-05,daily,all subpops,Age 6,new_H,baseline,3.1384936285821396,2.0177085303047715,4.772561444285548
2026-04-06,daily,all subpops,Age 6,new_H,baseline,3.022615549430749,1.9263397133024724,4.628012091966513
2026-04-07,daily,all subpops,Age 6,new_H,baseline,2.935302790827052,1.8925969999891032,4.521858280885359
2026-04-08,daily,all subpops,Age 6,new_H,baseline,2.895263717338093,1.8726911156617119,4.4906893941987
2026-04-09,daily,all subpops,Age 6,new_H,baseline,2.8946592469739922,1.8546505732917355,4.36956020494968
2026-04-10,daily,all subpops,Age 6,new_H,baseline,2.891257906544403,1.8202516356535126,4.367565970867276
2026-04-11,daily,all subpops,Age 6,new_H,baseline,2.8549540269670706,1.7746546192550203,4.286488361300351
2026-04-12,daily,all subpops,Age 6,new_H,baseline,2.7852418207842793,1.7078129624607108,4.200986401850449
2026-04-13,daily,all subpops,Age 6,new_H,baseline,2.680450065853396,1.6322721339993633,4.1110377587386395
2026-04-14,daily,all subpops,Age 6,new_H,baseline,2.5747453069836985,1.5530376189299755,3.9930237574281655
2026-04-15,daily,all subpops,Age 6,new_H,baseline,2.4505530304616236,1.4710108064961074,3.880563221213336
2026-04-16,daily,all subpops,Age 6,new_H,baseline,2.363720929551111,1.3729563688614392,3.770919424284584
2026-04-17,daily,all subpops,Age 6,new_H,baseline,2.2585512394815668,1.2787315790944425,3.6790009014302747
2026-04-18,daily,all subpops,Age 6,new_H,baseline,2.153982971025954,1.193521806621498,3.581952719646994
2026-04-19,daily,all subpops,Age 6,new_H,baseline,2.047952708495806,1.1150429778489404,3.467984055779065
2026-04-20,daily,all subpops,Age 6,new_H,baseline,1.9392224026812739,1.0245484416165134,3.4112870591141546
2026-04-21,daily,all subpops,Age 6,new_H,baseline,1.873726848628592,0.9643278181303127,3.3728689495177764
2026-04-22,daily,all subpops,Age 6,new_H,baseline,1.8107220036810392,0.9191810453112155,3.330196420517119
2026-04-23,daily,all subpops,Age 6,new_H,baseline,1.7513723367136016,0.8736996757421888,3.2634117919563645
2026-04-24,daily,all subpops,Age 6,new_H,baseline,1.6956047230675895,0.8315158314317699,3.2229537872535374
2026-04-25,daily,all subpops,Age 6,new_H,baseline,1.6405525935276088,0.7913138894208717,3.2056115146532798
2026-04-26,daily,all subpops,Age 6,new_H,baseline,1.5829187401044678,0.734776133988524,3.1071013907574487
2026-04-27,daily,all subpops,Age 6,new_H,baseline,1.5041784991630094,0.672145905706499,2.9917022516208625
2026-04-28,daily,all subpops,Age 6,new_H,baseline,1.422548859621019,0.6158654386220002,2.9395823479536625
2026-04-29,daily,all subpops,Age 6,new_H,baseline,1.3350346938259898,0.5663530369226855,2.860180621760596
2026-04-30,daily,all subpops,Age 6,new_H,baseline,1.2753289227163163,0.5127046980726349,2.874353205100284
2026-05-01,daily,all subpops,Age 6,new_H,baseline,1.2233698908011277,0.46962460082233304,2.7839662169079222
2026-05-02,daily,all subpops,Age 6,new_H,baseline,1.1639827553318747,0.4361037836290849,2.7410999728052627
2026-05-03,daily,all subpops,Age 6,new_H,baseline,1.105026212302633,0.40246052248245145,2.6508933858962016
2026-05-04,daily,all subpops,Age 6,new_H,baseline,1.043259885044911,0.36637916275610505,2.529288020665731
2026-05-05,daily,all subpops,Age 6,new_H,baseline,1.00376041522938,0.3317256523523349,2.5367546080726804
2026-05-06,daily,all subpops,Age 6,new_H,baseline,0.9690679547191283,0.29856928901516167,2.5607035973105057
2026-05-07,daily,all subpops,Age 6,new_H,baseline,0.9249737365121499,0.269655144913042,2.6315957913745662
2026-05-08,daily,all subpops,Age 6,new_H,baseline,0.8906172936793408,0.2414570752970784,2.659112249275899
2025-09-01,daily,all subpops,all ages,new_H,baseline,0.6006711640907682,0.20339707673695762,1.339999650667054
2025-09-02,daily,all subpops,all ages,new_H,baseline,1.4367757782604544,0.4872212844061961,3.203694379495462
2025-09-03,daily,all subpops,all ages,new_H,baseline,1.750046604624855,0.5949240682551805,3.8831771534422996
2025-09-04,daily,all subpops,all ages,new_H,baseline,1.8396242981967412,0.6288113185734868,4.046087501357903
2025-09-05,daily,all subpops,all ages,new_H,baseline,1.8334096433038458,0.6331831347259147,3.9871470646891063
2025-09-06,daily,all subpops,all ages,new_H,baseline,1.7895542217822507,0.6250695104782932,3.832739886520095
2025-09-07,daily,all subpops,all ages,new_H,baseline,1.697003795185855,0.5984882966757664,3.6282746914745907
2025-09-08,daily,all subpops,all ages,new_H,baseline,1.583584212371257,0.5751643119230962,3.3582769944840747
2025-09-09,daily,all subpops,all ages,new_H,baseline,1.5242253190830772,0.5647699395466275,3.1313745398291264
2025-09-10,daily,all subpops,all ages,new_H,baseline,1.4849406368178566,0.5694365209842758,2.9766463406146135
2025-09-11,daily,all subpops,all ages,new_H,baseline,1.460684676441374,0.5843885158424811,2.913050715669188
2025-09-12,daily,all subpops,all ages,new_H,baseline,1.4546123078062716,0.608157537774563,2.863010820604733
2025-09-13,daily,all subpops,all ages,new_H,baseline,1.4619895552669282,0.6273705079955635,2.8538956225722183
2025-09-14,daily,all subpops,all ages,new_H,baseline,1.42451346104433,0.6263906174190595,2.7689895188003577
2025-09-15,daily,all subpops,all ages,new_H,baseline,1.3747379918109508,0.6172055450523812,2.6900273266713506
2025-09-16,daily,all subpops,all ages,new_H,baseline,1.3562486345123956,0.6213794062719605,2.6662836479556264
2025-09-17,daily,all subpops,all ages,new_H,baseline,1.346292108123192,0.641297742749142,2.5824211365576515
2025-09-18,daily,all subpops,all ages,new_H,baseline,1.3476504913308145,0.6612396372875402,2.5267171066128697
2025-09-19,daily,all subpops,all ages,new_H,baseline,1.361353430530031,0.6644287593017897,2.5453601013291096
2025-09-20,daily,all subpops,all ages,new_H,baseline,1.3773090106486436,0.6645796342946458,2.5395577955529443
2025-09-21,daily,all subpops,all ages,new_H,baseline,1.3562951373714935,0.676903633222083,2.492148427742106
2025-09-22,daily,all subpops,all ages,new_H,baseline,1.31820173316435,0.6700236247460081,2.4164892913898495
2025-09-23,daily,all subpops,all ages,new_H,baseline,1.3028330462992335,0.6570074137398739,2.389516804348854
2025-09-24,daily,all subpops,all ages,new_H,baseline,1.2864544899844375,0.6453443757308246,2.3666506289755507
2025-09-25,daily,all subpops,all ages,new_H,baseline,1.2736697001041086,0.6444690810744278,2.362582215611144
2025-09-26,daily,all subpops,all ages,new_H,baseline,1.252426923036724,0.635505244709828,2.351275279350396
2025-09-27,daily,all subpops,all ages,new_H,baseline,1.2451038506437062,0.6234532552056226,2.300664601636042
2025-09-28,daily,all subpops,all ages,new_H,baseline,1.2023627950477016,0.6007563068460369,2.2098396797088915
2025-09-29,daily,all subpops,all ages,new_H,baseline,1.142501025104963,0.5672661054274497,2.0867836314972315
2025-09-30,daily,all subpops,all ages,new_H,baseline,1.098195864981904,0.5387066987706834,2.0184901785840044
2025-10-01,daily,all subpops,all ages,new_H,baseline,1.069015712204813,0.5195440602642123,2.009810677205229
2025-10-02,daily,all subpops,all ages,new_H,baseline,1.063865969879478,0.5090194856155335,1.9947847094668962
2025-10-03,daily,all subpops,all ages,new_H,baseline,1.069488859769682,0.5043962460063999,2.024368287223852
2025-10-04,daily,all subpops,all ages,new_H,baseline,1.074485272984087,0.494767501554516,2.0893354865750493
2025-10-05,daily,all subpops,all ages,new_H,baseline,1.0561252706485293,0.48253817092709766,2.077796021292163
2025-10-06,daily,all subpops,all ages,new_H,baseline,1.0195200775612219,0.4670752049584605,2.042289951019114
2025-10-07,daily,all subpops,all ages,new_H,baseline,1.005111013854048,0.4568813906670069,2.0271773947083513
2025-10-08,daily,all subpops,all ages,new_H,baseline,1.0032120470417896,0.45877967966010785,2.0212718997819787
2025-10-09,daily,all subpops,all ages,new_H,baseline,1.0177607624255103,0.46116855188151473,2.0540426650375134
2025-10-10,daily,all subpops,all ages,new_H,baseline,1.060452497026875,0.47691193931427306,2.143984655868019
2025-10-11,daily,all subpops,all ages,new_H,baseline,1.111925849109428,0.4970288859273931,2.2625255413960303
2025-10-12,daily,all subpops,all ages,new_H,baseline,1.1353523844680702,0.5081888546725273,2.284344410625554
2025-10-13,daily,all subpops,all ages,new_H,baseline,1.1238655594454752,0.5174795822110756,2.257003511126899
2025-10-14,daily,all subpops,all ages,new_H,baseline,1.1284906132945909,0.5266794913445385,2.2646630881379175
2025-10-15,daily,all subpops,all ages,new_H,baseline,1.1548871210532448,0.5348701948527617,2.2973535775550684
2025-10-16,daily,all subpops,all ages,new_H,baseline,1.1995792254161182,0.5588010536185858,2.3624829756465546
2025-10-17,daily,all subpops,all ages,new_H,baseline,1.282280726325581,0.5877400377520904,2.4550214366635164
2025-10-18,daily,all subpops,all ages,new_H,baseline,1.373099041201487,0.6266965188930438,2.6103870402672333
2025-10-19,daily,all subpops,all ages,new_H,baseline,1.4088737408866754,0.6432310162621045,2.65785164939813
2025-10-20,daily,all subpops,all ages,new_H,baseline,1.42008756021648,0.6612749320977569,2.6753172044808626
2025-10-21,daily,all subpops,all ages,new_H,baseline,1.462789631888297,0.6924945404513287,2.6882714944766244
2025-10-22,daily,all subpops,all ages,new_H,baseline,1.539116374116692,0.7209876562125874,2.7438823663572993
2025-10-23,daily,all subpops,all ages,new_H,baseline,1.6253802351548023,0.7797510713357444,2.869326088258959
2025-10-24,daily,all subpops,all ages,new_H,baseline,1.760355885220539,0.8746113394255776,3.041679113297448
2025-10-25,daily,all subpops,all ages,new_H,baseline,1.8976639795215922,0.9901266793815083,3.2335259430427437
2025-10-26,daily,all subpops,all ages,new_H,baseline,1.9876236345900031,1.0511903486912382,3.368529498334812
2025-10-27,daily,all subpops,all ages,new_H,baseline,2.0722447833587845,1.0996371765085846,3.4437535718573202
2025-10-28,daily,all subpops,all ages,new_H,baseline,2.2053057527887985,1.1920589145209914,3.639796303685714
2025-10-29,daily,all subpops,all ages,new_H,baseline,2.3855294164710097,1.3160376742791835,3.920249385648253
2025-10-30,daily,all subpops,all ages,new_H,baseline,2.583062030129548,1.4755642621214204,4.290282536038726
2025-10-31,daily,all subpops,all ages,new_H,baseline,2.797649828635812,1.6155010450524094,4.651709278671409
2025-11-01,daily,all subpops,all ages,new_H,baseline,2.989147401061843,1.7272667123202792,5.085504563387085
2025-11-02,daily,all subpops,all ages,new_H,baseline,3.1333453066315022,1.794480502820098,5.337970627452548
2025-11-03,daily,all subpops,all ages,new_H,baseline,3.2415883932828473,1.8546635082556506,5.601074108751746
2025-11-04,daily,all subpops,all ages,new_H,baseline,3.3885487834901724,1.9637836131802098,5.92362852285196
2025-11-05,daily,all subpops,all ages,new_H,baseline,3.6352423172967745,2.125304918665058,6.339400731308587
2025-11-06,daily,all subpops,all ages,new_H,baseline,3.9077237456670426,2.3089426958615147,6.757549931052839
2025-11-07,daily,all subpops,all ages,new_H,baseline,4.232087922312466,2.535038738526513,7.203620190884982
2025-11-08,daily,all subpops,all ages,new_H,baseline,4.582461063202898,2.7507618805868734,7.637152730812458
2025-11-09,daily,all subpops,all ages,new_H,baseline,4.7473578216441545,2.87804224945157,7.774894617876844
2025-11-10,daily,all subpops,all ages,new_H,baseline,4.797893426745118,2.986829648268432,7.76032110448287
2025-11-11,daily,all subpops,all ages,new_H,baseline,4.913093341771457,3.08761064509982,8.03378917023578
2025-11-12,daily,all subpops,all ages,new_H,baseline,5.146485152448237,3.3131804325944914,8.2550074547858
2025-11-13,daily,all subpops,all ages,new_H,baseline,5.450123363314399,3.5715588707312453,8.641299711425761
2025-11-14,daily,all subpops,all ages,new_H,baseline,5.8842972533769125,3.8255479384680124,9.174177449774987
2025-11-15,daily,all subpops,all ages,new_H,baseline,6.349441779480662,4.0381857802362005,10.000174268316522
2025-11-16,daily,all subpops,all ages,new_H,baseline,6.594997797566911,4.2536809696600235,10.366848564809105
2025-11-17,daily,all subpops,all ages,new_H,baseline,6.80110370465884,4.392250145529338,10.493991159085978
2025-11-18,daily,all subpops,all ages,new_H,baseline,7.193686773933846,4.694154968327403,11.012974511108963
2025-11-19,daily,all subpops,all ages,new_H,baseline,7.772772017637362,5.090418830920986,11.733533975224939
2025-11-20,daily,all subpops,all ages,new_H,baseline,8.470526107184668,5.611032570593599,12.532745478837462
2025-11-21,daily,all subpops,all ages,new_H,baseline,9.285668413759259,6.222367877048743,13.479278553695883
2025-11-22,daily,all subpops,all ages,new_H,baseline,10.132583514442036,6.812563278271701,14.330940734726875
2025-11-23,daily,all subpops,all ages,new_H,baseline,10.673188526345719,7.334323395114458,14.744639443880594
2025-11-24,daily,all subpops,all ages,new_H,baseline,11.081414692340902,7.674125036308528,15.121248090999652
2025-11-25,daily,all subpops,all ages,new_H,baseline,11.857863516215033,8.332814043983598,15.842681244305236
2025-11-26,daily,all subpops,all ages,new_H,baseline,12.73977706224753,9.069796641565803,17.015747992326833
2025-11-27,daily,all subpops,all ages,new_H,baseline,13.524316250189036,9.831942774846004,18.11594594463593
2025-11-28,daily,all subpops,all ages,new_H,baseline,14.227077830152057,10.529604151733043,19.222925726202913
2025-11-29,daily,all subpops,all ages,new_H,baseline,15.068313971569335,11.27097685388481,20.376052393964198
2025-11-30,daily,all subpops,all ages,new_H,baseline,15.674165847424256,11.71528234212871,21.323808643286206
2025-12-01,daily,all subpops,all ages,new_H,baseline,16.131077839854285,12.128992644096728,21.966296152008056
2025-12-02,daily,all subpops,all ages,new_H,baseline,17.104255824513594,12.845875796621785,23.240826064440004
2025-12-03,daily,all subpops,all ages,new_H,baseline,18.438373288870782,14.004012050480313,24.934724809832947
2025-12-04,daily,all subpops,all ages,new_H,baseline,20.264313683010574,15.396514396872604,27.42957390794018
2025-12-05,daily,all subpops,all ages,new_H,baseline,22.59999170370189,17.360532696766768,30.19349673333382
2025-12-06,daily,all subpops,all ages,new_H,baseline,25.396159084437773,19.556985569688514,33.703940640503966
2025-12-07,daily,all subpops,all ages,new_H,baseline,27.532165869341128,21.266453367216602,36.06655931049279
2025-12-08,daily,all subpops,all ages,new_H,baseline,29.114208085477586,23.055257621713142,37.971086669348956
2025-12-09,daily,all subpops,all ages,new_H,baseline,31.956970309388474,25.510052318965002,41.50787358416494
2025-12-10,daily,all subpops,all ages,new_H,baseline,35.80840354620038,29.009390183106067,46.239057051656424
2025-12-11,daily,all subpops,all ages,new_H,baseline,39.988184524450645,32.948102976230835,51.00852637272583
2025-12-12,daily,all subpops,all ages,new_H,baseline,45.3779661357037,37.37305330584666,57.358356677881275
2025-12-13,daily,all subpops,all ages,new_H,baseline,51.484624932867064,42.762451403845596,64.95311075221734
2025-12-14,daily,all subpops,all ages,new_H,baseline,56.191443255437875,46.63489028298315,70.71815705699908
2025-12-15,daily,all subpops,all ages,new_H,baseline,60.34780097376162,50.15845387546428,75.32758172449796
2025-12-16,daily,all subpops,all ages,new_H,baseline,66.98382487011294,55.85593080450884,83.00845054546213
2025-12-17,daily,all subpops,all ages,new_H,baseline,75.58641323073965,63.32424772468945,92.96831001258155
2025-12-18,daily,all subpops,all ages,new_H,baseline,85.30111997662466,71.79125354220216,103.54026559983868
2025-12-19,daily,all subpops,all ages,new_H,baseline,96.10428257786603,81.63179457672126,114.7057509696924
2025-12-20,daily,all subpops,all ages,new_H,baseline,107.12449716033369,92.27611346693908,127.04978508837229
2025-12-21,daily,all subpops,all ages,new_H,baseline,116.09529936373806,101.05537028838643,136.30795413334482
2025-12-22,daily,all subpops,all ages,new_H,baseline,123.60999293364614,108.8827786891178,144.1530612864423
2025-12-23,daily,all subpops,all ages,new_H,baseline,134.5799478649289,118.80203424140736,155.69406451097987
2025-12-24,daily,all subpops,all ages,new_H,baseline,146.1264270482257,128.35026487051135,168.51740027581064
2025-12-25,daily,all subpops,all ages,new_H,baseline,156.4728077069495,135.6021273945892,179.7593184019294
2025-12-26,daily,all subpops,all ages,new_H,baseline,162.74403680781745,139.8350831177729,187.3271515520845
2025-12-27,daily,all subpops,all ages,new_H,baseline,169.21808850676848,144.45265200613764,195.60864465564802
2025-12-28,daily,all subpops,all ages,new_H,baseline,171.4419398330133,145.41175833681902,198.22988338302855
2025-12-29,daily,all subpops,all ages,new_H,baseline,169.72205842122938,143.79743567285414,196.7082734690595
2025-12-30,daily,all subpops,all ages,new_H,baseline,167.87301331565507,141.7849513373034,194.09013784168386
2025-12-31,daily,all subpops,all ages,new_H,baseline,166.98731457577247,140.2230800545241,192.10258781682055
2026-01-01,daily,all subpops,all ages,new_H,baseline,164.51226364141291,137.96400858871462,188.59804394160838
2026-01-02,daily,all subpops,all ages,new_H,baseline,159.45567029866896,133.48401307127293,181.4366498024582
2026-01-03,daily,all subpops,all ages,new_H,baseline,153.65668109280026,129.038480907894,173.664400852067
2026-01-04,daily,all subpops,all ages,new_H,baseline,145.4573546710726,122.85475334365837,164.4260444301871
2026-01-05,daily,all subpops,all ages,new_H,baseline,135.66557262135882,115.00424466996635,154.2736444561456
2026-01-06,daily,all subpops,all ages,new_H,baseline,127.3332712687895,107.65736209767337,144.7840910529833
2026-01-07,daily,all subpops,all ages,new_H,baseline,119.62755299569754,100.96483671902334,137.18999798740393
2026-01-08,daily,all subpops,all ages,new_H,baseline,112.69616960019229,95.51379332738205,129.98517911688884
2026-01-09,daily,all subpops,all ages,new_H,baseline,106.03374946766769,90.01397797189296,122.83823216128005
2026-01-10,daily,all subpops,all ages,new_H,baseline,100.0515059074129,84.72735109422364,115.93883864417404
2026-01-11,daily,all subpops,all ages,new_H,baseline,92.22125960195835,78.30540447801678,107.38538610819784
2026-01-12,daily,all subpops,all ages,new_H,baseline,84.36967375353625,71.54795950213496,98.56040173242899
2026-01-13,daily,all subpops,all ages,new_H,baseline,78.29639938955717,66.74394412523827,91.56712412346621
2026-01-14,daily,all subpops,all ages,new_H,baseline,73.69646797523696,62.881612471508184,86.24277014632766
2026-01-15,daily,all subpops,all ages,new_H,baseline,69.27179194688954,59.16772858586987,80.78769425114221
2026-01-16,daily,all subpops,all ages,new_H,baseline,65.14678905609759,55.534016978294105,76.07710117363938
2026-01-17,daily,all subpops,all ages,new_H,baseline,61.850572584168944,52.56009526761055,71.99373253765023
2026-01-18,daily,all subpops,all ages,new_H,baseline,57.72063294123754,48.83887588482068,67.61588407500284
2026-01-19,daily,all subpops,all ages,new_H,baseline,52.957808141280644,44.89568327882248,62.34900436089574
2026-01-20,daily,all subpops,all ages,new_H,baseline,48.79474140779878,41.398235307838355,58.183810518857484
2026-01-21,daily,all subpops,all ages,new_H,baseline,45.564037277186,38.79209772086679,54.99699081794242
2026-01-22,daily,all subpops,all ages,new_H,baseline,42.99371868801924,36.404377608537274,52.49714497283893
2026-01-23,daily,all subpops,all ages,new_H,baseline,40.6683396023856,34.06641010584639,49.98932786569419
2026-01-24,daily,all subpops,all ages,new_H,baseline,38.50103404461878,31.948756485097817,47.84965947171871
2026-01-25,daily,all subpops,all ages,new_H,baseline,35.92371231472691,29.7184169010965,45.057781636096905
2026-01-26,daily,all subpops,all ages,new_H,baseline,33.144003494671445,27.195724469081426,41.97950699117416
2026-01-27,daily,all subpops,all ages,new_H,baseline,30.8848826052334,25.193693684606515,39.385950707365225
2026-01-28,daily,all subpops,all ages,new_H,baseline,29.08513685468317,23.558007670469937,37.45590421224794
2026-01-29,daily,all subpops,all ages,new_H,baseline,27.612666606006457,22.398659745262684,36.03817696648266
2026-01-30,daily,all subpops,all ages,new_H,baseline,26.412031958025874,21.30427496711912,34.35465884265501
2026-01-31,daily,all subpops,all ages,new_H,baseline,25.172661157247408,20.29308556070177,32.62991632422513
2026-02-01,daily,all subpops,all ages,new_H,baseline,23.698980718691086,19.01332256801063,30.545811834428108
2026-02-02,daily,all subpops,all ages,new_H,baseline,21.81145065754473,17.522270060450655,28.272577488080977
2026-02-03,daily,all subpops,all ages,new_H,baseline,20.385861202458145,16.27340395236592,26.12719931730258
2026-02-04,daily,all subpops,all ages,new_H,baseline,19.30790800482312,15.308569905963683,24.615073878974925
2026-02-05,daily,all subpops,all ages,new_H,baseline,18.449026887010675,14.446315685469282,23.618078611712825
2026-02-06,daily,all subpops,all ages,new_H,baseline,17.669633649236808,13.632370797458218,22.81099151796539
2026-02-07,daily,all subpops,all ages,new_H,baseline,16.958645293158664,13.001852493180136,22.02590243913532
2026-02-08,daily,all subpops,all ages,new_H,baseline,16.019099184439092,12.210561577648086,20.917619495651138
2026-02-09,daily,all subpops,all ages,new_H,baseline,15.017916962197388,11.481740004679985,19.942302967303114
2026-02-10,daily,all subpops,all ages,new_H,baseline,14.384711608515612,11.001049873373475,19.09894890718981
2026-02-11,daily,all subpops,all ages,new_H,baseline,13.955464180827079,10.634914836687653,18.624499871259907
2026-02-12,daily,all subpops,all ages,new_H,baseline,13.674991440111729,10.30628979650199,18.100909397996762
2026-02-13,daily,all subpops,all ages,new_H,baseline,13.48302604918845,10.053705523932214,17.772480379416432
2026-02-14,daily,all subpops,all ages,new_H,baseline,13.31371998220834,9.989282990988565,17.63956295656879
2026-02-15,daily,all subpops,all ages,new_H,baseline,12.911566468565677,9.761379090406537,17.107820590795598
2026-02-16,daily,all subpops,all ages,new_H,baseline,12.396783289720219,9.230787025594521,16.36385320157641
2026-02-17,daily,all subpops,all ages,new_H,baseline,12.045363519581255,8.925395553629187,15.77302642022781
2026-02-18,daily,all subpops,all ages,new_H,baseline,11.77693123838157,8.698232463479847,15.458105378167247
2026-02-19,daily,all subpops,all ages,new_H,baseline,11.497362560112364,8.351476157410207,15.133213046141123
2026-02-20,daily,all subpops,all ages,new_H,baseline,11.260799249654703,8.08095131087281,14.744401425348663
2026-02-21,daily,all subpops,all ages,new_H,baseline,10.964768970113912,7.763907260425448,14.507945714997682
2026-02-22,daily,all subpops,all ages,new_H,baseline,10.49048953156706,7.389480176118701,13.804606615581141
2026-02-23,daily,all subpops,all ages,new_H,baseline,9.963167688379734,6.943938327598367,13.050456965889396
2026-02-24,daily,all subpops,all ages,new_H,baseline,9.601269883574657,6.729590145517023,12.66519469486901
2026-02-25,daily,all subpops,all ages,new_H,baseline,9.456075322703004,6.599063691175897,12.50036239262132
2026-02-26,daily,all subpops,all ages,new_H,baseline,9.38779421685139,6.596803159862696,12.30651052507997
2026-02-27,daily,all subpops,all ages,new_H,baseline,9.326176370632192,6.628206611206787,12.251470634808058
2026-02-28,daily,all subpops,all ages,new_H,baseline,9.294073201418458,6.675439850904406,12.196514752826833
2026-03-01,daily,all subpops,all ages,new_H,baseline,9.019767937138656,6.5033079634159705,11.910234168439947
2026-03-02,daily,all subpops,all ages,new_H,baseline,8.712141332596762,6.3055018998415635,11.522207371959954
2026-03-03,daily,all subpops,all ages,new_H,baseline,8.607613355574877,6.2213389630064375,11.313974221303152
2026-03-04,daily,all subpops,all ages,new_H,baseline,8.582986149720128,6.118123661014415,11.33222616171125
2026-03-05,daily,all subpops,all ages,new_H,baseline,8.532251508369868,6.027741002770292,11.371636357755298
2026-03-06,daily,all subpops,all ages,new_H,baseline,8.522227098902901,5.974841525657538,11.471028267729023
2026-03-07,daily,all subpops,all ages,new_H,baseline,8.475719897463929,5.896255920472737,11.567532441387133
2026-03-08,daily,all subpops,all ages,new_H,baseline,8.212366825608559,5.651865382128904,11.4238180828132
2026-03-09,daily,all subpops,all ages,new_H,baseline,7.832905234348425,5.334133425133445,10.97042293398215
2026-03-10,daily,all subpops,all ages,new_H,baseline,7.55335464448275,5.11325189055657,10.670480113464349
2026-03-11,daily,all subpops,all ages,new_H,baseline,7.4017339742129025,4.949758696637489,10.501840080202907
2026-03-12,daily,all subpops,all ages,new_H,baseline,7.2565105721844585,4.797621623703788,10.36933695642399
2026-03-13,daily,all subpops,all ages,new_H,baseline,7.137764824522543,4.698482301339008,10.329252339649653
2026-03-14,daily,all subpops,all ages,new_H,baseline,7.04522383185328,4.605234579691173,10.334569177914172
2026-03-15,daily,all subpops,all ages,new_H,baseline,6.840997296334178,4.465325954168092,10.13539133744309
2026-03-16,daily,all subpops,all ages,new_H,baseline,6.525320909272248,4.233258619677778,9.698307369772817
2026-03-17,daily,all subpops,all ages,new_H,baseline,6.29120394340745,4.120926844296832,9.321674164014865
2026-03-18,daily,all subpops,all ages,new_H,baseline,6.16467811670395,4.004227829416331,9.2474144473622
2026-03-19,daily,all subpops,all ages,new_H,baseline,6.146428118255379,3.9875688791304675,9.354642697839209
2026-03-20,daily,all subpops,all ages,new_H,baseline,6.171513550976197,3.9959303964917976,9.470265240469855
2026-03-21,daily,all subpops,all ages,new_H,baseline,6.173636785849551,3.942315697254486,9.443007608663663
2026-03-22,daily,all subpops,all ages,new_H,baseline,5.986073524410358,3.772361101548853,9.276549096391072
2026-03-23,daily,all subpops,all ages,new_H,baseline,5.73261918883761,3.592193405252131,8.903463304601068
2026-03-24,daily,all subpops,all ages,new_H,baseline,5.586374971499691,3.4708119898638152,8.665377307917089
2026-03-25,daily,all subpops,all ages,new_H,baseline,5.568026328556293,3.4012075137018476,8.628102444775802
2026-03-26,daily,all subpops,all ages,new_H,baseline,5.572616852268819,3.402195025147048,8.635913973359827
2026-03-27,daily,all subpops,all ages,new_H,baseline,5.555198703591018,3.3832542853192735,8.51592958018595
2026-03-28,daily,all subpops,all ages,new_H,baseline,5.551752515620966,3.4155490595265827,8.45745752177788
2026-03-29,daily,all subpops,all ages,new_H,baseline,5.46307571007554,3.357557826451554,8.31640174958673
2026-03-30,daily,all subpops,all ages,new_H,baseline,5.324574730293094,3.273480081658331,8.140626892678116
2026-03-31,daily,all subpops,all ages,new_H,baseline,5.223180974380085,3.214127348294404,7.988416062277599
2026-04-01,daily,all subpops,all ages,new_H,baseline,5.149447517098407,3.1842100096410992,7.833020713399734
2026-04-02,daily,all subpops,all ages,new_H,baseline,5.063462669871439,3.1923489292100182,7.699551247937289
2026-04-03,daily,all subpops,all ages,new_H,baseline,5.001565491991595,3.1751771948687413,7.5785432135108906
2026-04-04,daily,all subpops,all ages,new_H,baseline,4.921187846753032,3.1477528883149297,7.464488562568971
2026-04-05,daily,all subpops,all ages,new_H,baseline,4.755843331839718,3.037398908810205,7.203602697836249
2026-04-06,daily,all subpops,all ages,new_H,baseline,4.508205016543515,2.878051060264618,6.839614851634379
2026-04-07,daily,all subpops,all ages,new_H,baseline,4.363270284474123,2.781749234803009,6.659659834215237
2026-04-08,daily,all subpops,all ages,new_H,baseline,4.325086286334261,2.7808871906085457,6.627163550759875
2026-04-09,daily,all subpops,all ages,new_H,baseline,4.322344422108528,2.8012398878156697,6.578054756255099
2026-04-10,daily,all subpops,all ages,new_H,baseline,4.322454840185369,2.7808496106275378,6.567343406224797
2026-04-11,daily,all subpops,all ages,new_H,baseline,4.324463723546354,2.7411868940147666,6.5566094945443485
2026-04-12,daily,all subpops,all ages,new_H,baseline,4.17839142054074,2.606834376948923,6.324160394966943
2026-04-13,daily,all subpops,all ages,new_H,baseline,3.9649089464890297,2.4394256826620406,6.048669781763157
2026-04-14,daily,all subpops,all ages,new_H,baseline,3.82866266244193,2.3141190259247675,5.894798438232336
2026-04-15,daily,all subpops,all ages,new_H,baseline,3.6722172609723063,2.1819658199626266,5.761787341638054
2026-04-16,daily,all subpops,all ages,new_H,baseline,3.5347460103958683,2.0353724132084463,5.617981235194288
2026-04-17,daily,all subpops,all ages,new_H,baseline,3.389266032221528,1.908346044733922,5.489918936720688
2026-04-18,daily,all subpops,all ages,new_H,baseline,3.242074889073739,1.817364383337645,5.321922188530542
2026-04-19,daily,all subpops,all ages,new_H,baseline,3.0520837284623306,1.6984703949923348,5.131255207934282
2026-04-20,daily,all subpops,all ages,new_H,baseline,2.8640279646331743,1.5567403935248,4.978426237318547
2026-04-21,daily,all subpops,all ages,new_H,baseline,2.7405601232921164,1.444181246024522,4.890882426282516
2026-04-22,daily,all subpops,all ages,new_H,baseline,2.6478958887176973,1.3723575877732372,4.838820662668898
2026-04-23,daily,all subpops,all ages,new_H,baseline,2.545002798434585,1.300110016968298,4.751639115742003
2026-04-24,daily,all subpops,all ages,new_H,baseline,2.462830157299069,1.224282516875376,4.67219328150634
2026-04-25,daily,all subpops,all ages,new_H,baseline,2.3844711875137796,1.141656941370772,4.639737488822332
2026-04-26,daily,all subpops,all ages,new_H,baseline,2.258294801121039,1.0518036424558679,4.460679151279834
2026-04-27,daily,all subpops,all ages,new_H,baseline,2.137785125999499,0.9727115730993128,4.255633400079769
2026-04-28,daily,all subpops,all ages,new_H,baseline,2.0245566210209605,0.8878530174606721,4.144920641891826
2026-04-29,daily,all subpops,all ages,new_H,baseline,1.92069159596918,0.8113457460812242,4.08335068652028
2026-04-30,daily,all subpops,all ages,new_H,baseline,1.8346128963797819,0.7475363888454575,4.03417191267976
2026-05-01,daily,all subpops,all ages,new_H,baseline,1.7781661324900002,0.6912941088878599,3.983764619901575
2026-05-02,daily,all subpops,all ages,new_H,baseline,1.7091356735363614,0.6487895156652003,3.929035154127288
2026-05-03,daily,all subpops,all ages,new_H,baseline,1.6146293745367293,0.5888848973628532,3.8418484061125246
2026-05-04,daily,all subpops,all ages,new_H,baseline,1.5179985877623159,0.5346371975323125,3.759341517074268
2026-05-05,daily,all subpops,all ages,new_H,baseline,1.4611408357413345,0.49284622197001404,3.7385509917052424
2026-05-06,daily,all subpops,all ages,new_H,baseline,1.4034881034957674,0.44926240760907504,3.7844852470981802
2026-05-07,daily,all subpops,all ages,new_H,baseline,1.3554021719207028,0.3983717918512483,3.856644901411937
2026-05-08,daily,all subpops,all ages,new_H,baseline,1.3243928452366096,0.3605840854233564,4.011329110053136
2025-09-01,cumulative,all subpops,Age 0,new_H,baseline,0.00329943759587913,0.0010021706338910216,0.00771955586668045
2025-09-02,cumulative,all subpops,Age 0,new_H,baseline,0.011209818806127557,0.00340798940122323,0.026229886392109592
2025-09-03,cumulative,all subpops,Age 0,new_H,baseline,0.02077904415637271,0.006329997030443267,0.04855452414107515
2025-09-04,cumulative,all subpops,Age 0,new_H,baseline,0.030726543655879263,0.009382811018029524,0.0715820836247615
2025-09-05,cumulative,all subpops,Age 0,new_H,baseline,0.04055110551094576,0.012413352973986545,0.09399856823747482
2025-09-06,cumulative,all subpops,Age 0,new_H,baseline,0.04984180609415488,0.01537125276879368,0.11516398949680925
2025-09-07,cumulative,all subpops,Age 0,new_H,baseline,0.05874501048336969,0.018256624428483928,0.13489980802723
2025-09-08,cumulative,all subpops,Age 0,new_H,baseline,0.06747975328949493,0.021099963289384488,0.15420646283836884
2025-09-09,cumulative,all subpops,Age 0,new_H,baseline,0.07565630713898339,0.02393779944484526,0.17261821767505373
2025-09-10,cumulative,all subpops,Age 0,new_H,baseline,0.08331338370935584,0.026784663447936605,0.1900074498451027
2025-09-11,cumulative,all subpops,Age 0,new_H,baseline,0.09125011346460415,0.02940332708535119,0.20754835654319
2025-09-12,cumulative,all subpops,Age 0,new_H,baseline,0.09936116837858822,0.032206450058063975,0.2243519546494366
2025-09-13,cumulative,all subpops,Age 0,new_H,baseline,0.10738507924490957,0.03531972955908112,0.24180582369606946
2025-09-14,cumulative,all subpops,Age 0,new_H,baseline,0.1153575790351628,0.038625823079435045,0.2591755049039362
2025-09-15,cumulative,all subpops,Age 0,new_H,baseline,0.12428984072219978,0.04218325854921251,0.27645456202656477
2025-09-16,cumulative,all subpops,Age 0,new_H,baseline,0.13296286537992838,0.04582025361121442,0.29266331173397436
2025-09-17,cumulative,all subpops,Age 0,new_H,baseline,0.1400152377293132,0.049541885871478564,0.30747446787970045
2025-09-18,cumulative,all subpops,Age 0,new_H,baseline,0.14778138744202046,0.053392745020460514,0.32089271366494077
2025-09-19,cumulative,all subpops,Age 0,new_H,baseline,0.15512953992088357,0.0565856863463236,0.3337766067956676
2025-09-20,cumulative,all subpops,Age 0,new_H,baseline,0.16253057517440536,0.05982733381790412,0.34662660487912444
2025-09-21,cumulative,all subpops,Age 0,new_H,baseline,0.17068739105991232,0.06347179454279361,0.3622896109114594
2025-09-22,cumulative,all subpops,Age 0,new_H,baseline,0.17772429143138846,0.06756863448296345,0.3795314511882273
2025-09-23,cumulative,all subpops,Age 0,new_H,baseline,0.18450493311150973,0.07095846296001912,0.39675373108656364
2025-09-24,cumulative,all subpops,Age 0,new_H,baseline,0.19281469194135228,0.07479922790125688,0.40982330809296585
2025-09-25,cumulative,all subpops,Age 0,new_H,baseline,0.20039377890166923,0.07748197894236206,0.4238143687270747
2025-09-26,cumulative,all subpops,Age 0,new_H,baseline,0.2068883824839359,0.08057800060094218,0.43624549655418665
2025-09-27,cumulative,all subpops,Age 0,new_H,baseline,0.21338076722474403,0.08428739990101441,0.4474884165850704
2025-09-28,cumulative,all subpops,Age 0,new_H,baseline,0.2214070679908859,0.08807570924601629,0.4567219965838475
2025-09-29,cumulative,all subpops,Age 0,new_H,baseline,0.2289508779617947,0.0909331116047526,0.4684184752165223
2025-09-30,cumulative,all subpops,Age 0,new_H,baseline,0.23430733792252442,0.09423652399244041,0.4792182002540344
2025-10-01,cumulative,all subpops,Age 0,new_H,baseline,0.24061293665178543,0.09978980735175438,0.4885591369457225
2025-10-02,cumulative,all subpops,Age 0,new_H,baseline,0.24699544502557214,0.10492665199338884,0.4974805753651447
2025-10-03,cumulative,all subpops,Age 0,new_H,baseline,0.2540252813374592,0.10860508648126804,0.5061939510551039
2025-10-04,cumulative,all subpops,Age 0,new_H,baseline,0.25846939643011185,0.1125783484758447,0.5164867487812701
2025-10-05,cumulative,all subpops,Age 0,new_H,baseline,0.2645141807235084,0.11574116672367298,0.5268052742765411
2025-10-06,cumulative,all subpops,Age 0,new_H,baseline,0.27225082798788536,0.11868879083636603,0.5373634605212235
2025-10-07,cumulative,all subpops,Age 0,new_H,baseline,0.2782905408392984,0.12237686512891112,0.5486105336660722
2025-10-08,cumulative,all subpops,Age 0,new_H,baseline,0.28456194976535687,0.12558696072417327,0.5605070367925884
2025-10-09,cumulative,all subpops,Age 0,new_H,baseline,0.2893226411373662,0.12946270555567596,0.572157958900511
2025-10-10,cumulative,all subpops,Age 0,new_H,baseline,0.2959245079846771,0.13356200274991692,0.583793289345089
2025-10-11,cumulative,all subpops,Age 0,new_H,baseline,0.30173589776338583,0.1377457304138502,0.5946656079880946
2025-10-12,cumulative,all subpops,Age 0,new_H,baseline,0.3079006293892876,0.14131216127356916,0.6051015665313432
2025-10-13,cumulative,all subpops,Age 0,new_H,baseline,0.3145633467222076,0.1445290794908165,0.6148138507946761
2025-10-14,cumulative,all subpops,Age 0,new_H,baseline,0.3225035669442599,0.1471630837871265,0.6238632888145311
2025-10-15,cumulative,all subpops,Age 0,new_H,baseline,0.33002639373199716,0.15002904522203428,0.6341619286397742
2025-10-16,cumulative,all subpops,Age 0,new_H,baseline,0.3391329967288398,0.1529155457195934,0.6458137411183443
2025-10-17,cumulative,all subpops,Age 0,new_H,baseline,0.34558346811242713,0.1560888827723064,0.657529597672162
2025-10-18,cumulative,all subpops,Age 0,new_H,baseline,0.3518032624770472,0.16085616569035197,0.6694360543248936
2025-10-19,cumulative,all subpops,Age 0,new_H,baseline,0.36050637386191053,0.1636030988624398,0.6833787079596982
2025-10-20,cumulative,all subpops,Age 0,new_H,baseline,0.3701163568594195,0.16865638854284004,0.6969633740468835
2025-10-21,cumulative,all subpops,Age 0,new_H,baseline,0.3787350432391146,0.1721958316959784,0.7122146612630065
2025-10-22,cumulative,all subpops,Age 0,new_H,baseline,0.387352266699785,0.1782498325873797,0.7251543935176946
2025-10-23,cumulative,all subpops,Age 0,new_H,baseline,0.396744866295508,0.1861842576424258,0.737943106785054
2025-10-24,cumulative,all subpops,Age 0,new_H,baseline,0.407973776713251,0.19408504228402743,0.7603876420969841
2025-10-25,cumulative,all subpops,Age 0,new_H,baseline,0.4173305472794065,0.2003592627039514,0.7776272424633358
2025-10-26,cumulative,all subpops,Age 0,new_H,baseline,0.42731947943626714,0.20614524740646187,0.7945979283912352
2025-10-27,cumulative,all subpops,Age 0,new_H,baseline,0.4426564850409487,0.21488838937529056,0.8123568204283139
2025-10-28,cumulative,all subpops,Age 0,new_H,baseline,0.4554551946708485,0.22125979216884492,0.837442794881767
2025-10-29,cumulative,all subpops,Age 0,new_H,baseline,0.47032731138580164,0.22816796137635084,0.8558790992122334
2025-10-30,cumulative,all subpops,Age 0,new_H,baseline,0.48824005147775135,0.23619264895426573,0.8749505623388201
2025-10-31,cumulative,all subpops,Age 0,new_H,baseline,0.5057607666437677,0.24334659360024716,0.903036682951052
2025-11-01,cumulative,all subpops,Age 0,new_H,baseline,0.5222749492402519,0.2508821555832077,0.9328656367444622
2025-11-02,cumulative,all subpops,Age 0,new_H,baseline,0.5419814070267485,0.26410171301717666,0.9643641109240462
2025-11-03,cumulative,all subpops,Age 0,new_H,baseline,0.5620108333875362,0.2750001793360877,0.9965081806566578
2025-11-04,cumulative,all subpops,Age 0,new_H,baseline,0.583252354322898,0.2864552169807308,1.0242208524047343
2025-11-05,cumulative,all subpops,Age 0,new_H,baseline,0.6051870395128337,0.2972542954770558,1.052497651056377
2025-11-06,cumulative,all subpops,Age 0,new_H,baseline,0.6303003626096974,0.30930457017791363,1.0824125814048782
2025-11-07,cumulative,all subpops,Age 0,new_H,baseline,0.6566819854287537,0.3244227915437083,1.1170134180660032
2025-11-08,cumulative,all subpops,Age 0,new_H,baseline,0.6829812317078541,0.3375456552804748,1.1542814629093168
2025-11-09,cumulative,all subpops,Age 0,new_H,baseline,0.708438497869982,0.35220796210166,1.2021348939688496
2025-11-10,cumulative,all subpops,Age 0,new_H,baseline,0.7385166816959681,0.36852263866437746,1.255336041837667
2025-11-11,cumulative,all subpops,Age 0,new_H,baseline,0.7678019099685206,0.38407912877347533,1.2976860597336937
2025-11-12,cumulative,all subpops,Age 0,new_H,baseline,0.7972689781676792,0.3985162486081368,1.3429899000552707
2025-11-13,cumulative,all subpops,Age 0,new_H,baseline,0.831243929482537,0.41383738743957543,1.3832176181716256
2025-11-14,cumulative,all subpops,Age 0,new_H,baseline,0.8665165402746147,0.43018874294353177,1.4235589104667628
2025-11-15,cumulative,all subpops,Age 0,new_H,baseline,0.9008079971316763,0.4558074149727804,1.4658896970181952
2025-11-16,cumulative,all subpops,Age 0,new_H,baseline,0.939322273661937,0.48071948517964536,1.5237693335917317
2025-11-17,cumulative,all subpops,Age 0,new_H,baseline,0.9831332534447335,0.5068207891275088,1.5797352994598894
2025-11-18,cumulative,all subpops,Age 0,new_H,baseline,1.0265579748188651,0.5258683522899753,1.6484034174142357
2025-11-19,cumulative,all subpops,Age 0,new_H,baseline,1.07777306301105,0.5462064616646649,1.7224637127823583
2025-11-20,cumulative,all subpops,Age 0,new_H,baseline,1.1278683073567035,0.5719739968649874,1.7904406417727259
2025-11-21,cumulative,all subpops,Age 0,new_H,baseline,1.178269552382395,0.5977986320505192,1.8831205501084844
2025-11-22,cumulative,all subpops,Age 0,new_H,baseline,1.236405189364313,0.6253373972036109,1.9847186204169247
2025-11-23,cumulative,all subpops,Age 0,new_H,baseline,1.2978314172139178,0.6571128119394383,2.077389133543384
2025-11-24,cumulative,all subpops,Age 0,new_H,baseline,1.3680439258502752,0.6924476336853215,2.1777195322337524
2025-11-25,cumulative,all subpops,Age 0,new_H,baseline,1.4363732190804628,0.726757192706977,2.297337002817117
2025-11-26,cumulative,all subpops,Age 0,new_H,baseline,1.5143613536974871,0.7635701656556155,2.4182609321833803
2025-11-27,cumulative,all subpops,Age 0,new_H,baseline,1.5968176057993548,0.8052133323148877,2.5243079908399424
2025-11-28,cumulative,all subpops,Age 0,new_H,baseline,1.684140778951644,0.8617209119970396,2.6462494281441296
2025-11-29,cumulative,all subpops,Age 0,new_H,baseline,1.7741198271688228,0.9321365749805408,2.7843679411893403
2025-11-30,cumulative,all subpops,Age 0,new_H,baseline,1.877360864857949,0.9904939445415532,2.9217848876721777
2025-12-01,cumulative,all subpops,Age 0,new_H,baseline,1.982599524126353,1.0565897345637243,3.0603795385938932
2025-12-02,cumulative,all subpops,Age 0,new_H,baseline,2.097817025267365,1.1259460632558522,3.2320670831816796
2025-12-03,cumulative,all subpops,Age 0,new_H,baseline,2.2143919701849453,1.1996097446523182,3.373577721853588
2025-12-04,cumulative,all subpops,Age 0,new_H,baseline,2.333377733059596,1.279843416642779,3.5164619827942283
2025-12-05,cumulative,all subpops,Age 0,new_H,baseline,2.4654616748147316,1.3543273750882963,3.682427207018333
2025-12-06,cumulative,all subpops,Age 0,new_H,baseline,2.6101693879787518,1.4349458043119008,3.877570698108244
2025-12-07,cumulative,all subpops,Age 0,new_H,baseline,2.7658650217678775,1.52600344067625,4.087973296778356
2025-12-08,cumulative,all subpops,Age 0,new_H,baseline,2.9446872440277856,1.6279955157772157,4.328489233953429
2025-12-09,cumulative,all subpops,Age 0,new_H,baseline,3.146751554806525,1.7369245018645,4.588956353321542
2025-12-10,cumulative,all subpops,Age 0,new_H,baseline,3.360446849446557,1.8589897446073862,4.877151767949885
2025-12-11,cumulative,all subpops,Age 0,new_H,baseline,3.593329797553265,1.995236397690065,5.194277218849279
2025-12-12,cumulative,all subpops,Age 0,new_H,baseline,3.8494727166852076,2.1491975722314463,5.520038302141867
2025-12-13,cumulative,all subpops,Age 0,new_H,baseline,4.13149788154845,2.325953114578976,5.894067844792447
2025-12-14,cumulative,all subpops,Age 0,new_H,baseline,4.452244980870251,2.520978574075517,6.333777376634671
2025-12-15,cumulative,all subpops,Age 0,new_H,baseline,4.809762208860682,2.728519925561507,6.829831748090743
2025-12-16,cumulative,all subpops,Age 0,new_H,baseline,5.204946926842059,2.9612047433345827,7.341738697018418
2025-12-17,cumulative,all subpops,Age 0,new_H,baseline,5.641658620342491,3.220229564129679,7.912932920303672
2025-12-18,cumulative,all subpops,Age 0,new_H,baseline,6.14641784811329,3.4934479746465574,8.54946109920073
2025-12-19,cumulative,all subpops,Age 0,new_H,baseline,6.7036493047049355,3.777691013965114,9.28710302387571
2025-12-20,cumulative,all subpops,Age 0,new_H,baseline,7.326940531332316,4.120625493392391,10.090070327347284
2025-12-21,cumulative,all subpops,Age 0,new_H,baseline,8.007978432574825,4.53382761601788,11.016646923769617
2025-12-22,cumulative,all subpops,Age 0,new_H,baseline,8.747310297308982,4.994885629353239,12.034686104857578
2025-12-23,cumulative,all subpops,Age 0,new_H,baseline,9.561818924788012,5.500715645103454,13.155324377726712
2025-12-24,cumulative,all subpops,Age 0,new_H,baseline,10.463351068451928,6.018921992156095,14.326849109671278
2025-12-25,cumulative,all subpops,Age 0,new_H,baseline,11.446365922918355,6.5576614260279635,15.629443413537283
2025-12-26,cumulative,all subpops,Age 0,new_H,baseline,12.466180937098642,7.135091126163491,17.015875812353244
2025-12-27,cumulative,all subpops,Age 0,new_H,baseline,13.50037793892818,7.773307929951503,18.392017294114076
2025-12-28,cumulative,all subpops,Age 0,new_H,baseline,14.556216208769415,8.424946352711173,19.84283115941313
2025-12-29,cumulative,all subpops,Age 0,new_H,baseline,15.649115192608523,9.04999681457039,21.323705784592388
2025-12-30,cumulative,all subpops,Age 0,new_H,baseline,16.63941514529123,9.648742947537329,22.81524040997576
2025-12-31,cumulative,all subpops,Age 0,new_H,baseline,17.69277176717197,10.236102311972976,24.228559101812554
2026-01-01,cumulative,all subpops,Age 0,new_H,baseline,18.74188243287416,10.809602012905886,25.610002638687195
2026-01-02,cumulative,all subpops,Age 0,new_H,baseline,19.678676837299044,11.36724433144194,26.945227800390295
2026-01-03,cumulative,all subpops,Age 0,new_H,baseline,20.596209572301124,11.917870640381716,28.21455389751498
2026-01-04,cumulative,all subpops,Age 0,new_H,baseline,21.42931311552078,12.406008082666547,29.42275749596905
2026-01-05,cumulative,all subpops,Age 0,new_H,baseline,22.260401606665805,12.8736130615714,30.560921405656938
2026-01-06,cumulative,all subpops,Age 0,new_H,baseline,23.07886359069121,13.306717034445503,31.621279247669126
2026-01-07,cumulative,all subpops,Age 0,new_H,baseline,23.81654626355282,13.702675205649903,32.60043105260501
2026-01-08,cumulative,all subpops,Age 0,new_H,baseline,24.48478793850024,14.071277789569066,33.50147282505867
2026-01-09,cumulative,all subpops,Age 0,new_H,baseline,25.108689348761647,14.428513445563992,34.33238287510943
2026-01-10,cumulative,all subpops,Age 0,new_H,baseline,25.72644274390808,14.760402472868927,35.10175325234505
2026-01-11,cumulative,all subpops,Age 0,new_H,baseline,26.266194172607456,15.070902701025151,35.81755871569101
2026-01-12,cumulative,all subpops,Age 0,new_H,baseline,26.78939928939037,15.361402524838917,36.48597759099701
2026-01-13,cumulative,all subpops,Age 0,new_H,baseline,27.21445449732146,15.631750651052982,37.11182683787223
2026-01-14,cumulative,all subpops,Age 0,new_H,baseline,27.661751226043986,15.876962865248402,37.693972001828506
2026-01-15,cumulative,all subpops,Age 0,new_H,baseline,28.052654703338522,16.090649382911,38.22527759073678
2026-01-16,cumulative,all subpops,Age 0,new_H,baseline,28.444412445405376,16.290134284359045,38.724100457035995
2026-01-17,cumulative,all subpops,Age 0,new_H,baseline,28.803115048619947,16.478544067251185,39.18155559511963
2026-01-18,cumulative,all subpops,Age 0,new_H,baseline,29.120717729071277,16.657252533764456,39.61284737678659
2026-01-19,cumulative,all subpops,Age 0,new_H,baseline,29.450857074144068,16.82662341492495,40.01273422019479
2026-01-20,cumulative,all subpops,Age 0,new_H,baseline,29.718126691389084,16.986935822389352,40.384566137800554
2026-01-21,cumulative,all subpops,Age 0,new_H,baseline,29.990040742909187,17.138891088151293,40.73581771300601
2026-01-22,cumulative,all subpops,Age 0,new_H,baseline,30.251351258623117,17.282662469260398,41.06675855252756
2026-01-23,cumulative,all subpops,Age 0,new_H,baseline,30.489229975096055,17.418170368427326,41.3773687609771
2026-01-24,cumulative,all subpops,Age 0,new_H,baseline,30.751094879101412,17.546423054169907,41.66969504970911
2026-01-25,cumulative,all subpops,Age 0,new_H,baseline,30.961810088466102,17.668842774233177,41.94388861679493
2026-01-26,cumulative,all subpops,Age 0,new_H,baseline,31.171994824113657,17.785710950752136,42.19803631001903
2026-01-27,cumulative,all subpops,Age 0,new_H,baseline,31.31295704870986,17.896608901196778,42.43714834942294
2026-01-28,cumulative,all subpops,Age 0,new_H,baseline,31.48650640329468,18.001539339725163,42.66133107163658
2026-01-29,cumulative,all subpops,Age 0,new_H,baseline,31.667548405386782,18.100864185086646,42.87136797443098
2026-01-30,cumulative,all subpops,Age 0,new_H,baseline,31.832771230670666,18.195103833509865,43.06837921373815
2026-01-31,cumulative,all subpops,Age 0,new_H,baseline,31.961477220985632,18.278007629779605,43.25042191998627
2026-02-01,cumulative,all subpops,Age 0,new_H,baseline,32.099278039949084,18.350558146732336,43.421900196220314
2026-02-02,cumulative,all subpops,Age 0,new_H,baseline,32.232474174017796,18.41869121660486,43.58429156908741
2026-02-03,cumulative,all subpops,Age 0,new_H,baseline,32.357846168799824,18.482386329967806,43.73742333688262
2026-02-04,cumulative,all subpops,Age 0,new_H,baseline,32.47545059153479,18.54180085688581,43.877991718693245
2026-02-05,cumulative,all subpops,Age 0,new_H,baseline,32.58593386907807,18.597376310437756,44.01085503572356
2026-02-06,cumulative,all subpops,Age 0,new_H,baseline,32.673250132841666,18.649689474602727,44.13702020529273
2026-02-07,cumulative,all subpops,Age 0,new_H,baseline,32.75187752131959,18.699304373710852,44.25508986627173
2026-02-08,cumulative,all subpops,Age 0,new_H,baseline,32.825101730144944,18.746826020385846,44.36926011469125
2026-02-09,cumulative,all subpops,Age 0,new_H,baseline,32.89390888758266,18.79277901052005,44.47879415198659
2026-02-10,cumulative,all subpops,Age 0,new_H,baseline,32.95878306121934,18.83732539934305,44.58316549982696
2026-02-11,cumulative,all subpops,Age 0,new_H,baseline,33.036936735837976,18.880443502892668,44.68437689775897
2026-02-12,cumulative,all subpops,Age 0,new_H,baseline,33.11402216273042,18.922214141547713,44.78265947027803
2026-02-13,cumulative,all subpops,Age 0,new_H,baseline,33.188441054816536,18.963028768339413,44.87888408960698
2026-02-14,cumulative,all subpops,Age 0,new_H,baseline,33.272467537321816,19.003415883618246,44.97421158029316
2026-02-15,cumulative,all subpops,Age 0,new_H,baseline,33.35870310951261,19.04376749444283,45.069538041643185
2026-02-16,cumulative,all subpops,Age 0,new_H,baseline,33.44182360812044,19.084290174215173,45.16530363441591
2026-02-17,cumulative,all subpops,Age 0,new_H,baseline,33.52136606221445,19.12490357757715,45.26128906442902
2026-02-18,cumulative,all subpops,Age 0,new_H,baseline,33.59686528895393,19.165273559954304,45.35674265853145
2026-02-19,cumulative,all subpops,Age 0,new_H,baseline,33.66808313223228,19.20508182163761,45.45095563821519
2026-02-20,cumulative,all subpops,Age 0,new_H,baseline,33.73508164358537,19.244209381916054,45.54362393602477
2026-02-21,cumulative,all subpops,Age 0,new_H,baseline,33.809162161268105,19.28251374088089,45.63443514448234
2026-02-22,cumulative,all subpops,Age 0,new_H,baseline,33.87869572462277,19.31988740116561,45.72315315605471
2026-02-23,cumulative,all subpops,Age 0,new_H,baseline,33.92325113015323,19.35623272788889,45.80952189801468
2026-02-24,cumulative,all subpops,Age 0,new_H,baseline,33.96622393652998,19.391439731779542,45.89323493563566
2026-02-25,cumulative,all subpops,Age 0,new_H,baseline,34.03293872633858,19.42557316278708,45.97436771706032
2026-02-26,cumulative,all subpops,Age 0,new_H,baseline,34.08307420261457,19.458687466604445,46.05306554649518
2026-02-27,cumulative,all subpops,Age 0,new_H,baseline,34.13081908409389,19.490930104887685,46.11968272459275
2026-02-28,cumulative,all subpops,Age 0,new_H,baseline,34.17753787078662,19.522558022976142,46.18400388162921
2026-03-01,cumulative,all subpops,Age 0,new_H,baseline,34.22418106699499,19.55370484015723,46.248988171004235
2026-03-02,cumulative,all subpops,Age 0,new_H,baseline,34.27910812944023,19.584445857098217,46.31511712566395
2026-03-03,cumulative,all subpops,Age 0,new_H,baseline,34.33288171411213,19.614816658156105,46.3824478032282
2026-03-04,cumulative,all subpops,Age 0,new_H,baseline,34.379039258439796,19.644651146959152,46.4508735882137
2026-03-05,cumulative,all subpops,Age 0,new_H,baseline,34.42027676440377,19.67382657804203,46.519989863089215
2026-03-06,cumulative,all subpops,Age 0,new_H,baseline,34.46151518480951,19.702357721828143,46.58966173997069
2026-03-07,cumulative,all subpops,Age 0,new_H,baseline,34.50285134560897,19.730329614704885,46.65988174618325
2026-03-08,cumulative,all subpops,Age 0,new_H,baseline,34.54430124981469,19.757784616959643,46.73048109168196
2026-03-09,cumulative,all subpops,Age 0,new_H,baseline,34.58564753852001,19.784637454323587,46.80088136961191
2026-03-10,cumulative,all subpops,Age 0,new_H,baseline,34.6266148523154,19.81078035743176,46.8703951859887
2026-03-11,cumulative,all subpops,Age 0,new_H,baseline,34.6669066353099,19.836088762692132,46.93181138479229
2026-03-12,cumulative,all subpops,Age 0,new_H,baseline,34.706334131966344,19.860494004560067,46.98138137028059
2026-03-13,cumulative,all subpops,Age 0,new_H,baseline,34.74305565239115,19.884157027310188,47.029251913844135
2026-03-14,cumulative,all subpops,Age 0,new_H,baseline,34.783715749993064,19.907404194672996,47.07597403474294
2026-03-15,cumulative,all subpops,Age 0,new_H,baseline,34.82241577822771,19.930412284827433,47.121882273275375
2026-03-16,cumulative,all subpops,Age 0,new_H,baseline,34.86110961409232,19.953163201654053,47.166984219943025
2026-03-17,cumulative,all subpops,Age 0,new_H,baseline,34.899173170195375,19.975341566303094,47.210823851551474
2026-03-18,cumulative,all subpops,Age 0,new_H,baseline,34.93655773024686,19.996983350582074,47.25343773251602
2026-03-19,cumulative,all subpops,Age 0,new_H,baseline,34.97358923811314,20.018351046248387,47.29521340597381
2026-03-20,cumulative,all subpops,Age 0,new_H,baseline,35.00123557853718,20.039551673507336,47.336356180018804
2026-03-21,cumulative,all subpops,Age 0,new_H,baseline,35.025010971856446,20.060569213917734,47.37691966602541
2026-03-22,cumulative,all subpops,Age 0,new_H,baseline,35.048194062302265,20.08142636871583,47.4170021669108
2026-03-23,cumulative,all subpops,Age 0,new_H,baseline,35.070800289714676,20.102051662252816,47.45652138685261
2026-03-24,cumulative,all subpops,Age 0,new_H,baseline,35.09288834437341,20.122427266273142,47.495413326562606
2026-03-25,cumulative,all subpops,Age 0,new_H,baseline,35.11459823250049,20.142624741813872,47.5316524456512
2026-03-26,cumulative,all subpops,Age 0,new_H,baseline,35.144616700747115,20.162682755757377,47.56702553723356
2026-03-27,cumulative,all subpops,Age 0,new_H,baseline,35.17701103985988,20.18286406633905,47.60170564424921
2026-03-28,cumulative,all subpops,Age 0,new_H,baseline,35.20902311619714,20.203156637246494,47.63601746803735
2026-03-29,cumulative,all subpops,Age 0,new_H,baseline,35.24095599794974,20.223761539311656,47.67049169337558
2026-03-30,cumulative,all subpops,Age 0,new_H,baseline,35.27276470197603,20.244707377533945,47.70518936715738
2026-03-31,cumulative,all subpops,Age 0,new_H,baseline,35.30404072817347,20.265593548117266,47.73964928144107
2026-04-01,cumulative,all subpops,Age 0,new_H,baseline,35.33573382177757,20.285981203955473,47.77340499332734
2026-04-02,cumulative,all subpops,Age 0,new_H,baseline,35.36636461901201,20.305678422253106,47.80632402999557
2026-04-03,cumulative,all subpops,Age 0,new_H,baseline,35.39569075917451,20.32477057558582,47.83863120867558
2026-04-04,cumulative,all subpops,Age 0,new_H,baseline,35.423826539581334,20.34324116596974,47.87044559325377
2026-04-05,cumulative,all subpops,Age 0,new_H,baseline,35.45090770537493,20.361089800937425,47.901896414787956
2026-04-06,cumulative,all subpops,Age 0,new_H,baseline,35.47699955848557,20.378756895994997,47.93299113924416
2026-04-07,cumulative,all subpops,Age 0,new_H,baseline,35.503746047260854,20.395904830294818,47.9638158376337
2026-04-08,cumulative,all subpops,Age 0,new_H,baseline,35.53060565626827,20.412510238215514,47.9944312232415
2026-04-09,cumulative,all subpops,Age 0,new_H,baseline,35.55696517287661,20.428603121265752,48.02498118233267
2026-04-10,cumulative,all subpops,Age 0,new_H,baseline,35.58282176875014,20.444146131452268,48.05553990391486
2026-04-11,cumulative,all subpops,Age 0,new_H,baseline,35.60806038066947,20.45904704374303,48.08610012217108
2026-04-12,cumulative,all subpops,Age 0,new_H,baseline,35.6327029134686,20.47329272045604,48.11676995845585
2026-04-13,cumulative,all subpops,Age 0,new_H,baseline,35.65672912903007,20.486861208673425,48.14754514601495
2026-04-14,cumulative,all subpops,Age 0,new_H,baseline,35.67979295252041,20.499590404682706,48.17801635813109
2026-04-15,cumulative,all subpops,Age 0,new_H,baseline,35.701109574372914,20.511379099562614,48.20777945211899
2026-04-16,cumulative,all subpops,Age 0,new_H,baseline,35.721464689001465,20.52223818121936,48.23663575167994
2026-04-17,cumulative,all subpops,Age 0,new_H,baseline,35.74115426616045,20.53223840817653,48.26452877353175
2026-04-18,cumulative,all subpops,Age 0,new_H,baseline,35.759047133353185,20.541501448407278,48.28848351178877
2026-04-19,cumulative,all subpops,Age 0,new_H,baseline,35.7759156916607,20.550174636531064,48.305746678051904
2026-04-20,cumulative,all subpops,Age 0,new_H,baseline,35.79192005942148,20.558386167083583,48.3221286122874
2026-04-21,cumulative,all subpops,Age 0,new_H,baseline,35.80721250443349,20.566256432013137,48.33769025525688
2026-04-22,cumulative,all subpops,Age 0,new_H,baseline,35.82790461564822,20.573855786782104,48.352430907897656
2026-04-23,cumulative,all subpops,Age 0,new_H,baseline,35.85634865503462,20.581181227645978,48.36627155911249
2026-04-24,cumulative,all subpops,Age 0,new_H,baseline,35.87513840493898,20.588240709092585,48.380685340770896
2026-04-25,cumulative,all subpops,Age 0,new_H,baseline,35.89367140864518,20.595082914428534,48.411062427920854
2026-04-26,cumulative,all subpops,Age 0,new_H,baseline,35.91191931092641,20.60174478383461,48.44070954597054
2026-04-27,cumulative,all subpops,Age 0,new_H,baseline,35.929772516517126,20.608232333629445,48.469466762408466
2026-04-28,cumulative,all subpops,Age 0,new_H,baseline,35.94710361179629,20.614538204330767,48.497138370932944
2026-04-29,cumulative,all subpops,Age 0,new_H,baseline,35.96389594922766,20.620670590361428,48.523613443189824
2026-04-30,cumulative,all subpops,Age 0,new_H,baseline,35.981185168471455,20.62665074633972,48.54886585298132
2026-05-01,cumulative,all subpops,Age 0,new_H,baseline,35.99813236456473,20.632521957658156,48.57295468119255
2026-05-02,cumulative,all subpops,Age 0,new_H,baseline,36.01426071793114,20.6383672973151,48.59245477395544
2026-05-03,cumulative,all subpops,Age 0,new_H,baseline,36.02823455043737,20.64425390644858,48.60619615058458
2026-05-04,cumulative,all subpops,Age 0,new_H,baseline,36.04469670850083,20.650227806927017,48.619375405221135
2026-05-05,cumulative,all subpops,Age 0,new_H,baseline,36.0614833685458,20.65625683525246,48.6319384804057
2026-05-06,cumulative,all subpops,Age 0,new_H,baseline,36.077933777803665,20.662276599994264,48.6437981578211
2026-05-07,cumulative,all subpops,Age 0,new_H,baseline,36.09567942481791,20.668272012060697,48.654929075682496
2026-05-08,cumulative,all subpops,Age 0,new_H,baseline,36.10888796798968,20.674321333292585,48.66540040560025
2025-09-01,cumulative,all subpops,Age 1,new_H,baseline,0.014968405928981519,0.005071415664370529,0.035166029871133014
2025-09-02,cumulative,all subpops,Age 1,new_H,baseline,0.05104021518155852,0.017292045507534708,0.11981776805704886
2025-09-03,cumulative,all subpops,Age 1,new_H,baseline,0.09559806052013711,0.03248861787392332,0.22464639783775822
2025-09-04,cumulative,all subpops,Age 1,new_H,baseline,0.14413262072075456,0.04901831119046914,0.3376661435696948
2025-09-05,cumulative,all subpops,Age 1,new_H,baseline,0.19393575049011613,0.06617229940061256,0.4519506989922636
2025-09-06,cumulative,all subpops,Age 1,new_H,baseline,0.24425339348626054,0.0836121943357585,0.5637773040428835
2025-09-07,cumulative,all subpops,Age 1,new_H,baseline,0.2932305357153532,0.10105134617467325,0.6728193842785355
2025-09-08,cumulative,all subpops,Age 1,new_H,baseline,0.339700694236383,0.11838655039498201,0.7824699509731013
2025-09-09,cumulative,all subpops,Age 1,new_H,baseline,0.38637890820414356,0.13618004589945404,0.8866952517405726
2025-09-10,cumulative,all subpops,Age 1,new_H,baseline,0.4311716454510473,0.15497762842673118,0.9873731159627123
2025-09-11,cumulative,all subpops,Age 1,new_H,baseline,0.480958857911187,0.17511008518435245,1.0918755718191688
2025-09-12,cumulative,all subpops,Age 1,new_H,baseline,0.5298926176961101,0.19747345640202876,1.202421481028837
2025-09-13,cumulative,all subpops,Age 1,new_H,baseline,0.5772514996843667,0.21919929220635995,1.312326616012752
2025-09-14,cumulative,all subpops,Age 1,new_H,baseline,0.624845899709872,0.2409478585672086,1.4116831335373075
2025-09-15,cumulative,all subpops,Age 1,new_H,baseline,0.6759089667232661,0.26137013703346096,1.5075525233682632
2025-09-16,cumulative,all subpops,Age 1,new_H,baseline,0.7258916553771796,0.28366600534981823,1.612364677651562
2025-09-17,cumulative,all subpops,Age 1,new_H,baseline,0.7737843545565221,0.3018572321065625,1.7107327819778884
2025-09-18,cumulative,all subpops,Age 1,new_H,baseline,0.819835434812584,0.3215909480147295,1.7959717961693695
2025-09-19,cumulative,all subpops,Age 1,new_H,baseline,0.8718512620042136,0.3443113312696765,1.9110753999903811
2025-09-20,cumulative,all subpops,Age 1,new_H,baseline,0.9247147790803247,0.3705110900411374,2.001450570339741
2025-09-21,cumulative,all subpops,Age 1,new_H,baseline,0.9716950896656877,0.3983727598086791,2.1124559244076972
2025-09-22,cumulative,all subpops,Age 1,new_H,baseline,1.0246838257118818,0.4267896886066387,2.2088878498978066
2025-09-23,cumulative,all subpops,Age 1,new_H,baseline,1.0752196827239953,0.4564857550739217,2.296545981694856
2025-09-24,cumulative,all subpops,Age 1,new_H,baseline,1.1164153911276467,0.4881849331727063,2.3808985928889843
2025-09-25,cumulative,all subpops,Age 1,new_H,baseline,1.1665768521901942,0.5153796311392697,2.4635728691569443
2025-09-26,cumulative,all subpops,Age 1,new_H,baseline,1.2082663613487912,0.5438631231836707,2.550789344573207
2025-09-27,cumulative,all subpops,Age 1,new_H,baseline,1.2515464692649698,0.5705626626126112,2.6592011852575896
2025-09-28,cumulative,all subpops,Age 1,new_H,baseline,1.29805594374228,0.590726397004506,2.753591005026351
2025-09-29,cumulative,all subpops,Age 1,new_H,baseline,1.3454657521305857,0.6090530218447403,2.840918877221895
2025-09-30,cumulative,all subpops,Age 1,new_H,baseline,1.3882633238903117,0.6255653924619708,2.9107180864645206
2025-10-01,cumulative,all subpops,Age 1,new_H,baseline,1.4231286787904192,0.6458197554391639,2.9939216443557846
2025-10-02,cumulative,all subpops,Age 1,new_H,baseline,1.4582846575139954,0.6659910943237871,3.0713322321799743
2025-10-03,cumulative,all subpops,Age 1,new_H,baseline,1.4998727897966606,0.6946436794308436,3.13971117202188
2025-10-04,cumulative,all subpops,Age 1,new_H,baseline,1.5401507958401386,0.7160628683237114,3.2173789432987903
2025-10-05,cumulative,all subpops,Age 1,new_H,baseline,1.5825731700318826,0.7388701662375141,3.276818359190893
2025-10-06,cumulative,all subpops,Age 1,new_H,baseline,1.6138346466822802,0.7624085015423696,3.325492497600964
2025-10-07,cumulative,all subpops,Age 1,new_H,baseline,1.656709172904634,0.781323026556233,3.386809705503304
2025-10-08,cumulative,all subpops,Age 1,new_H,baseline,1.6971861719938894,0.800940944144678,3.459286806755897
2025-10-09,cumulative,all subpops,Age 1,new_H,baseline,1.737546826797366,0.8219205766892347,3.546152935739235
2025-10-10,cumulative,all subpops,Age 1,new_H,baseline,1.7851385940448063,0.8447619557118743,3.6231469282309137
2025-10-11,cumulative,all subpops,Age 1,new_H,baseline,1.8244929881919436,0.8759864660908875,3.688897680037709
2025-10-12,cumulative,all subpops,Age 1,new_H,baseline,1.8664958325530663,0.8945628092995144,3.7581962062050374
2025-10-13,cumulative,all subpops,Age 1,new_H,baseline,1.9114859966244322,0.9196157555817722,3.8226910942499157
2025-10-14,cumulative,all subpops,Age 1,new_H,baseline,1.9504498509446575,0.9478633147528578,3.8792760197099976
2025-10-15,cumulative,all subpops,Age 1,new_H,baseline,1.999461008157519,0.9748990427943183,3.927587410079066
2025-10-16,cumulative,all subpops,Age 1,new_H,baseline,2.0441619878316035,1.0038614634290002,3.9831919918895933
2025-10-17,cumulative,all subpops,Age 1,new_H,baseline,2.0909601623506258,1.0356501780448077,4.048159487367492
2025-10-18,cumulative,all subpops,Age 1,new_H,baseline,2.1401322972489134,1.0740810432181926,4.12070825564272
2025-10-19,cumulative,all subpops,Age 1,new_H,baseline,2.1937295683843603,1.109977980500252,4.2035296110709295
2025-10-20,cumulative,all subpops,Age 1,new_H,baseline,2.24900500854899,1.1484514747055532,4.300184929739264
2025-10-21,cumulative,all subpops,Age 1,new_H,baseline,2.291885256971955,1.1888783026791234,4.396045735397603
2025-10-22,cumulative,all subpops,Age 1,new_H,baseline,2.351589744814765,1.232319064075255,4.483839134319209
2025-10-23,cumulative,all subpops,Age 1,new_H,baseline,2.410407250016812,1.2795487271032067,4.578639042186429
2025-10-24,cumulative,all subpops,Age 1,new_H,baseline,2.475416462766897,1.324089337205013,4.6742895232926704
2025-10-25,cumulative,all subpops,Age 1,new_H,baseline,2.5421924619373764,1.3564719691482008,4.772967392815367
2025-10-26,cumulative,all subpops,Age 1,new_H,baseline,2.612255581306169,1.4068597375436809,4.867692545751093
2025-10-27,cumulative,all subpops,Age 1,new_H,baseline,2.6829195810412974,1.4723845422719575,4.963196056907855
2025-10-28,cumulative,all subpops,Age 1,new_H,baseline,2.7570565169250423,1.5455274939907904,5.0652486120316365
2025-10-29,cumulative,all subpops,Age 1,new_H,baseline,2.8359451074347,1.611766451620562,5.170299649843758
2025-10-30,cumulative,all subpops,Age 1,new_H,baseline,2.9344563291031127,1.6745203929903434,5.293505086884555
2025-10-31,cumulative,all subpops,Age 1,new_H,baseline,3.0445332246637484,1.7448401367785205,5.425417515146337
2025-11-01,cumulative,all subpops,Age 1,new_H,baseline,3.1566176136677524,1.8160850843104535,5.550231812720344
2025-11-02,cumulative,all subpops,Age 1,new_H,baseline,3.2612704619445547,1.8843380583718623,5.671186214363412
2025-11-03,cumulative,all subpops,Age 1,new_H,baseline,3.3685946069947454,1.9708017380728573,5.837205966113655
2025-11-04,cumulative,all subpops,Age 1,new_H,baseline,3.4965107301924587,2.0590173133360095,5.982410876808777
2025-11-05,cumulative,all subpops,Age 1,new_H,baseline,3.62510011158015,2.1338722517298794,6.156968833088895
2025-11-06,cumulative,all subpops,Age 1,new_H,baseline,3.753891197719323,2.2202744481239742,6.360703263216042
2025-11-07,cumulative,all subpops,Age 1,new_H,baseline,3.899445782298492,2.3275511335969017,6.565354993657706
2025-11-08,cumulative,all subpops,Age 1,new_H,baseline,4.071084693420287,2.4524823107755105,6.7546284311678875
2025-11-09,cumulative,all subpops,Age 1,new_H,baseline,4.216135461194528,2.5812100150492094,6.943454061768124
2025-11-10,cumulative,all subpops,Age 1,new_H,baseline,4.366233936563715,2.706237820358816,7.2408062629417556
2025-11-11,cumulative,all subpops,Age 1,new_H,baseline,4.533048832367898,2.8372851631326528,7.512238619954269
2025-11-12,cumulative,all subpops,Age 1,new_H,baseline,4.714275561235001,2.970246195640157,7.723116556863026
2025-11-13,cumulative,all subpops,Age 1,new_H,baseline,4.883978161465921,3.1007698319998913,7.94618051444769
2025-11-14,cumulative,all subpops,Age 1,new_H,baseline,5.071331631112321,3.205990323808782,8.265037238242424
2025-11-15,cumulative,all subpops,Age 1,new_H,baseline,5.262640881877237,3.344577311027416,8.569327836283545
2025-11-16,cumulative,all subpops,Age 1,new_H,baseline,5.468322313147965,3.511752548308261,8.846101378707303
2025-11-17,cumulative,all subpops,Age 1,new_H,baseline,5.674918510375835,3.6622596635735456,9.095421550613166
2025-11-18,cumulative,all subpops,Age 1,new_H,baseline,5.89668423998158,3.8202499156318552,9.344713762677134
2025-11-19,cumulative,all subpops,Age 1,new_H,baseline,6.148034224885712,3.9927402591531904,9.654514457177328
2025-11-20,cumulative,all subpops,Age 1,new_H,baseline,6.41794113242742,4.186294848008309,10.07684386195601
2025-11-21,cumulative,all subpops,Age 1,new_H,baseline,6.684729736178994,4.38873351045982,10.441265158498826
2025-11-22,cumulative,all subpops,Age 1,new_H,baseline,6.968745119523578,4.589276378062186,10.86423313890083
2025-11-23,cumulative,all subpops,Age 1,new_H,baseline,7.3134010455339595,4.808813455031102,11.285136761633632
2025-11-24,cumulative,all subpops,Age 1,new_H,baseline,7.650485167190623,5.044635927688373,11.743331435121762
2025-11-25,cumulative,all subpops,Age 1,new_H,baseline,7.998024407941419,5.278440449030544,12.195895274068558
2025-11-26,cumulative,all subpops,Age 1,new_H,baseline,8.348385008914226,5.57463695240017,12.699442140462525
2025-11-27,cumulative,all subpops,Age 1,new_H,baseline,8.739585107449901,5.900035911001823,13.180756903207959
2025-11-28,cumulative,all subpops,Age 1,new_H,baseline,9.144611964624165,6.23608290678203,13.735926357069763
2025-11-29,cumulative,all subpops,Age 1,new_H,baseline,9.592359381792255,6.5522795765973125,14.327764922294017
2025-11-30,cumulative,all subpops,Age 1,new_H,baseline,10.053708091289243,6.886462160945527,14.908930581263336
2025-12-01,cumulative,all subpops,Age 1,new_H,baseline,10.49220515633171,7.202966813427618,15.512615716696775
2025-12-02,cumulative,all subpops,Age 1,new_H,baseline,10.96473219906021,7.5657141416710605,16.044151232167213
2025-12-03,cumulative,all subpops,Age 1,new_H,baseline,11.470143681180698,7.930752937094454,16.692289011746848
2025-12-04,cumulative,all subpops,Age 1,new_H,baseline,12.003580206634103,8.323122205873018,17.375072955434806
2025-12-05,cumulative,all subpops,Age 1,new_H,baseline,12.586747701922635,8.695872770943463,18.10119329905729
2025-12-06,cumulative,all subpops,Age 1,new_H,baseline,13.285291223228615,9.227023395646755,19.014093131015255
2025-12-07,cumulative,all subpops,Age 1,new_H,baseline,14.025497774608668,9.781359722520875,19.9625865531341
2025-12-08,cumulative,all subpops,Age 1,new_H,baseline,14.835789462264287,10.37690795726627,20.972302641114695
2025-12-09,cumulative,all subpops,Age 1,new_H,baseline,15.732186009582088,10.988965964014051,22.08313794915394
2025-12-10,cumulative,all subpops,Age 1,new_H,baseline,16.719519690223215,11.734983310517082,23.421508764868747
2025-12-11,cumulative,all subpops,Age 1,new_H,baseline,17.801786152501233,12.577456469629901,24.86912571348334
2025-12-12,cumulative,all subpops,Age 1,new_H,baseline,19.040227959386424,13.496719999574463,26.50038804222073
2025-12-13,cumulative,all subpops,Age 1,new_H,baseline,20.45594568684688,14.57025894153618,28.39634883635045
2025-12-14,cumulative,all subpops,Age 1,new_H,baseline,22.012018827995885,15.74942614236797,30.525396221428327
2025-12-15,cumulative,all subpops,Age 1,new_H,baseline,23.696692286525213,16.982210385794755,32.79002700293011
2025-12-16,cumulative,all subpops,Age 1,new_H,baseline,25.44631833355206,18.357505458806006,35.2213567730381
2025-12-17,cumulative,all subpops,Age 1,new_H,baseline,27.474902074726277,19.8199380243456,37.92333209012775
2025-12-18,cumulative,all subpops,Age 1,new_H,baseline,29.706836014513524,21.438989330425827,40.92957820526885
2025-12-19,cumulative,all subpops,Age 1,new_H,baseline,32.29920677362768,23.294145013105055,44.187755156104735
2025-12-20,cumulative,all subpops,Age 1,new_H,baseline,35.114762237947396,25.603339736218107,47.767409408035995
2025-12-21,cumulative,all subpops,Age 1,new_H,baseline,38.139918794304506,27.758367339141124,51.58226237172117
2025-12-22,cumulative,all subpops,Age 1,new_H,baseline,41.34857727263582,30.29069335122538,55.641880934115555
2025-12-23,cumulative,all subpops,Age 1,new_H,baseline,44.67679489888642,32.79348012615242,59.925638212900914
2025-12-24,cumulative,all subpops,Age 1,new_H,baseline,48.15933179229683,35.242980835241816,64.27895054600006
2025-12-25,cumulative,all subpops,Age 1,new_H,baseline,51.69345949664699,38.055024976602354,69.01591103324898
2025-12-26,cumulative,all subpops,Age 1,new_H,baseline,55.348652698924106,40.87298873426176,73.99274987999645
2025-12-27,cumulative,all subpops,Age 1,new_H,baseline,59.12227401577495,43.60545343770748,78.70773728816006
2025-12-28,cumulative,all subpops,Age 1,new_H,baseline,63.03039958730737,46.29108276747984,83.72703078466574
2025-12-29,cumulative,all subpops,Age 1,new_H,baseline,66.8455907849171,48.883176006903945,88.66023684490871
2025-12-30,cumulative,all subpops,Age 1,new_H,baseline,70.317242612222,51.43765964201496,93.42921474369832
2025-12-31,cumulative,all subpops,Age 1,new_H,baseline,73.75599686527411,54.04617626388694,98.22229262436939
2026-01-01,cumulative,all subpops,Age 1,new_H,baseline,77.22498961148118,56.539329294992264,102.737696763187
2026-01-02,cumulative,all subpops,Age 1,new_H,baseline,80.42912153892087,58.96601180794317,107.13206019713361
2026-01-03,cumulative,all subpops,Age 1,new_H,baseline,83.65761525229703,61.30989829434867,111.10203696876125
2026-01-04,cumulative,all subpops,Age 1,new_H,baseline,86.58369266804488,63.40773923830122,114.82017258546949
2026-01-05,cumulative,all subpops,Age 1,new_H,baseline,89.2784096324387,65.49811531980339,118.31577701789367
2026-01-06,cumulative,all subpops,Age 1,new_H,baseline,91.84398960039374,67.2483591801155,121.91557030052421
2026-01-07,cumulative,all subpops,Age 1,new_H,baseline,94.52864142307978,68.87945050299584,125.34902157625852
2026-01-08,cumulative,all subpops,Age 1,new_H,baseline,96.98922409514954,70.43536747189641,128.6100280156816
2026-01-09,cumulative,all subpops,Age 1,new_H,baseline,99.25502792731214,71.94516811943173,131.67384043296713
2026-01-10,cumulative,all subpops,Age 1,new_H,baseline,101.35792022435716,73.55378460898126,134.57161096688873
2026-01-11,cumulative,all subpops,Age 1,new_H,baseline,103.29634514980668,75.10480996424629,137.27468586782726
2026-01-12,cumulative,all subpops,Age 1,new_H,baseline,105.0531507591815,76.54304198287453,139.7461281553052
2026-01-13,cumulative,all subpops,Age 1,new_H,baseline,107.10254818032458,77.89543146028463,142.01391528257946
2026-01-14,cumulative,all subpops,Age 1,new_H,baseline,108.6986195764957,79.1791328099776,144.15394183235668
2026-01-15,cumulative,all subpops,Age 1,new_H,baseline,110.17474995204905,80.39782550299279,146.17300598225188
2026-01-16,cumulative,all subpops,Age 1,new_H,baseline,111.63042689338249,81.55732892726544,148.05861913720113
2026-01-17,cumulative,all subpops,Age 1,new_H,baseline,113.14625223780492,82.66699050534359,149.87975799329564
2026-01-18,cumulative,all subpops,Age 1,new_H,baseline,114.60623477546844,83.70916684853854,151.7092402035148
2026-01-19,cumulative,all subpops,Age 1,new_H,baseline,115.96701307667236,84.67052498205598,153.37985217889448
2026-01-20,cumulative,all subpops,Age 1,new_H,baseline,117.00445526403244,85.55243162555679,154.9058846445082
2026-01-21,cumulative,all subpops,Age 1,new_H,baseline,118.08236088772043,86.37700621910729,156.32538515761834
2026-01-22,cumulative,all subpops,Age 1,new_H,baseline,119.09007863970542,87.06429462641513,157.62285578754762
2026-01-23,cumulative,all subpops,Age 1,new_H,baseline,120.00252904926556,87.6488071707647,158.80005343598887
2026-01-24,cumulative,all subpops,Age 1,new_H,baseline,120.75337153082974,88.23636345012109,159.8779441750426
2026-01-25,cumulative,all subpops,Age 1,new_H,baseline,121.66034296534518,88.8096568078119,160.8857240300645
2026-01-26,cumulative,all subpops,Age 1,new_H,baseline,122.46525332041655,89.47263414133303,161.81925030782494
2026-01-27,cumulative,all subpops,Age 1,new_H,baseline,123.13067845968976,90.10433255834158,162.73694921665324
2026-01-28,cumulative,all subpops,Age 1,new_H,baseline,123.73579903228051,90.74613525897036,163.64231066112802
2026-01-29,cumulative,all subpops,Age 1,new_H,baseline,124.27614268451691,91.25104242674577,164.5027159646204
2026-01-30,cumulative,all subpops,Age 1,new_H,baseline,124.93436859787354,91.64992174392357,165.32351915521895
2026-01-31,cumulative,all subpops,Age 1,new_H,baseline,125.54677134982597,92.03341468186765,166.1067743120663
2026-02-01,cumulative,all subpops,Age 1,new_H,baseline,126.04370236714465,92.39558378739031,166.81504430791895
2026-02-02,cumulative,all subpops,Age 1,new_H,baseline,126.48995182262271,92.74002986700287,167.44896155732434
2026-02-03,cumulative,all subpops,Age 1,new_H,baseline,126.90242996183589,93.0665935693951,168.03673375599556
2026-02-04,cumulative,all subpops,Age 1,new_H,baseline,127.28488722388971,93.3738010296614,168.5875642165907
2026-02-05,cumulative,all subpops,Age 1,new_H,baseline,127.67365791239607,93.66523290409137,169.0883640453831
2026-02-06,cumulative,all subpops,Age 1,new_H,baseline,128.11821428290452,93.94382485646597,169.556437163885
2026-02-07,cumulative,all subpops,Age 1,new_H,baseline,128.57186008577486,94.2108418217709,170.00457699495064
2026-02-08,cumulative,all subpops,Age 1,new_H,baseline,129.00824867280969,94.46481382576476,170.42794044130875
2026-02-09,cumulative,all subpops,Age 1,new_H,baseline,129.40345383203356,94.7120268211696,170.82645038535478
2026-02-10,cumulative,all subpops,Age 1,new_H,baseline,129.72564027710368,94.9502403021258,171.23584109677682
2026-02-11,cumulative,all subpops,Age 1,new_H,baseline,130.00857045915708,95.18233866681419,171.68417659313695
2026-02-12,cumulative,all subpops,Age 1,new_H,baseline,130.37352496356633,95.40937765681387,172.1259751760388
2026-02-13,cumulative,all subpops,Age 1,new_H,baseline,130.74738238686558,95.63300630589123,172.5652437873129
2026-02-14,cumulative,all subpops,Age 1,new_H,baseline,131.04316004042064,95.87007161539272,173.00461216804015
2026-02-15,cumulative,all subpops,Age 1,new_H,baseline,131.28268739572943,96.12432600008256,173.43548407069085
2026-02-16,cumulative,all subpops,Age 1,new_H,baseline,131.51446177246817,96.36526342073269,173.85179717438226
2026-02-17,cumulative,all subpops,Age 1,new_H,baseline,131.81915135726513,96.59132053465805,174.25096050638572
2026-02-18,cumulative,all subpops,Age 1,new_H,baseline,132.13444400503852,96.81559566130035,174.6311004137365
2026-02-19,cumulative,all subpops,Age 1,new_H,baseline,132.42777558678176,97.02522910858143,174.99159948642685
2026-02-20,cumulative,all subpops,Age 1,new_H,baseline,132.66073396241237,97.21992521616183,175.3337595982025
2026-02-21,cumulative,all subpops,Age 1,new_H,baseline,132.87100730701331,97.4012443429164,175.6277464114967
2026-02-22,cumulative,all subpops,Age 1,new_H,baseline,133.06991632143334,97.5706750838411,175.89741514120058
2026-02-23,cumulative,all subpops,Age 1,new_H,baseline,133.25896079936285,97.73006665099317,176.15247799817217
2026-02-24,cumulative,all subpops,Age 1,new_H,baseline,133.44242606822434,97.88349988701262,176.39916903248388
2026-02-25,cumulative,all subpops,Age 1,new_H,baseline,133.6236651211646,98.03423354741867,176.64261125080859
2026-02-26,cumulative,all subpops,Age 1,new_H,baseline,133.80383498356454,98.18365673143819,176.8785440227496
2026-02-27,cumulative,all subpops,Age 1,new_H,baseline,133.98361804752278,98.33275279451341,177.1084967964769
2026-02-28,cumulative,all subpops,Age 1,new_H,baseline,134.16319518003328,98.48208325314174,177.3430366151219
2026-03-01,cumulative,all subpops,Age 1,new_H,baseline,134.38933075660088,98.62876150616782,177.5776069841713
2026-03-02,cumulative,all subpops,Age 1,new_H,baseline,134.61442771450865,98.77153723187672,177.81063941653264
2026-03-03,cumulative,all subpops,Age 1,new_H,baseline,134.8390466018979,98.91358467357375,178.048786722254
2026-03-04,cumulative,all subpops,Age 1,new_H,baseline,135.06466796822335,99.05642878481086,178.29476069416606
2026-03-05,cumulative,all subpops,Age 1,new_H,baseline,135.21256798595877,99.20033098366706,178.53534323044127
2026-03-06,cumulative,all subpops,Age 1,new_H,baseline,135.43210917497274,99.34554179838896,178.77128079628815
2026-03-07,cumulative,all subpops,Age 1,new_H,baseline,135.65958402696498,99.4917392491167,179.00825821414375
2026-03-08,cumulative,all subpops,Age 1,new_H,baseline,135.8267081111792,99.63540612558953,179.24027307415165
2026-03-09,cumulative,all subpops,Age 1,new_H,baseline,135.98727957082193,99.77438146973712,179.46348402881418
2026-03-10,cumulative,all subpops,Age 1,new_H,baseline,136.1718913451353,99.9107915790442,179.68091269997097
2026-03-11,cumulative,all subpops,Age 1,new_H,baseline,136.37472451492923,100.04611603475314,179.894433209587
2026-03-12,cumulative,all subpops,Age 1,new_H,baseline,136.57615982471353,100.18081331450219,180.1041946280278
2026-03-13,cumulative,all subpops,Age 1,new_H,baseline,136.7650478205763,100.31601662951199,180.31160310799382
2026-03-14,cumulative,all subpops,Age 1,new_H,baseline,136.94078363573468,100.45293394247417,180.518403081975
2026-03-15,cumulative,all subpops,Age 1,new_H,baseline,137.1106930284826,100.58887480842927,180.72058203918795
2026-03-16,cumulative,all subpops,Age 1,new_H,baseline,137.27273333523735,100.72197749196086,180.9152222129457
2026-03-17,cumulative,all subpops,Age 1,new_H,baseline,137.42786606597517,100.85326759471516,181.10305463480063
2026-03-18,cumulative,all subpops,Age 1,new_H,baseline,137.57919601144624,100.98517749978888,181.28765260343798
2026-03-19,cumulative,all subpops,Age 1,new_H,baseline,137.72992721222934,101.12000752515937,181.47277817010502
2026-03-20,cumulative,all subpops,Age 1,new_H,baseline,137.8811963029603,101.25837005537603,181.6594534002415
2026-03-21,cumulative,all subpops,Age 1,new_H,baseline,138.0321500300486,101.39913619069488,181.84611548239627
2026-03-22,cumulative,all subpops,Age 1,new_H,baseline,138.17921740295952,101.53835452072671,182.02791907276517
2026-03-23,cumulative,all subpops,Age 1,new_H,baseline,138.32040000307748,101.67355101988097,182.20200593390936
2026-03-24,cumulative,all subpops,Age 1,new_H,baseline,138.48669224609907,101.80695753821465,182.37165635345065
2026-03-25,cumulative,all subpops,Age 1,new_H,baseline,138.72166400468234,101.94078213411383,182.54025535000795
2026-03-26,cumulative,all subpops,Age 1,new_H,baseline,138.95617280382368,102.07570452062058,182.70898711844671
2026-03-27,cumulative,all subpops,Age 1,new_H,baseline,139.0961822926101,102.21118697128705,182.87710224128278
2026-03-28,cumulative,all subpops,Age 1,new_H,baseline,139.20631951750786,102.34732937678902,183.0452035331946
2026-03-29,cumulative,all subpops,Age 1,new_H,baseline,139.3767800078089,102.48211884939575,183.2116636865306
2026-03-30,cumulative,all subpops,Age 1,new_H,baseline,139.53909908185068,102.61373184716189,183.37459319665587
2026-03-31,cumulative,all subpops,Age 1,new_H,baseline,139.68898335816823,102.74267827984684,183.5343615658705
2026-04-01,cumulative,all subpops,Age 1,new_H,baseline,139.81625338738678,102.86883913619674,183.69041725485536
2026-04-02,cumulative,all subpops,Age 1,new_H,baseline,139.9425480460343,102.99212611125387,183.8426542327237
2026-04-03,cumulative,all subpops,Age 1,new_H,baseline,140.06953595321997,103.1133096871468,183.99260197210415
2026-04-04,cumulative,all subpops,Age 1,new_H,baseline,140.19697257367645,103.18827064800485,184.13975712180908
2026-04-05,cumulative,all subpops,Age 1,new_H,baseline,140.32196330731756,103.25790361938785,184.28101964870487
2026-04-06,cumulative,all subpops,Age 1,new_H,baseline,140.44273638986553,103.32362404577003,184.41496661118603
2026-04-07,cumulative,all subpops,Age 1,new_H,baseline,140.53758255009842,103.38736699274904,184.5452789270004
2026-04-08,cumulative,all subpops,Age 1,new_H,baseline,140.626768002219,103.45063238551795,184.67474461875992
2026-04-09,cumulative,all subpops,Age 1,new_H,baseline,140.71134938667137,103.51439205589247,184.80505100643023
2026-04-10,cumulative,all subpops,Age 1,new_H,baseline,140.79150777287407,103.57891896891054,184.93641305234658
2026-04-11,cumulative,all subpops,Age 1,new_H,baseline,140.89740565741232,103.64370325626926,185.06744961333362
2026-04-12,cumulative,all subpops,Age 1,new_H,baseline,141.0102829180691,103.70730154600929,185.19504686095476
2026-04-13,cumulative,all subpops,Age 1,new_H,baseline,141.06839805290957,103.76903681004544,185.31764476518657
2026-04-14,cumulative,all subpops,Age 1,new_H,baseline,141.1211247274554,103.82924779541275,185.4355731157958
2026-04-15,cumulative,all subpops,Age 1,new_H,baseline,141.17220819147326,103.88805102777344,185.54873590254311
2026-04-16,cumulative,all subpops,Age 1,new_H,baseline,141.2514631157942,103.9454637294391,185.6568692579518
2026-04-17,cumulative,all subpops,Age 1,new_H,baseline,141.35904064759717,104.00152925717762,185.7597873283148
2026-04-18,cumulative,all subpops,Age 1,new_H,baseline,141.4590895492218,104.05631708790277,185.85742748071243
2026-04-19,cumulative,all subpops,Age 1,new_H,baseline,141.55109007932373,104.10906363721006,185.94859682334553
2026-04-20,cumulative,all subpops,Age 1,new_H,baseline,141.6351120081471,104.15938320117026,186.03278754878082
2026-04-21,cumulative,all subpops,Age 1,new_H,baseline,141.71209038588907,104.20751103949641,186.11047182279594
2026-04-22,cumulative,all subpops,Age 1,new_H,baseline,141.78289198687705,104.2536943095939,186.1821445351796
2026-04-23,cumulative,all subpops,Age 1,new_H,baseline,141.84784862504395,104.29784779097494,186.2478537673115
2026-04-24,cumulative,all subpops,Age 1,new_H,baseline,141.90736405998177,104.33999368198046,186.307784495048
2026-04-25,cumulative,all subpops,Age 1,new_H,baseline,141.96210189027542,104.38040416068549,186.36242192278115
2026-04-26,cumulative,all subpops,Age 1,new_H,baseline,142.01257520741967,104.4192523373319,186.41216055330332
2026-04-27,cumulative,all subpops,Age 1,new_H,baseline,142.05919663809286,104.45664314325553,186.4573433332731
2026-04-28,cumulative,all subpops,Age 1,new_H,baseline,142.10287910997621,104.493207978064,186.49877377145177
2026-04-29,cumulative,all subpops,Age 1,new_H,baseline,142.14426009876559,104.52940345869452,186.53709815719338
2026-04-30,cumulative,all subpops,Age 1,new_H,baseline,142.1835813842866,104.56537691710712,186.5726670130852
2026-05-01,cumulative,all subpops,Age 1,new_H,baseline,142.2261287419649,104.60124370774486,186.60575956883065
2026-05-02,cumulative,all subpops,Age 1,new_H,baseline,142.26991726612954,104.6371896606374,186.63667943193693
2026-05-03,cumulative,all subpops,Age 1,new_H,baseline,142.31313995886242,104.67259857762181,186.66523202034608
2026-05-04,cumulative,all subpops,Age 1,new_H,baseline,142.3554011128905,104.70721968017261,186.6914555808393
2026-05-05,cumulative,all subpops,Age 1,new_H,baseline,142.39717056657585,104.74149682529391,186.71576991893414
2026-05-06,cumulative,all subpops,Age 1,new_H,baseline,142.43851811897824,104.77552881578559,186.7383786695288
2026-05-07,cumulative,all subpops,Age 1,new_H,baseline,142.47832940878706,104.80936956833003,186.75942562347348
2026-05-08,cumulative,all subpops,Age 1,new_H,baseline,142.50477712336078,104.84350548783493,186.7792235610966
2025-09-01,cumulative,all subpops,Age 2,new_H,baseline,0.010488009384702861,0.003313654334538692,0.023685943025330457
2025-09-02,cumulative,all subpops,Age 2,new_H,baseline,0.03597932072212608,0.011359527338205602,0.08122260724500403
2025-09-03,cumulative,all subpops,Age 2,new_H,baseline,0.06877867743472355,0.021867968845609223,0.156259723579401
2025-09-04,cumulative,all subpops,Age 2,new_H,baseline,0.10745942308689019,0.03419408706158695,0.2448626130788029
2025-09-05,cumulative,all subpops,Age 2,new_H,baseline,0.15067825825713932,0.048115302154634,0.3443861826541244
2025-09-06,cumulative,all subpops,Age 2,new_H,baseline,0.19822603569920416,0.06349681057162107,0.4490319464283441
2025-09-07,cumulative,all subpops,Age 2,new_H,baseline,0.24469748083590517,0.07907761309786988,0.5519832315402797
2025-09-08,cumulative,all subpops,Age 2,new_H,baseline,0.29013176836631493,0.09421651140510155,0.6498107891927688
2025-09-09,cumulative,all subpops,Age 2,new_H,baseline,0.3369763341526122,0.11003452382112949,0.7482116368238496
2025-09-10,cumulative,all subpops,Age 2,new_H,baseline,0.3852280369255577,0.12739734407326822,0.8507305199046518
2025-09-11,cumulative,all subpops,Age 2,new_H,baseline,0.44002505524659485,0.1466869310312747,0.9583303815772835
2025-09-12,cumulative,all subpops,Age 2,new_H,baseline,0.4980518264426143,0.16816668891430933,1.0733897811726787
2025-09-13,cumulative,all subpops,Age 2,new_H,baseline,0.5606296566964615,0.19172093598520526,1.199482231917196
2025-09-14,cumulative,all subpops,Age 2,new_H,baseline,0.6204512783302444,0.21545817738179246,1.3225761760980077
2025-09-15,cumulative,all subpops,Age 2,new_H,baseline,0.6772503494754193,0.23838449494165284,1.4347302772238435
2025-09-16,cumulative,all subpops,Age 2,new_H,baseline,0.7325442040879754,0.2624530587031754,1.5362232361657546
2025-09-17,cumulative,all subpops,Age 2,new_H,baseline,0.7893744990008884,0.28900653160325557,1.6316822858631148
2025-09-18,cumulative,all subpops,Age 2,new_H,baseline,0.852975716148124,0.3188259612182028,1.724470647191735
2025-09-19,cumulative,all subpops,Age 2,new_H,baseline,0.9246144561983597,0.3526771223159042,1.8281734219922015
2025-09-20,cumulative,all subpops,Age 2,new_H,baseline,0.9871247267193525,0.3836598395476736,1.9459045170586824
2025-09-21,cumulative,all subpops,Age 2,new_H,baseline,1.0569955866454663,0.4159788148237541,2.0782785033473097
2025-09-22,cumulative,all subpops,Age 2,new_H,baseline,1.1158137789173972,0.44629188288500826,2.198903568371939
2025-09-23,cumulative,all subpops,Age 2,new_H,baseline,1.174679077138378,0.47688629143577854,2.309965453626109
2025-09-24,cumulative,all subpops,Age 2,new_H,baseline,1.2399355149552216,0.5055697047581907,2.4263055777748717
2025-09-25,cumulative,all subpops,Age 2,new_H,baseline,1.303754773683996,0.5381867105291255,2.543972820271794
2025-09-26,cumulative,all subpops,Age 2,new_H,baseline,1.3710080221995304,0.5764511603895893,2.663001737969899
2025-09-27,cumulative,all subpops,Age 2,new_H,baseline,1.4343909994374757,0.6154688405053339,2.782003015998942
2025-09-28,cumulative,all subpops,Age 2,new_H,baseline,1.4969804066827153,0.6430871145744524,2.8742786353543757
2025-09-29,cumulative,all subpops,Age 2,new_H,baseline,1.5551672628957303,0.6892514060024442,2.965316348036465
2025-09-30,cumulative,all subpops,Age 2,new_H,baseline,1.602650826393332,0.719128969812242,3.0698959841741127
2025-10-01,cumulative,all subpops,Age 2,new_H,baseline,1.6511192322563104,0.7408084237260979,3.1608847689054635
2025-10-02,cumulative,all subpops,Age 2,new_H,baseline,1.7073754839386377,0.7626616603743906,3.257475920296477
2025-10-03,cumulative,all subpops,Age 2,new_H,baseline,1.760763229239258,0.7851606451880871,3.3674255558251613
2025-10-04,cumulative,all subpops,Age 2,new_H,baseline,1.8206006092116938,0.8082376080225595,3.473811844942383
2025-10-05,cumulative,all subpops,Age 2,new_H,baseline,1.8786552100793246,0.8307750708258631,3.567604722721675
2025-10-06,cumulative,all subpops,Age 2,new_H,baseline,1.9246332313536811,0.857674268789725,3.6529745252813894
2025-10-07,cumulative,all subpops,Age 2,new_H,baseline,1.9647216770510973,0.8917324590979049,3.7441278467988237
2025-10-08,cumulative,all subpops,Age 2,new_H,baseline,2.016043881638614,0.9192115553187269,3.805848861067426
2025-10-09,cumulative,all subpops,Age 2,new_H,baseline,2.0632878346261294,0.9437856681233587,3.8728245134355226
2025-10-10,cumulative,all subpops,Age 2,new_H,baseline,2.1165847407479617,0.9673337822195591,3.956132078206314
2025-10-11,cumulative,all subpops,Age 2,new_H,baseline,2.1746779124764615,0.9920918226202622,4.07369852785403
2025-10-12,cumulative,all subpops,Age 2,new_H,baseline,2.2327639719181733,1.0175871000804506,4.182500473384283
2025-10-13,cumulative,all subpops,Age 2,new_H,baseline,2.286665105800884,1.0438140766756878,4.279090719707172
2025-10-14,cumulative,all subpops,Age 2,new_H,baseline,2.339249598487148,1.0700847302275809,4.355024801593609
2025-10-15,cumulative,all subpops,Age 2,new_H,baseline,2.3997299585802434,1.1095551888564708,4.416756626180589
2025-10-16,cumulative,all subpops,Age 2,new_H,baseline,2.453258598479198,1.1559570907781578,4.482909823568136
2025-10-17,cumulative,all subpops,Age 2,new_H,baseline,2.5114401086515805,1.2092160884698564,4.555775805641474
2025-10-18,cumulative,all subpops,Age 2,new_H,baseline,2.576392750768079,1.263213899225998,4.635364112984096
2025-10-19,cumulative,all subpops,Age 2,new_H,baseline,2.6293656690393425,1.2915906659668344,4.764136735495033
2025-10-20,cumulative,all subpops,Age 2,new_H,baseline,2.6908836171883195,1.3203460172039498,4.849992005129382
2025-10-21,cumulative,all subpops,Age 2,new_H,baseline,2.760890156625845,1.3697335541291813,4.937701355432683
2025-10-22,cumulative,all subpops,Age 2,new_H,baseline,2.829384578824896,1.3999394774584402,5.053688240876341
2025-10-23,cumulative,all subpops,Age 2,new_H,baseline,2.902387840041253,1.4508153764451743,5.142715224040701
2025-10-24,cumulative,all subpops,Age 2,new_H,baseline,2.9885272782243204,1.510713826340568,5.280496480674228
2025-10-25,cumulative,all subpops,Age 2,new_H,baseline,3.0827337823965233,1.5743961042431924,5.397729988639052
2025-10-26,cumulative,all subpops,Age 2,new_H,baseline,3.178987000784552,1.6369778716166388,5.5091290439734655
2025-10-27,cumulative,all subpops,Age 2,new_H,baseline,3.2593992350018697,1.6961872415470576,5.652910403963729
2025-10-28,cumulative,all subpops,Age 2,new_H,baseline,3.3586530821424514,1.7674605822039051,5.78061329211397
2025-10-29,cumulative,all subpops,Age 2,new_H,baseline,3.4610501202872643,1.8463385104800853,5.911065698397867
2025-10-30,cumulative,all subpops,Age 2,new_H,baseline,3.5910504809272985,1.9324249542724772,6.074235881343032
2025-10-31,cumulative,all subpops,Age 2,new_H,baseline,3.73369737713283,2.014973837435968,6.292623054180321
2025-11-01,cumulative,all subpops,Age 2,new_H,baseline,3.876139991841629,2.1158156409771736,6.52430689761346
2025-11-02,cumulative,all subpops,Age 2,new_H,baseline,4.058269758958069,2.2098201168376868,6.711115239940517
2025-11-03,cumulative,all subpops,Age 2,new_H,baseline,4.191769518484456,2.2830004666356434,6.943752017947489
2025-11-04,cumulative,all subpops,Age 2,new_H,baseline,4.34261045348003,2.3652528310508676,7.160561793303524
2025-11-05,cumulative,all subpops,Age 2,new_H,baseline,4.520146742666749,2.4771409250972156,7.400975354698045
2025-11-06,cumulative,all subpops,Age 2,new_H,baseline,4.722234285567004,2.6101725209375717,7.619922196733315
2025-11-07,cumulative,all subpops,Age 2,new_H,baseline,4.918476205059674,2.7731557926569277,7.910462884753311
2025-11-08,cumulative,all subpops,Age 2,new_H,baseline,5.12796682851618,2.933376471156772,8.193513916283711
2025-11-09,cumulative,all subpops,Age 2,new_H,baseline,5.384954335905994,3.0695213889005846,8.438015246169607
2025-11-10,cumulative,all subpops,Age 2,new_H,baseline,5.606867818350802,3.2298979270527624,8.732662362918408
2025-11-11,cumulative,all subpops,Age 2,new_H,baseline,5.81288322185212,3.3505290611369474,9.030889815689003
2025-11-12,cumulative,all subpops,Age 2,new_H,baseline,6.042187956745151,3.4751295016409047,9.378748354594338
2025-11-13,cumulative,all subpops,Age 2,new_H,baseline,6.264079089652521,3.625849760349424,9.724580527067847
2025-11-14,cumulative,all subpops,Age 2,new_H,baseline,6.500721088573142,3.7884023326570646,10.045527935940735
2025-11-15,cumulative,all subpops,Age 2,new_H,baseline,6.793118488934132,3.961692988053633,10.402843022191165
2025-11-16,cumulative,all subpops,Age 2,new_H,baseline,7.030207324831233,4.135250795770138,10.805162101388005
2025-11-17,cumulative,all subpops,Age 2,new_H,baseline,7.302593767387226,4.329085082934314,11.186608570455876
2025-11-18,cumulative,all subpops,Age 2,new_H,baseline,7.5555371431433604,4.528092226054058,11.581748512896922
2025-11-19,cumulative,all subpops,Age 2,new_H,baseline,7.870409323170741,4.802710036534106,12.062807766730801
2025-11-20,cumulative,all subpops,Age 2,new_H,baseline,8.256140521875999,5.043096043764393,12.557409992459396
2025-11-21,cumulative,all subpops,Age 2,new_H,baseline,8.609226438785136,5.291628168875675,13.128506658183342
2025-11-22,cumulative,all subpops,Age 2,new_H,baseline,9.017393629617386,5.592226225074524,13.66078612565445
2025-11-23,cumulative,all subpops,Age 2,new_H,baseline,9.441756753553516,5.876984399823294,14.222557588443241
2025-11-24,cumulative,all subpops,Age 2,new_H,baseline,9.847464409312451,6.160244597411842,14.798170640785457
2025-11-25,cumulative,all subpops,Age 2,new_H,baseline,10.28894451804235,6.478154061332893,15.450837307444553
2025-11-26,cumulative,all subpops,Age 2,new_H,baseline,10.781034473163341,6.863948925658604,16.084235288293332
2025-11-27,cumulative,all subpops,Age 2,new_H,baseline,11.37049370454847,7.252883070823065,16.803782181883857
2025-11-28,cumulative,all subpops,Age 2,new_H,baseline,11.93828096485809,7.622750962914856,17.52056767513505
2025-11-29,cumulative,all subpops,Age 2,new_H,baseline,12.490708876880033,7.98118089495781,18.289336578207873
2025-11-30,cumulative,all subpops,Age 2,new_H,baseline,12.93483428812316,8.354834937697328,18.986836893629174
2025-12-01,cumulative,all subpops,Age 2,new_H,baseline,13.468801979816268,8.757812176459327,19.59600304719736
2025-12-02,cumulative,all subpops,Age 2,new_H,baseline,13.98765705767529,9.125949894600833,20.30227779141045
2025-12-03,cumulative,all subpops,Age 2,new_H,baseline,14.603806852891253,9.545378771475281,20.960898016526105
2025-12-04,cumulative,all subpops,Age 2,new_H,baseline,15.335372980722836,10.078932332988694,21.906262144973546
2025-12-05,cumulative,all subpops,Age 2,new_H,baseline,16.17177946474797,10.652185896829879,23.02902793587412
2025-12-06,cumulative,all subpops,Age 2,new_H,baseline,17.132811258453362,11.338496142029957,24.439768077199968
2025-12-07,cumulative,all subpops,Age 2,new_H,baseline,18.14252430828344,12.028838936793832,25.94825757548389
2025-12-08,cumulative,all subpops,Age 2,new_H,baseline,19.13133804360725,12.73940193054928,27.338367320222147
2025-12-09,cumulative,all subpops,Age 2,new_H,baseline,20.202017888575487,13.549882689375359,28.97863442772839
2025-12-10,cumulative,all subpops,Age 2,new_H,baseline,21.562755556809584,14.405195883634615,30.55426146196775
2025-12-11,cumulative,all subpops,Age 2,new_H,baseline,23.05149230093977,15.296384758097956,32.31595790149045
2025-12-12,cumulative,all subpops,Age 2,new_H,baseline,24.799613232587394,16.362705083945407,34.64994214494618
2025-12-13,cumulative,all subpops,Age 2,new_H,baseline,26.913191891888275,17.78236567424344,37.38165558329367
2025-12-14,cumulative,all subpops,Age 2,new_H,baseline,29.022183735860963,19.325944741982763,40.32397042045967
2025-12-15,cumulative,all subpops,Age 2,new_H,baseline,31.139643094825864,20.912294707413547,43.219571680951795
2025-12-16,cumulative,all subpops,Age 2,new_H,baseline,33.520718986250024,22.672408860035294,46.42715213669867
2025-12-17,cumulative,all subpops,Age 2,new_H,baseline,36.032452391999286,24.613337373044136,49.982478277250976
2025-12-18,cumulative,all subpops,Age 2,new_H,baseline,39.07914711294592,26.822489092367025,54.291796369520966
2025-12-19,cumulative,all subpops,Age 2,new_H,baseline,42.65236575838248,29.39021213636794,59.24215843332577
2025-12-20,cumulative,all subpops,Age 2,new_H,baseline,46.80904632672178,32.36713601594964,64.65725693954353
2025-12-21,cumulative,all subpops,Age 2,new_H,baseline,51.12095933864278,35.494815773392375,70.21612296204137
2025-12-22,cumulative,all subpops,Age 2,new_H,baseline,55.23554121851179,38.41834758472467,76.02442357269724
2025-12-23,cumulative,all subpops,Age 2,new_H,baseline,59.295503438833876,41.19919216320002,81.27962691448563
2025-12-24,cumulative,all subpops,Age 2,new_H,baseline,63.23610580799918,43.852876251844705,85.75142525759938
2025-12-25,cumulative,all subpops,Age 2,new_H,baseline,66.79098928799566,46.47172042978506,90.42079636428444
2025-12-26,cumulative,all subpops,Age 2,new_H,baseline,70.29170451615671,49.03281113387049,94.27148608596089
2025-12-27,cumulative,all subpops,Age 2,new_H,baseline,73.60238495469319,51.57881467629394,98.2822491775463
2025-12-28,cumulative,all subpops,Age 2,new_H,baseline,76.81438956663143,53.84970068573802,102.4000500820998
2025-12-29,cumulative,all subpops,Age 2,new_H,baseline,79.94329442829465,56.028804188970675,106.45336669301857
2025-12-30,cumulative,all subpops,Age 2,new_H,baseline,82.87716040276435,58.11316605588011,109.97864782867578
2025-12-31,cumulative,all subpops,Age 2,new_H,baseline,85.6971747914297,60.10618731425167,113.45335643914066
2026-01-01,cumulative,all subpops,Age 2,new_H,baseline,88.45427098631951,62.032853889757966,116.82415083095057
2026-01-02,cumulative,all subpops,Age 2,new_H,baseline,91.00884215223715,63.896055896249166,119.84613091830104
2026-01-03,cumulative,all subpops,Age 2,new_H,baseline,93.5500826097348,65.67329022327226,122.95318547302575
2026-01-04,cumulative,all subpops,Age 2,new_H,baseline,95.89213692054356,67.3606420574015,125.98536893675184
2026-01-05,cumulative,all subpops,Age 2,new_H,baseline,98.15922042314662,68.96806730308089,128.88786831331652
2026-01-06,cumulative,all subpops,Age 2,new_H,baseline,100.35894237313578,70.60440943068741,131.75779573898063
2026-01-07,cumulative,all subpops,Age 2,new_H,baseline,102.56100436482781,72.30658545846488,134.47593242683493
2026-01-08,cumulative,all subpops,Age 2,new_H,baseline,104.92902041253078,74.0628512325456,137.47369110548857
2026-01-09,cumulative,all subpops,Age 2,new_H,baseline,107.19291677266713,75.7934560634629,140.42489359833112
2026-01-10,cumulative,all subpops,Age 2,new_H,baseline,109.47119674371565,77.50218696741466,143.18765078961655
2026-01-11,cumulative,all subpops,Age 2,new_H,baseline,111.75832898898335,79.12921225345958,146.044290410948
2026-01-12,cumulative,all subpops,Age 2,new_H,baseline,113.68351627675642,80.62915984682557,148.72619749408804
2026-01-13,cumulative,all subpops,Age 2,new_H,baseline,115.6837714561074,82.05365568052014,151.27022785092606
2026-01-14,cumulative,all subpops,Age 2,new_H,baseline,117.57958555549894,83.35189103331913,153.74464007604976
2026-01-15,cumulative,all subpops,Age 2,new_H,baseline,119.38594764082421,84.66975975132925,156.15936822984753
2026-01-16,cumulative,all subpops,Age 2,new_H,baseline,121.33501568929255,86.04076905514258,158.7268368725621
2026-01-17,cumulative,all subpops,Age 2,new_H,baseline,122.91759836812113,87.46716798386835,161.18066097135988
2026-01-18,cumulative,all subpops,Age 2,new_H,baseline,124.56457523890693,88.73800961452518,163.4001836524886
2026-01-19,cumulative,all subpops,Age 2,new_H,baseline,126.14420935394699,89.85102391470369,165.36997594371093
2026-01-20,cumulative,all subpops,Age 2,new_H,baseline,127.44816960211791,90.85564357504269,167.04021986529986
2026-01-21,cumulative,all subpops,Age 2,new_H,baseline,128.68175090597114,91.79069138230817,168.58282035277287
2026-01-22,cumulative,all subpops,Age 2,new_H,baseline,129.80700081609425,92.69168190761314,170.05735517194714
2026-01-23,cumulative,all subpops,Age 2,new_H,baseline,130.9578604770815,93.46648865994115,171.43690191436906
2026-01-24,cumulative,all subpops,Age 2,new_H,baseline,132.18297402150986,94.20389442320197,172.7274545298543
2026-01-25,cumulative,all subpops,Age 2,new_H,baseline,133.24082905487748,94.89302359636281,173.928626305702
2026-01-26,cumulative,all subpops,Age 2,new_H,baseline,134.12377131223943,95.53218242595315,175.01558380797803
2026-01-27,cumulative,all subpops,Age 2,new_H,baseline,134.8977981145504,96.12715499148412,176.02739783521895
2026-01-28,cumulative,all subpops,Age 2,new_H,baseline,135.6433309002309,96.69885055669637,176.99754350798958
2026-01-29,cumulative,all subpops,Age 2,new_H,baseline,136.45465844316962,97.25714472337627,178.04080698162855
2026-01-30,cumulative,all subpops,Age 2,new_H,baseline,137.25185148730108,97.80653141872965,179.26646972336064
2026-01-31,cumulative,all subpops,Age 2,new_H,baseline,138.03164149412945,98.31407553093422,180.28258883163244
2026-02-01,cumulative,all subpops,Age 2,new_H,baseline,138.75908442013164,98.77269670177245,181.11339637399192
2026-02-02,cumulative,all subpops,Age 2,new_H,baseline,139.41735165870696,99.2119679926249,181.85896883798952
2026-02-03,cumulative,all subpops,Age 2,new_H,baseline,140.03109272611533,99.64394964422287,182.6472053936523
2026-02-04,cumulative,all subpops,Age 2,new_H,baseline,140.62110565833365,100.04338641029706,183.42993073417165
2026-02-05,cumulative,all subpops,Age 2,new_H,baseline,141.1983198383608,100.40333557125363,184.186893050594
2026-02-06,cumulative,all subpops,Age 2,new_H,baseline,141.77321650738656,100.75640188445925,184.92663948035093
2026-02-07,cumulative,all subpops,Age 2,new_H,baseline,142.33185463525527,101.1024394022717,185.64760585367534
2026-02-08,cumulative,all subpops,Age 2,new_H,baseline,142.83497486316438,101.47351404864385,186.26345813477738
2026-02-09,cumulative,all subpops,Age 2,new_H,baseline,143.34806592120765,101.81201729326122,186.82572992656995
2026-02-10,cumulative,all subpops,Age 2,new_H,baseline,143.81566758347444,102.14789846477076,187.36184153773098
2026-02-11,cumulative,all subpops,Age 2,new_H,baseline,144.28165132798412,102.49764769454738,187.89138020524118
2026-02-12,cumulative,all subpops,Age 2,new_H,baseline,144.71150018305454,102.84494362176822,188.4224000343197
2026-02-13,cumulative,all subpops,Age 2,new_H,baseline,145.16826971990056,103.20252040653752,188.96150821837804
2026-02-14,cumulative,all subpops,Age 2,new_H,baseline,145.6829605335616,103.56775483564296,189.50900257051325
2026-02-15,cumulative,all subpops,Age 2,new_H,baseline,146.08169682309642,103.91258031287468,190.00909115203854
2026-02-16,cumulative,all subpops,Age 2,new_H,baseline,146.40406928018814,104.22545348615236,190.43219119457765
2026-02-17,cumulative,all subpops,Age 2,new_H,baseline,146.72906938076832,104.5037337135594,190.77411795149578
2026-02-18,cumulative,all subpops,Age 2,new_H,baseline,147.0519596255838,104.74887120199739,191.04676816994703
2026-02-19,cumulative,all subpops,Age 2,new_H,baseline,147.33972599154376,104.96428023079275,191.2869326871249
2026-02-20,cumulative,all subpops,Age 2,new_H,baseline,147.60331174859928,105.1543065291508,191.49990092800215
2026-02-21,cumulative,all subpops,Age 2,new_H,baseline,147.87920537446504,105.28010558312023,191.69049427922857
2026-02-22,cumulative,all subpops,Age 2,new_H,baseline,148.13371413163367,105.39242790204624,191.88200985345847
2026-02-23,cumulative,all subpops,Age 2,new_H,baseline,148.3724712254198,105.4955437927551,192.0962175280363
2026-02-24,cumulative,all subpops,Age 2,new_H,baseline,148.57553190729044,105.59731636506949,192.30964990886235
2026-02-25,cumulative,all subpops,Age 2,new_H,baseline,148.76781628996414,105.70328091792477,192.53376253635292
2026-02-26,cumulative,all subpops,Age 2,new_H,baseline,148.97466580948984,105.81550923250364,192.76585686670998
2026-02-27,cumulative,all subpops,Age 2,new_H,baseline,149.1986712371403,105.93493697391587,192.9919261192861
2026-02-28,cumulative,all subpops,Age 2,new_H,baseline,149.41539574536415,106.06634895285943,193.27954430892382
2026-03-01,cumulative,all subpops,Age 2,new_H,baseline,149.63219657928076,106.21526703772861,193.58521152350005
2026-03-02,cumulative,all subpops,Age 2,new_H,baseline,149.84329543815116,106.35912572276531,193.87216237357404
2026-03-03,cumulative,all subpops,Age 2,new_H,baseline,150.06211440018436,106.50586722129178,194.15180174177578
2026-03-04,cumulative,all subpops,Age 2,new_H,baseline,150.29646276583458,106.66053546698114,194.4319220850878
2026-03-05,cumulative,all subpops,Age 2,new_H,baseline,150.54770546200703,106.82446979207816,194.7147570167665
2026-03-06,cumulative,all subpops,Age 2,new_H,baseline,150.76461175384273,106.99801276476191,195.00088720230428
2026-03-07,cumulative,all subpops,Age 2,new_H,baseline,150.9415669292144,107.17921159956646,195.28772195353338
2026-03-08,cumulative,all subpops,Age 2,new_H,baseline,151.140252327973,107.35665463320495,195.56040735015046
2026-03-09,cumulative,all subpops,Age 2,new_H,baseline,151.34989847406086,107.524167056152,195.81152928912925
2026-03-10,cumulative,all subpops,Age 2,new_H,baseline,151.53664434690901,107.6889481417987,196.0511313369557
2026-03-11,cumulative,all subpops,Age 2,new_H,baseline,151.73059429630064,107.85634107914669,196.28684596106982
2026-03-12,cumulative,all subpops,Age 2,new_H,baseline,151.89648576809103,108.02798745839249,196.52145288874368
2026-03-13,cumulative,all subpops,Age 2,new_H,baseline,152.0691562528122,108.2054195291342,196.81109426374445
2026-03-14,cumulative,all subpops,Age 2,new_H,baseline,152.24725451657116,108.38875615834584,197.13510788337942
2026-03-15,cumulative,all subpops,Age 2,new_H,baseline,152.4166417502515,108.56750434696325,197.44859333148554
2026-03-16,cumulative,all subpops,Age 2,new_H,baseline,152.57231715260886,108.73567368615817,197.74122454983248
2026-03-17,cumulative,all subpops,Age 2,new_H,baseline,152.71886652223228,108.89897707145134,198.0225628296147
2026-03-18,cumulative,all subpops,Age 2,new_H,baseline,152.86808419815307,109.06422424261214,198.30329867125423
2026-03-19,cumulative,all subpops,Age 2,new_H,baseline,153.03578776702622,109.23566051717268,198.57651413394237
2026-03-20,cumulative,all subpops,Age 2,new_H,baseline,153.1969169561671,109.41395453832467,198.82365606946385
2026-03-21,cumulative,all subpops,Age 2,new_H,baseline,153.3707966910434,109.53291217872258,199.0490027139779
2026-03-22,cumulative,all subpops,Age 2,new_H,baseline,153.53544749502964,109.63988317950873,199.23222077076196
2026-03-23,cumulative,all subpops,Age 2,new_H,baseline,153.67502423007278,109.73777138796129,199.39945335726344
2026-03-24,cumulative,all subpops,Age 2,new_H,baseline,153.81382081030625,109.83117819168433,199.55800917679272
2026-03-25,cumulative,all subpops,Age 2,new_H,baseline,153.95811002261786,109.92419480323859,199.71423967684282
2026-03-26,cumulative,all subpops,Age 2,new_H,baseline,154.1106585147852,110.01853344341092,199.87069443583542
2026-03-27,cumulative,all subpops,Age 2,new_H,baseline,154.27218253481215,110.11431438189788,200.02752286354652
2026-03-28,cumulative,all subpops,Age 2,new_H,baseline,154.44218758844073,110.21146292574515,200.184301679068
2026-03-29,cumulative,all subpops,Age 2,new_H,baseline,154.61094002896974,110.30555549993227,200.33410597960793
2026-03-30,cumulative,all subpops,Age 2,new_H,baseline,154.77742509851527,110.39419209231713,200.47326709025592
2026-03-31,cumulative,all subpops,Age 2,new_H,baseline,154.94372806831458,110.48079946338794,200.60679438903801
2026-04-01,cumulative,all subpops,Age 2,new_H,baseline,155.10496254356158,110.56739114303306,200.7409939070154
2026-04-02,cumulative,all subpops,Age 2,new_H,baseline,155.26302027575943,110.65462810282199,200.92465791655923
2026-04-03,cumulative,all subpops,Age 2,new_H,baseline,155.41992027388218,110.74333657631293,201.1108288540277
2026-04-04,cumulative,all subpops,Age 2,new_H,baseline,155.57997572029498,110.8323931191877,201.29773639017452
2026-04-05,cumulative,all subpops,Age 2,new_H,baseline,155.76714241239566,110.91694117999202,201.47551495732566
2026-04-06,cumulative,all subpops,Age 2,new_H,baseline,155.9358775903646,110.99468263000531,201.63967426924762
2026-04-07,cumulative,all subpops,Age 2,new_H,baseline,156.0926690809189,111.06931620343829,201.7988496188157
2026-04-08,cumulative,all subpops,Age 2,new_H,baseline,156.2423925666224,111.143614998252,201.9597455614004
2026-04-09,cumulative,all subpops,Age 2,new_H,baseline,156.38695220233035,111.21875909511076,202.1256920172811
2026-04-10,cumulative,all subpops,Age 2,new_H,baseline,156.52343001614628,111.29471639736094,202.2974206714081
2026-04-11,cumulative,all subpops,Age 2,new_H,baseline,156.63970431966334,111.37012445822666,202.47237034480122
2026-04-12,cumulative,all subpops,Age 2,new_H,baseline,156.7504740961346,111.44106996561402,202.64068690360259
2026-04-13,cumulative,all subpops,Age 2,new_H,baseline,156.85254748029658,111.50567655967023,202.79759434982748
2026-04-14,cumulative,all subpops,Age 2,new_H,baseline,156.9489277762114,111.56571373307959,202.94857479593873
2026-04-15,cumulative,all subpops,Age 2,new_H,baseline,157.04186100289738,111.62263748354576,203.09760655236454
2026-04-16,cumulative,all subpops,Age 2,new_H,baseline,157.13211443111726,111.67712340552252,203.24602635276972
2026-04-17,cumulative,all subpops,Age 2,new_H,baseline,157.21883120156198,111.72951134144441,203.3940786031891
2026-04-18,cumulative,all subpops,Age 2,new_H,baseline,157.30459875340762,111.77975221890576,203.54070375744058
2026-04-19,cumulative,all subpops,Age 2,new_H,baseline,157.38298271414058,111.8260661857795,203.67904889756656
2026-04-20,cumulative,all subpops,Age 2,new_H,baseline,157.4645295382998,111.86748123844376,203.79820683723807
2026-04-21,cumulative,all subpops,Age 2,new_H,baseline,157.54441778332085,111.90411702437648,203.8863402044955
2026-04-22,cumulative,all subpops,Age 2,new_H,baseline,157.61585230552086,111.9364654702678,203.9647335334745
2026-04-23,cumulative,all subpops,Age 2,new_H,baseline,157.67966898608384,111.96501713317582,204.03438464655025
2026-04-24,cumulative,all subpops,Age 2,new_H,baseline,157.73685783706551,111.99030461411601,204.07973872540524
2026-04-25,cumulative,all subpops,Age 2,new_H,baseline,157.7885357161483,112.01289985206073,204.1182135816721
2026-04-26,cumulative,all subpops,Age 2,new_H,baseline,157.8356212443117,112.03327343043264,204.15346447621488
2026-04-27,cumulative,all subpops,Age 2,new_H,baseline,157.87918613172818,112.05194471447005,204.18644506885803
2026-04-28,cumulative,all subpops,Age 2,new_H,baseline,157.92210352973288,112.07015770749689,204.2196196301295
2026-04-29,cumulative,all subpops,Age 2,new_H,baseline,157.96324688334417,112.0886311526399,204.25448035169637
2026-04-30,cumulative,all subpops,Age 2,new_H,baseline,157.97970678477162,112.10748681659844,204.31089387592067
2026-05-01,cumulative,all subpops,Age 2,new_H,baseline,158.01967056511225,112.1266338136052,204.37058196982147
2026-05-02,cumulative,all subpops,Age 2,new_H,baseline,158.07247289487498,112.1458477181505,204.4316355063435
2026-05-03,cumulative,all subpops,Age 2,new_H,baseline,158.12296999419985,112.16412849713396,204.49079672052684
2026-05-04,cumulative,all subpops,Age 2,new_H,baseline,158.1699640861736,112.18095829383063,204.53917987806398
2026-05-05,cumulative,all subpops,Age 2,new_H,baseline,158.21518320772384,112.19678463385114,204.58539559182591
2026-05-06,cumulative,all subpops,Age 2,new_H,baseline,158.25971454939992,112.21186700051744,204.6310432207049
2026-05-07,cumulative,all subpops,Age 2,new_H,baseline,158.3039645785759,112.22625533679907,204.6737320095871
2026-05-08,cumulative,all subpops,Age 2,new_H,baseline,158.348510440913,112.24003494332776,204.70616704114374
2025-09-01,cumulative,all subpops,Age 3,new_H,baseline,0.005341494745240336,0.0018062870877842512,0.012602079157592446
2025-09-02,cumulative,all subpops,Age 3,new_H,baseline,0.01832524789474283,0.006206104526037462,0.04316283784934543
2025-09-03,cumulative,all subpops,Age 3,new_H,baseline,0.03520975644850312,0.012025665331169359,0.08279135054699568
2025-09-04,cumulative,all subpops,Age 3,new_H,baseline,0.05507584108362126,0.01902522880541958,0.12930130305197504
2025-09-05,cumulative,all subpops,Age 3,new_H,baseline,0.07706812661282664,0.026975075060647682,0.18179800363219495
2025-09-06,cumulative,all subpops,Age 3,new_H,baseline,0.10175850836414184,0.03565121690019705,0.23784359940278663
2025-09-07,cumulative,all subpops,Age 3,new_H,baseline,0.1256216677347307,0.04470475424111427,0.29341384486622407
2025-09-08,cumulative,all subpops,Age 3,new_H,baseline,0.14812581846995243,0.05322161046726358,0.3474946082515557
2025-09-09,cumulative,all subpops,Age 3,new_H,baseline,0.1712380177417743,0.06202711659617546,0.40267660917467896
2025-09-10,cumulative,all subpops,Age 3,new_H,baseline,0.19622054223343627,0.07164905207105221,0.461553446427328
2025-09-11,cumulative,all subpops,Age 3,new_H,baseline,0.2231728298117233,0.08232235974583665,0.5250205456296024
2025-09-12,cumulative,all subpops,Age 3,new_H,baseline,0.2523184320962654,0.0944634365066338,0.593445479545176
2025-09-13,cumulative,all subpops,Age 3,new_H,baseline,0.2849011673336468,0.10739276870373035,0.6660404992219348
2025-09-14,cumulative,all subpops,Age 3,new_H,baseline,0.3137195383517096,0.12042678880529559,0.7338020481272121
2025-09-15,cumulative,all subpops,Age 3,new_H,baseline,0.3410310844653414,0.1332666192971363,0.78644514868156
2025-09-16,cumulative,all subpops,Age 3,new_H,baseline,0.37084260234533806,0.14637090376818632,0.8293128297760248
2025-09-17,cumulative,all subpops,Age 3,new_H,baseline,0.3990500337614967,0.15951884031651686,0.8694803649660137
2025-09-18,cumulative,all subpops,Age 3,new_H,baseline,0.42839974279463494,0.17485577762084265,0.9236029439014488
2025-09-19,cumulative,all subpops,Age 3,new_H,baseline,0.4591319539300066,0.1918605571469265,0.9800733795166413
2025-09-20,cumulative,all subpops,Age 3,new_H,baseline,0.49599963001030717,0.21007136149238992,1.0475126587017092
2025-09-21,cumulative,all subpops,Age 3,new_H,baseline,0.5280483214180526,0.22843668934679712,1.112529499924638
2025-09-22,cumulative,all subpops,Age 3,new_H,baseline,0.5602969627309027,0.2457210234842232,1.172733030286329
2025-09-23,cumulative,all subpops,Age 3,new_H,baseline,0.588246656441791,0.25877897310162934,1.2308622098237019
2025-09-24,cumulative,all subpops,Age 3,new_H,baseline,0.6176069012060911,0.2742634334254302,1.2887722038590703
2025-09-25,cumulative,all subpops,Age 3,new_H,baseline,0.6510985884000229,0.29026557358639177,1.3469579263731881
2025-09-26,cumulative,all subpops,Age 3,new_H,baseline,0.6824973910575618,0.3081025931118476,1.4039666153408241
2025-09-27,cumulative,all subpops,Age 3,new_H,baseline,0.7170379109582876,0.32396998452259707,1.4624938167293775
2025-09-28,cumulative,all subpops,Age 3,new_H,baseline,0.7489417518191037,0.3385905312004345,1.5176926660246413
2025-09-29,cumulative,all subpops,Age 3,new_H,baseline,0.7772316674481893,0.3551040939042997,1.5665145384320358
2025-09-30,cumulative,all subpops,Age 3,new_H,baseline,0.8033698048973743,0.37179257744491834,1.6117925917428122
2025-10-01,cumulative,all subpops,Age 3,new_H,baseline,0.8271201728674497,0.3826362678113942,1.6574633890238188
2025-10-02,cumulative,all subpops,Age 3,new_H,baseline,0.8560262590692114,0.39323969195428005,1.7109351012090692
2025-10-03,cumulative,all subpops,Age 3,new_H,baseline,0.8794298283243063,0.40426319654932374,1.7581331717171806
2025-10-04,cumulative,all subpops,Age 3,new_H,baseline,0.9117490054056209,0.4216376476854924,1.8051119611782338
2025-10-05,cumulative,all subpops,Age 3,new_H,baseline,0.9358377911360017,0.4320651493711739,1.8494680948001636
2025-10-06,cumulative,all subpops,Age 3,new_H,baseline,0.9610877275094766,0.4416483322051,1.8945650117119772
2025-10-07,cumulative,all subpops,Age 3,new_H,baseline,0.9867940623469731,0.4550487608642642,1.950030813840504
2025-10-08,cumulative,all subpops,Age 3,new_H,baseline,1.0141839977153762,0.4693403861486096,1.9905059309251227
2025-10-09,cumulative,all subpops,Age 3,new_H,baseline,1.0424415996468614,0.4812411542164867,2.041834407866587
2025-10-10,cumulative,all subpops,Age 3,new_H,baseline,1.073515088206231,0.49458014540473216,2.096144881830125
2025-10-11,cumulative,all subpops,Age 3,new_H,baseline,1.0970922130840883,0.5102744358064026,2.1416092694593547
2025-10-12,cumulative,all subpops,Age 3,new_H,baseline,1.129202342560967,0.5262849939864305,2.1835972644010337
2025-10-13,cumulative,all subpops,Age 3,new_H,baseline,1.1602277734248163,0.5414178988068082,2.2244094327294928
2025-10-14,cumulative,all subpops,Age 3,new_H,baseline,1.1896334652339071,0.5595595959045032,2.2588943634572574
2025-10-15,cumulative,all subpops,Age 3,new_H,baseline,1.216656736420105,0.5769460863991868,2.29364929251892
2025-10-16,cumulative,all subpops,Age 3,new_H,baseline,1.246967029687188,0.5894090756274614,2.332931838022762
2025-10-17,cumulative,all subpops,Age 3,new_H,baseline,1.2761557843133287,0.6053400136519449,2.379778260048043
2025-10-18,cumulative,all subpops,Age 3,new_H,baseline,1.3062145327074797,0.6289142999480419,2.439030067558513
2025-10-19,cumulative,all subpops,Age 3,new_H,baseline,1.3412445707649718,0.648948993126212,2.500329096031159
2025-10-20,cumulative,all subpops,Age 3,new_H,baseline,1.3802430049724024,0.6663974735495867,2.549310741777475
2025-10-21,cumulative,all subpops,Age 3,new_H,baseline,1.4238187845761092,0.6834524830913208,2.597810312972917
2025-10-22,cumulative,all subpops,Age 3,new_H,baseline,1.4651647692125604,0.6995472980208879,2.6527108871820553
2025-10-23,cumulative,all subpops,Age 3,new_H,baseline,1.5001542983271217,0.722013751925427,2.7125119169410628
2025-10-24,cumulative,all subpops,Age 3,new_H,baseline,1.5442950962982551,0.7489871487966515,2.779198824988489
2025-10-25,cumulative,all subpops,Age 3,new_H,baseline,1.5953114205729375,0.776438058044607,2.8529433336415226
2025-10-26,cumulative,all subpops,Age 3,new_H,baseline,1.6417718322451722,0.806065571309109,2.92889312306137
2025-10-27,cumulative,all subpops,Age 3,new_H,baseline,1.6919179680208805,0.8391776775654616,3.017504058987261
2025-10-28,cumulative,all subpops,Age 3,new_H,baseline,1.7490374966893258,0.8681227981284502,3.087634314509042
2025-10-29,cumulative,all subpops,Age 3,new_H,baseline,1.8041695004935028,0.9117447626146747,3.1695313424782263
2025-10-30,cumulative,all subpops,Age 3,new_H,baseline,1.8620445421776688,0.9541639609386212,3.294219092154579
2025-10-31,cumulative,all subpops,Age 3,new_H,baseline,1.9332252324871788,1.0053198900533382,3.423643359853727
2025-11-01,cumulative,all subpops,Age 3,new_H,baseline,2.0207855962438894,1.0622520143542962,3.531216128916522
2025-11-02,cumulative,all subpops,Age 3,new_H,baseline,2.091838122209256,1.1033386824527496,3.640165533448648
2025-11-03,cumulative,all subpops,Age 3,new_H,baseline,2.1614428045721925,1.1404326373131313,3.7711206123776666
2025-11-04,cumulative,all subpops,Age 3,new_H,baseline,2.2283227814715025,1.1905908449922875,3.8777164026973288
2025-11-05,cumulative,all subpops,Age 3,new_H,baseline,2.3161804918790394,1.2579619608717763,4.014151268866543
2025-11-06,cumulative,all subpops,Age 3,new_H,baseline,2.407457048476935,1.3198383790751032,4.167077499979785
2025-11-07,cumulative,all subpops,Age 3,new_H,baseline,2.502046136421446,1.3777989308890148,4.274022132436187
2025-11-08,cumulative,all subpops,Age 3,new_H,baseline,2.615962137235897,1.4444424542067316,4.430116361971951
2025-11-09,cumulative,all subpops,Age 3,new_H,baseline,2.7353777141411184,1.516710499792724,4.609542249004605
2025-11-10,cumulative,all subpops,Age 3,new_H,baseline,2.8521130725056962,1.5938854014216968,4.764573149897562
2025-11-11,cumulative,all subpops,Age 3,new_H,baseline,2.9673489738641075,1.6725425283129456,4.908640331674693
2025-11-12,cumulative,all subpops,Age 3,new_H,baseline,3.0833962105208155,1.7407259410055569,5.069411586796171
2025-11-13,cumulative,all subpops,Age 3,new_H,baseline,3.21162493489499,1.8324202245218693,5.2739979177541825
2025-11-14,cumulative,all subpops,Age 3,new_H,baseline,3.3349584212347323,1.9327052012564525,5.4538844319462525
2025-11-15,cumulative,all subpops,Age 3,new_H,baseline,3.4716341035299845,2.0261177465935094,5.636204276757991
2025-11-16,cumulative,all subpops,Age 3,new_H,baseline,3.6306373160731735,2.12309270256328,5.832737744016552
2025-11-17,cumulative,all subpops,Age 3,new_H,baseline,3.771319779051416,2.2139737228318674,6.015942238099366
2025-11-18,cumulative,all subpops,Age 3,new_H,baseline,3.9148197220079273,2.325388535133897,6.245265085978633
2025-11-19,cumulative,all subpops,Age 3,new_H,baseline,4.086065645710968,2.4402954387828997,6.48521133778272
2025-11-20,cumulative,all subpops,Age 3,new_H,baseline,4.284011110599355,2.573304105879287,6.792375745705978
2025-11-21,cumulative,all subpops,Age 3,new_H,baseline,4.498194506650099,2.726703002726197,7.063791786635371
2025-11-22,cumulative,all subpops,Age 3,new_H,baseline,4.760505304940759,2.874177047233714,7.409611541807146
2025-11-23,cumulative,all subpops,Age 3,new_H,baseline,5.017876607128228,3.035387115043321,7.748269962777575
2025-11-24,cumulative,all subpops,Age 3,new_H,baseline,5.273825312834609,3.1845552907721304,8.065825285273279
2025-11-25,cumulative,all subpops,Age 3,new_H,baseline,5.528602601810822,3.342876492746185,8.382038744573368
2025-11-26,cumulative,all subpops,Age 3,new_H,baseline,5.801056600819699,3.5196104581715044,8.780237674018762
2025-11-27,cumulative,all subpops,Age 3,new_H,baseline,6.096368574068677,3.7215012583253744,9.212496881161231
2025-11-28,cumulative,all subpops,Age 3,new_H,baseline,6.401351842756932,3.936428904185999,9.63966878583741
2025-11-29,cumulative,all subpops,Age 3,new_H,baseline,6.688348938475416,4.127318334063835,10.043216636084695
2025-11-30,cumulative,all subpops,Age 3,new_H,baseline,6.972091877863915,4.304243938502302,10.416631420994536
2025-12-01,cumulative,all subpops,Age 3,new_H,baseline,7.240784348864999,4.510419156631816,10.769092875442249
2025-12-02,cumulative,all subpops,Age 3,new_H,baseline,7.520551155774647,4.699801313599735,11.152883530679599
2025-12-03,cumulative,all subpops,Age 3,new_H,baseline,7.880730248724357,4.919931799815488,11.612186789330988
2025-12-04,cumulative,all subpops,Age 3,new_H,baseline,8.260838967427249,5.156285599228024,12.092988725278836
2025-12-05,cumulative,all subpops,Age 3,new_H,baseline,8.727404965205949,5.438692813534284,12.647718401529549
2025-12-06,cumulative,all subpops,Age 3,new_H,baseline,9.229249182321219,5.8173746672064315,13.303558405252835
2025-12-07,cumulative,all subpops,Age 3,new_H,baseline,9.849902000437707,6.180024864667645,14.04109691462796
2025-12-08,cumulative,all subpops,Age 3,new_H,baseline,10.39292000950534,6.5405277832548,14.801163937749187
2025-12-09,cumulative,all subpops,Age 3,new_H,baseline,10.96521050744179,6.9589338257023705,15.650397651390534
2025-12-10,cumulative,all subpops,Age 3,new_H,baseline,11.667541403985156,7.507935212409266,16.625357233063397
2025-12-11,cumulative,all subpops,Age 3,new_H,baseline,12.512023319014201,8.119450976188638,17.74525323899527
2025-12-12,cumulative,all subpops,Age 3,new_H,baseline,13.473475531837238,8.796456217301648,19.08393255357268
2025-12-13,cumulative,all subpops,Age 3,new_H,baseline,14.64953612446567,9.605665274322508,20.57869426947332
2025-12-14,cumulative,all subpops,Age 3,new_H,baseline,15.807311868077575,10.503208551183373,22.1937102495618
2025-12-15,cumulative,all subpops,Age 3,new_H,baseline,16.969811578293463,11.369264244577428,23.776389583778354
2025-12-16,cumulative,all subpops,Age 3,new_H,baseline,18.280703288153212,12.310920558539333,25.609845375268485
2025-12-17,cumulative,all subpops,Age 3,new_H,baseline,19.79226977250385,13.333046084818438,27.6955952382843
2025-12-18,cumulative,all subpops,Age 3,new_H,baseline,21.52522331860591,14.541895178161742,30.06349785623656
2025-12-19,cumulative,all subpops,Age 3,new_H,baseline,23.654805808999,15.96084601822195,32.796987416953186
2025-12-20,cumulative,all subpops,Age 3,new_H,baseline,25.9868139650933,17.561803023330405,35.96292251722151
2025-12-21,cumulative,all subpops,Age 3,new_H,baseline,28.448794417543144,19.238834607655363,39.236290486339044
2025-12-22,cumulative,all subpops,Age 3,new_H,baseline,30.84733286081642,20.75859379188482,42.431518810645
2025-12-23,cumulative,all subpops,Age 3,new_H,baseline,33.171213781496434,22.334376381123697,45.55455463104231
2025-12-24,cumulative,all subpops,Age 3,new_H,baseline,35.397792490060766,23.872017576017345,48.482601328428956
2025-12-25,cumulative,all subpops,Age 3,new_H,baseline,37.4169222099292,25.37369675199912,51.17809300547825
2025-12-26,cumulative,all subpops,Age 3,new_H,baseline,39.25241718283569,26.85044382331824,53.64309127094409
2025-12-27,cumulative,all subpops,Age 3,new_H,baseline,41.12521982028595,28.282942054981383,55.931019506031504
2025-12-28,cumulative,all subpops,Age 3,new_H,baseline,42.9850218882557,29.671827475955677,58.21861749763069
2025-12-29,cumulative,all subpops,Age 3,new_H,baseline,44.764182259446976,31.011134697692835,60.62473841165446
2025-12-30,cumulative,all subpops,Age 3,new_H,baseline,46.48910198740743,32.29653196533886,62.72535135710691
2025-12-31,cumulative,all subpops,Age 3,new_H,baseline,48.0589192862748,33.448168401129216,64.7046731248854
2026-01-01,cumulative,all subpops,Age 3,new_H,baseline,49.65439950433643,34.53288633944601,66.71757533394569
2026-01-02,cumulative,all subpops,Age 3,new_H,baseline,51.10728502149894,35.58346061712987,68.64346816197771
2026-01-03,cumulative,all subpops,Age 3,new_H,baseline,52.57349504928256,36.5573196093451,70.46089179122383
2026-01-04,cumulative,all subpops,Age 3,new_H,baseline,53.915871799697946,37.45566194265792,72.16110573074039
2026-01-05,cumulative,all subpops,Age 3,new_H,baseline,55.12727637356816,38.311544778796545,73.85639283910473
2026-01-06,cumulative,all subpops,Age 3,new_H,baseline,56.316588602293585,39.18010774900918,75.54164541722464
2026-01-07,cumulative,all subpops,Age 3,new_H,baseline,57.52016129814804,40.13014824196718,77.26670715854941
2026-01-08,cumulative,all subpops,Age 3,new_H,baseline,58.74451644208957,41.08014787022408,79.09367812723838
2026-01-09,cumulative,all subpops,Age 3,new_H,baseline,60.07702195821578,41.93808030576482,80.82006181844949
2026-01-10,cumulative,all subpops,Age 3,new_H,baseline,61.56032984483482,42.80715416125657,82.57555190668205
2026-01-11,cumulative,all subpops,Age 3,new_H,baseline,62.855682843714426,43.72179368376655,84.23711743226063
2026-01-12,cumulative,all subpops,Age 3,new_H,baseline,63.991510703182676,44.638881394587905,85.75549958935969
2026-01-13,cumulative,all subpops,Age 3,new_H,baseline,65.26770301557086,45.461738440531555,87.19141267509085
2026-01-14,cumulative,all subpops,Age 3,new_H,baseline,66.40053672295161,46.298521658919825,88.58593041896192
2026-01-15,cumulative,all subpops,Age 3,new_H,baseline,67.50550404488125,47.12464592545238,89.94488128992032
2026-01-16,cumulative,all subpops,Age 3,new_H,baseline,68.56197579348685,47.90026102641749,91.2701109032854
2026-01-17,cumulative,all subpops,Age 3,new_H,baseline,69.58664665294332,48.67454700753179,92.56093732499868
2026-01-18,cumulative,all subpops,Age 3,new_H,baseline,70.46747332548053,49.34331923804152,93.75617137858096
2026-01-19,cumulative,all subpops,Age 3,new_H,baseline,71.3252542444877,49.94223682939502,94.91658545113346
2026-01-20,cumulative,all subpops,Age 3,new_H,baseline,72.07204447026227,50.47270786345342,95.98154051012622
2026-01-21,cumulative,all subpops,Age 3,new_H,baseline,72.84664170338861,50.967330619754215,96.95775896502143
2026-01-22,cumulative,all subpops,Age 3,new_H,baseline,73.6148088415578,51.455350175911164,97.86842545092586
2026-01-23,cumulative,all subpops,Age 3,new_H,baseline,74.3166086438147,51.93965484906928,98.71474820224907
2026-01-24,cumulative,all subpops,Age 3,new_H,baseline,74.93177054765144,52.41276582536926,99.52649468158744
2026-01-25,cumulative,all subpops,Age 3,new_H,baseline,75.58536275265892,52.85405917839083,100.27260543430376
2026-01-26,cumulative,all subpops,Age 3,new_H,baseline,76.15477309406488,53.24713415982309,100.93864017414447
2026-01-27,cumulative,all subpops,Age 3,new_H,baseline,76.67713252425924,53.57505995535789,101.55098043590631
2026-01-28,cumulative,all subpops,Age 3,new_H,baseline,77.20786929799219,53.90363787046717,102.13191066624175
2026-01-29,cumulative,all subpops,Age 3,new_H,baseline,77.71086111121451,54.240261045852435,102.69157325516107
2026-01-30,cumulative,all subpops,Age 3,new_H,baseline,78.20470940495109,54.57873485629718,103.23415479252377
2026-01-31,cumulative,all subpops,Age 3,new_H,baseline,78.64428972428304,54.93749417469729,103.75749371153233
2026-02-01,cumulative,all subpops,Age 3,new_H,baseline,79.07290410943033,55.2777275638756,104.23850576041728
2026-02-02,cumulative,all subpops,Age 3,new_H,baseline,79.46465291471493,55.58143117548665,104.66669647660427
2026-02-03,cumulative,all subpops,Age 3,new_H,baseline,79.82888562756455,55.86881287012425,105.0588823763107
2026-02-04,cumulative,all subpops,Age 3,new_H,baseline,80.14001527254597,56.147299084423544,105.42946089287187
2026-02-05,cumulative,all subpops,Age 3,new_H,baseline,80.4239118213385,56.41484915017797,105.78627354357761
2026-02-06,cumulative,all subpops,Age 3,new_H,baseline,80.69960753935555,56.66447784193896,106.1340100779886
2026-02-07,cumulative,all subpops,Age 3,new_H,baseline,80.96708277436439,56.87488714593387,106.47232510817527
2026-02-08,cumulative,all subpops,Age 3,new_H,baseline,81.28189111979925,57.070554140065134,106.78630911633633
2026-02-09,cumulative,all subpops,Age 3,new_H,baseline,81.56999472776998,57.24152346001257,107.07040243211662
2026-02-10,cumulative,all subpops,Age 3,new_H,baseline,81.84580337049553,57.38691824489503,107.35837573238756
2026-02-11,cumulative,all subpops,Age 3,new_H,baseline,82.12006582229567,57.52871242122251,107.72433330326484
2026-02-12,cumulative,all subpops,Age 3,new_H,baseline,82.39699047309968,57.66948677325842,108.08488925082138
2026-02-13,cumulative,all subpops,Age 3,new_H,baseline,82.67943674278357,57.811244548920534,108.44304523211103
2026-02-14,cumulative,all subpops,Age 3,new_H,baseline,82.91778387623074,57.98050491490308,108.79756149030052
2026-02-15,cumulative,all subpops,Age 3,new_H,baseline,83.14148309620215,58.155859757574376,109.1300249103733
2026-02-16,cumulative,all subpops,Age 3,new_H,baseline,83.34575629639866,58.31573045196981,109.42894870682201
2026-02-17,cumulative,all subpops,Age 3,new_H,baseline,83.5289736579566,58.45887857249484,109.69261563416629
2026-02-18,cumulative,all subpops,Age 3,new_H,baseline,83.69218931543458,58.58615584419888,109.92320381478741
2026-02-19,cumulative,all subpops,Age 3,new_H,baseline,83.83755124238306,58.699310209318554,110.1244874753612
2026-02-20,cumulative,all subpops,Age 3,new_H,baseline,83.9677111922923,58.8005822608611,110.30094997673497
2026-02-21,cumulative,all subpops,Age 3,new_H,baseline,84.08501687122822,58.89190366121571,110.45653254314455
2026-02-22,cumulative,all subpops,Age 3,new_H,baseline,84.19897638868726,58.97469669096575,110.59429242697176
2026-02-23,cumulative,all subpops,Age 3,new_H,baseline,84.31665494386583,59.051217142221255,110.71830184419827
2026-02-24,cumulative,all subpops,Age 3,new_H,baseline,84.43592532385148,59.128077602626234,110.83848785906461
2026-02-25,cumulative,all subpops,Age 3,new_H,baseline,84.56390255043304,59.21000911992147,110.9616516123998
2026-02-26,cumulative,all subpops,Age 3,new_H,baseline,84.70290667739299,59.29855255484562,111.08994451057303
2026-02-27,cumulative,all subpops,Age 3,new_H,baseline,84.8536384956397,59.394216187593386,111.22388600400392
2026-02-28,cumulative,all subpops,Age 3,new_H,baseline,85.01464384478608,59.496224213415765,111.36226729481557
2026-03-01,cumulative,all subpops,Age 3,new_H,baseline,85.15177450600004,59.59737702968902,111.49636420186559
2026-03-02,cumulative,all subpops,Age 3,new_H,baseline,85.26606136146113,59.6940691744465,111.6218740920622
2026-03-03,cumulative,all subpops,Age 3,new_H,baseline,85.40684851361287,59.79201960225562,111.74524942635765
2026-03-04,cumulative,all subpops,Age 3,new_H,baseline,85.57036701708739,59.89464945123414,111.87070413675428
2026-03-05,cumulative,all subpops,Age 3,new_H,baseline,85.72113860303804,60.00259078456094,111.99944543817753
2026-03-06,cumulative,all subpops,Age 3,new_H,baseline,85.85854396837284,60.11573903235776,112.15499471891417
2026-03-07,cumulative,all subpops,Age 3,new_H,baseline,85.998118727431,60.23246243941466,112.33958033793859
2026-03-08,cumulative,all subpops,Age 3,new_H,baseline,86.13146036775625,60.330781755313104,112.51609597382802
2026-03-09,cumulative,all subpops,Age 3,new_H,baseline,86.24997154640809,60.413071309530494,112.67891323640823
2026-03-10,cumulative,all subpops,Age 3,new_H,baseline,86.37234910056956,60.492221402292344,112.8356544621151
2026-03-11,cumulative,all subpops,Age 3,new_H,baseline,86.4897708352106,60.57080829702302,112.99206018958286
2026-03-12,cumulative,all subpops,Age 3,new_H,baseline,86.60802329853954,60.64955132123923,113.15016572910041
2026-03-13,cumulative,all subpops,Age 3,new_H,baseline,86.78959843383726,60.728975389786605,113.31180941104576
2026-03-14,cumulative,all subpops,Age 3,new_H,baseline,86.91011223621767,60.821107122715866,113.47741031689704
2026-03-15,cumulative,all subpops,Age 3,new_H,baseline,87.0280597313218,60.91166129055629,113.63719720063905
2026-03-16,cumulative,all subpops,Age 3,new_H,baseline,87.16521164450852,60.99495616212426,113.78581782193127
2026-03-17,cumulative,all subpops,Age 3,new_H,baseline,87.28205030655394,61.07376230824357,113.92934314454097
2026-03-18,cumulative,all subpops,Age 3,new_H,baseline,87.3794860334245,61.151642807321664,114.07493883693441
2026-03-19,cumulative,all subpops,Age 3,new_H,baseline,87.48253343548026,61.2310174009749,114.22734927461335
2026-03-20,cumulative,all subpops,Age 3,new_H,baseline,87.58683426683272,61.312540678435106,114.38789700617112
2026-03-21,cumulative,all subpops,Age 3,new_H,baseline,87.6950858246089,61.39499148630941,114.55399998186394
2026-03-22,cumulative,all subpops,Age 3,new_H,baseline,87.7999541175061,61.473363906550894,114.71449620090037
2026-03-23,cumulative,all subpops,Age 3,new_H,baseline,87.89767632994325,61.5452275297099,114.8637319170779
2026-03-24,cumulative,all subpops,Age 3,new_H,baseline,87.99324871259422,61.61419528734115,115.01178859710537
2026-03-25,cumulative,all subpops,Age 3,new_H,baseline,88.08479270845014,61.68344716465908,115.16254777378391
2026-03-26,cumulative,all subpops,Age 3,new_H,baseline,88.18209127469261,61.75418673884056,115.31673130855475
2026-03-27,cumulative,all subpops,Age 3,new_H,baseline,88.2925942207958,61.82963083287225,115.47588393953707
2026-03-28,cumulative,all subpops,Age 3,new_H,baseline,88.40492595599807,61.91466328369213,115.63995477659202
2026-03-29,cumulative,all subpops,Age 3,new_H,baseline,88.51009597360745,61.99658265144752,115.79714942156059
2026-03-30,cumulative,all subpops,Age 3,new_H,baseline,88.60783372358733,62.07292893779524,115.94783041300536
2026-03-31,cumulative,all subpops,Age 3,new_H,baseline,88.70277334053733,62.14667543973444,116.09365101791879
2026-04-01,cumulative,all subpops,Age 3,new_H,baseline,88.79772050325546,62.219572662625716,116.23828641009618
2026-04-02,cumulative,all subpops,Age 3,new_H,baseline,88.89377836066548,62.29219031539655,116.38308176035352
2026-04-03,cumulative,all subpops,Age 3,new_H,baseline,88.99487007171534,62.365272185981915,116.52966671320083
2026-04-04,cumulative,all subpops,Age 3,new_H,baseline,89.09106880375795,62.43784665883886,116.6762282912973
2026-04-05,cumulative,all subpops,Age 3,new_H,baseline,89.18530208822531,62.50585057304583,116.814352905412
2026-04-06,cumulative,all subpops,Age 3,new_H,baseline,89.2718454978776,62.567445105502486,116.94019800605433
2026-04-07,cumulative,all subpops,Age 3,new_H,baseline,89.35531138527864,62.6257746910978,117.0604914928226
2026-04-08,cumulative,all subpops,Age 3,new_H,baseline,89.43924441064578,62.68317815656365,117.18029367291821
2026-04-09,cumulative,all subpops,Age 3,new_H,baseline,89.52521922663425,62.74064440649925,117.30182566276821
2026-04-10,cumulative,all subpops,Age 3,new_H,baseline,89.60501291299371,62.79813492352735,117.4251357217476
2026-04-11,cumulative,all subpops,Age 3,new_H,baseline,89.6808863411792,62.85455111862054,117.54786178512283
2026-04-12,cumulative,all subpops,Age 3,new_H,baseline,89.7521428066913,62.90690498787558,117.66302268746594
2026-04-13,cumulative,all subpops,Age 3,new_H,baseline,89.81674860364508,62.95381870624798,117.76728409111062
2026-04-14,cumulative,all subpops,Age 3,new_H,baseline,89.87701843068363,62.9966588591168,117.86385756648204
2026-04-15,cumulative,all subpops,Age 3,new_H,baseline,89.95133992859702,63.03659989498993,117.95532119801089
2026-04-16,cumulative,all subpops,Age 3,new_H,baseline,90.03546956692873,63.074257055561496,118.04280451562842
2026-04-17,cumulative,all subpops,Age 3,new_H,baseline,90.09103972963422,63.109993906962934,118.13414942279432
2026-04-18,cumulative,all subpops,Age 3,new_H,baseline,90.13766178583468,63.14389079037649,118.22361241122883
2026-04-19,cumulative,all subpops,Age 3,new_H,baseline,90.18024046241855,63.174786511645536,118.3058637570117
2026-04-20,cumulative,all subpops,Age 3,new_H,baseline,90.23387226129564,63.20209198894345,118.37873856522832
2026-04-21,cumulative,all subpops,Age 3,new_H,baseline,90.31786953798682,63.226027849381424,118.4423614124403
2026-04-22,cumulative,all subpops,Age 3,new_H,baseline,90.39353807813643,63.247042380056875,118.49762004970107
2026-04-23,cumulative,all subpops,Age 3,new_H,baseline,90.44021628646361,63.26553725024037,118.54545905789409
2026-04-24,cumulative,all subpops,Age 3,new_H,baseline,90.46103795642081,63.281919638873106,118.58687853283598
2026-04-25,cumulative,all subpops,Age 3,new_H,baseline,90.47892763999455,63.29660434041035,118.6228801961496
2026-04-26,cumulative,all subpops,Age 3,new_H,baseline,90.49433404222306,63.30988231725228,118.65422887759058
2026-04-27,cumulative,all subpops,Age 3,new_H,baseline,90.50772035107548,63.32211377181456,118.6817754862579
2026-04-28,cumulative,all subpops,Age 3,new_H,baseline,90.51997047015026,63.334299615618605,118.7073286778107
2026-04-29,cumulative,all subpops,Age 3,new_H,baseline,90.5316677930775,63.34709176951035,118.73203194995143
2026-04-30,cumulative,all subpops,Age 3,new_H,baseline,90.54303536352397,63.36070030590815,118.75626258762152
2026-05-01,cumulative,all subpops,Age 3,new_H,baseline,90.55415939738043,63.37518629587016,118.78010482055736
2026-05-02,cumulative,all subpops,Age 3,new_H,baseline,90.56504183159343,63.39048279769608,118.80343617839749
2026-05-03,cumulative,all subpops,Age 3,new_H,baseline,90.57520597876216,63.40559155718756,118.82517929185303
2026-05-04,cumulative,all subpops,Age 3,new_H,baseline,90.58444835833724,63.420009667280645,118.84484452058919
2026-05-05,cumulative,all subpops,Age 3,new_H,baseline,90.60193225303401,63.43443732189311,118.86315952787459
2026-05-06,cumulative,all subpops,Age 3,new_H,baseline,90.65382365531218,63.44930866021752,118.88061877195528
2026-05-07,cumulative,all subpops,Age 3,new_H,baseline,90.70951314217922,63.46479281690637,118.90382967428619
2026-05-08,cumulative,all subpops,Age 3,new_H,baseline,90.77047911683894,63.48118770518557,118.92858662685116
2025-09-01,cumulative,all subpops,Age 4,new_H,baseline,0.03867149541156881,0.013166386188918333,0.09094069110342594
2025-09-02,cumulative,all subpops,Age 4,new_H,baseline,0.13206275780735727,0.045010467908920236,0.3106546059354489
2025-09-03,cumulative,all subpops,Age 4,new_H,baseline,0.250590907236505,0.08565237261859107,0.5896632695517151
2025-09-04,cumulative,all subpops,Age 4,new_H,baseline,0.38215829890279485,0.13168121330397592,0.9023272408085824
2025-09-05,cumulative,all subpops,Age 4,new_H,baseline,0.5248875504677089,0.18143096306104287,1.2367593833422028
2025-09-06,cumulative,all subpops,Age 4,new_H,baseline,0.6730866855638779,0.2337765422768061,1.5787746211030897
2025-09-07,cumulative,all subpops,Age 4,new_H,baseline,0.8186695152671039,0.28622582040368627,1.9059508341278337
2025-09-08,cumulative,all subpops,Age 4,new_H,baseline,0.956544244560474,0.33651621705838286,2.207022689103798
2025-09-09,cumulative,all subpops,Age 4,new_H,baseline,1.0984622938071764,0.3896378469511832,2.4953858741185857
2025-09-10,cumulative,all subpops,Age 4,new_H,baseline,1.2379006134654225,0.445014842796993,2.7799448564624507
2025-09-11,cumulative,all subpops,Age 4,new_H,baseline,1.3887319521739871,0.5042649716648242,3.0678328753329054
2025-09-12,cumulative,all subpops,Age 4,new_H,baseline,1.5383591546694309,0.5686171039441039,3.3711076442528416
2025-09-13,cumulative,all subpops,Age 4,new_H,baseline,1.7077504548200244,0.6416181046545918,3.70700664641073
2025-09-14,cumulative,all subpops,Age 4,new_H,baseline,1.8631737101598806,0.7142650766856884,4.04668456966612
2025-09-15,cumulative,all subpops,Age 4,new_H,baseline,2.009038092558157,0.7819354241452542,4.37001196326182
2025-09-16,cumulative,all subpops,Age 4,new_H,baseline,2.149260518517258,0.8513925886651641,4.6512715709400485
2025-09-17,cumulative,all subpops,Age 4,new_H,baseline,2.311138449245715,0.9234402893221266,4.984322309252293
2025-09-18,cumulative,all subpops,Age 4,new_H,baseline,2.4788709721368294,1.0030962039394067,5.258142577912029
2025-09-19,cumulative,all subpops,Age 4,new_H,baseline,2.647973866519008,1.0923842576965757,5.532716642659856
2025-09-20,cumulative,all subpops,Age 4,new_H,baseline,2.8150665038033296,1.179721969354461,5.850549466786807
2025-09-21,cumulative,all subpops,Age 4,new_H,baseline,2.9889708383366016,1.2741663106333807,6.138401664071395
2025-09-22,cumulative,all subpops,Age 4,new_H,baseline,3.1498929716991833,1.3517306309420551,6.408546238134791
2025-09-23,cumulative,all subpops,Age 4,new_H,baseline,3.297762155269924,1.4299244508911657,6.6538830753539795
2025-09-24,cumulative,all subpops,Age 4,new_H,baseline,3.447489351468568,1.5436752659618937,6.9347282563245685
2025-09-25,cumulative,all subpops,Age 4,new_H,baseline,3.598946887312031,1.645284695000164,7.221348433831
2025-09-26,cumulative,all subpops,Age 4,new_H,baseline,3.7492435781368574,1.7397385314305396,7.5054205400974086
2025-09-27,cumulative,all subpops,Age 4,new_H,baseline,3.893899743735597,1.8292267847638835,7.796727515422797
2025-09-28,cumulative,all subpops,Age 4,new_H,baseline,4.034575837450012,1.8971446713265705,8.096448692889037
2025-09-29,cumulative,all subpops,Age 4,new_H,baseline,4.181343874206135,1.9623324165724019,8.37554823713629
2025-09-30,cumulative,all subpops,Age 4,new_H,baseline,4.312874769277552,2.046903797689876,8.643827895724812
2025-10-01,cumulative,all subpops,Age 4,new_H,baseline,4.449638421525884,2.1344434271548582,8.866437030263425
2025-10-02,cumulative,all subpops,Age 4,new_H,baseline,4.577346920797792,2.2107835453526157,9.055237102046416
2025-10-03,cumulative,all subpops,Age 4,new_H,baseline,4.710102066896401,2.2778121464733854,9.26285453940602
2025-10-04,cumulative,all subpops,Age 4,new_H,baseline,4.846837059906673,2.345475461284869,9.4259360579103
2025-10-05,cumulative,all subpops,Age 4,new_H,baseline,4.970955676830952,2.4111694936327415,9.610159039774867
2025-10-06,cumulative,all subpops,Age 4,new_H,baseline,5.083490918564579,2.512276133782229,9.80560589417192
2025-10-07,cumulative,all subpops,Age 4,new_H,baseline,5.192763625321191,2.5801994088211107,9.992246438442029
2025-10-08,cumulative,all subpops,Age 4,new_H,baseline,5.292801536993776,2.652508223780221,10.175003544555764
2025-10-09,cumulative,all subpops,Age 4,new_H,baseline,5.435011364531262,2.7126686471639956,10.35697912506389
2025-10-10,cumulative,all subpops,Age 4,new_H,baseline,5.564846527369302,2.7923849568600763,10.538458484464469
2025-10-11,cumulative,all subpops,Age 4,new_H,baseline,5.710587698188071,2.8759700845660494,10.747828751482079
2025-10-12,cumulative,all subpops,Age 4,new_H,baseline,5.866927212191427,2.968095626953315,11.037868092893506
2025-10-13,cumulative,all subpops,Age 4,new_H,baseline,5.984173563797381,3.070657997431936,11.323057753751316
2025-10-14,cumulative,all subpops,Age 4,new_H,baseline,6.148760997607485,3.170502050492624,11.53677280665499
2025-10-15,cumulative,all subpops,Age 4,new_H,baseline,6.294055337415087,3.2555471950704424,11.702197927638773
2025-10-16,cumulative,all subpops,Age 4,new_H,baseline,6.446967353840787,3.355737351977322,11.895385889677343
2025-10-17,cumulative,all subpops,Age 4,new_H,baseline,6.5947956747640095,3.4684782674434684,12.14412594301478
2025-10-18,cumulative,all subpops,Age 4,new_H,baseline,6.781842021666157,3.5772388804728217,12.405781325993635
2025-10-19,cumulative,all subpops,Age 4,new_H,baseline,6.973156397673663,3.6885197062086608,12.666279045838062
2025-10-20,cumulative,all subpops,Age 4,new_H,baseline,7.128816365850138,3.8014947722093524,12.927600486542543
2025-10-21,cumulative,all subpops,Age 4,new_H,baseline,7.28331738036173,3.9281920224639255,13.231469059481729
2025-10-22,cumulative,all subpops,Age 4,new_H,baseline,7.472915542488649,4.047791043420841,13.509822604282851
2025-10-23,cumulative,all subpops,Age 4,new_H,baseline,7.700255071911694,4.15496049813287,13.784102473347916
2025-10-24,cumulative,all subpops,Age 4,new_H,baseline,7.94155935935993,4.28162106073491,14.079294719301794
2025-10-25,cumulative,all subpops,Age 4,new_H,baseline,8.222287020293972,4.4454315301190555,14.395885674232167
2025-10-26,cumulative,all subpops,Age 4,new_H,baseline,8.47691670562956,4.616807522039226,14.716684955028716
2025-10-27,cumulative,all subpops,Age 4,new_H,baseline,8.759983499162912,4.755513957911841,15.073416195904407
2025-10-28,cumulative,all subpops,Age 4,new_H,baseline,9.0208955736068,4.9154972646489234,15.502489495478024
2025-10-29,cumulative,all subpops,Age 4,new_H,baseline,9.287895623463205,5.1253441794755465,15.958834156889404
2025-10-30,cumulative,all subpops,Age 4,new_H,baseline,9.626919429608586,5.371050675143508,16.428086467466546
2025-10-31,cumulative,all subpops,Age 4,new_H,baseline,9.978923848268234,5.614871108756017,16.857277339081687
2025-11-01,cumulative,all subpops,Age 4,new_H,baseline,10.357598049816442,5.894065336628997,17.41316787917894
2025-11-02,cumulative,all subpops,Age 4,new_H,baseline,10.74022412375114,6.202985650225354,17.856309123513068
2025-11-03,cumulative,all subpops,Age 4,new_H,baseline,11.16545050835876,6.558583812076062,18.3469968173878
2025-11-04,cumulative,all subpops,Age 4,new_H,baseline,11.594480690813569,6.858743077256296,18.84879166001994
2025-11-05,cumulative,all subpops,Age 4,new_H,baseline,12.043451632296831,7.158577407479944,19.380843409293163
2025-11-06,cumulative,all subpops,Age 4,new_H,baseline,12.52713376738349,7.53458817677226,19.985501472812366
2025-11-07,cumulative,all subpops,Age 4,new_H,baseline,13.062462223745547,8.052121936621964,20.733377095263954
2025-11-08,cumulative,all subpops,Age 4,new_H,baseline,13.626617165293306,8.500709827569315,21.65631090919508
2025-11-09,cumulative,all subpops,Age 4,new_H,baseline,14.155876172746657,8.99559401646534,22.527909577667714
2025-11-10,cumulative,all subpops,Age 4,new_H,baseline,14.683327934578363,9.405511468774106,23.439972472458223
2025-11-11,cumulative,all subpops,Age 4,new_H,baseline,15.264839980823378,9.840742570806196,24.302361653894188
2025-11-12,cumulative,all subpops,Age 4,new_H,baseline,15.921961293432346,10.299748220764384,25.087053513615555
2025-11-13,cumulative,all subpops,Age 4,new_H,baseline,16.63413613386262,10.83067390978677,25.954505560278424
2025-11-14,cumulative,all subpops,Age 4,new_H,baseline,17.43837353725925,11.339128312298257,26.795903317106855
2025-11-15,cumulative,all subpops,Age 4,new_H,baseline,18.251401649449125,11.856271851982195,27.915074877740285
2025-11-16,cumulative,all subpops,Age 4,new_H,baseline,19.128938490804625,12.381263842571911,28.9360348335725
2025-11-17,cumulative,all subpops,Age 4,new_H,baseline,19.96561517308121,12.983849784516014,30.023223888757123
2025-11-18,cumulative,all subpops,Age 4,new_H,baseline,20.940746892221444,13.623031856777416,31.38250884434923
2025-11-19,cumulative,all subpops,Age 4,new_H,baseline,21.911224254429698,14.36941250881514,32.873938590846464
2025-11-20,cumulative,all subpops,Age 4,new_H,baseline,23.067037302694906,15.26176741799079,34.48345107292973
2025-11-21,cumulative,all subpops,Age 4,new_H,baseline,24.275190995075075,16.1221730035987,36.165337624999026
2025-11-22,cumulative,all subpops,Age 4,new_H,baseline,25.532814756200892,17.112081961076978,38.01667499072955
2025-11-23,cumulative,all subpops,Age 4,new_H,baseline,26.940692570058687,18.37929282079067,39.72927780765892
2025-11-24,cumulative,all subpops,Age 4,new_H,baseline,28.34195228319182,19.475669072352225,41.538771947659974
2025-11-25,cumulative,all subpops,Age 4,new_H,baseline,29.900715047445726,20.656059631911855,43.560899622866565
2025-11-26,cumulative,all subpops,Age 4,new_H,baseline,31.387474595379505,21.944311561324042,45.46088218431701
2025-11-27,cumulative,all subpops,Age 4,new_H,baseline,33.289399222797954,23.381770283155387,47.63825996915859
2025-11-28,cumulative,all subpops,Age 4,new_H,baseline,35.057974932410765,24.76545560666137,49.89206665197466
2025-11-29,cumulative,all subpops,Age 4,new_H,baseline,37.080536550499595,26.13971323682362,52.18537220526334
2025-11-30,cumulative,all subpops,Age 4,new_H,baseline,38.97254978616405,27.548710989910052,54.124133562857196
2025-12-01,cumulative,all subpops,Age 4,new_H,baseline,40.98713609705323,28.975051890115882,56.50696470146864
2025-12-02,cumulative,all subpops,Age 4,new_H,baseline,42.924872318443356,30.458364668559913,59.111914240785374
2025-12-03,cumulative,all subpops,Age 4,new_H,baseline,45.13831228915136,32.21754880841591,61.99370305565011
2025-12-04,cumulative,all subpops,Age 4,new_H,baseline,47.55472589728487,34.20391615576668,65.32293682818604
2025-12-05,cumulative,all subpops,Age 4,new_H,baseline,50.66896728836814,36.50278473910332,69.02944534301251
2025-12-06,cumulative,all subpops,Age 4,new_H,baseline,54.11502723064027,39.021740154529155,73.25007857235985
2025-12-07,cumulative,all subpops,Age 4,new_H,baseline,57.69342729543054,41.80024736994338,78.2831263644751
2025-12-08,cumulative,all subpops,Age 4,new_H,baseline,61.47462044606724,44.666667438831176,83.03267744824456
2025-12-09,cumulative,all subpops,Age 4,new_H,baseline,65.5922189780312,47.83488407203293,87.98589724020668
2025-12-10,cumulative,all subpops,Age 4,new_H,baseline,70.30709307148628,51.46213644347672,93.42915721692303
2025-12-11,cumulative,all subpops,Age 4,new_H,baseline,75.7536657721383,55.42212902341378,99.64046717376529
2025-12-12,cumulative,all subpops,Age 4,new_H,baseline,81.97756409390604,59.9364437784655,106.99820775630086
2025-12-13,cumulative,all subpops,Age 4,new_H,baseline,88.89805464030519,65.7734578395485,115.86204961336544
2025-12-14,cumulative,all subpops,Age 4,new_H,baseline,96.41215538081595,71.36837852673108,124.85148300187821
2025-12-15,cumulative,all subpops,Age 4,new_H,baseline,103.72857998349834,77.2445714106136,134.7793364358301
2025-12-16,cumulative,all subpops,Age 4,new_H,baseline,112.28780009144666,84.19143529654713,145.12621605970872
2025-12-17,cumulative,all subpops,Age 4,new_H,baseline,121.9767469819058,92.35545572483218,156.49114055230234
2025-12-18,cumulative,all subpops,Age 4,new_H,baseline,132.95616076026613,101.31065801309308,170.03142488576003
2025-12-19,cumulative,all subpops,Age 4,new_H,baseline,145.95323879220018,112.15288979306322,185.9194604200681
2025-12-20,cumulative,all subpops,Age 4,new_H,baseline,160.46588204106496,123.77648429758435,204.14264123597582
2025-12-21,cumulative,all subpops,Age 4,new_H,baseline,175.9563989528268,135.7609171179782,222.45357715981714
2025-12-22,cumulative,all subpops,Age 4,new_H,baseline,191.7605478934046,148.33406128056095,241.66279922441095
2025-12-23,cumulative,all subpops,Age 4,new_H,baseline,208.68658494246668,161.9244104728156,261.56018733831667
2025-12-24,cumulative,all subpops,Age 4,new_H,baseline,226.71808173564366,175.963480721022,283.62543563108886
2025-12-25,cumulative,all subpops,Age 4,new_H,baseline,245.79117126071228,190.99809799493238,305.44287505041376
2025-12-26,cumulative,all subpops,Age 4,new_H,baseline,266.0832558139218,207.61048873352115,328.3054923395064
2025-12-27,cumulative,all subpops,Age 4,new_H,baseline,286.8723390872837,224.3415648982343,353.4571411422235
2025-12-28,cumulative,all subpops,Age 4,new_H,baseline,306.81537664671924,241.92065314562888,379.27936401809694
2025-12-29,cumulative,all subpops,Age 4,new_H,baseline,325.96433523757014,258.11702253419054,402.82362969812374
2025-12-30,cumulative,all subpops,Age 4,new_H,baseline,344.9417364210597,273.82458765299674,425.3959159869752
2025-12-31,cumulative,all subpops,Age 4,new_H,baseline,363.6245786779153,289.57988319963204,447.9781959356314
2026-01-01,cumulative,all subpops,Age 4,new_H,baseline,381.8744437323898,305.34863335716085,470.30359225878425
2026-01-02,cumulative,all subpops,Age 4,new_H,baseline,399.69638867663303,320.55880696347697,491.20307795077935
2026-01-03,cumulative,all subpops,Age 4,new_H,baseline,416.89151041183845,333.70177832247674,511.1638424208122
2026-01-04,cumulative,all subpops,Age 4,new_H,baseline,433.07461116680315,346.06022010746153,529.7137184650369
2026-01-05,cumulative,all subpops,Age 4,new_H,baseline,447.8629461239402,358.2542163554542,546.6136235951856
2026-01-06,cumulative,all subpops,Age 4,new_H,baseline,461.9385163114394,370.0710932929945,562.9108573546597
2026-01-07,cumulative,all subpops,Age 4,new_H,baseline,475.53946692804504,381.464169533044,578.661859212999
2026-01-08,cumulative,all subpops,Age 4,new_H,baseline,488.5841845820411,393.0419649702292,593.7565432605169
2026-01-09,cumulative,all subpops,Age 4,new_H,baseline,500.8571188349762,404.7077650003519,607.982911637455
2026-01-10,cumulative,all subpops,Age 4,new_H,baseline,512.7254587469987,416.02031725447625,622.7761749288463
2026-01-11,cumulative,all subpops,Age 4,new_H,baseline,523.9807117807171,426.2581309516036,637.2061547543912
2026-01-12,cumulative,all subpops,Age 4,new_H,baseline,534.0860768338598,435.1776602571563,648.9977932637842
2026-01-13,cumulative,all subpops,Age 4,new_H,baseline,543.4339912174282,442.61307313245226,660.4086764292838
2026-01-14,cumulative,all subpops,Age 4,new_H,baseline,551.9914503828043,449.80027604525617,671.5150449879612
2026-01-15,cumulative,all subpops,Age 4,new_H,baseline,560.4358094267442,457.0317375284737,680.9239054107069
2026-01-16,cumulative,all subpops,Age 4,new_H,baseline,568.2605904898891,463.7737418112684,689.6798991782584
2026-01-17,cumulative,all subpops,Age 4,new_H,baseline,576.0402025824574,470.0960265783311,698.2521012319453
2026-01-18,cumulative,all subpops,Age 4,new_H,baseline,583.5997389263581,475.9303347914942,706.8886404356093
2026-01-19,cumulative,all subpops,Age 4,new_H,baseline,589.9565160331166,481.0175754900733,713.6251437575453
2026-01-20,cumulative,all subpops,Age 4,new_H,baseline,595.7815302506892,485.66898772728655,720.7663929331436
2026-01-21,cumulative,all subpops,Age 4,new_H,baseline,601.4246859984281,490.065441257952,728.2586503876703
2026-01-22,cumulative,all subpops,Age 4,new_H,baseline,606.9206619799115,494.2942071034614,734.7488882658799
2026-01-23,cumulative,all subpops,Age 4,new_H,baseline,612.2407180301703,498.3764208634825,740.7333275901609
2026-01-24,cumulative,all subpops,Age 4,new_H,baseline,617.2725751203452,502.30803772295485,746.823283566665
2026-01-25,cumulative,all subpops,Age 4,new_H,baseline,622.081277529489,505.9596231161909,751.7997066461589
2026-01-26,cumulative,all subpops,Age 4,new_H,baseline,626.2448845214292,509.3377988240988,756.7087460531769
2026-01-27,cumulative,all subpops,Age 4,new_H,baseline,630.2992094130968,512.6106340192042,761.3475684334461
2026-01-28,cumulative,all subpops,Age 4,new_H,baseline,633.8741304827495,515.739452098651,765.6854056549325
2026-01-29,cumulative,all subpops,Age 4,new_H,baseline,637.6650060807345,518.7656405572302,769.8406000597033
2026-01-30,cumulative,all subpops,Age 4,new_H,baseline,641.8181899092132,521.7052538209828,773.8412368634096
2026-01-31,cumulative,all subpops,Age 4,new_H,baseline,644.481268481594,524.5464605105154,777.6776436168789
2026-02-01,cumulative,all subpops,Age 4,new_H,baseline,647.3754479966561,527.1831708420971,781.7126793928968
2026-02-02,cumulative,all subpops,Age 4,new_H,baseline,650.3838378720852,529.5652842708472,785.5470008992822
2026-02-03,cumulative,all subpops,Age 4,new_H,baseline,652.748654685877,531.766301469515,789.0362482394876
2026-02-04,cumulative,all subpops,Age 4,new_H,baseline,655.0756094924396,533.8487645940427,792.2782589548655
2026-02-05,cumulative,all subpops,Age 4,new_H,baseline,657.5414278806558,535.8456484100857,795.3305143073316
2026-02-06,cumulative,all subpops,Age 4,new_H,baseline,660.332329962368,537.7759077035457,798.2298590688641
2026-02-07,cumulative,all subpops,Age 4,new_H,baseline,662.7580815617204,539.6370306322551,800.8387968944777
2026-02-08,cumulative,all subpops,Age 4,new_H,baseline,664.7342430024381,541.2712852439889,803.1741738730524
2026-02-09,cumulative,all subpops,Age 4,new_H,baseline,666.5130448099017,542.7506242045392,805.199270756147
2026-02-10,cumulative,all subpops,Age 4,new_H,baseline,668.3973719924105,544.1592368027962,807.084423518523
2026-02-11,cumulative,all subpops,Age 4,new_H,baseline,670.0685359556552,545.5443952128375,808.8872400311249
2026-02-12,cumulative,all subpops,Age 4,new_H,baseline,671.6507353208419,546.9283556311975,810.6323972441077
2026-02-13,cumulative,all subpops,Age 4,new_H,baseline,673.1255534211656,548.3276622577494,812.3387116981152
2026-02-14,cumulative,all subpops,Age 4,new_H,baseline,674.9532877073275,549.7437542535337,814.0089069217616
2026-02-15,cumulative,all subpops,Age 4,new_H,baseline,676.4069246176682,551.1136319264479,815.7537455535003
2026-02-16,cumulative,all subpops,Age 4,new_H,baseline,678.0466059680151,552.4042545942933,817.5672039667523
2026-02-17,cumulative,all subpops,Age 4,new_H,baseline,679.2551379868172,553.5203095633518,819.0903592921778
2026-02-18,cumulative,all subpops,Age 4,new_H,baseline,680.6728236787167,554.5649619515617,820.6099739705752
2026-02-19,cumulative,all subpops,Age 4,new_H,baseline,682.0881090404599,555.5651946564835,822.127091748847
2026-02-20,cumulative,all subpops,Age 4,new_H,baseline,683.5067538575659,556.5273521405779,823.5662564565858
2026-02-21,cumulative,all subpops,Age 4,new_H,baseline,684.8478078682223,557.4487736145712,824.9296602128985
2026-02-22,cumulative,all subpops,Age 4,new_H,baseline,686.096484678641,558.3031869670384,826.358483103914
2026-02-23,cumulative,all subpops,Age 4,new_H,baseline,687.2422647455834,559.0825442907637,827.8615599610216
2026-02-24,cumulative,all subpops,Age 4,new_H,baseline,688.4201466192055,559.8221134656304,829.3022576529821
2026-02-25,cumulative,all subpops,Age 4,new_H,baseline,689.8195010013512,560.5502460535811,830.7369080850257
2026-02-26,cumulative,all subpops,Age 4,new_H,baseline,691.2342630966087,561.2776724472271,832.08604485834
2026-02-27,cumulative,all subpops,Age 4,new_H,baseline,692.666811872383,562.0088651267143,833.4504295632042
2026-02-28,cumulative,all subpops,Age 4,new_H,baseline,694.1048629400543,562.7410860385367,834.8416414954248
2026-03-01,cumulative,all subpops,Age 4,new_H,baseline,695.4779021261238,563.4405821973212,836.1916983974342
2026-03-02,cumulative,all subpops,Age 4,new_H,baseline,696.7510975105281,564.0920406875947,837.4704076893066
2026-03-03,cumulative,all subpops,Age 4,new_H,baseline,697.8160944613758,564.7239091666515,838.7425088108554
2026-03-04,cumulative,all subpops,Age 4,new_H,baseline,698.9057387110443,565.354856096299,840.0473535985323
2026-03-05,cumulative,all subpops,Age 4,new_H,baseline,700.2297061835189,565.990643025577,841.3939505862844
2026-03-06,cumulative,all subpops,Age 4,new_H,baseline,701.3523563629639,566.6331769750313,842.7824864207644
2026-03-07,cumulative,all subpops,Age 4,new_H,baseline,702.469856231309,567.2775843425328,844.1974878359853
2026-03-08,cumulative,all subpops,Age 4,new_H,baseline,703.5294354955761,567.8932824949594,845.5639616466514
2026-03-09,cumulative,all subpops,Age 4,new_H,baseline,704.5040231609407,568.5446138674171,846.8413716408542
2026-03-10,cumulative,all subpops,Age 4,new_H,baseline,705.4245049138248,569.1658537661015,848.0721362865539
2026-03-11,cumulative,all subpops,Age 4,new_H,baseline,706.3064561572833,569.7726887093708,849.2869278874241
2026-03-12,cumulative,all subpops,Age 4,new_H,baseline,707.0972227987169,570.3717116870804,850.4933344982876
2026-03-13,cumulative,all subpops,Age 4,new_H,baseline,708.0655743236923,570.9682866344818,851.6976372356215
2026-03-14,cumulative,all subpops,Age 4,new_H,baseline,708.8502961645612,571.563570668903,852.8988425535275
2026-03-15,cumulative,all subpops,Age 4,new_H,baseline,709.623889230672,572.1321812762741,854.0435257661587
2026-03-16,cumulative,all subpops,Age 4,new_H,baseline,710.5326233715806,572.6606764191272,855.0360869030927
2026-03-17,cumulative,all subpops,Age 4,new_H,baseline,711.4292382868068,573.1652955589863,855.9448200542645
2026-03-18,cumulative,all subpops,Age 4,new_H,baseline,712.3089316059421,573.6646712044185,856.8246927413115
2026-03-19,cumulative,all subpops,Age 4,new_H,baseline,713.1953133064254,574.1709290085709,857.6967908126907
2026-03-20,cumulative,all subpops,Age 4,new_H,baseline,713.8137881040337,574.6877857902581,858.5678448489394
2026-03-21,cumulative,all subpops,Age 4,new_H,baseline,714.4086195147148,575.2347197920318,859.7519977747315
2026-03-22,cumulative,all subpops,Age 4,new_H,baseline,714.9920145299733,575.8443126042285,861.1418505174712
2026-03-23,cumulative,all subpops,Age 4,new_H,baseline,715.5473850505239,576.4144098911751,862.4371671248216
2026-03-24,cumulative,all subpops,Age 4,new_H,baseline,716.1001756801603,576.9698815880037,863.4154241272511
2026-03-25,cumulative,all subpops,Age 4,new_H,baseline,716.8825216550936,577.6255660061447,864.2036932692148
2026-03-26,cumulative,all subpops,Age 4,new_H,baseline,717.9289533400938,578.2895171998041,865.0065418181836
2026-03-27,cumulative,all subpops,Age 4,new_H,baseline,718.9576680060525,578.9591381758662,865.8258580457656
2026-03-28,cumulative,all subpops,Age 4,new_H,baseline,719.963681856438,579.6317186447109,866.6597082299768
2026-03-29,cumulative,all subpops,Age 4,new_H,baseline,720.6903373238929,580.2806306953615,867.472095095679
2026-03-30,cumulative,all subpops,Age 4,new_H,baseline,721.2750193496938,580.9637955027879,868.2435202679654
2026-03-31,cumulative,all subpops,Age 4,new_H,baseline,721.832856772802,581.6662216018475,868.9500347772108
2026-04-01,cumulative,all subpops,Age 4,new_H,baseline,722.3777798124789,582.352328421429,869.5879284626878
2026-04-02,cumulative,all subpops,Age 4,new_H,baseline,722.9171688145698,583.0256463936646,870.236019271387
2026-04-03,cumulative,all subpops,Age 4,new_H,baseline,723.4578469623563,583.6929923812593,870.8412868493012
2026-04-04,cumulative,all subpops,Age 4,new_H,baseline,724.2488484482427,584.3479368527618,871.3871245264415
2026-04-05,cumulative,all subpops,Age 4,new_H,baseline,724.8226987501288,584.9622745754031,871.9092049052134
2026-04-06,cumulative,all subpops,Age 4,new_H,baseline,725.2408054175821,585.5236398980204,872.3955309683352
2026-04-07,cumulative,all subpops,Age 4,new_H,baseline,725.8227170729978,586.0565400363245,872.8708185210504
2026-04-08,cumulative,all subpops,Age 4,new_H,baseline,726.4930097663731,586.5793048043384,873.5825846966693
2026-04-09,cumulative,all subpops,Age 4,new_H,baseline,727.1893932720299,587.1003363512857,874.2926168407035
2026-04-10,cumulative,all subpops,Age 4,new_H,baseline,727.8942412100748,587.6196412001075,875.0011302318109
2026-04-11,cumulative,all subpops,Age 4,new_H,baseline,728.6597164779424,588.1286693541124,875.6976617266199
2026-04-12,cumulative,all subpops,Age 4,new_H,baseline,729.3796196608545,588.6052949030467,876.3515746890429
2026-04-13,cumulative,all subpops,Age 4,new_H,baseline,729.9462164261435,589.0393353325727,876.9484205333456
2026-04-14,cumulative,all subpops,Age 4,new_H,baseline,730.4681672422925,589.4420781956069,877.473796684656
2026-04-15,cumulative,all subpops,Age 4,new_H,baseline,730.9975356866125,589.8622476676345,878.1284392615738
2026-04-16,cumulative,all subpops,Age 4,new_H,baseline,731.4634751769551,590.2606528643992,878.7906291123269
2026-04-17,cumulative,all subpops,Age 4,new_H,baseline,731.8345379733231,590.6394068087421,879.4401266949832
2026-04-18,cumulative,all subpops,Age 4,new_H,baseline,732.1924172073445,590.9988270359604,880.0736544308062
2026-04-19,cumulative,all subpops,Age 4,new_H,baseline,732.525306317615,591.3291084221809,880.6673987221789
2026-04-20,cumulative,all subpops,Age 4,new_H,baseline,732.828407794073,591.6271303106334,881.2104193836569
2026-04-21,cumulative,all subpops,Age 4,new_H,baseline,733.1458392650125,591.9039345503716,881.7184775087616
2026-04-22,cumulative,all subpops,Age 4,new_H,baseline,733.7676279233295,592.1680915262363,882.2041699278725
2026-04-23,cumulative,all subpops,Age 4,new_H,baseline,734.4064427673886,592.4217090307956,882.6704782397485
2026-04-24,cumulative,all subpops,Age 4,new_H,baseline,735.0614021897674,592.6655277256483,883.044737336677
2026-04-25,cumulative,all subpops,Age 4,new_H,baseline,735.4664172359243,592.8996789028074,883.3542077831204
2026-04-26,cumulative,all subpops,Age 4,new_H,baseline,735.7222234535604,593.1175395421516,883.5847195952118
2026-04-27,cumulative,all subpops,Age 4,new_H,baseline,735.9518564455619,593.3164489585329,883.7889049206725
2026-04-28,cumulative,all subpops,Age 4,new_H,baseline,736.1631710140039,593.5045383712284,883.9739297384556
2026-04-29,cumulative,all subpops,Age 4,new_H,baseline,736.3624669295631,593.688164240435,884.1458896409781
2026-04-30,cumulative,all subpops,Age 4,new_H,baseline,736.5524172080626,593.8696909022974,884.3079303243034
2026-05-01,cumulative,all subpops,Age 4,new_H,baseline,736.8181684407415,594.0501464267716,884.4620716115214
2026-05-02,cumulative,all subpops,Age 4,new_H,baseline,737.1111151100416,594.2296885513208,884.6094447816805
2026-05-03,cumulative,all subpops,Age 4,new_H,baseline,737.3793648375937,594.4007847773725,884.745804462133
2026-05-04,cumulative,all subpops,Age 4,new_H,baseline,737.6185180070977,594.5601959529781,884.8523448222521
2026-05-05,cumulative,all subpops,Age 4,new_H,baseline,737.9752003778653,594.7140048948703,884.9503080777766
2026-05-06,cumulative,all subpops,Age 4,new_H,baseline,738.4356317782074,594.8658271817513,885.0426769163602
2026-05-07,cumulative,all subpops,Age 4,new_H,baseline,738.5172002833154,595.0171867223872,885.1311818466872
2026-05-08,cumulative,all subpops,Age 4,new_H,baseline,738.591916113486,595.1708017902727,885.2179294091244
2025-09-01,cumulative,all subpops,Age 5,new_H,baseline,0.04907106968288645,0.016387768852864294,0.10972687633788775
2025-09-02,cumulative,all subpops,Age 5,new_H,baseline,0.1672217263497334,0.05592873951730134,0.3733855875940223
2025-09-03,cumulative,all subpops,Age 5,new_H,baseline,0.3148139489318914,0.10570802282633329,0.7010356075620917
2025-09-04,cumulative,all subpops,Age 5,new_H,baseline,0.4760373854133215,0.16055376754834325,1.0566826267954341
2025-09-05,cumulative,all subpops,Age 5,new_H,baseline,0.6439944687690125,0.2184334973808001,1.4248518692686258
2025-09-06,cumulative,all subpops,Age 5,new_H,baseline,0.819996675769415,0.2783137468933464,1.7955951307202453
2025-09-07,cumulative,all subpops,Age 5,new_H,baseline,0.9834028334337499,0.3371312507136449,2.151943223185579
2025-09-08,cumulative,all subpops,Age 5,new_H,baseline,1.142660502049854,0.39297043952314004,2.482269598349163
2025-09-09,cumulative,all subpops,Age 5,new_H,baseline,1.2921025620507582,0.4502864606961247,2.804512970113177
2025-09-10,cumulative,all subpops,Age 5,new_H,baseline,1.4546219788189911,0.5102768123061068,3.124608807271055
2025-09-11,cumulative,all subpops,Age 5,new_H,baseline,1.6078349471608666,0.573715556761154,3.4428269694680584
2025-09-12,cumulative,all subpops,Age 5,new_H,baseline,1.7752149565538817,0.6416643646932331,3.7749174968172707
2025-09-13,cumulative,all subpops,Age 5,new_H,baseline,1.9482448945926878,0.7142343677177093,4.051102652291586
2025-09-14,cumulative,all subpops,Age 5,new_H,baseline,2.11500454412956,0.7880478847688376,4.35162180639374
2025-09-15,cumulative,all subpops,Age 5,new_H,baseline,2.2702614491054054,0.861372423473169,4.651815567937626
2025-09-16,cumulative,all subpops,Age 5,new_H,baseline,2.417197723647585,0.9374159450854994,4.933563833300958
2025-09-17,cumulative,all subpops,Age 5,new_H,baseline,2.569797524323823,1.012360229149802,5.208839875763976
2025-09-18,cumulative,all subpops,Age 5,new_H,baseline,2.738922676632242,1.0856028499580472,5.516971714343977
2025-09-19,cumulative,all subpops,Age 5,new_H,baseline,2.9063708388294422,1.1489714091503862,5.793066578095774
2025-09-20,cumulative,all subpops,Age 5,new_H,baseline,3.0675394377735223,1.2247020497261627,6.087425586760667
2025-09-21,cumulative,all subpops,Age 5,new_H,baseline,3.2319324506265765,1.3162778671244033,6.359383967619654
2025-09-22,cumulative,all subpops,Age 5,new_H,baseline,3.3852291099486953,1.3942752476426556,6.65382768314293
2025-09-23,cumulative,all subpops,Age 5,new_H,baseline,3.5494259197788067,1.4726031998807376,6.95587054744784
2025-09-24,cumulative,all subpops,Age 5,new_H,baseline,3.7189956351097337,1.5526328882590301,7.257594269590683
2025-09-25,cumulative,all subpops,Age 5,new_H,baseline,3.879150139902673,1.6488251660818969,7.548719375664839
2025-09-26,cumulative,all subpops,Age 5,new_H,baseline,4.044889440415316,1.7241600413556044,7.8109338529147845
2025-09-27,cumulative,all subpops,Age 5,new_H,baseline,4.189475524898031,1.8128730880574258,8.088882765170943
2025-09-28,cumulative,all subpops,Age 5,new_H,baseline,4.34628231340451,1.8857055984845654,8.319599558548726
2025-09-29,cumulative,all subpops,Age 5,new_H,baseline,4.466522542592689,1.9459491302358574,8.549336703448226
2025-09-30,cumulative,all subpops,Age 5,new_H,baseline,4.566555172314686,2.0038868505246152,8.780237969513612
2025-10-01,cumulative,all subpops,Age 5,new_H,baseline,4.6896666663661115,2.0612461878715287,8.99996726389896
2025-10-02,cumulative,all subpops,Age 5,new_H,baseline,4.832113104280934,2.1304637304299203,9.187298305807738
2025-10-03,cumulative,all subpops,Age 5,new_H,baseline,4.970186174553786,2.219120748093394,9.414222760777282
2025-10-04,cumulative,all subpops,Age 5,new_H,baseline,5.093157340609431,2.318703274416871,9.623281138062419
2025-10-05,cumulative,all subpops,Age 5,new_H,baseline,5.204036193579468,2.3822479167546162,9.910070285248747
2025-10-06,cumulative,all subpops,Age 5,new_H,baseline,5.333215147157398,2.4596367938855366,10.185881931563292
2025-10-07,cumulative,all subpops,Age 5,new_H,baseline,5.471362455620133,2.5626669458879032,10.459510629065525
2025-10-08,cumulative,all subpops,Age 5,new_H,baseline,5.564706429258518,2.6254581267650354,10.734000349881594
2025-10-09,cumulative,all subpops,Age 5,new_H,baseline,5.69141190597292,2.6850985485281984,10.973038321470215
2025-10-10,cumulative,all subpops,Age 5,new_H,baseline,5.827651088592343,2.7571545807587756,11.134889310804438
2025-10-11,cumulative,all subpops,Age 5,new_H,baseline,5.965859840989726,2.8346452373834414,11.306016172178664
2025-10-12,cumulative,all subpops,Age 5,new_H,baseline,6.128334797093582,2.9131709811716737,11.47843786519955
2025-10-13,cumulative,all subpops,Age 5,new_H,baseline,6.2757383730953045,2.964408002734903,11.647664672515956
2025-10-14,cumulative,all subpops,Age 5,new_H,baseline,6.40398147563631,3.069807925479707,11.819676363251666
2025-10-15,cumulative,all subpops,Age 5,new_H,baseline,6.5677691342715345,3.200282575241313,12.057342758087165
2025-10-16,cumulative,all subpops,Age 5,new_H,baseline,6.701581249201488,3.3142728433717954,12.30829344913867
2025-10-17,cumulative,all subpops,Age 5,new_H,baseline,6.839415382580342,3.4163093456373477,12.574824377905175
2025-10-18,cumulative,all subpops,Age 5,new_H,baseline,7.023077231760816,3.5481288427661437,12.82937064728764
2025-10-19,cumulative,all subpops,Age 5,new_H,baseline,7.190659903143598,3.6716169778748085,13.079848805576125
2025-10-20,cumulative,all subpops,Age 5,new_H,baseline,7.373056147908152,3.789013930753189,13.367264586180774
2025-10-21,cumulative,all subpops,Age 5,new_H,baseline,7.564185493504225,3.910745553743892,13.655315532961403
2025-10-22,cumulative,all subpops,Age 5,new_H,baseline,7.712936460072779,4.028071936170966,13.953915754376254
2025-10-23,cumulative,all subpops,Age 5,new_H,baseline,7.931226562661718,4.162111224892241,14.241917391685666
2025-10-24,cumulative,all subpops,Age 5,new_H,baseline,8.165929604874345,4.294463112321622,14.563045855379068
2025-10-25,cumulative,all subpops,Age 5,new_H,baseline,8.427775236094812,4.453209034934343,15.022652906222362
2025-10-26,cumulative,all subpops,Age 5,new_H,baseline,8.678213903121772,4.641203470522209,15.482882945823816
2025-10-27,cumulative,all subpops,Age 5,new_H,baseline,8.930904835629107,4.792633489429809,15.933972860323987
2025-10-28,cumulative,all subpops,Age 5,new_H,baseline,9.205833095604246,4.979458249854987,16.388786166684202
2025-10-29,cumulative,all subpops,Age 5,new_H,baseline,9.475840649356947,5.146794218338554,16.874046465088636
2025-10-30,cumulative,all subpops,Age 5,new_H,baseline,9.819413513617745,5.390113774082432,17.381192173038215
2025-10-31,cumulative,all subpops,Age 5,new_H,baseline,10.196469208336763,5.6187350930696764,17.914914224638043
2025-11-01,cumulative,all subpops,Age 5,new_H,baseline,10.634970337294424,5.845848927454631,18.52080771712252
2025-11-02,cumulative,all subpops,Age 5,new_H,baseline,11.074834956479652,6.152521152968444,19.088362713418192
2025-11-03,cumulative,all subpops,Age 5,new_H,baseline,11.494492990380206,6.442985611246531,19.59091943057193
2025-11-04,cumulative,all subpops,Age 5,new_H,baseline,11.869050423822786,6.756821330438776,20.052816766118006
2025-11-05,cumulative,all subpops,Age 5,new_H,baseline,12.290070144442574,7.093264321806731,20.828074526847058
2025-11-06,cumulative,all subpops,Age 5,new_H,baseline,12.731262879235953,7.433466719111836,21.53216616372313
2025-11-07,cumulative,all subpops,Age 5,new_H,baseline,13.301967375473444,7.81568529183366,22.128892285402166
2025-11-08,cumulative,all subpops,Age 5,new_H,baseline,13.893887128781465,8.217820845688209,23.07578660393445
2025-11-09,cumulative,all subpops,Age 5,new_H,baseline,14.463133603842321,8.610007089399595,23.75935300127645
2025-11-10,cumulative,all subpops,Age 5,new_H,baseline,15.136563248377986,9.007373641137624,24.762893098871835
2025-11-11,cumulative,all subpops,Age 5,new_H,baseline,15.777744568100776,9.44723689917892,25.832334666257932
2025-11-12,cumulative,all subpops,Age 5,new_H,baseline,16.36239360055972,9.881658115958501,26.956739224198785
2025-11-13,cumulative,all subpops,Age 5,new_H,baseline,17.007190945726435,10.341862236615768,28.15495558028679
2025-11-14,cumulative,all subpops,Age 5,new_H,baseline,17.808704263741156,10.899918144329023,29.122726273698287
2025-11-15,cumulative,all subpops,Age 5,new_H,baseline,18.553986328982138,11.470879173728255,30.16366998346829
2025-11-16,cumulative,all subpops,Age 5,new_H,baseline,19.4994031026861,12.142479530072176,31.525047801852917
2025-11-17,cumulative,all subpops,Age 5,new_H,baseline,20.349057067589023,12.825422634864717,32.869487283481924
2025-11-18,cumulative,all subpops,Age 5,new_H,baseline,21.30414567897583,13.547339332990706,34.258645962202586
2025-11-19,cumulative,all subpops,Age 5,new_H,baseline,22.352888261223764,14.251455278515692,35.702582277166314
2025-11-20,cumulative,all subpops,Age 5,new_H,baseline,23.421623465518316,15.056705293613492,37.25154309746926
2025-11-21,cumulative,all subpops,Age 5,new_H,baseline,24.504800631525306,15.954158072251166,38.822393246304
2025-11-22,cumulative,all subpops,Age 5,new_H,baseline,25.805835665603027,16.99154821197177,40.18554227748044
2025-11-23,cumulative,all subpops,Age 5,new_H,baseline,27.064544040323852,18.0255837014303,41.56523314744421
2025-11-24,cumulative,all subpops,Age 5,new_H,baseline,28.447557245634346,19.189689163557706,42.97404445095756
2025-11-25,cumulative,all subpops,Age 5,new_H,baseline,29.88080380476903,20.30355980845407,44.81646195792133
2025-11-26,cumulative,all subpops,Age 5,new_H,baseline,31.444591117121938,21.468164929559553,46.76190273157872
2025-11-27,cumulative,all subpops,Age 5,new_H,baseline,33.11235362964949,22.765586510379283,48.83332037925269
2025-11-28,cumulative,all subpops,Age 5,new_H,baseline,35.01338757459484,24.1604889450955,50.90154757438031
2025-11-29,cumulative,all subpops,Age 5,new_H,baseline,36.823420644204596,25.633874099952376,52.93427514835361
2025-11-30,cumulative,all subpops,Age 5,new_H,baseline,38.76638532649232,27.171216193201644,55.26507845434148
2025-12-01,cumulative,all subpops,Age 5,new_H,baseline,40.74823471226065,28.735072456683252,57.591279596610626
2025-12-02,cumulative,all subpops,Age 5,new_H,baseline,42.965639744969174,30.386322412686805,59.89075000114994
2025-12-03,cumulative,all subpops,Age 5,new_H,baseline,45.272778471834016,32.20850171801966,63.132026743917116
2025-12-04,cumulative,all subpops,Age 5,new_H,baseline,47.81332917073336,34.36956070218506,67.13079357518603
2025-12-05,cumulative,all subpops,Age 5,new_H,baseline,50.66008766067973,36.84324042714191,70.89833093239625
2025-12-06,cumulative,all subpops,Age 5,new_H,baseline,53.95106585039655,39.532973149699274,75.00891505764808
2025-12-07,cumulative,all subpops,Age 5,new_H,baseline,57.49719535753364,42.23532717145796,79.07289662741344
2025-12-08,cumulative,all subpops,Age 5,new_H,baseline,61.130480882574545,44.926986678733584,83.70851717103282
2025-12-09,cumulative,all subpops,Age 5,new_H,baseline,65.03351155332429,48.12794284747251,88.79984653641488
2025-12-10,cumulative,all subpops,Age 5,new_H,baseline,69.55431982252048,51.9690675826574,94.44473662775891
2025-12-11,cumulative,all subpops,Age 5,new_H,baseline,74.82726590970987,56.10420983798453,101.88545773034664
2025-12-12,cumulative,all subpops,Age 5,new_H,baseline,80.59848040627445,60.99991902860298,109.3222886185232
2025-12-13,cumulative,all subpops,Age 5,new_H,baseline,87.23413412122896,66.6127732695197,118.8420036123025
2025-12-14,cumulative,all subpops,Age 5,new_H,baseline,94.26994214483581,72.14684221450008,128.26532574629985
2025-12-15,cumulative,all subpops,Age 5,new_H,baseline,101.62365469427701,77.98097208358286,138.00385401372245
2025-12-16,cumulative,all subpops,Age 5,new_H,baseline,109.70044389680127,84.71959337316378,148.96384946606463
2025-12-17,cumulative,all subpops,Age 5,new_H,baseline,119.17932579901482,92.27044697288677,160.55430265335545
2025-12-18,cumulative,all subpops,Age 5,new_H,baseline,130.04455557124393,101.36379926856596,173.22828906730507
2025-12-19,cumulative,all subpops,Age 5,new_H,baseline,142.46858960924868,111.54797907059547,189.02433387715013
2025-12-20,cumulative,all subpops,Age 5,new_H,baseline,156.03933466561188,122.24501261230482,206.50601869298592
2025-12-21,cumulative,all subpops,Age 5,new_H,baseline,170.88349247350286,134.01476736481695,224.9130313120069
2025-12-22,cumulative,all subpops,Age 5,new_H,baseline,186.11687605974907,146.48068991079933,243.36078792534718
2025-12-23,cumulative,all subpops,Age 5,new_H,baseline,202.50988663072263,160.13718830708444,264.1791930790445
2025-12-24,cumulative,all subpops,Age 5,new_H,baseline,221.03184223157072,174.7833559718334,285.3418527455068
2025-12-25,cumulative,all subpops,Age 5,new_H,baseline,241.49435986365756,191.52315932543715,306.43831263662867
2025-12-26,cumulative,all subpops,Age 5,new_H,baseline,262.365267669658,209.32675555669235,331.81412839342795
2025-12-27,cumulative,all subpops,Age 5,new_H,baseline,283.4953045652943,226.60323877717417,360.5020630765582
2025-12-28,cumulative,all subpops,Age 5,new_H,baseline,305.8850418831923,244.6854875892633,388.4708658683774
2025-12-29,cumulative,all subpops,Age 5,new_H,baseline,326.3917001706777,260.65092689753095,413.8634915540388
2025-12-30,cumulative,all subpops,Age 5,new_H,baseline,347.0765807071103,276.8713651826835,439.0436431419951
2025-12-31,cumulative,all subpops,Age 5,new_H,baseline,368.0006308389099,294.21586988830217,463.5900017235376
2026-01-01,cumulative,all subpops,Age 5,new_H,baseline,388.48160043970915,311.71928028841893,488.8210168930907
2026-01-02,cumulative,all subpops,Age 5,new_H,baseline,409.285886664553,328.3134416839653,512.7214123802331
2026-01-03,cumulative,all subpops,Age 5,new_H,baseline,429.48520540504643,344.3222176213556,534.5088728466383
2026-01-04,cumulative,all subpops,Age 5,new_H,baseline,447.22403327838373,358.7435642478029,553.6725358345068
2026-01-05,cumulative,all subpops,Age 5,new_H,baseline,463.8033607153333,371.9220316367932,574.0944156749911
2026-01-06,cumulative,all subpops,Age 5,new_H,baseline,479.2025363104864,383.92774726805925,592.13574976585
2026-01-07,cumulative,all subpops,Age 5,new_H,baseline,494.58906101484484,395.71177243549107,609.3653589800444
2026-01-08,cumulative,all subpops,Age 5,new_H,baseline,508.9107647492966,407.56007317181843,625.2192684237868
2026-01-09,cumulative,all subpops,Age 5,new_H,baseline,521.7009512863559,418.8049301917471,639.8217662645197
2026-01-10,cumulative,all subpops,Age 5,new_H,baseline,533.9291685883757,429.23155477515337,653.770087247896
2026-01-11,cumulative,all subpops,Age 5,new_H,baseline,544.9113082649501,438.75768714449345,667.0856630041499
2026-01-12,cumulative,all subpops,Age 5,new_H,baseline,554.9323413880733,447.35908672720836,679.0667538272734
2026-01-13,cumulative,all subpops,Age 5,new_H,baseline,564.4021854247405,455.7296596739911,690.0921157791782
2026-01-14,cumulative,all subpops,Age 5,new_H,baseline,573.3028675250087,462.65213879707926,700.3595718451112
2026-01-15,cumulative,all subpops,Age 5,new_H,baseline,582.3438104339455,469.6557131778353,710.1121584199993
2026-01-16,cumulative,all subpops,Age 5,new_H,baseline,590.486041846515,476.0655775032659,720.3014048870928
2026-01-17,cumulative,all subpops,Age 5,new_H,baseline,599.2367075766008,482.082697779548,730.1682341926227
2026-01-18,cumulative,all subpops,Age 5,new_H,baseline,606.6880763597552,487.62468785506826,739.2409625600027
2026-01-19,cumulative,all subpops,Age 5,new_H,baseline,613.1347868061175,492.61688688229356,747.6125390809466
2026-01-20,cumulative,all subpops,Age 5,new_H,baseline,619.6439948566218,497.193581332767,756.0369883320344
2026-01-21,cumulative,all subpops,Age 5,new_H,baseline,626.0047874938002,501.54907500321895,762.7296810135326
2026-01-22,cumulative,all subpops,Age 5,new_H,baseline,631.4097972090938,505.80109419234753,768.8908741773622
2026-01-23,cumulative,all subpops,Age 5,new_H,baseline,636.68453389511,510.3619342097333,774.7655676246579
2026-01-24,cumulative,all subpops,Age 5,new_H,baseline,641.8438786469252,515.2723620382136,780.3982813425702
2026-01-25,cumulative,all subpops,Age 5,new_H,baseline,646.6879008546882,519.8284531944284,785.6469777052413
2026-01-26,cumulative,all subpops,Age 5,new_H,baseline,651.1081520214123,523.4354016680471,790.6124224506774
2026-01-27,cumulative,all subpops,Age 5,new_H,baseline,654.6957183667816,526.9676064966433,795.4016498099385
2026-01-28,cumulative,all subpops,Age 5,new_H,baseline,657.9475673114464,530.3866167814532,799.9302176222637
2026-01-29,cumulative,all subpops,Age 5,new_H,baseline,661.581282802084,532.9856849258565,804.2577103330688
2026-01-30,cumulative,all subpops,Age 5,new_H,baseline,665.1290790806081,535.4657910391651,808.4136342290849
2026-01-31,cumulative,all subpops,Age 5,new_H,baseline,668.8065548281438,537.8470281390938,812.4659075098833
2026-02-01,cumulative,all subpops,Age 5,new_H,baseline,671.923389738289,540.0604923494238,816.4187268361901
2026-02-02,cumulative,all subpops,Age 5,new_H,baseline,674.3309502184243,542.1446077220047,820.060180710557
2026-02-03,cumulative,all subpops,Age 5,new_H,baseline,676.5349741050968,544.1009057511195,823.5013082658215
2026-02-04,cumulative,all subpops,Age 5,new_H,baseline,678.5930620059457,545.9607252427544,826.8298807633748
2026-02-05,cumulative,all subpops,Age 5,new_H,baseline,680.6170589221695,547.7540970914068,830.0873820411564
2026-02-06,cumulative,all subpops,Age 5,new_H,baseline,682.4081833593721,549.5008996988682,833.2745689644968
2026-02-07,cumulative,all subpops,Age 5,new_H,baseline,684.4078155287632,551.2024243947199,836.2176991805021
2026-02-08,cumulative,all subpops,Age 5,new_H,baseline,686.7257287183575,552.8741229637757,838.9846720190492
2026-02-09,cumulative,all subpops,Age 5,new_H,baseline,688.5067099367686,554.4591603924392,841.5372114962847
2026-02-10,cumulative,all subpops,Age 5,new_H,baseline,690.210335631449,555.9795250958953,844.359175886301
2026-02-11,cumulative,all subpops,Age 5,new_H,baseline,691.8427488138237,557.4370089382941,847.1149678688056
2026-02-12,cumulative,all subpops,Age 5,new_H,baseline,693.6219235783533,558.8779553237028,849.4984701134192
2026-02-13,cumulative,all subpops,Age 5,new_H,baseline,695.380997197112,560.3216058430767,851.7238883093888
2026-02-14,cumulative,all subpops,Age 5,new_H,baseline,697.1202074857679,561.7692559817581,853.8083900074574
2026-02-15,cumulative,all subpops,Age 5,new_H,baseline,698.7776802713802,563.1664829810384,855.6184049800742
2026-02-16,cumulative,all subpops,Age 5,new_H,baseline,700.3345019929245,564.486408695775,857.3068406648823
2026-02-17,cumulative,all subpops,Age 5,new_H,baseline,701.786883562463,565.7686764637733,858.9230880478756
2026-02-18,cumulative,all subpops,Age 5,new_H,baseline,703.2014392157301,567.0401074231032,860.5024275976335
2026-02-19,cumulative,all subpops,Age 5,new_H,baseline,704.6415252696622,568.3075417064331,862.0575940015985
2026-02-20,cumulative,all subpops,Age 5,new_H,baseline,705.9850177518332,569.572933297776,863.5972392218767
2026-02-21,cumulative,all subpops,Age 5,new_H,baseline,707.2814001387434,570.8248749025049,865.1124474901442
2026-02-22,cumulative,all subpops,Age 5,new_H,baseline,708.508527590219,572.0155823231914,866.549810537374
2026-02-23,cumulative,all subpops,Age 5,new_H,baseline,709.6455535931217,573.1232957184534,867.8872712839524
2026-02-24,cumulative,all subpops,Age 5,new_H,baseline,710.9385344062521,574.1838934130678,869.1737152198097
2026-02-25,cumulative,all subpops,Age 5,new_H,baseline,712.1859557671249,575.2291428996707,870.4539557629837
2026-02-26,cumulative,all subpops,Age 5,new_H,baseline,713.2833204318491,576.2713833192388,871.7462709350924
2026-02-27,cumulative,all subpops,Age 5,new_H,baseline,714.374985309998,577.3166717786081,873.061228194547
2026-02-28,cumulative,all subpops,Age 5,new_H,baseline,715.5329023438825,578.3850289601503,874.3996451019428
2026-03-01,cumulative,all subpops,Age 5,new_H,baseline,716.7726512406789,579.4879085215963,875.7059917474502
2026-03-02,cumulative,all subpops,Age 5,new_H,baseline,717.8660343027685,580.5658296924504,877.2061727725944
2026-03-03,cumulative,all subpops,Age 5,new_H,baseline,718.9484751771012,581.6269247461606,878.6886975238183
2026-03-04,cumulative,all subpops,Age 5,new_H,baseline,720.0143257510575,582.697124792537,880.1667855349029
2026-03-05,cumulative,all subpops,Age 5,new_H,baseline,721.0725390124,583.7825571872886,881.6483997937506
2026-03-06,cumulative,all subpops,Age 5,new_H,baseline,722.1279561813642,584.8837892290045,883.1357327705905
2026-03-07,cumulative,all subpops,Age 5,new_H,baseline,723.1952837274041,585.9912680516303,884.6187766320221
2026-03-08,cumulative,all subpops,Age 5,new_H,baseline,724.304650342907,586.8680832804519,886.0371023616591
2026-03-09,cumulative,all subpops,Age 5,new_H,baseline,725.3790044980796,587.5760440302925,887.3591514528941
2026-03-10,cumulative,all subpops,Age 5,new_H,baseline,726.3600045314845,588.2488505120627,888.6244411003465
2026-03-11,cumulative,all subpops,Age 5,new_H,baseline,727.3731619092763,588.9045174287611,889.8615435636021
2026-03-12,cumulative,all subpops,Age 5,new_H,baseline,728.2427183646578,589.5505640281477,891.0791227564115
2026-03-13,cumulative,all subpops,Age 5,new_H,baseline,729.1558043728368,590.1955119380236,892.2884834427878
2026-03-14,cumulative,all subpops,Age 5,new_H,baseline,730.1908174161821,590.8453405624115,893.4970646788361
2026-03-15,cumulative,all subpops,Age 5,new_H,baseline,731.010451541319,591.4769428860956,894.6609404309669
2026-03-16,cumulative,all subpops,Age 5,new_H,baseline,731.7630063146153,592.0774734830359,895.7543665926592
2026-03-17,cumulative,all subpops,Age 5,new_H,baseline,732.4633757311296,592.6624314333142,896.7993710017295
2026-03-18,cumulative,all subpops,Age 5,new_H,baseline,733.4529715913884,593.2530203978284,897.8309796012189
2026-03-19,cumulative,all subpops,Age 5,new_H,baseline,734.4558578844784,593.8649008429875,898.8765176404008
2026-03-20,cumulative,all subpops,Age 5,new_H,baseline,735.4621257646763,594.5015300638528,899.9427017627181
2026-03-21,cumulative,all subpops,Age 5,new_H,baseline,736.4581873612505,595.153810395814,901.0159300452506
2026-03-22,cumulative,all subpops,Age 5,new_H,baseline,737.2843699819347,595.7902066307929,902.189284016969
2026-03-23,cumulative,all subpops,Age 5,new_H,baseline,738.0257855719343,596.3935896113672,903.2822840901939
2026-03-24,cumulative,all subpops,Age 5,new_H,baseline,738.7391368968817,596.9839925963017,904.3516067292921
2026-03-25,cumulative,all subpops,Age 5,new_H,baseline,739.4477618980012,597.5797631214089,905.4182809028994
2026-03-26,cumulative,all subpops,Age 5,new_H,baseline,740.1601061186999,598.1866931136988,906.4938333709182
2026-03-27,cumulative,all subpops,Age 5,new_H,baseline,740.8736035226947,598.8014384144025,907.5772789016805
2026-03-28,cumulative,all subpops,Age 5,new_H,baseline,741.6537510333992,599.4080444717839,908.6651403123635
2026-03-29,cumulative,all subpops,Age 5,new_H,baseline,742.4001666495725,599.9101637233251,909.7193225349838
2026-03-30,cumulative,all subpops,Age 5,new_H,baseline,743.0679471320676,600.3990096517849,910.717817150522
2026-03-31,cumulative,all subpops,Age 5,new_H,baseline,743.7435958930541,600.8879376944376,911.4904346635055
2026-04-01,cumulative,all subpops,Age 5,new_H,baseline,744.4361856439842,601.3847576361554,912.1397505015306
2026-04-02,cumulative,all subpops,Age 5,new_H,baseline,745.1478339177504,601.8927427837227,912.6588268145863
2026-04-03,cumulative,all subpops,Age 5,new_H,baseline,745.7815003808668,602.4173832313757,913.1880611525614
2026-04-04,cumulative,all subpops,Age 5,new_H,baseline,746.2879737387798,602.9542218464926,913.8386399691857
2026-04-05,cumulative,all subpops,Age 5,new_H,baseline,746.7608726724425,603.4787654952052,914.4600897361148
2026-04-06,cumulative,all subpops,Age 5,new_H,baseline,747.1951186679262,603.9681493430667,915.0276293635669
2026-04-07,cumulative,all subpops,Age 5,new_H,baseline,747.9097514819808,604.3301623488254,915.5630677481774
2026-04-08,cumulative,all subpops,Age 5,new_H,baseline,748.1659460312161,604.6904478523883,916.1523553091414
2026-04-09,cumulative,all subpops,Age 5,new_H,baseline,748.4740350613832,605.0543020431847,916.8620999307104
2026-04-10,cumulative,all subpops,Age 5,new_H,baseline,748.9256327951894,605.4248509437109,917.5696045898014
2026-04-11,cumulative,all subpops,Age 5,new_H,baseline,749.3746418411363,605.83862051633,918.2839232815114
2026-04-12,cumulative,all subpops,Age 5,new_H,baseline,749.9252097704197,606.23815561372,918.977802870838
2026-04-13,cumulative,all subpops,Age 5,new_H,baseline,750.4541026888155,606.6147157690968,919.6308121143431
2026-04-14,cumulative,all subpops,Age 5,new_H,baseline,750.9670181929655,606.9766898788823,920.2571659571178
2026-04-15,cumulative,all subpops,Age 5,new_H,baseline,751.4653041916273,607.3305047284549,920.8669828997191
2026-04-16,cumulative,all subpops,Age 5,new_H,baseline,751.9505390828191,607.6787955514229,921.4631922970153
2026-04-17,cumulative,all subpops,Age 5,new_H,baseline,752.4224343731181,608.0227223988066,922.0459552792158
2026-04-18,cumulative,all subpops,Age 5,new_H,baseline,752.878956426978,608.3614378316314,922.6121759285178
2026-04-19,cumulative,all subpops,Age 5,new_H,baseline,753.3064212090436,608.6837813150421,923.143464804369
2026-04-20,cumulative,all subpops,Age 5,new_H,baseline,753.6261572961478,608.9852286451207,923.5256683991339
2026-04-21,cumulative,all subpops,Age 5,new_H,baseline,754.0736705125212,609.2772509837309,923.9335376303767
2026-04-22,cumulative,all subpops,Age 5,new_H,baseline,754.4598505380762,609.5681997185563,924.3372634635806
2026-04-23,cumulative,all subpops,Age 5,new_H,baseline,754.7935191003785,609.859354674598,924.7371667728466
2026-04-24,cumulative,all subpops,Age 5,new_H,baseline,755.1385099591267,610.1502971634512,925.1331062649373
2026-04-25,cumulative,all subpops,Age 5,new_H,baseline,755.6677148576244,610.439287932138,925.5226560601576
2026-04-26,cumulative,all subpops,Age 5,new_H,baseline,756.0428309129406,610.778360264121,925.8917591885972
2026-04-27,cumulative,all subpops,Age 5,new_H,baseline,756.231529277287,611.1091456266878,926.233425826928
2026-04-28,cumulative,all subpops,Age 5,new_H,baseline,756.4113170737579,611.4256015106209,926.5574690717091
2026-04-29,cumulative,all subpops,Age 5,new_H,baseline,756.5868652221804,611.7354891786543,926.8719723238659
2026-04-30,cumulative,all subpops,Age 5,new_H,baseline,756.826876912446,612.0417093140434,927.18027692117
2026-05-01,cumulative,all subpops,Age 5,new_H,baseline,757.4195420404722,612.3455147883085,927.4839626135476
2026-05-02,cumulative,all subpops,Age 5,new_H,baseline,758.0441069322502,612.6465413399465,927.7826016975147
2026-05-03,cumulative,all subpops,Age 5,new_H,baseline,758.6725178320542,612.9338529825523,928.0657762799032
2026-05-04,cumulative,all subpops,Age 5,new_H,baseline,759.1420996620438,613.0729729249606,928.3286922961098
2026-05-05,cumulative,all subpops,Age 5,new_H,baseline,759.4990450183402,613.185001727188,928.5790578640097
2026-05-06,cumulative,all subpops,Age 5,new_H,baseline,759.7287402063141,613.2912632067154,928.7932460643453
2026-05-07,cumulative,all subpops,Age 5,new_H,baseline,759.9485770036893,613.3926122079301,928.9545624943486
2026-05-08,cumulative,all subpops,Age 5,new_H,baseline,760.1620511512025,613.490103078126,929.1140042669978
2025-09-01,cumulative,all subpops,Age 6,new_H,baseline,0.47655358677019977,0.16320632922422862,1.068354201507594
2025-09-02,cumulative,all subpops,Age 6,new_H,baseline,1.6137262652748923,0.5535298381016155,3.6177690889960537
2025-09-03,cumulative,all subpops,Age 6,new_H,baseline,2.984821082747051,1.0256512813005476,6.681126362462582
2025-09-04,cumulative,all subpops,Age 6,new_H,baseline,4.40099691489383,1.5166110477338164,9.827681461625506
2025-09-05,cumulative,all subpops,Age 6,new_H,baseline,5.776009578880723,2.0008961718179035,12.874887539282424
2025-09-06,cumulative,all subpops,Age 6,new_H,baseline,7.076858700598424,2.468804322009397,15.750046164730351
2025-09-07,cumulative,all subpops,Age 6,new_H,baseline,8.316700381917425,2.914718734993945,18.403588528157048
2025-09-08,cumulative,all subpops,Age 6,new_H,baseline,9.495322557598362,3.339806878075763,20.83417946976642
2025-09-09,cumulative,all subpops,Age 6,new_H,baseline,10.581764524571158,3.7538609648061336,23.085414015888432
2025-09-10,cumulative,all subpops,Age 6,new_H,baseline,11.627989849915267,4.1647542943046965,25.18927860841942
2025-09-11,cumulative,all subpops,Age 6,new_H,baseline,12.672296437254222,4.565602167454555,27.166167376673645
2025-09-12,cumulative,all subpops,Age 6,new_H,baseline,13.65973875366889,4.970030732584858,29.151953594647622
2025-09-13,cumulative,all subpops,Age 6,new_H,baseline,14.648456899567257,5.389773322058162,31.16705076258949
2025-09-14,cumulative,all subpops,Age 6,new_H,baseline,15.66510606246496,5.795938833311603,33.11777814665548
2025-09-15,cumulative,all subpops,Age 6,new_H,baseline,16.621744524312348,6.210899476058943,34.66529918832881
2025-09-16,cumulative,all subpops,Age 6,new_H,baseline,17.537460669583915,6.654085125767398,35.927965912481284
2025-09-17,cumulative,all subpops,Age 6,new_H,baseline,18.37916244718186,7.149903477927791,37.256722958377445
2025-09-18,cumulative,all subpops,Age 6,new_H,baseline,19.379210617125455,7.671162792412245,38.85092319321095
2025-09-19,cumulative,all subpops,Age 6,new_H,baseline,20.262992195736107,8.146804542202847,40.337354395727175
2025-09-20,cumulative,all subpops,Age 6,new_H,baseline,21.114714730656132,8.627795978495941,41.85924756793331
2025-09-21,cumulative,all subpops,Age 6,new_H,baseline,22.003782804874255,9.145676171288747,43.69945282726997
2025-09-22,cumulative,all subpops,Age 6,new_H,baseline,22.817650534004013,9.596945328334838,45.508556164898486
2025-09-23,cumulative,all subpops,Age 6,new_H,baseline,23.730866164344043,10.051815218275419,46.99102005735012
2025-09-24,cumulative,all subpops,Age 6,new_H,baseline,24.60481409632506,10.569496131992198,48.47273140746772
2025-09-25,cumulative,all subpops,Age 6,new_H,baseline,25.55207838017505,11.0547858949019,49.86637865561465
2025-09-26,cumulative,all subpops,Age 6,new_H,baseline,26.43532943473903,11.579430291873544,51.191814482864295
2025-09-27,cumulative,all subpops,Age 6,new_H,baseline,27.26215175014129,12.107168117128142,52.47564511992875
2025-09-28,cumulative,all subpops,Age 6,new_H,baseline,28.11202938883286,12.638666924211364,53.82720333701132
2025-09-29,cumulative,all subpops,Age 6,new_H,baseline,28.78475632765784,13.153530733562615,55.420069522064814
2025-09-30,cumulative,all subpops,Age 6,new_H,baseline,29.45163045522736,13.714879069765814,56.76926658439411
2025-10-01,cumulative,all subpops,Age 6,new_H,baseline,30.29657168074291,14.25116138094984,57.84595209105007
2025-10-02,cumulative,all subpops,Age 6,new_H,baseline,30.911748711140053,14.635248688322129,58.76126671082484
2025-10-03,cumulative,all subpops,Age 6,new_H,baseline,31.59173422382975,14.97385567173878,59.9389290496213
2025-10-04,cumulative,all subpops,Age 6,new_H,baseline,32.29639382981992,15.304477119017758,61.14604810290845
2025-10-05,cumulative,all subpops,Age 6,new_H,baseline,32.969772413109574,15.705570005984876,62.08042305807911
2025-10-06,cumulative,all subpops,Age 6,new_H,baseline,33.650228647292955,16.196454682677153,62.98086126522483
2025-10-07,cumulative,all subpops,Age 6,new_H,baseline,34.27045882141961,16.80966006219683,63.811563465583866
2025-10-08,cumulative,all subpops,Age 6,new_H,baseline,35.05797028997862,17.229187447173928,64.7864191482786
2025-10-09,cumulative,all subpops,Age 6,new_H,baseline,35.80989017785566,17.637540497608487,65.75476207055867
2025-10-10,cumulative,all subpops,Age 6,new_H,baseline,36.50472124755683,18.07098094155229,66.69123977475935
2025-10-11,cumulative,all subpops,Age 6,new_H,baseline,37.19519560750288,18.52052707711322,67.54488757128588
2025-10-12,cumulative,all subpops,Age 6,new_H,baseline,38.05058019916196,19.000114361120385,68.4288763424438
2025-10-13,cumulative,all subpops,Age 6,new_H,baseline,38.78085864131755,19.583190282260087,69.70525368463744
2025-10-14,cumulative,all subpops,Age 6,new_H,baseline,39.495779350878486,19.990904438501577,70.84379057227709
2025-10-15,cumulative,all subpops,Age 6,new_H,baseline,40.214213108452086,20.466002866406438,72.08033587400547
2025-10-16,cumulative,all subpops,Age 6,new_H,baseline,41.06222208679915,20.923666857922246,73.27538057090959
2025-10-17,cumulative,all subpops,Age 6,new_H,baseline,42.02177185297328,21.46076541207272,74.46835754193273
2025-10-18,cumulative,all subpops,Age 6,new_H,baseline,43.066342944064054,22.024378528567997,75.70725599466763
2025-10-19,cumulative,all subpops,Age 6,new_H,baseline,43.910489219658764,22.86230671748317,76.90323818902483
2025-10-20,cumulative,all subpops,Age 6,new_H,baseline,44.85688863363372,23.63477189817462,78.2238447966419
2025-10-21,cumulative,all subpops,Age 6,new_H,baseline,45.70873853728182,24.293457701222078,79.81994230885395
2025-10-22,cumulative,all subpops,Age 6,new_H,baseline,46.93879726641059,24.970534319478176,81.29424883344952
2025-10-23,cumulative,all subpops,Age 6,new_H,baseline,47.94591188922206,25.70143144770001,82.78072635440968
2025-10-24,cumulative,all subpops,Age 6,new_H,baseline,49.09544824221941,26.58506768777864,84.29466092510145
2025-10-25,cumulative,all subpops,Age 6,new_H,baseline,50.38226582727739,27.295949650121585,85.84770563282338
2025-10-26,cumulative,all subpops,Age 6,new_H,baseline,51.632048758648175,28.53549149488956,87.60418908405398
2025-10-27,cumulative,all subpops,Age 6,new_H,baseline,52.7188274300265,30.10045611483706,89.36368595997862
2025-10-28,cumulative,all subpops,Age 6,new_H,baseline,54.00061536838676,31.496650184873623,90.84080665076681
2025-10-29,cumulative,all subpops,Age 6,new_H,baseline,55.688173493713506,32.78262599376568,92.95798403548973
2025-10-30,cumulative,all subpops,Age 6,new_H,baseline,57.530381402409404,34.10361917003434,95.284603468677
2025-10-31,cumulative,all subpops,Age 6,new_H,baseline,59.50211621572625,35.342896554050874,97.30745810307928
2025-11-01,cumulative,all subpops,Age 6,new_H,baseline,61.51169093702116,36.73016836265333,98.93224778272364
2025-11-02,cumulative,all subpops,Age 6,new_H,baseline,63.67898878844856,38.102777877592196,101.54118861945751
2025-11-03,cumulative,all subpops,Age 6,new_H,baseline,65.91098765103631,39.76018261090237,104.15819411028662
2025-11-04,cumulative,all subpops,Age 6,new_H,baseline,68.34851121927217,41.2972500458282,106.60458545811787
2025-11-05,cumulative,all subpops,Age 6,new_H,baseline,70.70517726611095,43.2284613759113,109.46834227892325
2025-11-06,cumulative,all subpops,Age 6,new_H,baseline,73.2580797757468,45.5429221372941,112.97055905885085
2025-11-07,cumulative,all subpops,Age 6,new_H,baseline,76.63278373693304,47.44282661354199,116.94111327188305
2025-11-08,cumulative,all subpops,Age 6,new_H,baseline,79.48325615980906,49.44751318093541,120.21305984868667
2025-11-09,cumulative,all subpops,Age 6,new_H,baseline,82.93915013282613,52.05673655370358,123.56853138457345
2025-11-10,cumulative,all subpops,Age 6,new_H,baseline,86.31243694258995,54.642696002171874,128.820354620135
2025-11-11,cumulative,all subpops,Age 6,new_H,baseline,89.62609022295668,57.00318807265007,132.3921234465381
2025-11-12,cumulative,all subpops,Age 6,new_H,baseline,93.08493141150574,59.439545789371294,136.39196655390228
2025-11-13,cumulative,all subpops,Age 6,new_H,baseline,96.42459786507791,62.57807847257112,139.46060064670306
2025-11-14,cumulative,all subpops,Age 6,new_H,baseline,100.50371817998985,66.09923888067021,142.9834071031796
2025-11-15,cumulative,all subpops,Age 6,new_H,baseline,104.30625116815527,69.13000838247738,148.15856916892335
2025-11-16,cumulative,all subpops,Age 6,new_H,baseline,108.76804811316912,72.55120256758337,154.9205065865352
2025-11-17,cumulative,all subpops,Age 6,new_H,baseline,113.14280666037963,75.81773201483637,160.99904274108764
2025-11-18,cumulative,all subpops,Age 6,new_H,baseline,118.17466796267107,79.57403603573535,166.47285678384608
2025-11-19,cumulative,all subpops,Age 6,new_H,baseline,123.16910575066358,84.14357801813871,173.9970260730436
2025-11-20,cumulative,all subpops,Age 6,new_H,baseline,128.79845459390387,88.7188969390515,179.6919845934244
2025-11-21,cumulative,all subpops,Age 6,new_H,baseline,134.78910234354143,93.4665887807602,186.60672750070387
2025-11-22,cumulative,all subpops,Age 6,new_H,baseline,141.3583194798141,98.110582970056,194.85934451261397
2025-11-23,cumulative,all subpops,Age 6,new_H,baseline,148.28339708922528,104.37175519733063,203.4472720859353
2025-11-24,cumulative,all subpops,Age 6,new_H,baseline,155.42845894178294,111.42052263432753,212.84073804151444
2025-11-25,cumulative,all subpops,Age 6,new_H,baseline,163.4413097792182,117.57479846547027,222.99383003563395
2025-11-26,cumulative,all subpops,Age 6,new_H,baseline,172.20707973042337,125.47036480469905,232.77852959785616
2025-11-27,cumulative,all subpops,Age 6,new_H,baseline,180.95431667386677,132.53182725037055,242.7105161601895
2025-11-28,cumulative,all subpops,Age 6,new_H,baseline,189.88873349425964,139.48003051996565,252.44775665939974
2025-11-29,cumulative,all subpops,Age 6,new_H,baseline,200.10203517119274,147.93025322355172,263.5371020597502
2025-11-30,cumulative,all subpops,Age 6,new_H,baseline,211.26890151190364,157.385468892376,275.93623704195795
2025-12-01,cumulative,all subpops,Age 6,new_H,baseline,222.87698539720213,166.57571650135193,289.8893821088213
2025-12-02,cumulative,all subpops,Age 6,new_H,baseline,235.2069294704084,176.2670695331225,302.8287496777533
2025-12-03,cumulative,all subpops,Age 6,new_H,baseline,247.22528504877835,186.80878533848565,317.7078772860897
2025-12-04,cumulative,all subpops,Age 6,new_H,baseline,261.48786318740076,197.77483893756641,332.1613630693816
2025-12-05,cumulative,all subpops,Age 6,new_H,baseline,275.9614925105687,210.27381338975533,347.90681069781346
2025-12-06,cumulative,all subpops,Age 6,new_H,baseline,291.78164897200026,225.74016091311842,367.0113673148647
2025-12-07,cumulative,all subpops,Age 6,new_H,baseline,309.26704601453713,241.9074470047848,388.8771270477828
2025-12-08,cumulative,all subpops,Age 6,new_H,baseline,328.64416030055685,258.617993865912,409.46922356533435
2025-12-09,cumulative,all subpops,Age 6,new_H,baseline,349.66608225916474,277.604101403421,434.3879221936186
2025-12-10,cumulative,all subpops,Age 6,new_H,baseline,373.4822836298275,296.4972279681925,462.7273343872106
2025-12-11,cumulative,all subpops,Age 6,new_H,baseline,399.50664017337965,317.52403370549314,494.58455955142966
2025-12-12,cumulative,all subpops,Age 6,new_H,baseline,428.92283709683767,341.8563927238266,529.7267477931819
2025-12-13,cumulative,all subpops,Age 6,new_H,baseline,462.32008021978356,372.6193294625386,567.3286953232426
2025-12-14,cumulative,all subpops,Age 6,new_H,baseline,499.43786048696546,406.33452092985465,610.847884624082
2025-12-15,cumulative,all subpops,Age 6,new_H,baseline,539.4997891912558,443.46612166412564,656.4249797204781
2025-12-16,cumulative,all subpops,Age 6,new_H,baseline,583.4754670939196,482.7793845051077,712.3023138645715
2025-12-17,cumulative,all subpops,Age 6,new_H,baseline,633.131904515376,529.6582478711932,770.7813282818266
2025-12-18,cumulative,all subpops,Age 6,new_H,baseline,689.3639991208794,579.4128284573317,832.506383626275
2025-12-19,cumulative,all subpops,Age 6,new_H,baseline,750.9182849393765,637.2051580857928,898.7952874775243
2025-12-20,cumulative,all subpops,Age 6,new_H,baseline,819.193069263989,699.3966212164842,977.9484356127742
2025-12-21,cumulative,all subpops,Age 6,new_H,baseline,896.1037379437829,766.8410616757441,1061.992980474579
2025-12-22,cumulative,all subpops,Age 6,new_H,baseline,977.9799813819993,843.4354713630695,1149.416347423725
2025-12-23,cumulative,all subpops,Age 6,new_H,baseline,1069.7499385347696,924.694791795689,1249.317006714191
2025-12-24,cumulative,all subpops,Age 6,new_H,baseline,1167.6287226006998,1016.8007324914723,1355.150770562163
2025-12-25,cumulative,all subpops,Age 6,new_H,baseline,1275.4015149084776,1114.0808303741865,1464.157720175066
2025-12-26,cumulative,all subpops,Age 6,new_H,baseline,1386.9673851567395,1213.9210343654509,1581.7814827140146
2025-12-27,cumulative,all subpops,Age 6,new_H,baseline,1505.208159024757,1315.3531613010148,1704.4596888143278
2025-12-28,cumulative,all subpops,Age 6,new_H,baseline,1625.508924145619,1425.468072844713,1835.487916635349
2025-12-29,cumulative,all subpops,Age 6,new_H,baseline,1745.8899856984717,1537.2236381557077,1973.2652293392437
2025-12-30,cumulative,all subpops,Age 6,new_H,baseline,1864.5535542547389,1640.05353756407,2112.633890374175
2025-12-31,cumulative,all subpops,Age 6,new_H,baseline,1983.299910870432,1740.9220896129216,2243.078740347086
2026-01-01,cumulative,all subpops,Age 6,new_H,baseline,2100.435329839701,1844.3113208966588,2373.258699072204
2026-01-02,cumulative,all subpops,Age 6,new_H,baseline,2213.7787234206066,1947.816899689034,2500.358219362809
2026-01-03,cumulative,all subpops,Age 6,new_H,baseline,2323.3396748716573,2046.3477443039956,2620.2028869395485
2026-01-04,cumulative,all subpops,Age 6,new_H,baseline,2427.171949830936,2140.5085040113936,2730.731215867397
2026-01-05,cumulative,all subpops,Age 6,new_H,baseline,2526.643483322572,2227.2827671551167,2833.0880741799883
2026-01-06,cumulative,all subpops,Age 6,new_H,baseline,2616.1877958965433,2304.2684044577536,2929.4167053511337
2026-01-07,cumulative,all subpops,Age 6,new_H,baseline,2701.718406567887,2376.4414170164237,3022.8035927041956
2026-01-08,cumulative,all subpops,Age 6,new_H,baseline,2778.465280280482,2444.6355666822046,3109.5694090893962
2026-01-09,cumulative,all subpops,Age 6,new_H,baseline,2852.5136900502566,2511.1356877399785,3186.599870212746
2026-01-10,cumulative,all subpops,Age 6,new_H,baseline,2922.0745510351117,2575.81300772985,3262.237176985124
2026-01-11,cumulative,all subpops,Age 6,new_H,baseline,2987.0456365503414,2632.4329723807587,3332.760654898108
2026-01-12,cumulative,all subpops,Age 6,new_H,baseline,3046.833730515219,2683.558814689867,3396.449293666121
2026-01-13,cumulative,all subpops,Age 6,new_H,baseline,3102.4637311791275,2731.6683185263055,3454.1980819871324
2026-01-14,cumulative,all subpops,Age 6,new_H,baseline,3151.941508456385,2777.2828681992905,3506.4347120777265
2026-01-15,cumulative,all subpops,Age 6,new_H,baseline,3199.2127505703766,2820.0526414264955,3554.4309398092096
2026-01-16,cumulative,all subpops,Age 6,new_H,baseline,3243.12797699298,2860.221422347369,3599.408234280771
2026-01-17,cumulative,all subpops,Age 6,new_H,baseline,3283.238405093982,2898.63651833649,3641.1903750013303
2026-01-18,cumulative,all subpops,Age 6,new_H,baseline,3321.8575000152878,2934.8296095709093,3679.6510212442486
2026-01-19,cumulative,all subpops,Age 6,new_H,baseline,3356.880193125742,2968.546920922454,3714.7525729188324
2026-01-20,cumulative,all subpops,Age 6,new_H,baseline,3389.797326904765,3001.169989485779,3746.913599035187
2026-01-21,cumulative,all subpops,Age 6,new_H,baseline,3421.7061841230984,3032.6322229146485,3777.3735785993617
2026-01-22,cumulative,all subpops,Age 6,new_H,baseline,3449.3725776068186,3062.083387640915,3808.9870437641666
2026-01-23,cumulative,all subpops,Age 6,new_H,baseline,3476.306254967024,3090.5508687595766,3840.6829407936225
2026-01-24,cumulative,all subpops,Age 6,new_H,baseline,3503.042278454285,3117.8595694172177,3870.5424089434696
2026-01-25,cumulative,all subpops,Age 6,new_H,baseline,3526.5238852300663,3141.085383048868,3902.9804272973543
2026-01-26,cumulative,all subpops,Age 6,new_H,baseline,3547.513629246306,3161.0725609580963,3932.7082766112403
2026-01-27,cumulative,all subpops,Age 6,new_H,baseline,3568.045057351769,3179.8612935373026,3957.5948031899884
2026-01-28,cumulative,all subpops,Age 6,new_H,baseline,3589.3634934589822,3197.784489855241,3981.0788680665505
2026-01-29,cumulative,all subpops,Age 6,new_H,baseline,3608.0180743188785,3217.6311154664877,4003.3248324719966
2026-01-30,cumulative,all subpops,Age 6,new_H,baseline,3623.677706730506,3237.982192316536,4023.021668532074
2026-01-31,cumulative,all subpops,Age 6,new_H,baseline,3639.4648342142787,3252.676050999872,4041.6189831310535
2026-02-01,cumulative,all subpops,Age 6,new_H,baseline,3656.5736694423804,3266.3090991758686,4058.69874861339
2026-02-02,cumulative,all subpops,Age 6,new_H,baseline,3671.5391791474513,3278.9191198929657,4073.397137746839
2026-02-03,cumulative,all subpops,Age 6,new_H,baseline,3684.1562175251847,3290.7491692154777,4087.2615871447847
2026-02-04,cumulative,all subpops,Age 6,new_H,baseline,3696.507195634444,3302.799080027987,4100.409807638896
2026-02-05,cumulative,all subpops,Age 6,new_H,baseline,3708.8322387130893,3314.931727435176,4112.945691395126
2026-02-06,cumulative,all subpops,Age 6,new_H,baseline,3720.9720309780564,3326.615118611052,4124.967173531485
2026-02-07,cumulative,all subpops,Age 6,new_H,baseline,3731.740669060699,3337.9065472073776,4136.526403118724
2026-02-08,cumulative,all subpops,Age 6,new_H,baseline,3742.5740210620097,3348.749802282244,4147.567599814469
2026-02-09,cumulative,all subpops,Age 6,new_H,baseline,3753.275021806046,3358.122965712989,4157.99116620414
2026-02-10,cumulative,all subpops,Age 6,new_H,baseline,3763.89316133029,3366.496096202982,4167.657578583931
2026-02-11,cumulative,all subpops,Age 6,new_H,baseline,3772.8488963582313,3374.6924629255063,4177.055657520426
2026-02-12,cumulative,all subpops,Age 6,new_H,baseline,3780.8534380270835,3382.757638950297,4186.21742999072
2026-02-13,cumulative,all subpops,Age 6,new_H,baseline,3789.230419220585,3390.7735749873,4195.218618959492
2026-02-14,cumulative,all subpops,Age 6,new_H,baseline,3799.056413816188,3398.816101768794,4204.129172665546
2026-02-15,cumulative,all subpops,Age 6,new_H,baseline,3808.7296159640005,3406.826030555528,4212.875706451918
2026-02-16,cumulative,all subpops,Age 6,new_H,baseline,3817.69250396517,3414.7798412511106,4221.424153799737
2026-02-17,cumulative,all subpops,Age 6,new_H,baseline,3826.1893124061075,3422.7549463090704,4229.679031976434
2026-02-18,cumulative,all subpops,Age 6,new_H,baseline,3834.2709151829636,3430.7603602811755,4237.467314420938
2026-02-19,cumulative,all subpops,Age 6,new_H,baseline,3842.186799910648,3438.75987918124,4245.20708725595
2026-02-20,cumulative,all subpops,Age 6,new_H,baseline,3850.566566571092,3445.351988224067,4252.898981106198
2026-02-21,cumulative,all subpops,Age 6,new_H,baseline,3859.0821493324493,3451.5478705137,4260.507850824144
2026-02-22,cumulative,all subpops,Age 6,new_H,baseline,3867.1693737131286,3457.519589956509,4267.92829781833
2026-02-23,cumulative,all subpops,Age 6,new_H,baseline,3874.3042520454974,3463.767446423688,4275.110353686547
2026-02-24,cumulative,all subpops,Age 6,new_H,baseline,3880.4935113294905,3470.1878114739175,4282.125508390222
2026-02-25,cumulative,all subpops,Age 6,new_H,baseline,3886.916503752104,3476.5049922619905,4288.734018150203
2026-02-26,cumulative,all subpops,Age 6,new_H,baseline,3894.3175453202384,3483.197045192375,4295.057139717523
2026-02-27,cumulative,all subpops,Age 6,new_H,baseline,3901.6721587066195,3489.987717334694,4300.8870810235685
2026-02-28,cumulative,all subpops,Age 6,new_H,baseline,3908.062533197323,3496.733114424175,4306.8585680629285
2026-03-01,cumulative,all subpops,Age 6,new_H,baseline,3915.2564319998055,3503.348974822663,4311.751978152332
2026-03-02,cumulative,all subpops,Age 6,new_H,baseline,3920.9545728783355,3509.798946712816,4317.449888757467
2026-03-03,cumulative,all subpops,Age 6,new_H,baseline,3926.766625795463,3516.1685774159637,4322.780991808228
2026-03-04,cumulative,all subpops,Age 6,new_H,baseline,3932.87310481954,3522.2980639438233,4327.402533370954
2026-03-05,cumulative,all subpops,Age 6,new_H,baseline,3939.0243964000233,3527.500209404491,4332.126548383152
2026-03-06,cumulative,all subpops,Age 6,new_H,baseline,3944.533520955517,3532.565587224833,4337.307125470622
2026-03-07,cumulative,all subpops,Age 6,new_H,baseline,3949.2605750154676,3537.4959466584346,4342.442197228113
2026-03-08,cumulative,all subpops,Age 6,new_H,baseline,3954.2640561621297,3542.234142366563,4347.465412461031
2026-03-09,cumulative,all subpops,Age 6,new_H,baseline,3959.7836875249527,3546.7447044307696,4352.332763378592
2026-03-10,cumulative,all subpops,Age 6,new_H,baseline,3964.1794884836822,3551.0699266259703,4357.0879101208575
2026-03-11,cumulative,all subpops,Age 6,new_H,baseline,3968.946407173552,3555.2369190413337,4361.519076599754
2026-03-12,cumulative,all subpops,Age 6,new_H,baseline,3973.1364210431416,3559.253849423462,4365.524580378484
2026-03-13,cumulative,all subpops,Age 6,new_H,baseline,3977.27335486918,3563.808009077199,4369.451256519658
2026-03-14,cumulative,all subpops,Age 6,new_H,baseline,3982.0658751697656,3568.4011884645624,4373.342019654154
2026-03-15,cumulative,all subpops,Age 6,new_H,baseline,3986.8211973800817,3573.5394876364903,4377.166996797149
2026-03-16,cumulative,all subpops,Age 6,new_H,baseline,3990.8879119668054,3579.297064190098,4380.899015344699
2026-03-17,cumulative,all subpops,Age 6,new_H,baseline,3994.6338770298275,3585.7095518449387,4384.5371158024755
2026-03-18,cumulative,all subpops,Age 6,new_H,baseline,3998.52903136874,3592.107918148516,4388.126645493102
2026-03-19,cumulative,all subpops,Age 6,new_H,baseline,4002.778660436095,3597.150688926882,4391.888676120715
2026-03-20,cumulative,all subpops,Age 6,new_H,baseline,4007.271597502388,3600.8105851079595,4396.622231877001
2026-03-21,cumulative,all subpops,Age 6,new_H,baseline,4012.1144976592645,3604.4224980005015,4401.306097266908
2026-03-22,cumulative,all subpops,Age 6,new_H,baseline,4016.9935751046355,3608.1233007066253,4405.470791521853
2026-03-23,cumulative,all subpops,Age 6,new_H,baseline,4022.293139182313,3612.171313366876,4408.791511490536
2026-03-24,cumulative,all subpops,Age 6,new_H,baseline,4025.930580986163,3616.5724165263628,4411.992276677008
2026-03-25,cumulative,all subpops,Age 6,new_H,baseline,4029.255331412345,3621.190008691299,4415.122848329731
2026-03-26,cumulative,all subpops,Age 6,new_H,baseline,4033.9704867178502,3625.720482704738,4418.204467150496
2026-03-27,cumulative,all subpops,Age 6,new_H,baseline,4037.824816198335,3630.1398860468867,4421.230212227984
2026-03-28,cumulative,all subpops,Age 6,new_H,baseline,4041.121209287516,3634.468150457148,4425.382427194451
2026-03-29,cumulative,all subpops,Age 6,new_H,baseline,4044.407730690307,3638.7117558519944,4429.528755098227
2026-03-30,cumulative,all subpops,Age 6,new_H,baseline,4047.667861048271,3642.847307051846,4433.62156216813
2026-03-31,cumulative,all subpops,Age 6,new_H,baseline,4050.9036849981126,3646.852249736433,4437.6411709630565
2026-04-01,cumulative,all subpops,Age 6,new_H,baseline,4054.999194041033,3650.6915677581837,4440.763535526523
2026-04-02,cumulative,all subpops,Age 6,new_H,baseline,4057.6433147984203,3654.355683733139,4443.712214062471
2026-04-03,cumulative,all subpops,Age 6,new_H,baseline,4060.288833376104,3657.8770575669696,4446.61063311967
2026-04-04,cumulative,all subpops,Age 6,new_H,baseline,4063.185076313134,3661.2529258377604,4449.451996908013
2026-04-05,cumulative,all subpops,Age 6,new_H,baseline,4066.849221171249,3664.450558117177,4452.318910546993
2026-04-06,cumulative,all subpops,Age 6,new_H,baseline,4069.9192142641414,3667.4579494647332,4456.1100013607
2026-04-07,cumulative,all subpops,Age 6,new_H,baseline,4073.8564809798636,3670.3345090645644,4459.959433090397
2026-04-08,cumulative,all subpops,Age 6,new_H,baseline,4077.1975793520464,3673.1240852389983,4463.915370652586
2026-04-09,cumulative,all subpops,Age 6,new_H,baseline,4079.0759687412574,3675.854606926039,4467.754266261068
2026-04-10,cumulative,all subpops,Age 6,new_H,baseline,4082.2867274549394,3678.5284374635376,4471.46936971437
2026-04-11,cumulative,all subpops,Age 6,new_H,baseline,4085.45955102418,3681.1246172895267,4475.026175914313
2026-04-12,cumulative,all subpops,Age 6,new_H,baseline,4088.5502414216703,3683.611546961754,4478.378931361411
2026-04-13,cumulative,all subpops,Age 6,new_H,baseline,4091.5342211168745,3685.9756530458744,4481.737267100131
2026-04-14,cumulative,all subpops,Age 6,new_H,baseline,4094.4105724041938,3688.211478164234,4485.182479276817
2026-04-15,cumulative,all subpops,Age 6,new_H,baseline,4097.178838871476,3690.313200450106,4488.532236809815
2026-04-16,cumulative,all subpops,Age 6,new_H,baseline,4099.842474237787,3692.281280327389,4491.784021241378
2026-04-17,cumulative,all subpops,Age 6,new_H,baseline,4102.099339513274,3694.1209306560054,4494.940573018224
2026-04-18,cumulative,all subpops,Age 6,new_H,baseline,4103.465499353033,3695.842401037525,4498.008665118663
2026-04-19,cumulative,all subpops,Age 6,new_H,baseline,4104.959124232604,3697.446448617049,4500.969244111035
2026-04-20,cumulative,all subpops,Age 6,new_H,baseline,4107.380933786007,3698.9426768560393,4503.389365084903
2026-04-21,cumulative,all subpops,Age 6,new_H,baseline,4110.060014870901,3700.363297815665,4505.569106367267
2026-04-22,cumulative,all subpops,Age 6,new_H,baseline,4112.63610501893,3701.729073685146,4507.680486140042
2026-04-23,cumulative,all subpops,Age 6,new_H,baseline,4115.087953072307,3703.0392629216485,4509.721509580681
2026-04-24,cumulative,all subpops,Age 6,new_H,baseline,4117.395764959671,3704.5233611299973,4511.68855220984
2026-04-25,cumulative,all subpops,Age 6,new_H,baseline,4119.54902829663,3706.153809245702,4513.314870640964
2026-04-26,cumulative,all subpops,Age 6,new_H,baseline,4121.525224617275,3707.6846339999815,4514.751854054705
2026-04-27,cumulative,all subpops,Age 6,new_H,baseline,4123.287382214132,3709.105150226332,4515.990305144022
2026-04-28,cumulative,all subpops,Age 6,new_H,baseline,4124.063558335181,3710.423817976647,4516.862432300426
2026-04-29,cumulative,all subpops,Age 6,new_H,baseline,4125.146624526586,3711.6512319289595,4518.703720568542
2026-04-30,cumulative,all subpops,Age 6,new_H,baseline,4126.719220640106,3712.7942297192094,4520.656269230955
2026-05-01,cumulative,all subpops,Age 6,new_H,baseline,4127.576091423923,3713.8599678182586,4522.553188627162
2026-05-02,cumulative,all subpops,Age 6,new_H,baseline,4129.307975877358,3714.8581602646714,4524.413003809031
2026-05-03,cumulative,all subpops,Age 6,new_H,baseline,4130.096066914765,3715.787397647288,4526.227979087218
2026-05-04,cumulative,all subpops,Age 6,new_H,baseline,4131.578372291636,3716.6512905864142,4528.001476388777
2026-05-05,cumulative,all subpops,Age 6,new_H,baseline,4133.093049614562,3717.459568950764,4529.754395782672
2026-05-06,cumulative,all subpops,Age 6,new_H,baseline,4133.58470611849,3718.2160192965625,4531.364545742296
2026-05-07,cumulative,all subpops,Age 6,new_H,baseline,4135.408758709449,3718.924388728127,4532.838863733296
2026-05-08,cumulative,all subpops,Age 6,new_H,baseline,4136.62869795564,3719.594802758235,4533.747698500353
2025-09-01,cumulative,all subpops,all ages,new_H,baseline,0.6006711640907682,0.20339707673695762,1.339999650667054
2025-09-02,cumulative,all subpops,all ages,new_H,baseline,2.037773227929913,0.6906183611431537,4.543694030162516
2025-09-03,cumulative,all subpops,all ages,new_H,baseline,3.780385755634686,1.285306789631149,8.426871183604817
2025-09-04,cumulative,all subpops,all ages,new_H,baseline,5.629535445895459,1.914118108204636,12.47295868496272
2025-09-05,cumulative,all subpops,all ages,new_H,baseline,7.46550368577877,2.5473012429305504,16.460105749651827
2025-09-06,cumulative,all subpops,all ages,new_H,baseline,9.257329920249667,3.1721426407756637,20.28607195962644
2025-09-07,cumulative,all subpops,all ages,new_H,baseline,10.943387182158833,3.7744875361800982,23.860283472647442
2025-09-08,cumulative,all subpops,all ages,new_H,baseline,12.52795846907481,4.351943287759879,27.158899700116454
2025-09-09,cumulative,all subpops,all ages,new_H,baseline,14.062507563404209,4.922465445110647,30.252061487725506
2025-09-10,cumulative,all subpops,all ages,new_H,baseline,15.563122529635027,5.500976951856207,33.37270381910465
2025-09-11,cumulative,all subpops,all ages,new_H,baseline,17.02106273486772,6.0906894588374705,36.47039439554105
2025-09-12,cumulative,all subpops,all ages,new_H,baseline,18.505972689542876,6.700933053910773,39.453473428523985
2025-09-13,cumulative,all subpops,all ages,new_H,baseline,19.96621348621511,7.348177702112521,42.13020903346418
2025-09-14,cumulative,all subpops,all ages,new_H,baseline,21.383174891751196,7.982163917391573,44.52535307541239
2025-09-15,cumulative,all subpops,all ages,new_H,baseline,22.793237772596548,8.639469575135793,46.56763663302939
2025-09-16,cumulative,all subpops,all ages,new_H,baseline,24.137276783768232,9.323390648774945,48.90938401752654
2025-09-17,cumulative,all subpops,all ages,new_H,baseline,25.431333984450994,10.026998884399628,51.410737887881155
2025-09-18,cumulative,all subpops,all ages,new_H,baseline,26.81424949120825,10.773676355752938,53.481866647087955
2025-09-19,cumulative,all subpops,all ages,new_H,baseline,28.183065276023743,11.541712014632797,55.20236024379488
2025-09-20,cumulative,all subpops,all ages,new_H,baseline,29.548267588421396,12.295760223515936,57.50113422003128
2025-09-21,cumulative,all subpops,all ages,new_H,baseline,31.10606323170388,13.06803243168967,60.11164353999124
2025-09-22,cumulative,all subpops,all ages,new_H,baseline,32.421682751252895,13.866365366520997,63.01266545855983
2025-09-23,cumulative,all subpops,all ages,new_H,baseline,33.666062397185144,14.693142884925788,65.86782665198898
2025-09-24,cumulative,all subpops,all ages,new_H,baseline,35.140013960625716,15.392592246773203,68.45009795717404
2025-09-25,cumulative,all subpops,all ages,new_H,baseline,36.680576628258194,16.116782873296835,70.68963461180599
2025-09-26,cumulative,all subpops,all ages,new_H,baseline,37.99452682528689,16.846161487608786,73.06293229752275
2025-09-27,cumulative,all subpops,all ages,new_H,baseline,39.176909162302465,17.771318735439856,75.36641857920908
2025-09-28,cumulative,all subpops,all ages,new_H,baseline,40.52281824891427,18.608154869085073,77.426192792104
2025-09-29,cumulative,all subpops,all ages,new_H,baseline,41.70511682250974,19.36380508458082,79.48289585485838
2025-09-30,cumulative,all subpops,all ages,new_H,baseline,42.823984408933896,20.13891194020573,81.56401685511887
2025-10-01,cumulative,all subpops,all ages,new_H,baseline,43.71269545850149,20.83363217629797,83.30393551784131
2025-10-02,cumulative,all subpops,all ages,new_H,baseline,44.78478353640138,21.48787930101887,84.59368213023102
2025-10-03,cumulative,all subpops,all ages,new_H,baseline,45.82146837285581,22.132723252209118,86.1293827686252
2025-10-04,cumulative,all subpops,all ages,new_H,baseline,47.016445944315706,22.82485812655015,87.80449084140255
2025-10-05,cumulative,all subpops,all ages,new_H,baseline,48.08992357402432,23.50860936438487,89.33559870491621
2025-10-06,cumulative,all subpops,all ages,new_H,baseline,49.205651086389814,24.09935515145662,91.2192984162075
2025-10-07,cumulative,all subpops,all ages,new_H,baseline,50.07786739463473,24.72238017312029,92.96891864091457
2025-10-08,cumulative,all subpops,all ages,new_H,baseline,50.973280398998085,25.31714830241793,94.0041744810378
2025-10-09,cumulative,all subpops,all ages,new_H,baseline,51.950555098908666,25.91672614560051,95.26424026554014
2025-10-10,cumulative,all subpops,all ages,new_H,baseline,52.75337365796938,26.579788204945647,96.48453330875935
2025-10-11,cumulative,all subpops,all ages,new_H,baseline,54.029731671449426,27.201006031292035,97.83273646150384
2025-10-12,cumulative,all subpops,all ages,new_H,baseline,55.16242042982298,27.894020443842646,99.79170787436124
2025-10-13,cumulative,all subpops,all ages,new_H,baseline,56.26655816773962,28.6695373789181,101.6955415034219
2025-10-14,cumulative,all subpops,all ages,new_H,baseline,57.58675921680121,29.56710450419246,103.4267076954323
2025-10-15,cumulative,all subpops,all ages,new_H,baseline,59.03285364093217,30.34314966164121,105.13436162293372
2025-10-16,cumulative,all subpops,all ages,new_H,baseline,60.25004607507278,31.247875063733805,107.0065729155536
2025-10-17,cumulative,all subpops,all ages,new_H,baseline,61.297432066921786,32.07320533670224,108.95219691866689
2025-10-18,cumulative,all subpops,all ages,new_H,baseline,62.94405162919747,32.991588286236336,111.37333143577854
2025-10-19,cumulative,all subpops,all ages,new_H,baseline,64.44371358981917,34.21376162915377,113.33493823391858
2025-10-20,cumulative,all subpops,all ages,new_H,baseline,65.92396302904478,35.10523596236799,115.36339370188111
2025-10-21,cumulative,all subpops,all ages,new_H,baseline,67.16860053090474,36.06496422843674,117.49106095864379
2025-10-22,cumulative,all subpops,all ages,new_H,baseline,69.1133696619353,37.06884211488245,119.67892639576584
2025-10-23,cumulative,all subpops,all ages,new_H,baseline,71.07977085755205,38.18111621283134,121.95508221287544
2025-10-24,cumulative,all subpops,all ages,new_H,baseline,72.84148318240868,39.47875961020925,124.35342565369233
2025-10-25,cumulative,all subpops,all ages,new_H,baseline,74.72125770716957,40.96411926314876,126.89330323691685
2025-10-26,cumulative,all subpops,all ages,new_H,baseline,76.55353051588683,42.61417899365865,129.51649963705268
2025-10-27,cumulative,all subpops,all ages,new_H,baseline,78.71089989629162,44.42670395945652,132.40784456471334
2025-10-28,cumulative,all subpops,all ages,new_H,baseline,80.86946283385295,46.45398506515015,135.51236544783373
2025-10-29,cumulative,all subpops,all ages,new_H,baseline,83.43144992912742,48.70320430517153,138.96832387607503
2025-10-30,cumulative,all subpops,all ages,new_H,baseline,86.5139395145085,51.08084039223876,142.31103594012563
2025-10-31,cumulative,all subpops,all ages,new_H,baseline,89.44118971784077,53.46623268958067,146.15605585012182
2025-11-01,cumulative,all subpops,all ages,new_H,baseline,92.42302224842821,55.36794128627309,150.0730197603907
2025-11-02,cumulative,all subpops,all ages,new_H,baseline,95.87702404198616,57.43289935172579,153.86010194142895
2025-11-03,cumulative,all subpops,all ages,new_H,baseline,99.30967112452464,59.81154775600578,157.84031921551178
2025-11-04,cumulative,all subpops,all ages,new_H,baseline,102.92438719670373,62.50712510511227,162.25730166818872
2025-11-05,cumulative,all subpops,all ages,new_H,baseline,107.02757080341578,65.58960020958918,166.8229335223042
2025-11-06,cumulative,all subpops,all ages,new_H,baseline,110.778989547897,68.21724524539812,172.10422267846383
2025-11-07,cumulative,all subpops,all ages,new_H,baseline,115.02810586892237,72.2037402158409,177.57758097740128
2025-11-08,cumulative,all subpops,all ages,new_H,baseline,119.82270232287308,75.78998976684552,182.8061581311133
2025-11-09,cumulative,all subpops,all ages,new_H,baseline,124.72954161258791,79.23147429120743,188.0738163427144
2025-11-10,cumulative,all subpops,all ages,new_H,baseline,129.6006821320096,83.1460637405641,193.63253657475096
2025-11-11,cumulative,all subpops,all ages,new_H,baseline,134.37753815319647,86.8151340723704,200.51608795987022
2025-11-12,cumulative,all subpops,all ages,new_H,baseline,139.5766078383179,90.80728223224159,207.41088833684685
2025-11-13,cumulative,all subpops,all ages,new_H,baseline,144.69138967479518,95.67273310065504,213.69636854451122
2025-11-14,cumulative,all subpops,all ages,new_H,baseline,150.38820286045467,100.1233191744544,219.87319919926716
2025-11-15,cumulative,all subpops,all ages,new_H,baseline,156.80439361296817,105.0688724976736,227.86722181762715
2025-11-16,cumulative,all subpops,all ages,new_H,baseline,163.9277551584914,110.29635333481862,235.9478358162551
2025-11-17,cumulative,all subpops,all ages,new_H,baseline,170.9439189875387,115.79390099592048,244.12116939848644
2025-11-18,cumulative,all subpops,all ages,new_H,baseline,177.9963528351664,121.48208199408623,252.4318057360397
2025-11-19,cumulative,all subpops,all ages,new_H,baseline,187.39671715240598,127.97893338013026,260.0989485551162
2025-11-20,cumulative,all subpops,all ages,new_H,baseline,195.6690225649935,134.92961082285237,270.371985007472
2025-11-21,cumulative,all subpops,all ages,new_H,baseline,205.26054853962788,141.9410151604198,280.78054546384266
2025-11-22,cumulative,all subpops,all ages,new_H,baseline,215.31843765036214,150.47615357669895,293.71780576247505
2025-11-23,cumulative,all subpops,all ages,new_H,baseline,226.11159141016012,158.97848994526782,309.00733598176464
2025-11-24,cumulative,all subpops,all ages,new_H,baseline,237.27072920574324,167.97320012646477,322.3059007548889
2025-11-25,cumulative,all subpops,all ages,new_H,baseline,249.24889407959873,179.6756728348166,336.9985431419796
2025-11-26,cumulative,all subpops,all ages,new_H,baseline,261.61463456341454,190.5218737682765,352.71236059440747
2025-11-27,cumulative,all subpops,all ages,new_H,baseline,274.8441916475766,202.31683418018406,367.65229068740325
2025-11-28,cumulative,all subpops,all ages,new_H,baseline,289.5898979701407,213.7924636414915,386.1027351968947
2025-11-29,cumulative,all subpops,all ages,new_H,baseline,304.5838301657713,225.66720241687352,402.5363863290668
2025-11-30,cumulative,all subpops,all ages,new_H,baseline,320.9039830794393,238.4901588636657,421.6679997087907
2025-12-01,cumulative,all subpops,all ages,new_H,baseline,337.6829448501542,251.71545991775312,440.44604282538165
2025-12-02,cumulative,all subpops,all ages,new_H,baseline,355.12920723148454,265.82392892186755,458.7208996607517
2025-12-03,cumulative,all subpops,all ages,new_H,baseline,373.98424256400756,280.2503031382076,478.8857046551165
2025-12-04,cumulative,all subpops,all ages,new_H,baseline,394.301477937158,297.3288873585302,503.48710482196094
2025-12-05,cumulative,all subpops,all ages,new_H,baseline,416.62910997617473,317.06077573217885,528.6284310161673
2025-12-06,cumulative,all subpops,all ages,new_H,baseline,441.61491784212683,338.4569006802044,556.4876975824621
2025-12-07,cumulative,all subpops,all ages,new_H,baseline,469.11653420265304,361.51222349884017,586.6787225803481
2025-12-08,cumulative,all subpops,all ages,new_H,baseline,498.13234643097724,387.5287546438881,620.6663945793186
2025-12-09,cumulative,all subpops,all ages,new_H,baseline,530.3909286102929,416.47498888795235,655.8884387281596
2025-12-10,cumulative,all subpops,all ages,new_H,baseline,567.3526161847547,449.32610618051694,695.4444234039773
2025-12-11,cumulative,all subpops,all ages,new_H,baseline,607.4225422803646,486.0895829743447,746.4417737062986
2025-12-12,cumulative,all subpops,all ages,new_H,baseline,652.1981097247126,530.361342940165,805.4422616821374
2025-12-13,cumulative,all subpops,all ages,new_H,baseline,704.2046518371023,576.6100233276421,869.2117871141354
2025-12-14,cumulative,all subpops,all ages,new_H,baseline,759.9053998636094,626.7083764627882,936.2093330889417
2025-12-15,cumulative,all subpops,all ages,new_H,baseline,819.8575373035764,682.330479447786,1002.5885037722486
2025-12-16,cumulative,all subpops,all ages,new_H,baseline,887.8234626564679,745.3763339562549,1075.639515861292
2025-12-17,cumulative,all subpops,all ages,new_H,baseline,965.4466984615474,814.6737317657561,1159.8965196552217
2025-12-18,cumulative,all subpops,all ages,new_H,baseline,1049.1531120465431,893.0048542734236,1257.7544633544264
2025-12-19,cumulative,all subpops,all ages,new_H,baseline,1147.5370406572254,980.0597903228995,1368.5952202424367
2025-12-20,cumulative,all subpops,all ages,new_H,baseline,1256.1942056144362,1078.3066154541361,1490.1403825714046
2025-12-21,cumulative,all subpops,all ages,new_H,baseline,1371.5972490688546,1182.5750359161218,1620.6072737410025
2025-12-22,cumulative,all subpops,all ages,new_H,baseline,1496.3235546151877,1297.4372067535444,1753.530790911228
2025-12-23,cumulative,all subpops,all ages,new_H,baseline,1630.3073627376853,1422.2159742802862,1893.5483804399903
2025-12-24,cumulative,all subpops,all ages,new_H,baseline,1777.104948430969,1562.5463894822399,2048.7795817927545
2025-12-25,cumulative,all subpops,all ages,new_H,baseline,1931.9903304237819,1709.5025350174933,2212.3297887032095
2025-12-26,cumulative,all subpops,all ages,new_H,baseline,2090.7012736288125,1865.5976051008186,2374.5718244751133
2025-12-27,cumulative,all subpops,all ages,new_H,baseline,2261.2877838472186,2022.4876492749347,2552.3209354920014
2025-12-28,cumulative,all subpops,all ages,new_H,baseline,2431.741194669136,2186.214958594602,2731.346071601929
2025-12-29,cumulative,all subpops,all ages,new_H,baseline,2603.526762241345,2346.932570642488,2913.5767721964926
2025-12-30,cumulative,all subpops,all ages,new_H,baseline,2771.202377060992,2498.8078276364768,3092.2281999712386
2025-12-31,cumulative,all subpops,all ages,new_H,baseline,2940.2060874033177,2654.7872758743265,3275.9025465098907
2026-01-01,cumulative,all subpops,all ages,new_H,baseline,3102.416784419187,2801.4120625154014,3452.148279770857
2026-01-02,cumulative,all subpops,all ages,new_H,baseline,3260.4443085472108,2955.36264258412,3616.9851166406747
2026-01-03,cumulative,all subpops,all ages,new_H,baseline,3410.4301888875875,3107.237738646801,3778.003130673918
2026-01-04,cumulative,all subpops,all ages,new_H,baseline,3556.410620497834,3244.1644583431503,3938.6790128206467
2026-01-05,cumulative,all subpops,all ages,new_H,baseline,3690.877083011501,3371.783366041884,4095.6930900525394
2026-01-06,cumulative,all subpops,all ages,new_H,baseline,3818.309241904044,3483.5232197755586,4232.972407469615
2026-01-07,cumulative,all subpops,all ages,new_H,baseline,3938.1409196400427,3596.3901697494352,4371.760876879297
2026-01-08,cumulative,all subpops,all ages,new_H,baseline,4050.0515691513215,3704.3368958700066,4481.465181049884
2026-01-09,cumulative,all subpops,all ages,new_H,baseline,4159.743358089143,3806.7849041409963,4586.190766844194
2026-01-10,cumulative,all subpops,all ages,new_H,baseline,4257.758464308463,3899.336406656588,4686.185329307217
2026-01-11,cumulative,all subpops,all ages,new_H,baseline,4349.292430052735,3986.35412362303,4777.2508038972555
2026-01-12,cumulative,all subpops,all ages,new_H,baseline,4436.196688342631,4060.0844284693294,4869.294893015868
2026-01-13,cumulative,all subpops,all ages,new_H,baseline,4515.120731160512,4132.685876075783,4949.653047185999
2026-01-14,cumulative,all subpops,all ages,new_H,baseline,4588.815081305221,4199.635650380901,5019.3136679648505
2026-01-15,cumulative,all subpops,all ages,new_H,baseline,4657.241632487615,4262.814121918449,5087.553931630681
2026-01-16,cumulative,all subpops,all ages,new_H,baseline,4722.336629972306,4323.0980878557775,5151.513003448947
2026-01-17,cumulative,all subpops,all ages,new_H,baseline,4785.979892768089,4381.793169401903,5209.021656088296
2026-01-18,cumulative,all subpops,all ages,new_H,baseline,4843.544306852627,4437.211625419368,5266.905926242607
2026-01-19,cumulative,all subpops,all ages,new_H,baseline,4897.992978359192,4488.462604308269,5320.021199425272
2026-01-20,cumulative,all subpops,all ages,new_H,baseline,4946.550166728244,4533.536422936071,5365.509726783488
2026-01-21,cumulative,all subpops,all ages,new_H,baseline,4992.198839876171,4579.683120218564,5410.351861825726
2026-01-22,cumulative,all subpops,all ages,new_H,baseline,5039.345079829022,4623.950318317104,5452.491681083134
2026-01-23,cumulative,all subpops,all ages,new_H,baseline,5082.519202388289,4665.937833160025,5491.226354986688
2026-01-24,cumulative,all subpops,all ages,new_H,baseline,5118.14416157603,4706.790043713666,5531.031031797506
2026-01-25,cumulative,all subpops,all ages,new_H,baseline,5153.98476288846,4743.5328990321195,5568.389936762027
2026-01-26,cumulative,all subpops,all ages,new_H,baseline,5186.546487925233,4777.696311966861,5602.1759991086465
2026-01-27,cumulative,all subpops,all ages,new_H,baseline,5216.742828232205,4808.227894652578,5633.516488967538
2026-01-28,cumulative,all subpops,all ages,new_H,baseline,5246.395700445468,4837.420911191823,5664.633000031781
2026-01-29,cumulative,all subpops,all ages,new_H,baseline,5273.956645241622,4866.702917863946,5694.557918893991
2026-01-30,cumulative,all subpops,all ages,new_H,baseline,5303.110580402984,4894.0299864880835,5722.340363271099
2026-01-31,cumulative,all subpops,all ages,new_H,baseline,5327.9590590929265,4921.030880820465,5748.584984686163
2026-02-01,cumulative,all subpops,all ages,new_H,baseline,5351.4417256937995,4949.249475028363,5772.921235693595
2026-02-02,cumulative,all subpops,all ages,new_H,baseline,5373.809083993456,4972.379314041431,5795.180524041981
2026-02-03,cumulative,all subpops,all ages,new_H,baseline,5396.030922509925,4991.307341210304,5815.710935771694
2026-02-04,cumulative,all subpops,all ages,new_H,baseline,5415.703406854384,5009.952404585086,5834.850528231352
2026-02-05,cumulative,all subpops,all ages,new_H,baseline,5434.603668598503,5028.13238142924,5855.322197793972
2026-02-06,cumulative,all subpops,all ages,new_H,baseline,5452.369576292575,5045.74518818161,5877.26664057628
2026-02-07,cumulative,all subpops,all ages,new_H,baseline,5470.143980942794,5063.51813590563,5898.363140920611
2026-02-08,cumulative,all subpops,all ages,new_H,baseline,5485.617035003202,5080.775727552892,5916.854705461436
2026-02-09,cumulative,all subpops,all ages,new_H,baseline,5501.108052062707,5095.672049053871,5932.126452716651
2026-02-10,cumulative,all subpops,all ages,new_H,baseline,5517.108005275713,5109.387319903086,5946.783497572207
2026-02-11,cumulative,all subpops,all ages,new_H,baseline,5531.943120629175,5122.792664723727,5961.084567636304
2026-02-12,cumulative,all subpops,all ages,new_H,baseline,5545.581090943129,5134.719538141665,5975.175909184975
2026-02-13,cumulative,all subpops,all ages,new_H,baseline,5559.432919069335,5149.830857567012,5989.208472300459
2026-02-14,cumulative,all subpops,all ages,new_H,baseline,5571.822008181362,5164.8511316582235,6003.271592926303
2026-02-15,cumulative,all subpops,all ages,new_H,baseline,5583.350365256375,5178.465008433826,6018.401596961394
2026-02-16,cumulative,all subpops,all ages,new_H,baseline,5594.664637374715,5191.36575137971,6030.602562107433
2026-02-17,cumulative,all subpops,all ages,new_H,baseline,5606.5604042520445,5201.794823121709,6042.987630601796
2026-02-18,cumulative,all subpops,all ages,new_H,baseline,5618.266385598321,5211.84445117484,6056.193461612853
2026-02-19,cumulative,all subpops,all ages,new_H,baseline,5629.601388658467,5221.546361334873,6069.180356316004
2026-02-20,cumulative,all subpops,all ages,new_H,baseline,5640.728130223578,5231.516449791456,6081.944962576767
2026-02-21,cumulative,all subpops,all ages,new_H,baseline,5651.567180044142,5242.905697816454,6094.6875809014655
2026-02-22,cumulative,all subpops,all ages,new_H,baseline,5661.942884736568,5253.879595147821,6107.220701892289
2026-02-23,cumulative,all subpops,all ages,new_H,baseline,5672.2757363346245,5264.347459358268,6118.8549137293185
2026-02-24,cumulative,all subpops,all ages,new_H,baseline,5683.6720332457135,5274.06216745328,6129.83825337336
2026-02-25,cumulative,all subpops,all ages,new_H,baseline,5693.167535154038,5283.127495423569,6140.39962575524
2026-02-26,cumulative,all subpops,all ages,new_H,baseline,5703.12560808911,5292.163292283308,6150.874849398471
2026-02-27,cumulative,all subpops,all ages,new_H,baseline,5711.491755205699,5301.123912046021,6161.115297241996
2026-02-28,cumulative,all subpops,all ages,new_H,baseline,5720.7857663838995,5310.4889878761915,6170.417126889959
2026-03-01,cumulative,all subpops,all ages,new_H,baseline,5729.829093563217,5319.975796990256,6178.868936005485
2026-03-02,cumulative,all subpops,all ages,new_H,baseline,5738.670378667404,5329.397538692719,6186.904830725644
2026-03-03,cumulative,all subpops,all ages,new_H,baseline,5747.265471982121,5338.898294815071,6194.71354434365
2026-03-04,cumulative,all subpops,all ages,new_H,baseline,5755.650991965696,5348.239558254025,6202.575678538647
2026-03-05,cumulative,all subpops,all ages,new_H,baseline,5762.401881439357,5357.460825154839,6210.191647082913
2026-03-06,cumulative,all subpops,all ages,new_H,baseline,5768.830813031303,5366.591841278489,6217.589514951912
2026-03-07,cumulative,all subpops,all ages,new_H,baseline,5776.533581181245,5375.621943481203,6224.768559886224
2026-03-08,cumulative,all subpops,all ages,new_H,baseline,5784.087292236107,5384.348870614232,6231.594955646501
2026-03-09,cumulative,all subpops,all ages,new_H,baseline,5790.664251218655,5392.663968473816,6238.001331496898
2026-03-10,cumulative,all subpops,all ages,new_H,baseline,5797.726285701029,5400.717546459949,6244.099081842527
2026-03-11,cumulative,all subpops,all ages,new_H,baseline,5805.733865621233,5408.621487943709,6249.970210692284
2026-03-12,cumulative,all subpops,all ages,new_H,baseline,5812.683619858214,5416.421140555761,6255.798737855319
2026-03-13,cumulative,all subpops,all ages,new_H,baseline,5819.792086567563,5424.245997928269,6262.250943032128
2026-03-14,cumulative,all subpops,all ages,new_H,baseline,5827.586171647841,5432.0511148077385,6269.591398559791
2026-03-15,cumulative,all subpops,all ages,new_H,baseline,5834.702597375473,5439.677975656722,6276.602913609904
2026-03-16,cumulative,all subpops,all ages,new_H,baseline,5841.30991860271,5447.029783802835,6284.346055767231
2026-03-17,cumulative,all subpops,all ages,new_H,baseline,5846.742718960639,5453.861712051854,6291.75950624758
2026-03-18,cumulative,all subpops,all ages,new_H,baseline,5852.939077777304,5460.080118494036,6298.884886129577
2026-03-19,cumulative,all subpops,all ages,new_H,baseline,5858.723785555194,5465.602435008243,6306.360880718106
2026-03-20,cumulative,all subpops,all ages,new_H,baseline,5864.708236873209,5471.197294928659,6313.982838472481
2026-03-21,cumulative,all subpops,all ages,new_H,baseline,5870.728615696818,5476.813179915801,6321.609041236265
2026-03-22,cumulative,all subpops,all ages,new_H,baseline,5877.527477286682,5482.293738893758,6329.037974156673
2026-03-23,cumulative,all subpops,all ages,new_H,baseline,5883.298327712054,5488.495567886555,6336.1513498021895
2026-03-24,cumulative,all subpops,all ages,new_H,baseline,5888.924685004367,5494.582729894803,6343.073002375583
2026-03-25,cumulative,all subpops,all ages,new_H,baseline,5895.303208040723,5500.446750722654,6349.925603228714
2026-03-26,cumulative,all subpops,all ages,new_H,baseline,5901.454448351698,5505.924701469422,6356.740192290788
2026-03-27,cumulative,all subpops,all ages,new_H,baseline,5906.614364425076,5511.629123257623,6363.373523172391
2026-03-28,cumulative,all subpops,all ages,new_H,baseline,5911.472913473825,5516.763945787553,6369.151593491405
2026-03-29,cumulative,all subpops,all ages,new_H,baseline,5916.886250998574,5521.796526241826,6374.5145403180395
2026-03-30,cumulative,all subpops,all ages,new_H,baseline,5922.620869569984,5526.663411262566,6379.457782520789
2026-03-31,cumulative,all subpops,all ages,new_H,baseline,5929.068870918328,5531.392526072699,6384.175687425719
2026-04-01,cumulative,all subpops,all ages,new_H,baseline,5934.6607012722825,5535.994563569932,6388.695378278702
2026-04-02,cumulative,all subpops,all ages,new_H,baseline,5940.059893911317,5540.228723211471,6393.043600793316
2026-04-03,cumulative,all subpops,all ages,new_H,baseline,5945.157981296677,5544.367918372011,6397.2701563650635
2026-04-04,cumulative,all subpops,all ages,new_H,baseline,5951.338728866366,5548.460474337346,6402.881525269144
2026-04-05,cumulative,all subpops,all ages,new_H,baseline,5957.38636132535,5552.4144168483135,6408.812921937268
2026-04-06,cumulative,all subpops,all ages,new_H,baseline,5961.534260679045,5556.188300592762,6414.50963893625
2026-04-07,cumulative,all subpops,all ages,new_H,baseline,5967.921075063109,5559.889364612303,6419.930851968892
2026-04-08,cumulative,all subpops,all ages,new_H,baseline,5971.780701590152,5563.601202979059,6425.17636990308
2026-04-09,cumulative,all subpops,all ages,new_H,baseline,5975.839999196496,5567.374390989932,6430.299766662402
2026-04-10,cumulative,all subpops,all ages,new_H,baseline,5980.860726535635,5571.452338554066,6435.308565852581
2026-04-11,cumulative,all subpops,all ages,new_H,baseline,5986.961393546376,5576.2001092250775,6440.164016308668
2026-04-12,cumulative,all subpops,all ages,new_H,baseline,5991.311920688004,5581.230974815224,6444.766840097261
2026-04-13,cumulative,all subpops,all ages,new_H,baseline,5995.917332016883,5585.030896453547,6449.072621081676
2026-04-14,cumulative,all subpops,all ages,new_H,baseline,5999.750435741722,5588.113001077538,6453.045997218523
2026-04-15,cumulative,all subpops,all ages,new_H,baseline,6003.249556394969,5591.186292515995,6456.720198891118
2026-04-16,cumulative,all subpops,all ages,new_H,baseline,6006.581347225063,5594.159916265872,6460.208623591563
2026-04-17,cumulative,all subpops,all ages,new_H,baseline,6009.7427585045125,5597.047817086985,6463.516769481308
2026-04-18,cumulative,all subpops,all ages,new_H,baseline,6013.336422291527,5599.7414231540415,6466.648605363501
2026-04-19,cumulative,all subpops,all ages,new_H,baseline,6017.950079001666,5602.356687155574,6469.567437315886
2026-04-20,cumulative,all subpops,all ages,new_H,baseline,6022.090577872234,5604.821796465117,6472.265162916314
2026-04-21,cumulative,all subpops,all ages,new_H,baseline,6024.877311893112,5607.187317774678,6474.795048652338
2026-04-22,cumulative,all subpops,all ages,new_H,baseline,6027.123656869321,5609.489262346063,6477.194876975726
2026-04-23,cumulative,all subpops,all ages,new_H,baseline,6028.768585309311,5611.631447024243,6479.58196973494
2026-04-24,cumulative,all subpops,all ages,new_H,baseline,6030.29601408434,5613.017627299633,6482.653308194296
2026-04-25,cumulative,all subpops,all ages,new_H,baseline,6032.168811559036,5614.845719906716,6484.560085684666
2026-04-26,cumulative,all subpops,all ages,new_H,baseline,6034.985143778814,5617.2143004836635,6486.342720453116
2026-04-27,cumulative,all subpops,all ages,new_H,baseline,6035.701217730139,5619.60838963978,6487.992368071936
2026-04-28,cumulative,all subpops,all ages,new_H,baseline,6038.643507729031,5621.717056083093,6489.536500837023
2026-04-29,cumulative,all subpops,all ages,new_H,baseline,6041.31715536821,5623.457100153277,6491.254880044247
2026-04-30,cumulative,all subpops,all ages,new_H,baseline,6042.841317789439,5625.366632056676,6493.706100936328
2026-05-01,cumulative,all subpops,all ages,new_H,baseline,6044.351714873917,5627.276345302603,6495.685554596293
2026-05-02,cumulative,all subpops,all ages,new_H,baseline,6045.850041748214,5629.1874885424,6497.988890968567
2026-05-03,cumulative,all subpops,all ages,new_H,baseline,6047.512384700857,5631.061963042276,6500.3451025813765
2026-05-04,cumulative,all subpops,all ages,new_H,baseline,6048.879612781346,5632.884245483251,6501.723528998767
2026-05-05,cumulative,all subpops,all ages,new_H,baseline,6050.049405249241,5634.686789452569,6502.953949745868
2026-05-06,cumulative,all subpops,all ages,new_H,baseline,6051.319687332124,5636.487680199291,6504.806350918804
2026-05-07,cumulative,all subpops,all ages,new_H,baseline,6051.912773543661,5638.299367885226,6506.184210143151
2026-05-08,cumulative,all subpops,all ages,new_H,baseline,6053.901952293568,5640.150851187887,6507.422283222639
