date,series,subpopulation,age_group,metric,scenario,median,ci_lower_2.5,ci_upper_97.5
2025-09-01,daily,all subpops,Age 0,new_H,baseline,0.002535288686691503,0.0007567405780168729,0.006575929898938726
2025-09-02,daily,all subpops,Age 0,new_H,baseline,0.0061025013759349,0.001823794595710108,0.0158058773551861
2025-09-03,daily,all subpops,Age 0,new_H,baseline,0.0074315034851626036,0.002232734691814094,0.019320010661415504
2025-09-04,daily,all subpops,Age 0,new_H,baseline,0.007793454115345346,0.0023595208497752744,0.02010562050966365
2025-09-05,daily,all subpops,Age 0,new_H,baseline,0.0077152885448338974,0.002378090402954527,0.019923070792475506
2025-09-06,daily,all subpops,Age 0,new_H,baseline,0.007552497430263471,0.0023652393676522796,0.019298235050378136
2025-09-07,daily,all subpops,Age 0,new_H,baseline,0.007376107948616302,0.0023485762817397186,0.018829851382413065
2025-09-08,daily,all subpops,Age 0,new_H,baseline,0.00723894371133591,0.0023153219617895624,0.018274162659814547
2025-09-09,daily,all subpops,Age 0,new_H,baseline,0.007168966770599933,0.0023018321665640206,0.017976461006251252
2025-09-10,daily,all subpops,Age 0,new_H,baseline,0.007134086675993807,0.00232231849944583,0.017595786286871057
2025-09-11,daily,all subpops,Age 0,new_H,baseline,0.007083505376199315,0.0023601770086872083,0.01708537636589209
2025-09-12,daily,all subpops,Age 0,new_H,baseline,0.007059238056256791,0.0022972806662334457,0.01651425947484778
2025-09-13,daily,all subpops,Age 0,new_H,baseline,0.007090578604699322,0.0023710725663359205,0.01639137198416851
2025-09-14,daily,all subpops,Age 0,new_H,baseline,0.007113020805104475,0.0024139369919347494,0.0166995678165184
2025-09-15,daily,all subpops,Age 0,new_H,baseline,0.007154045969464519,0.002478889550269079,0.016316029270948183
2025-09-16,daily,all subpops,Age 0,new_H,baseline,0.007104692997181676,0.002525780500379739,0.01577493094857119
2025-09-17,daily,all subpops,Age 0,new_H,baseline,0.007081092099962536,0.002560654525244492,0.015516276714728857
2025-09-18,daily,all subpops,Age 0,new_H,baseline,0.007099460284310029,0.0025935242974375722,0.015704571484808034
2025-09-19,daily,all subpops,Age 0,new_H,baseline,0.007113384238054265,0.002593552104189684,0.015325579589837383
2025-09-20,daily,all subpops,Age 0,new_H,baseline,0.007185294630265338,0.002642673739272675,0.015158259522268387
2025-09-21,daily,all subpops,Age 0,new_H,baseline,0.007266852121638259,0.0027728214675673134,0.015162892113125414
2025-09-22,daily,all subpops,Age 0,new_H,baseline,0.007392506901935412,0.0028130549842305943,0.015171768172216465
2025-09-23,daily,all subpops,Age 0,new_H,baseline,0.007391665219705916,0.002940252098708764,0.015320258278018323
2025-09-24,daily,all subpops,Age 0,new_H,baseline,0.007374020580004875,0.0030010040279794593,0.01537473959594659
2025-09-25,daily,all subpops,Age 0,new_H,baseline,0.007301343212603685,0.0029434750773345607,0.015332760919597052
2025-09-26,daily,all subpops,Age 0,new_H,baseline,0.007225936185004559,0.002951606362215827,0.015251941692486972
2025-09-27,daily,all subpops,Age 0,new_H,baseline,0.007131190114567355,0.002973028847230471,0.015266383031961856
2025-09-28,daily,all subpops,Age 0,new_H,baseline,0.00704608039745863,0.0029383266670568206,0.01515024813914259
2025-09-29,daily,all subpops,Age 0,new_H,baseline,0.00702063073629202,0.0029969152029887254,0.01486085116575891
2025-09-30,daily,all subpops,Age 0,new_H,baseline,0.006930802052349283,0.002972125682719061,0.014630492452294946
2025-10-01,daily,all subpops,Age 0,new_H,baseline,0.006873982647294418,0.0029673027544320136,0.014338980569504946
2025-10-02,daily,all subpops,Age 0,new_H,baseline,0.006905929838054114,0.0029514473630328796,0.014210620323655254
2025-10-03,daily,all subpops,Age 0,new_H,baseline,0.006969516805282842,0.002926088020399782,0.014386858954698982
2025-10-04,daily,all subpops,Age 0,new_H,baseline,0.007063339672870825,0.0029815583577770667,0.014538106020471451
2025-10-05,daily,all subpops,Age 0,new_H,baseline,0.007182617243962512,0.0030778599951481757,0.014900175658522481
2025-10-06,daily,all subpops,Age 0,new_H,baseline,0.0073296503226107715,0.0031794728055014806,0.015440997757113738
2025-10-07,daily,all subpops,Age 0,new_H,baseline,0.007388924599382349,0.0031734655176901324,0.015836343614356443
2025-10-08,daily,all subpops,Age 0,new_H,baseline,0.007424895664278116,0.003152101542171803,0.01599026571683603
2025-10-09,daily,all subpops,Age 0,new_H,baseline,0.007482596778208794,0.0031311027740140948,0.016155861998929218
2025-10-10,daily,all subpops,Age 0,new_H,baseline,0.007649047908678745,0.00314666032833031,0.016607918173975653
2025-10-11,daily,all subpops,Age 0,new_H,baseline,0.007948356545998073,0.003228357180351835,0.017237932411702708
2025-10-12,daily,all subpops,Age 0,new_H,baseline,0.008323961726025488,0.003331800082428667,0.017727705242819646
2025-10-13,daily,all subpops,Age 0,new_H,baseline,0.00854756852676548,0.003438751124297211,0.018229931486445153
2025-10-14,daily,all subpops,Age 0,new_H,baseline,0.008750336802557566,0.003536471295486651,0.018570216608078845
2025-10-15,daily,all subpops,Age 0,new_H,baseline,0.008837914322589211,0.003627242535808988,0.018945574923314862
2025-10-16,daily,all subpops,Age 0,new_H,baseline,0.009018035432345636,0.0037590272008832804,0.01944867976983627
2025-10-17,daily,all subpops,Age 0,new_H,baseline,0.009324656520950608,0.003850113300428057,0.020058553535599547
2025-10-18,daily,all subpops,Age 0,new_H,baseline,0.009733691411017228,0.004054395343930774,0.020799273004020347
2025-10-19,daily,all subpops,Age 0,new_H,baseline,0.010181823805946136,0.004235707082343079,0.021534322780475165
2025-10-20,daily,all subpops,Age 0,new_H,baseline,0.010514706322508529,0.004396217431128745,0.0221913614897137
2025-10-21,daily,all subpops,Age 0,new_H,baseline,0.010668918675038516,0.004528997433735017,0.02249133114045259
2025-10-22,daily,all subpops,Age 0,new_H,baseline,0.010781870104004842,0.00466956014490085,0.023224738423524675
2025-10-23,daily,all subpops,Age 0,new_H,baseline,0.011025674018400633,0.004835249537136335,0.02350343909324121
2025-10-24,daily,all subpops,Age 0,new_H,baseline,0.011285382199506998,0.00505286139846451,0.023797196080556304
2025-10-25,daily,all subpops,Age 0,new_H,baseline,0.011751582462274984,0.005341862550408689,0.024798665501343152
2025-10-26,daily,all subpops,Age 0,new_H,baseline,0.012377538405609203,0.00572997819674426,0.02538296771615725
2025-10-27,daily,all subpops,Age 0,new_H,baseline,0.013086887707479646,0.006146661966137476,0.026965542764956184
2025-10-28,daily,all subpops,Age 0,new_H,baseline,0.013682929521796405,0.0064852520054997755,0.02782979581239142
2025-10-29,daily,all subpops,Age 0,new_H,baseline,0.014173989698668222,0.0067575992144813515,0.028932473664636763
2025-10-30,daily,all subpops,Age 0,new_H,baseline,0.01467455698265745,0.007093816757799956,0.028944963165703302
2025-10-31,daily,all subpops,Age 0,new_H,baseline,0.01517528891391166,0.007451186689096404,0.028640524053069653
2025-11-01,daily,all subpops,Age 0,new_H,baseline,0.015817449281159246,0.00799749734358336,0.029655147282997663
2025-11-02,daily,all subpops,Age 0,new_H,baseline,0.01669815795003748,0.00864201129845949,0.031123323074554857
2025-11-03,daily,all subpops,Age 0,new_H,baseline,0.01770609004534655,0.009278776887054216,0.032561894185315805
2025-11-04,daily,all subpops,Age 0,new_H,baseline,0.018680546087654407,0.009816637527251268,0.03422320555741408
2025-11-05,daily,all subpops,Age 0,new_H,baseline,0.019473900060980768,0.01019888790872555,0.03542487546717428
2025-11-06,daily,all subpops,Age 0,new_H,baseline,0.02027750005715432,0.010819569246655706,0.03598660259328652
2025-11-07,daily,all subpops,Age 0,new_H,baseline,0.021378382194071236,0.011741927430076678,0.03748656966813574
2025-11-08,daily,all subpops,Age 0,new_H,baseline,0.02282004559763118,0.012757597330007031,0.03930649609488651
2025-11-09,daily,all subpops,Age 0,new_H,baseline,0.024343565253955063,0.013933299556532332,0.04119215271423017
2025-11-10,daily,all subpops,Age 0,new_H,baseline,0.025708838039731098,0.01480912343964302,0.042972464215790804
2025-11-11,daily,all subpops,Age 0,new_H,baseline,0.02718930276137034,0.015860933844864412,0.04408157144438933
2025-11-12,daily,all subpops,Age 0,new_H,baseline,0.02869106264033123,0.01698661961957303,0.04607765075786445
2025-11-13,daily,all subpops,Age 0,new_H,baseline,0.030218103380939648,0.018311296527972153,0.04774076684115466
2025-11-14,daily,all subpops,Age 0,new_H,baseline,0.032127350695702245,0.019708718858886216,0.04960294232955158
2025-11-15,daily,all subpops,Age 0,new_H,baseline,0.034396182032372144,0.02138908394533751,0.05344476183715714
2025-11-16,daily,all subpops,Age 0,new_H,baseline,0.03708410641892795,0.023092714313439677,0.05772864694775768
2025-11-17,daily,all subpops,Age 0,new_H,baseline,0.0398470519088251,0.024789805707033707,0.060649436666854885
2025-11-18,daily,all subpops,Age 0,new_H,baseline,0.04266259968768991,0.027016790594906245,0.06502587777887606
2025-11-19,daily,all subpops,Age 0,new_H,baseline,0.045622404472777614,0.028992427353067007,0.06941755696774268
2025-11-20,daily,all subpops,Age 0,new_H,baseline,0.048822287559143654,0.0314000643372178,0.07426780970147505
2025-11-21,daily,all subpops,Age 0,new_H,baseline,0.05290834181408019,0.03406635968755345,0.08050469830196508
2025-11-22,daily,all subpops,Age 0,new_H,baseline,0.05735056744215768,0.03759875103071095,0.08741298743947698
2025-11-23,daily,all subpops,Age 0,new_H,baseline,0.06228792441854228,0.04192789346811577,0.0943508102672636
2025-11-24,daily,all subpops,Age 0,new_H,baseline,0.0681995970129661,0.0455610154338073,0.10194627514367224
2025-11-25,daily,all subpops,Age 0,new_H,baseline,0.0736821364981908,0.04817568669592932,0.10875038811820201
2025-11-26,daily,all subpops,Age 0,new_H,baseline,0.07863872862624907,0.05049187792911407,0.1168777712697869
2025-11-27,daily,all subpops,Age 0,new_H,baseline,0.08295678027629058,0.05342628518211017,0.12242772399865413
2025-11-28,daily,all subpops,Age 0,new_H,baseline,0.08927064628762615,0.05769231505860824,0.1310361989449634
2025-11-29,daily,all subpops,Age 0,new_H,baseline,0.09707972283619165,0.06238037347076865,0.14356889987662097
2025-11-30,daily,all subpops,Age 0,new_H,baseline,0.10565901503635351,0.06817267245450506,0.1570072346351367
2025-12-01,daily,all subpops,Age 0,new_H,baseline,0.11228417008854605,0.07203504294081584,0.16607183858198696
2025-12-02,daily,all subpops,Age 0,new_H,baseline,0.11815941285136008,0.07609112677718492,0.17459080760803386
2025-12-03,daily,all subpops,Age 0,new_H,baseline,0.12318785386680234,0.07859035901105768,0.1835661221237201
2025-12-04,daily,all subpops,Age 0,new_H,baseline,0.13048820732164357,0.08378170779600673,0.1937770923068458
2025-12-05,daily,all subpops,Age 0,new_H,baseline,0.14104816729628655,0.09238487817219068,0.2093385108283439
2025-12-06,daily,all subpops,Age 0,new_H,baseline,0.15485960469297466,0.10371531018329981,0.23115811839273542
2025-12-07,daily,all subpops,Age 0,new_H,baseline,0.17123181136728305,0.11665005238252814,0.2559105870061861
2025-12-08,daily,all subpops,Age 0,new_H,baseline,0.18867723093044517,0.12981322554457408,0.28314176145394643
2025-12-09,daily,all subpops,Age 0,new_H,baseline,0.2086349293037733,0.14356328776648705,0.31062620523949874
2025-12-10,daily,all subpops,Age 0,new_H,baseline,0.229664007258706,0.15725779832835485,0.337241115034624
2025-12-11,daily,all subpops,Age 0,new_H,baseline,0.2503193761875814,0.17126344766623647,0.36338438952085284
2025-12-12,daily,all subpops,Age 0,new_H,baseline,0.27498209904390514,0.18650813542312702,0.4036654387685539
2025-12-13,daily,all subpops,Age 0,new_H,baseline,0.3088573260006443,0.20766952828555885,0.45589296570558474
2025-12-14,daily,all subpops,Age 0,new_H,baseline,0.3479666473567992,0.2333537007647737,0.5133847880715173
2025-12-15,daily,all subpops,Age 0,new_H,baseline,0.3896398689953151,0.261608289956669,0.5708373576951473
2025-12-16,daily,all subpops,Age 0,new_H,baseline,0.43268901783745695,0.2895570679861932,0.6303679411441794
2025-12-17,daily,all subpops,Age 0,new_H,baseline,0.4753138659669932,0.31866830484264685,0.6951394832056651
2025-12-18,daily,all subpops,Age 0,new_H,baseline,0.5193283731823628,0.3495313751080897,0.7540504845772563
2025-12-19,daily,all subpops,Age 0,new_H,baseline,0.5689350954270052,0.38439219493706966,0.8215675188589008
2025-12-20,daily,all subpops,Age 0,new_H,baseline,0.6282380569951118,0.4308275506924375,0.9006013256007163
2025-12-21,daily,all subpops,Age 0,new_H,baseline,0.6992201759614121,0.49218227370801343,1.0081167744894795
2025-12-22,daily,all subpops,Age 0,new_H,baseline,0.7776473379763464,0.5501439172397785,1.133280241066624
2025-12-23,daily,all subpops,Age 0,new_H,baseline,0.8536089454502722,0.6037931375544262,1.2542783289834882
2025-12-24,daily,all subpops,Age 0,new_H,baseline,0.918985662035109,0.6529131070403283,1.3386710416965013
2025-12-25,daily,all subpops,Age 0,new_H,baseline,0.9687353079318155,0.6894204829104282,1.4131824777431405
2025-12-26,daily,all subpops,Age 0,new_H,baseline,1.0192016400297361,0.7157292746987681,1.4779358464874197
2025-12-27,daily,all subpops,Age 0,new_H,baseline,1.0585913812988283,0.7473917581248871,1.5442982307847335
2025-12-28,daily,all subpops,Age 0,new_H,baseline,1.0837040221907892,0.7621622353963772,1.5753671303604266
2025-12-29,daily,all subpops,Age 0,new_H,baseline,1.0920294111506261,0.7697646609591084,1.5779337567549876
2025-12-30,daily,all subpops,Age 0,new_H,baseline,1.0796566371107952,0.7566558479729002,1.5536327356467743
2025-12-31,daily,all subpops,Age 0,new_H,baseline,1.0576290197023082,0.7422566394000545,1.5173241066896226
2026-01-01,daily,all subpops,Age 0,new_H,baseline,1.0319096466044055,0.7234950740685544,1.4677699098610633
2026-01-02,daily,all subpops,Age 0,new_H,baseline,1.0004015038538387,0.6994875521509564,1.419127948567767
2026-01-03,daily,all subpops,Age 0,new_H,baseline,0.9611193400965763,0.6762289949917728,1.363145480919853
2026-01-04,daily,all subpops,Age 0,new_H,baseline,0.9160593574808025,0.6488471787602779,1.3028775233016234
2026-01-05,daily,all subpops,Age 0,new_H,baseline,0.8688573808309866,0.6163051387449099,1.2406126545405474
2026-01-06,daily,all subpops,Age 0,new_H,baseline,0.8159714825293046,0.5807915261866292,1.1697757384516652
2026-01-07,daily,all subpops,Age 0,new_H,baseline,0.762166916182241,0.5420659777149337,1.0918804161872628
2026-01-08,daily,all subpops,Age 0,new_H,baseline,0.7086235675923406,0.5009198078323741,1.0101439113253097
2026-01-09,daily,all subpops,Age 0,new_H,baseline,0.6569993284084414,0.4633656093609179,0.938738101195776
2026-01-10,daily,all subpops,Age 0,new_H,baseline,0.6133655141877382,0.4293964320814719,0.8751282342914789
2026-01-11,daily,all subpops,Age 0,new_H,baseline,0.5732338729459389,0.3996392743079034,0.8191852456327379
2026-01-12,daily,all subpops,Age 0,new_H,baseline,0.5373922476389286,0.37360206370967086,0.7689496416913718
2026-01-13,daily,all subpops,Age 0,new_H,baseline,0.5026938868414166,0.35289007951230555,0.7227134185752613
2026-01-14,daily,all subpops,Age 0,new_H,baseline,0.4694712845679769,0.32698631641962794,0.6752836502559806
2026-01-15,daily,all subpops,Age 0,new_H,baseline,0.4353803314056468,0.3042427382087331,0.6198659407583386
2026-01-16,daily,all subpops,Age 0,new_H,baseline,0.40299779138605074,0.2842739761367837,0.5729856191178981
2026-01-17,daily,all subpops,Age 0,new_H,baseline,0.3754516321072405,0.2636872267148875,0.5376763904127134
2026-01-18,daily,all subpops,Age 0,new_H,baseline,0.35073540334052783,0.2446221407652297,0.5002532044595163
2026-01-19,daily,all subpops,Age 0,new_H,baseline,0.3279975986266924,0.22541467510857657,0.463666704568021
2026-01-20,daily,all subpops,Age 0,new_H,baseline,0.30489940094572493,0.20803118164792764,0.4304335092946046
2026-01-21,daily,all subpops,Age 0,new_H,baseline,0.28365621781234907,0.19419114968851542,0.4017736670887153
2026-01-22,daily,all subpops,Age 0,new_H,baseline,0.2633920129359608,0.17943070724748234,0.37494265781362396
2026-01-23,daily,all subpops,Age 0,new_H,baseline,0.24350764259514324,0.16787199704400194,0.35003470662864744
2026-01-24,daily,all subpops,Age 0,new_H,baseline,0.22627919978967592,0.15494414114135735,0.3276027207391616
2026-01-25,daily,all subpops,Age 0,new_H,baseline,0.21247606167340088,0.14516454492294648,0.3091616548606638
2026-01-26,daily,all subpops,Age 0,new_H,baseline,0.19936687422847332,0.13588227195287347,0.2909402616826022
2026-01-27,daily,all subpops,Age 0,new_H,baseline,0.18637901866002,0.12629559249864816,0.27232263590206895
2026-01-28,daily,all subpops,Age 0,new_H,baseline,0.17434877033178098,0.11701525553315943,0.2543463247605746
2026-01-29,daily,all subpops,Age 0,new_H,baseline,0.1630770056747239,0.10914888449823852,0.2386012752468831
2026-01-30,daily,all subpops,Age 0,new_H,baseline,0.15327976449327554,0.1026920767249684,0.22667923967383644
2026-01-31,daily,all subpops,Age 0,new_H,baseline,0.14460847945349037,0.09560457401458733,0.21563926130746514
2026-02-01,daily,all subpops,Age 0,new_H,baseline,0.13725570946716775,0.09083524909449225,0.2060383023904414
2026-02-02,daily,all subpops,Age 0,new_H,baseline,0.13054362091384575,0.08683779680850498,0.19622176955643386
2026-02-03,daily,all subpops,Age 0,new_H,baseline,0.12410245632603657,0.08304725168955367,0.18588852090426758
2026-02-04,daily,all subpops,Age 0,new_H,baseline,0.11766202807181528,0.07834171490722813,0.1752153573029735
2026-02-05,daily,all subpops,Age 0,new_H,baseline,0.11150985895368604,0.07246968618376867,0.16631907921694494
2026-02-06,daily,all subpops,Age 0,new_H,baseline,0.10575877930464936,0.06945495869933171,0.16004943899676202
2026-02-07,daily,all subpops,Age 0,new_H,baseline,0.10089342051346502,0.06563914167094755,0.15357380244402835
2026-02-08,daily,all subpops,Age 0,new_H,baseline,0.0974878999303746,0.0625059050636867,0.14851802987315732
2026-02-09,daily,all subpops,Age 0,new_H,baseline,0.09448203170598324,0.05952687534172118,0.14528394916708895
2026-02-10,daily,all subpops,Age 0,new_H,baseline,0.09164887470805805,0.05797495822204607,0.14105785127696932
2026-02-11,daily,all subpops,Age 0,new_H,baseline,0.0887131905013705,0.05552835295458497,0.1358587951338097
2026-02-12,daily,all subpops,Age 0,new_H,baseline,0.08549639800221463,0.05412729254540295,0.130367517785747
2026-02-13,daily,all subpops,Age 0,new_H,baseline,0.08293149961975249,0.05248303494012915,0.12580806041268827
2026-02-14,daily,all subpops,Age 0,new_H,baseline,0.08067761948640464,0.05104056640389822,0.12230048867527345
2026-02-15,daily,all subpops,Age 0,new_H,baseline,0.07941137175659999,0.050214691034525194,0.12061577920361864
2026-02-16,daily,all subpops,Age 0,new_H,baseline,0.07818112099980726,0.05025150769557342,0.1205382979562004
2026-02-17,daily,all subpops,Age 0,new_H,baseline,0.07688829248748816,0.04941268031997749,0.12061442294645186
2026-02-18,daily,all subpops,Age 0,new_H,baseline,0.07518521794398081,0.047522063796602294,0.11746102767568417
2026-02-19,daily,all subpops,Age 0,new_H,baseline,0.07262948314142556,0.04601007527656217,0.11374246974465141
2026-02-20,daily,all subpops,Age 0,new_H,baseline,0.07001050836421766,0.0438709208098183,0.11072277217018278
2026-02-21,daily,all subpops,Age 0,new_H,baseline,0.06765335274835334,0.04210771751873478,0.10746640947438171
2026-02-22,daily,all subpops,Age 0,new_H,baseline,0.06522964704336837,0.0404957361338928,0.10403202121013767
2026-02-23,daily,all subpops,Age 0,new_H,baseline,0.062419714878140554,0.03868971626862824,0.09999778570007452
2026-02-24,daily,all subpops,Age 0,new_H,baseline,0.05966859027456009,0.036842812854856334,0.09566949454933044
2026-02-25,daily,all subpops,Age 0,new_H,baseline,0.05699858883483215,0.03531920399529292,0.09168653632475939
2026-02-26,daily,all subpops,Age 0,new_H,baseline,0.05475608421200319,0.033684834433480214,0.08810874385927546
2026-02-27,daily,all subpops,Age 0,new_H,baseline,0.05290272215040406,0.03259791769815319,0.0842383716646553
2026-02-28,daily,all subpops,Age 0,new_H,baseline,0.051297080784863155,0.0313319430362474,0.0822148979148201
2026-03-01,daily,all subpops,Age 0,new_H,baseline,0.05005706803548914,0.03024990512186427,0.07968571903489606
2026-03-02,daily,all subpops,Age 0,new_H,baseline,0.0491085148081252,0.029574234340868623,0.0783378137749076
2026-03-03,daily,all subpops,Age 0,new_H,baseline,0.04842327057689634,0.028777842744838716,0.07613559897866826
2026-03-04,daily,all subpops,Age 0,new_H,baseline,0.04740213782834811,0.027942588369780186,0.07347192207249845
2026-03-05,daily,all subpops,Age 0,new_H,baseline,0.04639758176899411,0.02694622842125765,0.07157199270684352
2026-03-06,daily,all subpops,Age 0,new_H,baseline,0.04476194144429539,0.02623994700309455,0.06970971678134102
2026-03-07,daily,all subpops,Age 0,new_H,baseline,0.04376735079104267,0.025466129141914606,0.0680554542963397
2026-03-08,daily,all subpops,Age 0,new_H,baseline,0.04291447439022721,0.024746811228456744,0.06697582778392512
2026-03-09,daily,all subpops,Age 0,new_H,baseline,0.04199617387046933,0.023942237019660858,0.0652943044759061
2026-03-10,daily,all subpops,Age 0,new_H,baseline,0.040843686828589444,0.023047609463958292,0.06337944892880794
2026-03-11,daily,all subpops,Age 0,new_H,baseline,0.03923247114402095,0.02214606014599195,0.061388454456626815
2026-03-12,daily,all subpops,Age 0,new_H,baseline,0.037885442575351966,0.02130488280456778,0.05926998035844488
2026-03-13,daily,all subpops,Age 0,new_H,baseline,0.03661471536881828,0.02050759167463492,0.057329582991660695
2026-03-14,daily,all subpops,Age 0,new_H,baseline,0.03613965564690519,0.02041954800951511,0.056197453514625836
2026-03-15,daily,all subpops,Age 0,new_H,baseline,0.03582384986929249,0.020166601407998707,0.055493802955618704
2026-03-16,daily,all subpops,Age 0,new_H,baseline,0.0353373216833817,0.020138818462644006,0.05472386142213992
2026-03-17,daily,all subpops,Age 0,new_H,baseline,0.03446238074793214,0.019883764991557373,0.053106949956844986
2026-03-18,daily,all subpops,Age 0,new_H,baseline,0.033398900262503015,0.019252942350532102,0.051886613350997576
2026-03-19,daily,all subpops,Age 0,new_H,baseline,0.032727261448113866,0.018861290183896474,0.051186442344145516
2026-03-20,daily,all subpops,Age 0,new_H,baseline,0.03230344719881244,0.01846023521852869,0.05070140563325064
2026-03-21,daily,all subpops,Age 0,new_H,baseline,0.03198591409348671,0.018062532552151275,0.0502119445584267
2026-03-22,daily,all subpops,Age 0,new_H,baseline,0.03169608431411384,0.017544885839652916,0.04956943049067729
2026-03-23,daily,all subpops,Age 0,new_H,baseline,0.031082920370843696,0.017105831793961163,0.04907249331785434
2026-03-24,daily,all subpops,Age 0,new_H,baseline,0.030494377545355757,0.016714439887607117,0.0488255468854102
2026-03-25,daily,all subpops,Age 0,new_H,baseline,0.03014078997935217,0.016477424236475666,0.04879707253068718
2026-03-26,daily,all subpops,Age 0,new_H,baseline,0.029946606345952212,0.01632870944507166,0.04824598873946244
2026-03-27,daily,all subpops,Age 0,new_H,baseline,0.029640353397280723,0.016211880683063715,0.04709442633630769
2026-03-28,daily,all subpops,Age 0,new_H,baseline,0.029576941729807276,0.01628673238717263,0.04679241074476032
2026-03-29,daily,all subpops,Age 0,new_H,baseline,0.030052102038806275,0.016240235671571165,0.04727710017751328
2026-03-30,daily,all subpops,Age 0,new_H,baseline,0.030230839263651305,0.01621443320422498,0.04790366923964379
2026-03-31,daily,all subpops,Age 0,new_H,baseline,0.03002610104838206,0.016276831516401906,0.047776788345474934
2026-04-01,daily,all subpops,Age 0,new_H,baseline,0.029567283898562665,0.016142868730478255,0.04729930482536793
2026-04-02,daily,all subpops,Age 0,new_H,baseline,0.028957314724263095,0.015576700987549182,0.04635102350957387
2026-04-03,daily,all subpops,Age 0,new_H,baseline,0.028165734026570237,0.014932407673770605,0.04528005409843293
2026-04-04,daily,all subpops,Age 0,new_H,baseline,0.027647162382535884,0.014527513664390845,0.04485199254007069
2026-04-05,daily,all subpops,Age 0,new_H,baseline,0.02724188246744101,0.014113602848018564,0.04407917658847712
2026-04-06,daily,all subpops,Age 0,new_H,baseline,0.02669101445648224,0.013646308512664443,0.04386486933149127
2026-04-07,daily,all subpops,Age 0,new_H,baseline,0.026274653815455056,0.013363786895078805,0.043237623742702985
2026-04-08,daily,all subpops,Age 0,new_H,baseline,0.025934370175019067,0.01317762092640791,0.042523417920790625
2026-04-09,daily,all subpops,Age 0,new_H,baseline,0.025562340218966674,0.013167816766234733,0.04205531384314722
2026-04-10,daily,all subpops,Age 0,new_H,baseline,0.025321894294032747,0.013134080119128136,0.041534549962874964
2026-04-11,daily,all subpops,Age 0,new_H,baseline,0.024913028175853873,0.013080992884064137,0.04075293249428792
2026-04-12,daily,all subpops,Age 0,new_H,baseline,0.024662473294825748,0.013052607729088277,0.04070110503165356
2026-04-13,daily,all subpops,Age 0,new_H,baseline,0.024453066641085854,0.013071796932643561,0.04100542255963706
2026-04-14,daily,all subpops,Age 0,new_H,baseline,0.023774444519249614,0.013005589418119745,0.03974502676521146
2026-04-15,daily,all subpops,Age 0,new_H,baseline,0.02296346337945555,0.012556710683160248,0.037772266186079574
2026-04-16,daily,all subpops,Age 0,new_H,baseline,0.022061080752450172,0.01205651929982149,0.03687122414443744
2026-04-17,daily,all subpops,Age 0,new_H,baseline,0.02100887258413316,0.011570602241650477,0.03635630009429261
2026-04-18,daily,all subpops,Age 0,new_H,baseline,0.020141345779656625,0.011100189068054723,0.0355827639554448
2026-04-19,daily,all subpops,Age 0,new_H,baseline,0.01950533971762973,0.010639456977125678,0.035140120429151586
2026-04-20,daily,all subpops,Age 0,new_H,baseline,0.01905273079974531,0.010164589216895037,0.03444948686045973
2026-04-21,daily,all subpops,Age 0,new_H,baseline,0.01863622113353828,0.009873364785783958,0.03385529276203873
2026-04-22,daily,all subpops,Age 0,new_H,baseline,0.01830720022386844,0.00956515011153466,0.033563878988200575
2026-04-23,daily,all subpops,Age 0,new_H,baseline,0.017999376324683923,0.00923677868694707,0.03296390863716564
2026-04-24,daily,all subpops,Age 0,new_H,baseline,0.017486207261939786,0.008851660653250992,0.03209223557364494
2026-04-25,daily,all subpops,Age 0,new_H,baseline,0.01703264512518178,0.008626124808240711,0.031484760380927936
2026-04-26,daily,all subpops,Age 0,new_H,baseline,0.016597875372992173,0.00824514192841281,0.031064446129903105
2026-04-27,daily,all subpops,Age 0,new_H,baseline,0.016190557430912092,0.007784680112028801,0.03057795882660177
2026-04-28,daily,all subpops,Age 0,new_H,baseline,0.01565482484923674,0.007516934920407298,0.029553545061151612
2026-04-29,daily,all subpops,Age 0,new_H,baseline,0.01512626105762273,0.007127988393483138,0.028827740101048226
2026-04-30,daily,all subpops,Age 0,new_H,baseline,0.014713927889689227,0.0067431851468503145,0.027409844657779292
2026-05-01,daily,all subpops,Age 0,new_H,baseline,0.01421270066598594,0.006314874322174963,0.026986684473802768
2026-05-02,daily,all subpops,Age 0,new_H,baseline,0.013857608230824173,0.00595385627905476,0.027037666975397976
2026-05-03,daily,all subpops,Age 0,new_H,baseline,0.013602583173957374,0.005597707218297226,0.028015119033453835
2026-05-04,daily,all subpops,Age 0,new_H,baseline,0.013507894959457391,0.00536456073551762,0.0288165796627064
2026-05-05,daily,all subpops,Age 0,new_H,baseline,0.013246937412822056,0.0050625965583302596,0.029342223159379455
2026-05-06,daily,all subpops,Age 0,new_H,baseline,0.01283195328120285,0.0045886039203968864,0.02932422607553993
2026-05-07,daily,all subpops,Age 0,new_H,baseline,0.012535278758806686,0.004117693985019284,0.029353182797421298
2026-05-08,daily,all subpops,Age 0,new_H,baseline,0.012217049252041472,0.003796998554961978,0.03078204109584493
2025-09-01,daily,all subpops,Age 1,new_H,baseline,0.010587236646086507,0.003533306119903348,0.02705984902037276
2025-09-02,daily,all subpops,Age 1,new_H,baseline,0.02563151033576972,0.008565144876295621,0.06508759671111038
2025-09-03,daily,all subpops,Age 1,new_H,baseline,0.032055362389119865,0.01081012805945933,0.08044562879314078
2025-09-04,daily,all subpops,Age 1,new_H,baseline,0.03500785286362472,0.012000371236918791,0.08671556277210843
2025-09-05,daily,all subpops,Age 1,new_H,baseline,0.03663697198905354,0.012648020465212621,0.08981314200453394
2025-09-06,daily,all subpops,Age 1,new_H,baseline,0.0374843419543433,0.013168170073514892,0.09142806493196927
2025-09-07,daily,all subpops,Age 1,new_H,baseline,0.037098284827775885,0.01325193095769387,0.08938936273834953
2025-09-08,daily,all subpops,Age 1,new_H,baseline,0.036169329776488915,0.013168686807370059,0.0863719145619005
2025-09-09,daily,all subpops,Age 1,new_H,baseline,0.03608288156931772,0.013503744992820798,0.08410156562320914
2025-09-10,daily,all subpops,Age 1,new_H,baseline,0.03701812320460854,0.013826531062728943,0.0842841021114272
2025-09-11,daily,all subpops,Age 1,new_H,baseline,0.03799336396468994,0.014266540914578837,0.0851797982357868
2025-09-12,daily,all subpops,Age 1,new_H,baseline,0.039386172794202354,0.014790761419248533,0.08711940818765314
2025-09-13,daily,all subpops,Age 1,new_H,baseline,0.04049225893589389,0.015292426573394982,0.08748527562478135
2025-09-14,daily,all subpops,Age 1,new_H,baseline,0.04007911660226743,0.015320363263678867,0.08583244587497296
2025-09-15,daily,all subpops,Age 1,new_H,baseline,0.03935344140276118,0.015155055224635467,0.08252241359750277
2025-09-16,daily,all subpops,Age 1,new_H,baseline,0.0394808801919799,0.015516589686177496,0.08167642031640207
2025-09-17,daily,all subpops,Age 1,new_H,baseline,0.040083407154325,0.016156922108140393,0.08181725328494747
2025-09-18,daily,all subpops,Age 1,new_H,baseline,0.041258602457157734,0.016657469862660708,0.08269778846118118
2025-09-19,daily,all subpops,Age 1,new_H,baseline,0.04258645215842169,0.017275639189015018,0.08375709486921433
2025-09-20,daily,all subpops,Age 1,new_H,baseline,0.043712826475071145,0.0178483862853958,0.08302282694303907
2025-09-21,daily,all subpops,Age 1,new_H,baseline,0.043907877961167435,0.017898227417427914,0.08298543643394067
2025-09-22,daily,all subpops,Age 1,new_H,baseline,0.04273608108615022,0.017704625758879884,0.0808134703589759
2025-09-23,daily,all subpops,Age 1,new_H,baseline,0.04247602291204296,0.0180703484243756,0.08220322304539225
2025-09-24,daily,all subpops,Age 1,new_H,baseline,0.04275728603771875,0.018156127674967423,0.08279704452540752
2025-09-25,daily,all subpops,Age 1,new_H,baseline,0.043121855740941434,0.018875238829517384,0.08346493343405537
2025-09-26,daily,all subpops,Age 1,new_H,baseline,0.04384416825302029,0.018912124866054127,0.08438902980885726
2025-09-27,daily,all subpops,Age 1,new_H,baseline,0.04407581876322608,0.019227204747931294,0.08518425494468013
2025-09-28,daily,all subpops,Age 1,new_H,baseline,0.04310692823815862,0.019004154085777995,0.08336320927271686
2025-09-29,daily,all subpops,Age 1,new_H,baseline,0.041065029953121016,0.018503075599729985,0.08046901138003643
2025-09-30,daily,all subpops,Age 1,new_H,baseline,0.04030344991753201,0.018091853439588162,0.07778029907773629
2025-10-01,daily,all subpops,Age 1,new_H,baseline,0.040321522093583556,0.018298222744259893,0.07680785967263107
2025-10-02,daily,all subpops,Age 1,new_H,baseline,0.041282721488286364,0.018742441831487988,0.07858881746795075
2025-10-03,daily,all subpops,Age 1,new_H,baseline,0.04259009763585793,0.01885961254684853,0.08007669420485589
2025-10-04,daily,all subpops,Age 1,new_H,baseline,0.04393972920787732,0.019762548762520607,0.0823435279619911
2025-10-05,daily,all subpops,Age 1,new_H,baseline,0.04382053195831115,0.018954986816856687,0.08238068344695289
2025-10-06,daily,all subpops,Age 1,new_H,baseline,0.0426281319223328,0.01878238644256467,0.08060627802035673
2025-10-07,daily,all subpops,Age 1,new_H,baseline,0.04222981378675179,0.018428718931828993,0.08077688871901198
2025-10-08,daily,all subpops,Age 1,new_H,baseline,0.04276038036416772,0.019010938500937286,0.07989122760288898
2025-10-09,daily,all subpops,Age 1,new_H,baseline,0.04381047735146139,0.01963431246903764,0.08184169882335829
2025-10-10,daily,all subpops,Age 1,new_H,baseline,0.04645210192312366,0.02057400659699903,0.08549559017454121
2025-10-11,daily,all subpops,Age 1,new_H,baseline,0.04923756027905804,0.021484403898009822,0.09150674025251194
2025-10-12,daily,all subpops,Age 1,new_H,baseline,0.05026822547549233,0.021875320459046377,0.09273730034810981
2025-10-13,daily,all subpops,Age 1,new_H,baseline,0.049378027783610556,0.021814487004415687,0.0917006582165145
2025-10-14,daily,all subpops,Age 1,new_H,baseline,0.04802342982486957,0.02178290496443119,0.09013454007426164
2025-10-15,daily,all subpops,Age 1,new_H,baseline,0.04836646226021128,0.021838815796913574,0.09048294184325403
2025-10-16,daily,all subpops,Age 1,new_H,baseline,0.050285474784228644,0.022857157805432387,0.09298887672296624
2025-10-17,daily,all subpops,Age 1,new_H,baseline,0.05330068663492503,0.0237447889313172,0.09827972238950823
2025-10-18,daily,all subpops,Age 1,new_H,baseline,0.056544013213979546,0.025078825700572016,0.10241372124111751
2025-10-19,daily,all subpops,Age 1,new_H,baseline,0.058077143346761964,0.02542621293071058,0.10560334499150603
2025-10-20,daily,all subpops,Age 1,new_H,baseline,0.05772587635470931,0.025207649071739145,0.10588492756499529
2025-10-21,daily,all subpops,Age 1,new_H,baseline,0.0583022595060827,0.025551785980459207,0.10734835161178466
2025-10-22,daily,all subpops,Age 1,new_H,baseline,0.06019900543591603,0.026529317950145827,0.11042049199769204
2025-10-23,daily,all subpops,Age 1,new_H,baseline,0.06272459215386833,0.028022389827361875,0.11465028364687947
2025-10-24,daily,all subpops,Age 1,new_H,baseline,0.06654971580412625,0.029936472692185506,0.12010698673848041
2025-10-25,daily,all subpops,Age 1,new_H,baseline,0.07021400145092697,0.03185671379153659,0.12908062507324797
2025-10-26,daily,all subpops,Age 1,new_H,baseline,0.07174807161745028,0.03261892850575263,0.12957834272409754
2025-10-27,daily,all subpops,Age 1,new_H,baseline,0.07189160047275925,0.032715468314490265,0.1285172925472875
2025-10-28,daily,all subpops,Age 1,new_H,baseline,0.07379772883587876,0.03381717551882502,0.1312753534986125
2025-10-29,daily,all subpops,Age 1,new_H,baseline,0.07766118793124749,0.036127418140990616,0.13644368773349558
2025-10-30,daily,all subpops,Age 1,new_H,baseline,0.0819022327425506,0.038946274720294646,0.14673780307093354
2025-10-31,daily,all subpops,Age 1,new_H,baseline,0.08613246691734125,0.04210034463876181,0.15440727169089155
2025-11-01,daily,all subpops,Age 1,new_H,baseline,0.09049184963950965,0.0448293516480616,0.16279345992367272
2025-11-02,daily,all subpops,Age 1,new_H,baseline,0.09252334669012999,0.046233717040738295,0.1624901320886062
2025-11-03,daily,all subpops,Age 1,new_H,baseline,0.09317786591334605,0.04720841239076142,0.16378260250262186
2025-11-04,daily,all subpops,Age 1,new_H,baseline,0.09676374727798914,0.04966457753964131,0.1687256854426693
2025-11-05,daily,all subpops,Age 1,new_H,baseline,0.10321548533289474,0.05303172708977604,0.17967876399657687
2025-11-06,daily,all subpops,Age 1,new_H,baseline,0.11069521108267187,0.05770160877751611,0.19076101145343843
2025-11-07,daily,all subpops,Age 1,new_H,baseline,0.11917646303419296,0.06411320221215497,0.20331887402636883
2025-11-08,daily,all subpops,Age 1,new_H,baseline,0.12837133055619177,0.07056569864965445,0.21597768005675677
2025-11-09,daily,all subpops,Age 1,new_H,baseline,0.13308238327701238,0.07470857725900958,0.22049743632031943
2025-11-10,daily,all subpops,Age 1,new_H,baseline,0.13371069086875592,0.07679241273020668,0.21999868393225266
2025-11-11,daily,all subpops,Age 1,new_H,baseline,0.13799092374743765,0.08067156863753944,0.22659083106830513
2025-11-12,daily,all subpops,Age 1,new_H,baseline,0.1429364278988529,0.08407059681787667,0.23174964771855652
2025-11-13,daily,all subpops,Age 1,new_H,baseline,0.1512128777831337,0.09058652197138785,0.24359045093739
2025-11-14,daily,all subpops,Age 1,new_H,baseline,0.164882858651281,0.10045799563388981,0.26030279517963006
2025-11-15,daily,all subpops,Age 1,new_H,baseline,0.17946820371108235,0.11058758655195484,0.28608989272530716
2025-11-16,daily,all subpops,Age 1,new_H,baseline,0.18862201101946477,0.11651537912034794,0.301096319246576
2025-11-17,daily,all subpops,Age 1,new_H,baseline,0.19331582051864754,0.1208154229211284,0.30962857107864994
2025-11-18,daily,all subpops,Age 1,new_H,baseline,0.20623760909894118,0.1292460179981508,0.32853679707528655
2025-11-19,daily,all subpops,Age 1,new_H,baseline,0.22474812576523132,0.14227060301675237,0.3552333853173049
2025-11-20,daily,all subpops,Age 1,new_H,baseline,0.24700472791803646,0.1589316693660967,0.38532205798418506
2025-11-21,daily,all subpops,Age 1,new_H,baseline,0.2744342417593174,0.17745022857073944,0.42606201609666966
2025-11-22,daily,all subpops,Age 1,new_H,baseline,0.302374258573941,0.19750598144329756,0.459936367802312
2025-11-23,daily,all subpops,Age 1,new_H,baseline,0.3190102955519612,0.210920808644875,0.4801274088178687
2025-11-24,daily,all subpops,Age 1,new_H,baseline,0.3310077461495311,0.21946857151476934,0.4959117609267385
2025-11-25,daily,all subpops,Age 1,new_H,baseline,0.3531250085239325,0.23145551132773676,0.5173329169345934
2025-11-26,daily,all subpops,Age 1,new_H,baseline,0.38201057868264515,0.25055702111711203,0.550198624397883
2025-11-27,daily,all subpops,Age 1,new_H,baseline,0.4096928700231145,0.2689561865241759,0.5888370912354649
2025-11-28,daily,all subpops,Age 1,new_H,baseline,0.4277029312574623,0.277608440499382,0.6131068097004261
2025-11-29,daily,all subpops,Age 1,new_H,baseline,0.44194685259877614,0.2831144934193418,0.6299916018175781
2025-11-30,daily,all subpops,Age 1,new_H,baseline,0.4533024230293496,0.29022478222139103,0.6456093890533722
2025-12-01,daily,all subpops,Age 1,new_H,baseline,0.46408497550288563,0.29913764643182517,0.6583419755780163
2025-12-02,daily,all subpops,Age 1,new_H,baseline,0.49423339762214946,0.3207584483667363,0.6960299733733487
2025-12-03,daily,all subpops,Age 1,new_H,baseline,0.5355674378174099,0.3507719818085908,0.751494545325132
2025-12-04,daily,all subpops,Age 1,new_H,baseline,0.5877774607534996,0.38775816142969527,0.8233445394053325
2025-12-05,daily,all subpops,Age 1,new_H,baseline,0.6568057761624451,0.43571132447088523,0.9157792036489394
2025-12-06,daily,all subpops,Age 1,new_H,baseline,0.7422020210270392,0.49415237145461954,1.0217761133956287
2025-12-07,daily,all subpops,Age 1,new_H,baseline,0.8052095011629035,0.5440632561263374,1.0988369879237647
2025-12-08,daily,all subpops,Age 1,new_H,baseline,0.855914258910187,0.5777138941419953,1.1605289917035924
2025-12-09,daily,all subpops,Age 1,new_H,baseline,0.9458294449098358,0.6392908406433915,1.2543249482455787
2025-12-10,daily,all subpops,Age 1,new_H,baseline,1.063217577774306,0.7190030032220432,1.3958138948508094
2025-12-11,daily,all subpops,Age 1,new_H,baseline,1.1919370714999071,0.8133994500512371,1.555155494813094
2025-12-12,daily,all subpops,Age 1,new_H,baseline,1.3506356124673544,0.9150861508464866,1.7621268599503948
2025-12-13,daily,all subpops,Age 1,new_H,baseline,1.535112629168895,1.0261078572055393,2.0060934061802027
2025-12-14,daily,all subpops,Age 1,new_H,baseline,1.6754261600994331,1.1086909804928249,2.190611697609811
2025-12-15,daily,all subpops,Age 1,new_H,baseline,1.7834195848415706,1.1858566811539373,2.336542722197895
2025-12-16,daily,all subpops,Age 1,new_H,baseline,1.9635238623013256,1.3147362351127152,2.573214916927062
2025-12-17,daily,all subpops,Age 1,new_H,baseline,2.2026744102369755,1.4745025615800766,2.8805847273187126
2025-12-18,daily,all subpops,Age 1,new_H,baseline,2.4702727988200963,1.66863527775432,3.232266893285133
2025-12-19,daily,all subpops,Age 1,new_H,baseline,2.7633041561753604,1.8889316896881987,3.6087961858988864
2025-12-20,daily,all subpops,Age 1,new_H,baseline,3.0629697375536082,2.105162024174498,4.0015086676273555
2025-12-21,daily,all subpops,Age 1,new_H,baseline,3.2852331182500034,2.263021536217218,4.258810967264952
2025-12-22,daily,all subpops,Age 1,new_H,baseline,3.4483455882675087,2.4097790009148317,4.456543944855009
2025-12-23,daily,all subpops,Age 1,new_H,baseline,3.586736752103981,2.5022368696276387,4.634355304745701
2025-12-24,daily,all subpops,Age 1,new_H,baseline,3.6671450985429344,2.581524280205631,4.7702742195093775
2025-12-25,daily,all subpops,Age 1,new_H,baseline,3.723372534636676,2.660373121409977,4.900814460888126
2025-12-26,daily,all subpops,Age 1,new_H,baseline,3.7756660215295343,2.6896615441817975,4.972753856850843
2025-12-27,daily,all subpops,Age 1,new_H,baseline,3.8209343268091156,2.757718158112,5.067899979639922
2025-12-28,daily,all subpops,Age 1,new_H,baseline,3.8310067195723825,2.783162274027736,5.107906532238408
2025-12-29,daily,all subpops,Age 1,new_H,baseline,3.8063440045496657,2.7567230182947906,5.07459003059542
2025-12-30,daily,all subpops,Age 1,new_H,baseline,3.7150865441987833,2.7057871808871212,4.9544387647368415
2025-12-31,daily,all subpops,Age 1,new_H,baseline,3.6104657516656853,2.6301956219187383,4.8137220429693155
2026-01-01,daily,all subpops,Age 1,new_H,baseline,3.4816558126390973,2.534791470265862,4.647233225526021
2026-01-02,daily,all subpops,Age 1,new_H,baseline,3.35202021241195,2.438237136303473,4.4670086381283225
2026-01-03,daily,all subpops,Age 1,new_H,baseline,3.2240753091188,2.3523971967528547,4.308416542139103
2026-01-04,daily,all subpops,Age 1,new_H,baseline,3.0824778840881493,2.24234315218698,4.057413534115457
2026-01-05,daily,all subpops,Age 1,new_H,baseline,2.932422419350391,2.129166814195573,3.833640652518919
2026-01-06,daily,all subpops,Age 1,new_H,baseline,2.811421258958453,2.030755050036012,3.673398613895337
2026-01-07,daily,all subpops,Age 1,new_H,baseline,2.7189226874155485,1.9527733476074534,3.554831518622721
2026-01-08,daily,all subpops,Age 1,new_H,baseline,2.625755318599585,1.8717764720165109,3.438130177612137
2026-01-09,daily,all subpops,Age 1,new_H,baseline,2.532447710875598,1.7986255936212094,3.3235221214695794
2026-01-10,daily,all subpops,Age 1,new_H,baseline,2.4277968304259154,1.7227660271552958,3.19988636650777
2026-01-11,daily,all subpops,Age 1,new_H,baseline,2.2778946044126114,1.6217574114522089,3.016546963822039
2026-01-12,daily,all subpops,Age 1,new_H,baseline,2.115865865555295,1.5092571864945425,2.8059960472475365
2026-01-13,daily,all subpops,Age 1,new_H,baseline,1.986083283486412,1.4204500611408641,2.6428599499042336
2026-01-14,daily,all subpops,Age 1,new_H,baseline,1.8779050623165263,1.351314370111995,2.5066695107231234
2026-01-15,daily,all subpops,Age 1,new_H,baseline,1.7739188666586918,1.2739144203924326,2.3635486230518965
2026-01-16,daily,all subpops,Age 1,new_H,baseline,1.682450701791185,1.2238597440553656,2.228351178439324
2026-01-17,daily,all subpops,Age 1,new_H,baseline,1.6051026658798973,1.1607291162263482,2.10969238243227
2026-01-18,daily,all subpops,Age 1,new_H,baseline,1.4876353082033997,1.0776331714269494,1.9644168406739282
2026-01-19,daily,all subpops,Age 1,new_H,baseline,1.3567328244250727,0.980486152110697,1.7936360353384833
2026-01-20,daily,all subpops,Age 1,new_H,baseline,1.2323249757261077,0.8857818188784048,1.63085854972374
2026-01-21,daily,all subpops,Age 1,new_H,baseline,1.1390353849482766,0.8182776071812029,1.5140700594384016
2026-01-22,daily,all subpops,Age 1,new_H,baseline,1.0652281626122124,0.7707344880334722,1.413298608037734
2026-01-23,daily,all subpops,Age 1,new_H,baseline,0.9986997060988928,0.7172925069041315,1.3352236277694942
2026-01-24,daily,all subpops,Age 1,new_H,baseline,0.942064847184306,0.6769557993830222,1.2683699205369083
2026-01-25,daily,all subpops,Age 1,new_H,baseline,0.8768076171596424,0.6322705051913257,1.1827399128170035
2026-01-26,daily,all subpops,Age 1,new_H,baseline,0.8084186566954482,0.5840303093453488,1.0929385052136957
2026-01-27,daily,all subpops,Age 1,new_H,baseline,0.7519450097757907,0.5444362960976303,1.0245550546249373
2026-01-28,daily,all subpops,Age 1,new_H,baseline,0.7097751192825208,0.5162943834194519,0.9724466134961166
2026-01-29,daily,all subpops,Age 1,new_H,baseline,0.6759561935306705,0.48732227516235327,0.921279495245196
2026-01-30,daily,all subpops,Age 1,new_H,baseline,0.6486313814248015,0.4618460517011701,0.883247426037295
2026-01-31,daily,all subpops,Age 1,new_H,baseline,0.6203316031836944,0.4403847535018391,0.8503776317742662
2026-02-01,daily,all subpops,Age 1,new_H,baseline,0.5818548154604336,0.4196420223553865,0.7977499952635091
2026-02-02,daily,all subpops,Age 1,new_H,baseline,0.5408419106334983,0.3885123935063417,0.7406692774070208
2026-02-03,daily,all subpops,Age 1,new_H,baseline,0.5089028626270515,0.361872996621581,0.6961339476809901
2026-02-04,daily,all subpops,Age 1,new_H,baseline,0.4845270858166918,0.3389841339920279,0.6613761284660066
2026-02-05,daily,all subpops,Age 1,new_H,baseline,0.4667375433817423,0.3214298877525835,0.6373917119897495
2026-02-06,daily,all subpops,Age 1,new_H,baseline,0.45040984011169694,0.3095895008308964,0.6184369845270378
2026-02-07,daily,all subpops,Age 1,new_H,baseline,0.43675997687666757,0.29882893746295275,0.6086233394279125
2026-02-08,daily,all subpops,Age 1,new_H,baseline,0.4151975524044378,0.28383307553488074,0.5882176874443323
2026-02-09,daily,all subpops,Age 1,new_H,baseline,0.3919830127030414,0.26658621576263924,0.5593681117515241
2026-02-10,daily,all subpops,Age 1,new_H,baseline,0.37777738052215915,0.25463436498500985,0.5323921858531959
2026-02-11,daily,all subpops,Age 1,new_H,baseline,0.36797537680708636,0.2465329507966108,0.5208717702478638
2026-02-12,daily,all subpops,Age 1,new_H,baseline,0.3612379444920859,0.24024389332495755,0.5164232354457122
2026-02-13,daily,all subpops,Age 1,new_H,baseline,0.35639316986275404,0.23610051321154554,0.5030568104245321
2026-02-14,daily,all subpops,Age 1,new_H,baseline,0.3525424470477845,0.23216747136378174,0.49722685542538364
2026-02-15,daily,all subpops,Age 1,new_H,baseline,0.34222456244771327,0.22376138851361016,0.4864519863280525
2026-02-16,daily,all subpops,Age 1,new_H,baseline,0.3266667337682623,0.2129607717511528,0.4627789439748087
2026-02-17,daily,all subpops,Age 1,new_H,baseline,0.3087484046280823,0.20152661380623352,0.43375611262784913
2026-02-18,daily,all subpops,Age 1,new_H,baseline,0.28877485539736325,0.19018546684623228,0.4110714378591908
2026-02-19,daily,all subpops,Age 1,new_H,baseline,0.27047157656162474,0.1789054993110456,0.38529196648361463
2026-02-20,daily,all subpops,Age 1,new_H,baseline,0.2540460967416318,0.16894276396755847,0.36089480536540514
2026-02-21,daily,all subpops,Age 1,new_H,baseline,0.23831502677299155,0.159694134444291,0.3403568634443859
2026-02-22,daily,all subpops,Age 1,new_H,baseline,0.22404229955605792,0.15070772101415,0.32226047541455766
2026-02-23,daily,all subpops,Age 1,new_H,baseline,0.21116101596137132,0.1417856730906702,0.3059704303622453
2026-02-24,daily,all subpops,Age 1,new_H,baseline,0.20339731600482097,0.1375684570016019,0.29613746874577795
2026-02-25,daily,all subpops,Age 1,new_H,baseline,0.19994537469306808,0.13527082231025112,0.2911800829932332
2026-02-26,daily,all subpops,Age 1,new_H,baseline,0.19882966013147196,0.13507649522576068,0.2883793178108319
2026-02-27,daily,all subpops,Age 1,new_H,baseline,0.19887863758843025,0.1349890512664182,0.2865464159322939
2026-02-28,daily,all subpops,Age 1,new_H,baseline,0.19833001700403263,0.1344239122238324,0.2847825107250671
2026-03-01,daily,all subpops,Age 1,new_H,baseline,0.19359631607916358,0.13153004290737969,0.2774510018513364
2026-03-02,daily,all subpops,Age 1,new_H,baseline,0.18595431403885582,0.1268897387933653,0.26601433423767146
2026-03-03,daily,all subpops,Age 1,new_H,baseline,0.18332384421074438,0.12378431236071903,0.26013653904039225
2026-03-04,daily,all subpops,Age 1,new_H,baseline,0.1820303432570869,0.12192040472832352,0.2599303948552813
2026-03-05,daily,all subpops,Age 1,new_H,baseline,0.18103951286547537,0.12024045564067735,0.2606306858311045
2026-03-06,daily,all subpops,Age 1,new_H,baseline,0.18038296216681077,0.11879042795742574,0.26368149888716036
2026-03-07,daily,all subpops,Age 1,new_H,baseline,0.17908030452821544,0.1169347539287806,0.26542022014004746
2026-03-08,daily,all subpops,Age 1,new_H,baseline,0.17364344442890917,0.1108048699548514,0.2587084290446531
2026-03-09,daily,all subpops,Age 1,new_H,baseline,0.16522316079481497,0.10406895513656653,0.24988053696545479
2026-03-10,daily,all subpops,Age 1,new_H,baseline,0.15877449704989818,0.10036067863910882,0.2463090780006714
2026-03-11,daily,all subpops,Age 1,new_H,baseline,0.15444291736379007,0.09780771265259763,0.243731842913472
2026-03-12,daily,all subpops,Age 1,new_H,baseline,0.15124461141559875,0.09683723944291373,0.2390688858292106
2026-03-13,daily,all subpops,Age 1,new_H,baseline,0.14908771553327188,0.09539427356407496,0.23577561777935885
2026-03-14,daily,all subpops,Age 1,new_H,baseline,0.14723642563280717,0.09315394360287967,0.23136833981491806
2026-03-15,daily,all subpops,Age 1,new_H,baseline,0.1435844291928141,0.09043918852602739,0.22226387723358523
2026-03-16,daily,all subpops,Age 1,new_H,baseline,0.13685952855180922,0.08559946304433363,0.21293710311250252
2026-03-17,daily,all subpops,Age 1,new_H,baseline,0.13200859463647274,0.08097339264169334,0.20789493334879766
2026-03-18,daily,all subpops,Age 1,new_H,baseline,0.1306162279461653,0.07980633663322882,0.20592076137723186
2026-03-19,daily,all subpops,Age 1,new_H,baseline,0.13063857542718882,0.07951634062467129,0.20867400887316107
2026-03-20,daily,all subpops,Age 1,new_H,baseline,0.13101785498562663,0.08110218949703704,0.21212773882521574
2026-03-21,daily,all subpops,Age 1,new_H,baseline,0.13083122663983426,0.08200229776473242,0.2122512822811066
2026-03-22,daily,all subpops,Age 1,new_H,baseline,0.12749745490546882,0.08032157690073118,0.20553549805088778
2026-03-23,daily,all subpops,Age 1,new_H,baseline,0.12189642141163244,0.07682081069682035,0.19843030962219466
2026-03-24,daily,all subpops,Age 1,new_H,baseline,0.11924299822306515,0.07471028679164003,0.1950666925630951
2026-03-25,daily,all subpops,Age 1,new_H,baseline,0.1189574694056555,0.0733202539162977,0.19367370617837598
2026-03-26,daily,all subpops,Age 1,new_H,baseline,0.11957523054954239,0.07289085549037529,0.19248214767177307
2026-03-27,daily,all subpops,Age 1,new_H,baseline,0.1202344770784829,0.07548946248377268,0.19376002332330225
2026-03-28,daily,all subpops,Age 1,new_H,baseline,0.12082698907900435,0.0751559051759898,0.19676276877227222
2026-03-29,daily,all subpops,Age 1,new_H,baseline,0.12020050287896455,0.0742733581816643,0.1964401237786955
2026-03-30,daily,all subpops,Age 1,new_H,baseline,0.11750079645434516,0.07162175780381456,0.19010023147060748
2026-03-31,daily,all subpops,Age 1,new_H,baseline,0.11690229532124338,0.06933006381221746,0.18564434284112397
2026-04-01,daily,all subpops,Age 1,new_H,baseline,0.11576440265297515,0.067576648852162,0.18162930228083884
2026-04-02,daily,all subpops,Age 1,new_H,baseline,0.11451535840519841,0.06637255739518158,0.18189158591979568
2026-04-03,daily,all subpops,Age 1,new_H,baseline,0.11472599948027173,0.06535506498664119,0.18223030386366712
2026-04-04,daily,all subpops,Age 1,new_H,baseline,0.1140723290526117,0.06482704894287943,0.1808735958517342
2026-04-05,daily,all subpops,Age 1,new_H,baseline,0.11025200962922721,0.06262657068698009,0.1781629733608783
2026-04-06,daily,all subpops,Age 1,new_H,baseline,0.10498988497171506,0.05944319827017341,0.169222034863474
2026-04-07,daily,all subpops,Age 1,new_H,baseline,0.10252573790777146,0.05816360944535196,0.16613012113574457
2026-04-08,daily,all subpops,Age 1,new_H,baseline,0.10227718941637134,0.057958404129149495,0.16661600738125856
2026-04-09,daily,all subpops,Age 1,new_H,baseline,0.102677637024747,0.058506499199780494,0.17230578708073427
2026-04-10,daily,all subpops,Age 1,new_H,baseline,0.10361329499031706,0.059795618082434034,0.17312162405325857
2026-04-11,daily,all subpops,Age 1,new_H,baseline,0.10347368627812072,0.058544115112171904,0.17224278081243277
2026-04-12,daily,all subpops,Age 1,new_H,baseline,0.1004992127803147,0.05742971581256769,0.16775012531024078
2026-04-13,daily,all subpops,Age 1,new_H,baseline,0.09597604681060343,0.055968481609317555,0.1636406238872819
2026-04-14,daily,all subpops,Age 1,new_H,baseline,0.09229365586312904,0.05253851750748803,0.15838346204494455
2026-04-15,daily,all subpops,Age 1,new_H,baseline,0.0902654769774151,0.05225124770031532,0.15249123325135439
2026-04-16,daily,all subpops,Age 1,new_H,baseline,0.08744510184814829,0.0493036691063402,0.14886468624054114
2026-04-17,daily,all subpops,Age 1,new_H,baseline,0.08443747176924693,0.047439481929638774,0.146735807838631
2026-04-18,daily,all subpops,Age 1,new_H,baseline,0.08209215364379353,0.045798892441542324,0.143317621907233
2026-04-19,daily,all subpops,Age 1,new_H,baseline,0.07848264787217371,0.04256592351827884,0.13759829173337038
2026-04-20,daily,all subpops,Age 1,new_H,baseline,0.07429768890513183,0.040331249455072084,0.13169160453613893
2026-04-21,daily,all subpops,Age 1,new_H,baseline,0.07015095441243707,0.03681427501068438,0.12702033500887594
2026-04-22,daily,all subpops,Age 1,new_H,baseline,0.06642027751552924,0.03395269133245522,0.12169519347292157
2026-04-23,daily,all subpops,Age 1,new_H,baseline,0.06272128700711888,0.03167841895902615,0.11552153261219587
2026-04-24,daily,all subpops,Age 1,new_H,baseline,0.059202818255229994,0.029830039023399754,0.10957935212016197
2026-04-25,daily,all subpops,Age 1,new_H,baseline,0.05590267596520833,0.027954470533673687,0.10495360304676225
2026-04-26,daily,all subpops,Age 1,new_H,baseline,0.053287183810507996,0.02594110007488724,0.10032541201931594
2026-04-27,daily,all subpops,Age 1,new_H,baseline,0.05101271613536499,0.024422589208411487,0.09812351193622368
2026-04-28,daily,all subpops,Age 1,new_H,baseline,0.049999165970340334,0.02325265940622911,0.09684665163166124
2026-04-29,daily,all subpops,Age 1,new_H,baseline,0.049600836258465106,0.022466769202656795,0.09790771851337983
2026-04-30,daily,all subpops,Age 1,new_H,baseline,0.04973207030716929,0.021189981638097228,0.09793481564658996
2026-05-01,daily,all subpops,Age 1,new_H,baseline,0.04948838479082292,0.020469457580386128,0.10142174143109454
2026-05-02,daily,all subpops,Age 1,new_H,baseline,0.04967112817846121,0.020919833191641767,0.1024742597061304
2026-05-03,daily,all subpops,Age 1,new_H,baseline,0.049023546619128805,0.019651158667853524,0.10347714778672437
2026-05-04,daily,all subpops,Age 1,new_H,baseline,0.047701302621031665,0.01838145534655946,0.1037337620923628
2026-05-05,daily,all subpops,Age 1,new_H,baseline,0.0466747333192476,0.017363498471539573,0.10531935228919956
2026-05-06,daily,all subpops,Age 1,new_H,baseline,0.04600202632378182,0.016279230537408408,0.1071949810129823
2026-05-07,daily,all subpops,Age 1,new_H,baseline,0.04631595493076407,0.015516411799045731,0.11230535122135095
2026-05-08,daily,all subpops,Age 1,new_H,baseline,0.04692239430215697,0.014732329315769808,0.12133244185704052
2025-09-01,daily,all subpops,Age 2,new_H,baseline,0.007356352885860792,0.002452815736942706,0.019007561806801892
2025-09-02,daily,all subpops,Age 2,new_H,baseline,0.0179127620818904,0.005983302059232505,0.04650269184973137
2025-09-03,daily,all subpops,Age 2,new_H,baseline,0.02384702421593522,0.00793010012388199,0.06114657993600564
2025-09-04,daily,all subpops,Age 2,new_H,baseline,0.028522407495326717,0.009549232099572312,0.07125027916837817
2025-09-05,daily,all subpops,Age 2,new_H,baseline,0.03269233381174656,0.011195217941534144,0.08024511513719648
2025-09-06,daily,all subpops,Age 2,new_H,baseline,0.03612938583619492,0.012333696508340668,0.08727755124815036
2025-09-07,daily,all subpops,Age 2,new_H,baseline,0.03665417729809705,0.012540618402019298,0.08727515136552978
2025-09-08,daily,all subpops,Age 2,new_H,baseline,0.03559051170649227,0.012268386825595452,0.0833945506629465
2025-09-09,daily,all subpops,Age 2,new_H,baseline,0.03688703983862096,0.012992199494849822,0.0833368492932973
2025-09-10,daily,all subpops,Age 2,new_H,baseline,0.03979451036472867,0.014297441881539225,0.08843738332625016
2025-09-11,daily,all subpops,Age 2,new_H,baseline,0.04327074662764736,0.015994278082267263,0.09408647371027896
2025-09-12,daily,all subpops,Age 2,new_H,baseline,0.04672510333996242,0.017926496585239437,0.10342130377685098
2025-09-13,daily,all subpops,Age 2,new_H,baseline,0.050018737492099515,0.019442151646630178,0.1095862099905187
2025-09-14,daily,all subpops,Age 2,new_H,baseline,0.04927714757293833,0.019431173020169383,0.1074618870678648
2025-09-15,daily,all subpops,Age 2,new_H,baseline,0.04649776065602268,0.018531159481660793,0.10128915186981392
2025-09-16,daily,all subpops,Age 2,new_H,baseline,0.04595992047570515,0.018386374856714384,0.09804986522878507
2025-09-17,daily,all subpops,Age 2,new_H,baseline,0.04730298521488043,0.019216977321078074,0.10011873339827264
2025-09-18,daily,all subpops,Age 2,new_H,baseline,0.05002047126589469,0.02057122461261902,0.10613755524662379
2025-09-19,daily,all subpops,Age 2,new_H,baseline,0.053358876116518156,0.022010032141653996,0.11081789135276289
2025-09-20,daily,all subpops,Age 2,new_H,baseline,0.05603522408954307,0.02325432588628564,0.1148300988436669
2025-09-21,daily,all subpops,Age 2,new_H,baseline,0.054526721627192375,0.022839068049390357,0.1116393684804969
2025-09-22,daily,all subpops,Age 2,new_H,baseline,0.05158018978710963,0.021541375445720413,0.10393656727682622
2025-09-23,daily,all subpops,Age 2,new_H,baseline,0.05088953147461678,0.021505913403451864,0.10183943968611717
2025-09-24,daily,all subpops,Age 2,new_H,baseline,0.05210021546665035,0.022346968637377413,0.1039550622005707
2025-09-25,daily,all subpops,Age 2,new_H,baseline,0.05341215311389183,0.02385186793152743,0.10734115556176987
2025-09-26,daily,all subpops,Age 2,new_H,baseline,0.055349939752432326,0.025074657211570376,0.1113027403072461
2025-09-27,daily,all subpops,Age 2,new_H,baseline,0.05660599366091425,0.02541964448144668,0.11475615829370651
2025-09-28,daily,all subpops,Age 2,new_H,baseline,0.05413045893834842,0.024758039031827273,0.1105124905004845
2025-09-29,daily,all subpops,Age 2,new_H,baseline,0.04977054957359972,0.023152495233169923,0.1023715852004279
2025-09-30,daily,all subpops,Age 2,new_H,baseline,0.04824853659997008,0.023018174959932372,0.09973950014413227
2025-10-01,daily,all subpops,Age 2,new_H,baseline,0.0489169799004602,0.02390554261381216,0.10329688625717084
2025-10-02,daily,all subpops,Age 2,new_H,baseline,0.050812245179873795,0.024594429943456148,0.10768713033395616
2025-10-03,daily,all subpops,Age 2,new_H,baseline,0.05424315678396649,0.026092616820812414,0.11313397452177067
2025-10-04,daily,all subpops,Age 2,new_H,baseline,0.05705487199877856,0.027031717867190684,0.11932150195029327
2025-10-05,daily,all subpops,Age 2,new_H,baseline,0.05583488468456336,0.026240895927146977,0.1160492140628509
2025-10-06,daily,all subpops,Age 2,new_H,baseline,0.05217041946970292,0.025000540447444815,0.1081057198507847
2025-10-07,daily,all subpops,Age 2,new_H,baseline,0.051615912992800946,0.024323571426386838,0.10600231160143089
2025-10-08,daily,all subpops,Age 2,new_H,baseline,0.05313080972328715,0.02474712171754952,0.108449825228689
2025-10-09,daily,all subpops,Age 2,new_H,baseline,0.05611354436971044,0.025867278658229242,0.11368739138310173
2025-10-10,daily,all subpops,Age 2,new_H,baseline,0.06061069274812625,0.02804663291149611,0.12045259436615537
2025-10-11,daily,all subpops,Age 2,new_H,baseline,0.06551620724301713,0.030192086237552533,0.12909106024662764
2025-10-12,daily,all subpops,Age 2,new_H,baseline,0.06477937417781496,0.030134549944995495,0.12887803980734808
2025-10-13,daily,all subpops,Age 2,new_H,baseline,0.06032227002663601,0.028327993439021246,0.12111677672988785
2025-10-14,daily,all subpops,Age 2,new_H,baseline,0.055342094597142844,0.02618408118158834,0.11163194403452037
2025-10-15,daily,all subpops,Age 2,new_H,baseline,0.05556976832482356,0.025329099488778078,0.11067575849383997
2025-10-16,daily,all subpops,Age 2,new_H,baseline,0.0589034348595776,0.02691109060001155,0.12088292713803041
2025-10-17,daily,all subpops,Age 2,new_H,baseline,0.06480183488399949,0.02923295470227943,0.1304259025021966
2025-10-18,daily,all subpops,Age 2,new_H,baseline,0.07007339688253865,0.03202483053594801,0.14477387150837645
2025-10-19,daily,all subpops,Age 2,new_H,baseline,0.07013173618526267,0.03212307945962514,0.1457848379912376
2025-10-20,daily,all subpops,Age 2,new_H,baseline,0.06692629432116802,0.030384036856997063,0.1391566122813967
2025-10-21,daily,all subpops,Age 2,new_H,baseline,0.0674414160672434,0.030681465736261418,0.13975456985052748
2025-10-22,daily,all subpops,Age 2,new_H,baseline,0.07167610296294596,0.03326893358143468,0.14720138015904546
2025-10-23,daily,all subpops,Age 2,new_H,baseline,0.07776863406140755,0.03611590703311418,0.15641161541153645
2025-10-24,daily,all subpops,Age 2,new_H,baseline,0.08479105110879577,0.039692064811375154,0.16943209778542156
2025-10-25,daily,all subpops,Age 2,new_H,baseline,0.09158905983676296,0.043211222081517016,0.18285107796658615
2025-10-26,daily,all subpops,Age 2,new_H,baseline,0.09179455280077232,0.04359163886406788,0.18049456993617038
2025-10-27,daily,all subpops,Age 2,new_H,baseline,0.08844986010649714,0.04227862254688971,0.17088757142174013
2025-10-28,daily,all subpops,Age 2,new_H,baseline,0.09121192670954784,0.04280576299096331,0.1720219566343122
2025-10-29,daily,all subpops,Age 2,new_H,baseline,0.09793939260321045,0.04572164567216822,0.18301383287974118
2025-10-30,daily,all subpops,Age 2,new_H,baseline,0.10712916874407614,0.05062262675805577,0.1979276074176281
2025-10-31,daily,all subpops,Age 2,new_H,baseline,0.11645386928875803,0.05390169872444523,0.2164572516202262
2025-11-01,daily,all subpops,Age 2,new_H,baseline,0.12463148264096627,0.05847444257534823,0.2332504751791575
2025-11-02,daily,all subpops,Age 2,new_H,baseline,0.12423361412147688,0.05780201277668537,0.23288195224620928
2025-11-03,daily,all subpops,Age 2,new_H,baseline,0.1191814728898851,0.05474392124009482,0.22372297305784658
2025-11-04,daily,all subpops,Age 2,new_H,baseline,0.1226802604412752,0.057247368627328286,0.2293506168302756
2025-11-05,daily,all subpops,Age 2,new_H,baseline,0.133222111995715,0.06248000353292865,0.2479027460661753
2025-11-06,daily,all subpops,Age 2,new_H,baseline,0.1481092456015116,0.06943913261398196,0.27054041804602846
2025-11-07,daily,all subpops,Age 2,new_H,baseline,0.1648877197376627,0.07748147421106764,0.2944229297983391
2025-11-08,daily,all subpops,Age 2,new_H,baseline,0.18263020979444516,0.08542507370828475,0.3160758823025042
2025-11-09,daily,all subpops,Age 2,new_H,baseline,0.1847788519111262,0.08666383926448631,0.3129214657722628
2025-11-10,daily,all subpops,Age 2,new_H,baseline,0.17862286726885862,0.08525227336057921,0.29570186399733384
2025-11-11,daily,all subpops,Age 2,new_H,baseline,0.18078352319083574,0.08834564833067869,0.2957334512453862
2025-11-12,daily,all subpops,Age 2,new_H,baseline,0.17998817869334854,0.09030849284302385,0.2923691973295861
2025-11-13,daily,all subpops,Age 2,new_H,baseline,0.18999841124676453,0.10028937295259734,0.3079151635941972
2025-11-14,daily,all subpops,Age 2,new_H,baseline,0.21160721853922942,0.11351240148893388,0.33972630816079274
2025-11-15,daily,all subpops,Age 2,new_H,baseline,0.23593311324750021,0.1308771246475908,0.37480980681855314
2025-11-16,daily,all subpops,Age 2,new_H,baseline,0.2432459982734762,0.1373366848537965,0.37982932802575875
2025-11-17,daily,all subpops,Age 2,new_H,baseline,0.23956338272554603,0.13778245437928052,0.3693481118306289
2025-11-18,daily,all subpops,Age 2,new_H,baseline,0.2554583671087428,0.1500721080104012,0.38936888707797185
2025-11-19,daily,all subpops,Age 2,new_H,baseline,0.28884717740052185,0.16934299934224528,0.4340682824450359
2025-11-20,daily,all subpops,Age 2,new_H,baseline,0.3308057641250483,0.1986337115585556,0.48948871317980536
2025-11-21,daily,all subpops,Age 2,new_H,baseline,0.3775430987317869,0.22941297485383003,0.5537114796174872
2025-11-22,daily,all subpops,Age 2,new_H,baseline,0.4241369694205993,0.2626914217657064,0.6195170028070076
2025-11-23,daily,all subpops,Age 2,new_H,baseline,0.43326970292572087,0.2725093669152809,0.6346829363309294
2025-11-24,daily,all subpops,Age 2,new_H,baseline,0.4260418483297651,0.2716207629043686,0.6213503628844763
2025-11-25,daily,all subpops,Age 2,new_H,baseline,0.4523468199992723,0.28965040314225843,0.6594590248937114
2025-11-26,daily,all subpops,Age 2,new_H,baseline,0.5009677695656859,0.32037407614310265,0.7374884049813931
2025-11-27,daily,all subpops,Age 2,new_H,baseline,0.5491835200961422,0.3486572193022683,0.8158095028408006
2025-11-28,daily,all subpops,Age 2,new_H,baseline,0.5592005740095362,0.3536227384379074,0.8246238727237332
2025-11-29,daily,all subpops,Age 2,new_H,baseline,0.5416519222968993,0.34364973663484066,0.7993472590552753
2025-11-30,daily,all subpops,Age 2,new_H,baseline,0.5170054920882412,0.32889794806950606,0.7632241034359646
2025-12-01,daily,all subpops,Age 2,new_H,baseline,0.4972169282940522,0.3189997061370854,0.7376433717717241
2025-12-02,daily,all subpops,Age 2,new_H,baseline,0.5336428060414605,0.3453994834741137,0.7819024839470919
2025-12-03,daily,all subpops,Age 2,new_H,baseline,0.608790247573415,0.40234035448937105,0.884438679126009
2025-12-04,daily,all subpops,Age 2,new_H,baseline,0.7073583680507383,0.4767135440496502,1.0260653797855812
2025-12-05,daily,all subpops,Age 2,new_H,baseline,0.8366881327924536,0.5634182581368637,1.21086241131796
2025-12-06,daily,all subpops,Age 2,new_H,baseline,0.973469657615879,0.661676817419537,1.4056633050310234
2025-12-07,daily,all subpops,Age 2,new_H,baseline,1.028176637701017,0.7035604829417909,1.4827168454761952
2025-12-08,daily,all subpops,Age 2,new_H,baseline,1.0368866374776886,0.7205802962644912,1.4948718134347854
2025-12-09,daily,all subpops,Age 2,new_H,baseline,1.1396559174388847,0.795489895105281,1.6093093438666208
2025-12-10,daily,all subpops,Age 2,new_H,baseline,1.3258145036375844,0.921877441051209,1.8618494462411617
2025-12-11,daily,all subpops,Age 2,new_H,baseline,1.5382641184203731,1.0652823168808694,2.1442597382019297
2025-12-12,daily,all subpops,Age 2,new_H,baseline,1.8046730182105062,1.2426887331510723,2.500823522168395
2025-12-13,daily,all subpops,Age 2,new_H,baseline,2.089278559633232,1.4306910790099705,2.905805909085273
2025-12-14,daily,all subpops,Age 2,new_H,baseline,2.198912600306116,1.5070323983121114,3.0300779075048148
2025-12-15,daily,all subpops,Age 2,new_H,baseline,2.2108691386765003,1.517152622549968,3.0463535990890356
2025-12-16,daily,all subpops,Age 2,new_H,baseline,2.4094799580635495,1.6580387136506187,3.307981241966282
2025-12-17,daily,all subpops,Age 2,new_H,baseline,2.7703311383530833,1.909758199057419,3.7573744092231185
2025-12-18,daily,all subpops,Age 2,new_H,baseline,3.203797186402602,2.2293073032017796,4.353568975914131
2025-12-19,daily,all subpops,Age 2,new_H,baseline,3.7027248340896164,2.6136885979465103,4.972724501860314
2025-12-20,daily,all subpops,Age 2,new_H,baseline,4.188340203731361,2.988490778098481,5.49272003743639
2025-12-21,daily,all subpops,Age 2,new_H,baseline,4.3353538012452795,3.1103323408751464,5.646508325803262
2025-12-22,daily,all subpops,Age 2,new_H,baseline,4.2409150493863095,3.039558873751185,5.468736376125839
2025-12-23,daily,all subpops,Age 2,new_H,baseline,4.076787688255255,2.917735785354455,5.24566906232626
2025-12-24,daily,all subpops,Age 2,new_H,baseline,3.880172395564715,2.7784982756219154,5.009449455977253
2025-12-25,daily,all subpops,Age 2,new_H,baseline,3.6795004182883053,2.657292509826972,4.729334161235387
2025-12-26,daily,all subpops,Age 2,new_H,baseline,3.508770476993464,2.552042884688373,4.488470916372886
2025-12-27,daily,all subpops,Age 2,new_H,baseline,3.369257906408921,2.4762978137544946,4.307636480772549
2025-12-28,daily,all subpops,Age 2,new_H,baseline,3.245059222933153,2.375910373556711,4.181967145419527
2025-12-29,daily,all subpops,Age 2,new_H,baseline,3.117651615249605,2.276694160719136,4.054095222813634
2025-12-30,daily,all subpops,Age 2,new_H,baseline,2.974670095482243,2.162615309816314,3.858273136685077
2025-12-31,daily,all subpops,Age 2,new_H,baseline,2.8273483168982585,2.054575973161885,3.676520799571586
2026-01-01,daily,all subpops,Age 2,new_H,baseline,2.694773567984168,1.951878621668945,3.5008498305307016
2026-01-02,daily,all subpops,Age 2,new_H,baseline,2.562931468015269,1.8652982418603756,3.335876093290194
2026-01-03,daily,all subpops,Age 2,new_H,baseline,2.4436371543846427,1.773395339486034,3.1769374926951444
2026-01-04,daily,all subpops,Age 2,new_H,baseline,2.3163283917683097,1.6837365674823916,3.023334028831679
2026-01-05,daily,all subpops,Age 2,new_H,baseline,2.2111722683828123,1.600142093150025,2.89559703502979
2026-01-06,daily,all subpops,Age 2,new_H,baseline,2.233460274493998,1.6053039560338562,2.9253738227469257
2026-01-07,daily,all subpops,Age 2,new_H,baseline,2.309580108186069,1.646082458197079,3.06439286273446
2026-01-08,daily,all subpops,Age 2,new_H,baseline,2.400608061820577,1.6984442780261086,3.189412860155047
2026-01-09,daily,all subpops,Age 2,new_H,baseline,2.475534160899381,1.7387344905980384,3.316607350319994
2026-01-10,daily,all subpops,Age 2,new_H,baseline,2.516296956042118,1.752185545294314,3.351117642520855
2026-01-11,daily,all subpops,Age 2,new_H,baseline,2.4072709071598384,1.6671099600945811,3.212797562500719
2026-01-12,daily,all subpops,Age 2,new_H,baseline,2.21779105932426,1.5334093619495839,2.995875802986314
2026-01-13,daily,all subpops,Age 2,new_H,baseline,2.1135630880796805,1.4566357645759305,2.8563194761099306
2026-01-14,daily,all subpops,Age 2,new_H,baseline,2.0640310182211046,1.4188618906732193,2.7860048006225147
2026-01-15,daily,all subpops,Age 2,new_H,baseline,2.028119211880221,1.391067887825826,2.7205527356677006
2026-01-16,daily,all subpops,Age 2,new_H,baseline,1.9840518954252702,1.3512266347680635,2.66410719096895
2026-01-17,daily,all subpops,Age 2,new_H,baseline,1.933011343930767,1.3215220424325724,2.5950188096846407
2026-01-18,daily,all subpops,Age 2,new_H,baseline,1.797259297233991,1.235845016975408,2.395667625803923
2026-01-19,daily,all subpops,Age 2,new_H,baseline,1.6018895040242218,1.0978496755829221,2.1210659995021715
2026-01-20,daily,all subpops,Age 2,new_H,baseline,1.408082442324095,0.960139829744222,1.861231422132674
2026-01-21,daily,all subpops,Age 2,new_H,baseline,1.2933769961075656,0.8811165025214621,1.7082102885302994
2026-01-22,daily,all subpops,Age 2,new_H,baseline,1.2270601155544392,0.8377276733384201,1.6267722612588373
2026-01-23,daily,all subpops,Age 2,new_H,baseline,1.1812931477696844,0.8087627780509175,1.564839455846123
2026-01-24,daily,all subpops,Age 2,new_H,baseline,1.1406443513658107,0.7770251401355726,1.510075936832288
2026-01-25,daily,all subpops,Age 2,new_H,baseline,1.0549587138953835,0.7162717023637505,1.3992169880880125
2026-01-26,daily,all subpops,Age 2,new_H,baseline,0.9489655209904574,0.641396396671031,1.2653282363646827
2026-01-27,daily,all subpops,Age 2,new_H,baseline,0.8818407096599229,0.5972787827094823,1.1760774821486057
2026-01-28,daily,all subpops,Age 2,new_H,baseline,0.8438865084466598,0.5722360803795592,1.1330452943603668
2026-01-29,daily,all subpops,Age 2,new_H,baseline,0.8244914957159817,0.5602299948082333,1.112636515459985
2026-01-30,daily,all subpops,Age 2,new_H,baseline,0.8127174022261172,0.5497669417360184,1.0928985755303187
2026-01-31,daily,all subpops,Age 2,new_H,baseline,0.7942196686814037,0.5388148333664726,1.0609455959956862
2026-02-01,daily,all subpops,Age 2,new_H,baseline,0.739609791713572,0.502086975565212,0.9806758019686126
2026-02-02,daily,all subpops,Age 2,new_H,baseline,0.668331346282081,0.45454825459816484,0.8778568315941078
2026-02-03,daily,all subpops,Age 2,new_H,baseline,0.6244547954345857,0.42267148011509015,0.8155966394917207
2026-02-04,daily,all subpops,Age 2,new_H,baseline,0.602692408494547,0.40803519955907835,0.7936836713146498
2026-02-05,daily,all subpops,Age 2,new_H,baseline,0.588849125961062,0.3996824147474902,0.7834692353873712
2026-02-06,daily,all subpops,Age 2,new_H,baseline,0.5814879725023216,0.38938402345707845,0.7888687329250901
2026-02-07,daily,all subpops,Age 2,new_H,baseline,0.5712525871338343,0.3782891908898508,0.7862346292050112
2026-02-08,daily,all subpops,Age 2,new_H,baseline,0.5356538792328742,0.35269130119085024,0.7432373651400035
2026-02-09,daily,all subpops,Age 2,new_H,baseline,0.48983130080376086,0.3199646431962931,0.6754192486024043
2026-02-10,daily,all subpops,Age 2,new_H,baseline,0.464690298001813,0.30287995517826166,0.6420799021153081
2026-02-11,daily,all subpops,Age 2,new_H,baseline,0.4583339950272276,0.29672262311074593,0.6322868903672477
2026-02-12,daily,all subpops,Age 2,new_H,baseline,0.45677367715978606,0.2953551570175258,0.6328689974389659
2026-02-13,daily,all subpops,Age 2,new_H,baseline,0.46087795769699724,0.2947946017558331,0.6359714191689275
2026-02-14,daily,all subpops,Age 2,new_H,baseline,0.4605845911186841,0.2979420256944149,0.6464549918067961
2026-02-15,daily,all subpops,Age 2,new_H,baseline,0.4387835017150092,0.2831509703075171,0.6190297648229901
2026-02-16,daily,all subpops,Age 2,new_H,baseline,0.4011890100444977,0.25834219367535644,0.5647515430570148
2026-02-17,daily,all subpops,Age 2,new_H,baseline,0.3601058943072424,0.22868911990563862,0.5059690894935693
2026-02-18,daily,all subpops,Age 2,new_H,baseline,0.32014968362053114,0.2029544424495143,0.4531599887628796
2026-02-19,daily,all subpops,Age 2,new_H,baseline,0.2825602333166141,0.18110619769477726,0.4058526639178937
2026-02-20,daily,all subpops,Age 2,new_H,baseline,0.2503872436547826,0.16225841933796142,0.36275814086946323
2026-02-21,daily,all subpops,Age 2,new_H,baseline,0.22379965625329934,0.14520187897288353,0.32617123807406917
2026-02-22,daily,all subpops,Age 2,new_H,baseline,0.2010331467607637,0.13026311669707608,0.2977897726847499
2026-02-23,daily,all subpops,Age 2,new_H,baseline,0.18368840665141511,0.11962223739885526,0.27298635900268386
2026-02-24,daily,all subpops,Age 2,new_H,baseline,0.18117040198346895,0.12012718852396945,0.27114535831218106
2026-02-25,daily,all subpops,Age 2,new_H,baseline,0.18832560774848833,0.12410536357947942,0.2818741607988523
2026-02-26,daily,all subpops,Age 2,new_H,baseline,0.19854507530649856,0.1295866011204912,0.2972581649986703
2026-02-27,daily,all subpops,Age 2,new_H,baseline,0.2091467917059988,0.13551994233283418,0.31542764559387815
2026-02-28,daily,all subpops,Age 2,new_H,baseline,0.21816666470350823,0.14045444086699288,0.3278946048973303
2026-03-01,daily,all subpops,Age 2,new_H,baseline,0.2128385078775252,0.13672556257749782,0.3225989183491545
2026-03-02,daily,all subpops,Age 2,new_H,baseline,0.20118508589942957,0.13062961499377015,0.30466429040653265
2026-03-03,daily,all subpops,Age 2,new_H,baseline,0.19977895386150094,0.12893203784177198,0.3054173905201388
2026-03-04,daily,all subpops,Age 2,new_H,baseline,0.20494417989489402,0.1313542841077349,0.314694493221911
2026-03-05,daily,all subpops,Age 2,new_H,baseline,0.21014285065679733,0.13487279553394152,0.32576529376255914
2026-03-06,daily,all subpops,Age 2,new_H,baseline,0.2152163448531136,0.13817026752763922,0.33334090481442114
2026-03-07,daily,all subpops,Age 2,new_H,baseline,0.21941582621129357,0.1404951729092103,0.3426889096746392
2026-03-08,daily,all subpops,Age 2,new_H,baseline,0.2103508996615263,0.13433843686565275,0.32973601011793213
2026-03-09,daily,all subpops,Age 2,new_H,baseline,0.19454757735731637,0.12314030801806233,0.30348699042659144
2026-03-10,daily,all subpops,Age 2,new_H,baseline,0.1865864454503064,0.11724749064667464,0.2918655605495233
2026-03-11,daily,all subpops,Age 2,new_H,baseline,0.18497756519458342,0.11571424390623641,0.2874374245912955
2026-03-12,daily,all subpops,Age 2,new_H,baseline,0.18630543461961724,0.11585706807768904,0.28617524942363437
2026-03-13,daily,all subpops,Age 2,new_H,baseline,0.18752568683105783,0.11712245457034517,0.28904217430641493
2026-03-14,daily,all subpops,Age 2,new_H,baseline,0.18970490621910713,0.12115669247670366,0.2948730759179319
2026-03-15,daily,all subpops,Age 2,new_H,baseline,0.18176643364668055,0.1156059323552975,0.28534135410522343
2026-03-16,daily,all subpops,Age 2,new_H,baseline,0.168177818811671,0.10848277525688012,0.2669393910402526
2026-03-17,daily,all subpops,Age 2,new_H,baseline,0.16119125433711307,0.10154402147188751,0.25518621453849544
2026-03-18,daily,all subpops,Age 2,new_H,baseline,0.15996890043693074,0.10249285625228056,0.25660410795156524
2026-03-19,daily,all subpops,Age 2,new_H,baseline,0.16385153508511574,0.10322366541544054,0.26506949930552065
2026-03-20,daily,all subpops,Age 2,new_H,baseline,0.1699116037695062,0.10472342058572676,0.2744977962150089
2026-03-21,daily,all subpops,Age 2,new_H,baseline,0.17335263713468396,0.10515997812802501,0.2783946106864213
2026-03-22,daily,all subpops,Age 2,new_H,baseline,0.16573927269074618,0.09988598461203713,0.2680280357875544
2026-03-23,daily,all subpops,Age 2,new_H,baseline,0.1532295513075145,0.09190615035268711,0.24789466526662438
2026-03-24,daily,all subpops,Age 2,new_H,baseline,0.1484403156140932,0.08867209382633263,0.24069429928851416
2026-03-25,daily,all subpops,Age 2,new_H,baseline,0.1497880526917118,0.0895451635763419,0.2442164031135335
2026-03-26,daily,all subpops,Age 2,new_H,baseline,0.15338693437249612,0.09263893281463502,0.2511422858003986
2026-03-27,daily,all subpops,Age 2,new_H,baseline,0.15761841051032088,0.09551387585996826,0.2567697434826197
2026-03-28,daily,all subpops,Age 2,new_H,baseline,0.16108093717360927,0.09819629527799262,0.26314257764998805
2026-03-29,daily,all subpops,Age 2,new_H,baseline,0.1558754558591939,0.0946231429571391,0.2561040352277023
2026-03-30,daily,all subpops,Age 2,new_H,baseline,0.14708687088861014,0.0890275806389947,0.24003183050189994
2026-03-31,daily,all subpops,Age 2,new_H,baseline,0.143905778227396,0.08573701067009351,0.2338423721328971
2026-04-01,daily,all subpops,Age 2,new_H,baseline,0.1434115708970076,0.08568382722121212,0.22980425160798373
2026-04-02,daily,all subpops,Age 2,new_H,baseline,0.14519947422053175,0.08707889648277688,0.23171274189759608
2026-04-03,daily,all subpops,Age 2,new_H,baseline,0.1483097442152973,0.0873745157712294,0.23955397280279467
2026-04-04,daily,all subpops,Age 2,new_H,baseline,0.14966757687840482,0.08652921497606217,0.2424571640341797
2026-04-05,daily,all subpops,Age 2,new_H,baseline,0.14271230304887406,0.0816892188445146,0.23114133145790605
2026-04-06,daily,all subpops,Age 2,new_H,baseline,0.13131733129852435,0.07480168517847816,0.21152718696579692
2026-04-07,daily,all subpops,Age 2,new_H,baseline,0.12637968534188065,0.07222066715681888,0.20404392302814567
2026-04-08,daily,all subpops,Age 2,new_H,baseline,0.12773377927044738,0.07194911596749944,0.20827648884649433
2026-04-09,daily,all subpops,Age 2,new_H,baseline,0.13207381683478886,0.07627898510006854,0.21833447402210862
2026-04-10,daily,all subpops,Age 2,new_H,baseline,0.1369706883565543,0.07738421371556956,0.22595329005986173
2026-04-11,daily,all subpops,Age 2,new_H,baseline,0.13930310718576303,0.0785135561877208,0.23011971503328874
2026-04-12,daily,all subpops,Age 2,new_H,baseline,0.13324200706352854,0.07593007446010822,0.22052595994626728
2026-04-13,daily,all subpops,Age 2,new_H,baseline,0.12258275789222657,0.07041730397728077,0.20484380464564952
2026-04-14,daily,all subpops,Age 2,new_H,baseline,0.11724466044440651,0.06571914058661113,0.19587793889692706
2026-04-15,daily,all subpops,Age 2,new_H,baseline,0.11424940992401267,0.06510404047537494,0.19415441040681305
2026-04-16,daily,all subpops,Age 2,new_H,baseline,0.11282165003198533,0.06445739416601605,0.19170700216403022
2026-04-17,daily,all subpops,Age 2,new_H,baseline,0.11130040118184034,0.061973781629571935,0.19281887108764306
2026-04-18,daily,all subpops,Age 2,new_H,baseline,0.10975735427284691,0.05951725866641654,0.1923781864430011
2026-04-19,daily,all subpops,Age 2,new_H,baseline,0.10324543571957957,0.05555670315364177,0.18193061219290874
2026-04-20,daily,all subpops,Age 2,new_H,baseline,0.09425977648487267,0.04938177340096115,0.16466835231312185
2026-04-21,daily,all subpops,Age 2,new_H,baseline,0.08418408244132103,0.04409623069647696,0.1486124106404049
2026-04-22,daily,all subpops,Age 2,new_H,baseline,0.07552418771907193,0.03932279784944279,0.1341937560308358
2026-04-23,daily,all subpops,Age 2,new_H,baseline,0.06757967061402148,0.03505377278779362,0.1196197510705364
2026-04-24,daily,all subpops,Age 2,new_H,baseline,0.06042796403268375,0.031256659337466734,0.10737502808081807
2026-04-25,daily,all subpops,Age 2,new_H,baseline,0.054940554617043655,0.02836653988654811,0.09736300459255977
2026-04-26,daily,all subpops,Age 2,new_H,baseline,0.04974418241615279,0.02539211072315723,0.09042716083623756
2026-04-27,daily,all subpops,Age 2,new_H,baseline,0.04644236755954577,0.022821443513875918,0.08542427160029863
2026-04-28,daily,all subpops,Age 2,new_H,baseline,0.04616611977335936,0.022612338096302545,0.08516576361367584
2026-04-29,daily,all subpops,Age 2,new_H,baseline,0.048510461475414005,0.02308269786946087,0.09199629812347168
2026-04-30,daily,all subpops,Age 2,new_H,baseline,0.05117498609393783,0.02287505836484871,0.10038606592443527
2026-05-01,daily,all subpops,Age 2,new_H,baseline,0.05404650390039267,0.022477505856120232,0.10792561327334037
2026-05-02,daily,all subpops,Age 2,new_H,baseline,0.05630107909342681,0.022382956991221406,0.11619068663769017
2026-05-03,daily,all subpops,Age 2,new_H,baseline,0.05604696686586691,0.02082605619254505,0.11604826205769987
2026-05-04,daily,all subpops,Age 2,new_H,baseline,0.05349959954174792,0.018938506209495855,0.11215890209191581
2026-05-05,daily,all subpops,Age 2,new_H,baseline,0.05316159210438432,0.017535929212940768,0.11563390704416279
2026-05-06,daily,all subpops,Age 2,new_H,baseline,0.05430729690042581,0.016739819600874586,0.12752836875890247
2026-05-07,daily,all subpops,Age 2,new_H,baseline,0.05545046280634178,0.016115550099824412,0.14282916220461314
2026-05-08,daily,all subpops,Age 2,new_H,baseline,0.05718150568852398,0.015932434998558283,0.1606134052160229
2025-09-01,daily,all subpops,Age 3,new_H,baseline,0.003648326839949937,0.001223015334741892,0.00918461689563797
2025-09-02,daily,all subpops,Age 3,new_H,baseline,0.008899426969665556,0.002996234320291879,0.022360668734379245
2025-09-03,daily,all subpops,Age 3,new_H,baseline,0.011828410969133202,0.004027510642949907,0.029425188500726118
2025-09-04,daily,all subpops,Age 3,new_H,baseline,0.014149271129719983,0.004897824247038249,0.03477527009201505
2025-09-05,daily,all subpops,Age 3,new_H,baseline,0.01627144362854606,0.005575513898048441,0.04005140931821368
2025-09-06,daily,all subpops,Age 3,new_H,baseline,0.017969362665164496,0.006147000229118237,0.04348861259832876
2025-09-07,daily,all subpops,Age 3,new_H,baseline,0.018237587004264626,0.0062133049980888895,0.043693846888169956
2025-09-08,daily,all subpops,Age 3,new_H,baseline,0.01753824990434851,0.006028569722142937,0.042269604111840824
2025-09-09,daily,all subpops,Age 3,new_H,baseline,0.018187628704324128,0.006450100516642873,0.04351745888901494
2025-09-10,daily,all subpops,Age 3,new_H,baseline,0.019816317518489245,0.00734400336372882,0.045386615249937895
2025-09-11,daily,all subpops,Age 3,new_H,baseline,0.02140751535086278,0.00799666763951556,0.04775706689846859
2025-09-12,daily,all subpops,Age 3,new_H,baseline,0.02342251215158145,0.008721787417762781,0.05150251203788267
2025-09-13,daily,all subpops,Age 3,new_H,baseline,0.024997657338296588,0.009106667280845752,0.053531389855373195
2025-09-14,daily,all subpops,Age 3,new_H,baseline,0.024709086959473298,0.00910869901802925,0.05152337953689255
2025-09-15,daily,all subpops,Age 3,new_H,baseline,0.02343355993871974,0.008733481352787389,0.04797240774663187
2025-09-16,daily,all subpops,Age 3,new_H,baseline,0.023090351395490778,0.008746849651893358,0.04697596805063515
2025-09-17,daily,all subpops,Age 3,new_H,baseline,0.024241209357546596,0.009223427985334534,0.048957833070962534
2025-09-18,daily,all subpops,Age 3,new_H,baseline,0.02541837723212146,0.0097238604659793,0.05192171789795535
2025-09-19,daily,all subpops,Age 3,new_H,baseline,0.027427080946786524,0.010500511632372608,0.055482365795688444
2025-09-20,daily,all subpops,Age 3,new_H,baseline,0.02881247161230151,0.011417164316996619,0.057174646880690495
2025-09-21,daily,all subpops,Age 3,new_H,baseline,0.02787352075556908,0.011153574623055896,0.055292097321986665
2025-09-22,daily,all subpops,Age 3,new_H,baseline,0.026267104376138793,0.010451888488740343,0.051615667275036324
2025-09-23,daily,all subpops,Age 3,new_H,baseline,0.025729322548300626,0.010410691010526366,0.05076324854459536
2025-09-24,daily,all subpops,Age 3,new_H,baseline,0.02608957069489144,0.010846662733524507,0.05208145799735615
2025-09-25,daily,all subpops,Age 3,new_H,baseline,0.02714502996981278,0.011358841666928406,0.05389127442250772
2025-09-26,daily,all subpops,Age 3,new_H,baseline,0.028036872797734383,0.011518680121171746,0.05675317242334826
2025-09-27,daily,all subpops,Age 3,new_H,baseline,0.02874862004937164,0.012204379711301228,0.05987967937099474
2025-09-28,daily,all subpops,Age 3,new_H,baseline,0.027549968964680406,0.011775609212552256,0.05822715183598528
2025-09-29,daily,all subpops,Age 3,new_H,baseline,0.025339260786224782,0.010918484638818267,0.054205758401354824
2025-09-30,daily,all subpops,Age 3,new_H,baseline,0.02455683350402972,0.010440215866429039,0.05358675383856313
2025-10-01,daily,all subpops,Age 3,new_H,baseline,0.025031274084091112,0.010770538450510472,0.055518145086835065
2025-10-02,daily,all subpops,Age 3,new_H,baseline,0.02607990840551536,0.011169851249835175,0.0559681012788633
2025-10-03,daily,all subpops,Age 3,new_H,baseline,0.027628627186399336,0.011713902135473901,0.060491722068628025
2025-10-04,daily,all subpops,Age 3,new_H,baseline,0.028903239324101097,0.0119574320951036,0.0653175681639415
2025-10-05,daily,all subpops,Age 3,new_H,baseline,0.02800437528325366,0.011536254073590543,0.06396432072386515
2025-10-06,daily,all subpops,Age 3,new_H,baseline,0.025986187449583482,0.010944247292165804,0.060614341792981974
2025-10-07,daily,all subpops,Age 3,new_H,baseline,0.025633307976669024,0.011025361539272742,0.05884221278621474
2025-10-08,daily,all subpops,Age 3,new_H,baseline,0.026515801635129975,0.01127471077364099,0.05987061907280259
2025-10-09,daily,all subpops,Age 3,new_H,baseline,0.027799778513423353,0.01221506784428662,0.06316676498910442
2025-10-10,daily,all subpops,Age 3,new_H,baseline,0.030068547342902412,0.01340153272693078,0.06794177212472982
2025-10-11,daily,all subpops,Age 3,new_H,baseline,0.032310615213530944,0.014442990217480148,0.07231860330636128
2025-10-12,daily,all subpops,Age 3,new_H,baseline,0.03196509676781281,0.014249912853611648,0.07095882615501575
2025-10-13,daily,all subpops,Age 3,new_H,baseline,0.029833160085212692,0.01324372175923874,0.06619480540232989
2025-10-14,daily,all subpops,Age 3,new_H,baseline,0.027621927371583622,0.01217733331815296,0.06055689053164624
2025-10-15,daily,all subpops,Age 3,new_H,baseline,0.02755030296365949,0.01211482251263164,0.06104808314185023
2025-10-16,daily,all subpops,Age 3,new_H,baseline,0.029171230459383246,0.012798634893118912,0.06517109213008139
2025-10-17,daily,all subpops,Age 3,new_H,baseline,0.031984151699356186,0.013968334951737325,0.0703243349790004
2025-10-18,daily,all subpops,Age 3,new_H,baseline,0.03491548803514359,0.015316898487433273,0.0763642085613983
2025-10-19,daily,all subpops,Age 3,new_H,baseline,0.03514992935938932,0.01525582645578928,0.07649138427245601
2025-10-20,daily,all subpops,Age 3,new_H,baseline,0.03358088838128988,0.01449838674231632,0.07276502843801691
2025-10-21,daily,all subpops,Age 3,new_H,baseline,0.03410981243171231,0.014750652496935938,0.07338309560441353
2025-10-22,daily,all subpops,Age 3,new_H,baseline,0.0363649770757041,0.015883257867175267,0.07762898461234177
2025-10-23,daily,all subpops,Age 3,new_H,baseline,0.03972588799342115,0.017527780645273147,0.08343134468973948
2025-10-24,daily,all subpops,Age 3,new_H,baseline,0.043652415571161146,0.019571936670372173,0.09047768101019277
2025-10-25,daily,all subpops,Age 3,new_H,baseline,0.04731173071908072,0.021286507329514835,0.09811625010302172
2025-10-26,daily,all subpops,Age 3,new_H,baseline,0.04739869138212928,0.02120320793554449,0.09654332578432819
2025-10-27,daily,all subpops,Age 3,new_H,baseline,0.0456378658901202,0.02011846249827013,0.09187076627684282
2025-10-28,daily,all subpops,Age 3,new_H,baseline,0.04659034579870286,0.0210987363270715,0.09148821241230302
2025-10-29,daily,all subpops,Age 3,new_H,baseline,0.04999469529429939,0.022359947765387706,0.09662547209023523
2025-10-30,daily,all subpops,Age 3,new_H,baseline,0.05532452870066307,0.024844705153891443,0.10397888753805241
2025-10-31,daily,all subpops,Age 3,new_H,baseline,0.060355900924300536,0.027923540813528432,0.11155168508451858
2025-11-01,daily,all subpops,Age 3,new_H,baseline,0.0651422647349197,0.030142135205392367,0.11856138462527589
2025-11-02,daily,all subpops,Age 3,new_H,baseline,0.06464629052536774,0.03013235728058309,0.11757770314082852
2025-11-03,daily,all subpops,Age 3,new_H,baseline,0.06220588401610726,0.028563674099277625,0.11268519109332968
2025-11-04,daily,all subpops,Age 3,new_H,baseline,0.06396611379505146,0.029512190222899668,0.11556875308767936
2025-11-05,daily,all subpops,Age 3,new_H,baseline,0.06910955469397304,0.03274222450463252,0.12457617136953783
2025-11-06,daily,all subpops,Age 3,new_H,baseline,0.07649226697574396,0.03662901692425984,0.13598924930612794
2025-11-07,daily,all subpops,Age 3,new_H,baseline,0.0851240766297891,0.04197325561986638,0.1510864393376281
2025-11-08,daily,all subpops,Age 3,new_H,baseline,0.09425810889910027,0.04809435223772501,0.16506176365282124
2025-11-09,daily,all subpops,Age 3,new_H,baseline,0.09507359641240413,0.04886604611088028,0.16497903241091774
2025-11-10,daily,all subpops,Age 3,new_H,baseline,0.09145768528600273,0.047566763421192655,0.1570520070796357
2025-11-11,daily,all subpops,Age 3,new_H,baseline,0.09212098754222883,0.049018812234945586,0.1538517275330332
2025-11-12,daily,all subpops,Age 3,new_H,baseline,0.09140750970698254,0.0497126217770633,0.15347389311378162
2025-11-13,daily,all subpops,Age 3,new_H,baseline,0.09772714884073334,0.05370292542271938,0.1608541481642799
2025-11-14,daily,all subpops,Age 3,new_H,baseline,0.10947448691454911,0.060696696018894866,0.17756862004492915
2025-11-15,daily,all subpops,Age 3,new_H,baseline,0.12249274199351377,0.06847019453974093,0.19766139845085312
2025-11-16,daily,all subpops,Age 3,new_H,baseline,0.12594198154327985,0.07072787130434004,0.20010940441416003
2025-11-17,daily,all subpops,Age 3,new_H,baseline,0.12340316916394747,0.07013055017303006,0.19534747865784624
2025-11-18,daily,all subpops,Age 3,new_H,baseline,0.1312511813619146,0.07634023189114851,0.2112903568060753
2025-11-19,daily,all subpops,Age 3,new_H,baseline,0.1486025239269717,0.08757214801104303,0.23227738754047864
2025-11-20,daily,all subpops,Age 3,new_H,baseline,0.17116425634450938,0.10091991145166096,0.26476135668706213
2025-11-21,daily,all subpops,Age 3,new_H,baseline,0.19738984290187941,0.11651856368404875,0.30081540637652787
2025-11-22,daily,all subpops,Age 3,new_H,baseline,0.22230474442693135,0.1316068461861793,0.33539254731774815
2025-11-23,daily,all subpops,Age 3,new_H,baseline,0.22683635145265263,0.13434742569274502,0.34590645956408517
2025-11-24,daily,all subpops,Age 3,new_H,baseline,0.22202967022563713,0.13246043720671294,0.3412195096297676
2025-11-25,daily,all subpops,Age 3,new_H,baseline,0.2353917479965223,0.141397934874143,0.36188940302223827
2025-11-26,daily,all subpops,Age 3,new_H,baseline,0.2616685186606901,0.16178232527067407,0.4030295562059887
2025-11-27,daily,all subpops,Age 3,new_H,baseline,0.2881919522388257,0.1778478797410065,0.44982476010498296
2025-11-28,daily,all subpops,Age 3,new_H,baseline,0.2927721490585069,0.1792875183246879,0.46095641402159576
2025-11-29,daily,all subpops,Age 3,new_H,baseline,0.28370695775865484,0.17321430491690165,0.44626115092420643
2025-11-30,daily,all subpops,Age 3,new_H,baseline,0.26960573891030104,0.16491714370952343,0.4243473693284931
2025-12-01,daily,all subpops,Age 3,new_H,baseline,0.25879370625399223,0.15914998056295399,0.40601320960841564
2025-12-02,daily,all subpops,Age 3,new_H,baseline,0.27906228100977537,0.17072717625469738,0.43563748163948374
2025-12-03,daily,all subpops,Age 3,new_H,baseline,0.32069019884630623,0.19693465766384302,0.4964807658823638
2025-12-04,daily,all subpops,Age 3,new_H,baseline,0.3753009696600787,0.23286098961892357,0.579670724948201
2025-12-05,daily,all subpops,Age 3,new_H,baseline,0.44589575584332203,0.2767480115638656,0.6789742358143145
2025-12-06,daily,all subpops,Age 3,new_H,baseline,0.5248197361765008,0.32634006303221325,0.7948032188771171
2025-12-07,daily,all subpops,Age 3,new_H,baseline,0.5526102487082238,0.3513249167831915,0.8352153308308156
2025-12-08,daily,all subpops,Age 3,new_H,baseline,0.555237679790185,0.35609088250844995,0.8438680286010325
2025-12-09,daily,all subpops,Age 3,new_H,baseline,0.6157235294698248,0.3973744210935349,0.928179142884242
2025-12-10,daily,all subpops,Age 3,new_H,baseline,0.7151057975925568,0.4712669254585848,1.0627490502371852
2025-12-11,daily,all subpops,Age 3,new_H,baseline,0.8372379788191797,0.5522993445938386,1.2236558332133178
2025-12-12,daily,all subpops,Age 3,new_H,baseline,0.983569387416504,0.6488292288612704,1.411549708898699
2025-12-13,daily,all subpops,Age 3,new_H,baseline,1.1378892799443525,0.7482671700365183,1.6240821720731418
2025-12-14,daily,all subpops,Age 3,new_H,baseline,1.194227127638639,0.7813914501977368,1.6944772907991308
2025-12-15,daily,all subpops,Age 3,new_H,baseline,1.194310158622136,0.7798221795662376,1.6988201607991802
2025-12-16,daily,all subpops,Age 3,new_H,baseline,1.3062858385129719,0.8522122145031792,1.8448901484300462
2025-12-17,daily,all subpops,Age 3,new_H,baseline,1.5119753819855029,0.9782375739127516,2.1129639388652124
2025-12-18,daily,all subpops,Age 3,new_H,baseline,1.764907752657429,1.142993008699658,2.438822648735893
2025-12-19,daily,all subpops,Age 3,new_H,baseline,2.0496370812968423,1.3410918159915988,2.8165903619981454
2025-12-20,daily,all subpops,Age 3,new_H,baseline,2.311759030376543,1.5270330063684237,3.170904571174193
2025-12-21,daily,all subpops,Age 3,new_H,baseline,2.381803968421159,1.5821545523338811,3.2445530600724153
2025-12-22,daily,all subpops,Age 3,new_H,baseline,2.3122672799032076,1.5449838946941792,3.1667061489634425
2025-12-23,daily,all subpops,Age 3,new_H,baseline,2.207854936407161,1.487378895394936,3.009922294621956
2025-12-24,daily,all subpops,Age 3,new_H,baseline,2.106138903792738,1.4018949881402174,2.85816813022998
2025-12-25,daily,all subpops,Age 3,new_H,baseline,2.0008967922494016,1.3274164996964397,2.718339997812333
2025-12-26,daily,all subpops,Age 3,new_H,baseline,1.9065605736600695,1.2655341812806062,2.594391222827819
2025-12-27,daily,all subpops,Age 3,new_H,baseline,1.8330696044960035,1.2202606879305935,2.4938644732860227
2025-12-28,daily,all subpops,Age 3,new_H,baseline,1.7669805034743287,1.1750777654947677,2.3977699032358744
2025-12-29,daily,all subpops,Age 3,new_H,baseline,1.696631102730377,1.1275869031895691,2.2983317133915313
2025-12-30,daily,all subpops,Age 3,new_H,baseline,1.6215877877822764,1.0732328325785045,2.20111051321449
2025-12-31,daily,all subpops,Age 3,new_H,baseline,1.5523590451392,1.020567200221167,2.1112819127895244
2026-01-01,daily,all subpops,Age 3,new_H,baseline,1.485891199988089,0.9767088507356869,2.0321877479941324
2026-01-02,daily,all subpops,Age 3,new_H,baseline,1.4176244208143314,0.9312150283395949,1.9337566879923602
2026-01-03,daily,all subpops,Age 3,new_H,baseline,1.3519570936581453,0.890414744412685,1.8428040901043907
2026-01-04,daily,all subpops,Age 3,new_H,baseline,1.2812915121100468,0.834121291005774,1.7479134894494113
2026-01-05,daily,all subpops,Age 3,new_H,baseline,1.218998449284296,0.7940565388032041,1.6649134927402327
2026-01-06,daily,all subpops,Age 3,new_H,baseline,1.2316538303885554,0.8075983597923595,1.684052372717756
2026-01-07,daily,all subpops,Age 3,new_H,baseline,1.286796146367371,0.8406186370137029,1.7572709476658068
2026-01-08,daily,all subpops,Age 3,new_H,baseline,1.34791834026943,0.8822369458061354,1.844118061902577
2026-01-09,daily,all subpops,Age 3,new_H,baseline,1.4035977939093827,0.9187692219995043,1.9048441237628144
2026-01-10,daily,all subpops,Age 3,new_H,baseline,1.4304188272113887,0.9332277470882836,1.9442362078199584
2026-01-11,daily,all subpops,Age 3,new_H,baseline,1.3688957357813392,0.8870236335640147,1.8710866579159569
2026-01-12,daily,all subpops,Age 3,new_H,baseline,1.2615885182961688,0.812707733763531,1.7264720288311273
2026-01-13,daily,all subpops,Age 3,new_H,baseline,1.200499996007115,0.7727620741271068,1.647322835710745
2026-01-14,daily,all subpops,Age 3,new_H,baseline,1.1763087984174048,0.7540820998419995,1.6106286300377437
2026-01-15,daily,all subpops,Age 3,new_H,baseline,1.1557307133585075,0.7400624609671492,1.5856642172605
2026-01-16,daily,all subpops,Age 3,new_H,baseline,1.136162754416218,0.7268160727662137,1.5601257117724594
2026-01-17,daily,all subpops,Age 3,new_H,baseline,1.1120917296816035,0.720125387993378,1.5389495629560606
2026-01-18,daily,all subpops,Age 3,new_H,baseline,1.0329815268135802,0.6697098780107169,1.4346218781419195
2026-01-19,daily,all subpops,Age 3,new_H,baseline,0.9188907048940922,0.5889157346892013,1.262834072472964
2026-01-20,daily,all subpops,Age 3,new_H,baseline,0.8042041118901799,0.5151508411999348,1.1159035306981187
2026-01-21,daily,all subpops,Age 3,new_H,baseline,0.7382995989442594,0.47278810566524826,1.02868538943658
2026-01-22,daily,all subpops,Age 3,new_H,baseline,0.7022616282835326,0.44963478772070337,0.9746103948186347
2026-01-23,daily,all subpops,Age 3,new_H,baseline,0.6788526371892063,0.43501648299659185,0.9427902718436105
2026-01-24,daily,all subpops,Age 3,new_H,baseline,0.6563469499570902,0.41734140526436175,0.9156842526933
2026-01-25,daily,all subpops,Age 3,new_H,baseline,0.6085480274163915,0.3849549641541995,0.8489289611570568
2026-01-26,daily,all subpops,Age 3,new_H,baseline,0.5452094248159902,0.3442158408356359,0.7609012706909196
2026-01-27,daily,all subpops,Age 3,new_H,baseline,0.5064299053742636,0.3157490643834982,0.7035821651821831
2026-01-28,daily,all subpops,Age 3,new_H,baseline,0.4882071409811465,0.3043014714188325,0.6797669095785837
2026-01-29,daily,all subpops,Age 3,new_H,baseline,0.4797778913269756,0.29574241262928125,0.6648203276927033
2026-01-30,daily,all subpops,Age 3,new_H,baseline,0.47375965120852853,0.28825022865177696,0.6567055415375739
2026-01-31,daily,all subpops,Age 3,new_H,baseline,0.4659586850351394,0.2799162414913178,0.6510367166755261
2026-02-01,daily,all subpops,Age 3,new_H,baseline,0.4334869739985483,0.25973107089302216,0.6052602138358949
2026-02-02,daily,all subpops,Age 3,new_H,baseline,0.3904308675471484,0.23710563960893327,0.5474421162403883
2026-02-03,daily,all subpops,Age 3,new_H,baseline,0.362400288377267,0.22108325010799756,0.5156082342119067
2026-02-04,daily,all subpops,Age 3,new_H,baseline,0.34997325935489815,0.21379128776703862,0.5006664031757957
2026-02-05,daily,all subpops,Age 3,new_H,baseline,0.3440863964781562,0.20534097365828782,0.4947457096438098
2026-02-06,daily,all subpops,Age 3,new_H,baseline,0.3401523303348039,0.2012288901778872,0.49592199794298286
2026-02-07,daily,all subpops,Age 3,new_H,baseline,0.3349868961106278,0.19693674087514965,0.4918080467253478
2026-02-08,daily,all subpops,Age 3,new_H,baseline,0.31348567834706637,0.18325095750863515,0.461570122284082
2026-02-09,daily,all subpops,Age 3,new_H,baseline,0.2852740768493942,0.16588733037490958,0.4206353752495721
2026-02-10,daily,all subpops,Age 3,new_H,baseline,0.2708996276386392,0.1574881795542058,0.3992177857817784
2026-02-11,daily,all subpops,Age 3,new_H,baseline,0.2669252863211944,0.15468201847984675,0.3982173625335972
2026-02-12,daily,all subpops,Age 3,new_H,baseline,0.2665443640327576,0.15465175197120867,0.39875258760092974
2026-02-13,daily,all subpops,Age 3,new_H,baseline,0.26917858380636583,0.15759849849338078,0.40959485244696264
2026-02-14,daily,all subpops,Age 3,new_H,baseline,0.27282072705634086,0.1570648011004796,0.4112402940626237
2026-02-15,daily,all subpops,Age 3,new_H,baseline,0.25756530127786204,0.14913626375485567,0.3906140182691933
2026-02-16,daily,all subpops,Age 3,new_H,baseline,0.2333651016695229,0.1353926537994043,0.35442906307334
2026-02-17,daily,all subpops,Age 3,new_H,baseline,0.20803953254176358,0.11938493986600673,0.31477688075018967
2026-02-18,daily,all subpops,Age 3,new_H,baseline,0.18377329120682978,0.10635180005476617,0.2777903302720049
2026-02-19,daily,all subpops,Age 3,new_H,baseline,0.16238148948366193,0.09534944338972536,0.2487106769788122
2026-02-20,daily,all subpops,Age 3,new_H,baseline,0.1444865505498586,0.08571471435395134,0.22275047654945435
2026-02-21,daily,all subpops,Age 3,new_H,baseline,0.12824487173010707,0.076349896193183,0.2003007087015663
2026-02-22,daily,all subpops,Age 3,new_H,baseline,0.11489788959107305,0.0690983419493742,0.17855057444527875
2026-02-23,daily,all subpops,Age 3,new_H,baseline,0.1047902414442797,0.06322009754074956,0.16368951804373214
2026-02-24,daily,all subpops,Age 3,new_H,baseline,0.10383961687744281,0.06220041491987022,0.162808325168102
2026-02-25,daily,all subpops,Age 3,new_H,baseline,0.10900286602093674,0.06529378054738276,0.16876104876760287
2026-02-26,daily,all subpops,Age 3,new_H,baseline,0.11533739835942927,0.06937205425529523,0.17767986106033395
2026-02-27,daily,all subpops,Age 3,new_H,baseline,0.12261178152615021,0.07332521311489776,0.19002760761396234
2026-02-28,daily,all subpops,Age 3,new_H,baseline,0.1280379145502118,0.07584120117606849,0.20126270287079767
2026-03-01,daily,all subpops,Age 3,new_H,baseline,0.12568785416052675,0.07376986268588369,0.1975345107973251
2026-03-02,daily,all subpops,Age 3,new_H,baseline,0.11827245956246538,0.06963093382087014,0.18614216832458286
2026-03-03,daily,all subpops,Age 3,new_H,baseline,0.11673179936216839,0.06770145592976268,0.18629533698299244
2026-03-04,daily,all subpops,Age 3,new_H,baseline,0.11965163261103123,0.06926305424279885,0.1929308643573708
2026-03-05,daily,all subpops,Age 3,new_H,baseline,0.12315793996367921,0.07107163418942329,0.20258980979567767
2026-03-06,daily,all subpops,Age 3,new_H,baseline,0.1272874599665156,0.07321966733773251,0.21297713039824634
2026-03-07,daily,all subpops,Age 3,new_H,baseline,0.12926661199213282,0.07473852376156749,0.21662620361767362
2026-03-08,daily,all subpops,Age 3,new_H,baseline,0.12395896841012966,0.0715381369668742,0.20781214163084594
2026-03-09,daily,all subpops,Age 3,new_H,baseline,0.1145649089437183,0.06555956518201847,0.1921837162843225
2026-03-10,daily,all subpops,Age 3,new_H,baseline,0.11020084758857474,0.06207004181097332,0.1844404537469468
2026-03-11,daily,all subpops,Age 3,new_H,baseline,0.10972999670394207,0.06106213402100407,0.18405389826399923
2026-03-12,daily,all subpops,Age 3,new_H,baseline,0.11016406684203922,0.06192521015411945,0.1856143048811312
2026-03-13,daily,all subpops,Age 3,new_H,baseline,0.11204682684989248,0.0638106692173772,0.18944088321528274
2026-03-14,daily,all subpops,Age 3,new_H,baseline,0.11336745105800929,0.06334781732976755,0.19120516458778958
2026-03-15,daily,all subpops,Age 3,new_H,baseline,0.1084858823173798,0.059572048680770685,0.18302511534775967
2026-03-16,daily,all subpops,Age 3,new_H,baseline,0.09958676683718423,0.05507692229508111,0.1695251216513419
2026-03-17,daily,all subpops,Age 3,new_H,baseline,0.09528627810911863,0.05379730290560359,0.16175925034800032
2026-03-18,daily,all subpops,Age 3,new_H,baseline,0.09573660601938233,0.05384634882017465,0.16127059537143998
2026-03-19,daily,all subpops,Age 3,new_H,baseline,0.09795087370446301,0.05410656324410694,0.16732623048980744
2026-03-20,daily,all subpops,Age 3,new_H,baseline,0.10129033079389341,0.055875911485823965,0.17270501627998075
2026-03-21,daily,all subpops,Age 3,new_H,baseline,0.10370942401962892,0.05731944217997875,0.17484263140596
2026-03-22,daily,all subpops,Age 3,new_H,baseline,0.0992833481651009,0.054487357666468096,0.1663779092460586
2026-03-23,daily,all subpops,Age 3,new_H,baseline,0.09174999266055162,0.05004105012434404,0.15324494363257743
2026-03-24,daily,all subpops,Age 3,new_H,baseline,0.0885539940160663,0.04819438806421973,0.14738882751104884
2026-03-25,daily,all subpops,Age 3,new_H,baseline,0.08950436278757083,0.048153661150257446,0.14939769702769817
2026-03-26,daily,all subpops,Age 3,new_H,baseline,0.09236492871506857,0.049122921488627576,0.15325102709965907
2026-03-27,daily,all subpops,Age 3,new_H,baseline,0.09587107287599447,0.05007700694856846,0.1565253400299006
2026-03-28,daily,all subpops,Age 3,new_H,baseline,0.0989800026443711,0.05125725694618416,0.159039339317244
2026-03-29,daily,all subpops,Age 3,new_H,baseline,0.09605461230754936,0.049668544162091946,0.15309925075025768
2026-03-30,daily,all subpops,Age 3,new_H,baseline,0.08907751031051964,0.04640557103169589,0.1431499653755195
2026-03-31,daily,all subpops,Age 3,new_H,baseline,0.08545985157397393,0.04561557067416144,0.13960674419487856
2026-04-01,daily,all subpops,Age 3,new_H,baseline,0.08658069312294177,0.04523036392067097,0.14108515005461217
2026-04-02,daily,all subpops,Age 3,new_H,baseline,0.08720185045174678,0.04514378818715807,0.14091965934691614
2026-04-03,daily,all subpops,Age 3,new_H,baseline,0.08918705482024475,0.04666137188856705,0.1460421748833487
2026-04-04,daily,all subpops,Age 3,new_H,baseline,0.09034788532798796,0.04759262494819839,0.14968908762696706
2026-04-05,daily,all subpops,Age 3,new_H,baseline,0.08612371583171012,0.04613921063431056,0.1424282320871089
2026-04-06,daily,all subpops,Age 3,new_H,baseline,0.07883007456548707,0.042849984728926614,0.13114592272613368
2026-04-07,daily,all subpops,Age 3,new_H,baseline,0.07625861764415733,0.041118060848944135,0.12567505265894066
2026-04-08,daily,all subpops,Age 3,new_H,baseline,0.07749249210244546,0.04154654057142199,0.12711133176883174
2026-04-09,daily,all subpops,Age 3,new_H,baseline,0.0804070645529673,0.04258481656927036,0.13095945508874934
2026-04-10,daily,all subpops,Age 3,new_H,baseline,0.08352957707983621,0.043791441561088384,0.13641276540710817
2026-04-11,daily,all subpops,Age 3,new_H,baseline,0.08465377190218486,0.04463597894071805,0.13894602644564955
2026-04-12,daily,all subpops,Age 3,new_H,baseline,0.08053522200988861,0.04268213220006525,0.13110476725927087
2026-04-13,daily,all subpops,Age 3,new_H,baseline,0.07391265447996927,0.0386564570035681,0.11974612612792102
2026-04-14,daily,all subpops,Age 3,new_H,baseline,0.07068553236382231,0.03633723705811981,0.11548140041994281
2026-04-15,daily,all subpops,Age 3,new_H,baseline,0.06979435116582358,0.03534910217668557,0.11376166254905191
2026-04-16,daily,all subpops,Age 3,new_H,baseline,0.06827445420441611,0.034853910789649556,0.11344862181502494
2026-04-17,daily,all subpops,Age 3,new_H,baseline,0.06771077893157618,0.03484207822083194,0.11476138838940017
2026-04-18,daily,all subpops,Age 3,new_H,baseline,0.06672004665551137,0.03431518074719859,0.11397787846171543
2026-04-19,daily,all subpops,Age 3,new_H,baseline,0.06229279968105142,0.03191235226737387,0.10714244786461723
2026-04-20,daily,all subpops,Age 3,new_H,baseline,0.056514846045658526,0.02863893202386757,0.09695696319532264
2026-04-21,daily,all subpops,Age 3,new_H,baseline,0.05039741688001624,0.025457794575968924,0.0865503799407179
2026-04-22,daily,all subpops,Age 3,new_H,baseline,0.0446880819775267,0.02253094007807389,0.07740107789700691
2026-04-23,daily,all subpops,Age 3,new_H,baseline,0.03948289885514147,0.019786861426759315,0.06928001298964874
2026-04-24,daily,all subpops,Age 3,new_H,baseline,0.035442898137942075,0.017450037968754877,0.06234082221461697
2026-04-25,daily,all subpops,Age 3,new_H,baseline,0.03209106261666578,0.015604364413830413,0.05696189959368386
2026-04-26,daily,all subpops,Age 3,new_H,baseline,0.028985367425222064,0.01435242352382562,0.052147607667961685
2026-04-27,daily,all subpops,Age 3,new_H,baseline,0.02660477854085685,0.013065969030824683,0.04917102665731681
2026-04-28,daily,all subpops,Age 3,new_H,baseline,0.02671011598619765,0.012945584539687971,0.04913288052725023
2026-04-29,daily,all subpops,Age 3,new_H,baseline,0.028182066126239646,0.013213473209692024,0.05399738043465165
2026-04-30,daily,all subpops,Age 3,new_H,baseline,0.02967155009338205,0.013665679128529633,0.05977078400545107
2026-05-01,daily,all subpops,Age 3,new_H,baseline,0.03124428248478595,0.014252574998537687,0.06525014829280525
2026-05-02,daily,all subpops,Age 3,new_H,baseline,0.03298609551725994,0.014372196283469306,0.07215559884302498
2026-05-03,daily,all subpops,Age 3,new_H,baseline,0.03292497511749385,0.013444154883610306,0.07390371374717099
2026-05-04,daily,all subpops,Age 3,new_H,baseline,0.03129250724790376,0.01215180460141179,0.07231948003069699
2026-05-05,daily,all subpops,Age 3,new_H,baseline,0.030563295887210573,0.011542106374261375,0.07379492598053766
2026-05-06,daily,all subpops,Age 3,new_H,baseline,0.031116154975253826,0.011255176315056754,0.07896490028092196
2026-05-07,daily,all subpops,Age 3,new_H,baseline,0.03198935145694201,0.010619389801394076,0.08577675122806268
2026-05-08,daily,all subpops,Age 3,new_H,baseline,0.03336526645393417,0.01016953942605518,0.09474121732004692
2025-09-01,daily,all subpops,Age 4,new_H,baseline,0.02958735496904196,0.010371843160052045,0.07561008950457483
2025-09-02,daily,all subpops,Age 4,new_H,baseline,0.07184280556053975,0.025220001502709838,0.18279376131131364
2025-09-03,daily,all subpops,Age 4,new_H,baseline,0.0923794309139572,0.03240497993123664,0.23331243989619227
2025-09-04,daily,all subpops,Age 4,new_H,baseline,0.10545918386813029,0.037254043460766786,0.2685198327526555
2025-09-05,daily,all subpops,Age 4,new_H,baseline,0.11428244066531255,0.040411290140017875,0.2860936220207961
2025-09-06,daily,all subpops,Age 4,new_H,baseline,0.12098598618312992,0.043480903371536775,0.2983380576733545
2025-09-07,daily,all subpops,Age 4,new_H,baseline,0.11998501193057712,0.043420642615571645,0.29365688665962897
2025-09-08,daily,all subpops,Age 4,new_H,baseline,0.11625322497810678,0.04186097641879367,0.2782676347508971
2025-09-09,daily,all subpops,Age 4,new_H,baseline,0.11858809610131704,0.04228278419978787,0.27813096650644126
2025-09-10,daily,all subpops,Age 4,new_H,baseline,0.12385521912587213,0.044102074848703904,0.28517810174512614
2025-09-11,daily,all subpops,Age 4,new_H,baseline,0.12899157920319942,0.04646915111580933,0.28860211521119666
2025-09-12,daily,all subpops,Age 4,new_H,baseline,0.13721171923405864,0.05021835985400539,0.2922067667407874
2025-09-13,daily,all subpops,Age 4,new_H,baseline,0.14218089631210012,0.053671550130466796,0.3002436876161634
2025-09-14,daily,all subpops,Age 4,new_H,baseline,0.13910120109863794,0.05404815461808598,0.29296015556719984
2025-09-15,daily,all subpops,Age 4,new_H,baseline,0.13277516828720376,0.05273297887788796,0.2728808790309169
2025-09-16,daily,all subpops,Age 4,new_H,baseline,0.13176439637302817,0.05294949649309933,0.26174503109153424
2025-09-17,daily,all subpops,Age 4,new_H,baseline,0.13376555543930213,0.05318343594940588,0.2598988727034081
2025-09-18,daily,all subpops,Age 4,new_H,baseline,0.13840075010578373,0.05784621807187803,0.2716150252620135
2025-09-19,daily,all subpops,Age 4,new_H,baseline,0.14414734928525916,0.06177658220463785,0.278943486956369
2025-09-20,daily,all subpops,Age 4,new_H,baseline,0.14848116547678436,0.06282697028940831,0.2901199966493437
2025-09-21,daily,all subpops,Age 4,new_H,baseline,0.14454332675488873,0.061909614812559646,0.2874709906906931
2025-09-22,daily,all subpops,Age 4,new_H,baseline,0.1374050962729744,0.057707954504959386,0.275734162680527
2025-09-23,daily,all subpops,Age 4,new_H,baseline,0.13599652938755027,0.05695407950080159,0.2745832704847977
2025-09-24,daily,all subpops,Age 4,new_H,baseline,0.136791233625749,0.05848170266476356,0.2791379846238333
2025-09-25,daily,all subpops,Age 4,new_H,baseline,0.13895986540216995,0.05937426224727318,0.28802458900737193
2025-09-26,daily,all subpops,Age 4,new_H,baseline,0.14231223862432357,0.061772704301040794,0.29390091057685597
2025-09-27,daily,all subpops,Age 4,new_H,baseline,0.14505327749521382,0.063019293030971,0.29638166617560835
2025-09-28,daily,all subpops,Age 4,new_H,baseline,0.13967332150442727,0.061623444230322635,0.28492018417177034
2025-09-29,daily,all subpops,Age 4,new_H,baseline,0.13232673015436575,0.059594209056619836,0.2664235802503908
2025-09-30,daily,all subpops,Age 4,new_H,baseline,0.1284158720421474,0.05927126302014985,0.25772140857411063
2025-10-01,daily,all subpops,Age 4,new_H,baseline,0.12870073832279338,0.06191389970526107,0.2560698408559626
2025-10-02,daily,all subpops,Age 4,new_H,baseline,0.13232934680867037,0.06540995039184337,0.2627801913725971
2025-10-03,daily,all subpops,Age 4,new_H,baseline,0.1393619454605532,0.06881011384919396,0.2760715481556468
2025-10-04,daily,all subpops,Age 4,new_H,baseline,0.14537112163866103,0.07089990805946718,0.2875422000085936
2025-10-05,daily,all subpops,Age 4,new_H,baseline,0.14371699959318682,0.0695625343309421,0.27878089841715015
2025-10-06,daily,all subpops,Age 4,new_H,baseline,0.1369329053853095,0.066305826631762,0.26642897378580205
2025-10-07,daily,all subpops,Age 4,new_H,baseline,0.1356931557338658,0.06541463855816015,0.2655848127229487
2025-10-08,daily,all subpops,Age 4,new_H,baseline,0.138554966917376,0.06656776045476959,0.27375221216512347
2025-10-09,daily,all subpops,Age 4,new_H,baseline,0.14431705032510722,0.06909790355413241,0.2833981670390996
2025-10-10,daily,all subpops,Age 4,new_H,baseline,0.15450914941718283,0.07379741426708288,0.30081491148316386
2025-10-11,daily,all subpops,Age 4,new_H,baseline,0.16641416245541757,0.07774209290539083,0.31527829615618885
2025-10-12,daily,all subpops,Age 4,new_H,baseline,0.16734428380638058,0.07771990619136675,0.3184880492801042
2025-10-13,daily,all subpops,Age 4,new_H,baseline,0.1635238142155072,0.07532161607830593,0.3105762468025734
2025-10-14,daily,all subpops,Age 4,new_H,baseline,0.16282945151585,0.07514697472735024,0.31183335259513717
2025-10-15,daily,all subpops,Age 4,new_H,baseline,0.16844258216788804,0.0774506000520986,0.32171617983817347
2025-10-16,daily,all subpops,Age 4,new_H,baseline,0.1761053450413222,0.08056738355587918,0.3422194579170568
2025-10-17,daily,all subpops,Age 4,new_H,baseline,0.1880112053356967,0.08584503247501599,0.36323248100129496
2025-10-18,daily,all subpops,Age 4,new_H,baseline,0.20027903308287073,0.09119954192087419,0.3875116145636544
2025-10-19,daily,all subpops,Age 4,new_H,baseline,0.20334455037314814,0.09341198763434705,0.39515838470130965
2025-10-20,daily,all subpops,Age 4,new_H,baseline,0.19834175958930578,0.08963541005704363,0.38545226731634125
2025-10-21,daily,all subpops,Age 4,new_H,baseline,0.20056334120932934,0.09176683149475126,0.3882656436799338
2025-10-22,daily,all subpops,Age 4,new_H,baseline,0.21015077952747307,0.09707912894712653,0.402472335708313
2025-10-23,daily,all subpops,Age 4,new_H,baseline,0.22349696882540815,0.10446145644522797,0.4305121786359832
2025-10-24,daily,all subpops,Age 4,new_H,baseline,0.2386260137993429,0.11217497677647227,0.4596859008108368
2025-10-25,daily,all subpops,Age 4,new_H,baseline,0.25472385559451216,0.12018429610792583,0.48994612979363
2025-10-26,daily,all subpops,Age 4,new_H,baseline,0.2581313753953669,0.12320999172858546,0.49258691584096415
2025-10-27,daily,all subpops,Age 4,new_H,baseline,0.25542001650299273,0.12253269953170984,0.4755916222123766
2025-10-28,daily,all subpops,Age 4,new_H,baseline,0.2666286112700003,0.12840677929648636,0.47828703659078453
2025-10-29,daily,all subpops,Age 4,new_H,baseline,0.28431601055020134,0.13579030300179773,0.49747537045210477
2025-10-30,daily,all subpops,Age 4,new_H,baseline,0.30487868821981284,0.15161768624625763,0.5285449814805743
2025-10-31,daily,all subpops,Age 4,new_H,baseline,0.32967374244541814,0.16150069128992084,0.568572090306659
2025-11-01,daily,all subpops,Age 4,new_H,baseline,0.3510470154032335,0.17433883119719368,0.5993100801462092
2025-11-02,daily,all subpops,Age 4,new_H,baseline,0.3554630494241938,0.17483263452605555,0.6003328562358391
2025-11-03,daily,all subpops,Age 4,new_H,baseline,0.3501471692325564,0.17525109607762798,0.5913885081269783
2025-11-04,daily,all subpops,Age 4,new_H,baseline,0.36251033507022296,0.18654740883312337,0.6150473188810808
2025-11-05,daily,all subpops,Age 4,new_H,baseline,0.3900267359674606,0.2055884871632618,0.6596674408830546
2025-11-06,daily,all subpops,Age 4,new_H,baseline,0.42564641171135176,0.22736810509617664,0.7051326200591556
2025-11-07,daily,all subpops,Age 4,new_H,baseline,0.4683215451286178,0.2576871807178699,0.7655578108696636
2025-11-08,daily,all subpops,Age 4,new_H,baseline,0.5104709564018887,0.2889366851813364,0.8262225833539371
2025-11-09,daily,all subpops,Age 4,new_H,baseline,0.5204528448783918,0.3005386291219309,0.8387434897779645
2025-11-10,daily,all subpops,Age 4,new_H,baseline,0.512790752214692,0.3031057295561395,0.8264726212693166
2025-11-11,daily,all subpops,Age 4,new_H,baseline,0.5272906526072432,0.3188478742072099,0.8372458385779393
2025-11-12,daily,all subpops,Age 4,new_H,baseline,0.5608922590194925,0.34195513182435877,0.8769603893451509
2025-11-13,daily,all subpops,Age 4,new_H,baseline,0.6139208925670163,0.37487846123637203,0.9502233044720875
2025-11-14,daily,all subpops,Age 4,new_H,baseline,0.6814557462382587,0.4251554126214217,1.0512312542856308
2025-11-15,daily,all subpops,Age 4,new_H,baseline,0.7548586504072488,0.47609865239346416,1.1480198924275318
2025-11-16,daily,all subpops,Age 4,new_H,baseline,0.7783543982948631,0.49283389824042295,1.1710596728325011
2025-11-17,daily,all subpops,Age 4,new_H,baseline,0.7785818106376861,0.49260593726173296,1.1643063670607698
2025-11-18,daily,all subpops,Age 4,new_H,baseline,0.8303967319093198,0.5400550720622025,1.2384984143176692
2025-11-19,daily,all subpops,Age 4,new_H,baseline,0.9223869642726346,0.6115238251207977,1.3574679703503196
2025-11-20,daily,all subpops,Age 4,new_H,baseline,1.0395716777480632,0.6837437014173129,1.525042479439674
2025-11-21,daily,all subpops,Age 4,new_H,baseline,1.1782513186773782,0.7944504141088956,1.7322902043171036
2025-11-22,daily,all subpops,Age 4,new_H,baseline,1.3144582059598338,0.8927869502741835,1.897916963724456
2025-11-23,daily,all subpops,Age 4,new_H,baseline,1.3620942569048842,0.9399738573112663,1.9537207987350598
2025-11-24,daily,all subpops,Age 4,new_H,baseline,1.3706058614663041,0.9477065440725881,1.9552537610532688
2025-11-25,daily,all subpops,Age 4,new_H,baseline,1.4612908453258016,1.0140751081216512,2.036701768808819
2025-11-26,daily,all subpops,Age 4,new_H,baseline,1.617849340771111,1.122435240697782,2.239610997883304
2025-11-27,daily,all subpops,Age 4,new_H,baseline,1.773095758836547,1.2206759384213444,2.452390000228926
2025-11-28,daily,all subpops,Age 4,new_H,baseline,1.8473041449121963,1.2957934306099317,2.5348885025388275
2025-11-29,daily,all subpops,Age 4,new_H,baseline,1.9309267834637165,1.3621636348176118,2.6501349291409175
2025-11-30,daily,all subpops,Age 4,new_H,baseline,1.9731942107227116,1.3756670639408641,2.7218016723448577
2025-12-01,daily,all subpops,Age 4,new_H,baseline,1.9742316086887954,1.380976546808619,2.7109837956949545
2025-12-02,daily,all subpops,Age 4,new_H,baseline,2.1119069665974735,1.474917093733824,2.8968050312246625
2025-12-03,daily,all subpops,Age 4,new_H,baseline,2.364572244144724,1.6360132548063737,3.20602924545107
2025-12-04,daily,all subpops,Age 4,new_H,baseline,2.676884279422722,1.8900146818063186,3.60555369225446
2025-12-05,daily,all subpops,Age 4,new_H,baseline,3.0762989300197683,2.2239577464673785,4.122156231557477
2025-12-06,daily,all subpops,Age 4,new_H,baseline,3.505637507462481,2.6175589008429827,4.719381865787297
2025-12-07,daily,all subpops,Age 4,new_H,baseline,3.7199045692343238,2.7891242234312004,4.931259871363192
2025-12-08,daily,all subpops,Age 4,new_H,baseline,3.8161389815696927,2.8640196117694208,4.990956313465893
2025-12-09,daily,all subpops,Age 4,new_H,baseline,4.170831952509209,3.122659702024084,5.448903629458097
2025-12-10,daily,all subpops,Age 4,new_H,baseline,4.768718152270928,3.5783938252480363,6.2620282575540545
2025-12-11,daily,all subpops,Age 4,new_H,baseline,5.447011899545762,4.119629141703657,7.187595253544081
2025-12-12,daily,all subpops,Age 4,new_H,baseline,6.291938871628526,4.730567106175883,8.315916771585089
2025-12-13,daily,all subpops,Age 4,new_H,baseline,7.201275135821907,5.452000173210103,9.553234677040956
2025-12-14,daily,all subpops,Age 4,new_H,baseline,7.654823117924074,5.811107631349437,10.208040911345003
2025-12-15,daily,all subpops,Age 4,new_H,baseline,7.870338486895605,5.977816536254438,10.57214419223239
2025-12-16,daily,all subpops,Age 4,new_H,baseline,8.65034949030655,6.6070717637752265,11.677929615887054
2025-12-17,daily,all subpops,Age 4,new_H,baseline,9.860632926208442,7.637075958537891,13.284775867419835
2025-12-18,daily,all subpops,Age 4,new_H,baseline,11.33626291898605,8.777549285497354,15.077767076971854
2025-12-19,daily,all subpops,Age 4,new_H,baseline,12.981147751132568,10.142065789756744,17.008193508313543
2025-12-20,daily,all subpops,Age 4,new_H,baseline,14.551000949092291,11.441545339495708,18.84368757534434
2025-12-21,daily,all subpops,Age 4,new_H,baseline,15.314528958896567,12.089776813948168,19.599498326422736
2025-12-22,daily,all subpops,Age 4,new_H,baseline,15.610532305092564,12.28299466860262,19.923855192253114
2025-12-23,daily,all subpops,Age 4,new_H,baseline,16.534042935737112,13.10700565374965,20.88019473626597
2025-12-24,daily,all subpops,Age 4,new_H,baseline,17.78883066415792,14.079764369241994,22.452719100895294
2025-12-25,daily,all subpops,Age 4,new_H,baseline,18.876690793678545,14.8638491004313,23.85489338844747
2025-12-26,daily,all subpops,Age 4,new_H,baseline,19.214099223662497,15.153099481794454,24.160786482835434
2025-12-27,daily,all subpops,Age 4,new_H,baseline,19.65016577945771,15.43394538457512,24.59354938071455
2025-12-28,daily,all subpops,Age 4,new_H,baseline,19.393220819357243,15.185255012760166,24.263556599488265
2025-12-29,daily,all subpops,Age 4,new_H,baseline,18.636673961628304,14.54225841004643,23.38029836186123
2025-12-30,daily,all subpops,Age 4,new_H,baseline,18.26074194243627,14.285856657091191,22.891236404677183
2025-12-31,daily,all subpops,Age 4,new_H,baseline,18.240081002665598,14.386723480228165,23.03056914194185
2026-01-01,daily,all subpops,Age 4,new_H,baseline,18.247367357792434,14.400477127906312,23.048335979359447
2026-01-02,daily,all subpops,Age 4,new_H,baseline,17.575467789979534,13.9359502502277,22.386182862088273
2026-01-03,daily,all subpops,Age 4,new_H,baseline,16.959485870788757,13.451972966668986,21.584564536963075
2026-01-04,daily,all subpops,Age 4,new_H,baseline,15.93169914621786,12.661088444101727,20.362773431682907
2026-01-05,daily,all subpops,Age 4,new_H,baseline,14.655976335812468,11.727317472268505,18.765560780909468
2026-01-06,daily,all subpops,Age 4,new_H,baseline,13.900147370000369,11.195101533215825,17.857021252731574
2026-01-07,daily,all subpops,Age 4,new_H,baseline,13.55374094602469,10.913417118785832,17.45859220548615
2026-01-08,daily,all subpops,Age 4,new_H,baseline,13.280678416736663,10.698030257173164,17.120941295153916
2026-01-09,daily,all subpops,Age 4,new_H,baseline,12.986333211578298,10.543961508308302,16.711080783072962
2026-01-10,daily,all subpops,Age 4,new_H,baseline,12.64130020763481,10.24188814703804,16.262953158482283
2026-01-11,daily,all subpops,Age 4,new_H,baseline,11.802826623723028,9.541359025826907,15.211525378568824
2026-01-12,daily,all subpops,Age 4,new_H,baseline,10.68755549629156,8.621716735341698,13.816148424918397
2026-01-13,daily,all subpops,Age 4,new_H,baseline,9.955644742871886,7.953574306035368,12.903170330482686
2026-01-14,daily,all subpops,Age 4,new_H,baseline,9.485706553681773,7.56279948959969,12.325804019028293
2026-01-15,daily,all subpops,Age 4,new_H,baseline,9.081766238630944,7.230949492832506,11.783829205113998
2026-01-16,daily,all subpops,Age 4,new_H,baseline,8.701154117369889,6.944072672692546,11.361339111394386
2026-01-17,daily,all subpops,Age 4,new_H,baseline,8.33675082659246,6.668513615342273,10.896468025695382
2026-01-18,daily,all subpops,Age 4,new_H,baseline,7.665127368609916,6.1521171095972145,10.064187097505322
2026-01-19,daily,all subpops,Age 4,new_H,baseline,6.865663977962445,5.5083672858358685,8.972866712745201
2026-01-20,daily,all subpops,Age 4,new_H,baseline,6.219104907520661,4.988654003089309,8.083022773268754
2026-01-21,daily,all subpops,Age 4,new_H,baseline,5.79867428946536,4.582798401276482,7.537002960281642
2026-01-22,daily,all subpops,Age 4,new_H,baseline,5.500225287977559,4.338192548759242,7.1118412915131595
2026-01-23,daily,all subpops,Age 4,new_H,baseline,5.210146184002435,4.11916307176957,6.7695676229012625
2026-01-24,daily,all subpops,Age 4,new_H,baseline,4.964605353841578,3.886026507356314,6.4191358914916705
2026-01-25,daily,all subpops,Age 4,new_H,baseline,4.577153542007609,3.550978404293853,5.885434037170198
2026-01-26,daily,all subpops,Age 4,new_H,baseline,4.11896516777503,3.2045819604909664,5.319225008540424
2026-01-27,daily,all subpops,Age 4,new_H,baseline,3.8116383490242844,2.94165051581831,4.889081744295811
2026-01-28,daily,all subpops,Age 4,new_H,baseline,3.614062348326278,2.7893473272440086,4.624346183496557
2026-01-29,daily,all subpops,Age 4,new_H,baseline,3.4754561487189233,2.6682247917570865,4.452707143077027
2026-01-30,daily,all subpops,Age 4,new_H,baseline,3.3766512058834195,2.581112459009931,4.311965490902013
2026-01-31,daily,all subpops,Age 4,new_H,baseline,3.2750427284573846,2.4940637632443687,4.200917324879216
2026-02-01,daily,all subpops,Age 4,new_H,baseline,3.0402666038731017,2.3260744973803686,3.937479172991206
2026-02-02,daily,all subpops,Age 4,new_H,baseline,2.7578792489445334,2.1046083500775956,3.598602846623991
2026-02-03,daily,all subpops,Age 4,new_H,baseline,2.578265303529362,1.9503936762535585,3.371063521336733
2026-02-04,daily,all subpops,Age 4,new_H,baseline,2.457901810542869,1.8371240321856452,3.248422225866369
2026-02-05,daily,all subpops,Age 4,new_H,baseline,2.396550547737117,1.7653782696202607,3.2264852506230657
2026-02-06,daily,all subpops,Age 4,new_H,baseline,2.356122256758959,1.7116965258075085,3.1880970369247974
2026-02-07,daily,all subpops,Age 4,new_H,baseline,2.29928426649619,1.6604781674586024,3.1391512654875062
2026-02-08,daily,all subpops,Age 4,new_H,baseline,2.151399771803736,1.5456377356272248,2.962954041864427
2026-02-09,daily,all subpops,Age 4,new_H,baseline,1.977560055543384,1.408617041291849,2.736698976803099
2026-02-10,daily,all subpops,Age 4,new_H,baseline,1.8812981865227298,1.3349815766043975,2.613932072296866
2026-02-11,daily,all subpops,Age 4,new_H,baseline,1.8419416671561664,1.3123231697152644,2.560964949355769
2026-02-12,daily,all subpops,Age 4,new_H,baseline,1.8229557911435332,1.295205189371394,2.536351727253894
2026-02-13,daily,all subpops,Age 4,new_H,baseline,1.826275149219982,1.2966583371348486,2.524878695469403
2026-02-14,daily,all subpops,Age 4,new_H,baseline,1.8162827094802714,1.3097361110016674,2.514274565293241
2026-02-15,daily,all subpops,Age 4,new_H,baseline,1.7314808709957519,1.2507940903850994,2.395594566289006
2026-02-16,daily,all subpops,Age 4,new_H,baseline,1.6168188997539978,1.1639954299974267,2.2551589982715434
2026-02-17,daily,all subpops,Age 4,new_H,baseline,1.535565463275429,1.114471452177612,2.1429150193136524
2026-02-18,daily,all subpops,Age 4,new_H,baseline,1.4796234060089508,1.0855482593732906,2.077672225112699
2026-02-19,daily,all subpops,Age 4,new_H,baseline,1.43676476768184,1.0479157832383483,2.0292932298211332
2026-02-20,daily,all subpops,Age 4,new_H,baseline,1.397812397502922,1.0172778684928594,2.002245971636625
2026-02-21,daily,all subpops,Age 4,new_H,baseline,1.3522023585762677,0.9823142774263767,1.94533108250998
2026-02-22,daily,all subpops,Age 4,new_H,baseline,1.2646592328146382,0.9165232882564831,1.8103477837943722
2026-02-23,daily,all subpops,Age 4,new_H,baseline,1.1603809712954776,0.8325424558289843,1.6546342630563933
2026-02-24,daily,all subpops,Age 4,new_H,baseline,1.112601616869747,0.8004460342705604,1.6110300703290588
2026-02-25,daily,all subpops,Age 4,new_H,baseline,1.1053605880443356,0.7907454300473814,1.612937848717485
2026-02-26,daily,all subpops,Age 4,new_H,baseline,1.1041683901862958,0.7840776627968806,1.6345143283869614
2026-02-27,daily,all subpops,Age 4,new_H,baseline,1.1126977604806032,0.789586643331439,1.652481541891951
2026-02-28,daily,all subpops,Age 4,new_H,baseline,1.1155088621055684,0.7930108375331199,1.681097257762769
2026-03-01,daily,all subpops,Age 4,new_H,baseline,1.0660806272787537,0.7636499220724956,1.6056204413447492
2026-03-02,daily,all subpops,Age 4,new_H,baseline,0.9887981514808779,0.7085828449504323,1.4925239197476439
2026-03-03,daily,all subpops,Age 4,new_H,baseline,0.9635213767801784,0.6804235176886065,1.4687606311370671
2026-03-04,daily,all subpops,Age 4,new_H,baseline,0.9621158548838608,0.6724746645910082,1.457881948188995
2026-03-05,daily,all subpops,Age 4,new_H,baseline,0.9632100135995667,0.6748288286727067,1.4663730632565262
2026-03-06,daily,all subpops,Age 4,new_H,baseline,0.9703090544343085,0.6698859676495811,1.4958008816776291
2026-03-07,daily,all subpops,Age 4,new_H,baseline,0.9701423998141254,0.6647671718313508,1.5037909208302283
2026-03-08,daily,all subpops,Age 4,new_H,baseline,0.9271857962141649,0.6310702361875032,1.4376522452995173
2026-03-09,daily,all subpops,Age 4,new_H,baseline,0.8575465279581587,0.5748229779132542,1.3369242356563609
2026-03-10,daily,all subpops,Age 4,new_H,baseline,0.8244508948216636,0.544516161998847,1.2803357027712463
2026-03-11,daily,all subpops,Age 4,new_H,baseline,0.811197726877199,0.5354187445970421,1.264248184552323
2026-03-12,daily,all subpops,Age 4,new_H,baseline,0.802988894222779,0.5245960644391559,1.2677912213146059
2026-03-13,daily,all subpops,Age 4,new_H,baseline,0.8042742388159546,0.5170655263430606,1.2723221515966665
2026-03-14,daily,all subpops,Age 4,new_H,baseline,0.814203188320858,0.5086665969695401,1.2805821055023476
2026-03-15,daily,all subpops,Age 4,new_H,baseline,0.7828214912842728,0.48346768147454466,1.22757336351818
2026-03-16,daily,all subpops,Age 4,new_H,baseline,0.7291603149845476,0.44210438251835427,1.134400941660585
2026-03-17,daily,all subpops,Age 4,new_H,baseline,0.694999634464564,0.4196919782036032,1.0723822049281497
2026-03-18,daily,all subpops,Age 4,new_H,baseline,0.6882715667534265,0.41019719994802306,1.0661856679487283
2026-03-19,daily,all subpops,Age 4,new_H,baseline,0.6977803937034154,0.4101353890291068,1.0931294894571033
2026-03-20,daily,all subpops,Age 4,new_H,baseline,0.7185033290960627,0.41432849976278946,1.1198698471450987
2026-03-21,daily,all subpops,Age 4,new_H,baseline,0.7261594094924235,0.4080922627471757,1.137635827005508
2026-03-22,daily,all subpops,Age 4,new_H,baseline,0.7011796795052143,0.3905202529126409,1.0964350321921672
2026-03-23,daily,all subpops,Age 4,new_H,baseline,0.6557018684831907,0.36117743687575804,1.0198344236623962
2026-03-24,daily,all subpops,Age 4,new_H,baseline,0.6391442316370715,0.34810374788982146,0.9843136653731824
2026-03-25,daily,all subpops,Age 4,new_H,baseline,0.6440075720383602,0.3506923545624897,1.0075122378226715
2026-03-26,daily,all subpops,Age 4,new_H,baseline,0.6591077895037828,0.3595519040868542,1.0354500263249689
2026-03-27,daily,all subpops,Age 4,new_H,baseline,0.6735744069103391,0.372149529767383,1.0405341310820686
2026-03-28,daily,all subpops,Age 4,new_H,baseline,0.6808537474190575,0.37736144855824033,1.0673455877677154
2026-03-29,daily,all subpops,Age 4,new_H,baseline,0.6637176389303969,0.3648404633980549,1.0443309886025116
2026-03-30,daily,all subpops,Age 4,new_H,baseline,0.629648699237372,0.34479551705997996,0.9920999747583016
2026-03-31,daily,all subpops,Age 4,new_H,baseline,0.6194029092290472,0.3315255686730684,0.974878433349624
2026-04-01,daily,all subpops,Age 4,new_H,baseline,0.6195799904062731,0.3300309352235468,0.9633600271506769
2026-04-02,daily,all subpops,Age 4,new_H,baseline,0.6239949776036857,0.3303400211785863,0.9548006714354047
2026-04-03,daily,all subpops,Age 4,new_H,baseline,0.6309207368760446,0.3330832093991534,0.9697745891038321
2026-04-04,daily,all subpops,Age 4,new_H,baseline,0.632691330321427,0.32705417840897455,0.9814909105863334
2026-04-05,daily,all subpops,Age 4,new_H,baseline,0.6052761893432974,0.3083859774183349,0.9357975041051152
2026-04-06,daily,all subpops,Age 4,new_H,baseline,0.563311053405207,0.2881838597265048,0.8849700166733094
2026-04-07,daily,all subpops,Age 4,new_H,baseline,0.5454036359301566,0.27889821835986434,0.8631390612787996
2026-04-08,daily,all subpops,Age 4,new_H,baseline,0.5509118934596877,0.2765790335550197,0.8644713957971099
2026-04-09,daily,all subpops,Age 4,new_H,baseline,0.5628935042759251,0.2864502448340754,0.8709959685230282
2026-04-10,daily,all subpops,Age 4,new_H,baseline,0.5774873344010504,0.3018741364110188,0.8775396970211178
2026-04-11,daily,all subpops,Age 4,new_H,baseline,0.5789167691010327,0.30675565613546074,0.879760557428413
2026-04-12,daily,all subpops,Age 4,new_H,baseline,0.552467809941404,0.2984122990546063,0.8454956665451231
2026-04-13,daily,all subpops,Age 4,new_H,baseline,0.5157902177102688,0.2768788026587775,0.8016597147537422
2026-04-14,daily,all subpops,Age 4,new_H,baseline,0.49235026341556803,0.267538978193038,0.7659541035189078
2026-04-15,daily,all subpops,Age 4,new_H,baseline,0.4790288837493182,0.2638431003432697,0.742909776841424
2026-04-16,daily,all subpops,Age 4,new_H,baseline,0.4711929984614897,0.26068569132229297,0.7433001900708949
2026-04-17,daily,all subpops,Age 4,new_H,baseline,0.46658998808131935,0.25785368631231326,0.7222508637393329
2026-04-18,daily,all subpops,Age 4,new_H,baseline,0.4583989662608545,0.25589537498765946,0.7142797009100043
2026-04-19,daily,all subpops,Age 4,new_H,baseline,0.4318636014524012,0.2407466433452919,0.6801449785326564
2026-04-20,daily,all subpops,Age 4,new_H,baseline,0.3984340180870117,0.2224603356660932,0.63763365314156
2026-04-21,daily,all subpops,Age 4,new_H,baseline,0.3799509580426498,0.2091367958174766,0.6058402711074842
2026-04-22,daily,all subpops,Age 4,new_H,baseline,0.3697884990913705,0.2043928656340266,0.5925645188461536
2026-04-23,daily,all subpops,Age 4,new_H,baseline,0.3625109371989196,0.20295619944539436,0.5833567494217058
2026-04-24,daily,all subpops,Age 4,new_H,baseline,0.3545032715796107,0.19736430657302803,0.5783543980784632
2026-04-25,daily,all subpops,Age 4,new_H,baseline,0.3467074332977985,0.1908127635348208,0.5687894208739712
2026-04-26,daily,all subpops,Age 4,new_H,baseline,0.32866634651445575,0.1804524880952197,0.5404361043736092
2026-04-27,daily,all subpops,Age 4,new_H,baseline,0.3088433388665686,0.16654259702644814,0.5086166077415478
2026-04-28,daily,all subpops,Age 4,new_H,baseline,0.2968008786061637,0.1568804067065974,0.49769780947650294
2026-04-29,daily,all subpops,Age 4,new_H,baseline,0.29345028349466334,0.15220925491591963,0.5048718810679065
2026-04-30,daily,all subpops,Age 4,new_H,baseline,0.2957098293504923,0.14816802484343616,0.526003007584098
2026-05-01,daily,all subpops,Age 4,new_H,baseline,0.29909278128782324,0.14260926263688978,0.5471639953647067
2026-05-02,daily,all subpops,Age 4,new_H,baseline,0.3016416234371913,0.13755857595966825,0.5680055938516287
2026-05-03,daily,all subpops,Age 4,new_H,baseline,0.2900589609838266,0.12737561124410096,0.5667665176863244
2026-05-04,daily,all subpops,Age 4,new_H,baseline,0.27235216201752166,0.1153863522068885,0.554473939645582
2026-05-05,daily,all subpops,Age 4,new_H,baseline,0.26516244502649566,0.10598443542052483,0.5675515687236602
2026-05-06,daily,all subpops,Age 4,new_H,baseline,0.2630730032568267,0.09737012529770409,0.6095981898925342
2026-05-07,daily,all subpops,Age 4,new_H,baseline,0.26719314703032926,0.08974746284831128,0.6504996146428447
2026-05-08,daily,all subpops,Age 4,new_H,baseline,0.2719249588273895,0.08265119707151834,0.7022513797078729
2025-09-01,daily,all subpops,Age 5,new_H,baseline,0.03554416198131072,0.01237626101386859,0.09152721932923182
2025-09-02,daily,all subpops,Age 5,new_H,baseline,0.08594713464658701,0.029988768583809246,0.21996375154196593
2025-09-03,daily,all subpops,Age 5,new_H,baseline,0.1079888335866602,0.038236235402242316,0.2751030644744804
2025-09-04,daily,all subpops,Age 5,new_H,baseline,0.11987674248656671,0.04320660680045711,0.30426129867969764
2025-09-05,daily,all subpops,Age 5,new_H,baseline,0.12841301666348778,0.04626755086295349,0.32200719392793453
2025-09-06,daily,all subpops,Age 5,new_H,baseline,0.13208269065887412,0.04783697099521595,0.3303211630058873
2025-09-07,daily,all subpops,Age 5,new_H,baseline,0.1295377846242609,0.04703414572249655,0.32588385982124424
2025-09-08,daily,all subpops,Age 5,new_H,baseline,0.12487745285334255,0.04525806698586363,0.3129763842131985
2025-09-09,daily,all subpops,Age 5,new_H,baseline,0.12431804505552779,0.04596427500241181,0.30538347537016497
2025-09-10,daily,all subpops,Age 5,new_H,baseline,0.12810259462248896,0.04826372051605992,0.30299292461171234
2025-09-11,daily,all subpops,Age 5,new_H,baseline,0.13231440492290772,0.04999032365251834,0.30255810408585054
2025-09-12,daily,all subpops,Age 5,new_H,baseline,0.13678396697298442,0.05195626017296462,0.30542249629570656
2025-09-13,daily,all subpops,Age 5,new_H,baseline,0.1412429868601738,0.05399992234682527,0.3052455333215985
2025-09-14,daily,all subpops,Age 5,new_H,baseline,0.13936724491036845,0.05398528588800179,0.2927128452881557
2025-09-15,daily,all subpops,Age 5,new_H,baseline,0.13366321192351865,0.051690952000795126,0.27561467042626336
2025-09-16,daily,all subpops,Age 5,new_H,baseline,0.13295278349489742,0.052081779648254015,0.26660620049533873
2025-09-17,daily,all subpops,Age 5,new_H,baseline,0.13352277707072252,0.053165817498342004,0.2640516049505776
2025-09-18,daily,all subpops,Age 5,new_H,baseline,0.1364832424134558,0.05538788741672404,0.27354153386155367
2025-09-19,daily,all subpops,Age 5,new_H,baseline,0.141190692849104,0.05854582751944026,0.2802191196863957
2025-09-20,daily,all subpops,Age 5,new_H,baseline,0.14447543286693637,0.06068284437445048,0.2839271566600708
2025-09-21,daily,all subpops,Age 5,new_H,baseline,0.14198843448035753,0.05970459126674003,0.2795458571493516
2025-09-22,daily,all subpops,Age 5,new_H,baseline,0.13752674514029586,0.05861653874371975,0.2687280607591205
2025-09-23,daily,all subpops,Age 5,new_H,baseline,0.13590125306931342,0.05898652207696237,0.2665114673449349
2025-09-24,daily,all subpops,Age 5,new_H,baseline,0.1364404365459954,0.05838022490895969,0.26742555730657425
2025-09-25,daily,all subpops,Age 5,new_H,baseline,0.13875022746796556,0.060311151922542355,0.26868646398970936
2025-09-26,daily,all subpops,Age 5,new_H,baseline,0.1416817158595457,0.06330951107927081,0.2742010942281245
2025-09-27,daily,all subpops,Age 5,new_H,baseline,0.14351001733236496,0.06444274277155165,0.2818356234400774
2025-09-28,daily,all subpops,Age 5,new_H,baseline,0.13883274039022736,0.06321192084876509,0.27296098478626446
2025-09-29,daily,all subpops,Age 5,new_H,baseline,0.13109483501894745,0.05906314879328563,0.25603254933154734
2025-09-30,daily,all subpops,Age 5,new_H,baseline,0.12713458207938694,0.05817865342704821,0.250839636617923
2025-10-01,daily,all subpops,Age 5,new_H,baseline,0.12672688149447447,0.061095266685831005,0.2501632626610725
2025-10-02,daily,all subpops,Age 5,new_H,baseline,0.13070323240315754,0.06422296756913816,0.25432644944243593
2025-10-03,daily,all subpops,Age 5,new_H,baseline,0.13625962686406962,0.06600911677016674,0.26959098933160885
2025-10-04,daily,all subpops,Age 5,new_H,baseline,0.14166973495475715,0.06951533774682592,0.2853630978911429
2025-10-05,daily,all subpops,Age 5,new_H,baseline,0.14062098394553266,0.07019955745355515,0.28302458850004153
2025-10-06,daily,all subpops,Age 5,new_H,baseline,0.1351794446831102,0.06674741266807142,0.2765429025517812
2025-10-07,daily,all subpops,Age 5,new_H,baseline,0.1333328531532525,0.06518117536674324,0.273883394235572
2025-10-08,daily,all subpops,Age 5,new_H,baseline,0.1364754562106575,0.06639455833948965,0.27799848139142347
2025-10-09,daily,all subpops,Age 5,new_H,baseline,0.14152496167260611,0.06761704115407315,0.28512416751122643
2025-10-10,daily,all subpops,Age 5,new_H,baseline,0.14952968516406712,0.07255846095141506,0.3023001840834741
2025-10-11,daily,all subpops,Age 5,new_H,baseline,0.15879633865124365,0.07767638376721137,0.3179627713600161
2025-10-12,daily,all subpops,Age 5,new_H,baseline,0.1615155306185359,0.07849434099563926,0.31804701840784766
2025-10-13,daily,all subpops,Age 5,new_H,baseline,0.15852838077080691,0.07614646727806425,0.3142420001755982
2025-10-14,daily,all subpops,Age 5,new_H,baseline,0.15908183795288172,0.07608925342034034,0.31825131098163445
2025-10-15,daily,all subpops,Age 5,new_H,baseline,0.16583809194268503,0.07797043995658999,0.33416218331162195
2025-10-16,daily,all subpops,Age 5,new_H,baseline,0.17517782847759603,0.08266185811886505,0.35074925651544964
2025-10-17,daily,all subpops,Age 5,new_H,baseline,0.18663159695496018,0.08922242976173585,0.3736519160762815
2025-10-18,daily,all subpops,Age 5,new_H,baseline,0.1978948338802806,0.09632794177033141,0.3965177592396838
2025-10-19,daily,all subpops,Age 5,new_H,baseline,0.19889809898642302,0.0974510016028829,0.40429689593731066
2025-10-20,daily,all subpops,Age 5,new_H,baseline,0.1950495093275374,0.0955304598749415,0.393370421726518
2025-10-21,daily,all subpops,Age 5,new_H,baseline,0.19751318410291024,0.09626480917386057,0.3928564618113969
2025-10-22,daily,all subpops,Age 5,new_H,baseline,0.20461989688858995,0.10200565047348702,0.4052886461030862
2025-10-23,daily,all subpops,Age 5,new_H,baseline,0.21637821315412048,0.10735405627109683,0.41722770123825226
2025-10-24,daily,all subpops,Age 5,new_H,baseline,0.23236309486786505,0.11453757744203374,0.44670660497557174
2025-10-25,daily,all subpops,Age 5,new_H,baseline,0.2474040545157534,0.12255705237517645,0.47099636110617604
2025-10-26,daily,all subpops,Age 5,new_H,baseline,0.25031337488123917,0.12540603417119645,0.47293249024151585
2025-10-27,daily,all subpops,Age 5,new_H,baseline,0.24841967677620463,0.12250588587292036,0.4595252209618085
2025-10-28,daily,all subpops,Age 5,new_H,baseline,0.2581290422142588,0.12991877065764984,0.4613851527853437
2025-10-29,daily,all subpops,Age 5,new_H,baseline,0.27439665877976216,0.14034152528283855,0.494780150723593
2025-10-30,daily,all subpops,Age 5,new_H,baseline,0.2959737413507785,0.1505513872273601,0.5208442891577922
2025-10-31,daily,all subpops,Age 5,new_H,baseline,0.3159516330702636,0.16150270279311485,0.5517384171843478
2025-11-01,daily,all subpops,Age 5,new_H,baseline,0.3374334786990759,0.17437686852542578,0.5784830906771194
2025-11-02,daily,all subpops,Age 5,new_H,baseline,0.34395389724169023,0.17774990860430906,0.5888850106632377
2025-11-03,daily,all subpops,Age 5,new_H,baseline,0.3442058802713499,0.17802488111891368,0.5795960272136399
2025-11-04,daily,all subpops,Age 5,new_H,baseline,0.35570953466958516,0.186533849679408,0.6034932588565107
2025-11-05,daily,all subpops,Age 5,new_H,baseline,0.38010557031114445,0.19887091504256166,0.6476170731203937
2025-11-06,daily,all subpops,Age 5,new_H,baseline,0.4131255696529794,0.21647475152555892,0.7021200138226256
2025-11-07,daily,all subpops,Age 5,new_H,baseline,0.45800664233933774,0.24009557939546322,0.7670135256256754
2025-11-08,daily,all subpops,Age 5,new_H,baseline,0.49748346923318376,0.26640489382706184,0.8237872892842594
2025-11-09,daily,all subpops,Age 5,new_H,baseline,0.5099837485763428,0.27456553855180615,0.8352971353335152
2025-11-10,daily,all subpops,Age 5,new_H,baseline,0.5036935756833193,0.2773938369569313,0.8212333323039095
2025-11-11,daily,all subpops,Age 5,new_H,baseline,0.5212612637175801,0.2964333676279872,0.8369196767414094
2025-11-12,daily,all subpops,Age 5,new_H,baseline,0.5615251832208495,0.32630049226550417,0.8873612039222283
2025-11-13,daily,all subpops,Age 5,new_H,baseline,0.6195785604648465,0.3635067204801013,0.9687956267546906
2025-11-14,daily,all subpops,Age 5,new_H,baseline,0.6823319934357264,0.40457640606440587,1.0804932824442333
2025-11-15,daily,all subpops,Age 5,new_H,baseline,0.747560984788681,0.4388073031310024,1.1632842846872369
2025-11-16,daily,all subpops,Age 5,new_H,baseline,0.7698068572795091,0.45842244053745457,1.1921378987761602
2025-11-17,daily,all subpops,Age 5,new_H,baseline,0.7775439063068003,0.46341689941886993,1.1936408141158987
2025-11-18,daily,all subpops,Age 5,new_H,baseline,0.8318919298251914,0.4963750034964535,1.2452880477456325
2025-11-19,daily,all subpops,Age 5,new_H,baseline,0.9162186140572822,0.5628149716693649,1.3617970303664644
2025-11-20,daily,all subpops,Age 5,new_H,baseline,1.0220243240468747,0.6373135716541409,1.5215624657834352
2025-11-21,daily,all subpops,Age 5,new_H,baseline,1.1494773797257394,0.7409597971889891,1.6999280559111527
2025-11-22,daily,all subpops,Age 5,new_H,baseline,1.2742671103687562,0.8253112124075626,1.8544660389685128
2025-11-23,daily,all subpops,Age 5,new_H,baseline,1.3278680687438338,0.8547637500923541,1.927996316296875
2025-11-24,daily,all subpops,Age 5,new_H,baseline,1.351553194141172,0.8738782186955277,1.9163517614098178
2025-11-25,daily,all subpops,Age 5,new_H,baseline,1.4351959388622746,0.9547885426804977,1.9964623209453694
2025-11-26,daily,all subpops,Age 5,new_H,baseline,1.5743601034408266,1.061862754531639,2.1848544839564807
2025-11-27,daily,all subpops,Age 5,new_H,baseline,1.7049751633227057,1.1402252670179855,2.388082537240273
2025-11-28,daily,all subpops,Age 5,new_H,baseline,1.7875120694531783,1.208557810174784,2.501548993613684
2025-11-29,daily,all subpops,Age 5,new_H,baseline,1.9125076886688128,1.295409989654356,2.6651139994331374
2025-11-30,daily,all subpops,Age 5,new_H,baseline,1.984737608007805,1.3607482342566857,2.7500243259499864
2025-12-01,daily,all subpops,Age 5,new_H,baseline,2.0110288349681826,1.3838643441027492,2.78264492635826
2025-12-02,daily,all subpops,Age 5,new_H,baseline,2.1396840572426234,1.4784551988669465,2.9384894462354274
2025-12-03,daily,all subpops,Age 5,new_H,baseline,2.351452782754295,1.635709043670134,3.2217815366348512
2025-12-04,daily,all subpops,Age 5,new_H,baseline,2.638117030837985,1.8339581799950222,3.5777093116287078
2025-12-05,daily,all subpops,Age 5,new_H,baseline,2.98786849175136,2.1040775082317054,4.017065866180473
2025-12-06,daily,all subpops,Age 5,new_H,baseline,3.3935879987307276,2.3844020490577758,4.491831654906093
2025-12-07,daily,all subpops,Age 5,new_H,baseline,3.6010909332220598,2.537974670483542,4.752374927525332
2025-12-08,daily,all subpops,Age 5,new_H,baseline,3.712137960070434,2.6693510863849,4.879489156329671
2025-12-09,daily,all subpops,Age 5,new_H,baseline,4.076454087546471,2.9576619454632986,5.324398089280765
2025-12-10,daily,all subpops,Age 5,new_H,baseline,4.637379180985599,3.394572636215487,6.085910589545066
2025-12-11,daily,all subpops,Age 5,new_H,baseline,5.275099228517286,3.9020301570126077,6.8887494632742
2025-12-12,daily,all subpops,Age 5,new_H,baseline,6.05552798031138,4.495754613811396,7.886822999212984
2025-12-13,daily,all subpops,Age 5,new_H,baseline,6.868945327904744,5.150429555203486,9.034965854484245
2025-12-14,daily,all subpops,Age 5,new_H,baseline,7.352585586827856,5.517231690834529,9.68659529701128
2025-12-15,daily,all subpops,Age 5,new_H,baseline,7.6441536254486735,5.732803761152169,10.136768018177914
2025-12-16,daily,all subpops,Age 5,new_H,baseline,8.41914010527561,6.352716510133379,11.105045794508213
2025-12-17,daily,all subpops,Age 5,new_H,baseline,9.563562124777958,7.205222436079551,12.492523787984588
2025-12-18,daily,all subpops,Age 5,new_H,baseline,10.943473319941337,8.300687603021569,14.13947691302035
2025-12-19,daily,all subpops,Age 5,new_H,baseline,12.467896018358628,9.58759193201293,16.021084535583114
2025-12-20,daily,all subpops,Age 5,new_H,baseline,13.991584703365877,10.867087394504807,17.721759829096502
2025-12-21,daily,all subpops,Age 5,new_H,baseline,14.771270579483087,11.595384342406243,18.532563593349813
2025-12-22,daily,all subpops,Age 5,new_H,baseline,15.287621633715279,11.91850038557128,18.858636299080153
2025-12-23,daily,all subpops,Age 5,new_H,baseline,16.575002039214414,12.929937261159777,20.264677890756218
2025-12-24,daily,all subpops,Age 5,new_H,baseline,18.160674522885465,14.383586264765396,22.27175688477819
2025-12-25,daily,all subpops,Age 5,new_H,baseline,19.599736489880428,15.584559789273126,24.219640589561116
2025-12-26,daily,all subpops,Age 5,new_H,baseline,20.20341770507185,16.114826231224107,24.903877343766183
2025-12-27,daily,all subpops,Age 5,new_H,baseline,20.888122071055975,16.791842169895986,25.97629773169191
2025-12-28,daily,all subpops,Age 5,new_H,baseline,20.84318135009274,16.781130193912993,26.10803571433022
2025-12-29,daily,all subpops,Age 5,new_H,baseline,20.195091029912607,16.184181642024942,25.30374472430848
2025-12-30,daily,all subpops,Age 5,new_H,baseline,19.95541640846633,15.870667243998353,24.86855567721971
2025-12-31,daily,all subpops,Age 5,new_H,baseline,20.148794069774524,16.046850334896618,25.06478366108786
2026-01-01,daily,all subpops,Age 5,new_H,baseline,20.312616873448416,16.202589376078308,25.328356651942133
2026-01-02,daily,all subpops,Age 5,new_H,baseline,19.668833726480887,15.74853911702557,24.503661524176934
2026-01-03,daily,all subpops,Age 5,new_H,baseline,19.08865777461095,15.187899561937767,23.577181081686117
2026-01-04,daily,all subpops,Age 5,new_H,baseline,17.98865852051163,14.328843339276416,22.116170367733755
2026-01-05,daily,all subpops,Age 5,new_H,baseline,16.55898192190536,13.194837262302695,20.30151180000101
2026-01-06,daily,all subpops,Age 5,new_H,baseline,15.540235516873311,12.35668407578541,19.114012000116333
2026-01-07,daily,all subpops,Age 5,new_H,baseline,14.876542610899655,11.574908972179658,18.4251318983241
2026-01-08,daily,all subpops,Age 5,new_H,baseline,14.275113431139465,11.139301666667572,17.82953403752825
2026-01-09,daily,all subpops,Age 5,new_H,baseline,13.77740333701662,10.680107023084098,17.123637695277836
2026-01-10,daily,all subpops,Age 5,new_H,baseline,13.204237981588381,10.15212512218492,16.46726699327835
2026-01-11,daily,all subpops,Age 5,new_H,baseline,12.195710769148526,9.332085082964694,15.26383686513439
2026-01-12,daily,all subpops,Age 5,new_H,baseline,11.049468509433837,8.432273764837715,13.900379220167707
2026-01-13,daily,all subpops,Age 5,new_H,baseline,10.222805514398534,7.797414524107917,12.799528794483104
2026-01-14,daily,all subpops,Age 5,new_H,baseline,9.656139098767756,7.370582603693598,12.21719831505055
2026-01-15,daily,all subpops,Age 5,new_H,baseline,9.152501238746071,7.015328393905594,11.524498626449242
2026-01-16,daily,all subpops,Age 5,new_H,baseline,8.687618955168768,6.676012402205228,10.962172463819904
2026-01-17,daily,all subpops,Age 5,new_H,baseline,8.238675474995096,6.36180619624977,10.404016118102152
2026-01-18,daily,all subpops,Age 5,new_H,baseline,7.593670304423344,5.820528431457807,9.529363315112885
2026-01-19,daily,all subpops,Age 5,new_H,baseline,6.8240452333369035,5.227918758362369,8.598667559329376
2026-01-20,daily,all subpops,Age 5,new_H,baseline,6.231275671407467,4.782182671855211,7.916508952732301
2026-01-21,daily,all subpops,Age 5,new_H,baseline,5.8226794245024776,4.457760144700752,7.468157303816669
2026-01-22,daily,all subpops,Age 5,new_H,baseline,5.50807823912227,4.1973797737395,7.153671914119207
2026-01-23,daily,all subpops,Age 5,new_H,baseline,5.211680679447782,3.9319713194797647,6.819023795354388
2026-01-24,daily,all subpops,Age 5,new_H,baseline,4.926869601575083,3.708460327810123,6.493085386193836
2026-01-25,daily,all subpops,Age 5,new_H,baseline,4.524271468783017,3.3968665408913736,6.028312507984109
2026-01-26,daily,all subpops,Age 5,new_H,baseline,4.085981881612318,3.062588504150993,5.49562122030232
2026-01-27,daily,all subpops,Age 5,new_H,baseline,3.768822736494023,2.8491872015927875,5.118814251134724
2026-01-28,daily,all subpops,Age 5,new_H,baseline,3.5689641944325468,2.6853634180777672,4.867690322269437
2026-01-29,daily,all subpops,Age 5,new_H,baseline,3.4166516216046374,2.5662924257398156,4.633337485003562
2026-01-30,daily,all subpops,Age 5,new_H,baseline,3.2961047831221606,2.480968122336514,4.4571299472480295
2026-01-31,daily,all subpops,Age 5,new_H,baseline,3.1647416683068066,2.3855473553113336,4.248500046130343
2026-02-01,daily,all subpops,Age 5,new_H,baseline,2.944503134641413,2.2158390171931717,3.9281711841596634
2026-02-02,daily,all subpops,Age 5,new_H,baseline,2.6923995218916454,2.020609974900043,3.554230589964333
2026-02-03,daily,all subpops,Age 5,new_H,baseline,2.5124636073178594,1.8859044838949246,3.314251408718175
2026-02-04,daily,all subpops,Age 5,new_H,baseline,2.4022823637778337,1.777898660285614,3.1550580728116686
2026-02-05,daily,all subpops,Age 5,new_H,baseline,2.3270941593947816,1.6890943662887155,3.0376789861238866
2026-02-06,daily,all subpops,Age 5,new_H,baseline,2.2772429791669593,1.6413638391684908,2.9672156645215577
2026-02-07,daily,all subpops,Age 5,new_H,baseline,2.216804494629972,1.577361098258562,2.909356670255372
2026-02-08,daily,all subpops,Age 5,new_H,baseline,2.0956633669382185,1.4752742938320955,2.769545649697735
2026-02-09,daily,all subpops,Age 5,new_H,baseline,1.9387648765515344,1.3612169424368994,2.582252973161841
2026-02-10,daily,all subpops,Age 5,new_H,baseline,1.8547784337364221,1.2788359640319629,2.4714051199526414
2026-02-11,daily,all subpops,Age 5,new_H,baseline,1.814670674133526,1.245110798681321,2.4178955463479093
2026-02-12,daily,all subpops,Age 5,new_H,baseline,1.7876603054038935,1.2308601166688755,2.3917915378511347
2026-02-13,daily,all subpops,Age 5,new_H,baseline,1.7815674117396558,1.2432551915688528,2.402142510512341
2026-02-14,daily,all subpops,Age 5,new_H,baseline,1.7709222609844162,1.225008535491994,2.403111958052732
2026-02-15,daily,all subpops,Age 5,new_H,baseline,1.7029618147802357,1.1789230411113991,2.3091281466777027
2026-02-16,daily,all subpops,Age 5,new_H,baseline,1.6025760841636623,1.1130273915544826,2.1889166131641606
2026-02-17,daily,all subpops,Age 5,new_H,baseline,1.5367441747530792,1.0808496015310347,2.1112462178088416
2026-02-18,daily,all subpops,Age 5,new_H,baseline,1.5139098063428436,1.056536355320945,2.087592351568615
2026-02-19,daily,all subpops,Age 5,new_H,baseline,1.4931559904457063,1.0362259026383283,2.0904660598114773
2026-02-20,daily,all subpops,Age 5,new_H,baseline,1.4750538923345742,1.0136760830424558,2.1045941836273245
2026-02-21,daily,all subpops,Age 5,new_H,baseline,1.4512653571163012,0.9780768194898837,2.082471988227536
2026-02-22,daily,all subpops,Age 5,new_H,baseline,1.3655192675167014,0.9100419439306209,1.9792943069591322
2026-02-23,daily,all subpops,Age 5,new_H,baseline,1.2579696424562123,0.8328820311234674,1.8438368398908362
2026-02-24,daily,all subpops,Age 5,new_H,baseline,1.1945547373327998,0.7842252720037154,1.7470725831997516
2026-02-25,daily,all subpops,Age 5,new_H,baseline,1.1634590547730044,0.7603739152520391,1.7159334418376837
2026-02-26,daily,all subpops,Age 5,new_H,baseline,1.1498769348814937,0.7525051008032094,1.7121073513760146
2026-02-27,daily,all subpops,Age 5,new_H,baseline,1.1426552873687634,0.752717985245284,1.7027250452134222
2026-02-28,daily,all subpops,Age 5,new_H,baseline,1.1297182021931231,0.7466264858500907,1.6766245521060528
2026-03-01,daily,all subpops,Age 5,new_H,baseline,1.0783033017846635,0.7223626328924311,1.607457837636022
2026-03-02,daily,all subpops,Age 5,new_H,baseline,1.0130248445702081,0.6743185871718386,1.5018166229320136
2026-03-03,daily,all subpops,Age 5,new_H,baseline,0.984953913262893,0.649945235710391,1.458885141383946
2026-03-04,daily,all subpops,Age 5,new_H,baseline,0.973402274950074,0.6456311266943038,1.4602238463145851
2026-03-05,daily,all subpops,Age 5,new_H,baseline,0.9734901022116393,0.6432408089818167,1.465142515528947
2026-03-06,daily,all subpops,Age 5,new_H,baseline,0.9779949200667946,0.6374922058882998,1.4639647567503944
2026-03-07,daily,all subpops,Age 5,new_H,baseline,0.9734074693367964,0.6336303962060911,1.454103132638235
2026-03-08,daily,all subpops,Age 5,new_H,baseline,0.9278418320993328,0.6077129441569726,1.3913407397598492
2026-03-09,daily,all subpops,Age 5,new_H,baseline,0.8637473394262118,0.5566693220335904,1.3021143202027383
2026-03-10,daily,all subpops,Age 5,new_H,baseline,0.8283975969506464,0.5309118999820991,1.2401124166090483
2026-03-11,daily,all subpops,Age 5,new_H,baseline,0.8079023002869078,0.5180807407504652,1.2015743416832063
2026-03-12,daily,all subpops,Age 5,new_H,baseline,0.7944987527996566,0.5095218442368464,1.1716109323949986
2026-03-13,daily,all subpops,Age 5,new_H,baseline,0.7870646562933159,0.5087779525289957,1.1613314818275637
2026-03-14,daily,all subpops,Age 5,new_H,baseline,0.7871468868254035,0.5039791248087775,1.1512983217011734
2026-03-15,daily,all subpops,Age 5,new_H,baseline,0.7581787920724172,0.4834209495222051,1.1093944020444695
2026-03-16,daily,all subpops,Age 5,new_H,baseline,0.7097769731816054,0.45163447464020934,1.0422552728774757
2026-03-17,daily,all subpops,Age 5,new_H,baseline,0.6791771136886642,0.4326714351884184,0.9964403840979787
2026-03-18,daily,all subpops,Age 5,new_H,baseline,0.6689264039857704,0.4248461863487232,0.9856735865557555
2026-03-19,daily,all subpops,Age 5,new_H,baseline,0.6758844384156193,0.4279089420795726,0.9998118935967543
2026-03-20,daily,all subpops,Age 5,new_H,baseline,0.6905340904247499,0.43487598247338377,1.029525044972528
2026-03-21,daily,all subpops,Age 5,new_H,baseline,0.6968419901985337,0.43690945904739775,1.0502725716107664
2026-03-22,daily,all subpops,Age 5,new_H,baseline,0.6740940874042267,0.4183842570234265,1.0268915689076623
2026-03-23,daily,all subpops,Age 5,new_H,baseline,0.6337955466836551,0.39163026554353303,0.9725931244759456
2026-03-24,daily,all subpops,Age 5,new_H,baseline,0.6159475882426234,0.3823240703279989,0.9448479055943659
2026-03-25,daily,all subpops,Age 5,new_H,baseline,0.6188150243522293,0.38279417738053845,0.9456651873452383
2026-03-26,daily,all subpops,Age 5,new_H,baseline,0.6287754304684754,0.38526993239942653,0.9628726189302195
2026-03-27,daily,all subpops,Age 5,new_H,baseline,0.638330043516065,0.38630797465308414,0.9684902220397819
2026-03-28,daily,all subpops,Age 5,new_H,baseline,0.6480593480686264,0.38692599060740696,0.9725228939215366
2026-03-29,daily,all subpops,Age 5,new_H,baseline,0.6338399102193892,0.38012586224625805,0.9513659907534796
2026-03-30,daily,all subpops,Age 5,new_H,baseline,0.6059831871858834,0.3593132736526842,0.9099403387033
2026-03-31,daily,all subpops,Age 5,new_H,baseline,0.5939061257316873,0.3464255845334957,0.8936853713307522
2026-04-01,daily,all subpops,Age 5,new_H,baseline,0.5917955004088442,0.34158408269734714,0.8972213975348747
2026-04-02,daily,all subpops,Age 5,new_H,baseline,0.592125890572502,0.3430441632656504,0.900156787605154
2026-04-03,daily,all subpops,Age 5,new_H,baseline,0.6014873521710548,0.3355227955155953,0.913679832481289
2026-04-04,daily,all subpops,Age 5,new_H,baseline,0.6017082743108264,0.33252622503944684,0.9301408542266075
2026-04-05,daily,all subpops,Age 5,new_H,baseline,0.5740996304978468,0.3153521020935143,0.9005578101334933
2026-04-06,daily,all subpops,Age 5,new_H,baseline,0.5395444845760955,0.2922842589960866,0.844943937336079
2026-04-07,daily,all subpops,Age 5,new_H,baseline,0.5285476391490795,0.28597809815851927,0.8319216406785379
2026-04-08,daily,all subpops,Age 5,new_H,baseline,0.5339024850937751,0.28906210106062924,0.8336885641408536
2026-04-09,daily,all subpops,Age 5,new_H,baseline,0.5455149454307078,0.2884830742352619,0.844933929152371
2026-04-10,daily,all subpops,Age 5,new_H,baseline,0.5563071284635893,0.29584096648256897,0.8693211534876766
2026-04-11,daily,all subpops,Age 5,new_H,baseline,0.5598131037254781,0.3005728421307084,0.8759414350895356
2026-04-12,daily,all subpops,Age 5,new_H,baseline,0.5388092563333635,0.2871937870367365,0.8553938168666502
2026-04-13,daily,all subpops,Age 5,new_H,baseline,0.5047237661854904,0.26857909239780775,0.8091399952645477
2026-04-14,daily,all subpops,Age 5,new_H,baseline,0.48279478720848157,0.25824623725739276,0.7871524974163787
2026-04-15,daily,all subpops,Age 5,new_H,baseline,0.47049590057414864,0.251645403895893,0.7697206237591676
2026-04-16,daily,all subpops,Age 5,new_H,baseline,0.4600173761784194,0.24804794771572125,0.7512469965230771
2026-04-17,daily,all subpops,Age 5,new_H,baseline,0.4487335338304279,0.24465227222772062,0.7470812025759797
2026-04-18,daily,all subpops,Age 5,new_H,baseline,0.4402332885069304,0.2373041303404694,0.7393514571467374
2026-04-19,daily,all subpops,Age 5,new_H,baseline,0.41551392446531926,0.2264355181987775,0.7054629668193151
2026-04-20,daily,all subpops,Age 5,new_H,baseline,0.38771218981596267,0.2119232905506338,0.663327281848239
2026-04-21,daily,all subpops,Age 5,new_H,baseline,0.37557741885561385,0.20426283743594875,0.6468601444834652
2026-04-22,daily,all subpops,Age 5,new_H,baseline,0.3733145996382058,0.20202043192316,0.6498238018105235
2026-04-23,daily,all subpops,Age 5,new_H,baseline,0.3707600454006724,0.20569787573273488,0.6531178397996614
2026-04-24,daily,all subpops,Age 5,new_H,baseline,0.36973174706042106,0.20084811051231094,0.6564070032017097
2026-04-25,daily,all subpops,Age 5,new_H,baseline,0.3665252640200559,0.19832494661967479,0.657563665469564
2026-04-26,daily,all subpops,Age 5,new_H,baseline,0.35117328060827513,0.1887200769813813,0.6450556095269365
2026-04-27,daily,all subpops,Age 5,new_H,baseline,0.3246762262107253,0.1741469404886259,0.6051132321206465
2026-04-28,daily,all subpops,Age 5,new_H,baseline,0.30942648188471644,0.16183784908839108,0.590443669689955
2026-04-29,daily,all subpops,Age 5,new_H,baseline,0.3027889222530231,0.15620400228166129,0.586082539232254
2026-04-30,daily,all subpops,Age 5,new_H,baseline,0.29889328289569356,0.15038350718032928,0.5813790554415228
2026-05-01,daily,all subpops,Age 5,new_H,baseline,0.2967295488597671,0.14599571742063452,0.60210796749144
2026-05-02,daily,all subpops,Age 5,new_H,baseline,0.2976673869409623,0.1386280439614625,0.6216321352323257
2026-05-03,daily,all subpops,Age 5,new_H,baseline,0.28598672811083303,0.12937282347328427,0.6040885721989713
2026-05-04,daily,all subpops,Age 5,new_H,baseline,0.2716623828802502,0.1146079532852908,0.5810497677950764
2026-05-05,daily,all subpops,Age 5,new_H,baseline,0.2607505831658474,0.10404496859149721,0.587476631110326
2026-05-06,daily,all subpops,Age 5,new_H,baseline,0.25759605516958034,0.0958852433553047,0.5962226543084584
2026-05-07,daily,all subpops,Age 5,new_H,baseline,0.2558472751377824,0.08919434040348626,0.6406908717895426
2026-05-08,daily,all subpops,Age 5,new_H,baseline,0.25681007665074346,0.08342378555055965,0.6910789463918681
2025-09-01,daily,all subpops,Age 6,new_H,baseline,0.3458410072431942,0.1141306789162165,0.8555085433532376
2025-09-02,daily,all subpops,Age 6,new_H,baseline,0.8268449126170475,0.27526136974642545,2.044103933716294
2025-09-03,daily,all subpops,Age 6,new_H,baseline,1.0084458916087216,0.33970202386911263,2.4885184030682628
2025-09-04,daily,all subpops,Age 6,new_H,baseline,1.0562002895166394,0.35888617454538574,2.589557378106253
2025-09-05,daily,all subpops,Age 6,new_H,baseline,1.0416077791526945,0.3602598906352426,2.538152205871971
2025-09-06,daily,all subpops,Age 6,new_H,baseline,1.0080470516372346,0.3479558588136079,2.455926075574621
2025-09-07,daily,all subpops,Age 6,new_H,baseline,0.9597017099749718,0.33538715270134584,2.334864239868331
2025-09-08,daily,all subpops,Age 6,new_H,baseline,0.9115114048994257,0.317497555403757,2.1936822444089863
2025-09-09,daily,all subpops,Age 6,new_H,baseline,0.876030821794771,0.3065687224344411,2.0697573513545833
2025-09-10,daily,all subpops,Age 6,new_H,baseline,0.8554457274590095,0.303706482360066,1.968505370206096
2025-09-11,daily,all subpops,Age 6,new_H,baseline,0.8383824563667555,0.29976177889494776,1.8754079582195007
2025-09-12,daily,all subpops,Age 6,new_H,baseline,0.8233580273463894,0.30064194118896703,1.7835088778746928
2025-09-13,daily,all subpops,Age 6,new_H,baseline,0.820838195007666,0.3026261676128298,1.7269635152533296
2025-09-14,daily,all subpops,Age 6,new_H,baseline,0.8049851041654958,0.30107473675220564,1.6375428629451498
2025-09-15,daily,all subpops,Age 6,new_H,baseline,0.7887812274424191,0.2990150878781483,1.543499235102705
2025-09-16,daily,all subpops,Age 6,new_H,baseline,0.7700081306151602,0.30349531749806297,1.51858410281051
2025-09-17,daily,all subpops,Age 6,new_H,baseline,0.7635167268611378,0.3071363379352101,1.480328497926048
2025-09-18,daily,all subpops,Age 6,new_H,baseline,0.7553775972281819,0.30841366591201824,1.4693794931952167
2025-09-19,daily,all subpops,Age 6,new_H,baseline,0.7626981530422465,0.31714998284983953,1.4660542142001958
2025-09-20,daily,all subpops,Age 6,new_H,baseline,0.7633748620316017,0.3218276641787008,1.4947244661728645
2025-09-21,daily,all subpops,Age 6,new_H,baseline,0.7618721078743466,0.32408062710560087,1.4722806598609688
2025-09-22,daily,all subpops,Age 6,new_H,baseline,0.7679015947843253,0.32502656729147267,1.4862429244863604
2025-09-23,daily,all subpops,Age 6,new_H,baseline,0.7654894694691392,0.3328296891957071,1.506541888053743
2025-09-24,daily,all subpops,Age 6,new_H,baseline,0.7606641220150622,0.3310827896694215,1.5029647829100947
2025-09-25,daily,all subpops,Age 6,new_H,baseline,0.7636593780053691,0.33216744544012045,1.5004097799885237
2025-09-26,daily,all subpops,Age 6,new_H,baseline,0.7553540565558413,0.3369125295435696,1.462650038020157
2025-09-27,daily,all subpops,Age 6,new_H,baseline,0.7546499047954467,0.3372450820618053,1.4841825403989692
2025-09-28,daily,all subpops,Age 6,new_H,baseline,0.7381358199611109,0.3346007379774163,1.448425290008748
2025-09-29,daily,all subpops,Age 6,new_H,baseline,0.7234574365820181,0.33428102175725966,1.3921280813049943
2025-09-30,daily,all subpops,Age 6,new_H,baseline,0.7118216259227761,0.33749933642626173,1.3697727772130635
2025-10-01,daily,all subpops,Age 6,new_H,baseline,0.7065604793851188,0.3431491375702111,1.364007765577736
2025-10-02,daily,all subpops,Age 6,new_H,baseline,0.7120330052443934,0.35207685700448377,1.3601213655078448
2025-10-03,daily,all subpops,Age 6,new_H,baseline,0.7267004490017428,0.3560279253820391,1.3894472473473845
2025-10-04,daily,all subpops,Age 6,new_H,baseline,0.7463801700781902,0.3706061373032545,1.4257654563337694
2025-10-05,daily,all subpops,Age 6,new_H,baseline,0.7541102305928327,0.36944227515761374,1.4509195516532303
2025-10-06,daily,all subpops,Age 6,new_H,baseline,0.7476496557756045,0.3670377092517537,1.4347646568701913
2025-10-07,daily,all subpops,Age 6,new_H,baseline,0.7439648033299382,0.36280759461917245,1.4300541669697515
2025-10-08,daily,all subpops,Age 6,new_H,baseline,0.7428355898792272,0.3638543363689567,1.4325219926612345
2025-10-09,daily,all subpops,Age 6,new_H,baseline,0.7548489652757968,0.37308102239776986,1.4596309536207441
2025-10-10,daily,all subpops,Age 6,new_H,baseline,0.7915727432152206,0.3899800497646176,1.5168845220608587
2025-10-11,daily,all subpops,Age 6,new_H,baseline,0.8291397331126882,0.4008018111703031,1.5775851666387883
2025-10-12,daily,all subpops,Age 6,new_H,baseline,0.8565433146465742,0.4113559339595074,1.6150279608689055
2025-10-13,daily,all subpops,Age 6,new_H,baseline,0.8653211852154736,0.41874490901535144,1.6301298851361654
2025-10-14,daily,all subpops,Age 6,new_H,baseline,0.8821771676044827,0.4291568036896775,1.665046758038791
2025-10-15,daily,all subpops,Age 6,new_H,baseline,0.9131793506310479,0.4379423982905477,1.7268530755414646
2025-10-16,daily,all subpops,Age 6,new_H,baseline,0.951210297546836,0.4416190452409237,1.7829275007182281
2025-10-17,daily,all subpops,Age 6,new_H,baseline,0.9983265564606643,0.45281192430986655,1.8758712073863826
2025-10-18,daily,all subpops,Age 6,new_H,baseline,1.0540299543244656,0.4785409525840726,1.9812934784942582
2025-10-19,daily,all subpops,Age 6,new_H,baseline,1.0853952047326785,0.49718397902716377,2.028649084590722
2025-10-20,daily,all subpops,Age 6,new_H,baseline,1.0976696257842522,0.5015227976100712,2.0431776942398194
2025-10-21,daily,all subpops,Age 6,new_H,baseline,1.114515236492991,0.5158172312631779,2.075733946643126
2025-10-22,daily,all subpops,Age 6,new_H,baseline,1.1359670292786892,0.5276075602326465,2.132897663612594
2025-10-23,daily,all subpops,Age 6,new_H,baseline,1.1675382221446382,0.5506130611529068,2.2164686091817463
2025-10-24,daily,all subpops,Age 6,new_H,baseline,1.221926178935588,0.5810699177479122,2.2931907406485386
2025-10-25,daily,all subpops,Age 6,new_H,baseline,1.282271232669959,0.6172927597124982,2.346256411780835
2025-10-26,daily,all subpops,Age 6,new_H,baseline,1.3360442145874858,0.6505850909067711,2.4366505891558465
2025-10-27,daily,all subpops,Age 6,new_H,baseline,1.3759659545128855,0.6714918449236787,2.5125501961026107
2025-10-28,daily,all subpops,Age 6,new_H,baseline,1.434764656645127,0.7111340604712599,2.5316560727899953
2025-10-29,daily,all subpops,Age 6,new_H,baseline,1.5115356750994553,0.7426962874831675,2.6665704419992835
2025-10-30,daily,all subpops,Age 6,new_H,baseline,1.5832491663424937,0.7835259775410968,2.81737967893756
2025-10-31,daily,all subpops,Age 6,new_H,baseline,1.6436152092120877,0.8294364919225973,2.886798950016094
2025-11-01,daily,all subpops,Age 6,new_H,baseline,1.7124393214616656,0.8902356299686217,2.955318655907732
2025-11-02,daily,all subpops,Age 6,new_H,baseline,1.779476152256639,0.9387092937988706,3.0251529903104557
2025-11-03,daily,all subpops,Age 6,new_H,baseline,1.8513619405614623,0.9904866893486542,3.0985203763539757
2025-11-04,daily,all subpops,Age 6,new_H,baseline,1.9351571769210438,1.0261561186300536,3.168986310005691
2025-11-05,daily,all subpops,Age 6,new_H,baseline,2.037856808586394,1.1078463883125353,3.339148721172702
2025-11-06,daily,all subpops,Age 6,new_H,baseline,2.161273211894839,1.2171098360278563,3.4929918424309285
2025-11-07,daily,all subpops,Age 6,new_H,baseline,2.309262200616234,1.3421912523614592,3.6699154986714118
2025-11-08,daily,all subpops,Age 6,new_H,baseline,2.475132508566185,1.4493720564850265,3.84854013634941
2025-11-09,daily,all subpops,Age 6,new_H,baseline,2.5984479928356032,1.5468435260039823,3.9938567406903553
2025-11-10,daily,all subpops,Age 6,new_H,baseline,2.6920489496106357,1.6210073425009377,4.102868045205905
2025-11-11,daily,all subpops,Age 6,new_H,baseline,2.8069199576284998,1.7122905553403254,4.283125414645209
2025-11-12,daily,all subpops,Age 6,new_H,baseline,2.9781685103038633,1.8284314076285528,4.413848015208782
2025-11-13,daily,all subpops,Age 6,new_H,baseline,3.2108498263926757,1.9623064317474568,4.730805338986128
2025-11-14,daily,all subpops,Age 6,new_H,baseline,3.432400279606985,2.1289088467307558,5.001668539997607
2025-11-15,daily,all subpops,Age 6,new_H,baseline,3.7083379038808193,2.3267718783250086,5.390680826433164
2025-11-16,daily,all subpops,Age 6,new_H,baseline,3.9553665732000387,2.5218061533041314,5.662527793035972
2025-11-17,daily,all subpops,Age 6,new_H,baseline,4.1747306671894275,2.667621905168038,5.9164383535858915
2025-11-18,daily,all subpops,Age 6,new_H,baseline,4.467578929731687,2.931901175664165,6.2764343915730665
2025-11-19,daily,all subpops,Age 6,new_H,baseline,4.811881093139272,3.2188440622008545,6.70839957555716
2025-11-20,daily,all subpops,Age 6,new_H,baseline,5.223834445810509,3.5706303106294848,7.271333113373924
2025-11-21,daily,all subpops,Age 6,new_H,baseline,5.733803311037441,3.9968630268909746,7.969113773368721
2025-11-22,daily,all subpops,Age 6,new_H,baseline,6.2444093808068875,4.421946074197224,8.567168366912943
2025-11-23,daily,all subpops,Age 6,new_H,baseline,6.688215384075995,4.799045947554936,9.059302900609133
2025-11-24,daily,all subpops,Age 6,new_H,baseline,7.1280329706098655,5.214427100617857,9.502745921269899
2025-11-25,daily,all subpops,Age 6,new_H,baseline,7.613973900752157,5.66398814590056,10.113361227583654
2025-11-26,daily,all subpops,Age 6,new_H,baseline,8.218607811607903,6.20295705384092,10.771612717070209
2025-11-27,daily,all subpops,Age 6,new_H,baseline,8.779816974203127,6.6821426313627965,11.523789242947412
2025-11-28,daily,all subpops,Age 6,new_H,baseline,9.33313266250364,7.0689223862329,12.289371456578113
2025-11-29,daily,all subpops,Age 6,new_H,baseline,10.090815257731139,7.597488132811238,13.184106656877969
2025-11-30,daily,all subpops,Age 6,new_H,baseline,10.795918391218212,8.116433261280925,14.027652325186398
2025-12-01,daily,all subpops,Age 6,new_H,baseline,11.33318819784239,8.543359037964208,14.691219623286514
2025-12-02,daily,all subpops,Age 6,new_H,baseline,12.024617745054698,9.115277590186093,15.55500811072578
2025-12-03,daily,all subpops,Age 6,new_H,baseline,12.874039996224809,9.827874849178887,16.496936010089755
2025-12-04,daily,all subpops,Age 6,new_H,baseline,13.889998183339038,10.762413927674368,17.710767295294612
2025-12-05,daily,all subpops,Age 6,new_H,baseline,15.232876293119613,12.024267867684207,19.385004397544833
2025-12-06,daily,all subpops,Age 6,new_H,baseline,17.014107489981846,13.549501329276547,21.2635490079497
2025-12-07,daily,all subpops,Age 6,new_H,baseline,18.499302974139226,14.951828203364162,22.73393780632577
2025-12-08,daily,all subpops,Age 6,new_H,baseline,19.948654334177768,16.402359387372513,24.333723132432443
2025-12-09,daily,all subpops,Age 6,new_H,baseline,21.93169330542844,18.097228996897737,26.567676532393055
2025-12-10,daily,all subpops,Age 6,new_H,baseline,24.296098831453122,20.247711436939593,29.16735459686017
2025-12-11,daily,all subpops,Age 6,new_H,baseline,26.9331053756934,22.500267257676338,31.999427979832213
2025-12-12,daily,all subpops,Age 6,new_H,baseline,30.03659481187937,25.124297928695643,35.597215072823616
2025-12-13,daily,all subpops,Age 6,new_H,baseline,33.73642380204764,27.919652487765003,40.37158535372384
2025-12-14,daily,all subpops,Age 6,new_H,baseline,37.170282916960225,30.88885599745558,44.84054303298905
2025-12-15,daily,all subpops,Age 6,new_H,baseline,40.57771517336815,33.597941628531956,48.98666504082997
2025-12-16,daily,all subpops,Age 6,new_H,baseline,44.9106079076106,37.21985553374917,54.53088311746085
2025-12-17,daily,all subpops,Age 6,new_H,baseline,50.14408368058244,41.44546343403067,60.746407083555354
2025-12-18,daily,all subpops,Age 6,new_H,baseline,55.8788171768787,46.52544183766243,67.12896823554416
2025-12-19,daily,all subpops,Age 6,new_H,baseline,62.0329745617357,52.4961383699322,74.06611422823453
2025-12-20,daily,all subpops,Age 6,new_H,baseline,68.69521264648205,58.861105270600014,80.95094720250884
2025-12-21,daily,all subpops,Age 6,new_H,baseline,74.92881690268187,64.8288629056439,88.24769276661333
2025-12-22,daily,all subpops,Age 6,new_H,baseline,81.4657553779998,70.60433008066086,94.55284043916474
2025-12-23,daily,all subpops,Age 6,new_H,baseline,89.10974098166427,77.13742977005762,102.42338020587829
2025-12-24,daily,all subpops,Age 6,new_H,baseline,97.24397027355664,84.09426894141569,110.8760907617937
2025-12-25,daily,all subpops,Age 6,new_H,baseline,103.97663235351334,89.16412254686284,118.54383268059595
2025-12-26,daily,all subpops,Age 6,new_H,baseline,108.96321886490736,91.98283153388654,123.93550954899214
2025-12-27,daily,all subpops,Age 6,new_H,baseline,113.83666092356083,95.30993402212519,130.3427717426048
2025-12-28,daily,all subpops,Age 6,new_H,baseline,116.41721459153075,96.97180677478507,134.1656252717673
2025-12-29,daily,all subpops,Age 6,new_H,baseline,116.7433658073792,96.68689892728517,134.38111719966847
2025-12-30,daily,all subpops,Age 6,new_H,baseline,115.70152540638455,96.21257873460158,132.34859983606427
2025-12-31,daily,all subpops,Age 6,new_H,baseline,114.9274421995797,95.33314940962391,131.595121341235
2026-01-01,daily,all subpops,Age 6,new_H,baseline,113.43804629135175,93.64511587492676,130.1544394352041
2026-01-02,daily,all subpops,Age 6,new_H,baseline,110.54424757664097,91.73027543839068,126.21861892103055
2026-01-03,daily,all subpops,Age 6,new_H,baseline,107.16279792892786,89.45915444831157,122.84054872350269
2026-01-04,daily,all subpops,Age 6,new_H,baseline,102.44195390013653,85.77138373671579,117.52823810072377
2026-01-05,daily,all subpops,Age 6,new_H,baseline,96.86454603532371,81.40385853325354,110.51545854411337
2026-01-06,daily,all subpops,Age 6,new_H,baseline,91.50270270223088,77.67424927478382,104.14334502339662
2026-01-07,daily,all subpops,Age 6,new_H,baseline,86.33752825091854,73.1797046581658,98.5963789782957
2026-01-08,daily,all subpops,Age 6,new_H,baseline,81.05650609841823,69.06917098357437,93.12448234902038
2026-01-09,daily,all subpops,Age 6,new_H,baseline,76.27652684801232,64.79573517076419,88.07798600363601
2026-01-10,daily,all subpops,Age 6,new_H,baseline,71.41483991448038,60.965521771069874,83.58824888854902
2026-01-11,daily,all subpops,Age 6,new_H,baseline,66.23585507671466,56.83166243851689,77.82937802649582
2026-01-12,daily,all subpops,Age 6,new_H,baseline,61.129448698708906,52.26678485576045,71.74627731765588
2026-01-13,daily,all subpops,Age 6,new_H,baseline,56.73965278341041,48.45894724641148,66.85720613811917
2026-01-14,daily,all subpops,Age 6,new_H,baseline,53.08392398994061,45.177818216077114,62.477156416361154
2026-01-15,daily,all subpops,Age 6,new_H,baseline,49.46393325867483,42.0827899055791,58.303170208678075
2026-01-16,daily,all subpops,Age 6,new_H,baseline,46.20780845526129,39.271137966775356,54.28871305284086
2026-01-17,daily,all subpops,Age 6,new_H,baseline,43.354612713476854,36.72786537388385,51.028820387442956
2026-01-18,daily,all subpops,Age 6,new_H,baseline,40.20787316390509,33.76430918579261,47.24317009638059
2026-01-19,daily,all subpops,Age 6,new_H,baseline,36.872335940417244,31.0823178466979,43.540662402093105
2026-01-20,daily,all subpops,Age 6,new_H,baseline,34.025239471075125,28.626733846880768,40.1338235488032
2026-01-21,daily,all subpops,Age 6,new_H,baseline,31.585104340917617,26.420940098140914,37.43170566990077
2026-01-22,daily,all subpops,Age 6,new_H,baseline,29.38151409542966,24.50740819870488,35.08644421468105
2026-01-23,daily,all subpops,Age 6,new_H,baseline,27.3701729498623,22.6752316028745,32.89269734549892
2026-01-24,daily,all subpops,Age 6,new_H,baseline,25.554695401326043,21.051288278234427,30.84829114114063
2026-01-25,daily,all subpops,Age 6,new_H,baseline,23.822410775341396,19.499839893715592,28.856324273212344
2026-01-26,daily,all subpops,Age 6,new_H,baseline,22.100468733511068,18.031728567927484,26.956895547251495
2026-01-27,daily,all subpops,Age 6,new_H,baseline,20.556638321451153,16.806783817924327,25.129055991031343
2026-01-28,daily,all subpops,Age 6,new_H,baseline,19.314513440676148,15.662307406589765,23.62867288106235
2026-01-29,daily,all subpops,Age 6,new_H,baseline,18.2320358199796,14.725696245913765,22.374238366809593
2026-01-30,daily,all subpops,Age 6,new_H,baseline,17.27276986840702,14.071880939016971,21.250392682521895
2026-01-31,daily,all subpops,Age 6,new_H,baseline,16.443400611847053,13.3834858927174,20.222897368053133
2026-02-01,daily,all subpops,Age 6,new_H,baseline,15.486917062013644,12.554347367234655,18.928988022839206
2026-02-02,daily,all subpops,Age 6,new_H,baseline,14.518835064518608,11.743330776758807,17.66143415508045
2026-02-03,daily,all subpops,Age 6,new_H,baseline,13.719799779708776,11.03573565320919,16.71567467245553
2026-02-04,daily,all subpops,Age 6,new_H,baseline,13.011773426502629,10.356392005031116,15.93314962333433
2026-02-05,daily,all subpops,Age 6,new_H,baseline,12.403911525850994,9.681467808555109,15.2370998665345
2026-02-06,daily,all subpops,Age 6,new_H,baseline,11.869171368217952,9.155127074465229,14.658176438771255
2026-02-07,daily,all subpops,Age 6,new_H,baseline,11.452479405742423,8.700646260030473,14.19486537987273
2026-02-08,daily,all subpops,Age 6,new_H,baseline,10.933221910711177,8.237304520247736,13.608253187850984
2026-02-09,daily,all subpops,Age 6,new_H,baseline,10.438042588591934,7.827422167530254,13.02428396982666
2026-02-10,daily,all subpops,Age 6,new_H,baseline,10.081775345412373,7.554957204107514,12.744527890066747
2026-02-11,daily,all subpops,Age 6,new_H,baseline,9.788774159105671,7.337918919882099,12.44874832617181
2026-02-12,daily,all subpops,Age 6,new_H,baseline,9.523596990515955,7.142353755138106,12.15692350336004
2026-02-13,daily,all subpops,Age 6,new_H,baseline,9.29672881397483,7.070331602836569,11.877805356162899
2026-02-14,daily,all subpops,Age 6,new_H,baseline,9.134907918577014,6.980027826651403,11.769467478037207
2026-02-15,daily,all subpops,Age 6,new_H,baseline,8.886590743833514,6.797406215282139,11.523719066343267
2026-02-16,daily,all subpops,Age 6,new_H,baseline,8.59608278271,6.584666917204343,11.168649215396648
2026-02-17,daily,all subpops,Age 6,new_H,baseline,8.399931878461564,6.356299035075913,11.053517355967864
2026-02-18,daily,all subpops,Age 6,new_H,baseline,8.19812913042485,6.1814663551344715,10.888304189183529
2026-02-19,daily,all subpops,Age 6,new_H,baseline,7.994251956712895,5.955298421360204,10.834215693879367
2026-02-20,daily,all subpops,Age 6,new_H,baseline,7.784815761239434,5.7325363742028115,10.622898249551545
2026-02-21,daily,all subpops,Age 6,new_H,baseline,7.542018726500838,5.523787409009466,10.307051090076342
2026-02-22,daily,all subpops,Age 6,new_H,baseline,7.2263085751390275,5.258613012437755,9.874402376035976
2026-02-23,daily,all subpops,Age 6,new_H,baseline,6.843780868309277,4.982827382170804,9.47826088163021
2026-02-24,daily,all subpops,Age 6,new_H,baseline,6.5543841189244265,4.689628032233764,9.108459823437297
2026-02-25,daily,all subpops,Age 6,new_H,baseline,6.321117477327887,4.473291600309657,8.804825470026135
2026-02-26,daily,all subpops,Age 6,new_H,baseline,6.167389515428895,4.329672686639321,8.51895701219892
2026-02-27,daily,all subpops,Age 6,new_H,baseline,6.038615427458913,4.205717624126008,8.298519277249182
2026-02-28,daily,all subpops,Age 6,new_H,baseline,5.917839501285751,4.139701363080854,8.104174882026943
2026-03-01,daily,all subpops,Age 6,new_H,baseline,5.738420087182314,4.039743509460617,7.844895789157205
2026-03-02,daily,all subpops,Age 6,new_H,baseline,5.531814470587239,3.8699843886861647,7.550021845898149
2026-03-03,daily,all subpops,Age 6,new_H,baseline,5.415006417410867,3.8111013911680627,7.349303852982174
2026-03-04,daily,all subpops,Age 6,new_H,baseline,5.285240687029446,3.796678544020869,7.243561063662625
2026-03-05,daily,all subpops,Age 6,new_H,baseline,5.171747756710871,3.76003552566871,7.107026057646433
2026-03-06,daily,all subpops,Age 6,new_H,baseline,5.098623942455525,3.6657572461623356,7.025945453386559
2026-03-07,daily,all subpops,Age 6,new_H,baseline,4.995190234536526,3.5268547632902205,6.975403817799002
2026-03-08,daily,all subpops,Age 6,new_H,baseline,4.821835345849489,3.362790740237496,6.865493709604036
2026-03-09,daily,all subpops,Age 6,new_H,baseline,4.613326590951827,3.171001039289331,6.657448241119432
2026-03-10,daily,all subpops,Age 6,new_H,baseline,4.436707285239974,3.021887098601716,6.474253847273915
2026-03-11,daily,all subpops,Age 6,new_H,baseline,4.3242513812689305,2.903068068156776,6.290641604728344
2026-03-12,daily,all subpops,Age 6,new_H,baseline,4.201495721231358,2.7974889619435945,6.120489969611599
2026-03-13,daily,all subpops,Age 6,new_H,baseline,4.1022178328365815,2.7162250329721314,5.9891499645925474
2026-03-14,daily,all subpops,Age 6,new_H,baseline,4.060698160041003,2.66937373008259,5.9049352203793815
2026-03-15,daily,all subpops,Age 6,new_H,baseline,3.9711719034142843,2.6270394639450747,5.793262080445446
2026-03-16,daily,all subpops,Age 6,new_H,baseline,3.8371971024010207,2.5559183293799976,5.601819228227995
2026-03-17,daily,all subpops,Age 6,new_H,baseline,3.7055827419284055,2.513005712942762,5.451838292422916
2026-03-18,daily,all subpops,Age 6,new_H,baseline,3.6214836709470024,2.432845059253909,5.326542939346753
2026-03-19,daily,all subpops,Age 6,new_H,baseline,3.6032456588132002,2.3988196166735447,5.293231531107373
2026-03-20,daily,all subpops,Age 6,new_H,baseline,3.586375714668295,2.3376063713019763,5.316531594772072
2026-03-21,daily,all subpops,Age 6,new_H,baseline,3.566039297677358,2.3152249855053237,5.284613696378127
2026-03-22,daily,all subpops,Age 6,new_H,baseline,3.5017198337409687,2.2529150252591794,5.231643393478362
2026-03-23,daily,all subpops,Age 6,new_H,baseline,3.4142149042829746,2.177492902999123,5.1162578414432955
2026-03-24,daily,all subpops,Age 6,new_H,baseline,3.3473760493561477,2.119516919677578,5.073901254719291
2026-03-25,daily,all subpops,Age 6,new_H,baseline,3.329611326820104,2.102583357318786,5.0672825336137866
2026-03-26,daily,all subpops,Age 6,new_H,baseline,3.3243577439820386,2.117836101485889,5.083629466525727
2026-03-27,daily,all subpops,Age 6,new_H,baseline,3.322596841940405,2.107956417730034,5.07225694130482
2026-03-28,daily,all subpops,Age 6,new_H,baseline,3.339155854455995,2.0887616145351617,5.023647324734372
2026-03-29,daily,all subpops,Age 6,new_H,baseline,3.345668394409382,2.0842814084556287,4.960509716491179
2026-03-30,daily,all subpops,Age 6,new_H,baseline,3.3421287522606065,2.079835023632633,4.940846307412972
2026-03-31,daily,all subpops,Age 6,new_H,baseline,3.3196570802512526,2.04361720944042,4.865584177411471
2026-04-01,daily,all subpops,Age 6,new_H,baseline,3.294668162260383,1.9875656518579434,4.771929215986179
2026-04-02,daily,all subpops,Age 6,new_H,baseline,3.2394581562181592,1.8960121933945042,4.667142571883019
2026-04-03,daily,all subpops,Age 6,new_H,baseline,3.2010179860040386,1.8673433853145978,4.652269833179346
2026-04-04,daily,all subpops,Age 6,new_H,baseline,3.174220307293004,1.8292062026394014,4.596856554994216
2026-04-05,daily,all subpops,Age 6,new_H,baseline,3.0775152442990636,1.7924976779587214,4.478208220199314
2026-04-06,daily,all subpops,Age 6,new_H,baseline,2.968286974791095,1.7444122793443628,4.359489483428962
2026-04-07,daily,all subpops,Age 6,new_H,baseline,2.9099940589094824,1.7036693430695462,4.301284825137492
2026-04-08,daily,all subpops,Age 6,new_H,baseline,2.8770447137914794,1.6800121361486338,4.330607128851376
2026-04-09,daily,all subpops,Age 6,new_H,baseline,2.8788680958837016,1.6765608880497926,4.357159996010624
2026-04-10,daily,all subpops,Age 6,new_H,baseline,2.8987386724487445,1.6802166231817395,4.422549466610095
2026-04-11,daily,all subpops,Age 6,new_H,baseline,2.8882699610047577,1.6909567103489322,4.3888282824271805
2026-04-12,daily,all subpops,Age 6,new_H,baseline,2.833323932019601,1.6604918562654798,4.3644202628617155
2026-04-13,daily,all subpops,Age 6,new_H,baseline,2.75709053930768,1.6191108985227147,4.24829793623715
2026-04-14,daily,all subpops,Age 6,new_H,baseline,2.668194242519587,1.5838485166842362,4.101731333077073
2026-04-15,daily,all subpops,Age 6,new_H,baseline,2.5921207929742494,1.537076812448194,4.015357481605953
2026-04-16,daily,all subpops,Age 6,new_H,baseline,2.4703163976893556,1.4982508484121948,3.884588999933452
2026-04-17,daily,all subpops,Age 6,new_H,baseline,2.3804983335925094,1.4332391211406033,3.7501424373221037
2026-04-18,daily,all subpops,Age 6,new_H,baseline,2.2972264915526135,1.3466499416730038,3.6303263032810484
2026-04-19,daily,all subpops,Age 6,new_H,baseline,2.2132150728300717,1.3027723713869517,3.506511474383328
2026-04-20,daily,all subpops,Age 6,new_H,baseline,2.1175853995663245,1.2530508047356013,3.432657389581792
2026-04-21,daily,all subpops,Age 6,new_H,baseline,2.064473191643252,1.2162415403614493,3.3680429264782283
2026-04-22,daily,all subpops,Age 6,new_H,baseline,2.0365923607289433,1.205184777380303,3.3627684667549964
2026-04-23,daily,all subpops,Age 6,new_H,baseline,2.011242395508898,1.1879036723180951,3.3441888894818352
2026-04-24,daily,all subpops,Age 6,new_H,baseline,1.9765497533850511,1.156016948615657,3.314631203530859
2026-04-25,daily,all subpops,Age 6,new_H,baseline,1.9316316569089347,1.106848030112875,3.2760113942518236
2026-04-26,daily,all subpops,Age 6,new_H,baseline,1.8817280651347603,1.063671605024697,3.19342591199773
2026-04-27,daily,all subpops,Age 6,new_H,baseline,1.813415977239306,1.0172053556262912,3.1078408093123
2026-04-28,daily,all subpops,Age 6,new_H,baseline,1.7458743672726138,0.9656184628274744,3.06750622117807
2026-04-29,daily,all subpops,Age 6,new_H,baseline,1.6890423036090705,0.9143857229528618,3.0333983231479293
2026-04-30,daily,all subpops,Age 6,new_H,baseline,1.6460319699266321,0.8493703693436007,2.971894373446482
2026-05-01,daily,all subpops,Age 6,new_H,baseline,1.5947736083833692,0.8047372745917698,2.9464486241512544
2026-05-02,daily,all subpops,Age 6,new_H,baseline,1.5738539765993427,0.7578915893752383,2.918736930261201
2026-05-03,daily,all subpops,Age 6,new_H,baseline,1.537177936143185,0.7004146991202342,2.9257653414807363
2026-05-04,daily,all subpops,Age 6,new_H,baseline,1.500846107198627,0.6401263643799007,2.955147282950606
2026-05-05,daily,all subpops,Age 6,new_H,baseline,1.4614674876429175,0.5830701362005525,3.0496540813452504
2026-05-06,daily,all subpops,Age 6,new_H,baseline,1.4364535649110444,0.5290262487767923,3.155263338183131
2026-05-07,daily,all subpops,Age 6,new_H,baseline,1.4080327771998022,0.47975899803363026,3.291539538045741
2026-05-08,daily,all subpops,Age 6,new_H,baseline,1.4041120692716325,0.43818012355061425,3.4370391108052094
2025-09-01,daily,all subpops,all ages,new_H,baseline,0.43826970111291436,0.1454502108723002,1.08801289778864
2025-09-02,daily,all subpops,all ages,new_H,baseline,1.0525707981146164,0.3510044808259009,2.607759101667915
2025-09-03,daily,all subpops,all ages,new_H,baseline,1.2875568332956653,0.4363417797276928,3.1947753796923553
2025-09-04,daily,all subpops,all ages,new_H,baseline,1.366171156870497,0.47707708144368205,3.377886909616582
2025-09-05,daily,all subpops,all ages,new_H,baseline,1.3832221935497175,0.4883837044566171,3.415029599982647
2025-09-06,daily,all subpops,all ages,new_H,baseline,1.3636080936541715,0.4842646340051883,3.3508552470797106
2025-09-07,daily,all subpops,all ages,new_H,baseline,1.320570391732979,0.4655697573520171,3.191460890301878
2025-09-08,daily,all subpops,all ages,new_H,baseline,1.2577309307783193,0.44934570273353347,2.9978475398796642
2025-09-09,daily,all subpops,all ages,new_H,baseline,1.2262478708058993,0.4408388706216932,2.8736235350566908
2025-09-10,daily,all subpops,all ages,new_H,baseline,1.2130028483842252,0.43400310217092564,2.7850268566661476
2025-09-11,daily,all subpops,all ages,new_H,baseline,1.2116244328851509,0.4411333896710053,2.697534593416691
2025-09-12,daily,all subpops,all ages,new_H,baseline,1.2227159258331688,0.4540403226669353,2.65772624822403
2025-09-13,daily,all subpops,all ages,new_H,baseline,1.2251696517979158,0.46763661121339495,2.554676445663753
2025-09-14,daily,all subpops,all ages,new_H,baseline,1.2138378965907934,0.46907891716360095,2.4610911780756615
2025-09-15,daily,all subpops,all ages,new_H,baseline,1.1742216309282725,0.46354287514530035,2.2715413690961195
2025-09-16,daily,all subpops,all ages,new_H,baseline,1.147122105488228,0.4641388414239714,2.254371058700864
2025-09-17,daily,all subpops,all ages,new_H,baseline,1.153729204513239,0.46963008998719524,2.2854367327700613
2025-09-18,daily,all subpops,all ages,new_H,baseline,1.1644556603857241,0.4791422385950228,2.2306424409353705
2025-09-19,daily,all subpops,all ages,new_H,baseline,1.1759763216464378,0.4904349446906537,2.252896252501243
2025-09-20,daily,all subpops,all ages,new_H,baseline,1.1937457808867458,0.5011384540896777,2.3273542227764055
2025-09-21,daily,all subpops,all ages,new_H,baseline,1.1943225420670798,0.5027244292870343,2.3008876491297436
2025-09-22,daily,all subpops,all ages,new_H,baseline,1.1742056335831514,0.4988295317121378,2.2719429485922182
2025-09-23,daily,all subpops,all ages,new_H,baseline,1.1682389908476933,0.5020601643632125,2.2412586855944165
2025-09-24,daily,all subpops,all ages,new_H,baseline,1.1679839611032592,0.5123883817997167,2.2680117801800046
2025-09-25,daily,all subpops,all ages,new_H,baseline,1.174710607626749,0.5212765994738106,2.3048472012164787
2025-09-26,daily,all subpops,all ages,new_H,baseline,1.1777988677353188,0.528112765024497,2.2951508714238096
2025-09-27,daily,all subpops,all ages,new_H,baseline,1.180462718407953,0.5320745904712729,2.3332960594131857
2025-09-28,daily,all subpops,all ages,new_H,baseline,1.1559953791503057,0.5263842760171215,2.2409532142372957
2025-09-29,daily,all subpops,all ages,new_H,baseline,1.1125307229583252,0.5173731867143074,2.1352828960779875
2025-09-30,daily,all subpops,all ages,new_H,baseline,1.093648550299779,0.5205086671209456,2.078968853200467
2025-10-01,daily,all subpops,all ages,new_H,baseline,1.086141558718504,0.5263680617859471,2.120477705639033
2025-10-02,daily,all subpops,all ages,new_H,baseline,1.1154131714402984,0.5481962686958071,2.1494233797277373
2025-10-03,daily,all subpops,all ages,new_H,baseline,1.1407109145816436,0.5669646197412155,2.15279581309193
2025-10-04,daily,all subpops,all ages,new_H,baseline,1.1698285343747261,0.5946154142817031,2.243794186976588
2025-10-05,daily,all subpops,all ages,new_H,baseline,1.1673446184788672,0.5915420524700935,2.2232088257451914
2025-10-06,daily,all subpops,all ages,new_H,baseline,1.145835219589731,0.5718181093401169,2.2076141137662786
2025-10-07,daily,all subpops,all ages,new_H,baseline,1.1392787403448859,0.5649001116158465,2.1920981763495093
2025-10-08,daily,all subpops,all ages,new_H,baseline,1.1473826745331879,0.5650711713968166,2.2404496135111103
2025-10-09,daily,all subpops,all ages,new_H,baseline,1.1806981627044615,0.5784225044012832,2.262120764549049
2025-10-10,daily,all subpops,all ages,new_H,baseline,1.2445401602540611,0.6052176978389676,2.3750657245020292
2025-10-11,daily,all subpops,all ages,new_H,baseline,1.310900700550453,0.636665504115379,2.4746744953164823
2025-10-12,daily,all subpops,all ages,new_H,baseline,1.3373017320318685,0.6527683095420281,2.5342469966317176
2025-10-13,daily,all subpops,all ages,new_H,baseline,1.345194530833703,0.6548384217358161,2.5324876681133826
2025-10-14,daily,all subpops,all ages,new_H,baseline,1.3481403950237971,0.6610585305039897,2.5489863231694003
2025-10-15,daily,all subpops,all ages,new_H,baseline,1.3934262201370373,0.6665559912346817,2.6067467173844054
2025-10-16,daily,all subpops,all ages,new_H,baseline,1.4629264998699572,0.6867948950597799,2.7118271792958724
2025-10-17,daily,all subpops,all ages,new_H,baseline,1.5475011103499894,0.71663429372531,2.8836755446135705
2025-10-18,daily,all subpops,all ages,new_H,baseline,1.6174936291103892,0.756234725423557,3.0658143156842215
2025-10-19,daily,all subpops,all ages,new_H,baseline,1.6641228883342092,0.770652866922888,3.126577720149964
2025-10-20,daily,all subpops,all ages,new_H,baseline,1.675612099318589,0.7706649879564844,3.089780904929013
2025-10-21,daily,all subpops,all ages,new_H,baseline,1.6931936572858584,0.7792244269854793,3.1326667100453323
2025-10-22,daily,all subpops,all ages,new_H,baseline,1.7386069246780758,0.811939771695391,3.251164361847225
2025-10-23,daily,all subpops,all ages,new_H,baseline,1.8086769545769465,0.8456811543666787,3.36706438824258
2025-10-24,daily,all subpops,all ages,new_H,baseline,1.9049124306945924,0.9135653024761363,3.543786748423117
2025-10-25,daily,all subpops,all ages,new_H,baseline,2.008721629907229,0.9527460514143743,3.665504246171879
2025-10-26,daily,all subpops,all ages,new_H,baseline,2.068293586777933,1.0073605268202945,3.7267588389770965
2025-10-27,daily,all subpops,all ages,new_H,baseline,2.119626563215425,1.0343241144468265,3.8106170519593467
2025-10-28,daily,all subpops,all ages,new_H,baseline,2.208278393407611,1.0713064044070293,3.934509852505439
2025-10-29,daily,all subpops,all ages,new_H,baseline,2.3231905371182138,1.1554828450001775,4.009479656092673
2025-10-30,daily,all subpops,all ages,new_H,baseline,2.445924078559936,1.2344620932476364,4.183443928893155
2025-10-31,daily,all subpops,all ages,new_H,baseline,2.5768829768246215,1.3194800222401795,4.42677937425712
2025-11-01,daily,all subpops,all ages,new_H,baseline,2.689213866273426,1.3982360482959806,4.558948990417953
2025-11-02,daily,all subpops,all ages,new_H,baseline,2.779847726515057,1.4648891601606269,4.688144775885649
2025-11-03,daily,all subpops,all ages,new_H,baseline,2.827073356217679,1.5029889238137308,4.804872666628099
2025-11-04,daily,all subpops,all ages,new_H,baseline,2.9497807586328157,1.5978442989392134,4.9053520430520345
2025-11-05,daily,all subpops,all ages,new_H,baseline,3.129951650618472,1.7190687875248096,5.113134730968636
2025-11-06,daily,all subpops,all ages,new_H,baseline,3.3442532512978405,1.8962316430868051,5.407865163106678
2025-11-07,daily,all subpops,all ages,new_H,baseline,3.6309067633351706,2.088766523636201,5.7722414601483365
2025-11-08,daily,all subpops,all ages,new_H,baseline,3.921612966753692,2.300531807106074,6.148728907702836
2025-11-09,daily,all subpops,all ages,new_H,baseline,4.083223870398571,2.426329014071171,6.326978298244053
2025-11-10,daily,all subpops,all ages,new_H,baseline,4.1537389174247785,2.4977698177534347,6.379461069895956
2025-11-11,daily,all subpops,all ages,new_H,baseline,4.319741557801514,2.608766101833261,6.5396282092701306
2025-11-12,daily,all subpops,all ages,new_H,baseline,4.576683061010743,2.8053504656258537,6.813802534549379
2025-11-13,daily,all subpops,all ages,new_H,baseline,4.938314475074696,3.1059699002520427,7.256771404265006
2025-11-14,daily,all subpops,all ages,new_H,baseline,5.3539449926764195,3.396697991165239,7.8822577695410585
2025-11-15,daily,all subpops,all ages,new_H,baseline,5.847818041912802,3.7229478654588015,8.434296050814915
2025-11-16,daily,all subpops,all ages,new_H,baseline,6.1719070234559155,3.9444049630694265,8.845700207318037
2025-11-17,daily,all subpops,all ages,new_H,baseline,6.387840865879462,4.105756515768562,9.160314648292854
2025-11-18,daily,all subpops,all ages,new_H,baseline,6.797993115948495,4.45718264965863,9.75430255034271
2025-11-19,daily,all subpops,all ages,new_H,baseline,7.380325882020225,4.915485201719165,10.451481822778137
2025-11-20,daily,all subpops,all ages,new_H,baseline,8.12750626093814,5.4931351948026474,11.267418819834411
2025-11-21,daily,all subpops,all ages,new_H,baseline,8.999146293096038,6.213203345217586,12.26560907950611
2025-11-22,daily,all subpops,all ages,new_H,baseline,9.902738735576932,6.927929931160572,13.25355613868373
2025-11-23,daily,all subpops,all ages,new_H,baseline,10.450465389412969,7.465270041381259,13.830927516680108
2025-11-24,daily,all subpops,all ages,new_H,baseline,10.936678282958116,7.867967815649317,14.44861278040926
2025-11-25,daily,all subpops,all ages,new_H,baseline,11.718703827690227,8.618245076088545,15.317272540317148
2025-11-26,daily,all subpops,all ages,new_H,baseline,12.671699354814944,9.53366370168359,16.410529149170934
2025-11-27,daily,all subpops,all ages,new_H,baseline,13.60818897791071,10.202276752341112,17.669187048868164
2025-11-28,daily,all subpops,all ages,new_H,baseline,14.359875399332003,10.658998880647108,18.62068465482939
2025-11-29,daily,all subpops,all ages,new_H,baseline,15.30649234930998,11.285766616318439,19.831671774036135
2025-11-30,daily,all subpops,all ages,new_H,baseline,16.075900350148565,11.875478205611573,20.87781298473634
2025-12-01,daily,all subpops,all ages,new_H,baseline,16.70404936072922,12.218963392400328,21.458327146599355
2025-12-02,daily,all subpops,all ages,new_H,baseline,17.751921826848758,13.078395955663627,22.745403711638453
2025-12-03,daily,all subpops,all ages,new_H,baseline,19.259279363372347,14.341097710938998,24.500003388042874
2025-12-04,daily,all subpops,all ages,new_H,baseline,21.1025196871213,16.044716731988153,26.761764230490897
2025-12-05,daily,all subpops,all ages,new_H,baseline,23.441958851731123,18.305042418551395,29.621174299738502
2025-12-06,daily,all subpops,all ages,new_H,baseline,26.306041751616014,20.948067201485987,32.656309824650336
2025-12-07,daily,all subpops,all ages,new_H,baseline,28.42949579626612,22.97888248409755,35.09599778083047
2025-12-08,daily,all subpops,all ages,new_H,baseline,30.100681664645982,24.62734425620459,36.878294428885724
2025-12-09,daily,all subpops,all ages,new_H,baseline,33.07113000456333,27.367779459579843,39.989300437939086
2025-12-10,daily,all subpops,all ages,new_H,baseline,37.04166867840676,30.816524757191992,44.537733520981796
2025-12-11,daily,all subpops,all ages,new_H,baseline,41.36737276631514,34.51531170700006,49.812066285565784
2025-12-12,daily,all subpops,all ages,new_H,baseline,46.78247732238506,38.948590566533376,56.19179432282441
2025-12-13,daily,all subpops,all ages,new_H,baseline,52.91469832534038,44.05441219087395,63.24296058267747
2025-12-14,daily,all subpops,all ages,new_H,baseline,57.692139219948,47.738909066081305,69.20101135469996
2025-12-15,daily,all subpops,all ages,new_H,baseline,61.71157721590544,51.03773483008828,74.29817151620516
2025-12-16,daily,all subpops,all ages,new_H,baseline,68.24924660487824,56.70740578177738,81.9231111436555
2025-12-17,daily,all subpops,all ages,new_H,baseline,76.85316247931789,64.25607513541242,91.97248966453176
2025-12-18,daily,all subpops,all ages,new_H,baseline,86.14206558740578,72.1544544864147,102.55762478013585
2025-12-19,daily,all subpops,all ages,new_H,baseline,96.86281138834943,81.5436587205692,113.76513439252048
2025-12-20,daily,all subpops,all ages,new_H,baseline,107.70260388086209,92.82412595972501,125.25313668852883
2025-12-21,daily,all subpops,all ages,new_H,baseline,116.13857865290159,101.24659200874186,134.68962346178688
2025-12-22,daily,all subpops,all ages,new_H,baseline,122.9643346701393,108.08274683815223,141.3136082649643
2025-12-23,daily,all subpops,all ages,new_H,baseline,133.05114390169064,117.34321391674202,150.89077656164665
2025-12-24,daily,all subpops,all ages,new_H,baseline,143.69064640103593,126.16585408840272,162.16482966433043
2025-12-25,daily,all subpops,all ages,new_H,baseline,153.41870898660443,133.21637529324175,172.30392334245204
2025-12-26,daily,all subpops,all ages,new_H,baseline,159.0923618154348,136.78190417768906,179.2187326134719
2025-12-27,daily,all subpops,all ages,new_H,baseline,164.60631288874555,140.9350332063271,185.50738854884358
2025-12-28,daily,all subpops,all ages,new_H,baseline,166.88780448773852,142.08447119488045,188.87308471322837
2025-12-29,daily,all subpops,all ages,new_H,baseline,165.3455986515454,140.22909879808415,187.68333833194833
2025-12-30,daily,all subpops,all ages,new_H,baseline,163.4050969841959,138.2007862289487,185.04688981549631
2025-12-31,daily,all subpops,all ages,new_H,baseline,162.76676740837627,137.32320283170603,184.29076796551374
2026-01-01,daily,all subpops,all ages,new_H,baseline,161.56172995873635,136.0825155818042,182.2944607532167
2026-01-02,daily,all subpops,all ages,new_H,baseline,156.81358382441096,132.89862852579154,176.65481661347502
2026-01-03,daily,all subpops,all ages,new_H,baseline,152.06321260854776,129.7343273956551,170.11090061291543
2026-01-04,daily,all subpops,all ages,new_H,baseline,144.75344112098682,123.98174812631983,162.08876412380624
2026-01-05,daily,all subpops,all ages,new_H,baseline,135.94464925915537,116.55087893312128,152.6122853355122
2026-01-06,daily,all subpops,all ages,new_H,baseline,128.4893490730435,110.93297289768567,144.10149639438933
2026-01-07,daily,all subpops,all ages,new_H,baseline,122.22116825138767,105.8616573314445,137.01295357417493
2026-01-08,daily,all subpops,all ages,new_H,baseline,116.14418398102313,100.59637407574448,131.21786330472426
2026-01-09,daily,all subpops,all ages,new_H,baseline,110.37032220713614,95.34621540319931,125.48193008681838
2026-01-10,daily,all subpops,all ages,new_H,baseline,104.78219894428898,89.98991914332885,119.90890782516838
2026-01-11,daily,all subpops,all ages,new_H,baseline,97.44647482023133,83.89603242630132,112.03593627799557
2026-01-12,daily,all subpops,all ages,new_H,baseline,89.54577736603729,77.19735555921793,103.4910345738495
2026-01-13,daily,all subpops,all ages,new_H,baseline,83.31597831337271,71.6092117959505,96.43558723557081
2026-01-14,daily,all subpops,all ages,new_H,baseline,78.21417337607248,66.89752344141239,91.12938678062744
2026-01-15,daily,all subpops,all ages,new_H,baseline,73.3176013723515,62.93619204344084,85.3391312004835
2026-01-16,daily,all subpops,all ages,new_H,baseline,69.01680557714366,59.10023425234972,79.97871456777986
2026-01-17,daily,all subpops,all ages,new_H,baseline,65.07455848397571,55.568206757791195,75.86961133229273
2026-01-18,daily,all subpops,all ages,new_H,baseline,60.319540228715994,51.303344210593444,70.52131724072859
2026-01-19,daily,all subpops,all ages,new_H,baseline,54.85958059783113,46.58058154014008,64.2722402754163
2026-01-20,daily,all subpops,all ages,new_H,baseline,50.38122732289585,42.870009262703775,59.309518581119306
2026-01-21,daily,all subpops,all ages,new_H,baseline,46.755283002336036,39.44155203137589,55.035338978315096
2026-01-22,daily,all subpops,all ages,new_H,baseline,43.7325769627617,36.57584213198985,51.581225778425186
2026-01-23,daily,all subpops,all ages,new_H,baseline,41.02595297803835,34.081112012316304,48.73647108987113
2026-01-24,daily,all subpops,all ages,new_H,baseline,38.4951341177046,31.941871991111828,46.234405894694646
2026-01-25,daily,all subpops,all ages,new_H,baseline,35.668182811816806,29.54869886682421,42.98497382135701
2026-01-26,daily,all subpops,all ages,new_H,baseline,32.740081529134585,27.021626375905,39.58870800911974
2026-01-27,daily,all subpops,all ages,new_H,baseline,30.39413344835856,25.05881408917492,36.939984204588804
2026-01-28,daily,all subpops,all ages,new_H,baseline,28.684750916522475,23.559704347369127,34.97592912066017
2026-01-29,daily,all subpops,all ages,new_H,baseline,27.177218619534436,22.375694089451827,33.37566442491065
2026-01-30,daily,all subpops,all ages,new_H,baseline,25.97647109899536,21.325806728465672,31.859822998006067
2026-01-31,daily,all subpops,all ages,new_H,baseline,24.863210878617075,20.381366917245078,30.22939124870944
2026-02-01,daily,all subpops,all ages,new_H,baseline,23.40447127473822,19.188996894633796,28.3813392352644
2026-02-02,daily,all subpops,all ages,new_H,baseline,21.704510859070695,17.64942970567149,26.24914560104304
2026-02-03,daily,all subpops,all ages,new_H,baseline,20.471553219071673,16.45250879446818,24.74158948728749
2026-02-04,daily,all subpops,all ages,new_H,baseline,19.446095202688,15.472438121092566,23.488403457598455
2026-02-05,daily,all subpops,all ages,new_H,baseline,18.685131848241728,14.59116724659945,22.6758224035141
2026-02-06,daily,all subpops,all ages,new_H,baseline,18.0357296225005,13.926969909263729,22.21162717790919
2026-02-07,daily,all subpops,all ages,new_H,baseline,17.444215172019174,13.291053913781859,21.54895238007573
2026-02-08,daily,all subpops,all ages,new_H,baseline,16.536010137032942,12.488784932301362,20.694808294612564
2026-02-09,daily,all subpops,all ages,new_H,baseline,15.65039289408185,11.721142416819232,19.65498407964454
2026-02-10,daily,all subpops,all ages,new_H,baseline,15.015995686842526,11.217835367788874,19.01564229183307
2026-02-11,daily,all subpops,all ages,new_H,baseline,14.62554072877536,10.901242829072777,18.56757861782357
2026-02-12,daily,all subpops,all ages,new_H,baseline,14.286165023347765,10.715389190786302,18.17838143741339
2026-02-13,daily,all subpops,all ages,new_H,baseline,14.129104600893783,10.674814712907521,18.03547867882007
2026-02-14,daily,all subpops,all ages,new_H,baseline,13.94261275288699,10.53223643017626,17.86356226176025
2026-02-15,daily,all subpops,all ages,new_H,baseline,13.468494070799228,10.219234415374032,17.325459107543843
2026-02-16,daily,all subpops,all ages,new_H,baseline,12.87845053290975,9.892520200573784,16.667784168348287
2026-02-17,daily,all subpops,all ages,new_H,baseline,12.416307102753041,9.411834754990679,16.27019829033454
2026-02-18,daily,all subpops,all ages,new_H,baseline,12.07305543665746,9.060449961399506,15.923334432812858
2026-02-19,daily,all subpops,all ages,new_H,baseline,11.6952144673962,8.708893640271263,15.737802214608916
2026-02-20,daily,all subpops,all ages,new_H,baseline,11.349876916831107,8.40507255504019,15.477605569135674
2026-02-21,daily,all subpops,all ages,new_H,baseline,10.974425896023952,8.08365698239169,15.059416495353823
2026-02-22,daily,all subpops,all ages,new_H,baseline,10.437838112961199,7.6533152266512525,14.425624684124138
2026-02-23,daily,all subpops,all ages,new_H,baseline,9.834215114586506,7.131259321951681,13.664748344024046
2026-02-24,daily,all subpops,all ages,new_H,baseline,9.440670432031608,6.7328409623722125,13.055762838933823
2026-02-25,daily,all subpops,all ages,new_H,baseline,9.199205650221018,6.507241788365441,12.773764460134549
2026-02-26,daily,all subpops,all ages,new_H,baseline,9.02459409237714,6.3615839641110465,12.475053604805122
2026-02-27,daily,all subpops,all ages,new_H,baseline,8.921868125213113,6.307295001254942,12.288993098232131
2026-02-28,daily,all subpops,all ages,new_H,baseline,8.772273776585946,6.250376998229513,12.07338845176434
2026-03-01,daily,all subpops,all ages,new_H,baseline,8.485741277681495,6.038178063739766,11.636889093870773
2026-03-02,daily,all subpops,all ages,new_H,baseline,8.115939201384593,5.803067116778888,11.125659392696964
2026-03-03,daily,all subpops,all ages,new_H,baseline,7.896696011738454,5.629204920085516,10.784749008954424
2026-03-04,daily,all subpops,all ages,new_H,baseline,7.771181998781348,5.60990108978496,10.697372098782525
2026-03-05,daily,all subpops,all ages,new_H,baseline,7.694184678581211,5.621257692142023,10.687123783259896
2026-03-06,daily,all subpops,all ages,new_H,baseline,7.6082449083680626,5.5597626348083615,10.67941510008222
2026-03-07,daily,all subpops,all ages,new_H,baseline,7.486785209134057,5.412357259363917,10.588978360933805
2026-03-08,daily,all subpops,all ages,new_H,baseline,7.195328866403488,5.167174855153152,10.25153213686927
2026-03-09,daily,all subpops,all ages,new_H,baseline,6.828173617149572,4.830459802969465,9.825124536258416
2026-03-10,daily,all subpops,all ages,new_H,baseline,6.593964089364139,4.585479839924507,9.60817338807956
2026-03-11,daily,all subpops,all ages,new_H,baseline,6.452740394260234,4.410230759675924,9.39061706157503
2026-03-12,daily,all subpops,all ages,new_H,baseline,6.308540370710661,4.270816434473826,9.160242678131238
2026-03-13,daily,all subpops,all ages,new_H,baseline,6.1912594089298185,4.151224127925588,9.025554030653723
2026-03-14,daily,all subpops,all ages,new_H,baseline,6.152029148666358,4.108350856555586,8.964400203133401
2026-03-15,daily,all subpops,all ages,new_H,baseline,5.9674347832195584,3.9950166719290054,8.665245567942547
2026-03-16,daily,all subpops,all ages,new_H,baseline,5.705782058228174,3.814015811852954,8.338110751747564
2026-03-17,daily,all subpops,all ages,new_H,baseline,5.494374784514433,3.6860602523673105,8.036682522280737
2026-03-18,daily,all subpops,all ages,new_H,baseline,5.398356073651181,3.5839311889665675,7.974352860017986
2026-03-19,daily,all subpops,all ages,new_H,baseline,5.380879873372036,3.6084030402068015,7.945982243982426
2026-03-20,daily,all subpops,all ages,new_H,baseline,5.429854420594216,3.5819306361062284,8.066457767817074
2026-03-21,daily,all subpops,all ages,new_H,baseline,5.420470122938678,3.554421122895845,8.163642245721942
2026-03-22,daily,all subpops,all ages,new_H,baseline,5.290618833842553,3.4066029726817137,7.9672468630778415
2026-03-23,daily,all subpops,all ages,new_H,baseline,5.091987797150284,3.210072461311483,7.646202380975932
2026-03-24,daily,all subpops,all ages,new_H,baseline,4.99786491225632,3.1338075129095735,7.483347181935382
2026-03-25,daily,all subpops,all ages,new_H,baseline,4.998124947800372,3.1447656178132513,7.52025445635757
2026-03-26,daily,all subpops,all ages,new_H,baseline,5.0246005806064815,3.1618511350748286,7.57476917612754
2026-03-27,daily,all subpops,all ages,new_H,baseline,5.068337242748385,3.1861614854569704,7.532327667032523
2026-03-28,daily,all subpops,all ages,new_H,baseline,5.122676178176607,3.1441866312751134,7.566194563201121
2026-03-29,daily,all subpops,all ages,new_H,baseline,5.089627672735391,3.092824323366713,7.410720845985316
2026-03-30,daily,all subpops,all ages,new_H,baseline,4.986769687528213,2.9997594666580985,7.239590537099647
2026-03-31,daily,all subpops,all ages,new_H,baseline,4.936620686267693,2.942992548147091,7.191331167427034
2026-04-01,daily,all subpops,all ages,new_H,baseline,4.873174171163291,2.9012742777918152,7.115834325720549
2026-04-02,daily,all subpops,all ages,new_H,baseline,4.824220672223811,2.8037076837306274,6.962076018392726
2026-04-03,daily,all subpops,all ages,new_H,baseline,4.837976609885038,2.7610623641564027,7.064279133219491
2026-04-04,daily,all subpops,all ages,new_H,baseline,4.785454639725934,2.747920117002059,7.065733227587356
2026-04-05,daily,all subpops,all ages,new_H,baseline,4.636053688258724,2.668233097573471,6.808611363802753
2026-04-06,daily,all subpops,all ages,new_H,baseline,4.413001430576953,2.5546621935977494,6.50003755773126
2026-04-07,daily,all subpops,all ages,new_H,baseline,4.298250193611171,2.5279912758386214,6.368654493341834
2026-04-08,daily,all subpops,all ages,new_H,baseline,4.301453373188549,2.482967942936639,6.40940551040435
2026-04-09,daily,all subpops,all ages,new_H,baseline,4.331259686922657,2.44084146702188,6.5172078273334835
2026-04-10,daily,all subpops,all ages,new_H,baseline,4.367932153099675,2.525696130561226,6.619159926056233
2026-04-11,daily,all subpops,all ages,new_H,baseline,4.375700291459147,2.5112238536765195,6.679670419800627
2026-04-12,daily,all subpops,all ages,new_H,baseline,4.272636227942799,2.4804284050263625,6.593931791576268
2026-04-13,daily,all subpops,all ages,new_H,baseline,4.106321992619291,2.3826495490802526,6.349306363896244
2026-04-14,daily,all subpops,all ages,new_H,baseline,3.9519248487731575,2.29566759440164,6.135559985380621
2026-04-15,daily,all subpops,all ages,new_H,baseline,3.840022514161584,2.232724281052297,5.952950188794399
2026-04-16,daily,all subpops,all ages,new_H,baseline,3.7071860801341403,2.2180990299182834,5.7634569376175975
2026-04-17,daily,all subpops,all ages,new_H,baseline,3.5859654640449157,2.144841355691261,5.634174518050778
2026-04-18,daily,all subpops,all ages,new_H,baseline,3.471533680308524,2.065724025200402,5.541739547156002
2026-04-19,daily,all subpops,all ages,new_H,baseline,3.3355457836009585,1.9335573517746327,5.340465902458764
2026-04-20,daily,all subpops,all ages,new_H,baseline,3.1582330674202255,1.8331159905040586,5.078968062580599
2026-04-21,daily,all subpops,all ages,new_H,baseline,3.0489061415738146,1.7790690958374176,4.987411785171534
2026-04-22,daily,all subpops,all ages,new_H,baseline,2.989186788514876,1.7519884528870282,4.978495967901992
2026-04-23,daily,all subpops,all ages,new_H,baseline,2.940792504586224,1.7333826307474733,4.960281874167658
2026-04-24,daily,all subpops,all ages,new_H,baseline,2.886484192448871,1.7047000631825668,4.929745938131865
2026-04-25,daily,all subpops,all ages,new_H,baseline,2.81669323240511,1.6049995963529986,4.851545384713451
2026-04-26,daily,all subpops,all ages,new_H,baseline,2.706529872064166,1.5193878410755004,4.666042651081351
2026-04-27,daily,all subpops,all ages,new_H,baseline,2.5807658057839222,1.4389145567826278,4.510161028009235
2026-04-28,daily,all subpops,all ages,new_H,baseline,2.4996973649503538,1.3735652741004356,4.387111520747304
2026-04-29,daily,all subpops,all ages,new_H,baseline,2.4418681446885477,1.3125477807630188,4.309211640171676
2026-04-30,daily,all subpops,all ages,new_H,baseline,2.3741089163664744,1.2305867756874262,4.305221340915108
2026-05-01,daily,all subpops,all ages,new_H,baseline,2.342526118983737,1.1697048721036372,4.302921458717196
2026-05-02,daily,all subpops,all ages,new_H,baseline,2.3371100430062683,1.115569024481801,4.354559492244198
2026-05-03,daily,all subpops,all ages,new_H,baseline,2.277273852124466,1.0321479784429493,4.324263981048679
2026-05-04,daily,all subpops,all ages,new_H,baseline,2.1948482299364507,0.9370934510778337,4.330564949134298
2026-05-05,daily,all subpops,all ages,new_H,baseline,2.112564848992842,0.8579042250375963,4.451001241280514
2026-05-06,daily,all subpops,all ages,new_H,baseline,2.089042513547378,0.7758435460849334,4.570259866342912
2026-05-07,daily,all subpops,all ages,new_H,baseline,2.0767975330245307,0.7007590769796631,4.914003181723981
2026-05-08,daily,all subpops,all ages,new_H,baseline,2.0887437060318215,0.6539314417831417,5.130968370887981
2025-09-01,cumulative,all subpops,Age 0,new_H,baseline,0.002535288686691503,0.0007567405780168729,0.006575929898938726
2025-09-02,cumulative,all subpops,Age 0,new_H,baseline,0.008643477866013934,0.0025805351737269813,0.022381807254124825
2025-09-03,cumulative,all subpops,Age 0,new_H,baseline,0.01604443947628651,0.004813269865541076,0.04162178898689895
2025-09-04,cumulative,all subpops,Age 0,new_H,baseline,0.023863464843089918,0.00717279071531635,0.06193615116612361
2025-09-05,cumulative,all subpops,Age 0,new_H,baseline,0.031664413002384956,0.00954892079444459,0.08159353491911611
2025-09-06,cumulative,all subpops,Age 0,new_H,baseline,0.03922051340727034,0.011907217307361545,0.10094084562838856
2025-09-07,cumulative,all subpops,Age 0,new_H,baseline,0.04646486922905545,0.014254883776720696,0.11960356614363085
2025-09-08,cumulative,all subpops,Age 0,new_H,baseline,0.05367021567149302,0.01660685173831063,0.1375533542770281
2025-09-09,cumulative,all subpops,Age 0,new_H,baseline,0.06077553506393413,0.018979431064341776,0.15487026504998452
2025-09-10,cumulative,all subpops,Age 0,new_H,baseline,0.06782930220913841,0.021378307959221528,0.17305742998186235
2025-09-11,cumulative,all subpops,Age 0,new_H,baseline,0.07490553127040611,0.023758628597188504,0.19131140580578307
2025-09-12,cumulative,all subpops,Age 0,new_H,baseline,0.08154391735434532,0.026010261198871364,0.20874931260702495
2025-09-13,cumulative,all subpops,Age 0,new_H,baseline,0.08875527533376545,0.028287197614313163,0.22472512764215474
2025-09-14,cumulative,all subpops,Age 0,new_H,baseline,0.09663283858828908,0.030902607901545504,0.2405140973493071
2025-09-15,cumulative,all subpops,Age 0,new_H,baseline,0.10314937679572664,0.033802521404199995,0.25613404458292793
2025-09-16,cumulative,all subpops,Age 0,new_H,baseline,0.11089032785244192,0.03624628364848455,0.27151070354667484
2025-09-17,cumulative,all subpops,Age 0,new_H,baseline,0.11821784844317279,0.03878684498276214,0.2874151389525607
2025-09-18,cumulative,all subpops,Age 0,new_H,baseline,0.12620350133364838,0.04169532663503099,0.30342379756363175
2025-09-19,cumulative,all subpops,Age 0,new_H,baseline,0.13365884905512765,0.04467756542249255,0.3185713772770116
2025-09-20,cumulative,all subpops,Age 0,new_H,baseline,0.14077827673354354,0.04678289146256636,0.3336983606574874
2025-09-21,cumulative,all subpops,Age 0,new_H,baseline,0.14854156107877153,0.04924504227697736,0.34763476297106516
2025-09-22,cumulative,all subpops,Age 0,new_H,baseline,0.15625911466905018,0.052481576307019155,0.3602912089429922
2025-09-23,cumulative,all subpops,Age 0,new_H,baseline,0.16319680001949077,0.05582057185133738,0.37312864554022035
2025-09-24,cumulative,all subpops,Age 0,new_H,baseline,0.16994602005011322,0.05921122463287063,0.3883003339522144
2025-09-25,cumulative,all subpops,Age 0,new_H,baseline,0.17740226221197225,0.0620112904073729,0.403987818932208
2025-09-26,cumulative,all subpops,Age 0,new_H,baseline,0.18567410245045,0.06471274974061876,0.42103462383071594
2025-09-27,cumulative,all subpops,Age 0,new_H,baseline,0.192658085903293,0.06743352895001217,0.43779143672785975
2025-09-28,cumulative,all subpops,Age 0,new_H,baseline,0.19880419554280332,0.07018681195846065,0.45268881335328826
2025-09-29,cumulative,all subpops,Age 0,new_H,baseline,0.20628889208203074,0.07296911211413756,0.4630191741055336
2025-09-30,cumulative,all subpops,Age 0,new_H,baseline,0.21324142948369357,0.0757654184666547,0.4741752863906277
2025-10-01,cumulative,all subpops,Age 0,new_H,baseline,0.22074864205377764,0.078888634759488,0.48609478460659633
2025-10-02,cumulative,all subpops,Age 0,new_H,baseline,0.22754995875949285,0.0821065655622896,0.49801389080732256
2025-10-03,cumulative,all subpops,Age 0,new_H,baseline,0.23434754304267433,0.08548911710559752,0.5097936853383825
2025-10-04,cumulative,all subpops,Age 0,new_H,baseline,0.24170207936768506,0.09023125257869338,0.5280202508820031
2025-10-05,cumulative,all subpops,Age 0,new_H,baseline,0.2508099752088587,0.09560365680696965,0.5387305794183592
2025-10-06,cumulative,all subpops,Age 0,new_H,baseline,0.25860578474004514,0.09942162986634578,0.547969879116156
2025-10-07,cumulative,all subpops,Age 0,new_H,baseline,0.2656608107168918,0.10343668884126858,0.5572676239003609
2025-10-08,cumulative,all subpops,Age 0,new_H,baseline,0.2744452148084221,0.10757467857573026,0.5724854902694821
2025-10-09,cumulative,all subpops,Age 0,new_H,baseline,0.28338513624562733,0.11187628645685818,0.5860389291972256
2025-10-10,cumulative,all subpops,Age 0,new_H,baseline,0.2905289503785752,0.11649849722817228,0.5973678111841174
2025-10-11,cumulative,all subpops,Age 0,new_H,baseline,0.298884485316369,0.1210802146808056,0.6089191662391132
2025-10-12,cumulative,all subpops,Age 0,new_H,baseline,0.30873745053594603,0.1259885982417575,0.6201430075990608
2025-10-13,cumulative,all subpops,Age 0,new_H,baseline,0.317611572059054,0.1320123165360475,0.6312010993292626
2025-10-14,cumulative,all subpops,Age 0,new_H,baseline,0.3266327766348459,0.13685676201971786,0.6454094948028919
2025-10-15,cumulative,all subpops,Age 0,new_H,baseline,0.3346230973141893,0.13965062959825142,0.6609775047432663
2025-10-16,cumulative,all subpops,Age 0,new_H,baseline,0.3434252554262806,0.14308190931728898,0.677039277313816
2025-10-17,cumulative,all subpops,Age 0,new_H,baseline,0.35166405992077504,0.15082928406211812,0.6939024156789998
2025-10-18,cumulative,all subpops,Age 0,new_H,baseline,0.3613719452197838,0.15928621027609358,0.7116967607848463
2025-10-19,cumulative,all subpops,Age 0,new_H,baseline,0.3721186796115821,0.16821926652244365,0.7355482355994853
2025-10-20,cumulative,all subpops,Age 0,new_H,baseline,0.3841290096856943,0.17670191983421174,0.7547087453792086
2025-10-21,cumulative,all subpops,Age 0,new_H,baseline,0.3956581682490763,0.18461956862688214,0.7752591632115485
2025-10-22,cumulative,all subpops,Age 0,new_H,baseline,0.40731924391169255,0.19386705576776755,0.7882915607962111
2025-10-23,cumulative,all subpops,Age 0,new_H,baseline,0.4177617499072135,0.20167755901942808,0.8170873436833368
2025-10-24,cumulative,all subpops,Age 0,new_H,baseline,0.43033870794882584,0.20762943770536818,0.8358255155785554
2025-10-25,cumulative,all subpops,Age 0,new_H,baseline,0.4409817518025319,0.21454309325463763,0.8505864502872309
2025-10-26,cumulative,all subpops,Age 0,new_H,baseline,0.45467844430530924,0.22395588705457056,0.8716307080169731
2025-10-27,cumulative,all subpops,Age 0,new_H,baseline,0.47069432690307617,0.2295129955945164,0.89433937241161
2025-10-28,cumulative,all subpops,Age 0,new_H,baseline,0.4843416936135984,0.24178008162758724,0.9177630120352727
2025-10-29,cumulative,all subpops,Age 0,new_H,baseline,0.49849243716306735,0.2567470888808318,0.9417575806659427
2025-10-30,cumulative,all subpops,Age 0,new_H,baseline,0.5138066883572208,0.26937268349831267,0.9663121566005811
2025-10-31,cumulative,all subpops,Age 0,new_H,baseline,0.5307240815350098,0.27853289383453583,0.9946734537579106
2025-11-01,cumulative,all subpops,Age 0,new_H,baseline,0.5483095032101256,0.29146404394811554,1.0221838284882876
2025-11-02,cumulative,all subpops,Age 0,new_H,baseline,0.5660032988800814,0.3005836681421012,1.0447095666156483
2025-11-03,cumulative,all subpops,Age 0,new_H,baseline,0.5814307555949257,0.3112308173175187,1.074778685147679
2025-11-04,cumulative,all subpops,Age 0,new_H,baseline,0.5970833508623457,0.3267517070274838,1.1034788765006087
2025-11-05,cumulative,all subpops,Age 0,new_H,baseline,0.6167734771897836,0.3407874861717241,1.13456748743868
2025-11-06,cumulative,all subpops,Age 0,new_H,baseline,0.6368191278324471,0.35735434841156444,1.16694897214355
2025-11-07,cumulative,all subpops,Age 0,new_H,baseline,0.6583348866935471,0.37458341593679767,1.2029296937521954
2025-11-08,cumulative,all subpops,Age 0,new_H,baseline,0.6847754182464547,0.39242341398481545,1.237294585779274
2025-11-09,cumulative,all subpops,Age 0,new_H,baseline,0.7097356715092673,0.4118907528790154,1.2652291456430447
2025-11-10,cumulative,all subpops,Age 0,new_H,baseline,0.7346339356929406,0.42815293627593853,1.2939792492217395
2025-11-11,cumulative,all subpops,Age 0,new_H,baseline,0.7606901474667147,0.44880472285879347,1.3243982198470072
2025-11-12,cumulative,all subpops,Age 0,new_H,baseline,0.7903548106272699,0.4686490794580336,1.3581630055208271
2025-11-13,cumulative,all subpops,Age 0,new_H,baseline,0.8233653866076768,0.4903132828422444,1.3935214798405922
2025-11-14,cumulative,all subpops,Age 0,new_H,baseline,0.8583221831900418,0.5135236342136662,1.4310202319991587
2025-11-15,cumulative,all subpops,Age 0,new_H,baseline,0.8956164504688513,0.5344389542323696,1.4714153355654067
2025-11-16,cumulative,all subpops,Age 0,new_H,baseline,0.9354153358476587,0.5581797103767726,1.5151992726180057
2025-11-17,cumulative,all subpops,Age 0,new_H,baseline,0.9752789602971536,0.5939259894257979,1.562381337882659
2025-11-18,cumulative,all subpops,Age 0,new_H,baseline,1.0191336987209991,0.6320762650515274,1.6129444576392715
2025-11-19,cumulative,all subpops,Age 0,new_H,baseline,1.0681053175701016,0.6660332429914183,1.6745926614886433
2025-11-20,cumulative,all subpops,Age 0,new_H,baseline,1.118876028927858,0.703736175423051,1.7456899091472147
2025-11-21,cumulative,all subpops,Age 0,new_H,baseline,1.1674150174479594,0.7500461762376475,1.8236377377849802
2025-11-22,cumulative,all subpops,Age 0,new_H,baseline,1.2264182893353461,0.7934047292535907,1.909526259553523
2025-11-23,cumulative,all subpops,Age 0,new_H,baseline,1.2926656521996982,0.8334199674361225,2.0043534256350535
2025-11-24,cumulative,all subpops,Age 0,new_H,baseline,1.3594909976997842,0.8905340188966543,2.1154181010678306
2025-11-25,cumulative,all subpops,Age 0,new_H,baseline,1.4342880750788058,0.948788892313084,2.2279969054222635
2025-11-26,cumulative,all subpops,Age 0,new_H,baseline,1.5127387389314382,1.0048620772726027,2.337858419207282
2025-11-27,cumulative,all subpops,Age 0,new_H,baseline,1.5898164187561377,1.0675617589983304,2.4542553386186508
2025-11-28,cumulative,all subpops,Age 0,new_H,baseline,1.67931964242285,1.135256524015621,2.580625833032717
2025-11-29,cumulative,all subpops,Age 0,new_H,baseline,1.7740791762685364,1.1958630936077237,2.7011003713068313
2025-11-30,cumulative,all subpops,Age 0,new_H,baseline,1.8697979043891662,1.2769849006522838,2.8561697241215622
2025-12-01,cumulative,all subpops,Age 0,new_H,baseline,1.981138518374139,1.3712949667480798,3.0040437128374697
2025-12-02,cumulative,all subpops,Age 0,new_H,baseline,2.0970991512203927,1.447971777456239,3.161086078141375
2025-12-03,cumulative,all subpops,Age 0,new_H,baseline,2.2279862766076475,1.532182397074218,3.3436159992899297
2025-12-04,cumulative,all subpops,Age 0,new_H,baseline,2.3624987315800836,1.6179638736691058,3.5075603219989837
2025-12-05,cumulative,all subpops,Age 0,new_H,baseline,2.5086227967963195,1.6995682337905529,3.6901653603645492
2025-12-06,cumulative,all subpops,Age 0,new_H,baseline,2.668092994654005,1.7971733641723586,3.924708363855633
2025-12-07,cumulative,all subpops,Age 0,new_H,baseline,2.8397905417790223,1.9123434809617301,4.178023857508863
2025-12-08,cumulative,all subpops,Age 0,new_H,baseline,3.0294810781151194,2.059632241110705,4.429887888775718
2025-12-09,cumulative,all subpops,Age 0,new_H,baseline,3.227214261840982,2.216606548177273,4.705734729803406
2025-12-10,cumulative,all subpops,Age 0,new_H,baseline,3.4614172890936166,2.4021997052730844,5.05086778274962
2025-12-11,cumulative,all subpops,Age 0,new_H,baseline,3.6989806795763656,2.56060827434048,5.455896354458697
2025-12-12,cumulative,all subpops,Age 0,new_H,baseline,3.965066104125663,2.7314349572611603,5.822235129755472
2025-12-13,cumulative,all subpops,Age 0,new_H,baseline,4.271688548429773,2.940701920536656,6.216250766384827
2025-12-14,cumulative,all subpops,Age 0,new_H,baseline,4.610142922318117,3.1950654845128734,6.711176792620515
2025-12-15,cumulative,all subpops,Age 0,new_H,baseline,5.007434608081779,3.501605130978292,7.268334919721552
2025-12-16,cumulative,all subpops,Age 0,new_H,baseline,5.447337906428581,3.8422135854185964,7.865782417513445
2025-12-17,cumulative,all subpops,Age 0,new_H,baseline,5.935090021827623,4.161580684261598,8.525294438972796
2025-12-18,cumulative,all subpops,Age 0,new_H,baseline,6.448432203178662,4.514647396499807,9.250601999770637
2025-12-19,cumulative,all subpops,Age 0,new_H,baseline,7.026420506820835,4.907395396446982,10.077504757914538
2025-12-20,cumulative,all subpops,Age 0,new_H,baseline,7.682258698339727,5.3687849805284245,11.019986902445586
2025-12-21,cumulative,all subpops,Age 0,new_H,baseline,8.363705333041938,5.858128320702348,11.973969685974565
2025-12-22,cumulative,all subpops,Age 0,new_H,baseline,9.134745038243246,6.421020363704812,13.120415114095046
2025-12-23,cumulative,all subpops,Age 0,new_H,baseline,9.995337166821212,7.04756389199215,14.391534996137768
2025-12-24,cumulative,all subpops,Age 0,new_H,baseline,10.907410498173611,7.727896018050069,15.761129540310598
2025-12-25,cumulative,all subpops,Age 0,new_H,baseline,11.866369188340752,8.41850494942734,17.116908987374593
2025-12-26,cumulative,all subpops,Age 0,new_H,baseline,12.847436767890342,9.209341047489449,18.54404869447018
2025-12-27,cumulative,all subpops,Age 0,new_H,baseline,13.923097683604343,9.951300862751516,20.134094324650388
2025-12-28,cumulative,all subpops,Age 0,new_H,baseline,15.01149843437415,10.696019827946078,21.73990765544495
2025-12-29,cumulative,all subpops,Age 0,new_H,baseline,16.083500786006798,11.481207072727358,23.382793552552826
2025-12-30,cumulative,all subpops,Age 0,new_H,baseline,17.162572444128827,12.25562127031168,24.947229879284965
2025-12-31,cumulative,all subpops,Age 0,new_H,baseline,18.22981214596736,13.013629516102757,26.462980620990987
2026-01-01,cumulative,all subpops,Age 0,new_H,baseline,19.258759698070058,13.752030047659622,27.925453254687827
2026-01-02,cumulative,all subpops,Age 0,new_H,baseline,20.207160722666437,14.468967110408961,29.315709649003505
2026-01-03,cumulative,all subpops,Age 0,new_H,baseline,21.157060226427134,15.159517832408653,30.638224881760415
2026-01-04,cumulative,all subpops,Age 0,new_H,baseline,22.062767743714623,15.822594139557998,31.867802197011976
2026-01-05,cumulative,all subpops,Age 0,new_H,baseline,22.910286913434476,16.452756818790842,32.96370074995218
2026-01-06,cumulative,all subpops,Age 0,new_H,baseline,23.735247180359135,17.04550027443302,33.97790427606889
2026-01-07,cumulative,all subpops,Age 0,new_H,baseline,24.498862075490543,17.597485804821435,34.90888034144533
2026-01-08,cumulative,all subpops,Age 0,new_H,baseline,25.189803082623122,18.11108361217386,35.85431968889059
2026-01-09,cumulative,all subpops,Age 0,new_H,baseline,25.863787743144606,18.58983409333921,36.790759017382534
2026-01-10,cumulative,all subpops,Age 0,new_H,baseline,26.466199780785587,19.03412474444733,37.663784760020086
2026-01-11,cumulative,all subpops,Age 0,new_H,baseline,27.054769268772134,19.446924036709486,38.480728347852015
2026-01-12,cumulative,all subpops,Age 0,new_H,baseline,27.61051525748252,19.83056263917001,39.24550423448602
2026-01-13,cumulative,all subpops,Age 0,new_H,baseline,28.148581071141745,20.217843316538666,39.963750116200195
2026-01-14,cumulative,all subpops,Age 0,new_H,baseline,28.653124075263044,20.54965867241811,40.63695832444056
2026-01-15,cumulative,all subpops,Age 0,new_H,baseline,29.08332185445243,20.86840890477304,41.26527769540314
2026-01-16,cumulative,all subpops,Age 0,new_H,baseline,29.470082949112644,21.151945634631552,41.85216496255915
2026-01-17,cumulative,all subpops,Age 0,new_H,baseline,29.804652278910908,21.417788176904477,42.40528499724326
2026-01-18,cumulative,all subpops,Age 0,new_H,baseline,30.152789642878844,21.666239186011637,42.888528777885085
2026-01-19,cumulative,all subpops,Age 0,new_H,baseline,30.505080021041728,21.897762745255154,43.35897022021141
2026-01-20,cumulative,all subpops,Age 0,new_H,baseline,30.833931028572295,22.112824940600788,43.76130247134653
2026-01-21,cumulative,all subpops,Age 0,new_H,baseline,31.135735943725706,22.31270550130978,44.11031101158515
2026-01-22,cumulative,all subpops,Age 0,new_H,baseline,31.3993523344772,22.498381578803567,44.43263259538988
2026-01-23,cumulative,all subpops,Age 0,new_H,baseline,31.630231338467176,22.670642855827264,44.75111654225725
2026-01-24,cumulative,all subpops,Age 0,new_H,baseline,31.828902926875738,22.831371292181142,45.04751396518146
2026-01-25,cumulative,all subpops,Age 0,new_H,baseline,32.0460811421147,22.983632490187762,45.32605714538409
2026-01-26,cumulative,all subpops,Age 0,new_H,baseline,32.24089264389496,23.12784922107052,45.58855470028529
2026-01-27,cumulative,all subpops,Age 0,new_H,baseline,32.423617055566496,23.263932272148494,45.83525055381823
2026-01-28,cumulative,all subpops,Age 0,new_H,baseline,32.59279270809394,23.37400213631141,46.0670800551173
2026-01-29,cumulative,all subpops,Age 0,new_H,baseline,32.752671601274265,23.47669919302704,46.285589442054366
2026-01-30,cumulative,all subpops,Age 0,new_H,baseline,32.903463369142415,23.57337454582907,46.492563526214205
2026-01-31,cumulative,all subpops,Age 0,new_H,baseline,33.05830746259139,23.665212011025247,46.69002667058507
2026-02-01,cumulative,all subpops,Age 0,new_H,baseline,33.201908832089416,23.75311542376356,46.878916207908006
2026-02-02,cumulative,all subpops,Age 0,new_H,baseline,33.326070189485705,23.837434556121032,47.04580032865098
2026-02-03,cumulative,all subpops,Age 0,new_H,baseline,33.44093350617274,23.91815269044667,47.2055593403618
2026-02-04,cumulative,all subpops,Age 0,new_H,baseline,33.562541545230516,23.995241941645,47.358296577847575
2026-02-05,cumulative,all subpops,Age 0,new_H,baseline,33.673544366629784,24.068956643397296,47.504595269244305
2026-02-06,cumulative,all subpops,Age 0,new_H,baseline,33.777710613557346,24.13972635641964,47.645371417948155
2026-02-07,cumulative,all subpops,Age 0,new_H,baseline,33.88535868816063,24.207968753968437,47.781584621382066
2026-02-08,cumulative,all subpops,Age 0,new_H,baseline,33.99392185757716,24.274194482704875,47.91426271223376
2026-02-09,cumulative,all subpops,Age 0,new_H,baseline,34.09226240907317,24.338831150813515,48.04341516012762
2026-02-10,cumulative,all subpops,Age 0,new_H,baseline,34.18298274612958,24.401787292655328,48.17407761421551
2026-02-11,cumulative,all subpops,Age 0,new_H,baseline,34.27542524013049,24.46271582895655,48.30761900864201
2026-02-12,cumulative,all subpops,Age 0,new_H,baseline,34.36467050222011,24.521436508839326,48.43531066001805
2026-02-13,cumulative,all subpops,Age 0,new_H,baseline,34.451178882390295,24.578228571392557,48.55774234668515
2026-02-14,cumulative,all subpops,Age 0,new_H,baseline,34.53565274760379,24.64041729205465,48.675735475686324
2026-02-15,cumulative,all subpops,Age 0,new_H,baseline,34.60992616798481,24.701660624740644,48.79673920197143
2026-02-16,cumulative,all subpops,Age 0,new_H,baseline,34.680948175328126,24.76084487000993,48.905550322787406
2026-02-17,cumulative,all subpops,Age 0,new_H,baseline,34.74341450905261,24.817743789265098,49.01089767630165
2026-02-18,cumulative,all subpops,Age 0,new_H,baseline,34.809165833061215,24.872040263447058,49.115549680949
2026-02-19,cumulative,all subpops,Age 0,new_H,baseline,34.875459340457994,24.923561513092217,49.21555591857358
2026-02-20,cumulative,all subpops,Age 0,new_H,baseline,34.935993693874735,24.972408264129715,49.31093022546728
2026-02-21,cumulative,all subpops,Age 0,new_H,baseline,34.99323201081545,25.018656188468697,49.401765235285744
2026-02-22,cumulative,all subpops,Age 0,new_H,baseline,35.057724610250204,25.06241985001617,49.488217568099046
2026-02-23,cumulative,all subpops,Age 0,new_H,baseline,35.1150877840125,25.103839141652077,49.57038521558269
2026-02-24,cumulative,all subpops,Age 0,new_H,baseline,35.16873549513323,25.143041866649373,49.655485243389656
2026-02-25,cumulative,all subpops,Age 0,new_H,baseline,35.223124651759335,25.180313612221696,49.73719743560355
2026-02-26,cumulative,all subpops,Age 0,new_H,baseline,35.27543274769636,25.215882249018527,49.81516840246413
2026-02-27,cumulative,all subpops,Age 0,new_H,baseline,35.325866360084035,25.25004970564475,49.889867071473
2026-02-28,cumulative,all subpops,Age 0,new_H,baseline,35.38251734338252,25.28322572588602,49.96193462463851
2026-03-01,cumulative,all subpops,Age 0,new_H,baseline,35.43974699058448,25.315680924140555,50.0318121384702
2026-03-02,cumulative,all subpops,Age 0,new_H,baseline,35.49634144538997,25.347636170991347,50.09974045772201
2026-03-03,cumulative,all subpops,Age 0,new_H,baseline,35.55082594886928,25.379272280112495,50.16578318600691
2026-03-04,cumulative,all subpops,Age 0,new_H,baseline,35.59365309216152,25.410484657957056,50.22969274260828
2026-03-05,cumulative,all subpops,Age 0,new_H,baseline,35.63519999033812,25.4411757023675,50.29131033883347
2026-03-06,cumulative,all subpops,Age 0,new_H,baseline,35.688477087382324,25.471386638743528,50.35069390668584
2026-03-07,cumulative,all subpops,Age 0,new_H,baseline,35.72947377413092,25.501230944202486,50.408010815091764
2026-03-08,cumulative,all subpops,Age 0,new_H,baseline,35.764049666364336,25.530766411375264,50.46336715296649
2026-03-09,cumulative,all subpops,Age 0,new_H,baseline,35.805996836721576,25.559898688410694,50.516651857611215
2026-03-10,cumulative,all subpops,Age 0,new_H,baseline,35.84863026100365,25.588511476640388,50.567667466438024
2026-03-11,cumulative,all subpops,Age 0,new_H,baseline,35.88496738936253,25.616462569420513,50.61622012188002
2026-03-12,cumulative,all subpops,Age 0,new_H,baseline,35.91986068817211,25.643670999453196,50.66223694943753
2026-03-13,cumulative,all subpops,Age 0,new_H,baseline,35.9535958078464,25.67034808235052,50.7059307593261
2026-03-14,cumulative,all subpops,Age 0,new_H,baseline,35.986624469529886,25.69692563179227,50.74769898823717
2026-03-15,cumulative,all subpops,Age 0,new_H,baseline,36.01990477178899,25.723643384451336,50.78777839177847
2026-03-16,cumulative,all subpops,Age 0,new_H,baseline,36.05140852362824,25.750484681307846,50.82617521950937
2026-03-17,cumulative,all subpops,Age 0,new_H,baseline,36.087620905787325,25.777013976286682,50.86260361370346
2026-03-18,cumulative,all subpops,Age 0,new_H,baseline,36.123866812534374,25.803245371175326,50.89717614175998
2026-03-19,cumulative,all subpops,Age 0,new_H,baseline,36.16053227952038,25.82947853318462,50.93027988674624
2026-03-20,cumulative,all subpops,Age 0,new_H,baseline,36.19765068461854,25.8557782360481,50.96219864688807
2026-03-21,cumulative,all subpops,Age 0,new_H,baseline,36.22378879796925,25.882026566455668,50.99312249953659
2026-03-22,cumulative,all subpops,Age 0,new_H,baseline,36.248717712886744,25.908157594136313,51.02326663880352
2026-03-23,cumulative,all subpops,Age 0,new_H,baseline,36.27308670494247,25.933988509042834,51.06017634635641
2026-03-24,cumulative,all subpops,Age 0,new_H,baseline,36.29678906009424,25.959425280111923,51.096434100423856
2026-03-25,cumulative,all subpops,Age 0,new_H,baseline,36.31981670348679,25.98449280940282,51.131813191948154
2026-03-26,cumulative,all subpops,Age 0,new_H,baseline,36.347457063245955,26.009162811373667,51.17605193903417
2026-03-27,cumulative,all subpops,Age 0,new_H,baseline,36.37583797048909,26.03327466210109,51.22893542437161
2026-03-28,cumulative,all subpops,Age 0,new_H,baseline,36.404003612462475,26.057004055937636,51.281331913913775
2026-03-29,cumulative,all subpops,Age 0,new_H,baseline,36.43237928389365,26.08075377619904,51.33407713290663
2026-03-30,cumulative,all subpops,Age 0,new_H,baseline,36.46096032594605,26.104508324543584,51.38707903289934
2026-03-31,cumulative,all subpops,Age 0,new_H,baseline,36.49096316656071,26.127794295961767,51.43924394872707
2026-04-01,cumulative,all subpops,Age 0,new_H,baseline,36.5236354063009,26.15014077363309,51.48954295211782
2026-04-02,cumulative,all subpops,Age 0,new_H,baseline,36.54700033668696,26.17137156837548,51.537639451776535
2026-04-03,cumulative,all subpops,Age 0,new_H,baseline,36.5695510413997,26.191618000214913,51.58390268929045
2026-04-04,cumulative,all subpops,Age 0,new_H,baseline,36.591515597843376,26.21090537374007,51.62845893080801
2026-04-05,cumulative,all subpops,Age 0,new_H,baseline,36.619343775420376,26.229278423555854,51.67147497742722
2026-04-06,cumulative,all subpops,Age 0,new_H,baseline,36.64741900491872,26.245004402961243,51.713008706591935
2026-04-07,cumulative,all subpops,Age 0,new_H,baseline,36.679604040455885,26.25623804602297,51.75337320867782
2026-04-08,cumulative,all subpops,Age 0,new_H,baseline,36.71198336569272,26.26726800542653,51.79278896424593
2026-04-09,cumulative,all subpops,Age 0,new_H,baseline,36.74591099121611,26.27814840270436,51.83151618086816
2026-04-10,cumulative,all subpops,Age 0,new_H,baseline,36.77964256997097,26.288892198755473,51.86960878171165
2026-04-11,cumulative,all subpops,Age 0,new_H,baseline,36.81309697487647,26.29947293063746,51.906938377015145
2026-04-12,cumulative,all subpops,Age 0,new_H,baseline,36.846319151370935,26.30991329542825,51.94358975296295
2026-04-13,cumulative,all subpops,Age 0,new_H,baseline,36.879250115362,26.330908806956597,51.97957543073532
2026-04-14,cumulative,all subpops,Age 0,new_H,baseline,36.90880984123033,26.353978342492503,52.01436784675849
2026-04-15,cumulative,all subpops,Age 0,new_H,baseline,36.937030931753846,26.36937353974523,52.04750183268326
2026-04-16,cumulative,all subpops,Age 0,new_H,baseline,36.959349519210335,26.37851418821843,52.0788135345638
2026-04-17,cumulative,all subpops,Age 0,new_H,baseline,36.97766670258552,26.38693022852295,52.10832298043595
2026-04-18,cumulative,all subpops,Age 0,new_H,baseline,36.99512729436302,26.394738221128954,52.13623294172074
2026-04-19,cumulative,all subpops,Age 0,new_H,baseline,37.01189543698072,26.402077687375833,52.16285201844088
2026-04-20,cumulative,all subpops,Age 0,new_H,baseline,37.02809308104503,26.40907104247617,52.1884392274613
2026-04-21,cumulative,all subpops,Age 0,new_H,baseline,37.04381782828653,26.415835641715628,52.21324438787305
2026-04-22,cumulative,all subpops,Age 0,new_H,baseline,37.05909467659075,26.422439547713225,52.23735587027672
2026-04-23,cumulative,all subpops,Age 0,new_H,baseline,37.07385047409558,26.428875498647923,52.26061968838975
2026-04-24,cumulative,all subpops,Age 0,new_H,baseline,37.088043216973574,26.43514566579031,52.282926609354234
2026-04-25,cumulative,all subpops,Age 0,new_H,baseline,37.10510836405331,26.441292811463097,52.304307663201406
2026-04-26,cumulative,all subpops,Age 0,new_H,baseline,37.12326783955959,26.44734660387697,52.3247670779582
2026-04-27,cumulative,all subpops,Age 0,new_H,baseline,37.13204082388735,26.453304981082763,52.34423700958011
2026-04-28,cumulative,all subpops,Age 0,new_H,baseline,37.14055712625421,26.45915228688005,52.36263419684966
2026-04-29,cumulative,all subpops,Age 0,new_H,baseline,37.15105887138372,26.464886284180217,52.37993175238169
2026-04-30,cumulative,all subpops,Age 0,new_H,baseline,37.16208662696029,26.470515070218443,52.39613964958783
2026-05-01,cumulative,all subpops,Age 0,new_H,baseline,37.17271504143236,26.476068417696567,52.411320470752194
2026-05-02,cumulative,all subpops,Age 0,new_H,baseline,37.1871556724529,26.4816183174581,52.42562125420209
2026-05-03,cumulative,all subpops,Age 0,new_H,baseline,37.20212891144487,26.487220611011843,52.43915502441171
2026-05-04,cumulative,all subpops,Age 0,new_H,baseline,37.219768913111906,26.492913395159945,52.45200803701602
2026-05-05,cumulative,all subpops,Age 0,new_H,baseline,37.239399931807526,26.498656296753676,52.46414627967632
2026-05-06,cumulative,all subpops,Age 0,new_H,baseline,37.25858516214194,26.504374538313463,52.47548232930019
2026-05-07,cumulative,all subpops,Age 0,new_H,baseline,37.277272526781275,26.510042733270254,52.48599790339679
2026-05-08,cumulative,all subpops,Age 0,new_H,baseline,37.29565984830081,26.51939717530149,52.49579375906292
2025-09-01,cumulative,all subpops,Age 1,new_H,baseline,0.010587236646086507,0.003533306119903348,0.02705984902037276
2025-09-02,cumulative,all subpops,Age 1,new_H,baseline,0.03622361904243956,0.012098450996198969,0.09214744573148313
2025-09-03,cumulative,all subpops,Age 1,new_H,baseline,0.06836812795602777,0.0229085790556583,0.1725930745246239
2025-09-04,cumulative,all subpops,Age 1,new_H,baseline,0.1033430104863586,0.03490895029257709,0.25909715462065486
2025-09-05,cumulative,all subpops,Age 1,new_H,baseline,0.14006702660032747,0.04771889040804738,0.34819776186577095
2025-09-06,cumulative,all subpops,Age 1,new_H,baseline,0.17747099926712462,0.061015383832364885,0.4389735456122148
2025-09-07,cumulative,all subpops,Age 1,new_H,baseline,0.21445807526973465,0.07377434633792984,0.5280565365174403
2025-09-08,cumulative,all subpops,Age 1,new_H,baseline,0.2510978772654409,0.0868942450384176,0.6142522261510733
2025-09-09,cumulative,all subpops,Age 1,new_H,baseline,0.2872155546552966,0.10037206090494408,0.6998224776060793
2025-09-10,cumulative,all subpops,Age 1,new_H,baseline,0.32362569996194834,0.11462671440481588,0.7865343104755881
2025-09-11,cumulative,all subpops,Age 1,new_H,baseline,0.3621652776226521,0.1297992390686455,0.8755945239613375
2025-09-12,cumulative,all subpops,Age 1,new_H,baseline,0.4032719170888458,0.1459979752800292,0.9676031809611537
2025-09-13,cumulative,all subpops,Age 1,new_H,baseline,0.44319748524913005,0.16317937086963052,1.0545982451861615
2025-09-14,cumulative,all subpops,Age 1,new_H,baseline,0.48412728518830783,0.17893049572251502,1.1321519864106118
2025-09-15,cumulative,all subpops,Age 1,new_H,baseline,0.5227705864992911,0.19469825388190387,1.2145594348573912
2025-09-16,cumulative,all subpops,Age 1,new_H,baseline,0.5619852082416977,0.21079549637152736,1.295500277220124
2025-09-17,cumulative,all subpops,Age 1,new_H,baseline,0.6043498811641521,0.22693589949245002,1.3762049287062341
2025-09-18,cumulative,all subpops,Age 1,new_H,baseline,0.6468137819502269,0.2434137790350184,1.4573017240414448
2025-09-19,cumulative,all subpops,Age 1,new_H,baseline,0.6887854633929121,0.2606290672988827,1.5391297404951585
2025-09-20,cumulative,all subpops,Age 1,new_H,baseline,0.7295410996326004,0.2785961117055969,1.6198590402461126
2025-09-21,cumulative,all subpops,Age 1,new_H,baseline,0.7719119326794148,0.29130772799299187,1.693224826925575
2025-09-22,cumulative,all subpops,Age 1,new_H,baseline,0.81547460161938,0.3093239485853576,1.7676460116184027
2025-09-23,cumulative,all subpops,Age 1,new_H,baseline,0.856130094902494,0.32929298115970257,1.8459857237253594
2025-09-24,cumulative,all subpops,Age 1,new_H,baseline,0.8997701052732467,0.34989580885059324,1.9183017388849621
2025-09-25,cumulative,all subpops,Age 1,new_H,baseline,0.9376158918587114,0.37096547160550336,1.988911907906075
2025-09-26,cumulative,all subpops,Age 1,new_H,baseline,0.987967658184991,0.3924314869680333,2.059492354201238
2025-09-27,cumulative,all subpops,Age 1,new_H,baseline,1.0303993609706117,0.41381948909145655,2.129942322270694
2025-09-28,cumulative,all subpops,Age 1,new_H,baseline,1.0777290854442212,0.43487601350340377,2.2066902955419896
2025-09-29,cumulative,all subpops,Age 1,new_H,baseline,1.116977682457827,0.45548271174361066,2.2722435528242193
2025-09-30,cumulative,all subpops,Age 1,new_H,baseline,1.160494785274934,0.47384838163495285,2.330037660808359
2025-10-01,cumulative,all subpops,Age 1,new_H,baseline,1.2033008623651518,0.49592236009014956,2.3904117312951723
2025-10-02,cumulative,all subpops,Age 1,new_H,baseline,1.2482373033399488,0.5192582701037801,2.468302223369519
2025-10-03,cumulative,all subpops,Age 1,new_H,baseline,1.3016755326978915,0.5423177231782138,2.5463010626228226
2025-10-04,cumulative,all subpops,Age 1,new_H,baseline,1.3515220086616155,0.5665472723991,2.6214500217390766
2025-10-05,cumulative,all subpops,Age 1,new_H,baseline,1.4034648788435546,0.5904072673733246,2.6856291844537905
2025-10-06,cumulative,all subpops,Age 1,new_H,baseline,1.4391148707055637,0.6141853651938397,2.7706415826427198
2025-10-07,cumulative,all subpops,Age 1,new_H,baseline,1.4830641619741203,0.6383825225756347,2.848785065983543
2025-10-08,cumulative,all subpops,Age 1,new_H,baseline,1.5278562704184582,0.6641507509159014,2.9221225492934653
2025-10-09,cumulative,all subpops,Age 1,new_H,baseline,1.5807964148858042,0.6932512141216453,2.9952474514220544
2025-10-10,cumulative,all subpops,Age 1,new_H,baseline,1.631792054271505,0.7216145774955457,3.069041068605638
2025-10-11,cumulative,all subpops,Age 1,new_H,baseline,1.6808655188642785,0.7519412704749967,3.1465688614546883
2025-10-12,cumulative,all subpops,Age 1,new_H,baseline,1.7342824393310605,0.783030688275471,3.2244524045645537
2025-10-13,cumulative,all subpops,Age 1,new_H,baseline,1.7926069299077327,0.8139133147080382,3.2865092747240383
2025-10-14,cumulative,all subpops,Age 1,new_H,baseline,1.8402398824681012,0.8443341846506744,3.34736924166491
2025-10-15,cumulative,all subpops,Age 1,new_H,baseline,1.8772711044125816,0.8753086028972429,3.4408177918724583
2025-10-16,cumulative,all subpops,Age 1,new_H,baseline,1.9246004773857135,0.9084754371100113,3.5338225835687993
2025-10-17,cumulative,all subpops,Age 1,new_H,baseline,1.9851663537431237,0.9513604125891073,3.6217298872806873
2025-10-18,cumulative,all subpops,Age 1,new_H,baseline,2.0441801124944785,0.9793604727637838,3.702259627756455
2025-10-19,cumulative,all subpops,Age 1,new_H,baseline,2.1016929515955765,1.0169940167700153,3.7855512136235654
2025-10-20,cumulative,all subpops,Age 1,new_H,baseline,2.154968572521624,1.058051587386216,3.869879583034948
2025-10-21,cumulative,all subpops,Age 1,new_H,baseline,2.214655655406156,1.0993069178291919,3.9560107349845426
2025-10-22,cumulative,all subpops,Age 1,new_H,baseline,2.276462032857062,1.138849294550447,4.040400316657112
2025-10-23,cumulative,all subpops,Age 1,new_H,baseline,2.3489157216028227,1.1837955584742315,4.127458801997451
2025-10-24,cumulative,all subpops,Age 1,new_H,baseline,2.4227663951887246,1.2321159056336408,4.21882157015373
2025-10-25,cumulative,all subpops,Age 1,new_H,baseline,2.4926102196400954,1.2829284445802427,4.325236545935227
2025-10-26,cumulative,all subpops,Age 1,new_H,baseline,2.5641850038443925,1.328152256970685,4.436884682605839
2025-10-27,cumulative,all subpops,Age 1,new_H,baseline,2.631383610355987,1.3748393078507262,4.5363692260980155
2025-10-28,cumulative,all subpops,Age 1,new_H,baseline,2.715648321833048,1.435841027936285,4.636992005091428
2025-10-29,cumulative,all subpops,Age 1,new_H,baseline,2.7928349245740596,1.5025580960258242,4.740148882585831
2025-10-30,cumulative,all subpops,Age 1,new_H,baseline,2.8840628163689663,1.575265910316154,4.848811078215058
2025-10-31,cumulative,all subpops,Age 1,new_H,baseline,2.970878171011713,1.650769532191798,4.961614821793009
2025-11-01,cumulative,all subpops,Age 1,new_H,baseline,3.059851429324752,1.7124650172639797,5.077164720703357
2025-11-02,cumulative,all subpops,Age 1,new_H,baseline,3.165828570121081,1.7627208864491648,5.187578002302311
2025-11-03,cumulative,all subpops,Age 1,new_H,baseline,3.269980590740004,1.8608754387952016,5.30314090347293
2025-11-04,cumulative,all subpops,Age 1,new_H,baseline,3.3617293681443767,1.929469923881336,5.424946110113216
2025-11-05,cumulative,all subpops,Age 1,new_H,baseline,3.463265578166065,2.006079083947583,5.5716561090216254
2025-11-06,cumulative,all subpops,Age 1,new_H,baseline,3.5609928705199105,2.0838535385838766,5.7325510450292985
2025-11-07,cumulative,all subpops,Age 1,new_H,baseline,3.689175140002519,2.154319046531338,5.890180408477753
2025-11-08,cumulative,all subpops,Age 1,new_H,baseline,3.8264805198883245,2.231337875522927,6.017917765671085
2025-11-09,cumulative,all subpops,Age 1,new_H,baseline,3.9696802007508687,2.3278751493508087,6.194809631101833
2025-11-10,cumulative,all subpops,Age 1,new_H,baseline,4.107147301429398,2.4139240410164216,6.420425585666048
2025-11-11,cumulative,all subpops,Age 1,new_H,baseline,4.262103414459451,2.503502502306328,6.603169553481424
2025-11-12,cumulative,all subpops,Age 1,new_H,baseline,4.417906564592194,2.597004310070763,6.814175547113294
2025-11-13,cumulative,all subpops,Age 1,new_H,baseline,4.574816109432166,2.6948596421574686,7.011473839904684
2025-11-14,cumulative,all subpops,Age 1,new_H,baseline,4.731695466382265,2.801041717229572,7.2453879524070155
2025-11-15,cumulative,all subpops,Age 1,new_H,baseline,4.920594599225227,2.9166151478612057,7.470290915936044
2025-11-16,cumulative,all subpops,Age 1,new_H,baseline,5.109775609046476,3.0440608567716527,7.734014369843703
2025-11-17,cumulative,all subpops,Age 1,new_H,baseline,5.29864935249704,3.19908848989741,8.03266992609094
2025-11-18,cumulative,all subpops,Age 1,new_H,baseline,5.49901015885724,3.3480821143441832,8.318642806025496
2025-11-19,cumulative,all subpops,Age 1,new_H,baseline,5.714066960002221,3.5029355304629557,8.629006566076084
2025-11-20,cumulative,all subpops,Age 1,new_H,baseline,5.964028739774874,3.6914141918445162,8.984670914880894
2025-11-21,cumulative,all subpops,Age 1,new_H,baseline,6.2436085039518865,3.9131825662894864,9.373056392793524
2025-11-22,cumulative,all subpops,Age 1,new_H,baseline,6.555168984820037,4.126393593168561,9.773417657872931
2025-11-23,cumulative,all subpops,Age 1,new_H,baseline,6.866200419040242,4.3425099019826865,10.163690072716943
2025-11-24,cumulative,all subpops,Age 1,new_H,baseline,7.185545902184095,4.573685783127037,10.560044482376778
2025-11-25,cumulative,all subpops,Age 1,new_H,baseline,7.551531336818064,4.8195488877224975,11.031737084374337
2025-11-26,cumulative,all subpops,Age 1,new_H,baseline,7.941069265023947,5.071774548707755,11.533562222686884
2025-11-27,cumulative,all subpops,Age 1,new_H,baseline,8.342364439071101,5.370962942827219,12.040443388567756
2025-11-28,cumulative,all subpops,Age 1,new_H,baseline,8.785655072824355,5.679236303612167,12.606039336316968
2025-11-29,cumulative,all subpops,Age 1,new_H,baseline,9.242598486540281,5.984439659101668,13.177191283970096
2025-11-30,cumulative,all subpops,Age 1,new_H,baseline,9.692688475593824,6.3004308953067145,13.837429634960001
2025-12-01,cumulative,all subpops,Age 1,new_H,baseline,10.172903972886594,6.550252585222916,14.513317435077083
2025-12-02,cumulative,all subpops,Age 1,new_H,baseline,10.686124083410302,6.872454340320946,15.231219948394171
2025-12-03,cumulative,all subpops,Age 1,new_H,baseline,11.24753544584085,7.252026550490292,15.906609489724762
2025-12-04,cumulative,all subpops,Age 1,new_H,baseline,11.857329438578015,7.67100935802836,16.651048639446174
2025-12-05,cumulative,all subpops,Age 1,new_H,baseline,12.51184261124032,8.140683412370267,17.56254282487893
2025-12-06,cumulative,all subpops,Age 1,new_H,baseline,13.272942001822278,8.633272102738358,18.517038078485065
2025-12-07,cumulative,all subpops,Age 1,new_H,baseline,14.057243725599587,9.153784962763327,19.53109930671882
2025-12-08,cumulative,all subpops,Age 1,new_H,baseline,14.941285278632357,9.729742302730429,20.536437545189557
2025-12-09,cumulative,all subpops,Age 1,new_H,baseline,15.893108638444858,10.384259834806926,21.601601859297666
2025-12-10,cumulative,all subpops,Age 1,new_H,baseline,16.926700737069876,11.167731933811849,22.936097943215422
2025-12-11,cumulative,all subpops,Age 1,new_H,baseline,18.071520672361714,12.103984634073257,24.40330796823587
2025-12-12,cumulative,all subpops,Age 1,new_H,baseline,19.407218575790562,13.133162321180173,26.066685057478885
2025-12-13,cumulative,all subpops,Age 1,new_H,baseline,20.941230374329738,14.139717176389787,27.862573639687472
2025-12-14,cumulative,all subpops,Age 1,new_H,baseline,22.6130883551175,15.388999800004116,29.95380585987867
2025-12-15,cumulative,all subpops,Age 1,new_H,baseline,24.385314211304184,16.724987817894615,32.00257205146403
2025-12-16,cumulative,all subpops,Age 1,new_H,baseline,26.35172169180636,18.004142165775963,34.584082384779045
2025-12-17,cumulative,all subpops,Age 1,new_H,baseline,28.509058009321585,19.568208435177525,37.1562292918124
2025-12-18,cumulative,all subpops,Age 1,new_H,baseline,31.028703423887485,21.339193976111396,40.15313107906959
2025-12-19,cumulative,all subpops,Age 1,new_H,baseline,33.76734261621958,23.341463566500952,43.39368995503384
2025-12-20,cumulative,all subpops,Age 1,new_H,baseline,36.91177972063504,25.557859614710626,47.3776607575607
2025-12-21,cumulative,all subpops,Age 1,new_H,baseline,40.20542383383986,27.90215101849044,51.56828690155613
2025-12-22,cumulative,all subpops,Age 1,new_H,baseline,43.72916728536394,30.24906466803662,56.00733470774731
2025-12-23,cumulative,all subpops,Age 1,new_H,baseline,47.27219947393601,32.78862524193151,60.50983751795123
2025-12-24,cumulative,all subpops,Age 1,new_H,baseline,50.910206708293494,35.44783452403858,65.15574612419216
2025-12-25,cumulative,all subpops,Age 1,new_H,baseline,54.70283365359505,38.15694895978228,69.75763152980673
2025-12-26,cumulative,all subpops,Age 1,new_H,baseline,58.55389525664256,40.8963090969125,74.7458041577581
2025-12-27,cumulative,all subpops,Age 1,new_H,baseline,62.383599320378366,43.69447446070886,79.88008107132492
2025-12-28,cumulative,all subpops,Age 1,new_H,baseline,66.27666718668263,46.49228617308723,85.20174621885835
2025-12-29,cumulative,all subpops,Age 1,new_H,baseline,70.16270170360791,49.190303642698204,90.51893157577858
2025-12-30,cumulative,all subpops,Age 1,new_H,baseline,73.97525112809268,52.01740844295755,95.55374903753379
2025-12-31,cumulative,all subpops,Age 1,new_H,baseline,77.55140868003468,54.651664088927774,100.17176416404907
2026-01-01,cumulative,all subpops,Age 1,new_H,baseline,81.00219533643008,57.20182406659273,104.6244048442561
2026-01-02,cumulative,all subpops,Age 1,new_H,baseline,84.24807635568335,59.67120530456853,109.05918839050098
2026-01-03,cumulative,all subpops,Age 1,new_H,baseline,87.58239306356397,62.037074059297105,113.4780478010491
2026-01-04,cumulative,all subpops,Age 1,new_H,baseline,90.67199908649212,64.28848659934904,117.70369988976415
2026-01-05,cumulative,all subpops,Age 1,new_H,baseline,93.53504821328141,66.41851457107187,121.94227186012368
2026-01-06,cumulative,all subpops,Age 1,new_H,baseline,96.396899319938,68.45161732402188,125.72997386807263
2026-01-07,cumulative,all subpops,Age 1,new_H,baseline,99.0969148194771,70.39920488698542,129.27937590546458
2026-01-08,cumulative,all subpops,Age 1,new_H,baseline,101.7141629368296,72.26482574846939,132.83598163936566
2026-01-09,cumulative,all subpops,Age 1,new_H,baseline,104.28034740044382,74.05964932484747,136.03669455812485
2026-01-10,cumulative,all subpops,Age 1,new_H,baseline,106.7655357516985,75.78959346423143,139.19393264206636
2026-01-11,cumulative,all subpops,Age 1,new_H,baseline,109.0498840288713,77.41466951344424,142.4290554544482
2026-01-12,cumulative,all subpops,Age 1,new_H,baseline,111.14587112140941,78.92391794483609,145.39741290735523
2026-01-13,cumulative,all subpops,Age 1,new_H,baseline,113.16530168958221,80.34685614620898,148.0478270888784
2026-01-14,cumulative,all subpops,Age 1,new_H,baseline,115.00450950781968,81.70144423808931,150.55176905233904
2026-01-15,cumulative,all subpops,Age 1,new_H,baseline,116.81670337387091,82.98988735635797,152.90079249068202
2026-01-16,cumulative,all subpops,Age 1,new_H,baseline,118.56287382412395,84.21752508220494,154.99457259557803
2026-01-17,cumulative,all subpops,Age 1,new_H,baseline,120.1820493112929,85.39488297013597,156.6519811348781
2026-01-18,cumulative,all subpops,Age 1,new_H,baseline,121.65181748131079,86.5012991379775,158.18986581388083
2026-01-19,cumulative,all subpops,Age 1,new_H,baseline,122.94865240268419,87.52100196238978,159.59958926986366
2026-01-20,cumulative,all subpops,Age 1,new_H,baseline,124.23786861380158,88.4552808122728,160.88026224207752
2026-01-21,cumulative,all subpops,Age 1,new_H,baseline,125.41355482524119,89.3288720285957,162.05714769259328
2026-01-22,cumulative,all subpops,Age 1,new_H,baseline,126.55187195660365,90.15613806603295,163.17826308301096
2026-01-23,cumulative,all subpops,Age 1,new_H,baseline,127.54543792565723,90.94013088318744,164.25107549281083
2026-01-24,cumulative,all subpops,Age 1,new_H,baseline,128.48078450928224,91.68409884838704,165.28120247630184
2026-01-25,cumulative,all subpops,Age 1,new_H,baseline,129.40962528795353,92.38028546038264,166.25299902140955
2026-01-26,cumulative,all subpops,Age 1,new_H,baseline,130.29877805938384,93.02361033520053,167.13935225164605
2026-01-27,cumulative,all subpops,Age 1,new_H,baseline,131.01130213384945,93.62290725994572,167.97196960011863
2026-01-28,cumulative,all subpops,Age 1,new_H,baseline,131.69795639087044,94.18698555619018,168.76440590836773
2026-01-29,cumulative,all subpops,Age 1,new_H,baseline,132.3859807430445,94.72262328989966,169.52457548022127
2026-01-30,cumulative,all subpops,Age 1,new_H,baseline,133.07156896578596,95.23348696276082,170.2577789319127
2026-01-31,cumulative,all subpops,Age 1,new_H,baseline,133.7499575122285,95.71782999232988,170.96579557472947
2026-02-01,cumulative,all subpops,Age 1,new_H,baseline,134.36779486923956,96.16792835512186,171.6361953482225
2026-02-02,cumulative,all subpops,Age 1,new_H,baseline,134.8507892980419,96.57984396254281,172.26264322685225
2026-02-03,cumulative,all subpops,Age 1,new_H,baseline,135.30505164252907,96.95974946516311,172.9689977113785
2026-02-04,cumulative,all subpops,Age 1,new_H,baseline,135.7771939285486,97.31383035726137,173.67207296470812
2026-02-05,cumulative,all subpops,Age 1,new_H,baseline,136.27356514581032,97.64690169796357,174.35679518515744
2026-02-06,cumulative,all subpops,Age 1,new_H,baseline,136.79200663377281,97.96302626299322,175.0266508900529
2026-02-07,cumulative,all subpops,Age 1,new_H,baseline,137.29988851120953,98.26423415138136,175.6808078506248
2026-02-08,cumulative,all subpops,Age 1,new_H,baseline,137.7530404665293,98.54730059297854,176.3062351790096
2026-02-09,cumulative,all subpops,Age 1,new_H,baseline,138.11696751613184,98.81233829272747,176.8978040094676
2026-02-10,cumulative,all subpops,Age 1,new_H,baseline,138.43759718978987,99.06803417324522,177.45425809552913
2026-02-11,cumulative,all subpops,Age 1,new_H,baseline,138.74892437841527,99.31659379374615,177.96347842330962
2026-02-12,cumulative,all subpops,Age 1,new_H,baseline,139.0530253627079,99.56003530043071,178.45999114684443
2026-02-13,cumulative,all subpops,Age 1,new_H,baseline,139.3461306620847,99.8011768483546,178.94639915176657
2026-02-14,cumulative,all subpops,Age 1,new_H,baseline,139.6299796159463,100.04193479706112,179.4234918682749
2026-02-15,cumulative,all subpops,Age 1,new_H,baseline,139.90220710433843,100.2777266479638,179.8810915182943
2026-02-16,cumulative,all subpops,Age 1,new_H,baseline,140.17151889296008,100.50541225855547,180.3121823024426
2026-02-17,cumulative,all subpops,Age 1,new_H,baseline,140.4744079275633,100.72384311751846,180.71414196818714
2026-02-18,cumulative,all subpops,Age 1,new_H,baseline,140.7950454966365,100.93212014198556,181.0864293534566
2026-02-19,cumulative,all subpops,Age 1,new_H,baseline,141.07586258830446,101.1299058517143,181.43019167406462
2026-02-20,cumulative,all subpops,Age 1,new_H,baseline,141.3345939219253,101.31784495077407,181.74810707633446
2026-02-21,cumulative,all subpops,Age 1,new_H,baseline,141.58020908457843,101.49638562779504,182.042657484726
2026-02-22,cumulative,all subpops,Age 1,new_H,baseline,141.81338294537784,101.6659941087906,182.3162300760658
2026-02-23,cumulative,all subpops,Age 1,new_H,baseline,142.03545145054818,101.82769921407021,182.57184939081193
2026-02-24,cumulative,all subpops,Age 1,new_H,baseline,142.25125445059223,101.9851488416542,182.816223707119
2026-02-25,cumulative,all subpops,Age 1,new_H,baseline,142.49889598166297,102.14123359941767,183.05456703163185
2026-02-26,cumulative,all subpops,Age 1,new_H,baseline,142.76704653233952,102.2966899410714,183.28899875718687
2026-02-27,cumulative,all subpops,Age 1,new_H,baseline,143.0061118286231,102.45179724612868,183.52087326864648
2026-02-28,cumulative,all subpops,Age 1,new_H,baseline,143.20859494692724,102.6064470007464,183.75078548218048
2026-03-01,cumulative,all subpops,Age 1,new_H,baseline,143.38185988985072,102.75696192901357,183.97407308641468
2026-03-02,cumulative,all subpops,Age 1,new_H,baseline,143.54582207955428,102.90150926135455,184.18865374346606
2026-03-03,cumulative,all subpops,Age 1,new_H,baseline,143.74179780823107,103.04282669237247,184.39916165583577
2026-03-04,cumulative,all subpops,Age 1,new_H,baseline,143.9690258881961,103.1821055110583,184.60801323458296
2026-03-05,cumulative,all subpops,Age 1,new_H,baseline,144.1701670898666,103.31935417823023,184.81578560013043
2026-03-06,cumulative,all subpops,Age 1,new_H,baseline,144.3476052042193,103.45461449156707,185.02297503347143
2026-03-07,cumulative,all subpops,Age 1,new_H,baseline,144.51380956787892,103.59062546373869,185.22922620235744
2026-03-08,cumulative,all subpops,Age 1,new_H,baseline,144.65345576516694,103.72161796983919,185.4296743755356
2026-03-09,cumulative,all subpops,Age 1,new_H,baseline,144.75933053205193,103.84531970633539,185.62150353376808
2026-03-10,cumulative,all subpops,Age 1,new_H,baseline,144.88973984812122,103.96364528012877,185.80798079959752
2026-03-11,cumulative,all subpops,Age 1,new_H,baseline,145.04058528937298,104.07789506109124,185.99144086313245
2026-03-12,cumulative,all subpops,Age 1,new_H,baseline,145.19092861328653,104.18841258072966,186.17270807762011
2026-03-13,cumulative,all subpops,Age 1,new_H,baseline,145.34162627294512,104.29611782477025,186.3533597916622
2026-03-14,cumulative,all subpops,Age 1,new_H,baseline,145.48761199951895,104.40204060739349,186.53493741653298
2026-03-15,cumulative,all subpops,Age 1,new_H,baseline,145.59871541478287,104.50427394115542,186.71370065068143
2026-03-16,cumulative,all subpops,Age 1,new_H,baseline,145.70580773064887,104.60150523484005,186.88715226073967
2026-03-17,cumulative,all subpops,Age 1,new_H,baseline,145.80991916847674,104.69433173444367,187.05686241407042
2026-03-18,cumulative,all subpops,Age 1,new_H,baseline,145.9484817827534,104.7847046628062,187.22611707706326
2026-03-19,cumulative,all subpops,Age 1,new_H,baseline,146.07894431947432,104.87461239394932,187.39788804075323
2026-03-20,cumulative,all subpops,Age 1,new_H,baseline,146.19896458618265,104.96470668933902,187.57296109497815
2026-03-21,cumulative,all subpops,Age 1,new_H,baseline,146.32738780433976,105.05437739081039,187.7498927707603
2026-03-22,cumulative,all subpops,Age 1,new_H,baseline,146.45410133846826,105.14135654191597,187.92359747492273
2026-03-23,cumulative,all subpops,Age 1,new_H,baseline,146.58538432995078,105.22439034725495,188.09102859049423
2026-03-24,cumulative,all subpops,Age 1,new_H,baseline,146.71452657468492,105.30530483493663,188.2552560978799
2026-03-25,cumulative,all subpops,Age 1,new_H,baseline,146.84432248258986,105.38595984232325,188.41927365559937
2026-03-26,cumulative,all subpops,Age 1,new_H,baseline,146.97596603020872,105.46711849153988,188.57387758189893
2026-03-27,cumulative,all subpops,Age 1,new_H,baseline,147.09579436209202,105.5485859583236,188.71203653330426
2026-03-28,cumulative,all subpops,Age 1,new_H,baseline,147.21308644216418,105.63081276941223,188.849370266252
2026-03-29,cumulative,all subpops,Age 1,new_H,baseline,147.33066814102165,105.71295887367597,188.98390459648635
2026-03-30,cumulative,all subpops,Age 1,new_H,baseline,147.4559250932008,105.79411105966697,189.1139381483839
2026-03-31,cumulative,all subpops,Age 1,new_H,baseline,147.59516138721514,105.8747049586645,189.24022055804
2026-04-01,cumulative,all subpops,Age 1,new_H,baseline,147.7351933251255,105.954599131816,189.36296377745904
2026-04-02,cumulative,all subpops,Age 1,new_H,baseline,147.87583630598488,106.03381138922899,189.48247061532183
2026-04-03,cumulative,all subpops,Age 1,new_H,baseline,148.01787175187297,106.113230975892,189.59995699960695
2026-04-04,cumulative,all subpops,Age 1,new_H,baseline,148.16028908333325,106.19255954938507,189.71524028746327
2026-04-05,cumulative,all subpops,Age 1,new_H,baseline,148.29909389091603,106.26984827847893,189.8258945064391
2026-04-06,cumulative,all subpops,Age 1,new_H,baseline,148.43202604570882,106.3441465062193,189.9308341969554
2026-04-07,cumulative,all subpops,Age 1,new_H,baseline,148.56186114017572,106.41766680436338,190.03294062413468
2026-04-08,cumulative,all subpops,Age 1,new_H,baseline,148.68874208946693,106.49210499312403,190.13444044287118
2026-04-09,cumulative,all subpops,Age 1,new_H,baseline,148.80957211388508,106.56851141968653,190.2366790625823
2026-04-10,cumulative,all subpops,Age 1,new_H,baseline,148.93020669468973,106.6470512942091,190.34001881450396
2026-04-11,cumulative,all subpops,Age 1,new_H,baseline,149.04926836577403,106.72684967795799,190.44366267858373
2026-04-12,cumulative,all subpops,Age 1,new_H,baseline,149.16367445653745,106.8057215562635,190.54505128614113
2026-04-13,cumulative,all subpops,Age 1,new_H,baseline,149.26237847854316,106.88251116722874,190.64289214148252
2026-04-14,cumulative,all subpops,Age 1,new_H,baseline,149.3452751890592,106.95750929736737,190.73796311925773
2026-04-15,cumulative,all subpops,Age 1,new_H,baseline,149.4244869388749,107.03083115395917,190.83081980127858
2026-04-16,cumulative,all subpops,Age 1,new_H,baseline,149.50042052592602,107.10251329587804,190.92179844910325
2026-04-17,cumulative,all subpops,Age 1,new_H,baseline,149.57343999445737,107.17264702828277,191.01123931968547
2026-04-18,cumulative,all subpops,Age 1,new_H,baseline,149.64375491307322,107.24135617659172,191.0993977159005
2026-04-19,cumulative,all subpops,Age 1,new_H,baseline,149.70273493033608,107.30762560486217,191.18490183605712
2026-04-20,cumulative,all subpops,Age 1,new_H,baseline,149.75726330558962,107.37095696642591,191.2670132053706
2026-04-21,cumulative,all subpops,Age 1,new_H,baseline,149.80885484755137,107.43169659142548,191.34604114044612
2026-04-22,cumulative,all subpops,Age 1,new_H,baseline,149.85775203468958,107.49021995885258,191.42242719614967
2026-04-23,cumulative,all subpops,Age 1,new_H,baseline,149.91758177428366,107.5464624684547,191.49621606495094
2026-04-24,cumulative,all subpops,Age 1,new_H,baseline,149.9842757257289,107.60049892485603,191.56764372478236
2026-04-25,cumulative,all subpops,Age 1,new_H,baseline,150.04788725484912,107.65273909939863,191.63733218872548
2026-04-26,cumulative,all subpops,Age 1,new_H,baseline,150.10870008833243,107.7034536780253,191.70574459618362
2026-04-27,cumulative,all subpops,Age 1,new_H,baseline,150.16470271002217,107.75282456270469,191.77326338452391
2026-04-28,cumulative,all subpops,Age 1,new_H,baseline,150.21680728139106,107.80185111362441,191.84023218012254
2026-04-29,cumulative,all subpops,Age 1,new_H,baseline,150.26965062558583,107.85142936465587,191.90802331906235
2026-04-30,cumulative,all subpops,Age 1,new_H,baseline,150.32375823431482,107.90211820788876,191.97846298029253
2026-05-01,cumulative,all subpops,Age 1,new_H,baseline,150.36955362444286,107.95453276273273,192.0522699385669
2026-05-02,cumulative,all subpops,Age 1,new_H,baseline,150.42303124610646,108.00947960501337,192.1302682264046
2026-05-03,cumulative,all subpops,Age 1,new_H,baseline,150.47650300138733,108.06617270205673,192.21098213050553
2026-05-04,cumulative,all subpops,Age 1,new_H,baseline,150.52886018700167,108.1045346905483,192.29388241541693
2026-05-05,cumulative,all subpops,Age 1,new_H,baseline,150.58059228954477,108.13115873206374,192.38081414381483
2026-05-06,cumulative,all subpops,Age 1,new_H,baseline,150.63174407306514,108.15799862088552,192.4727835142855
2026-05-07,cumulative,all subpops,Age 1,new_H,baseline,150.70713008011842,108.18525370608769,192.5707315729782
2026-05-08,cumulative,all subpops,Age 1,new_H,baseline,150.78806511077102,108.21326329098483,192.67711242271935
2025-09-01,cumulative,all subpops,Age 2,new_H,baseline,0.007356352885860792,0.002452815736942706,0.019007561806801892
2025-09-02,cumulative,all subpops,Age 2,new_H,baseline,0.0252783379583536,0.00843611779617521,0.06551323112547588
2025-09-03,cumulative,all subpops,Age 2,new_H,baseline,0.04900093525408351,0.016359796243904157,0.1273027815384829
2025-09-04,cumulative,all subpops,Age 2,new_H,baseline,0.07769087141135375,0.025850921622701657,0.1985726402106461
2025-09-05,cumulative,all subpops,Age 2,new_H,baseline,0.1106447790712964,0.03682756015146219,0.27819603812185556
2025-09-06,cumulative,all subpops,Age 2,new_H,baseline,0.14706925956975606,0.04944972626625116,0.3639723224327368
2025-09-07,cumulative,all subpops,Age 2,new_H,baseline,0.1829011690657899,0.06242553086324043,0.45011947261679425
2025-09-08,cumulative,all subpops,Age 2,new_H,baseline,0.21850681596147198,0.07517439072818222,0.5364528203903087
2025-09-09,cumulative,all subpops,Age 2,new_H,baseline,0.2550851328603728,0.08781333309865612,0.6198131238574155
2025-09-10,cumulative,all subpops,Age 2,new_H,baseline,0.295500828847972,0.10113868161977778,0.7072244500465887
2025-09-11,cumulative,all subpops,Age 2,new_H,baseline,0.33776964200603043,0.11694667167423393,0.799947163219347
2025-09-12,cumulative,all subpops,Age 2,new_H,baseline,0.3851393702869309,0.13490659972599625,0.9083857989381929
2025-09-13,cumulative,all subpops,Age 2,new_H,baseline,0.4362544266389068,0.15449868244208442,1.0131325840709522
2025-09-14,cumulative,all subpops,Age 2,new_H,baseline,0.48487789854643426,0.17451389393234581,1.0944368843155006
2025-09-15,cumulative,all subpops,Age 2,new_H,baseline,0.5318201955617727,0.1938978367978937,1.17706134730593
2025-09-16,cumulative,all subpops,Age 2,new_H,baseline,0.5798285462860749,0.21396561329838495,1.27150242685398
2025-09-17,cumulative,all subpops,Age 2,new_H,baseline,0.6325408936275467,0.2340409932710652,1.3500696667839651
2025-09-18,cumulative,all subpops,Age 2,new_H,baseline,0.6843173765701267,0.2552748071469289,1.4656092517524872
2025-09-19,cumulative,all subpops,Age 2,new_H,baseline,0.7346333810167649,0.2782852145794773,1.5932615027616048
2025-09-20,cumulative,all subpops,Age 2,new_H,baseline,0.7915596030647738,0.30462158812191537,1.71042164499229
2025-09-21,cumulative,all subpops,Age 2,new_H,baseline,0.8453382772574727,0.3307761887796086,1.8241748906257726
2025-09-22,cumulative,all subpops,Age 2,new_H,baseline,0.8915733487424637,0.35521759063768704,1.9467969015792195
2025-09-23,cumulative,all subpops,Age 2,new_H,baseline,0.9377510449868216,0.37679906033023935,2.0717667775833664
2025-09-24,cumulative,all subpops,Age 2,new_H,baseline,0.9883481214039077,0.3991616717003544,2.150934299518606
2025-09-25,cumulative,all subpops,Age 2,new_H,baseline,1.0401248014992275,0.4227876099030604,2.2397958859064726
2025-09-26,cumulative,all subpops,Age 2,new_H,baseline,1.0916323676394066,0.4470760234484279,2.3489167047470323
2025-09-27,cumulative,all subpops,Age 2,new_H,baseline,1.1433828513458169,0.4723745012763175,2.4498385317695637
2025-09-28,cumulative,all subpops,Age 2,new_H,baseline,1.1995114267065934,0.4968967894940894,2.569346666577819
2025-09-29,cumulative,all subpops,Age 2,new_H,baseline,1.2477792128126381,0.5197467348010302,2.670273430072433
2025-09-30,cumulative,all subpops,Age 2,new_H,baseline,1.2964872230185733,0.5422117979526383,2.7521736085384485
2025-10-01,cumulative,all subpops,Age 2,new_H,baseline,1.3435270686062584,0.565399947849265,2.824998908041241
2025-10-02,cumulative,all subpops,Age 2,new_H,baseline,1.3945875658971496,0.5899726863342785,2.9001509853090344
2025-10-03,cumulative,all subpops,Age 2,new_H,baseline,1.4506591674555065,0.6186644918610356,3.003244807718828
2025-10-04,cumulative,all subpops,Age 2,new_H,baseline,1.5067422724735406,0.6475017246261457,3.115967304365475
2025-10-05,cumulative,all subpops,Age 2,new_H,baseline,1.5682300814232868,0.6795085457683921,3.2339805709271263
2025-10-06,cumulative,all subpops,Age 2,new_H,baseline,1.6328191439406359,0.7164186305400532,3.365520955543134
2025-10-07,cumulative,all subpops,Age 2,new_H,baseline,1.686733139977979,0.7503922971652766,3.454118057047143
2025-10-08,cumulative,all subpops,Age 2,new_H,baseline,1.738888453591984,0.7879153377088352,3.5503636764662567
2025-10-09,cumulative,all subpops,Age 2,new_H,baseline,1.797259580951691,0.8299757911250704,3.648532507437332
2025-10-10,cumulative,all subpops,Age 2,new_H,baseline,1.8642969999695231,0.8757260389284766,3.724394827098033
2025-10-11,cumulative,all subpops,Age 2,new_H,baseline,1.9373649641171296,0.9191709138361395,3.842796074407385
2025-10-12,cumulative,all subpops,Age 2,new_H,baseline,2.0101732941485184,0.9565432615614425,3.9661689771767428
2025-10-13,cumulative,all subpops,Age 2,new_H,baseline,2.0729586544689877,0.9949119669720945,4.077478321800121
2025-10-14,cumulative,all subpops,Age 2,new_H,baseline,2.1174779798097054,1.025550462965061,4.150584488747263
2025-10-15,cumulative,all subpops,Age 2,new_H,baseline,2.169305760765587,1.0688092640008808,4.218681951831119
2025-10-16,cumulative,all subpops,Age 2,new_H,baseline,2.22368691749909,1.109298415057856,4.286820782595552
2025-10-17,cumulative,all subpops,Age 2,new_H,baseline,2.286745192978282,1.1549229417833764,4.379412508904867
2025-10-18,cumulative,all subpops,Age 2,new_H,baseline,2.3505561350395654,1.205900422548474,4.505736693016722
2025-10-19,cumulative,all subpops,Age 2,new_H,baseline,2.4189361111111523,1.2567937277211685,4.664154630317955
2025-10-20,cumulative,all subpops,Age 2,new_H,baseline,2.492101259939459,1.2982253744883727,4.815086392990268
2025-10-21,cumulative,all subpops,Age 2,new_H,baseline,2.555232668505581,1.3463549493858387,4.923953153054159
2025-10-22,cumulative,all subpops,Age 2,new_H,baseline,2.627246568601331,1.3966837599960698,5.031077513667387
2025-10-23,cumulative,all subpops,Age 2,new_H,baseline,2.6979616525895,1.4532199395955905,5.135701438517665
2025-10-24,cumulative,all subpops,Age 2,new_H,baseline,2.7868305170818344,1.5143795689753035,5.2695598522332014
2025-10-25,cumulative,all subpops,Age 2,new_H,baseline,2.9044044543137706,1.581341898472291,5.410583286591259
2025-10-26,cumulative,all subpops,Age 2,new_H,baseline,3.0042887824460163,1.665029817724458,5.537977249556414
2025-10-27,cumulative,all subpops,Age 2,new_H,baseline,3.081255172271434,1.7326637665734181,5.666608136375115
2025-10-28,cumulative,all subpops,Age 2,new_H,baseline,3.1738065473085832,1.792286292640247,5.796868806058526
2025-10-29,cumulative,all subpops,Age 2,new_H,baseline,3.271701451626701,1.8764630393174486,5.9368659286190955
2025-10-30,cumulative,all subpops,Age 2,new_H,baseline,3.37406407079394,1.954565649988162,6.069391776540994
2025-10-31,cumulative,all subpops,Age 2,new_H,baseline,3.5113211731674125,2.0390701560557485,6.2328898737481415
2025-11-01,cumulative,all subpops,Age 2,new_H,baseline,3.642534670705065,2.148061924295649,6.423412632966083
2025-11-02,cumulative,all subpops,Age 2,new_H,baseline,3.779192083380499,2.2463875793319703,6.612432525517107
2025-11-03,cumulative,all subpops,Age 2,new_H,baseline,3.909166350386747,2.340868641482513,6.79512859132487
2025-11-04,cumulative,all subpops,Age 2,new_H,baseline,4.038944097283769,2.434508636957349,6.95443923125814
2025-11-05,cumulative,all subpops,Age 2,new_H,baseline,4.168208258308698,2.537219545136984,7.177543459945712
2025-11-06,cumulative,all subpops,Age 2,new_H,baseline,4.321868128250847,2.618231464973367,7.416932147480551
2025-11-07,cumulative,all subpops,Age 2,new_H,baseline,4.4869747143846705,2.7210302132967374,7.732549683151425
2025-11-08,cumulative,all subpops,Age 2,new_H,baseline,4.680977581924191,2.814420112900554,8.046723513388182
2025-11-09,cumulative,all subpops,Age 2,new_H,baseline,4.859316333650334,2.9283786800290255,8.35660729661826
2025-11-10,cumulative,all subpops,Age 2,new_H,baseline,5.045208100907406,3.0503808746689045,8.650149590398845
2025-11-11,cumulative,all subpops,Age 2,new_H,baseline,5.230125584968075,3.1716274361870607,8.871676798731805
2025-11-12,cumulative,all subpops,Age 2,new_H,baseline,5.426262344345168,3.2964396356841545,9.133650313231394
2025-11-13,cumulative,all subpops,Age 2,new_H,baseline,5.616210031048598,3.4342711085268047,9.422348228825932
2025-11-14,cumulative,all subpops,Age 2,new_H,baseline,5.839472565028048,3.5776459226030424,9.768449864412029
2025-11-15,cumulative,all subpops,Age 2,new_H,baseline,6.092118033228335,3.6827181980438217,10.12690318439978
2025-11-16,cumulative,all subpops,Age 2,new_H,baseline,6.340897498358375,3.8460477164367415,10.479807502128853
2025-11-17,cumulative,all subpops,Age 2,new_H,baseline,6.5514992696602885,4.0401120490933415,10.849828531670417
2025-11-18,cumulative,all subpops,Age 2,new_H,baseline,6.8091633765172555,4.176273021978508,11.228040099483207
2025-11-19,cumulative,all subpops,Age 2,new_H,baseline,7.101708314792306,4.406026163733164,11.71212024409603
2025-11-20,cumulative,all subpops,Age 2,new_H,baseline,7.420538788473216,4.616443126712173,12.20101804513553
2025-11-21,cumulative,all subpops,Age 2,new_H,baseline,7.817064982691237,4.87980987004445,12.73366931406708
2025-11-22,cumulative,all subpops,Age 2,new_H,baseline,8.242100215946746,5.168286704068285,13.312788424597345
2025-11-23,cumulative,all subpops,Age 2,new_H,baseline,8.672845322628172,5.430224998658356,13.895151026909218
2025-11-24,cumulative,all subpops,Age 2,new_H,baseline,9.10251309686517,5.709260296492408,14.456580893372303
2025-11-25,cumulative,all subpops,Age 2,new_H,baseline,9.56423137838015,6.028313837103903,15.02870313936519
2025-11-26,cumulative,all subpops,Age 2,new_H,baseline,10.092414124564648,6.463731666673034,15.661969850818712
2025-11-27,cumulative,all subpops,Age 2,new_H,baseline,10.655767202306228,6.856932276014311,16.33206647726461
2025-11-28,cumulative,all subpops,Age 2,new_H,baseline,11.268441275187143,7.259927348182862,17.003710587545523
2025-11-29,cumulative,all subpops,Age 2,new_H,baseline,11.850030297923386,7.660064203085559,17.64728793306024
2025-11-30,cumulative,all subpops,Age 2,new_H,baseline,12.377359461344708,8.025557893014227,18.355897986492295
2025-12-01,cumulative,all subpops,Age 2,new_H,baseline,12.882966172927421,8.402032022577783,19.08160401541646
2025-12-02,cumulative,all subpops,Age 2,new_H,baseline,13.434982442043536,8.81003768607388,19.737794777313052
2025-12-03,cumulative,all subpops,Age 2,new_H,baseline,14.039033219955865,9.242007301870068,20.519254637415163
2025-12-04,cumulative,all subpops,Age 2,new_H,baseline,14.74761691828666,9.753861070712833,21.47326411879241
2025-12-05,cumulative,all subpops,Age 2,new_H,baseline,15.568141510963617,10.366182256821881,22.525261448285107
2025-12-06,cumulative,all subpops,Age 2,new_H,baseline,16.54154890587636,11.084196433870591,23.879791660498235
2025-12-07,cumulative,all subpops,Age 2,new_H,baseline,17.53080082885594,11.842712935185913,25.144254450211
2025-12-08,cumulative,all subpops,Age 2,new_H,baseline,18.597935860542712,12.609617170306022,26.5132159574432
2025-12-09,cumulative,all subpops,Age 2,new_H,baseline,19.799931322363175,13.451263640482146,27.994148078629493
2025-12-10,cumulative,all subpops,Age 2,new_H,baseline,21.173237126430855,14.449196845674889,29.735729754674434
2025-12-11,cumulative,all subpops,Age 2,new_H,baseline,22.72901228023334,15.680519659652377,31.82698766538448
2025-12-12,cumulative,all subpops,Age 2,new_H,baseline,24.523323879159268,17.088163398178146,34.307850973933775
2025-12-13,cumulative,all subpops,Age 2,new_H,baseline,26.572531340129917,18.652574378422653,36.95192215026306
2025-12-14,cumulative,all subpops,Age 2,new_H,baseline,28.757643233439865,20.214725417808904,39.6314222620427
2025-12-15,cumulative,all subpops,Age 2,new_H,baseline,30.945130845196644,21.764100967701914,42.65419330758609
2025-12-16,cumulative,all subpops,Age 2,new_H,baseline,33.29531733913564,23.40299980863435,45.75208924291714
2025-12-17,cumulative,all subpops,Age 2,new_H,baseline,36.109569130833705,25.46598761986478,49.70399827602642
2025-12-18,cumulative,all subpops,Age 2,new_H,baseline,39.28906407943025,27.87194940822485,54.18552899333735
2025-12-19,cumulative,all subpops,Age 2,new_H,baseline,43.08618523250108,30.531315852304033,58.886528329193126
2025-12-20,cumulative,all subpops,Age 2,new_H,baseline,47.17579471993109,33.6648356917276,64.2404363172218
2025-12-21,cumulative,all subpops,Age 2,new_H,baseline,51.46703959475472,36.89823233333444,69.97873143537338
2025-12-22,cumulative,all subpops,Age 2,new_H,baseline,55.76010745497889,40.09885753648,75.31545843559586
2025-12-23,cumulative,all subpops,Age 2,new_H,baseline,59.783089425350255,43.11131266602539,80.16169611437788
2025-12-24,cumulative,all subpops,Age 2,new_H,baseline,63.62314494040723,45.87552549759828,84.90794922939962
2025-12-25,cumulative,all subpops,Age 2,new_H,baseline,67.32620914735807,48.58441568477915,89.67398756344798
2025-12-26,cumulative,all subpops,Age 2,new_H,baseline,70.89121309843216,51.16193578005093,94.09369601342534
2025-12-27,cumulative,all subpops,Age 2,new_H,baseline,74.31950090407642,53.737551924021616,98.01694199361906
2025-12-28,cumulative,all subpops,Age 2,new_H,baseline,77.64789566037636,56.16146220946905,102.14973081656693
2025-12-29,cumulative,all subpops,Age 2,new_H,baseline,80.85300342760121,58.5178274623822,106.39669464326826
2025-12-30,cumulative,all subpops,Age 2,new_H,baseline,83.9538214289348,60.882199147286435,110.10280294866591
2025-12-31,cumulative,all subpops,Age 2,new_H,baseline,86.87819370784212,63.0201036960616,113.7406210376676
2026-01-01,cumulative,all subpops,Age 2,new_H,baseline,89.66203221951723,64.99669148275997,117.25664422782124
2026-01-02,cumulative,all subpops,Age 2,new_H,baseline,92.31072846485449,66.928302842374,120.56769382388501
2026-01-03,cumulative,all subpops,Age 2,new_H,baseline,94.70255541693106,68.80507145777543,123.56482937976914
2026-01-04,cumulative,all subpops,Age 2,new_H,baseline,97.12806562049254,70.52969524134653,126.28355174148349
2026-01-05,cumulative,all subpops,Age 2,new_H,baseline,99.37334053526592,72.06457001983892,129.05117418415318
2026-01-06,cumulative,all subpops,Age 2,new_H,baseline,101.63987038259054,73.5993614404395,131.79663232916255
2026-01-07,cumulative,all subpops,Age 2,new_H,baseline,103.99714830656458,75.18517195727084,134.58660141649034
2026-01-08,cumulative,all subpops,Age 2,new_H,baseline,106.38881612768826,76.87709366514927,137.47674503382544
2026-01-09,cumulative,all subpops,Age 2,new_H,baseline,108.89843959758846,78.62535777380911,140.4673971757224
2026-01-10,cumulative,all subpops,Age 2,new_H,baseline,111.57395706259499,80.4384757436005,143.50327928200335
2026-01-11,cumulative,all subpops,Age 2,new_H,baseline,114.17759334445006,82.0396017340215,146.50204460527144
2026-01-12,cumulative,all subpops,Age 2,new_H,baseline,116.30901634809598,83.76895591552471,149.41945447269384
2026-01-13,cumulative,all subpops,Age 2,new_H,baseline,118.2735528090994,85.14148530550378,152.17719887228816
2026-01-14,cumulative,all subpops,Age 2,new_H,baseline,120.29929534132128,86.57713837941036,154.750798672876
2026-01-15,cumulative,all subpops,Age 2,new_H,baseline,122.39805689724116,88.1112141907357,157.16976912830626
2026-01-16,cumulative,all subpops,Age 2,new_H,baseline,124.37864887568963,89.62626811389177,159.53070673984848
2026-01-17,cumulative,all subpops,Age 2,new_H,baseline,126.24584965387919,91.00664408398526,162.0127121278076
2026-01-18,cumulative,all subpops,Age 2,new_H,baseline,127.91042386604721,92.22868851107124,164.39103649215158
2026-01-19,cumulative,all subpops,Age 2,new_H,baseline,129.49204254744873,93.42447548651397,166.46264882202388
2026-01-20,cumulative,all subpops,Age 2,new_H,baseline,130.9152787776298,94.4795866749438,168.1462606013892
2026-01-21,cumulative,all subpops,Age 2,new_H,baseline,132.23530871773443,95.46895420504337,169.65294833472228
2026-01-22,cumulative,all subpops,Age 2,new_H,baseline,133.5276560466602,96.41478907416894,171.04445902470712
2026-01-23,cumulative,all subpops,Age 2,new_H,baseline,134.71083359391577,97.32990714870397,172.4031266020203
2026-01-24,cumulative,all subpops,Age 2,new_H,baseline,135.83972381121785,98.21122559335465,173.9808264167637
2026-01-25,cumulative,all subpops,Age 2,new_H,baseline,136.81294251389386,99.02539638589995,175.36462201101025
2026-01-26,cumulative,all subpops,Age 2,new_H,baseline,137.71056134878253,99.75610059177677,176.61385551148206
2026-01-27,cumulative,all subpops,Age 2,new_H,baseline,138.54227103278816,100.42953888713504,177.75895897226223
2026-01-28,cumulative,all subpops,Age 2,new_H,baseline,139.36246165772832,101.0681891594987,178.84042099099057
2026-01-29,cumulative,all subpops,Age 2,new_H,baseline,140.18914206990956,101.68202567215249,179.8774025332235
2026-01-30,cumulative,all subpops,Age 2,new_H,baseline,141.00422210641187,102.27481662626903,180.8785621494133
2026-01-31,cumulative,all subpops,Age 2,new_H,baseline,141.7816761926656,102.8440252134036,181.84130878776423
2026-02-01,cumulative,all subpops,Age 2,new_H,baseline,142.50721084320008,103.36614313746402,182.72634671916217
2026-02-02,cumulative,all subpops,Age 2,new_H,baseline,143.17796432247303,103.83040657658022,183.51611824009237
2026-02-03,cumulative,all subpops,Age 2,new_H,baseline,143.82550478266532,104.25317275909099,184.2407725792606
2026-02-04,cumulative,all subpops,Age 2,new_H,baseline,144.42875372997815,104.64886682445675,184.92563791325853
2026-02-05,cumulative,all subpops,Age 2,new_H,baseline,144.9870747973343,105.07781293789719,185.5841580334569
2026-02-06,cumulative,all subpops,Age 2,new_H,baseline,145.55477589203457,105.49887412690124,186.22412500732526
2026-02-07,cumulative,all subpops,Age 2,new_H,baseline,146.15822346080006,105.91367564122984,186.84464959074185
2026-02-08,cumulative,all subpops,Age 2,new_H,baseline,146.71439055613456,106.30660114741708,187.42003792078808
2026-02-09,cumulative,all subpops,Age 2,new_H,baseline,147.2410797878298,106.66518736189852,187.94064612489413
2026-02-10,cumulative,all subpops,Age 2,new_H,baseline,147.73040358403503,107.00753500269529,188.43183549691784
2026-02-11,cumulative,all subpops,Age 2,new_H,baseline,148.21000479633778,107.34763988776818,188.96218964709556
2026-02-12,cumulative,all subpops,Age 2,new_H,baseline,148.68682207542054,107.69208663383506,189.5462542916559
2026-02-13,cumulative,all subpops,Age 2,new_H,baseline,149.18797380054133,108.04538268864306,190.0628364389578
2026-02-14,cumulative,all subpops,Age 2,new_H,baseline,149.6688743544405,108.40717784359327,190.5864361116631
2026-02-15,cumulative,all subpops,Age 2,new_H,baseline,150.14558244109998,108.75700933464864,191.08862846019193
2026-02-16,cumulative,all subpops,Age 2,new_H,baseline,150.5610840745676,109.08121567725044,191.55068020623392
2026-02-17,cumulative,all subpops,Age 2,new_H,baseline,150.93890765755054,109.37614844241507,191.9678462641344
2026-02-18,cumulative,all subpops,Age 2,new_H,baseline,151.28730366238824,109.64233740419473,192.34122039990083
2026-02-19,cumulative,all subpops,Age 2,new_H,baseline,151.5514683672169,109.88225016827063,192.67473049150686
2026-02-20,cumulative,all subpops,Age 2,new_H,baseline,151.76843580933422,110.09926336442406,192.97387385989455
2026-02-21,cumulative,all subpops,Age 2,new_H,baseline,151.9681070730153,110.29660506188681,193.243677327625
2026-02-22,cumulative,all subpops,Age 2,new_H,baseline,152.1745403355305,110.47711304446538,193.4885912884544
2026-02-23,cumulative,all subpops,Age 2,new_H,baseline,152.37000210515265,110.64489355815185,193.71488092566696
2026-02-24,cumulative,all subpops,Age 2,new_H,baseline,152.57770680974573,110.81560133979791,193.93953539313748
2026-02-25,cumulative,all subpops,Age 2,new_H,baseline,152.81488550478184,110.99984920499178,194.17411054415376
2026-02-26,cumulative,all subpops,Age 2,new_H,baseline,153.02773507655624,111.19611832126617,194.42178821565471
2026-02-27,cumulative,all subpops,Age 2,new_H,baseline,153.25644511373486,111.4046540350165,194.68285943619424
2026-02-28,cumulative,all subpops,Age 2,new_H,baseline,153.51572442561013,111.62301706417776,194.95444150283296
2026-03-01,cumulative,all subpops,Age 2,new_H,baseline,153.78682694219594,111.8371360996177,195.21949576123006
2026-03-02,cumulative,all subpops,Age 2,new_H,baseline,154.0334387245843,112.03964237774574,195.46927624485843
2026-03-03,cumulative,all subpops,Age 2,new_H,baseline,154.2458307334598,112.23961963351285,195.7151755666123
2026-03-04,cumulative,all subpops,Age 2,new_H,baseline,154.43180986425406,112.44314510193524,195.96473858638672
2026-03-05,cumulative,all subpops,Age 2,new_H,baseline,154.64735964094962,112.65189026039003,196.22015522104104
2026-03-06,cumulative,all subpops,Age 2,new_H,baseline,154.83002975099157,112.86627178034347,196.48221313688515
2026-03-07,cumulative,all subpops,Age 2,new_H,baseline,155.04735689341518,113.08411644251117,196.74857887142852
2026-03-08,cumulative,all subpops,Age 2,new_H,baseline,155.27494841239047,113.29292883393934,197.00412015921768
2026-03-09,cumulative,all subpops,Age 2,new_H,baseline,155.48675695816274,113.48634053040178,197.24120968944015
2026-03-10,cumulative,all subpops,Age 2,new_H,baseline,155.6835494485506,113.67272156109011,197.47064966211946
2026-03-11,cumulative,all subpops,Age 2,new_H,baseline,155.86494173907482,113.85840101638678,197.70062616923065
2026-03-12,cumulative,all subpops,Age 2,new_H,baseline,156.0423296997372,114.04561308917053,197.93419329334588
2026-03-13,cumulative,all subpops,Age 2,new_H,baseline,156.21675707222425,114.23620720582237,198.17434574840286
2026-03-14,cumulative,all subpops,Age 2,new_H,baseline,156.388056030372,114.43036350422692,198.42216209388042
2026-03-15,cumulative,all subpops,Age 2,new_H,baseline,156.55327251633,114.61737798839646,198.6635403761795
2026-03-16,cumulative,all subpops,Age 2,new_H,baseline,156.74010717460052,114.79143384208142,198.89070023346645
2026-03-17,cumulative,all subpops,Age 2,new_H,baseline,156.91513798745845,114.95911837529425,199.11283427451048
2026-03-18,cumulative,all subpops,Age 2,new_H,baseline,157.0855878928229,115.12785695106288,199.34092287385005
2026-03-19,cumulative,all subpops,Age 2,new_H,baseline,157.24248300049123,115.30230769013036,199.58239358479648
2026-03-20,cumulative,all subpops,Age 2,new_H,baseline,157.41699448806514,115.48367305695592,199.83930258228224
2026-03-21,cumulative,all subpops,Age 2,new_H,baseline,157.59434185479523,115.66926596809134,200.10747524622232
2026-03-22,cumulative,all subpops,Age 2,new_H,baseline,157.7630928071057,115.84770903721775,200.3641000213753
2026-03-23,cumulative,all subpops,Age 2,new_H,baseline,157.92308739035863,115.96760277732135,200.60381334231326
2026-03-24,cumulative,all subpops,Age 2,new_H,baseline,158.0987749229662,116.07625995503057,200.84022547984802
2026-03-25,cumulative,all subpops,Age 2,new_H,baseline,158.27254139514088,116.1865730666455,201.0840558192261
2026-03-26,cumulative,all subpops,Age 2,new_H,baseline,158.44723195366754,116.30025971388893,201.33922980129495
2026-03-27,cumulative,all subpops,Age 2,new_H,baseline,158.62322462170187,116.41719892573839,201.60511009272653
2026-03-28,cumulative,all subpops,Age 2,new_H,baseline,158.79974649185755,116.53672331935957,201.880258660926
2026-03-29,cumulative,all subpops,Age 2,new_H,baseline,158.96814713260756,116.65247749604954,202.14953331622428
2026-03-30,cumulative,all subpops,Age 2,new_H,baseline,159.12020976995277,116.76094800452645,202.4042522480083
2026-03-31,cumulative,all subpops,Age 2,new_H,baseline,159.2585299049524,116.86626520556318,202.6540059153345
2026-04-01,cumulative,all subpops,Age 2,new_H,baseline,159.39620590499203,116.97122786424522,202.90495002250083
2026-04-02,cumulative,all subpops,Age 2,new_H,baseline,159.5345576929447,117.07697993127933,203.15950008728456
2026-04-03,cumulative,all subpops,Age 2,new_H,baseline,159.6746344063207,117.18468934743981,203.4206436083256
2026-04-04,cumulative,all subpops,Age 2,new_H,baseline,159.8147631086439,117.29326032292995,203.68537510974983
2026-04-05,cumulative,all subpops,Age 2,new_H,baseline,159.94594351288032,117.39661183231279,203.93832873567604
2026-04-06,cumulative,all subpops,Age 2,new_H,baseline,160.05509002317774,117.48592559029827,204.17228435584673
2026-04-07,cumulative,all subpops,Age 2,new_H,baseline,160.16406651649606,117.55167358563062,204.3999007694384
2026-04-08,cumulative,all subpops,Age 2,new_H,baseline,160.29728791003768,117.61837015134891,204.63086498260628
2026-04-09,cumulative,all subpops,Age 2,new_H,baseline,160.44091341398692,117.68745823897422,204.86968357222224
2026-04-10,cumulative,all subpops,Age 2,new_H,baseline,160.58879436455288,117.75919817663708,205.1168312911806
2026-04-11,cumulative,all subpops,Age 2,new_H,baseline,160.7064604478507,117.83236660777312,205.36783433318615
2026-04-12,cumulative,all subpops,Age 2,new_H,baseline,160.8170210389446,117.90260457729129,205.6078329564465
2026-04-13,cumulative,all subpops,Age 2,new_H,baseline,160.9174865678117,117.96776613632315,205.82944895336712
2026-04-14,cumulative,all subpops,Age 2,new_H,baseline,161.0112416845657,118.0300648974134,205.9677114321834
2026-04-15,cumulative,all subpops,Age 2,new_H,baseline,161.10117613328094,118.09115713526803,206.09581954474484
2026-04-16,cumulative,all subpops,Age 2,new_H,baseline,161.18873145971676,118.15165061080414,206.22369128957322
2026-04-17,cumulative,all subpops,Age 2,new_H,baseline,161.28955161789645,118.21172666628783,206.35185398070405
2026-04-18,cumulative,all subpops,Age 2,new_H,baseline,161.39344400098832,118.27105265344709,206.47976494058494
2026-04-19,cumulative,all subpops,Age 2,new_H,baseline,161.51809450074444,118.32686226236035,206.60125924973437
2026-04-20,cumulative,all subpops,Age 2,new_H,baseline,161.62401787793175,118.37749511547446,206.7126009889385
2026-04-21,cumulative,all subpops,Age 2,new_H,baseline,161.678965308778,118.42282913073633,206.81356673447547
2026-04-22,cumulative,all subpops,Age 2,new_H,baseline,161.72839363538824,118.46330085965306,206.90515505172525
2026-04-23,cumulative,all subpops,Age 2,new_H,baseline,161.77303646966067,118.49938872129253,206.98833789141574
2026-04-24,cumulative,all subpops,Age 2,new_H,baseline,161.81373624248556,118.53166165407616,207.0643261448495
2026-04-25,cumulative,all subpops,Age 2,new_H,baseline,161.85141209538418,118.56076878748968,207.1346178309499
2026-04-26,cumulative,all subpops,Age 2,new_H,baseline,161.8868418567895,118.58724170591768,207.2004131484768
2026-04-27,cumulative,all subpops,Age 2,new_H,baseline,161.92105994050422,118.6117069858771,207.26325026704444
2026-04-28,cumulative,all subpops,Age 2,new_H,baseline,161.95721695424737,118.63586993557047,207.32812926420667
2026-04-29,cumulative,all subpops,Age 2,new_H,baseline,161.9975443833842,118.66080756068132,207.3985546569334
2026-04-30,cumulative,all subpops,Age 2,new_H,baseline,162.04309865732154,118.6868199741257,207.4759293420306
2026-05-01,cumulative,all subpops,Age 2,new_H,baseline,162.09459532637737,118.71393445342798,207.5610613069835
2026-05-02,cumulative,all subpops,Age 2,new_H,baseline,162.15213366059675,118.74195266177502,207.65412202860423
2026-05-03,cumulative,all subpops,Age 2,new_H,baseline,162.21539852850447,118.76924590516965,207.74613141749705
2026-05-04,cumulative,all subpops,Age 2,new_H,baseline,162.2604132948175,118.7949783443376,207.8365171440389
2026-05-05,cumulative,all subpops,Age 2,new_H,baseline,162.33420417695515,118.82013036084814,207.93114761653268
2026-05-06,cumulative,all subpops,Age 2,new_H,baseline,162.40383257387242,118.84530100872277,208.03352224440596
2026-05-07,cumulative,all subpops,Age 2,new_H,baseline,162.48242444615138,118.87067002930326,208.14557759806362
2026-05-08,cumulative,all subpops,Age 2,new_H,baseline,162.61163079342083,118.8965120457415,208.27085157812377
2025-09-01,cumulative,all subpops,Age 3,new_H,baseline,0.003648326839949937,0.001223015334741892,0.00918461689563797
2025-09-02,cumulative,all subpops,Age 3,new_H,baseline,0.012540888349447298,0.004219249655033772,0.03154528563001722
2025-09-03,cumulative,all subpops,Age 3,new_H,baseline,0.024306659223749458,0.008246760297983678,0.06098597730888795
2025-09-04,cumulative,all subpops,Age 3,new_H,baseline,0.03850291476172464,0.013153158497239479,0.09573147351530994
2025-09-05,cumulative,all subpops,Age 3,new_H,baseline,0.054925123165891265,0.018914829464881076,0.13461944841691564
2025-09-06,cumulative,all subpops,Age 3,new_H,baseline,0.07306538404667864,0.025245429366368272,0.17870024657244896
2025-09-07,cumulative,all subpops,Age 3,new_H,baseline,0.09117945918857355,0.031452681168561654,0.22372101712559903
2025-09-08,cumulative,all subpops,Age 3,new_H,baseline,0.10867620941586181,0.03746475168759251,0.2660414885604885
2025-09-09,cumulative,all subpops,Age 3,new_H,baseline,0.12666324549267333,0.04370341641022771,0.307567441849187
2025-09-10,cumulative,all subpops,Age 3,new_H,baseline,0.1469899667284339,0.05051689058457141,0.35303689821441786
2025-09-11,cumulative,all subpops,Age 3,new_H,baseline,0.16920557746145437,0.05813025652046511,0.4022131349620287
2025-09-12,cumulative,all subpops,Age 3,new_H,baseline,0.19195877706636486,0.06662345998755022,0.45810548941567264
2025-09-13,cumulative,all subpops,Age 3,new_H,baseline,0.2171961905273575,0.07775608942685945,0.5161437360631546
2025-09-14,cumulative,all subpops,Age 3,new_H,baseline,0.24166718688249283,0.08919906202591986,0.5679050547456197
2025-09-15,cumulative,all subpops,Age 3,new_H,baseline,0.26542897748293304,0.09956205712995328,0.6129352767345507
2025-09-16,cumulative,all subpops,Age 3,new_H,baseline,0.2891316622054161,0.10834085411687225,0.653887787720378
2025-09-17,cumulative,all subpops,Age 3,new_H,baseline,0.3120249985484011,0.11751528659949316,0.6941102889887933
2025-09-18,cumulative,all subpops,Age 3,new_H,baseline,0.3389020429458178,0.1272589164475835,0.7392239479140752
2025-09-19,cumulative,all subpops,Age 3,new_H,baseline,0.3661281337095764,0.1376447060640871,0.7934120725244912
2025-09-20,cumulative,all subpops,Age 3,new_H,baseline,0.39435360658705154,0.14815879580747415,0.8386522559413702
2025-09-21,cumulative,all subpops,Age 3,new_H,baseline,0.42126901769829955,0.15912171439519807,0.8922277617013716
2025-09-22,cumulative,all subpops,Age 3,new_H,baseline,0.44810048141791003,0.1689444517422537,0.9334622192648685
2025-09-23,cumulative,all subpops,Age 3,new_H,baseline,0.47398116337993246,0.17872856691366942,0.9777215488686621
2025-09-24,cumulative,all subpops,Age 3,new_H,baseline,0.499582621292323,0.1892829698750369,1.026309945575935
2025-09-25,cumulative,all subpops,Age 3,new_H,baseline,0.526196440077997,0.20057565315269904,1.071601759939626
2025-09-26,cumulative,all subpops,Age 3,new_H,baseline,0.5558350883476801,0.21596250993887403,1.1259277422101144
2025-09-27,cumulative,all subpops,Age 3,new_H,baseline,0.5879503092663263,0.22835447204295387,1.1812662030733927
2025-09-28,cumulative,all subpops,Age 3,new_H,baseline,0.6180103608658216,0.2405054751276506,1.2329467876132554
2025-09-29,cumulative,all subpops,Age 3,new_H,baseline,0.6446416315599557,0.25197847521945493,1.2789020489702003
2025-09-30,cumulative,all subpops,Age 3,new_H,baseline,0.6725541451719106,0.26373170083514763,1.3296958023378282
2025-10-01,cumulative,all subpops,Age 3,new_H,baseline,0.6990446575942231,0.27633835543551594,1.3767535362890302
2025-10-02,cumulative,all subpops,Age 3,new_H,baseline,0.7279362563585932,0.2902856180790963,1.4271683314030459
2025-10-03,cumulative,all subpops,Age 3,new_H,baseline,0.7558633869694813,0.30593812181977476,1.4794309984380236
2025-10-04,cumulative,all subpops,Age 3,new_H,baseline,0.7881693106563592,0.3238322747655004,1.5326513103009938
2025-10-05,cumulative,all subpops,Age 3,new_H,baseline,0.8202162629121488,0.3402724820408216,1.5822485444593828
2025-10-06,cumulative,all subpops,Age 3,new_H,baseline,0.8484912700494323,0.35652672026835097,1.6339445685793987
2025-10-07,cumulative,all subpops,Age 3,new_H,baseline,0.8762046805313891,0.3731739596577013,1.6979817427017014
2025-10-08,cumulative,all subpops,Age 3,new_H,baseline,0.9051105494065169,0.3910878641443094,1.7321621879627316
2025-10-09,cumulative,all subpops,Age 3,new_H,baseline,0.9288327836093637,0.40422109340799306,1.77526604155603
2025-10-10,cumulative,all subpops,Age 3,new_H,baseline,0.9599039115836572,0.42698259475222883,1.834866387174377
2025-10-11,cumulative,all subpops,Age 3,new_H,baseline,0.9964520181941687,0.45231688791264746,1.9116359478035247
2025-10-12,cumulative,all subpops,Age 3,new_H,baseline,1.0276790062461933,0.47320595194594023,1.9775566641458502
2025-10-13,cumulative,all subpops,Age 3,new_H,baseline,1.0605881930858625,0.4851561091765568,2.053302125965344
2025-10-14,cumulative,all subpops,Age 3,new_H,baseline,1.0866375149235785,0.4961631961586867,2.1210519229598006
2025-10-15,cumulative,all subpops,Age 3,new_H,baseline,1.11096208683913,0.5078437908307043,2.1824383627721677
2025-10-16,cumulative,all subpops,Age 3,new_H,baseline,1.1394008171125503,0.52315240070375,2.232886142929171
2025-10-17,cumulative,all subpops,Age 3,new_H,baseline,1.1684849873531586,0.5470425675091142,2.2896843368127016
2025-10-18,cumulative,all subpops,Age 3,new_H,baseline,1.2005394911975102,0.564272342147287,2.3420125772477705
2025-10-19,cumulative,all subpops,Age 3,new_H,baseline,1.24094632833578,0.5866374991569508,2.39857987306671
2025-10-20,cumulative,all subpops,Age 3,new_H,baseline,1.2752724551219603,0.6106212212230309,2.45144298393557
2025-10-21,cumulative,all subpops,Age 3,new_H,baseline,1.313247967916819,0.6355389688333658,2.5090216401968135
2025-10-22,cumulative,all subpops,Age 3,new_H,baseline,1.3523589796447575,0.6614015761841031,2.598849102069668
2025-10-23,cumulative,all subpops,Age 3,new_H,baseline,1.3927810260068285,0.6825816058267724,2.6667140081093454
2025-10-24,cumulative,all subpops,Age 3,new_H,baseline,1.4398402614597283,0.7130902851521941,2.7361622714029656
2025-10-25,cumulative,all subpops,Age 3,new_H,baseline,1.4907495266341113,0.7329945285361328,2.8076375970371616
2025-10-26,cumulative,all subpops,Age 3,new_H,baseline,1.5437221356354551,0.759227900197905,2.8773729800841763
2025-10-27,cumulative,all subpops,Age 3,new_H,baseline,1.596891369137584,0.7882736719779595,2.979378627734192
2025-10-28,cumulative,all subpops,Age 3,new_H,baseline,1.643626058077599,0.8169405945176957,3.0878700194582756
2025-10-29,cumulative,all subpops,Age 3,new_H,baseline,1.699965879402348,0.8464255121476787,3.198029910614078
2025-10-30,cumulative,all subpops,Age 3,new_H,baseline,1.7634782057203693,0.8754396391640614,3.288010075410601
2025-10-31,cumulative,all subpops,Age 3,new_H,baseline,1.832814542425418,0.9299596714377106,3.383388127303389
2025-11-01,cumulative,all subpops,Age 3,new_H,baseline,1.8991979587123988,0.965401120363596,3.4826830240146047
2025-11-02,cumulative,all subpops,Age 3,new_H,baseline,1.9678654199614807,1.0001360229491938,3.551606841327644
2025-11-03,cumulative,all subpops,Age 3,new_H,baseline,2.0316207273530225,1.0275378748790203,3.6271798049481316
2025-11-04,cumulative,all subpops,Age 3,new_H,baseline,2.096991293652488,1.065962156343857,3.73704207748882
2025-11-05,cumulative,all subpops,Age 3,new_H,baseline,2.162323799278856,1.1095001170742385,3.8410659517186985
2025-11-06,cumulative,all subpops,Age 3,new_H,baseline,2.2306789838250327,1.154931635284841,3.955860137873266
2025-11-07,cumulative,all subpops,Age 3,new_H,baseline,2.3125474671624024,1.2062006349904209,4.090607411770172
2025-11-08,cumulative,all subpops,Age 3,new_H,baseline,2.411623297022226,1.2649406097675666,4.262332306739471
2025-11-09,cumulative,all subpops,Age 3,new_H,baseline,2.4968816753322622,1.3343963332971067,4.41305605921977
2025-11-10,cumulative,all subpops,Age 3,new_H,baseline,2.597358254212962,1.3963396375679247,4.557704067285174
2025-11-11,cumulative,all subpops,Age 3,new_H,baseline,2.702193315210945,1.4602131459771246,4.707079656059949
2025-11-12,cumulative,all subpops,Age 3,new_H,baseline,2.8086805267704547,1.524386658540462,4.84070619538018
2025-11-13,cumulative,all subpops,Age 3,new_H,baseline,2.9028539702351575,1.5941430929089397,4.985629483301753
2025-11-14,cumulative,all subpops,Age 3,new_H,baseline,3.00848231346151,1.6626598371987307,5.130879387652399
2025-11-15,cumulative,all subpops,Age 3,new_H,baseline,3.117039397954165,1.7483452698833946,5.302183886300097
2025-11-16,cumulative,all subpops,Age 3,new_H,baseline,3.231474539375727,1.8380220929992237,5.487882459776691
2025-11-17,cumulative,all subpops,Age 3,new_H,baseline,3.3633546489245134,1.9273167714070882,5.671508726263521
2025-11-18,cumulative,all subpops,Age 3,new_H,baseline,3.49557608303265,2.020322555348396,5.847428537813888
2025-11-19,cumulative,all subpops,Age 3,new_H,baseline,3.6526777543694933,2.1216718614455377,6.034284970869632
2025-11-20,cumulative,all subpops,Age 3,new_H,baseline,3.8491263713442865,2.226534054783633,6.249028436035524
2025-11-21,cumulative,all subpops,Age 3,new_H,baseline,4.043824387560908,2.3713598413552446,6.496281845922413
2025-11-22,cumulative,all subpops,Age 3,new_H,baseline,4.278267509446028,2.519940288400305,6.793596311857639
2025-11-23,cumulative,all subpops,Age 3,new_H,baseline,4.514717713978616,2.6714241271819756,7.14472066278787
2025-11-24,cumulative,all subpops,Age 3,new_H,baseline,4.734665431915355,2.81592312195633,7.490013074923199
2025-11-25,cumulative,all subpops,Age 3,new_H,baseline,4.988414666751622,2.966228838913042,7.8530249170909885
2025-11-26,cumulative,all subpops,Age 3,new_H,baseline,5.23258983324527,3.125584752572613,8.267255064806786
2025-11-27,cumulative,all subpops,Age 3,new_H,baseline,5.506414223396968,3.3072659230858585,8.73481189581955
2025-11-28,cumulative,all subpops,Age 3,new_H,baseline,5.827879553834096,3.504499829827861,9.123336540481262
2025-11-29,cumulative,all subpops,Age 3,new_H,baseline,6.128128047831334,3.6703106059628405,9.46305747497019
2025-11-30,cumulative,all subpops,Age 3,new_H,baseline,6.403789536888533,3.845920287043269,9.814325262404708
2025-12-01,cumulative,all subpops,Age 3,new_H,baseline,6.672472606746321,4.017990652605505,10.209886716626578
2025-12-02,cumulative,all subpops,Age 3,new_H,baseline,6.952435040037376,4.184567288424895,10.54229688812458
2025-12-03,cumulative,all subpops,Age 3,new_H,baseline,7.305447418394584,4.3810005769818385,11.01021835091445
2025-12-04,cumulative,all subpops,Age 3,new_H,baseline,7.677178236529425,4.639970581910966,11.47809364825823
2025-12-05,cumulative,all subpops,Age 3,new_H,baseline,8.119919604059401,4.948123776445413,12.114581574048932
2025-12-06,cumulative,all subpops,Age 3,new_H,baseline,8.656601691036958,5.309830246861612,12.918626847560265
2025-12-07,cumulative,all subpops,Age 3,new_H,baseline,9.19962637051933,5.696070474808326,13.694455198224244
2025-12-08,cumulative,all subpops,Age 3,new_H,baseline,9.786135808995496,6.077957630175625,14.474342823204413
2025-12-09,cumulative,all subpops,Age 3,new_H,baseline,10.41515052883354,6.485450569445011,15.323239138842924
2025-12-10,cumulative,all subpops,Age 3,new_H,baseline,11.14885266643822,6.974195260669973,16.30564125863389
2025-12-11,cumulative,all subpops,Age 3,new_H,baseline,12.031245830077895,7.514884612635396,17.44364490994012
2025-12-12,cumulative,all subpops,Age 3,new_H,baseline,12.980469509261772,8.164039455925415,18.733565321940205
2025-12-13,cumulative,all subpops,Age 3,new_H,baseline,14.062600482229852,8.954051680768178,20.309425461310592
2025-12-14,cumulative,all subpops,Age 3,new_H,baseline,15.288219349789797,9.820427587821115,22.038806998557806
2025-12-15,cumulative,all subpops,Age 3,new_H,baseline,16.468910027435232,10.792475250805701,23.54236175199857
2025-12-16,cumulative,all subpops,Age 3,new_H,baseline,17.817266462626506,11.574148980337199,25.395519288440322
2025-12-17,cumulative,all subpops,Age 3,new_H,baseline,19.28757165031896,12.506769043405868,27.48312199407696
2025-12-18,cumulative,all subpops,Age 3,new_H,baseline,21.115553685841814,13.711705636034408,29.908898042989623
2025-12-19,cumulative,all subpops,Age 3,new_H,baseline,23.123326057181252,15.133997239084568,32.6508153407477
2025-12-20,cumulative,all subpops,Age 3,new_H,baseline,25.483986347444766,16.817460014061936,35.88752839430013
2025-12-21,cumulative,all subpops,Age 3,new_H,baseline,27.89567691317761,18.465506487631604,39.19635323465823
2025-12-22,cumulative,all subpops,Age 3,new_H,baseline,30.29003790667487,20.09783469098688,42.25877374034492
2025-12-23,cumulative,all subpops,Age 3,new_H,baseline,32.493823881138184,21.54458201854771,45.32357042820826
2025-12-24,cumulative,all subpops,Age 3,new_H,baseline,34.573038522630746,22.930681050082455,48.02455940333608
2025-12-25,cumulative,all subpops,Age 3,new_H,baseline,36.56765359605478,24.29613546151048,50.55894161550658
2025-12-26,cumulative,all subpops,Age 3,new_H,baseline,38.44329212897222,25.61186781359367,52.95254381380299
2025-12-27,cumulative,all subpops,Age 3,new_H,baseline,40.283254880662554,26.890826643909975,55.39580775965657
2025-12-28,cumulative,all subpops,Age 3,new_H,baseline,42.05118243441584,28.04022677244256,57.781328112553744
2025-12-29,cumulative,all subpops,Age 3,new_H,baseline,43.73571899444271,29.143296706316274,60.06067391185158
2025-12-30,cumulative,all subpops,Age 3,new_H,baseline,45.406432690547604,30.201399445152816,62.218469269900595
2025-12-31,cumulative,all subpops,Age 3,new_H,baseline,47.00837365597798,31.176378078426424,64.21946464377105
2026-01-01,cumulative,all subpops,Age 3,new_H,baseline,48.49815251802396,32.13592246592421,66.04850876576565
2026-01-02,cumulative,all subpops,Age 3,new_H,baseline,49.85248832541344,33.03471028830065,67.93440313865948
2026-01-03,cumulative,all subpops,Age 3,new_H,baseline,51.17874129624469,33.94819720992622,69.82496575604189
2026-01-04,cumulative,all subpops,Age 3,new_H,baseline,52.37122342743997,34.80175804895054,71.56760571873059
2026-01-05,cumulative,all subpops,Age 3,new_H,baseline,53.49521203885348,35.63030660709027,73.09977946837611
2026-01-06,cumulative,all subpops,Age 3,new_H,baseline,54.728922089190156,36.4953453735745,74.64061079346249
2026-01-07,cumulative,all subpops,Age 3,new_H,baseline,56.03219600802133,37.41067859518261,76.3368493259379
2026-01-08,cumulative,all subpops,Age 3,new_H,baseline,57.466033275196004,38.31096794314638,78.10061754299501
2026-01-09,cumulative,all subpops,Age 3,new_H,baseline,58.90998287386252,39.242044947388536,79.8765780026703
2026-01-10,cumulative,all subpops,Age 3,new_H,baseline,60.33979127824064,40.20775693446896,81.57477720065359
2026-01-11,cumulative,all subpops,Age 3,new_H,baseline,61.655478297831436,41.14165830185555,83.75056988076665
2026-01-12,cumulative,all subpops,Age 3,new_H,baseline,62.9790135225079,42.06027287717464,85.53771114764665
2026-01-13,cumulative,all subpops,Age 3,new_H,baseline,64.23800133444595,42.93024275250803,87.16566836714023
2026-01-14,cumulative,all subpops,Age 3,new_H,baseline,65.50852879850594,43.76645571040831,88.67556583832418
2026-01-15,cumulative,all subpops,Age 3,new_H,baseline,66.68650225852576,44.45052442677768,90.00392791135359
2026-01-16,cumulative,all subpops,Age 3,new_H,baseline,67.75843100538822,45.12327384111946,91.49327985664821
2026-01-17,cumulative,all subpops,Age 3,new_H,baseline,68.85460895945278,45.83432670986235,93.19673209286458
2026-01-18,cumulative,all subpops,Age 3,new_H,baseline,69.87119912337698,46.58279856161639,94.5112763187523
2026-01-19,cumulative,all subpops,Age 3,new_H,baseline,70.77841827383176,47.25387546210535,95.52811126470161
2026-01-20,cumulative,all subpops,Age 3,new_H,baseline,71.58592501754113,47.84244516263847,96.55681648851905
2026-01-21,cumulative,all subpops,Age 3,new_H,baseline,72.33863787772384,48.38300884787219,97.50753310380145
2026-01-22,cumulative,all subpops,Age 3,new_H,baseline,73.0670027694012,48.898093069069255,98.34570083647452
2026-01-23,cumulative,all subpops,Age 3,new_H,baseline,73.77376752266468,49.39520632932325,99.27533416331441
2026-01-24,cumulative,all subpops,Age 3,new_H,baseline,74.47735062744677,49.87538113263275,100.12857869573273
2026-01-25,cumulative,all subpops,Age 3,new_H,baseline,75.12621436681475,50.31906457632088,100.99788902982466
2026-01-26,cumulative,all subpops,Age 3,new_H,baseline,75.6498848970217,50.71707426280712,101.77805419207974
2026-01-27,cumulative,all subpops,Age 3,new_H,baseline,76.16771950606159,51.08346931418963,102.50240142751588
2026-01-28,cumulative,all subpops,Age 3,new_H,baseline,76.65302797000945,51.43489606526812,103.19901590734987
2026-01-29,cumulative,all subpops,Age 3,new_H,baseline,77.12026667358728,51.77716624475466,103.86895494536536
2026-01-30,cumulative,all subpops,Age 3,new_H,baseline,77.5840484732798,52.11413889191925,104.50893561331065
2026-01-31,cumulative,all subpops,Age 3,new_H,baseline,78.0448111401034,52.44433001678678,105.13275780449837
2026-02-01,cumulative,all subpops,Age 3,new_H,baseline,78.50866480792882,52.75139393227932,105.74730448067916
2026-02-02,cumulative,all subpops,Age 3,new_H,baseline,78.90507413138259,53.02759701854714,106.29230594935957
2026-02-03,cumulative,all subpops,Age 3,new_H,baseline,79.25508181021925,53.28472386004734,106.7648731274268
2026-02-04,cumulative,all subpops,Age 3,new_H,baseline,79.59495241426126,53.532321614182514,107.22299985701488
2026-02-05,cumulative,all subpops,Age 3,new_H,baseline,79.93429878280938,53.77495440208028,107.67506229435826
2026-02-06,cumulative,all subpops,Age 3,new_H,baseline,80.29934064396824,54.01490795906781,108.1251258046286
2026-02-07,cumulative,all subpops,Age 3,new_H,baseline,80.68127321495717,54.250890729516115,108.5705381313803
2026-02-08,cumulative,all subpops,Age 3,new_H,baseline,80.98276179539205,54.4711090197573,108.98810183681452
2026-02-09,cumulative,all subpops,Age 3,new_H,baseline,81.29140118948223,54.6706589373384,109.36775671019113
2026-02-10,cumulative,all subpops,Age 3,new_H,baseline,81.54681255495144,54.85982482634358,109.72856270228198
2026-02-11,cumulative,all subpops,Age 3,new_H,baseline,81.81858750810812,55.04815636200862,110.08454890782541
2026-02-12,cumulative,all subpops,Age 3,new_H,baseline,82.07821885622741,55.235857199585446,110.4412141927505
2026-02-13,cumulative,all subpops,Age 3,new_H,baseline,82.3444307098004,55.4247377994854,110.80189248176234
2026-02-14,cumulative,all subpops,Age 3,new_H,baseline,82.6121631790866,55.614172363592445,111.1650538851928
2026-02-15,cumulative,all subpops,Age 3,new_H,baseline,82.90527898184507,55.793485417676365,111.5089570854876
2026-02-16,cumulative,all subpops,Age 3,new_H,baseline,83.17304495533796,55.9558526018623,111.81902287664253
2026-02-17,cumulative,all subpops,Age 3,new_H,baseline,83.41167636894143,56.10002328471554,112.0953468654881
2026-02-18,cumulative,all subpops,Age 3,new_H,baseline,83.62262885199928,56.22693896050332,112.33962910947473
2026-02-19,cumulative,all subpops,Age 3,new_H,baseline,83.80900145156012,56.338447738943344,112.5553311704776
2026-02-20,cumulative,all subpops,Age 3,new_H,baseline,83.97465319144047,56.436821020645425,112.74668911881707
2026-02-21,cumulative,all subpops,Age 3,new_H,baseline,84.12049564110006,56.52406475284603,112.9174763046206
2026-02-22,cumulative,all subpops,Age 3,new_H,baseline,84.24122617263362,56.6017169865718,113.07711473807137
2026-02-23,cumulative,all subpops,Age 3,new_H,baseline,84.34991238100747,56.67195472254669,113.23990856876468
2026-02-24,cumulative,all subpops,Age 3,new_H,baseline,84.45143466505368,56.74046085009591,113.40196584733089
2026-02-25,cumulative,all subpops,Age 3,new_H,baseline,84.55951287873606,56.811073037750944,113.57159424131937
2026-02-26,cumulative,all subpops,Age 3,new_H,baseline,84.67630919690225,56.88492264022513,113.75103524959147
2026-02-27,cumulative,all subpops,Age 3,new_H,baseline,84.80261162678403,56.96218223808667,113.94022883140748
2026-02-28,cumulative,all subpops,Age 3,new_H,baseline,84.93727073297188,57.042005202944125,114.13638584715565
2026-03-01,cumulative,all subpops,Age 3,new_H,baseline,85.07066843702316,57.11921728508286,114.32639559918435
2026-03-02,cumulative,all subpops,Age 3,new_H,baseline,85.18998035865955,57.191224200764225,114.5033437147196
2026-03-03,cumulative,all subpops,Age 3,new_H,baseline,85.30412421406382,57.26159274483546,114.67475841784409
2026-03-04,cumulative,all subpops,Age 3,new_H,baseline,85.41902223395115,57.33267130991042,114.84598299653749
2026-03-05,cumulative,all subpops,Age 3,new_H,baseline,85.5505390818029,57.40510910911623,115.01854041915936
2026-03-06,cumulative,all subpops,Age 3,new_H,baseline,85.70596286305896,57.479070151378195,115.1926473865338
2026-03-07,cumulative,all subpops,Age 3,new_H,baseline,85.85482749179984,57.55377968018319,115.3663687244249
2026-03-08,cumulative,all subpops,Age 3,new_H,baseline,85.96412471300388,57.62478873825675,115.58982048148307
2026-03-09,cumulative,all subpops,Age 3,new_H,baseline,86.06375716255168,57.689878161947554,115.80103990041219
2026-03-10,cumulative,all subpops,Age 3,new_H,baseline,86.15618988976799,57.752066374104444,116.00498032288925
2026-03-11,cumulative,all subpops,Age 3,new_H,baseline,86.24473886175917,57.81362615457025,116.20831555646701
2026-03-12,cumulative,all subpops,Age 3,new_H,baseline,86.32385592705707,57.87536101174377,116.41272793698046
2026-03-13,cumulative,all subpops,Age 3,new_H,baseline,86.41226378783702,57.93794847051189,116.56083566811077
2026-03-14,cumulative,all subpops,Age 3,new_H,baseline,86.51445677329866,58.00149787102005,116.69922661986003
2026-03-15,cumulative,all subpops,Age 3,new_H,baseline,86.61115078571669,58.06232511097483,116.8289251066445
2026-03-16,cumulative,all subpops,Age 3,new_H,baseline,86.69935968125509,58.118442911267856,116.94732158139315
2026-03-17,cumulative,all subpops,Age 3,new_H,baseline,86.79215134783115,58.17212332259553,117.07038794680217
2026-03-18,cumulative,all subpops,Age 3,new_H,baseline,86.90462487096033,58.225939353316626,117.25049101472858
2026-03-19,cumulative,all subpops,Age 3,new_H,baseline,86.99315225713244,58.30548721631983,117.43767381836507
2026-03-20,cumulative,all subpops,Age 3,new_H,baseline,87.08192749151073,58.40037487578645,117.62393635234876
2026-03-21,cumulative,all subpops,Age 3,new_H,baseline,87.17780865524227,58.49703973033429,117.76980346205887
2026-03-22,cumulative,all subpops,Age 3,new_H,baseline,87.27554546385741,58.58931127933163,117.90504500880711
2026-03-23,cumulative,all subpops,Age 3,new_H,baseline,87.36505166729737,58.644361669945994,118.02748515740073
2026-03-24,cumulative,all subpops,Age 3,new_H,baseline,87.44337877406687,58.69080633933089,118.14484463924356
2026-03-25,cumulative,all subpops,Age 3,new_H,baseline,87.5193192834085,58.73763945273307,118.26204027575152
2026-03-26,cumulative,all subpops,Age 3,new_H,baseline,87.59700618887828,58.78568870442043,118.38089725292194
2026-03-27,cumulative,all subpops,Age 3,new_H,baseline,87.67696110238379,58.835103857573216,118.50150787873363
2026-03-28,cumulative,all subpops,Age 3,new_H,baseline,87.76432876230353,58.88556791244077,118.62297449473142
2026-03-29,cumulative,all subpops,Age 3,new_H,baseline,87.86044755787835,58.93410346766853,118.73855190861723
2026-03-30,cumulative,all subpops,Age 3,new_H,baseline,87.9760189636823,58.979163403505865,118.84474493997314
2026-03-31,cumulative,all subpops,Age 3,new_H,baseline,88.09223349804857,59.02284310195668,118.94600711358744
2026-04-01,cumulative,all subpops,Age 3,new_H,baseline,88.20295482862679,59.06667391533512,119.0456993832768
2026-04-02,cumulative,all subpops,Age 3,new_H,baseline,88.30306305910506,59.11129417675175,119.16066146510023
2026-04-03,cumulative,all subpops,Age 3,new_H,baseline,88.39715519990723,59.157156819870586,119.27767040436615
2026-04-04,cumulative,all subpops,Age 3,new_H,baseline,88.47690847895048,59.203802965639966,119.39427721233376
2026-04-05,cumulative,all subpops,Age 3,new_H,baseline,88.552918567324,59.24834308901259,119.50398414422197
2026-04-06,cumulative,all subpops,Age 3,new_H,baseline,88.62291409512099,59.289390537533336,119.60376649361402
2026-04-07,cumulative,all subpops,Age 3,new_H,baseline,88.6874272088285,59.329186371487616,119.69859817969188
2026-04-08,cumulative,all subpops,Age 3,new_H,baseline,88.75380486488166,59.36948291355746,119.79237073659372
2026-04-09,cumulative,all subpops,Age 3,new_H,baseline,88.83504019825055,59.411069967541316,119.88679003927912
2026-04-10,cumulative,all subpops,Age 3,new_H,baseline,88.9203569550412,59.45416093829099,119.98237711922762
2026-04-11,cumulative,all subpops,Age 3,new_H,baseline,89.00835713211896,59.49816660567837,120.07808044829618
2026-04-12,cumulative,all subpops,Age 3,new_H,baseline,89.09282418755522,59.54029422190103,120.16840451113109
2026-04-13,cumulative,all subpops,Age 3,new_H,baseline,89.16640601737573,59.57915721780582,120.25071431228481
2026-04-14,cumulative,all subpops,Age 3,new_H,baseline,89.24394703920127,59.61643881970355,120.32853575742605
2026-04-15,cumulative,all subpops,Age 3,new_H,baseline,89.32043496403107,59.653470067183484,120.40462415865149
2026-04-16,cumulative,all subpops,Age 3,new_H,baseline,89.39683490065556,59.69080573082403,120.48009332120657
2026-04-17,cumulative,all subpops,Age 3,new_H,baseline,89.47351549317791,59.73062778713023,120.5553565747396
2026-04-18,cumulative,all subpops,Age 3,new_H,baseline,89.55321268473688,59.77081901779505,120.6298838836126
2026-04-19,cumulative,all subpops,Age 3,new_H,baseline,89.6268415339005,59.809041025293354,120.69973891067795
2026-04-20,cumulative,all subpops,Age 3,new_H,baseline,89.69387367035543,59.843841597189474,120.76250550700931
2026-04-21,cumulative,all subpops,Age 3,new_H,baseline,89.7539886846165,59.875016076839316,120.8179010367977
2026-04-22,cumulative,all subpops,Age 3,new_H,baseline,89.79834910592339,59.902838336987074,120.8767265996766
2026-04-23,cumulative,all subpops,Age 3,new_H,baseline,89.83405293884104,59.92769854474901,120.93116770064002
2026-04-24,cumulative,all subpops,Age 3,new_H,baseline,89.86548047026167,59.95004554811397,120.98058468682765
2026-04-25,cumulative,all subpops,Age 3,new_H,baseline,89.89331624581786,59.97033222413125,121.02595870914651
2026-04-26,cumulative,all subpops,Age 3,new_H,baseline,89.92005591325417,59.98887628792596,121.06793690484791
2026-04-27,cumulative,all subpops,Age 3,new_H,baseline,89.94834664966243,60.006146019662495,121.10754082362364
2026-04-28,cumulative,all subpops,Age 3,new_H,baseline,89.97657627578617,60.023617221462715,121.14824610121865
2026-04-29,cumulative,all subpops,Age 3,new_H,baseline,90.00627692409924,60.04228819354249,121.19226569180911
2026-04-30,cumulative,all subpops,Age 3,new_H,baseline,90.03800157021647,60.06257185413821,121.24028290909885
2026-05-01,cumulative,all subpops,Age 3,new_H,baseline,90.07195298688129,60.0846737916324,121.2911934860668
2026-05-02,cumulative,all subpops,Age 3,new_H,baseline,90.10793405696589,60.10848729845911,121.34363613707876
2026-05-03,cumulative,all subpops,Age 3,new_H,baseline,90.14351494988321,60.132325261763405,121.39531621026079
2026-05-04,cumulative,all subpops,Age 3,new_H,baseline,90.1774505130733,60.15532024640721,121.44422076990082
2026-05-05,cumulative,all subpops,Age 3,new_H,baseline,90.20842769824912,60.1788086840019,121.49241073184149
2026-05-06,cumulative,all subpops,Age 3,new_H,baseline,90.2310859834719,60.20380715903502,121.54128520038174
2026-05-07,cumulative,all subpops,Age 3,new_H,baseline,90.2548248839537,60.230818499475404,121.59122346904327
2026-05-08,cumulative,all subpops,Age 3,new_H,baseline,90.28010317889805,60.26034335811578,121.64247945963767
2025-09-01,cumulative,all subpops,Age 4,new_H,baseline,0.02958735496904196,0.010371843160052045,0.07561008950457483
2025-09-02,cumulative,all subpops,Age 4,new_H,baseline,0.10146163625598806,0.035591844662761885,0.25840385081588846
2025-09-03,cumulative,all subpops,Age 4,new_H,baseline,0.19332771070322435,0.06827634781797853,0.4909183098437205
2025-09-04,cumulative,all subpops,Age 4,new_H,baseline,0.2992337375216968,0.1048750696103256,0.7552533132695127
2025-09-05,cumulative,all subpops,Age 4,new_H,baseline,0.4154926433999604,0.1461311670600636,1.0497250058110388
2025-09-06,cumulative,all subpops,Age 4,new_H,baseline,0.5357458636991184,0.1905093753237661,1.365962540949704
2025-09-07,cumulative,all subpops,Age 4,new_H,baseline,0.6575465906108926,0.23257735583213424,1.6509516894009566
2025-09-08,cumulative,all subpops,Age 4,new_H,baseline,0.7704240037967905,0.27306078227020864,1.9178641000890781
2025-09-09,cumulative,all subpops,Age 4,new_H,baseline,0.8844118587644796,0.3146952175434581,2.1973436640391766
2025-09-10,cumulative,all subpops,Age 4,new_H,baseline,1.0046165442556623,0.36610428461885136,2.4883466889130625
2025-09-11,cumulative,all subpops,Age 4,new_H,baseline,1.1263453208383019,0.41243330685047497,2.7754598190010626
2025-09-12,cumulative,all subpops,Age 4,new_H,baseline,1.2663413081245911,0.4610251930422075,3.057451740651432
2025-09-13,cumulative,all subpops,Age 4,new_H,baseline,1.4177313992261178,0.5116661859210557,3.3400218113681386
2025-09-14,cumulative,all subpops,Age 4,new_H,baseline,1.559423319631605,0.563252384291423,3.6140664910599924
2025-09-15,cumulative,all subpops,Age 4,new_H,baseline,1.6946452838688755,0.6122240621027086,3.8671560027250313
2025-09-16,cumulative,all subpops,Age 4,new_H,baseline,1.8251873666050156,0.6604259978233896,4.195773236035545
2025-09-17,cumulative,all subpops,Age 4,new_H,baseline,1.9743763014350992,0.7099106583563249,4.46909690681872
2025-09-18,cumulative,all subpops,Age 4,new_H,baseline,2.112325396301989,0.761246761052917,4.686506921010972
2025-09-19,cumulative,all subpops,Age 4,new_H,baseline,2.233655544645581,0.818191255059199,4.887750007897335
2025-09-20,cumulative,all subpops,Age 4,new_H,baseline,2.376224399961581,0.8852211994698594,5.08128075038426
2025-09-21,cumulative,all subpops,Age 4,new_H,baseline,2.5294911992803852,0.9525476873133187,5.326007861629412
2025-09-22,cumulative,all subpops,Age 4,new_H,baseline,2.6636762421811544,1.0183231420473031,5.584246352698957
2025-09-23,cumulative,all subpops,Age 4,new_H,baseline,2.8050083337754925,1.085161662821014,5.829227789150671
2025-09-24,cumulative,all subpops,Age 4,new_H,baseline,2.9426910243672357,1.1547465370088208,6.067457209601217
2025-09-25,cumulative,all subpops,Age 4,new_H,baseline,3.1124885058602967,1.2283333370566698,6.303291775345242
2025-09-26,cumulative,all subpops,Age 4,new_H,baseline,3.26823663458436,1.306608210408354,6.536826799938772
2025-09-27,cumulative,all subpops,Age 4,new_H,baseline,3.415427038825997,1.38311223257357,6.7301980629437255
2025-09-28,cumulative,all subpops,Age 4,new_H,baseline,3.557400345602276,1.4551991986189934,6.912247459496095
2025-09-29,cumulative,all subpops,Age 4,new_H,baseline,3.6725691967497873,1.543781420623207,7.182164677796858
2025-09-30,cumulative,all subpops,Age 4,new_H,baseline,3.8046256335337096,1.6123691647285614,7.3356503905156565
2025-10-01,cumulative,all subpops,Age 4,new_H,baseline,3.966046399925327,1.6777700406876148,7.549046084411236
2025-10-02,cumulative,all subpops,Age 4,new_H,baseline,4.091550143011084,1.7488063817573931,7.772122870876463
2025-10-03,cumulative,all subpops,Age 4,new_H,baseline,4.239682332385753,1.8191248351294231,7.967576265420143
2025-10-04,cumulative,all subpops,Age 4,new_H,baseline,4.384604817282032,1.8899244549685328,8.165076492817565
2025-10-05,cumulative,all subpops,Age 4,new_H,baseline,4.52809413239336,1.96421541221709,8.396075584628756
2025-10-06,cumulative,all subpops,Age 4,new_H,baseline,4.662358754859087,2.0422327032168335,8.643946015001529
2025-10-07,cumulative,all subpops,Age 4,new_H,baseline,4.812630336028878,2.12083989446197,8.852463179528172
2025-10-08,cumulative,all subpops,Age 4,new_H,baseline,4.966777659907846,2.2028769177785077,9.06931298892211
2025-10-09,cumulative,all subpops,Age 4,new_H,baseline,5.130203630890756,2.291247008499028,9.337697953053748
2025-10-10,cumulative,all subpops,Age 4,new_H,baseline,5.292824691267415,2.3890524077369646,9.609098309128267
2025-10-11,cumulative,all subpops,Age 4,new_H,baseline,5.456830337313457,2.492416174949265,9.873540252621673
2025-10-12,cumulative,all subpops,Age 4,new_H,baseline,5.631666561919036,2.6163973728827545,10.124758413183688
2025-10-13,cumulative,all subpops,Age 4,new_H,baseline,5.80116042494305,2.7146699280652618,10.386531975666
2025-10-14,cumulative,all subpops,Age 4,new_H,baseline,5.94505922688905,2.825190595740416,10.71180244503004
2025-10-15,cumulative,all subpops,Age 4,new_H,baseline,6.135375992576853,2.941929126288415,11.016186097838442
2025-10-16,cumulative,all subpops,Age 4,new_H,baseline,6.300698330050645,3.049857365446396,11.329392183392965
2025-10-17,cumulative,all subpops,Age 4,new_H,baseline,6.493074254633351,3.181419711104065,11.662212092818207
2025-10-18,cumulative,all subpops,Age 4,new_H,baseline,6.681435116916198,3.3087326636512078,12.014224093558475
2025-10-19,cumulative,all subpops,Age 4,new_H,baseline,6.862888659728204,3.423690659277513,12.366690536518531
2025-10-20,cumulative,all subpops,Age 4,new_H,baseline,7.083468044343888,3.504673321809421,12.644598962748944
2025-10-21,cumulative,all subpops,Age 4,new_H,baseline,7.3312513455174475,3.666399147677389,12.827820069340708
2025-10-22,cumulative,all subpops,Age 4,new_H,baseline,7.510585384052923,3.8506743194688453,13.164600161076772
2025-10-23,cumulative,all subpops,Age 4,new_H,baseline,7.743946018624275,3.993992770602922,13.525710297511251
2025-10-24,cumulative,all subpops,Age 4,new_H,baseline,7.989148376191549,4.108243895565621,13.917314950866396
2025-10-25,cumulative,all subpops,Age 4,new_H,baseline,8.250165926079859,4.308904854301665,14.331394218936019
2025-10-26,cumulative,all subpops,Age 4,new_H,baseline,8.540080764818462,4.530661437737368,14.746053813506418
2025-10-27,cumulative,all subpops,Age 4,new_H,baseline,8.80254505847088,4.698830588670721,15.146183060411627
2025-10-28,cumulative,all subpops,Age 4,new_H,baseline,9.059323842399984,4.8116861061421154,15.538704719447217
2025-10-29,cumulative,all subpops,Age 4,new_H,baseline,9.35606390406988,5.0500772962694285,15.994709918453902
2025-10-30,cumulative,all subpops,Age 4,new_H,baseline,9.645487143471758,5.270448020505693,16.3587935011095
2025-10-31,cumulative,all subpops,Age 4,new_H,baseline,9.957077901728468,5.517571280584644,16.824336639599892
2025-11-01,cumulative,all subpops,Age 4,new_H,baseline,10.311168100755108,5.811316692317589,17.25993722082682
2025-11-02,cumulative,all subpops,Age 4,new_H,baseline,10.692088792638803,6.137707772791694,17.686862728524044
2025-11-03,cumulative,all subpops,Age 4,new_H,baseline,11.057258469854204,6.316313914573844,18.110531906988797
2025-11-04,cumulative,all subpops,Age 4,new_H,baseline,11.446896870413926,6.516394590416136,18.512261050894146
2025-11-05,cumulative,all subpops,Age 4,new_H,baseline,11.850007041930994,6.798542032525712,18.959251313391125
2025-11-06,cumulative,all subpops,Age 4,new_H,baseline,12.287942938497181,7.117517313410438,19.435166180467576
2025-11-07,cumulative,all subpops,Age 4,new_H,baseline,12.754631703004751,7.475652544570113,20.00429135677557
2025-11-08,cumulative,all subpops,Age 4,new_H,baseline,13.265804077607307,7.874188948828364,20.718868770382134
2025-11-09,cumulative,all subpops,Age 4,new_H,baseline,13.737364823962675,8.383267624273472,21.461751686105398
2025-11-10,cumulative,all subpops,Age 4,new_H,baseline,14.285556612397055,8.678896220140043,22.272021784158287
2025-11-11,cumulative,all subpops,Age 4,new_H,baseline,14.79985833229842,9.036919631810138,22.888848992185036
2025-11-12,cumulative,all subpops,Age 4,new_H,baseline,15.361943547588233,9.410874604436174,23.588071160338696
2025-11-13,cumulative,all subpops,Age 4,new_H,baseline,16.007203576249886,9.906385137825898,24.438992284523515
2025-11-14,cumulative,all subpops,Age 4,new_H,baseline,16.74024452996466,10.487643031559207,25.330612853823823
2025-11-15,cumulative,all subpops,Age 4,new_H,baseline,17.611545912790525,11.08107721229732,26.233665174201512
2025-11-16,cumulative,all subpops,Age 4,new_H,baseline,18.44617484270156,11.695737077573286,27.30370730159558
2025-11-17,cumulative,all subpops,Age 4,new_H,baseline,19.216927054978758,12.238707102959053,28.25449893605321
2025-11-18,cumulative,all subpops,Age 4,new_H,baseline,20.126906754694804,13.05353065321613,29.307746447162465
2025-11-19,cumulative,all subpops,Age 4,new_H,baseline,21.05440607519687,13.789433506303446,30.4586680073398
2025-11-20,cumulative,all subpops,Age 4,new_H,baseline,22.099773738884135,14.622821935065437,31.736474407212924
2025-11-21,cumulative,all subpops,Age 4,new_H,baseline,23.239163392724915,15.603679249768234,33.16639793231438
2025-11-22,cumulative,all subpops,Age 4,new_H,baseline,24.53840412788604,16.61128020823023,34.755674168921765
2025-11-23,cumulative,all subpops,Age 4,new_H,baseline,25.949492120735435,17.773413257596715,36.53595262051412
2025-11-24,cumulative,all subpops,Age 4,new_H,baseline,27.296246756120382,18.865715783531392,38.15821208218241
2025-11-25,cumulative,all subpops,Age 4,new_H,baseline,28.693812349353266,19.99560791153322,39.77555343802959
2025-11-26,cumulative,all subpops,Age 4,new_H,baseline,30.333238576667277,21.292984462639534,41.823029454127926
2025-11-27,cumulative,all subpops,Age 4,new_H,baseline,32.17244902813142,22.669796210821925,43.8760714035377
2025-11-28,cumulative,all subpops,Age 4,new_H,baseline,34.1341010562991,24.118732388259655,46.26743801199686
2025-11-29,cumulative,all subpops,Age 4,new_H,baseline,36.01965735656091,25.659285992731654,48.52506336047508
2025-11-30,cumulative,all subpops,Age 4,new_H,baseline,38.06642425482545,27.238229472663807,50.73637819330964
2025-12-01,cumulative,all subpops,Age 4,new_H,baseline,40.04716702016684,28.6667821788105,53.339530727568174
2025-12-02,cumulative,all subpops,Age 4,new_H,baseline,42.12563847051604,30.272110058465362,56.0484870164717
2025-12-03,cumulative,all subpops,Age 4,new_H,baseline,44.500758176957206,32.11153278436194,59.07390061237801
2025-12-04,cumulative,all subpops,Age 4,new_H,baseline,47.16954314353688,34.20375823211026,62.24537355914375
2025-12-05,cumulative,all subpops,Age 4,new_H,baseline,50.23901295807705,36.53400393716682,66.59037699624277
2025-12-06,cumulative,all subpops,Age 4,new_H,baseline,53.47932701524448,39.2544860398274,70.88394753109404
2025-12-07,cumulative,all subpops,Age 4,new_H,baseline,57.206272967106216,42.268702035105946,75.23097053367562
2025-12-08,cumulative,all subpops,Age 4,new_H,baseline,61.142301101670355,45.47537714668438,79.70385648341139
2025-12-09,cumulative,all subpops,Age 4,new_H,baseline,65.29043181682475,48.8137367099438,84.40351907524217
2025-12-10,cumulative,all subpops,Age 4,new_H,baseline,70.1491026099641,52.76834994446538,90.04591620178542
2025-12-11,cumulative,all subpops,Age 4,new_H,baseline,75.64972756328999,57.24299723117195,96.50182344612199
2025-12-12,cumulative,all subpops,Age 4,new_H,baseline,82.01991908242053,62.80358856135893,103.82874964909247
2025-12-13,cumulative,all subpops,Age 4,new_H,baseline,89.17533531160012,68.806722753127,112.00607253297179
2025-12-14,cumulative,all subpops,Age 4,new_H,baseline,96.78270868108498,74.95612678534324,122.16070331035846
2025-12-15,cumulative,all subpops,Age 4,new_H,baseline,104.74590496314069,81.41549171303677,132.46496147505835
2025-12-16,cumulative,all subpops,Age 4,new_H,baseline,113.52668356815764,88.23511209978294,143.04595934971738
2025-12-17,cumulative,all subpops,Age 4,new_H,baseline,123.5335345501966,96.38562871219062,155.66763065769558
2025-12-18,cumulative,all subpops,Age 4,new_H,baseline,134.7621833835405,104.70205584304898,169.53636359450476
2025-12-19,cumulative,all subpops,Age 4,new_H,baseline,148.07257010176335,114.8595301427706,185.54692773956126
2025-12-20,cumulative,all subpops,Age 4,new_H,baseline,162.9552508447614,126.35350038785708,204.01224235086707
2025-12-21,cumulative,all subpops,Age 4,new_H,baseline,178.49389304784592,139.01071724470592,223.52551596705413
2025-12-22,cumulative,all subpops,Age 4,new_H,baseline,194.23460739841568,152.27436123517907,243.6641515727462
2025-12-23,cumulative,all subpops,Age 4,new_H,baseline,211.25995441096913,165.75315498605022,265.1187743952868
2025-12-24,cumulative,all subpops,Age 4,new_H,baseline,228.98409283043247,180.6048274078744,287.6215182528017
2025-12-25,cumulative,all subpops,Age 4,new_H,baseline,248.12973995714736,196.41326817826595,311.90408723248316
2025-12-26,cumulative,all subpops,Age 4,new_H,baseline,267.52630445643547,211.71166237450092,335.5441016521331
2025-12-27,cumulative,all subpops,Age 4,new_H,baseline,287.121938310382,228.18473772923716,359.62755315704607
2025-12-28,cumulative,all subpops,Age 4,new_H,baseline,306.4648597100903,244.51307502548133,381.7245921514492
2025-12-29,cumulative,all subpops,Age 4,new_H,baseline,324.92537050001624,259.92975710670424,404.15361100762846
2025-12-30,cumulative,all subpops,Age 4,new_H,baseline,343.2687521512681,274.3461236438058,427.9560776689317
2025-12-31,cumulative,all subpops,Age 4,new_H,baseline,360.98151639890625,289.71600167028595,452.3680339513764
2026-01-01,cumulative,all subpops,Age 4,new_H,baseline,379.5583707034789,302.42882551147693,476.0235291935947
2026-01-02,cumulative,all subpops,Age 4,new_H,baseline,397.3076121386292,316.30297645176216,498.19356123149066
2026-01-03,cumulative,all subpops,Age 4,new_H,baseline,414.8033163737265,329.8301010162147,519.1667058980244
2026-01-04,cumulative,all subpops,Age 4,new_H,baseline,430.29621684860996,342.6315951068944,540.1864120192752
2026-01-05,cumulative,all subpops,Age 4,new_H,baseline,444.9791602979392,354.51672153195466,558.0100435393697
2026-01-06,cumulative,all subpops,Age 4,new_H,baseline,459.193274181183,365.9069415685537,574.3225245990325
2026-01-07,cumulative,all subpops,Age 4,new_H,baseline,472.6987888318747,376.57512707036244,589.6795963274694
2026-01-08,cumulative,all subpops,Age 4,new_H,baseline,485.8212814697727,386.90706739674033,604.771776134327
2026-01-09,cumulative,all subpops,Age 4,new_H,baseline,498.94778506805255,397.5397385660494,621.2923831926721
2026-01-10,cumulative,all subpops,Age 4,new_H,baseline,511.69174471427164,408.01817050167864,637.2437242862941
2026-01-11,cumulative,all subpops,Age 4,new_H,baseline,523.3437817813739,417.81190559122007,652.0005091737086
2026-01-12,cumulative,all subpops,Age 4,new_H,baseline,533.5284541662672,426.72821825550704,665.2962899997771
2026-01-13,cumulative,all subpops,Age 4,new_H,baseline,542.9075202840991,435.2141604419656,677.5810271681752
2026-01-14,cumulative,all subpops,Age 4,new_H,baseline,552.3952077824653,443.5805079252631,688.583418375113
2026-01-15,cumulative,all subpops,Age 4,new_H,baseline,561.6852824410445,451.9053264751283,699.7322207602551
2026-01-16,cumulative,all subpops,Age 4,new_H,baseline,570.2508482552703,459.1175382950463,710.3683188704804
2026-01-17,cumulative,all subpops,Age 4,new_H,baseline,578.3908852493607,466.0178936301911,720.1687241544719
2026-01-18,cumulative,all subpops,Age 4,new_H,baseline,586.005910740279,472.7407419902357,729.1096021288206
2026-01-19,cumulative,all subpops,Age 4,new_H,baseline,593.082926959727,478.8222005912715,737.0364602332589
2026-01-20,cumulative,all subpops,Age 4,new_H,baseline,599.1826989984038,484.37506876411004,744.666592248932
2026-01-21,cumulative,all subpops,Age 4,new_H,baseline,604.741584850083,489.058131218484,752.1049296631846
2026-01-22,cumulative,all subpops,Age 4,new_H,baseline,610.0164675537292,493.3615745264908,759.0818685172289
2026-01-23,cumulative,all subpops,Age 4,new_H,baseline,615.2868642208048,497.43575960941484,764.986334201804
2026-01-24,cumulative,all subpops,Age 4,new_H,baseline,620.5655440893509,501.2978242692015,770.1805755267333
2026-01-25,cumulative,all subpops,Age 4,new_H,baseline,625.1610495564892,504.9766306982804,774.9423341033989
2026-01-26,cumulative,all subpops,Age 4,new_H,baseline,628.9999782201762,508.5376123889886,779.2186406777539
2026-01-27,cumulative,all subpops,Age 4,new_H,baseline,633.0763107683892,511.8689849125369,783.5059330603136
2026-01-28,cumulative,all subpops,Age 4,new_H,baseline,636.5388723640851,515.3692581354464,787.6449264511198
2026-01-29,cumulative,all subpops,Age 4,new_H,baseline,640.1819367056185,519.1028598791657,791.5984428632445
2026-01-30,cumulative,all subpops,Age 4,new_H,baseline,643.7287652968744,522.2605274537441,795.4109880415691
2026-01-31,cumulative,all subpops,Age 4,new_H,baseline,647.103294556155,525.005024922373,799.0877825101464
2026-02-01,cumulative,all subpops,Age 4,new_H,baseline,649.8609654685323,527.4706823650121,802.5053726490102
2026-02-02,cumulative,all subpops,Age 4,new_H,baseline,652.362935617565,529.3946211245153,805.610180683721
2026-02-03,cumulative,all subpops,Age 4,new_H,baseline,654.8859980185832,531.1973215535477,808.87496134648
2026-02-04,cumulative,all subpops,Age 4,new_H,baseline,657.0258826693191,533.2589504274918,812.351927828439
2026-02-05,cumulative,all subpops,Age 4,new_H,baseline,659.027277260832,535.3507488397526,815.8289983061384
2026-02-06,cumulative,all subpops,Age 4,new_H,baseline,661.1379261002837,537.399939399893,819.3281195204422
2026-02-07,cumulative,all subpops,Age 4,new_H,baseline,663.8088015206042,539.3981699809485,822.8265683754514
2026-02-08,cumulative,all subpops,Age 4,new_H,baseline,666.2560671905013,541.2548420068256,826.1699857717616
2026-02-09,cumulative,all subpops,Age 4,new_H,baseline,668.1270159158241,542.9540524102817,829.2899982689918
2026-02-10,cumulative,all subpops,Age 4,new_H,baseline,670.0832668250562,544.5758446868072,831.6239975046961
2026-02-11,cumulative,all subpops,Age 4,new_H,baseline,672.1755789148026,546.1675966608894,833.6684282015141
2026-02-12,cumulative,all subpops,Age 4,new_H,baseline,674.2391278891112,547.7469546180447,835.6809692495822
2026-02-13,cumulative,all subpops,Age 4,new_H,baseline,676.0140173511364,549.2762847210012,837.6810316138873
2026-02-14,cumulative,all subpops,Age 4,new_H,baseline,677.8724777705116,550.7833625383323,839.6696311825176
2026-02-15,cumulative,all subpops,Age 4,new_H,baseline,679.7953391197871,552.2190555208482,841.5315164079201
2026-02-16,cumulative,all subpops,Age 4,new_H,baseline,681.5335160831112,553.5647014606855,843.2211858217694
2026-02-17,cumulative,all subpops,Age 4,new_H,baseline,682.9839353608584,554.8311646285971,844.8174543014262
2026-02-18,cumulative,all subpops,Age 4,new_H,baseline,684.3571595560377,556.0432619407438,846.3504645419448
2026-02-19,cumulative,all subpops,Age 4,new_H,baseline,685.7675162931076,557.21090097281,847.8315828097873
2026-02-20,cumulative,all subpops,Age 4,new_H,baseline,687.2820093070031,558.271859193546,849.2690308164938
2026-02-21,cumulative,all subpops,Age 4,new_H,baseline,688.667294549024,559.1935608295591,850.656304461644
2026-02-22,cumulative,all subpops,Age 4,new_H,baseline,689.8285979270272,560.3486572394298,851.9507346728594
2026-02-23,cumulative,all subpops,Age 4,new_H,baseline,691.0458428544447,561.3117054175315,853.1385653251904
2026-02-24,cumulative,all subpops,Age 4,new_H,baseline,692.185718513058,562.1708981974962,854.2744162374867
2026-02-25,cumulative,all subpops,Age 4,new_H,baseline,693.2909204757298,563.0564950696089,855.4036054394531
2026-02-26,cumulative,all subpops,Age 4,new_H,baseline,694.4991975532134,564.0783763851839,856.8943563296828
2026-02-27,cumulative,all subpops,Age 4,new_H,baseline,695.6664150735235,565.3337166568019,858.4574197568176
2026-02-28,cumulative,all subpops,Age 4,new_H,baseline,696.8273331671257,566.5981916448832,860.0480182948999
2026-03-01,cumulative,all subpops,Age 4,new_H,baseline,697.9293481763168,567.6099567898896,861.5869279825813
2026-03-02,cumulative,all subpops,Age 4,new_H,baseline,698.8303240998014,568.5266714469665,863.0362060555063
2026-03-03,cumulative,all subpops,Age 4,new_H,baseline,699.6367602888038,569.4070570822088,864.458657284644
2026-03-04,cumulative,all subpops,Age 4,new_H,baseline,700.4339189979403,570.2749377724416,865.8953976251787
2026-03-05,cumulative,all subpops,Age 4,new_H,baseline,701.2287823415861,571.1372753694953,867.3577475036901
2026-03-06,cumulative,all subpops,Age 4,new_H,baseline,702.0241263237103,571.9963020467145,868.846676779105
2026-03-07,cumulative,all subpops,Age 4,new_H,baseline,702.9269461005836,572.8460376066369,870.3196576015898
2026-03-08,cumulative,all subpops,Age 4,new_H,baseline,703.8286987435368,573.6493211149339,871.7324522562673
2026-03-09,cumulative,all subpops,Age 4,new_H,baseline,704.8023708306146,574.3879094576278,873.047152635295
2026-03-10,cumulative,all subpops,Age 4,new_H,baseline,705.745957158689,575.0876297476882,874.3082144734815
2026-03-11,cumulative,all subpops,Age 4,new_H,baseline,706.6730655367276,575.7678222439231,875.5488544076217
2026-03-12,cumulative,all subpops,Age 4,new_H,baseline,707.5108163101963,576.4353524374274,876.7795059623046
2026-03-13,cumulative,all subpops,Age 4,new_H,baseline,708.3850176014305,577.0696262132974,878.0074412283062
2026-03-14,cumulative,all subpops,Age 4,new_H,baseline,709.2617142467311,577.7006725150519,879.2310977023723
2026-03-15,cumulative,all subpops,Age 4,new_H,baseline,710.1026126732812,578.3036568035674,880.3971558994828
2026-03-16,cumulative,all subpops,Age 4,new_H,baseline,710.8765292043527,578.8640619527739,881.47683077827
2026-03-17,cumulative,all subpops,Age 4,new_H,baseline,711.5000231546144,579.3964757207414,882.2901773029948
2026-03-18,cumulative,all subpops,Age 4,new_H,baseline,712.1126035335669,579.92171714557,883.0755699023243
2026-03-19,cumulative,all subpops,Age 4,new_H,baseline,712.7309713049985,580.4553116190159,884.2387508230654
2026-03-20,cumulative,all subpops,Age 4,new_H,baseline,713.4297357380829,581.0014529478759,884.9591296268893
2026-03-21,cumulative,all subpops,Age 4,new_H,baseline,714.1781978162438,581.5529330585775,885.6937835105676
2026-03-22,cumulative,all subpops,Age 4,new_H,baseline,714.9020657026107,582.0828198106921,886.4701252895921
2026-03-23,cumulative,all subpops,Age 4,new_H,baseline,715.5717392195095,582.5910966118967,887.2630592161158
2026-03-24,cumulative,all subpops,Age 4,new_H,baseline,716.0883123570964,583.0836583951282,888.0291899579898
2026-03-25,cumulative,all subpops,Age 4,new_H,baseline,716.6075783425392,583.5791893558046,888.7924582160061
2026-03-26,cumulative,all subpops,Age 4,new_H,baseline,717.1373577514803,584.0845343727268,889.5593086614294
2026-03-27,cumulative,all subpops,Age 4,new_H,baseline,717.7784344483064,584.5980782153737,890.3246361585097
2026-03-28,cumulative,all subpops,Age 4,new_H,baseline,718.4818287867538,585.1187268392018,891.083132201515
2026-03-29,cumulative,all subpops,Age 4,new_H,baseline,719.1696634552417,585.6261419651984,891.8055710805322
2026-03-30,cumulative,all subpops,Age 4,new_H,baseline,719.7685291777682,586.1081662654749,892.6494488718922
2026-03-31,cumulative,all subpops,Age 4,new_H,baseline,720.3776834496382,586.5780575250631,893.4903897047291
2026-04-01,cumulative,all subpops,Age 4,new_H,baseline,721.0763113105968,587.0988565167335,894.330471699558
2026-04-02,cumulative,all subpops,Age 4,new_H,baseline,721.7754722631435,587.702448248357,895.175219545587
2026-04-03,cumulative,all subpops,Age 4,new_H,baseline,722.4753285880265,588.2181887908185,896.0335462937222
2026-04-04,cumulative,all subpops,Age 4,new_H,baseline,723.1802254567452,588.6908836369971,896.9763662478764
2026-04-05,cumulative,all subpops,Age 4,new_H,baseline,723.8554802608542,589.1425708757059,897.8994863068009
2026-04-06,cumulative,all subpops,Age 4,new_H,baseline,724.4604222554242,589.5627260118744,898.7480086094223
2026-04-07,cumulative,all subpops,Age 4,new_H,baseline,724.9255798574604,589.9699862046529,899.5520168349212
2026-04-08,cumulative,all subpops,Age 4,new_H,baseline,725.4476206494735,590.3785804159567,900.3345284696458
2026-04-09,cumulative,all subpops,Age 4,new_H,baseline,726.0462059465515,590.7951195274964,901.1047640685908
2026-04-10,cumulative,all subpops,Age 4,new_H,baseline,726.6551021549446,591.2201584021042,901.8711530806718
2026-04-11,cumulative,all subpops,Age 4,new_H,baseline,727.26501534619,591.6471511663647,902.7158868013485
2026-04-12,cumulative,all subpops,Age 4,new_H,baseline,727.8467152052374,592.0554794488988,903.5164229840428
2026-04-13,cumulative,all subpops,Age 4,new_H,baseline,728.3857294278862,592.4349843309219,904.2534352648038
2026-04-14,cumulative,all subpops,Age 4,new_H,baseline,728.8955402422991,592.9146515393833,904.94245900679
2026-04-15,cumulative,all subpops,Age 4,new_H,baseline,729.4064751533285,593.4974536550293,905.5957285590259
2026-04-16,cumulative,all subpops,Age 4,new_H,baseline,729.9552333537893,594.0485464623424,906.2184070787201
2026-04-17,cumulative,all subpops,Age 4,new_H,baseline,730.4951541814006,594.5699339800888,906.8128439564076
2026-04-18,cumulative,all subpops,Age 4,new_H,baseline,731.0245119635867,595.1090426189662,907.3784593664135
2026-04-19,cumulative,all subpops,Age 4,new_H,baseline,731.5239078845445,595.6407552382035,907.8989540863093
2026-04-20,cumulative,all subpops,Age 4,new_H,baseline,731.9849448267935,596.1333996585613,908.3684789017907
2026-04-21,cumulative,all subpops,Age 4,new_H,baseline,732.4233864937211,596.6044529596253,908.8026534272125
2026-04-22,cumulative,all subpops,Age 4,new_H,baseline,732.851538528407,597.0673641672087,909.2136599568213
2026-04-23,cumulative,all subpops,Age 4,new_H,baseline,733.2516022643447,597.5239870223412,909.6045431807885
2026-04-24,cumulative,all subpops,Age 4,new_H,baseline,733.6775215655564,597.9739174429451,910.0216025687309
2026-04-25,cumulative,all subpops,Age 4,new_H,baseline,734.0343865630592,598.41561310116,910.5043221335699
2026-04-26,cumulative,all subpops,Age 4,new_H,baseline,734.3664203398208,598.8337573992061,910.9672278276468
2026-04-27,cumulative,all subpops,Age 4,new_H,baseline,734.7020435862828,599.2212768746575,911.40289119867
2026-04-28,cumulative,all subpops,Age 4,new_H,baseline,734.9811826684411,599.5936525076673,911.8321539124761
2026-04-29,cumulative,all subpops,Age 4,new_H,baseline,735.254368081889,599.9620300742419,912.2710441005927
2026-04-30,cumulative,all subpops,Age 4,new_H,baseline,735.5786104327344,600.3289542456106,912.7253204154689
2026-05-01,cumulative,all subpops,Age 4,new_H,baseline,735.8760141785212,600.6940764082418,913.197425613969
2026-05-02,cumulative,all subpops,Age 4,new_H,baseline,736.2024268494629,601.0553037806782,913.686737735957
2026-05-03,cumulative,all subpops,Age 4,new_H,baseline,736.5095912387992,601.4055479794813,914.1680459913134
2026-05-04,cumulative,all subpops,Age 4,new_H,baseline,736.7915426716389,601.7282595534282,914.629228794119
2026-05-05,cumulative,all subpops,Age 4,new_H,baseline,737.0571665631167,601.9771582192448,915.0891579407217
2026-05-06,cumulative,all subpops,Age 4,new_H,baseline,737.3116719158979,602.1940704263525,915.559514700411
2026-05-07,cumulative,all subpops,Age 4,new_H,baseline,737.5568626650945,602.4115588555543,916.0450985261098
2026-05-08,cumulative,all subpops,Age 4,new_H,baseline,737.7956608871193,602.6318197477972,916.5318575899128
2025-09-01,cumulative,all subpops,Age 5,new_H,baseline,0.03554416198131072,0.01237626101386859,0.09152721932923182
2025-09-02,cumulative,all subpops,Age 5,new_H,baseline,0.12155370447659375,0.042365029597677836,0.31149097087119776
2025-09-03,cumulative,all subpops,Age 5,new_H,baseline,0.22954876232808702,0.08060126499992014,0.5848206110062885
2025-09-04,cumulative,all subpops,Age 5,new_H,baseline,0.34908165127524715,0.12380787180037725,0.8871681344576999
2025-09-05,cumulative,all subpops,Age 5,new_H,baseline,0.47790492702788223,0.17082021004036513,1.2072669464627235
2025-09-06,cumulative,all subpops,Age 5,new_H,baseline,0.6083099003343333,0.22074631756939453,1.540534789045152
2025-09-07,cumulative,all subpops,Age 5,new_H,baseline,0.740802306103664,0.26811412560502,1.861735920426569
2025-09-08,cumulative,all subpops,Age 5,new_H,baseline,0.8681244142591213,0.31337219259088367,2.169908119935456
2025-09-09,cumulative,all subpops,Age 5,new_H,baseline,0.9926750942356359,0.3588294688852379,2.468405927730889
2025-09-10,cumulative,all subpops,Age 5,new_H,baseline,1.117637467811882,0.4059199281879046,2.7667558226174473
2025-09-11,cumulative,all subpops,Age 5,new_H,baseline,1.2487415574883014,0.4551747664007726,3.087943829421872
2025-09-12,cumulative,all subpops,Age 5,new_H,baseline,1.384205988628858,0.5069116285258862,3.419116872458464
2025-09-13,cumulative,all subpops,Age 5,new_H,baseline,1.5283994564924581,0.560929814650688,3.7436142167181474
2025-09-14,cumulative,all subpops,Age 5,new_H,baseline,1.6688529597579684,0.6187204248644391,4.025703299588495
2025-09-15,cumulative,all subpops,Age 5,new_H,baseline,1.8021711633619613,0.67746356541116,4.341518339703919
2025-09-16,cumulative,all subpops,Age 5,new_H,baseline,1.9361188869006716,0.7277595398899902,4.627362157792748
2025-09-17,cumulative,all subpops,Age 5,new_H,baseline,2.074151698850945,0.7788774245828295,4.873057726918695
2025-09-18,cumulative,all subpops,Age 5,new_H,baseline,2.2123125217637307,0.8313834099489443,5.104642782822134
2025-09-19,cumulative,all subpops,Age 5,new_H,baseline,2.348195933666078,0.8855372190321412,5.344513800566966
2025-09-20,cumulative,all subpops,Age 5,new_H,baseline,2.4888773982323587,0.944117253378939,5.584560126581935
2025-09-21,cumulative,all subpops,Age 5,new_H,baseline,2.6431113301203553,1.0045311863307786,5.781475223138794
2025-09-22,cumulative,all subpops,Age 5,new_H,baseline,2.778993342999276,1.0639635536598901,5.963297947330104
2025-09-23,cumulative,all subpops,Age 5,new_H,baseline,2.929245591848865,1.1246283673521085,6.200840347296767
2025-09-24,cumulative,all subpops,Age 5,new_H,baseline,3.078509939696404,1.1885325712432044,6.44717862319608
2025-09-25,cumulative,all subpops,Age 5,new_H,baseline,3.2151745379845433,1.2639403809416432,6.685331630345814
2025-09-26,cumulative,all subpops,Age 5,new_H,baseline,3.367875817655691,1.3231465434360725,6.953389715913781
2025-09-27,cumulative,all subpops,Age 5,new_H,baseline,3.529360502560217,1.3930687320716648,7.189640886229889
2025-09-28,cumulative,all subpops,Age 5,new_H,baseline,3.6567156027836685,1.4432682235525134,7.422358619327835
2025-09-29,cumulative,all subpops,Age 5,new_H,baseline,3.792526707580626,1.4947949085939474,7.586724410885629
2025-09-30,cumulative,all subpops,Age 5,new_H,baseline,3.9281559109016033,1.5565192933054763,7.816456626363705
2025-10-01,cumulative,all subpops,Age 5,new_H,baseline,4.038492045180952,1.6200810793792146,7.993793650064819
2025-10-02,cumulative,all subpops,Age 5,new_H,baseline,4.177539055191355,1.6876917041370942,8.144503294393695
2025-10-03,cumulative,all subpops,Age 5,new_H,baseline,4.3123593274214835,1.7602618664849443,8.376771376502079
2025-10-04,cumulative,all subpops,Age 5,new_H,baseline,4.455461461021648,1.8443234475852945,8.616016189035964
2025-10-05,cumulative,all subpops,Age 5,new_H,baseline,4.610407599386843,1.9289352547902765,8.853460746995317
2025-10-06,cumulative,all subpops,Age 5,new_H,baseline,4.7562322387540465,2.011668651585165,9.063988530471509
2025-10-07,cumulative,all subpops,Age 5,new_H,baseline,4.903734597170828,2.095988135893673,9.269690935266809
2025-10-08,cumulative,all subpops,Age 5,new_H,baseline,5.037026378520331,2.1849145273172326,9.455256841600487
2025-10-09,cumulative,all subpops,Age 5,new_H,baseline,5.1785953419840105,2.296180841385971,9.648044048964655
2025-10-10,cumulative,all subpops,Age 5,new_H,baseline,5.327992040853566,2.4248213984629277,9.861309832851653
2025-10-11,cumulative,all subpops,Age 5,new_H,baseline,5.492947519218001,2.5689796206581446,10.14951038007844
2025-10-12,cumulative,all subpops,Age 5,new_H,baseline,5.670633399706793,2.6902321476393367,10.439814718980907
2025-10-13,cumulative,all subpops,Age 5,new_H,baseline,5.846134488793725,2.7330318347600864,10.677040881145075
2025-10-14,cumulative,all subpops,Age 5,new_H,baseline,5.996923463799207,2.8651578426633577,10.927590515253065
2025-10-15,cumulative,all subpops,Age 5,new_H,baseline,6.157268165379229,2.966772383890118,11.176652821988172
2025-10-16,cumulative,all subpops,Age 5,new_H,baseline,6.345670947853623,3.0885561393015095,11.431506511737448
2025-10-17,cumulative,all subpops,Age 5,new_H,baseline,6.518424869043503,3.1941500070014004,11.6668748520297
2025-10-18,cumulative,all subpops,Age 5,new_H,baseline,6.731425959133416,3.341198375269065,11.987812833791363
2025-10-19,cumulative,all subpops,Age 5,new_H,baseline,6.948616595850087,3.484008844358548,12.275194491673384
2025-10-20,cumulative,all subpops,Age 5,new_H,baseline,7.123683425205426,3.6514583362093074,12.552828631256647
2025-10-21,cumulative,all subpops,Age 5,new_H,baseline,7.313906281052594,3.824944509942262,12.863115638597511
2025-10-22,cumulative,all subpops,Age 5,new_H,baseline,7.543058306703685,3.970134353020061,13.184660252258018
2025-10-23,cumulative,all subpops,Age 5,new_H,baseline,7.7671784493681955,4.181830285218443,13.55498637932692
2025-10-24,cumulative,all subpops,Age 5,new_H,baseline,7.999951717675261,4.400847772959138,13.931832957563111
2025-10-25,cumulative,all subpops,Age 5,new_H,baseline,8.23678279125721,4.5460621176374625,14.281544230891598
2025-10-26,cumulative,all subpops,Age 5,new_H,baseline,8.503768008101225,4.7483501678621405,14.641119445315711
2025-10-27,cumulative,all subpops,Age 5,new_H,baseline,8.744718011494152,4.911678441756843,15.0765377878353
2025-10-28,cumulative,all subpops,Age 5,new_H,baseline,9.029051945225884,5.038518112764449,15.580540187931511
2025-10-29,cumulative,all subpops,Age 5,new_H,baseline,9.313921055995579,5.330552144289396,16.051557427134075
2025-10-30,cumulative,all subpops,Age 5,new_H,baseline,9.605095529279826,5.542323351400577,16.503992816716796
2025-10-31,cumulative,all subpops,Age 5,new_H,baseline,9.908596008266986,5.7747268794279245,16.963997912236696
2025-11-01,cumulative,all subpops,Age 5,new_H,baseline,10.27903193317629,5.934461860892121,17.455215003776267
2025-11-02,cumulative,all subpops,Age 5,new_H,baseline,10.618246197177722,6.1859997008038965,17.910480425180864
2025-11-03,cumulative,all subpops,Age 5,new_H,baseline,10.975012209946335,6.3694710095058324,18.401398450696092
2025-11-04,cumulative,all subpops,Age 5,new_H,baseline,11.299536724411174,6.63073139905683,18.881777712558815
2025-11-05,cumulative,all subpops,Age 5,new_H,baseline,11.667478396527631,7.0052072529530625,19.35251164349924
2025-11-06,cumulative,all subpops,Age 5,new_H,baseline,12.062150683777215,7.289796244911296,19.97773480305611
2025-11-07,cumulative,all subpops,Age 5,new_H,baseline,12.557423669165747,7.584114882192703,20.658424281815822
2025-11-08,cumulative,all subpops,Age 5,new_H,baseline,13.018110250484074,7.894259563416033,21.340461009283043
2025-11-09,cumulative,all subpops,Age 5,new_H,baseline,13.54703788361369,8.219567010381562,22.024308477367516
2025-11-10,cumulative,all subpops,Age 5,new_H,baseline,14.0748180777518,8.560772491904931,22.681087063659106
2025-11-11,cumulative,all subpops,Age 5,new_H,baseline,14.596405796227206,8.93476472888172,23.347437277359834
2025-11-12,cumulative,all subpops,Age 5,new_H,baseline,15.19838160447613,9.418090820087738,24.170716483822027
2025-11-13,cumulative,all subpops,Age 5,new_H,baseline,15.792920368629485,9.98413947310859,25.096087870563938
2025-11-14,cumulative,all subpops,Age 5,new_H,baseline,16.5025850606393,10.54498133197264,26.049261038900287
2025-11-15,cumulative,all subpops,Age 5,new_H,baseline,17.27951887337703,11.046714936619626,27.042697971596496
2025-11-16,cumulative,all subpops,Age 5,new_H,baseline,18.14533801333852,11.519082209785495,28.065163516797142
2025-11-17,cumulative,all subpops,Age 5,new_H,baseline,18.954611511784343,12.107736348501241,29.103237421429586
2025-11-18,cumulative,all subpops,Age 5,new_H,baseline,19.747188867495684,12.815079029432166,30.208059658157683
2025-11-19,cumulative,all subpops,Age 5,new_H,baseline,20.71864900108766,13.46651960413346,31.48397110332342
2025-11-20,cumulative,all subpops,Age 5,new_H,baseline,21.856905887082185,14.203177611187112,32.828170518098005
2025-11-21,cumulative,all subpops,Age 5,new_H,baseline,23.00184556368621,15.064377874885189,34.2967236546324
2025-11-22,cumulative,all subpops,Age 5,new_H,baseline,24.281840044405044,15.946716580029122,35.94697741560543
2025-11-23,cumulative,all subpops,Age 5,new_H,baseline,25.62949174189899,16.892261418087582,37.621800948577274
2025-11-24,cumulative,all subpops,Age 5,new_H,baseline,26.905359247356508,17.987883651629463,39.116627119416194
2025-11-25,cumulative,all subpops,Age 5,new_H,baseline,28.34304790439758,19.144798759262418,40.80133481228936
2025-11-26,cumulative,all subpops,Age 5,new_H,baseline,29.923016085772975,20.286138303641206,42.72061217893171
2025-11-27,cumulative,all subpops,Age 5,new_H,baseline,31.566757050933756,21.607486233499355,44.828721611037246
2025-11-28,cumulative,all subpops,Age 5,new_H,baseline,33.27351287352395,22.88563020621547,46.961513021486724
2025-11-29,cumulative,all subpops,Age 5,new_H,baseline,35.1951002650748,24.365947244254475,49.01047613998787
2025-11-30,cumulative,all subpops,Age 5,new_H,baseline,37.12992416600514,25.88168175718542,51.44914903291937
2025-12-01,cumulative,all subpops,Age 5,new_H,baseline,39.11002981122742,27.266802475390538,53.85019836075733
2025-12-02,cumulative,all subpops,Age 5,new_H,baseline,41.38115600915495,28.905622714732274,56.491144757621235
2025-12-03,cumulative,all subpops,Age 5,new_H,baseline,43.73304684055237,30.740091095912735,59.438690352792605
2025-12-04,cumulative,all subpops,Age 5,new_H,baseline,46.3441181324757,32.83442833314856,62.8978536743687
2025-12-05,cumulative,all subpops,Age 5,new_H,baseline,49.27462073266127,34.93475003470471,66.51005358420429
2025-12-06,cumulative,all subpops,Age 5,new_H,baseline,52.66987486135681,37.71011156517562,71.01055334254829
2025-12-07,cumulative,all subpops,Age 5,new_H,baseline,56.35811588884101,40.52528625172967,75.43960765618253
2025-12-08,cumulative,all subpops,Age 5,new_H,baseline,60.075445221643875,43.364986386984896,79.94539454445147
2025-12-09,cumulative,all subpops,Age 5,new_H,baseline,64.09933594459073,46.42737994823117,84.88617762644394
2025-12-10,cumulative,all subpops,Age 5,new_H,baseline,68.78430855694214,49.811829202398116,90.7259192458057
2025-12-11,cumulative,all subpops,Age 5,new_H,baseline,73.9363879058211,54.13409365199511,97.805111575178
2025-12-12,cumulative,all subpops,Age 5,new_H,baseline,80.16969325743116,59.2035828489728,105.24319613836163
2025-12-13,cumulative,all subpops,Age 5,new_H,baseline,87.07862203690757,65.02239923472251,114.01184807713163
2025-12-14,cumulative,all subpops,Age 5,new_H,baseline,94.5436324347898,70.46004125535383,123.13264743813531
2025-12-15,cumulative,all subpops,Age 5,new_H,baseline,102.14859301004256,76.27636683703561,132.9115049990239
2025-12-16,cumulative,all subpops,Age 5,new_H,baseline,110.64998956550338,83.07834129116536,143.46978378336334
2025-12-17,cumulative,all subpops,Age 5,new_H,baseline,120.52456689377598,91.17266384728137,155.94975818727679
2025-12-18,cumulative,all subpops,Age 5,new_H,baseline,131.5655576709587,99.3901783449626,169.24001626192432
2025-12-19,cumulative,all subpops,Age 5,new_H,baseline,143.71769417350117,109.13198640582016,184.8606943274932
2025-12-20,cumulative,all subpops,Age 5,new_H,baseline,157.38407282651576,120.406737834841,202.86480395603726
2025-12-21,cumulative,all subpops,Age 5,new_H,baseline,172.2170679735039,132.42125239962874,220.18509522827264
2025-12-22,cumulative,all subpops,Age 5,new_H,baseline,187.75407133253128,144.5046056991396,238.3707656192961
2025-12-23,cumulative,all subpops,Age 5,new_H,baseline,204.05285842047508,158.43915604061243,258.29984001542977
2025-12-24,cumulative,all subpops,Age 5,new_H,baseline,222.61461998942465,173.34921995492823,280.0586392264918
2025-12-25,cumulative,all subpops,Age 5,new_H,baseline,241.55942430858016,189.12582679806266,303.79259212740084
2025-12-26,cumulative,all subpops,Age 5,new_H,baseline,261.79455426434987,205.48175553438924,327.5424494193413
2025-12-27,cumulative,all subpops,Age 5,new_H,baseline,283.5169835906513,222.60786723059056,353.37161354078467
2025-12-28,cumulative,all subpops,Age 5,new_H,baseline,304.6922395110573,239.61373135752692,376.62341385496296
2025-12-29,cumulative,all subpops,Age 5,new_H,baseline,324.61990687009757,256.2728412038578,399.91256394013556
2025-12-30,cumulative,all subpops,Age 5,new_H,baseline,344.4662068235924,272.7970388335878,422.73023558750003
2025-12-31,cumulative,all subpops,Age 5,new_H,baseline,364.4940340578486,289.9834540172689,445.9800414904108
2026-01-01,cumulative,all subpops,Age 5,new_H,baseline,384.9082788895207,307.79520127926406,470.5063021280504
2026-01-02,cumulative,all subpops,Age 5,new_H,baseline,404.22067220943717,324.8368816771242,494.38734883253875
2026-01-03,cumulative,all subpops,Age 5,new_H,baseline,423.12767302189263,339.67778635691724,516.4810979522151
2026-01-04,cumulative,all subpops,Age 5,new_H,baseline,441.01159616615894,354.2816826308553,537.1320646585004
2026-01-05,cumulative,all subpops,Age 5,new_H,baseline,457.8449148975782,368.2782126884249,556.7662251482891
2026-01-06,cumulative,all subpops,Age 5,new_H,baseline,473.92918760341115,381.41489827599906,575.3481051649583
2026-01-07,cumulative,all subpops,Age 5,new_H,baseline,489.09826821183526,393.9325313404755,593.1997900230624
2026-01-08,cumulative,all subpops,Age 5,new_H,baseline,503.3872998506181,404.8570399907951,610.3980163092278
2026-01-09,cumulative,all subpops,Age 5,new_H,baseline,517.6670049130202,416.0671190672042,626.9681547286108
2026-01-10,cumulative,all subpops,Age 5,new_H,baseline,530.0547929146715,426.9612184234354,642.805481106691
2026-01-11,cumulative,all subpops,Age 5,new_H,baseline,542.0903141254225,436.99217813523774,657.4155301163875
2026-01-12,cumulative,all subpops,Age 5,new_H,baseline,553.2466889868658,446.19821473301306,670.5959798673235
2026-01-13,cumulative,all subpops,Age 5,new_H,baseline,563.8331275589168,454.7957423710558,682.7287442305018
2026-01-14,cumulative,all subpops,Age 5,new_H,baseline,573.3152622358009,462.91998206449676,694.07557683333
2026-01-15,cumulative,all subpops,Age 5,new_H,baseline,582.1160615525146,471.34648161522705,704.7014905380262
2026-01-16,cumulative,all subpops,Age 5,new_H,baseline,590.5107154020899,478.41496650845914,714.6544044123915
2026-01-17,cumulative,all subpops,Age 5,new_H,baseline,598.6630362968316,484.6494279728407,724.7456179267124
2026-01-18,cumulative,all subpops,Age 5,new_H,baseline,606.0548366367422,490.3163277710091,734.5447193221245
2026-01-19,cumulative,all subpops,Age 5,new_H,baseline,612.3715940893438,495.4194347230266,743.3701350784615
2026-01-20,cumulative,all subpops,Age 5,new_H,baseline,618.4216851344235,500.0924088907814,751.0627501313188
2026-01-21,cumulative,all subpops,Age 5,new_H,baseline,624.1297256984221,504.4471085463415,758.2191877259835
2026-01-22,cumulative,all subpops,Age 5,new_H,baseline,629.6873151760042,508.603852678672,764.9453311959417
2026-01-23,cumulative,all subpops,Age 5,new_H,baseline,634.8292007894743,512.4945506660104,771.2724084017386
2026-01-24,cumulative,all subpops,Age 5,new_H,baseline,640.1346841308666,516.1470946663569,777.2813332799467
2026-01-25,cumulative,all subpops,Age 5,new_H,baseline,644.8682849145634,519.9302588203734,782.8447109160471
2026-01-26,cumulative,all subpops,Age 5,new_H,baseline,649.4364576660225,523.2973700836782,787.8950019100301
2026-01-27,cumulative,all subpops,Age 5,new_H,baseline,653.2654133189637,526.2351372021403,791.845432021418
2026-01-28,cumulative,all subpops,Age 5,new_H,baseline,656.7992863086354,528.9629402293799,795.4494617182248
2026-01-29,cumulative,all subpops,Age 5,new_H,baseline,660.1125364171467,531.5209397422504,798.906426282046
2026-01-30,cumulative,all subpops,Age 5,new_H,baseline,663.7234509986652,534.023557631743,802.8752123039465
2026-01-31,cumulative,all subpops,Age 5,new_H,baseline,667.5199539659479,536.4758078292713,807.2322750912618
2026-02-01,cumulative,all subpops,Age 5,new_H,baseline,670.6742706395703,538.7986624738802,811.2679347007734
2026-02-02,cumulative,all subpops,Age 5,new_H,baseline,673.9119092840388,540.8306692890221,814.9270503865479
2026-02-03,cumulative,all subpops,Age 5,new_H,baseline,676.7731020851802,542.7122475466534,818.2973358768046
2026-02-04,cumulative,all subpops,Age 5,new_H,baseline,678.8075306001574,544.4905702027793,821.1637245804212
2026-02-05,cumulative,all subpops,Age 5,new_H,baseline,680.7858451276918,546.3168257039889,823.4019513377841
2026-02-06,cumulative,all subpops,Age 5,new_H,baseline,682.7415923193355,548.2266313775036,825.5417211540272
2026-02-07,cumulative,all subpops,Age 5,new_H,baseline,684.7924184985305,550.1057363705532,827.6162336292242
2026-02-08,cumulative,all subpops,Age 5,new_H,baseline,686.7076652805738,551.8904654014732,829.565934505219
2026-02-09,cumulative,all subpops,Age 5,new_H,baseline,688.4674157041625,553.5554584133257,831.8345315615559
2026-02-10,cumulative,all subpops,Age 5,new_H,baseline,690.3972036832753,555.1565318687677,834.5078895210308
2026-02-11,cumulative,all subpops,Age 5,new_H,baseline,692.4552335875168,556.7312624136314,837.1322757081757
2026-02-12,cumulative,all subpops,Age 5,new_H,baseline,694.4597087316299,558.2924710034241,839.7339947968053
2026-02-13,cumulative,all subpops,Age 5,new_H,baseline,696.1929228515394,559.8537766600427,841.7434584387936
2026-02-14,cumulative,all subpops,Age 5,new_H,baseline,698.2243159310644,561.4431266785887,843.6393730795337
2026-02-15,cumulative,all subpops,Age 5,new_H,baseline,700.2333112161152,562.9881270415345,845.5007289834074
2026-02-16,cumulative,all subpops,Age 5,new_H,baseline,702.125881832698,564.4386161611544,847.6851768767485
2026-02-17,cumulative,all subpops,Age 5,new_H,baseline,703.9517153833407,565.8327395352262,849.7561618504596
2026-02-18,cumulative,all subpops,Age 5,new_H,baseline,705.4983690773756,567.196520320248,851.766819193607
2026-02-19,cumulative,all subpops,Age 5,new_H,baseline,706.7741864867119,568.5364306395197,853.7440784906587
2026-02-20,cumulative,all subpops,Age 5,new_H,baseline,708.3169464326197,569.8549616801482,855.6911433542425
2026-02-21,cumulative,all subpops,Age 5,new_H,baseline,709.5051733514763,571.1412637098276,857.5925831561575
2026-02-22,cumulative,all subpops,Age 5,new_H,baseline,710.7092021622572,572.3504007730673,859.3819716534362
2026-02-23,cumulative,all subpops,Age 5,new_H,baseline,711.8334414857322,573.4631210086088,861.0301673349114
2026-02-24,cumulative,all subpops,Age 5,new_H,baseline,713.0013908855396,574.5146973718536,862.5884218377021
2026-02-25,cumulative,all subpops,Age 5,new_H,baseline,714.0639891903847,575.536509129654,864.1012209117436
2026-02-26,cumulative,all subpops,Age 5,new_H,baseline,715.1053798316291,576.5403177664277,865.4762824832131
2026-02-27,cumulative,all subpops,Age 5,new_H,baseline,716.117999995238,577.5315274001883,866.736719543808
2026-02-28,cumulative,all subpops,Age 5,new_H,baseline,717.0671871934208,578.5086078860862,867.9836559658916
2026-03-01,cumulative,all subpops,Age 5,new_H,baseline,718.0500862203219,579.4360953810339,869.1718315132725
2026-03-02,cumulative,all subpops,Age 5,new_H,baseline,719.0470098414452,580.2986446637497,870.281439932065
2026-03-03,cumulative,all subpops,Age 5,new_H,baseline,720.0066585562565,581.1277040389231,871.353356334333
2026-03-04,cumulative,all subpops,Age 5,new_H,baseline,720.8756730128493,581.9429137899996,872.4141333506728
2026-03-05,cumulative,all subpops,Age 5,new_H,baseline,721.6751895228949,582.7502279722614,873.4725034481494
2026-03-06,cumulative,all subpops,Age 5,new_H,baseline,722.632864541148,583.5522215812014,874.5322818981214
2026-03-07,cumulative,all subpops,Age 5,new_H,baseline,723.6300181664303,584.3449370662843,875.588067605859
2026-03-08,cumulative,all subpops,Age 5,new_H,baseline,724.6362584719125,585.0984850399944,876.750882478471
2026-03-09,cumulative,all subpops,Age 5,new_H,baseline,725.6762238588258,585.7979143282914,878.0036347962796
2026-03-10,cumulative,all subpops,Age 5,new_H,baseline,726.6842534818577,586.4646567874184,879.1958785298847
2026-03-11,cumulative,all subpops,Age 5,new_H,baseline,727.6040169000338,587.1145913662725,880.3546706262448
2026-03-12,cumulative,all subpops,Age 5,new_H,baseline,728.3152185081099,587.7533429336406,881.4888795704802
2026-03-13,cumulative,all subpops,Age 5,new_H,baseline,729.0467236235246,588.3870913545018,882.6086400523388
2026-03-14,cumulative,all subpops,Age 5,new_H,baseline,729.9920766551486,589.0193850164331,883.7198500188417
2026-03-15,cumulative,all subpops,Age 5,new_H,baseline,730.8248848498522,589.627711872832,884.7837747438107
2026-03-16,cumulative,all subpops,Age 5,new_H,baseline,731.4197339958696,590.1993533066408,885.7756054828167
2026-03-17,cumulative,all subpops,Age 5,new_H,baseline,732.0133134734813,590.755720933095,886.7014450013754
2026-03-18,cumulative,all subpops,Age 5,new_H,baseline,732.6249277362283,591.3134549672569,887.6084309903016
2026-03-19,cumulative,all subpops,Age 5,new_H,baseline,733.243419741932,591.8796122208615,888.5204688137256
2026-03-20,cumulative,all subpops,Age 5,new_H,baseline,733.8733132759435,592.4588690468114,889.4448007750685
2026-03-21,cumulative,all subpops,Age 5,new_H,baseline,734.5086207823575,593.0455280567159,890.2176398575375
2026-03-22,cumulative,all subpops,Age 5,new_H,baseline,735.1743567212899,593.6141872662697,890.7501173003651
2026-03-23,cumulative,all subpops,Age 5,new_H,baseline,735.9118097304964,594.1690337365545,891.2484418215465
2026-03-24,cumulative,all subpops,Age 5,new_H,baseline,736.5907015457379,594.7151696328441,891.7293960704758
2026-03-25,cumulative,all subpops,Age 5,new_H,baseline,737.2221577967068,595.2687615737395,892.2071140948885
2026-03-26,cumulative,all subpops,Age 5,new_H,baseline,737.9157815210903,595.8372417350805,892.6867158081999
2026-03-27,cumulative,all subpops,Age 5,new_H,baseline,738.7126595019358,596.4198993958372,893.1674399853384
2026-03-28,cumulative,all subpops,Age 5,new_H,baseline,739.4153443778112,597.016819802388,893.6479751499849
2026-03-29,cumulative,all subpops,Age 5,new_H,baseline,740.0972473560716,597.6078858320385,894.1124042672126
2026-03-30,cumulative,all subpops,Age 5,new_H,baseline,740.7433646287387,598.1805997681914,894.5513976518729
2026-03-31,cumulative,all subpops,Age 5,new_H,baseline,741.3663495478211,598.7489790420163,895.1432828028178
2026-04-01,cumulative,all subpops,Age 5,new_H,baseline,741.9394590280317,599.3208103630784,895.9137443553961
2026-04-02,cumulative,all subpops,Age 5,new_H,baseline,742.5053246860565,599.8993467162568,896.6960838668018
2026-04-03,cumulative,all subpops,Age 5,new_H,baseline,743.1207424984334,600.4909204834601,897.4958484863763
2026-04-04,cumulative,all subpops,Age 5,new_H,baseline,743.8033980813075,601.0906510153957,898.3049357646694
2026-04-05,cumulative,all subpops,Age 5,new_H,baseline,744.4646240333677,601.6724797933299,899.0868350575228
2026-04-06,cumulative,all subpops,Age 5,new_H,baseline,745.0897156812803,602.223823803091,899.8178300570625
2026-04-07,cumulative,all subpops,Age 5,new_H,baseline,745.7018623954767,602.7679230289611,900.5304170296708
2026-04-08,cumulative,all subpops,Age 5,new_H,baseline,746.3523064652472,603.3226653958237,901.2441937147676
2026-04-09,cumulative,all subpops,Age 5,new_H,baseline,746.961409069434,603.8971069779998,901.9674324848129
2026-04-10,cumulative,all subpops,Age 5,new_H,baseline,747.4303229332734,604.373318688524,902.6995759723931
2026-04-11,cumulative,all subpops,Age 5,new_H,baseline,747.8993600146903,604.677977182189,903.4299120880388
2026-04-12,cumulative,all subpops,Age 5,new_H,baseline,748.3493491879108,604.9766098982719,904.1277787499669
2026-04-13,cumulative,all subpops,Age 5,new_H,baseline,748.7709179877037,605.2620421855693,904.7776766921247
2026-04-14,cumulative,all subpops,Age 5,new_H,baseline,749.1968796043111,605.5399763821775,905.3918140153877
2026-04-15,cumulative,all subpops,Age 5,new_H,baseline,749.6071538163706,605.8140535937417,905.9803152952302
2026-04-16,cumulative,all subpops,Age 5,new_H,baseline,750.0447166018962,606.0848923196115,906.5478672095782
2026-04-17,cumulative,all subpops,Age 5,new_H,baseline,750.4815130857462,606.3520216146352,907.0691404649274
2026-04-18,cumulative,all subpops,Age 5,new_H,baseline,750.8802106863111,606.6138006321786,907.5796401250016
2026-04-19,cumulative,all subpops,Age 5,new_H,baseline,751.2544616952523,606.8614422102445,908.0658278368504
2026-04-20,cumulative,all subpops,Age 5,new_H,baseline,751.6590327443798,607.0912709332049,908.5212467083858
2026-04-21,cumulative,all subpops,Age 5,new_H,baseline,752.077353396504,607.3112373128283,908.9642605469033
2026-04-22,cumulative,all subpops,Age 5,new_H,baseline,752.3903611506416,607.5268224163505,909.4077668482784
2026-04-23,cumulative,all subpops,Age 5,new_H,baseline,752.7482432596018,607.7380762612023,909.8522949272993
2026-04-24,cumulative,all subpops,Age 5,new_H,baseline,753.116043975006,607.9439065029832,910.2725373272372
2026-04-25,cumulative,all subpops,Age 5,new_H,baseline,753.3785162529928,608.1427502249276,910.6746917778074
2026-04-26,cumulative,all subpops,Age 5,new_H,baseline,753.6130581464736,608.3279349372699,911.0542325767468
2026-04-27,cumulative,all subpops,Age 5,new_H,baseline,753.9175568565249,608.4960918294012,911.4045098674603
2026-04-28,cumulative,all subpops,Age 5,new_H,baseline,754.1600691873998,608.6511202672269,911.7358363307706
2026-04-29,cumulative,all subpops,Age 5,new_H,baseline,754.4053352142416,608.7961831328078,912.057158829862
2026-04-30,cumulative,all subpops,Age 5,new_H,baseline,754.6473284642341,608.9323273313242,912.3726837847818
2026-05-01,cumulative,all subpops,Age 5,new_H,baseline,754.8699743992447,609.0599232207148,912.7700695111187
2026-05-02,cumulative,all subpops,Age 5,new_H,baseline,755.0711214712705,609.1790117151907,913.3501160674265
2026-05-03,cumulative,all subpops,Age 5,new_H,baseline,755.2548230033508,609.2868434498935,913.7085905208471
2026-05-04,cumulative,all subpops,Age 5,new_H,baseline,755.4263617249795,609.3825297074454,914.0480085834898
2026-05-05,cumulative,all subpops,Age 5,new_H,baseline,755.5909573382245,609.4684419310113,914.3800644819665
2026-05-06,cumulative,all subpops,Age 5,new_H,baseline,755.751521447846,609.5461875356395,914.7057045364209
2026-05-07,cumulative,all subpops,Age 5,new_H,baseline,755.9116737016375,609.6267089562666,915.0144514880076
2026-05-08,cumulative,all subpops,Age 5,new_H,baseline,756.0929831081081,609.7052667815445,915.3312760088475
2025-09-01,cumulative,all subpops,Age 6,new_H,baseline,0.3458410072431942,0.1141306789162165,0.8555085433532376
2025-09-02,cumulative,all subpops,Age 6,new_H,baseline,1.1726859198602417,0.389392048662642,2.8996124770695313
2025-09-03,cumulative,all subpops,Age 6,new_H,baseline,2.175804106106015,0.7292103415497809,5.381376065490203
2025-09-04,cumulative,all subpops,Age 6,new_H,baseline,3.241192431630906,1.0916772385562994,7.985557738091778
2025-09-05,cumulative,all subpops,Age 6,new_H,baseline,4.29043084774721,1.451937129191542,10.55617604969694
2025-09-06,cumulative,all subpops,Age 6,new_H,baseline,5.309854638399746,1.8058710925118735,12.96536396911394
2025-09-07,cumulative,all subpops,Age 6,new_H,baseline,6.280842229234446,2.147757290378237,15.212479991706902
2025-09-08,cumulative,all subpops,Age 6,new_H,baseline,7.146175491729879,2.476762104925993,17.397687208719823
2025-09-09,cumulative,all subpops,Age 6,new_H,baseline,8.012090961322993,2.7903657050727477,19.509232452030524
2025-09-10,cumulative,all subpops,Age 6,new_H,baseline,8.86633432958936,3.0798349948745023,21.48299769309717
2025-09-11,cumulative,all subpops,Age 6,new_H,baseline,9.727522788784219,3.379985989877919,23.410245319709677
2025-09-12,cumulative,all subpops,Age 6,new_H,baseline,10.557902763000666,3.70279890030901,25.25466591300794
2025-09-13,cumulative,all subpops,Age 6,new_H,baseline,11.401563301827355,4.012621948727593,27.027751330927405
2025-09-14,cumulative,all subpops,Age 6,new_H,baseline,12.228908881214256,4.308060065587124,28.71646023663221
2025-09-15,cumulative,all subpops,Age 6,new_H,baseline,13.009795000973154,4.601895204130022,30.310491919254396
2025-09-16,cumulative,all subpops,Age 6,new_H,baseline,13.792511483189852,4.895594049677104,31.78970502005052
2025-09-17,cumulative,all subpops,Age 6,new_H,baseline,14.588556574671612,5.192056676898368,33.13900303341499
2025-09-18,cumulative,all subpops,Age 6,new_H,baseline,15.381472567197878,5.4929529184312615,34.42046533965966
2025-09-19,cumulative,all subpops,Age 6,new_H,baseline,16.15223286161497,5.808249178021275,35.64268761075351
2025-09-20,cumulative,all subpops,Age 6,new_H,baseline,16.946995731931704,6.143185037983959,36.815632694784604
2025-09-21,cumulative,all subpops,Age 6,new_H,baseline,17.706350099576635,6.480799856429111,38.327069139934295
2025-09-22,cumulative,all subpops,Age 6,new_H,baseline,18.578275072449955,6.783415419830653,39.72213363959512
2025-09-23,cumulative,all subpops,Age 6,new_H,baseline,19.287287181961617,7.096868156375918,41.161914564372914
2025-09-24,cumulative,all subpops,Age 6,new_H,baseline,20.02515986947183,7.437255524446032,42.61261404826556
2025-09-25,cumulative,all subpops,Age 6,new_H,baseline,20.928372188937566,7.783853676519723,43.4627949297175
2025-09-26,cumulative,all subpops,Age 6,new_H,baseline,21.662780083349865,8.141371120723967,44.27536112207313
2025-09-27,cumulative,all subpops,Age 6,new_H,baseline,22.35764312555183,8.507089255300706,45.2118319571166
2025-09-28,cumulative,all subpops,Age 6,new_H,baseline,23.097306993923638,8.896951310528458,46.205059218083846
2025-09-29,cumulative,all subpops,Age 6,new_H,baseline,23.840470444608854,9.29277053564487,47.15820032626386
2025-09-30,cumulative,all subpops,Age 6,new_H,baseline,24.670522264759335,9.683711190065566,48.06072274407676
2025-10-01,cumulative,all subpops,Age 6,new_H,baseline,25.487565952752867,10.061221337371482,48.980517370733764
2025-10-02,cumulative,all subpops,Age 6,new_H,baseline,26.29253469408831,10.460211386409199,49.980603909486284
2025-10-03,cumulative,all subpops,Age 6,new_H,baseline,27.111421007848705,10.880543899660552,51.07092376465378
2025-10-04,cumulative,all subpops,Age 6,new_H,baseline,27.899497397167487,11.331569730722665,52.15257820836437
2025-10-05,cumulative,all subpops,Age 6,new_H,baseline,28.608013225835784,11.802958491023794,53.26353683597907
2025-10-06,cumulative,all subpops,Age 6,new_H,baseline,29.29248565502925,12.285363324438684,54.37070227257413
2025-10-07,cumulative,all subpops,Age 6,new_H,baseline,29.949255668418346,12.785915844148455,55.79481040051896
2025-10-08,cumulative,all subpops,Age 6,new_H,baseline,30.693672759354644,13.28174534660356,57.042568108753116
2025-10-09,cumulative,all subpops,Age 6,new_H,baseline,31.573119946849065,13.810082432346338,58.18374391067732
2025-10-10,cumulative,all subpops,Age 6,new_H,baseline,32.397760771038335,14.375392312892863,59.28228406027571
2025-10-11,cumulative,all subpops,Age 6,new_H,baseline,33.23446878783739,14.952237979966213,60.328426344409564
2025-10-12,cumulative,all subpops,Age 6,new_H,baseline,34.08464325977902,15.562943361520075,61.50127341941291
2025-10-13,cumulative,all subpops,Age 6,new_H,baseline,34.95023835017177,16.10193486048744,62.6968506554329
2025-10-14,cumulative,all subpops,Age 6,new_H,baseline,36.01047693014729,16.808221251548826,64.20902917690132
2025-10-15,cumulative,all subpops,Age 6,new_H,baseline,36.916531489695245,17.51460974057826,65.70533006178083
2025-10-16,cumulative,all subpops,Age 6,new_H,baseline,37.83126100998374,18.21318192534831,67.32512917477095
2025-10-17,cumulative,all subpops,Age 6,new_H,baseline,38.880754695293845,18.96156890609454,69.10767939905762
2025-10-18,cumulative,all subpops,Age 6,new_H,baseline,39.86983731327712,19.732909699486136,70.95205606656963
2025-10-19,cumulative,all subpops,Age 6,new_H,baseline,40.99627868182258,20.5791644587305,72.27727760722051
2025-10-20,cumulative,all subpops,Age 6,new_H,baseline,42.26303911020565,21.495253205832636,73.5347071444893
2025-10-21,cumulative,all subpops,Age 6,new_H,baseline,43.23895466412159,22.209080687544866,74.80297209815524
2025-10-22,cumulative,all subpops,Age 6,new_H,baseline,44.56363617854148,23.177323662823408,76.09901334309941
2025-10-23,cumulative,all subpops,Age 6,new_H,baseline,45.73587109424996,24.143514080097802,77.72326697417569
2025-10-24,cumulative,all subpops,Age 6,new_H,baseline,47.1204999617587,25.134854200120117,79.52586954199775
2025-10-25,cumulative,all subpops,Age 6,new_H,baseline,48.301079417079606,26.21039586519245,80.93624259875817
2025-10-26,cumulative,all subpops,Age 6,new_H,baseline,49.65331880713684,27.36906470652321,82.00576892871118
2025-10-27,cumulative,all subpops,Age 6,new_H,baseline,50.867612838937404,28.61054356360405,83.41543830913928
2025-10-28,cumulative,all subpops,Age 6,new_H,baseline,52.521134234049086,29.969868877124714,85.05935405584498
2025-10-29,cumulative,all subpops,Age 6,new_H,baseline,54.02059274192928,31.050865607489452,87.23075427179971
2025-10-30,cumulative,all subpops,Age 6,new_H,baseline,55.90191157312984,32.64581412776602,89.17360012884163
2025-10-31,cumulative,all subpops,Age 6,new_H,baseline,57.341963693055284,33.97997941134684,91.41374247148708
2025-11-01,cumulative,all subpops,Age 6,new_H,baseline,59.06138986886802,35.14941044516767,93.41593387440152
2025-11-02,cumulative,all subpops,Age 6,new_H,baseline,60.847376387435666,36.2745488101206,95.62784179594591
2025-11-03,cumulative,all subpops,Age 6,new_H,baseline,62.70902143064039,37.58984204943669,98.23968587820326
2025-11-04,cumulative,all subpops,Age 6,new_H,baseline,64.62312038374377,39.22446899113855,100.91138205584005
2025-11-05,cumulative,all subpops,Age 6,new_H,baseline,66.83658825145974,40.56404097754114,103.54079554378787
2025-11-06,cumulative,all subpops,Age 6,new_H,baseline,69.13529429191087,42.009232098097264,105.69250844651755
2025-11-07,cumulative,all subpops,Age 6,new_H,baseline,71.65595765735583,43.77206743106428,108.84198539446157
2025-11-08,cumulative,all subpops,Age 6,new_H,baseline,74.29530059118342,45.6571049419376,111.31107775711675
2025-11-09,cumulative,all subpops,Age 6,new_H,baseline,76.72901566001121,47.58616482158577,115.19384922012925
2025-11-10,cumulative,all subpops,Age 6,new_H,baseline,79.41074728957611,49.6822915617154,118.831014041165
2025-11-11,cumulative,all subpops,Age 6,new_H,baseline,82.32058246315758,52.05751431636979,122.34180409667054
2025-11-12,cumulative,all subpops,Age 6,new_H,baseline,85.35266002394921,54.59894247417254,125.45557641466243
2025-11-13,cumulative,all subpops,Age 6,new_H,baseline,88.65144883726127,57.510068397639934,129.207000377869
2025-11-14,cumulative,all subpops,Age 6,new_H,baseline,91.91478096081669,60.68574048598753,133.7504866713037
2025-11-15,cumulative,all subpops,Age 6,new_H,baseline,95.52428613129788,63.61444929858186,137.51437383830802
2025-11-16,cumulative,all subpops,Age 6,new_H,baseline,99.64539631491328,66.25518690396788,142.29871157847123
2025-11-17,cumulative,all subpops,Age 6,new_H,baseline,103.59021716470977,69.04107341828144,148.10481208649205
2025-11-18,cumulative,all subpops,Age 6,new_H,baseline,108.28416243097789,72.99262395975725,152.492514042478
2025-11-19,cumulative,all subpops,Age 6,new_H,baseline,113.77088073563135,77.46018474259209,158.96371445755807
2025-11-20,cumulative,all subpops,Age 6,new_H,baseline,119.25067074285309,81.48788303190203,164.79677140410345
2025-11-21,cumulative,all subpops,Age 6,new_H,baseline,125.27873416686062,86.04830692985388,170.78924201932466
2025-11-22,cumulative,all subpops,Age 6,new_H,baseline,131.51538180114025,91.25230295359522,178.06749604213476
2025-11-23,cumulative,all subpops,Age 6,new_H,baseline,138.61613195072243,97.60324629099028,185.43144031164158
2025-11-24,cumulative,all subpops,Age 6,new_H,baseline,145.7923357425492,104.44002830947558,192.9993689925545
2025-11-25,cumulative,all subpops,Age 6,new_H,baseline,153.51804348381827,110.82640158160895,200.26570043406775
2025-11-26,cumulative,all subpops,Age 6,new_H,baseline,161.8433436628502,117.74187372839523,209.9845909044659
2025-11-27,cumulative,all subpops,Age 6,new_H,baseline,170.83607245856015,126.0386274248395,220.98711929402705
2025-11-28,cumulative,all subpops,Age 6,new_H,baseline,180.2969276875627,135.13058330679956,233.0236837156557
2025-11-29,cumulative,all subpops,Age 6,new_H,baseline,190.5054219782902,144.2956106543439,243.22534017059556
2025-11-30,cumulative,all subpops,Age 6,new_H,baseline,201.6787332027502,153.97610160411338,253.2116082508139
2025-12-01,cumulative,all subpops,Age 6,new_H,baseline,213.72088047680336,163.7746164097737,266.44199822496756
2025-12-02,cumulative,all subpops,Age 6,new_H,baseline,225.7130840048427,173.34283931998388,281.31816752230327
2025-12-03,cumulative,all subpops,Age 6,new_H,baseline,238.69640559305267,184.34053040404748,296.55875685104627
2025-12-04,cumulative,all subpops,Age 6,new_H,baseline,252.63768994364676,196.90777998193676,313.0644377992663
2025-12-05,cumulative,all subpops,Age 6,new_H,baseline,267.92346456480277,208.54749611348058,330.58813708985656
2025-12-06,cumulative,all subpops,Age 6,new_H,baseline,284.3259164095464,224.62112381999304,350.4880690083847
2025-12-07,cumulative,all subpops,Age 6,new_H,baseline,303.3604739549621,241.68254252230057,369.9740082039006
2025-12-08,cumulative,all subpops,Age 6,new_H,baseline,324.721784321771,258.6779030346818,391.226873596941
2025-12-09,cumulative,all subpops,Age 6,new_H,baseline,347.1781609079585,278.03768289968497,415.7177088799098
2025-12-10,cumulative,all subpops,Age 6,new_H,baseline,371.8547406142345,298.496851743824,442.7988397996722
2025-12-11,cumulative,all subpops,Age 6,new_H,baseline,398.0385773920682,321.1609619885354,473.7526295727925
2025-12-12,cumulative,all subpops,Age 6,new_H,baseline,428.471761995251,349.04997377277374,508.76246966982194
2025-12-13,cumulative,all subpops,Age 6,new_H,baseline,461.70048610125394,381.1250746808191,545.8504530800675
2025-12-14,cumulative,all subpops,Age 6,new_H,baseline,497.89198988513715,417.0020365731968,586.2605673969084
2025-12-15,cumulative,all subpops,Age 6,new_H,baseline,539.4692830834733,454.76256016136716,632.0205347387235
2025-12-16,cumulative,all subpops,Age 6,new_H,baseline,585.5315093777792,495.56840507239156,680.4974340674762
2025-12-17,cumulative,all subpops,Age 6,new_H,baseline,635.4153303396697,540.3288618065084,736.6205109204633
2025-12-18,cumulative,all subpops,Age 6,new_H,baseline,691.1116879935945,590.8981190309232,800.1175824969727
2025-12-19,cumulative,all subpops,Age 6,new_H,baseline,752.618631436419,653.6952037129537,868.7748944351957
2025-12-20,cumulative,all subpops,Age 6,new_H,baseline,820.7422943043725,721.8002052706274,943.074376844318
2025-12-21,cumulative,all subpops,Age 6,new_H,baseline,895.7891228174815,791.3677866861008,1023.9138085675609
2025-12-22,cumulative,all subpops,Age 6,new_H,baseline,976.7208039852502,864.2723491900992,1115.7407151155926
2025-12-23,cumulative,all subpops,Age 6,new_H,baseline,1065.670416582756,943.518472424991,1214.5388697681628
2025-12-24,cumulative,all subpops,Age 6,new_H,baseline,1160.8470884611254,1035.6592725144337,1320.7161573913436
2025-12-25,cumulative,all subpops,Age 6,new_H,baseline,1265.6446010628927,1130.4528385314968,1435.1682854824733
2025-12-26,cumulative,all subpops,Age 6,new_H,baseline,1375.3265684478233,1223.2333949782026,1556.8508551777284
2025-12-27,cumulative,all subpops,Age 6,new_H,baseline,1490.1165358370113,1336.0355761945511,1684.8232111607158
2025-12-28,cumulative,all subpops,Age 6,new_H,baseline,1607.029574369912,1443.6526807046125,1814.4260298472775
2025-12-29,cumulative,all subpops,Age 6,new_H,baseline,1721.7516621927584,1551.6825347432673,1944.391929142938
2025-12-30,cumulative,all subpops,Age 6,new_H,baseline,1837.1967669047544,1650.9721519339264,2065.4942089205647
2025-12-31,cumulative,all subpops,Age 6,new_H,baseline,1951.8531201102155,1749.9464275908197,2186.408659358167
2026-01-01,cumulative,all subpops,Age 6,new_H,baseline,2065.8548414973247,1858.3734733526635,2307.9821978197156
2026-01-02,cumulative,all subpops,Age 6,new_H,baseline,2176.8877329513844,1957.8397495257404,2431.178826600362
2026-01-03,cumulative,all subpops,Age 6,new_H,baseline,2286.7786993322493,2053.2998423489744,2549.344334571852
2026-01-04,cumulative,all subpops,Age 6,new_H,baseline,2389.266791544681,2144.1754243702962,2657.9552916725056
2026-01-05,cumulative,all subpops,Age 6,new_H,baseline,2486.2560231506586,2231.0475827057003,2764.2328304438215
2026-01-06,cumulative,all subpops,Age 6,new_H,baseline,2579.507465523141,2308.5465866203726,2862.3526695773485
2026-01-07,cumulative,all subpops,Age 6,new_H,baseline,2664.8326207726377,2380.835573088281,2951.609621368561
2026-01-08,cumulative,all subpops,Age 6,new_H,baseline,2745.78192192164,2457.5169851387327,3038.25764178605
2026-01-09,cumulative,all subpops,Age 6,new_H,baseline,2825.068765871116,2528.8449780718533,3121.2503030153616
2026-01-10,cumulative,all subpops,Age 6,new_H,baseline,2897.0816036697315,2593.265447453707,3199.185188565309
2026-01-11,cumulative,all subpops,Age 6,new_H,baseline,2963.8270739539043,2649.0315718829515,3269.3595246080904
2026-01-12,cumulative,all subpops,Age 6,new_H,baseline,3025.589661897745,2704.117904721698,3329.359414427738
2026-01-13,cumulative,all subpops,Age 6,new_H,baseline,3082.593519502806,2755.0367959580635,3384.844077208427
2026-01-14,cumulative,all subpops,Age 6,new_H,baseline,3136.3317632085445,2801.1517463327546,3439.1050699207062
2026-01-15,cumulative,all subpops,Age 6,new_H,baseline,3187.1958675537803,2848.1980279261534,3491.790504189774
2026-01-16,cumulative,all subpops,Age 6,new_H,baseline,3231.673335167071,2896.24105774504,3542.820084414961
2026-01-17,cumulative,all subpops,Age 6,new_H,baseline,3274.428634188148,2937.1909753626355,3591.1422969758787
2026-01-18,cumulative,all subpops,Age 6,new_H,baseline,3315.413526376975,2974.259408917547,3635.1570260746485
2026-01-19,cumulative,all subpops,Age 6,new_H,baseline,3351.5769656536622,3008.8466534078652,3670.276699651614
2026-01-20,cumulative,all subpops,Age 6,new_H,baseline,3386.6400794350966,3042.114046857459,3709.6908737828057
2026-01-21,cumulative,all subpops,Age 6,new_H,baseline,3416.554142147049,3071.2805263984974,3746.098291320589
2026-01-22,cumulative,all subpops,Age 6,new_H,baseline,3446.947458276314,3098.9483628916023,3778.987544061291
2026-01-23,cumulative,all subpops,Age 6,new_H,baseline,3473.73508614846,3125.057744608502,3807.5728193391506
2026-01-24,cumulative,all subpops,Age 6,new_H,baseline,3497.6646169417554,3150.0961240959878,3833.869352093231
2026-01-25,cumulative,all subpops,Age 6,new_H,baseline,3522.699604094166,3173.341611850123,3859.4950641518626
2026-01-26,cumulative,all subpops,Age 6,new_H,baseline,3545.0492482773325,3195.0272078469698,3888.2285778337096
2026-01-27,cumulative,all subpops,Age 6,new_H,baseline,3566.392027328511,3215.539332906461,3909.084742981741
2026-01-28,cumulative,all subpops,Age 6,new_H,baseline,3586.4480663421127,3237.765245628878,3930.7882726024677
2026-01-29,cumulative,all subpops,Age 6,new_H,baseline,3603.226600386018,3257.648968298483,3951.280636110938
2026-01-30,cumulative,all subpops,Age 6,new_H,baseline,3620.2085634378454,3275.201608985594,3970.4261224556467
2026-01-31,cumulative,all subpops,Age 6,new_H,baseline,3635.5110295786735,3291.5337212422723,3988.326431556228
2026-02-01,cumulative,all subpops,Age 6,new_H,baseline,3652.1252536813754,3306.9724868075523,4004.8931544889087
2026-02-02,cumulative,all subpops,Age 6,new_H,baseline,3668.0479803251483,3321.5372018997205,4020.086078394627
2026-02-03,cumulative,all subpops,Age 6,new_H,baseline,3681.885278774908,3335.369934371029,4033.9382544163955
2026-02-04,cumulative,all subpops,Age 6,new_H,baseline,3694.998001880113,3348.586621300703,4046.6174597560553
2026-02-05,cumulative,all subpops,Age 6,new_H,baseline,3707.1450130084213,3360.4077547213533,4058.4934097044907
2026-02-06,cumulative,all subpops,Age 6,new_H,baseline,3719.7561767810603,3371.7490781274287,4071.6736315537005
2026-02-07,cumulative,all subpops,Age 6,new_H,baseline,3732.038801727832,3383.0866792804154,4080.972456768419
2026-02-08,cumulative,all subpops,Age 6,new_H,baseline,3743.198681069459,3393.024434366257,4089.735840674303
2026-02-09,cumulative,all subpops,Age 6,new_H,baseline,3753.0998434909648,3403.073293887903,4100.246800847232
2026-02-10,cumulative,all subpops,Age 6,new_H,baseline,3762.3856681669663,3412.7723256779705,4110.525180561125
2026-02-11,cumulative,all subpops,Age 6,new_H,baseline,3771.8240049675296,3421.9629462968487,4120.224124720402
2026-02-12,cumulative,all subpops,Age 6,new_H,baseline,3780.7574858090497,3431.1299144738473,4129.321696277281
2026-02-13,cumulative,all subpops,Age 6,new_H,baseline,3789.3465603179166,3440.001405053253,4138.0385923858785
2026-02-14,cumulative,all subpops,Age 6,new_H,baseline,3798.596781533377,3448.622215118331,4146.42947997328
2026-02-15,cumulative,all subpops,Age 6,new_H,baseline,3807.1895338590903,3456.9181782099567,4154.433108056558
2026-02-16,cumulative,all subpops,Age 6,new_H,baseline,3815.612486494557,3465.4686755009457,4162.022740840331
2026-02-17,cumulative,all subpops,Age 6,new_H,baseline,3824.55189901248,3474.1172721311023,4169.256645846364
2026-02-18,cumulative,all subpops,Age 6,new_H,baseline,3831.918641203735,3482.765872230032,4176.166204612037
2026-02-19,cumulative,all subpops,Age 6,new_H,baseline,3839.0504304993797,3490.662139690357,4182.763677108404
2026-02-20,cumulative,all subpops,Age 6,new_H,baseline,3847.4104478245613,3496.7052003334934,4190.997181619639
2026-02-21,cumulative,all subpops,Age 6,new_H,baseline,3855.1199012701686,3502.649687177282,4199.209506126939
2026-02-22,cumulative,all subpops,Age 6,new_H,baseline,3862.1488643560374,3510.613914758447,4207.0751351564595
2026-02-23,cumulative,all subpops,Age 6,new_H,baseline,3869.1668330948287,3518.2976728967637,4213.72217317398
2026-02-24,cumulative,all subpops,Age 6,new_H,baseline,3875.8307606282997,3525.8981996769385,4220.629243085398
2026-02-25,cumulative,all subpops,Age 6,new_H,baseline,3882.384328804082,3533.4307400261214,4229.096268351261
2026-02-26,cumulative,all subpops,Age 6,new_H,baseline,3888.890224633843,3540.808959751057,4236.097663187447
2026-02-27,cumulative,all subpops,Age 6,new_H,baseline,3895.406901206684,3547.6571350712784,4242.883185475379
2026-02-28,cumulative,all subpops,Age 6,new_H,baseline,3902.4151582363847,3553.2090478591876,4249.3877528018875
2026-03-01,cumulative,all subpops,Age 6,new_H,baseline,3908.633046095274,3558.5972148704004,4255.473399783445
2026-03-02,cumulative,all subpops,Age 6,new_H,baseline,3914.2256853938206,3563.862886513591,4261.292236121563
2026-03-03,cumulative,all subpops,Age 6,new_H,baseline,3919.541633511516,3570.1023574377055,4266.914852303116
2026-03-04,cumulative,all subpops,Age 6,new_H,baseline,3924.5883761294917,3577.0242765242574,4271.443254991135
2026-03-05,cumulative,all subpops,Age 6,new_H,baseline,3929.690293097739,3583.7791646136525,4277.89128683283
2026-03-06,cumulative,all subpops,Age 6,new_H,baseline,3935.456227291411,3590.336511184059,4283.250727463516
2026-03-07,cumulative,all subpops,Age 6,new_H,baseline,3940.6365725005744,3596.690514561503,4288.446863805593
2026-03-08,cumulative,all subpops,Age 6,new_H,baseline,3945.1456824250863,3602.141606625578,4293.417637210506
2026-03-09,cumulative,all subpops,Age 6,new_H,baseline,3948.5973339349775,3606.5994098115643,4298.124680933136
2026-03-10,cumulative,all subpops,Age 6,new_H,baseline,3953.5149191372193,3610.836790050699,4302.603262293921
2026-03-11,cumulative,all subpops,Age 6,new_H,baseline,3958.051543472169,3614.2835650417737,4306.877645427838
2026-03-12,cumulative,all subpops,Age 6,new_H,baseline,3962.37190365256,3617.668011429323,4310.899351034758
2026-03-13,cumulative,all subpops,Age 6,new_H,baseline,3967.3523592116026,3621.017239789279,4314.787972506909
2026-03-14,cumulative,all subpops,Age 6,new_H,baseline,3971.366074685747,3624.3578931299585,4318.744944522195
2026-03-15,cumulative,all subpops,Age 6,new_H,baseline,3974.6482952977512,3628.229788175762,4322.5968322233275
2026-03-16,cumulative,all subpops,Age 6,new_H,baseline,3978.2145979302795,3632.0600729868784,4326.3210568019285
2026-03-17,cumulative,all subpops,Age 6,new_H,baseline,3982.34270719497,3635.7487560636796,4329.926629664542
2026-03-18,cumulative,all subpops,Age 6,new_H,baseline,3986.6572601247153,3639.3471644807496,4333.458529148206
2026-03-19,cumulative,all subpops,Age 6,new_H,baseline,3991.142277442773,3642.9192599380476,4336.968726491161
2026-03-20,cumulative,all subpops,Age 6,new_H,baseline,3995.5929081500053,3646.488856112792,4340.477679776685
2026-03-21,cumulative,all subpops,Age 6,new_H,baseline,3999.49804251293,3650.0435524261716,4343.966668644782
2026-03-22,cumulative,all subpops,Age 6,new_H,baseline,4003.059360079066,3653.5345333043865,4347.868663297137
2026-03-23,cumulative,all subpops,Age 6,new_H,baseline,4006.476033392112,3656.931089450359,4353.0487161759465
2026-03-24,cumulative,all subpops,Age 6,new_H,baseline,4009.783714650374,3660.2783413435664,4358.10678113251
2026-03-25,cumulative,all subpops,Age 6,new_H,baseline,4012.67937304298,3663.627413951076,4361.710736918879
2026-03-26,cumulative,all subpops,Age 6,new_H,baseline,4015.2679173350275,3667.001113903202,4364.506153437931
2026-03-27,cumulative,all subpops,Age 6,new_H,baseline,4018.2256930584836,3670.3933901309197,4367.3910879587465
2026-03-28,cumulative,all subpops,Age 6,new_H,baseline,4021.871004871488,3673.8302907384045,4370.40859798581
2026-03-29,cumulative,all subpops,Age 6,new_H,baseline,4025.204011561597,3677.3190636493337,4374.108809367736
2026-03-30,cumulative,all subpops,Age 6,new_H,baseline,4028.875107289559,3680.8433656287048,4377.99227864742
2026-03-31,cumulative,all subpops,Age 6,new_H,baseline,4032.677033184057,3684.394052604599,4381.7697155915575
2026-04-01,cumulative,all subpops,Age 6,new_H,baseline,4035.424558537923,3687.9458420585916,4385.443394516008
2026-04-02,cumulative,all subpops,Age 6,new_H,baseline,4037.4457785582053,3691.4936344883185,4389.016537316046
2026-04-03,cumulative,all subpops,Age 6,new_H,baseline,4039.8767424415723,3695.073677674639,4392.505395243345
2026-04-04,cumulative,all subpops,Age 6,new_H,baseline,4043.864406378601,3698.6831618676397,4396.052638634291
2026-04-05,cumulative,all subpops,Age 6,new_H,baseline,4047.9231811839745,3702.27476493269,4399.973890969587
2026-04-06,cumulative,all subpops,Age 6,new_H,baseline,4051.2178088326446,3705.4861851924675,4403.886447457717
2026-04-07,cumulative,all subpops,Age 6,new_H,baseline,4054.1702186277003,3707.9461023163317,4407.67167717407
2026-04-08,cumulative,all subpops,Age 6,new_H,baseline,4057.132177475332,3710.71295512558,4411.382900595397
2026-04-09,cumulative,all subpops,Age 6,new_H,baseline,4059.757194944102,3713.9996151608852,4415.054102173676
2026-04-10,cumulative,all subpops,Age 6,new_H,baseline,4062.2314428360605,3717.2270788671517,4418.498225690325
2026-04-11,cumulative,all subpops,Age 6,new_H,baseline,4064.7583051794736,3720.375710732742,4421.843730986667
2026-04-12,cumulative,all subpops,Age 6,new_H,baseline,4067.1342519031923,3723.4000879466703,4425.202583701682
2026-04-13,cumulative,all subpops,Age 6,new_H,baseline,4069.078976330631,3726.2730532658907,4428.465363511097
2026-04-14,cumulative,all subpops,Age 6,new_H,baseline,4071.283655071572,3728.9998309624307,4431.578927108001
2026-04-15,cumulative,all subpops,Age 6,new_H,baseline,4074.0136734699327,3731.593122704533,4434.5368698879565
2026-04-16,cumulative,all subpops,Age 6,new_H,baseline,4075.7756280442436,3734.069542898958,4437.340794897695
2026-04-17,cumulative,all subpops,Age 6,new_H,baseline,4078.402686941472,3736.448707442681,4439.956063051584
2026-04-18,cumulative,all subpops,Age 6,new_H,baseline,4081.184866355661,3738.748961310216,4442.413811746086
2026-04-19,cumulative,all subpops,Age 6,new_H,baseline,4083.7314041579107,3740.964928025774,4444.742289988883
2026-04-20,cumulative,all subpops,Age 6,new_H,baseline,4085.8235646778576,3742.726911919598,4446.951999533207
2026-04-21,cumulative,all subpops,Age 6,new_H,baseline,4087.5255632246403,3744.125712403679,4449.089360676607
2026-04-22,cumulative,all subpops,Age 6,new_H,baseline,4089.199142789372,3745.506637830231,4450.997033712949
2026-04-23,cumulative,all subpops,Age 6,new_H,baseline,4090.7917036823146,3746.8649376351887,4452.595184787833
2026-04-24,cumulative,all subpops,Age 6,new_H,baseline,4092.190686585397,3748.1951014631322,4454.140506110914
2026-04-25,cumulative,all subpops,Age 6,new_H,baseline,4094.29433902679,3749.4959243095022,4456.132972271796
2026-04-26,cumulative,all subpops,Age 6,new_H,baseline,4096.6529591694025,3750.752006701075,4458.486247718982
2026-04-27,cumulative,all subpops,Age 6,new_H,baseline,4099.036147223456,3751.951858162964,4460.703738332908
2026-04-28,cumulative,all subpops,Age 6,new_H,baseline,4100.516328896954,3753.1017752928274,4462.797457315641
2026-04-29,cumulative,all subpops,Age 6,new_H,baseline,4102.489360501203,3754.208619252302,4464.621008220852
2026-04-30,cumulative,all subpops,Age 6,new_H,baseline,4104.697084084251,3755.274869745463,4466.3131299313845
2026-05-01,cumulative,all subpops,Age 6,new_H,baseline,4106.739495006526,3756.516633669228,4467.9595902794545
2026-05-02,cumulative,all subpops,Age 6,new_H,baseline,4108.575535498435,3757.913127145025,4469.572628046527
2026-05-03,cumulative,all subpops,Age 6,new_H,baseline,4110.1759120001825,3759.281394375192,4471.14181015967
2026-05-04,cumulative,all subpops,Age 6,new_H,baseline,4111.714499348012,3760.624234913311,4472.644842348242
2026-05-05,cumulative,all subpops,Age 6,new_H,baseline,4113.529458612701,3761.957159420799,4474.0378695721765
2026-05-06,cumulative,all subpops,Age 6,new_H,baseline,4115.356151976781,3763.284477641315,4474.830964984835
2026-05-07,cumulative,all subpops,Age 6,new_H,baseline,4117.199311375325,3764.6121808820653,4475.546794637731
2026-05-08,cumulative,all subpops,Age 6,new_H,baseline,4119.080409602629,3765.963938870788,4476.1942529850985
2025-09-01,cumulative,all subpops,all ages,new_H,baseline,0.43826970111291436,0.1454502108723002,1.08801289778864
2025-09-02,cumulative,all subpops,all ages,new_H,baseline,1.4901525641359306,0.49645469169820106,3.6957719994565554
2025-09-03,cumulative,all subpops,all ages,new_H,baseline,2.781484011954344,0.9327964714258938,6.875569833157057
2025-09-04,cumulative,all subpops,all ages,new_H,baseline,4.1398762230635775,1.4057883267571347,10.277334449944977
2025-09-05,cumulative,all subpops,all ages,new_H,baseline,5.517949913073436,1.906711285790208,13.640777630021951
2025-09-06,cumulative,all subpops,all ages,new_H,baseline,6.867056195428047,2.4082208651231842,17.002089750454118
2025-09-07,cumulative,all subpops,all ages,new_H,baseline,8.207064782373093,2.8771363518019437,20.16640954177872
2025-09-08,cumulative,all subpops,all ages,new_H,baseline,9.455328564995188,3.3483772128001648,23.250281959280098
2025-09-09,cumulative,all subpops,all ages,new_H,baseline,10.693066579803471,3.789877548734546,26.14614108911443
2025-09-10,cumulative,all subpops,all ages,new_H,baseline,11.86201333440067,4.224230010755835,28.93516370245564
2025-09-11,cumulative,all subpops,all ages,new_H,baseline,13.113234437862918,4.664052060305783,31.737879146476697
2025-09-12,cumulative,all subpops,all ages,new_H,baseline,14.364467520874806,5.112234333208914,34.441857254185656
2025-09-13,cumulative,all subpops,all ages,new_H,baseline,15.61458674126257,5.56979929239499,37.00157916959289
2025-09-14,cumulative,all subpops,all ages,new_H,baseline,16.855254164296205,6.035370998847721,39.44754116512415
2025-09-15,cumulative,all subpops,all ages,new_H,baseline,18.058584329448447,6.50372340187243,41.79913668892349
2025-09-16,cumulative,all subpops,all ages,new_H,baseline,19.16420838154492,6.969324633925461,44.10489201564885
2025-09-17,cumulative,all subpops,all ages,new_H,baseline,20.338410328714236,7.4345258976448445,46.47970704269165
2025-09-18,cumulative,all subpops,all ages,new_H,baseline,21.66694352457631,7.8703729271883365,48.79673659704823
2025-09-19,cumulative,all subpops,all ages,new_H,baseline,22.813615892770507,8.318593776775712,51.010646501032916
2025-09-20,cumulative,all subpops,all ages,new_H,baseline,23.9724713183042,8.811891901598344,52.81381894669584
2025-09-21,cumulative,all subpops,all ages,new_H,baseline,25.192292336477117,9.317144487569013,54.39005880429682
2025-09-22,cumulative,all subpops,all ages,new_H,baseline,26.44090172251883,9.828984132405587,56.32357374850936
2025-09-23,cumulative,all subpops,all ages,new_H,baseline,27.72702158412754,10.35107448904834,58.25218666347571
2025-09-24,cumulative,all subpops,all ages,new_H,baseline,28.928807864508187,10.886727094008227,60.20664831438633
2025-09-25,cumulative,all subpops,all ages,new_H,baseline,30.176653480673473,11.436815917857631,62.507292448027705
2025-09-26,cumulative,all subpops,all ages,new_H,baseline,31.304576888554003,11.975351004332989,64.19964928122204
2025-09-27,cumulative,all subpops,all ages,new_H,baseline,32.44494633657131,12.539488694995772,65.86286153046417
2025-09-28,cumulative,all subpops,all ages,new_H,baseline,33.704808007705,13.100235866031323,67.50073467003621
2025-09-29,cumulative,all subpops,all ages,new_H,baseline,34.71166037432013,13.688915328557611,69.0353858579497
2025-09-30,cumulative,all subpops,all ages,new_H,baseline,35.91385157894911,14.304317611201947,70.49940255348908
2025-10-01,cumulative,all subpops,all ages,new_H,baseline,36.921531342998136,14.933600961197836,71.65957397204207
2025-10-02,cumulative,all subpops,all ages,new_H,baseline,38.053940847776346,15.595177184228048,72.39210411124142
2025-10-03,cumulative,all subpops,all ages,new_H,baseline,39.24653220522987,16.29822913991323,74.58497384245644
2025-10-04,cumulative,all subpops,all ages,new_H,baseline,40.36699591735889,17.036996815021055,76.02159469105888
2025-10-05,cumulative,all subpops,all ages,new_H,baseline,41.580630586891616,17.74815254843833,77.73789253463325
2025-10-06,cumulative,all subpops,all ages,new_H,baseline,42.79159242521138,18.424952406485495,79.68515269249606
2025-10-07,cumulative,all subpops,all ages,new_H,baseline,43.97808454495379,19.08324057066736,81.46378209036826
2025-10-08,cumulative,all subpops,all ages,new_H,baseline,45.11097026054237,19.768616502413803,82.78795517822921
2025-10-09,cumulative,all subpops,all ages,new_H,baseline,46.246665971075984,20.492221645262067,84.88540477510847
2025-10-10,cumulative,all subpops,all ages,new_H,baseline,47.62136854907905,21.30225615610533,86.53800908682207
2025-10-11,cumulative,all subpops,all ages,new_H,baseline,48.993774488920224,22.191217807282012,88.57545795039805
2025-10-12,cumulative,all subpops,all ages,new_H,baseline,50.27508289126061,23.13415527979441,91.26592918238056
2025-10-13,cumulative,all subpops,all ages,new_H,baseline,51.51208979145534,24.275951720810355,92.99215269169505
2025-10-14,cumulative,all subpops,all ages,new_H,baseline,52.91607300139613,25.237352320217234,95.23688211708757
2025-10-15,cumulative,all subpops,all ages,new_H,baseline,54.24211533405286,26.19385442573272,97.47047818453352
2025-10-16,cumulative,all subpops,all ages,new_H,baseline,55.66292917625463,27.54675826897685,99.055302275501
2025-10-17,cumulative,all subpops,all ages,new_H,baseline,57.46727028246127,28.427172550662597,100.71793112959863
2025-10-18,cumulative,all subpops,all ages,new_H,baseline,59.34709936286892,29.842664473210345,103.54245962648507
2025-10-19,cumulative,all subpops,all ages,new_H,baseline,61.059267678885774,31.210873706313198,106.19811855875534
2025-10-20,cumulative,all subpops,all ages,new_H,baseline,62.873017534024385,32.48292603880059,109.04159129006482
2025-10-21,cumulative,all subpops,all ages,new_H,baseline,64.77040118816447,34.10713053989278,111.57608589758071
2025-10-22,cumulative,all subpops,all ages,new_H,baseline,66.59467664184487,35.43677242909182,113.30929323217491
2025-10-23,cumulative,all subpops,all ages,new_H,baseline,68.32583643873879,36.867192269064375,115.79650388841183
2025-10-24,cumulative,all subpops,all ages,new_H,baseline,70.29146423413788,38.14350086734124,118.10998368191962
2025-10-25,cumulative,all subpops,all ages,new_H,baseline,72.41151471069892,39.752469796082316,120.04697565980842
2025-10-26,cumulative,all subpops,all ages,new_H,baseline,74.70536549449925,40.96887709604807,122.07820365207168
2025-10-27,cumulative,all subpops,all ages,new_H,baseline,76.70302040574651,42.97840130528696,126.1793803385575
2025-10-28,cumulative,all subpops,all ages,new_H,baseline,78.80921289806527,44.96644798939298,130.4961427441579
2025-10-29,cumulative,all subpops,all ages,new_H,baseline,81.35799104450169,46.94409614741048,132.06564304469214
2025-10-30,cumulative,all subpops,all ages,new_H,baseline,83.44242438110933,48.83270373090339,134.91828337310827
2025-10-31,cumulative,all subpops,all ages,new_H,baseline,85.80625763696435,50.82128318106038,138.50582236284413
2025-11-01,cumulative,all subpops,all ages,new_H,baseline,88.48763862490893,53.3440635373809,142.37149012389557
2025-11-02,cumulative,all subpops,all ages,new_H,baseline,91.45616155173886,55.2312825776089,146.1760398957293
2025-11-03,cumulative,all subpops,all ages,new_H,baseline,94.62665032569473,57.04957181660213,149.65388326130102
2025-11-04,cumulative,all subpops,all ages,new_H,baseline,97.70139866261931,59.08946329752388,154.3200285985317
2025-11-05,cumulative,all subpops,all ages,new_H,baseline,101.06696930902265,61.676636927708714,158.63653777273208
2025-11-06,cumulative,all subpops,all ages,new_H,baseline,104.53206465820108,64.25851660863192,162.3497807694017
2025-11-07,cumulative,all subpops,all ages,new_H,baseline,108.25745812941503,66.7325816516848,165.85847176718772
2025-11-08,cumulative,all subpops,all ages,new_H,baseline,112.39674144606637,69.53173582337166,169.77589873172607
2025-11-09,cumulative,all subpops,all ages,new_H,baseline,116.40928470897938,72.83316003646343,174.46515087371841
2025-11-10,cumulative,all subpops,all ages,new_H,baseline,120.36330970047126,76.64385450139828,179.95641508457555
2025-11-11,cumulative,all subpops,all ages,new_H,baseline,124.58403818760843,80.33689721206689,185.656386310979
2025-11-12,cumulative,all subpops,all ages,new_H,baseline,129.22098116634064,83.5526567861058,191.0490606013607
2025-11-13,cumulative,all subpops,all ages,new_H,baseline,134.2314998767933,86.82060661882021,196.97962697005735
2025-11-14,cumulative,all subpops,all ages,new_H,baseline,139.966642802113,91.11265594939461,203.8997458165969
2025-11-15,cumulative,all subpops,all ages,new_H,baseline,145.8803773834303,96.02314429289582,211.2233350449065
2025-11-16,cumulative,all subpops,all ages,new_H,baseline,151.8864044266926,101.38647178530759,218.92618806025249
2025-11-17,cumulative,all subpops,all ages,new_H,baseline,158.40563906115955,107.0641422796058,227.28440575632814
2025-11-18,cumulative,all subpops,all ages,new_H,baseline,164.89984088340015,112.10187518881003,235.804737288748
2025-11-19,cumulative,all subpops,all ages,new_H,baseline,172.96062145694611,118.70084972017715,244.1089226383812
2025-11-20,cumulative,all subpops,all ages,new_H,baseline,181.1395043282332,125.96648877739551,252.972456065342
2025-11-21,cumulative,all subpops,all ages,new_H,baseline,190.59526812962133,132.86071797689956,261.3804802140878
2025-11-22,cumulative,all subpops,all ages,new_H,baseline,200.48522454739862,141.26273047511557,271.5398710543495
2025-11-23,cumulative,all subpops,all ages,new_H,baseline,211.15312761546977,150.36009773417715,284.71672732996007
2025-11-24,cumulative,all subpops,all ages,new_H,baseline,222.45037041910857,159.86643819487728,297.40419913768187
2025-11-25,cumulative,all subpops,all ages,new_H,baseline,234.3193840964743,169.5085435434583,310.2518973027666
2025-11-26,cumulative,all subpops,all ages,new_H,baseline,247.91572377421534,181.23808249304645,324.49712022603205
2025-11-27,cumulative,all subpops,all ages,new_H,baseline,261.67702543623477,194.39749089086348,340.75785803375925
2025-11-28,cumulative,all subpops,all ages,new_H,baseline,275.758705645807,208.50323145621866,358.151664506457
2025-11-29,cumulative,all subpops,all ages,new_H,baseline,292.3139081846314,220.25420016895012,374.4275626907949
2025-11-30,cumulative,all subpops,all ages,new_H,baseline,309.27939179982445,235.23176678367295,391.4749377528851
2025-12-01,cumulative,all subpops,all ages,new_H,baseline,326.0133563306488,248.95118705747294,409.03530147616505
2025-12-02,cumulative,all subpops,all ages,new_H,baseline,343.90167229876937,264.4443361119115,428.70461915342776
2025-12-03,cumulative,all subpops,all ages,new_H,baseline,362.830988069081,278.69002430206285,452.5370986238881
2025-12-04,cumulative,all subpops,all ages,new_H,baseline,383.01745181848764,297.5649173283285,478.0974128916008
2025-12-05,cumulative,all subpops,all ages,new_H,baseline,406.8653053447414,318.72233279402445,505.56433736220833
2025-12-06,cumulative,all subpops,all ages,new_H,baseline,432.1976224248624,343.37843684365316,533.2894509122466
2025-12-07,cumulative,all subpops,all ages,new_H,baseline,460.46508487425547,368.33599430617824,568.095737781093
2025-12-08,cumulative,all subpops,all ages,new_H,baseline,490.02128509381293,394.26084318851395,604.982133299052
2025-12-09,cumulative,all subpops,all ages,new_H,baseline,523.7800820671278,423.07694660324677,643.7749959404488
2025-12-10,cumulative,all subpops,all ages,new_H,baseline,560.6473970711004,456.22882335007534,684.8316281424896
2025-12-11,cumulative,all subpops,all ages,new_H,baseline,602.8670884709238,492.8722100456109,729.6628344225744
2025-12-12,cumulative,all subpops,all ages,new_H,baseline,650.0202517909336,538.2370882500278,778.0134960879903
2025-12-13,cumulative,all subpops,all ages,new_H,baseline,705.0747071703945,588.5750031910785,836.9844590680245
2025-12-14,cumulative,all subpops,all ages,new_H,baseline,763.5813695646962,642.1622029805122,897.5495798566054
2025-12-15,cumulative,all subpops,all ages,new_H,baseline,826.7867917795297,703.2591221058472,962.4746418709764
2025-12-16,cumulative,all subpops,all ages,new_H,baseline,894.0295600427125,764.0140733677881,1034.4755844481574
2025-12-17,cumulative,all subpops,all ages,new_H,baseline,970.8081475134456,833.0198705239825,1122.13992177081
2025-12-18,cumulative,all subpops,all ages,new_H,baseline,1059.0946459270335,911.6308067549512,1215.4332625038412
2025-12-19,cumulative,all subpops,all ages,new_H,baseline,1154.812989779227,1000.9402902371154,1323.263657912734
2025-12-20,cumulative,all subpops,all ages,new_H,baseline,1261.695299030544,1100.6376141961803,1440.2962979623067
2025-12-21,cumulative,all subpops,all ages,new_H,baseline,1377.1079430868763,1205.507342235203,1564.9528382281324
2025-12-22,cumulative,all subpops,all ages,new_H,baseline,1498.5975878138756,1315.7662744715017,1694.4630310395085
2025-12-23,cumulative,all subpops,all ages,new_H,baseline,1629.9847303664772,1435.2343769101005,1839.1888108021762
2025-12-24,cumulative,all subpops,all ages,new_H,baseline,1774.4288755952307,1573.8371246360198,1997.631200588182
2025-12-25,cumulative,all subpops,all ages,new_H,baseline,1927.9254356159129,1716.3745058241104,2169.853163107494
2025-12-26,cumulative,all subpops,all ages,new_H,baseline,2089.062103872558,1870.0050637619715,2347.2354704539853
2025-12-27,cumulative,all subpops,all ages,new_H,baseline,2254.8140185939183,2028.3042650236832,2529.8947539697347
2025-12-28,cumulative,all subpops,all ages,new_H,baseline,2421.93575062155,2184.9485519945024,2697.329368064085
2025-12-29,cumulative,all subpops,all ages,new_H,baseline,2584.385401304964,2339.772156542554,2868.6716206160677
2025-12-30,cumulative,all subpops,all ages,new_H,baseline,2747.8382793448,2485.153252692535,3040.2100367556486
2025-12-31,cumulative,all subpops,all ages,new_H,baseline,2910.538309194041,2640.4965258684783,3208.043586770937
2026-01-01,cumulative,all subpops,all ages,new_H,baseline,3072.9931833244036,2790.5029169417303,3384.202693266536
2026-01-02,cumulative,all subpops,all ages,new_H,baseline,3227.3347806549527,2936.263530940002,3547.83257137027
2026-01-03,cumulative,all subpops,all ages,new_H,baseline,3379.23626446082,3080.6573927795826,3698.3356378874228
2026-01-04,cumulative,all subpops,all ages,new_H,baseline,3527.2297357093585,3214.6784930753724,3850.7707342988524
2026-01-05,cumulative,all subpops,all ages,new_H,baseline,3666.086984051516,3339.081230773693,3989.0487977461244
2026-01-06,cumulative,all subpops,all ages,new_H,baseline,3797.7356563416306,3456.2192561626853,4118.248340752646
2026-01-07,cumulative,all subpops,all ages,new_H,baseline,3923.895529224299,3573.1799857303863,4247.174931150591
2026-01-08,cumulative,all subpops,all ages,new_H,baseline,4039.509416843013,3678.1681190606,4366.692621686803
2026-01-09,cumulative,all subpops,all ages,new_H,baseline,4146.47265901457,3781.3352287056896,4480.925673465735
2026-01-10,cumulative,all subpops,all ages,new_H,baseline,4251.3807954573385,3873.798047377471,4592.046013970406
2026-01-11,cumulative,all subpops,all ages,new_H,baseline,4346.133097139084,3965.3979097693827,4695.134623400356
2026-01-12,cumulative,all subpops,all ages,new_H,baseline,4431.722858236146,4051.5076747645353,4788.606576284629
2026-01-13,cumulative,all subpops,all ages,new_H,baseline,4520.117080795719,4132.164287784178,4875.783714245014
2026-01-14,cumulative,all subpops,all ages,new_H,baseline,4599.588094183246,4207.445077455027,4961.4320760532555
2026-01-15,cumulative,all subpops,all ages,new_H,baseline,4671.9558551465325,4270.752016036032,5042.461553509059
2026-01-16,cumulative,all subpops,all ages,new_H,baseline,4739.5405030768,4328.109836662894,5121.4961283526745
2026-01-17,cumulative,all subpops,all ages,new_H,baseline,4807.353144787021,4397.011839281855,5194.571496135095
2026-01-18,cumulative,all subpops,all ages,new_H,baseline,4870.879679372443,4456.640613284464,5259.99222811931
2026-01-19,cumulative,all subpops,all ages,new_H,baseline,4925.347435333322,4508.440450639523,5312.992856416271
2026-01-20,cumulative,all subpops,all ages,new_H,baseline,4976.993059049664,4559.812267519359,5360.842695626473
2026-01-21,cumulative,all subpops,all ages,new_H,baseline,5023.556846302388,4605.438172498453,5405.79874696338
2026-01-22,cumulative,all subpops,all ages,new_H,baseline,5066.636549594739,4648.818380092815,5454.867167901647
2026-01-23,cumulative,all subpops,all ages,new_H,baseline,5108.219133466588,4688.63425402408,5497.68309760716
2026-01-24,cumulative,all subpops,all ages,new_H,baseline,5144.110027163746,4725.1994265233225,5544.909701545422
2026-01-25,cumulative,all subpops,all ages,new_H,baseline,5180.243207158064,4757.285003292251,5584.737563120809
2026-01-26,cumulative,all subpops,all ages,new_H,baseline,5211.60428491566,4786.014296010771,5620.374635481937
2026-01-27,cumulative,all subpops,all ages,new_H,baseline,5241.51246407404,4814.129690828017,5652.58919850976
2026-01-28,cumulative,all subpops,all ages,new_H,baseline,5271.018576670544,4841.119593125171,5682.474880927805
2026-01-29,cumulative,all subpops,all ages,new_H,baseline,5299.131310030158,4870.921379055139,5710.159795172726
2026-01-30,cumulative,all subpops,all ages,new_H,baseline,5324.416039041222,4896.667853816599,5736.214016357809
2026-01-31,cumulative,all subpops,all ages,new_H,baseline,5348.950891624738,4922.511144697849,5763.695550960092
2026-02-01,cumulative,all subpops,all ages,new_H,baseline,5372.029692529577,4947.727184644785,5789.388435863615
2026-02-02,cumulative,all subpops,all ages,new_H,baseline,5393.344523214464,4971.012003023719,5807.910307265566
2026-02-03,cumulative,all subpops,all ages,new_H,baseline,5412.993267124627,4990.764391101671,5825.332359313436
2026-02-04,cumulative,all subpops,all ages,new_H,baseline,5431.429459672272,5010.3287722545465,5844.09204222307
2026-02-05,cumulative,all subpops,all ages,new_H,baseline,5451.132367271618,5027.655620918504,5862.89924499994
2026-02-06,cumulative,all subpops,all ages,new_H,baseline,5470.267298104996,5044.501180836845,5880.725261765134
2026-02-07,cumulative,all subpops,all ages,new_H,baseline,5489.0430218343445,5061.129022089766,5897.929028569428
2026-02-08,cumulative,all subpops,all ages,new_H,baseline,5505.402518933857,5077.1648928532995,5914.037607701557
2026-02-09,cumulative,all subpops,all ages,new_H,baseline,5521.41748386564,5092.370073758188,5929.089468398883
2026-02-10,cumulative,all subpops,all ages,new_H,baseline,5535.725934713508,5107.316500449568,5940.997975739217
2026-02-11,cumulative,all subpops,all ages,new_H,baseline,5548.954127714899,5122.034479115428,5953.118106628465
2026-02-12,cumulative,all subpops,all ages,new_H,baseline,5562.758204525012,5136.71074658952,5966.845455373039
2026-02-13,cumulative,all subpops,all ages,new_H,baseline,5575.773155495932,5151.499220440416,5980.33272096209
2026-02-14,cumulative,all subpops,all ages,new_H,baseline,5589.1923975351365,5166.497427696793,5993.651860555054
2026-02-15,cumulative,all subpops,all ages,new_H,baseline,5602.493564010487,5181.416993913625,6006.554073098851
2026-02-16,cumulative,all subpops,all ages,new_H,baseline,5615.94091239465,5196.14098313529,6021.592143172313
2026-02-17,cumulative,all subpops,all ages,new_H,baseline,5628.286448708616,5209.009010458097,6037.286334831849
2026-02-18,cumulative,all subpops,all ages,new_H,baseline,5639.262005021121,5219.267225385939,6051.090397189751
2026-02-19,cumulative,all subpops,all ages,new_H,baseline,5650.957701199748,5229.084270472053,6062.991303655057
2026-02-20,cumulative,all subpops,all ages,new_H,baseline,5662.811512499165,5238.501785421621,6074.152899356931
2026-02-21,cumulative,all subpops,all ages,new_H,baseline,5674.231119246198,5248.74609412571,6083.012172339833
2026-02-22,cumulative,all subpops,all ages,new_H,baseline,5684.727526948835,5258.968525242927,6091.419081231476
2026-02-23,cumulative,all subpops,all ages,new_H,baseline,5694.478530206015,5268.607432173992,6099.324738876352
2026-02-24,cumulative,all subpops,all ages,new_H,baseline,5703.74813764563,5277.80388902027,6106.879919465997
2026-02-25,cumulative,all subpops,all ages,new_H,baseline,5714.315756870581,5287.155614778645,6116.689930054202
2026-02-26,cumulative,all subpops,all ages,new_H,baseline,5724.052109600085,5296.737546554358,6127.685460902705
2026-02-27,cumulative,all subpops,all ages,new_H,baseline,5732.432533948537,5306.262779086598,6138.397716242579
2026-02-28,cumulative,all subpops,all ages,new_H,baseline,5742.3034801180365,5315.936033480319,6148.813068595629
2026-03-01,cumulative,all subpops,all ages,new_H,baseline,5751.319268431779,5325.54107628964,6158.713608311732
2026-03-02,cumulative,all subpops,all ages,new_H,baseline,5759.986629456106,5334.069649042789,6168.001861246057
2026-03-03,cumulative,all subpops,all ages,new_H,baseline,5768.249008381855,5342.66344573591,6176.848999294057
2026-03-04,cumulative,all subpops,all ages,new_H,baseline,5777.079991263324,5351.317769284953,6185.351028139713
2026-03-05,cumulative,all subpops,all ages,new_H,baseline,5785.417934611797,5359.123937124541,6193.536068772406
2026-03-06,cumulative,all subpops,all ages,new_H,baseline,5792.422405545229,5366.580696840433,6202.562544642725
2026-03-07,cumulative,all subpops,all ages,new_H,baseline,5798.57576538673,5373.8550305771905,6212.152495189391
2026-03-08,cumulative,all subpops,all ages,new_H,baseline,5807.413829580516,5380.888907868537,6218.785981298502
2026-03-09,cumulative,all subpops,all ages,new_H,baseline,5814.376721824778,5387.587220057587,6223.683809406012
2026-03-10,cumulative,all subpops,all ages,new_H,baseline,5820.471573679992,5393.9335110291495,6228.7272649379765
2026-03-11,cumulative,all subpops,all ages,new_H,baseline,5826.098235785778,5400.092821943887,6234.709704214838
2026-03-12,cumulative,all subpops,all ages,new_H,baseline,5832.948284488034,5406.133726110409,6240.232732265638
2026-03-13,cumulative,all subpops,all ages,new_H,baseline,5839.074749099047,5412.105616051646,6245.5215011879
2026-03-14,cumulative,all subpops,all ages,new_H,baseline,5845.154759722262,5418.0319399039645,6250.630541640894
2026-03-15,cumulative,all subpops,all ages,new_H,baseline,5851.01787535623,5423.816057300897,6255.503844328403
2026-03-16,cumulative,all subpops,all ages,new_H,baseline,5856.248787042187,5429.455457949585,6261.383113286117
2026-03-17,cumulative,all subpops,all ages,new_H,baseline,5861.253686235148,5434.897251681898,6267.1806367474155
2026-03-18,cumulative,all subpops,all ages,new_H,baseline,5867.0073377975295,5440.239550778402,6273.01430846323
2026-03-19,cumulative,all subpops,all ages,new_H,baseline,5872.638752239458,5445.567629641411,6278.979690798744
2026-03-20,cumulative,all subpops,all ages,new_H,baseline,5878.66964736152,5450.915771752993,6285.110158906705
2026-03-21,cumulative,all subpops,all ages,new_H,baseline,5883.963029379391,5456.263186008284,6291.3701108295545
2026-03-22,cumulative,all subpops,all ages,new_H,baseline,5888.467610325364,5461.483610320838,6297.585579434157
2026-03-23,cumulative,all subpops,all ages,new_H,baseline,5892.833751992099,5466.403530369982,6303.653878870913
2026-03-24,cumulative,all subpops,all ages,new_H,baseline,5898.074936399217,5470.52263216028,6309.691316088667
2026-03-25,cumulative,all subpops,all ages,new_H,baseline,5902.566415414583,5475.662323081832,6315.8076553259
2026-03-26,cumulative,all subpops,all ages,new_H,baseline,5908.253479697498,5480.829754752378,6322.045671019022
2026-03-27,cumulative,all subpops,all ages,new_H,baseline,5913.543251758687,5486.035465112644,6328.403086323036
2026-03-28,cumulative,all subpops,all ages,new_H,baseline,5918.815807060952,5491.106406459649,6334.834683263568
2026-03-29,cumulative,all subpops,all ages,new_H,baseline,5924.909726153546,5496.098394952937,6340.978896888109
2026-03-30,cumulative,all subpops,all ages,new_H,baseline,5929.638059000229,5501.063723748156,6347.139777116685
2026-03-31,cumulative,all subpops,all ages,new_H,baseline,5934.1770762817505,5506.102112832092,6353.030777408457
2026-04-01,cumulative,all subpops,all ages,new_H,baseline,5938.788209093099,5510.935691330848,6358.536504190194
2026-04-02,cumulative,all subpops,all ages,new_H,baseline,5943.483326798547,5515.399611826217,6363.900884505156
2026-04-03,cumulative,all subpops,all ages,new_H,baseline,5948.282680891058,5519.895294915353,6369.326047371805
2026-04-04,cumulative,all subpops,all ages,new_H,baseline,5952.707191067999,5524.3937634774875,6374.783091047177
2026-04-05,cumulative,all subpops,all ages,new_H,baseline,5956.682048210791,5528.7788650799075,6379.757547905496
2026-04-06,cumulative,all subpops,all ages,new_H,baseline,5960.141835492244,5533.476619592392,6384.445980141713
2026-04-07,cumulative,all subpops,all ages,new_H,baseline,5964.339034115071,5538.609344594853,6388.975738516622
2026-04-08,cumulative,all subpops,all ages,new_H,baseline,5968.91260521137,5543.669972497694,6393.443879660645
2026-04-09,cumulative,all subpops,all ages,new_H,baseline,5973.274960953206,5548.678864480162,6397.776925289583
2026-04-10,cumulative,all subpops,all ages,new_H,baseline,5978.2052618014495,5553.655753524993,6401.812583928043
2026-04-11,cumulative,all subpops,all ages,new_H,baseline,5983.181906441685,5558.5291697820585,6404.622410332127
2026-04-12,cumulative,all subpops,all ages,new_H,baseline,5987.787897413974,5563.253124419379,6407.3089183359725
2026-04-13,cumulative,all subpops,all ages,new_H,baseline,5992.01887229965,5567.704694909584,6409.845768129743
2026-04-14,cumulative,all subpops,all ages,new_H,baseline,5996.49852958018,5571.8989865824815,6412.260680807811
2026-04-15,cumulative,all subpops,all ages,new_H,baseline,6001.254855439244,5575.352766871322,6414.577946069745
2026-04-16,cumulative,all subpops,all ages,new_H,baseline,6004.998940217011,5578.549013911611,6416.8140794756755
2026-04-17,cumulative,all subpops,all ages,new_H,baseline,6007.254370190248,5582.964077702819,6418.983522026608
2026-04-18,cumulative,all subpops,all ages,new_H,baseline,6010.38562648842,5586.941076947226,6421.095448130731
2026-04-19,cumulative,all subpops,all ages,new_H,baseline,6015.006487592669,5590.351779932391,6423.121867403317
2026-04-20,cumulative,all subpops,all ages,new_H,baseline,6019.1682336565045,5593.595811659566,6425.0541076176405
2026-04-21,cumulative,all subpops,all ages,new_H,baseline,6022.342633807384,5596.739762870127,6426.931335793198
2026-04-22,cumulative,all subpops,all ages,new_H,baseline,6025.324373565336,5599.663428330737,6428.783703175165
2026-04-23,cumulative,all subpops,all ages,new_H,baseline,6029.149659330119,5602.741168764831,6430.619114490066
2026-04-24,cumulative,all subpops,all ages,new_H,baseline,6032.042657588267,5605.907498245794,6432.442466746051
2026-04-25,cumulative,all subpops,all ages,new_H,baseline,6035.3440526377935,5609.074453999627,6434.257310792186
2026-04-26,cumulative,all subpops,all ages,new_H,baseline,6038.106273496294,5612.129134726338,6436.036203590907
2026-04-27,cumulative,all subpops,all ages,new_H,baseline,6041.149229365326,5615.1339399973,6437.765718815433
2026-04-28,cumulative,all subpops,all ages,new_H,baseline,6044.711809389406,5618.169602191134,6439.480715882212
2026-04-29,cumulative,all subpops,all ages,new_H,baseline,6047.56335350904,5621.2974213853995,6441.965092148435
2026-04-30,cumulative,all subpops,all ages,new_H,baseline,6049.6359864045735,5624.554339931455,6446.465131736092
2026-05-01,cumulative,all subpops,all ages,new_H,baseline,6051.247150669627,5627.973723663303,6450.916635933799
2026-05-02,cumulative,all subpops,all ages,new_H,baseline,6052.792212561803,5631.578062352601,6455.350556882036
2026-05-03,cumulative,all subpops,all ages,new_H,baseline,6054.319526542753,5635.285734553151,6459.697453050062
2026-05-04,cumulative,all subpops,all ages,new_H,baseline,6057.225416862089,5639.048346860864,6463.936106275917
2026-05-05,cumulative,all subpops,all ages,new_H,baseline,6060.512105751431,5642.136762720242,6468.14183508533
2026-05-06,cumulative,all subpops,all ages,new_H,baseline,6063.362192637278,5644.575270299314,6472.348902418841
2026-05-07,cumulative,all subpops,all ages,new_H,baseline,6066.957938907339,5646.053578332638,6476.580268412843
2026-05-08,cumulative,all subpops,all ages,new_H,baseline,6070.689779846265,5648.191536167326,6480.905415137912
