scenario,day,age_group,median_value,p_lo,p_hi
Infection protection only,1,0,0.0017265917757096688,0.00046318741415852474,0.005120864552879818
Infection protection only,2,0,0.005911871563096854,0.0015827866782292823,0.017445254466717748
Infection protection only,3,0,0.011066540251023518,0.0029634166222725156,0.032482449540490385
Infection protection only,4,0,0.016518223263109623,0.0044404708683997455,0.04828054264172352
Infection protection only,5,0,0.022115777173291093,0.005953810048401609,0.06398031305731396
Infection protection only,6,0,0.027695146527577097,0.007488343391172405,0.07996367406241998
Infection protection only,7,0,0.033196043057812874,0.009051269117743472,0.09527223554583868
Infection protection only,8,0,0.038684892089772736,0.010658348732033224,0.11004491034079267
Infection protection only,9,0,0.04421489390672234,0.012261482302021117,0.12439801639647804
Infection protection only,10,0,0.04975220393487349,0.013844803658575435,0.13846033510236205
Infection protection only,11,0,0.055374626589339254,0.015612302453399386,0.1522749146878083
Infection protection only,12,0,0.061122097503317416,0.017363384575238904,0.16569000338323997
Infection protection only,13,0,0.06734519387948051,0.019231900602437214,0.1796679235479746
Infection protection only,14,0,0.07417426605857697,0.02119740298445908,0.19587750860698616
Infection protection only,15,0,0.08102784752471207,0.02329419720693937,0.21175579242376633
Infection protection only,16,0,0.08824939925233832,0.026198144825812324,0.22671201984936287
Infection protection only,17,0,0.09570846672255301,0.028391328336408544,0.2423751239263404
Infection protection only,18,0,0.10360469430452332,0.030898644343151774,0.2557686930822279
Infection protection only,19,0,0.11070630654320161,0.03446981373933268,0.26851158070605713
Infection protection only,20,0,0.11861614732308345,0.03786809348724406,0.2823898135552943
Infection protection only,21,0,0.12530399778559664,0.040821011953859954,0.2940629439316819
Infection protection only,22,0,0.1320097002224482,0.044671862758041046,0.3080047735632305
Infection protection only,23,0,0.14124159366057898,0.04796736805725422,0.3220268991724993
Infection protection only,24,0,0.14910611213868855,0.05126099511112179,0.3374925451341767
Infection protection only,25,0,0.15656173630598585,0.05398582803678114,0.3524252185844118
Infection protection only,26,0,0.16432716887655147,0.0582263615089701,0.36694295550604306
Infection protection only,27,0,0.17213374183603963,0.06201592531746053,0.38107098736533085
Infection protection only,28,0,0.18163869614535144,0.06587627874330694,0.39483738610667984
Infection protection only,29,0,0.190730645592542,0.06990256317915991,0.40821284327723145
Infection protection only,30,0,0.1997152902917463,0.07481274468695225,0.4215462695871563
Infection protection only,31,0,0.20766510624961926,0.07985659809202965,0.43587595881905145
Infection protection only,32,0,0.21396520906150102,0.08496773269364191,0.4489268625899748
Infection protection only,33,0,0.22158033617624812,0.0891703476903142,0.46418404332664154
Infection protection only,34,0,0.23031868714798676,0.09296764274294939,0.47332896140223185
Infection protection only,35,0,0.2403744482228791,0.0981586544299959,0.4821677181036876
Infection protection only,36,0,0.2507234018770206,0.10336437411246349,0.4998507630640237
Infection protection only,37,0,0.2604603865780033,0.1068501775962227,0.512110848144537
Infection protection only,38,0,0.26916949719392036,0.11021875109978786,0.5270335876464364
Infection protection only,39,0,0.2785586406133826,0.11507164644321526,0.5426427258873797
Infection protection only,40,0,0.28706769638080865,0.12106068444900656,0.5575750128321268
Infection protection only,41,0,0.29629244000852806,0.12747321524737024,0.5738715756880821
Infection protection only,42,0,0.30525672407695453,0.13365773463928074,0.5885165750788534
Infection protection only,43,0,0.31319050871376736,0.1375427167973772,0.6048308090219993
Infection protection only,44,0,0.3216764503359156,0.14579557421343178,0.6201046458128521
Infection protection only,45,0,0.33177211613489577,0.15348432803850304,0.6350234548364194
Infection protection only,46,0,0.34148368389421313,0.16126501288156217,0.6504475764389004
Infection protection only,47,0,0.3510957100590215,0.16670148469707313,0.6692601015412515
Infection protection only,48,0,0.36006582227021594,0.17242816843615086,0.6841986371180548
Infection protection only,49,0,0.3707620446951711,0.17729957319522285,0.7072466231553324
Infection protection only,50,0,0.3834615599629725,0.18148258299724732,0.7258960480501114
Infection protection only,51,0,0.3931861135934238,0.18921803503684412,0.7440905449985489
Infection protection only,52,0,0.4027336647396101,0.19491811844340345,0.7618520691635494
Infection protection only,53,0,0.41290861847406723,0.20089697217101363,0.7793583715858916
Infection protection only,54,0,0.4251660256773653,0.2052021656521021,0.7999013249151888
Infection protection only,55,0,0.43548998222614604,0.20913317388363029,0.813005930421217
Infection protection only,56,0,0.4496554253202517,0.2144869752425933,0.830023177288127
Infection protection only,57,0,0.463709769822399,0.22159111166945605,0.851296562596395
Infection protection only,58,0,0.47626817984265435,0.23275637674027821,0.8786438164187751
Infection protection only,59,0,0.49019833458341766,0.2407391579106541,0.9072354268603463
Infection protection only,60,0,0.5024629173035089,0.25056404060738585,0.9278768934659326
Infection protection only,61,0,0.5170263870470845,0.2609573084033708,0.9469132776377345
Infection protection only,62,0,0.5328820486230731,0.2701453644238331,0.964586933775783
Infection protection only,63,0,0.5500384355568753,0.27628465948841313,0.9810991621439545
Infection protection only,64,0,0.5682700669822485,0.28576450641533463,0.9998869967175565
Infection protection only,65,0,0.587676630389172,0.2968838344500886,1.0187590179534087
Infection protection only,66,0,0.6064796176428893,0.30684714147214487,1.0443454465423234
Infection protection only,67,0,0.6241488013594567,0.3157844348331765,1.0713684187853585
Infection protection only,68,0,0.6480073383820493,0.3271443902217625,1.1054041338834675
Infection protection only,69,0,0.6720936541353733,0.3387510774085906,1.1496663192298096
Infection protection only,70,0,0.6968267446105543,0.3502446509340782,1.1816411144157264
Infection protection only,71,0,0.7235705169723732,0.37027836049387264,1.212281742967479
Infection protection only,72,0,0.7513542034089686,0.39134673558541644,1.2474620120985636
Infection protection only,73,0,0.7815209778971012,0.4093311039354053,1.2993706584429425
Infection protection only,74,0,0.8104932156325386,0.4292997289860613,1.367862516451355
Infection protection only,75,0,0.8441007689464497,0.45325226596008183,1.4205135546728431
Infection protection only,76,0,0.8805658435793435,0.4784938845942283,1.4645233002967628
Infection protection only,77,0,0.9202236513700877,0.4995147255464385,1.524238398351838
Infection protection only,78,0,0.9617497977495162,0.5283031473138506,1.5912907063342983
Infection protection only,79,0,1.0091366182124482,0.5551510163757072,1.6461907867436578
Infection protection only,80,0,1.0541931952642891,0.5909324367939379,1.7094094720761928
Infection protection only,81,0,1.1006275453712817,0.6306860507813937,1.7851151716029812
Infection protection only,82,0,1.1505713785280105,0.669519483066541,1.8408421067914813
Infection protection only,83,0,1.2103266200187555,0.7013416571116252,1.9343733659976907
Infection protection only,84,0,1.2747105372685064,0.7393580573916353,2.0196544987847913
Infection protection only,85,0,1.3408321770929885,0.7860485656512013,2.1139537122520724
Infection protection only,86,0,1.4248477661149441,0.8353167897594911,2.225185891356279
Infection protection only,87,0,1.5002815798405353,0.8790794792957674,2.3353983435468755
Infection protection only,88,0,1.5809874024552109,0.9290460417952217,2.4587240275540587
Infection protection only,89,0,1.6659992059198308,0.9877110309468127,2.5961107616479104
Infection protection only,90,0,1.755160932240699,1.049968693993039,2.7253415315229894
Infection protection only,91,0,1.8545964047934858,1.1210794010248302,2.868151183186804
Infection protection only,92,0,1.954393579946573,1.1886322092633714,3.032724347566266
Infection protection only,93,0,2.066360479550741,1.2591108159820108,3.201891524485067
Infection protection only,94,0,2.1798194598108576,1.329796341048392,3.368462166202747
Infection protection only,95,0,2.3011242176535385,1.4045023545860351,3.535656880389365
Infection protection only,96,0,2.435744370525869,1.48690599056318,3.7139180416245026
Infection protection only,97,0,2.581627698951692,1.5795967889341522,3.9093779867007323
Infection protection only,98,0,2.745598571520376,1.6820997104248567,4.148635190826745
Infection protection only,99,0,2.922708312135765,1.7945461030302068,4.410308635302845
Infection protection only,100,0,3.130424206125122,1.9179342271077702,4.7093291700769955
Infection protection only,101,0,3.338396604779952,2.064823457633844,5.028883190802344
Infection protection only,102,0,3.575246795376155,2.2362566771015273,5.371326439431096
Infection protection only,103,0,3.848913860983982,2.415602560521127,5.726491728083901
Infection protection only,104,0,4.153439550576698,2.617013817260813,6.114431332916831
Infection protection only,105,0,4.50754560395814,2.8343293235386353,6.575618381539591
Infection protection only,106,0,4.868508234830637,3.0829881257991416,7.1360600653629795
Infection protection only,107,0,5.286844423221428,3.3546214485149535,7.700692181554302
Infection protection only,108,0,5.7595166651921055,3.6605911414403973,8.362002149621324
Infection protection only,109,0,6.302517407348123,3.993317218860576,9.116177400368858
Infection protection only,110,0,6.848104187502699,4.380689511170111,9.906631215246144
Infection protection only,111,0,7.451921129899651,4.783425888647425,10.772185934359214
Infection protection only,112,0,8.137670001011564,5.251888797611092,11.769006616143981
Infection protection only,113,0,8.904477863621938,5.747387883278384,12.819174087894801
Infection protection only,114,0,9.75800682056145,6.2907157479741,14.057078927541406
Infection protection only,115,0,10.683972278415396,6.883890004733699,15.362664110174723
Infection protection only,116,0,11.605363337657604,7.479189800717758,16.71564865448723
Infection protection only,117,0,12.580488959922574,8.136358898487671,18.100251687951626
Infection protection only,118,0,13.576724608677747,8.815379515494893,19.51476998304331
Infection protection only,119,0,14.626113787136484,9.463610259051707,21.03726360896532
Infection protection only,120,0,15.685578801427638,10.1906375553965,22.581298171869395
Infection protection only,121,0,16.775472475598157,10.956534601150617,23.996794463700123
Infection protection only,122,0,17.790191075662538,11.706917806163066,25.39138264540093
Infection protection only,123,0,18.840896898065523,12.353018698094672,26.610265469035774
Infection protection only,124,0,19.855406037417737,12.952286194148304,27.867261782611493
Infection protection only,125,0,20.8199964442816,13.528504220745624,29.08561971824517
Infection protection only,126,0,21.753877608699224,14.079254506038682,30.39824544732226
Infection protection only,127,0,22.587863847213875,14.645283439181606,31.667270804207277
Infection protection only,128,0,23.378301714201513,15.21519720767577,32.852759024419065
Infection protection only,129,0,24.122043481850817,15.751246198101612,33.9500270815921
Infection protection only,130,0,24.81855103876747,16.250676343910953,34.96153788716163
Infection protection only,131,0,25.475020917329275,16.716350422576543,35.89523977787144
Infection protection only,132,0,26.08770899803079,17.151566442383118,36.75957982638675
Infection protection only,133,0,26.64643082736777,17.49968563982062,37.61581013813994
Infection protection only,134,0,27.157702905102564,17.82239967926686,38.422827042711276
Infection protection only,135,0,27.630067219939278,18.125202716360494,39.13632565775055
Infection protection only,136,0,28.092480355468954,18.45132618953258,39.79642394893895
Infection protection only,137,0,28.535632307432863,18.761154793285755,40.407008905991646
Infection protection only,138,0,28.93311521131392,18.974072809695706,40.91605873594131
Infection protection only,139,0,29.30603932346673,19.17028232260546,41.38845840712608
Infection protection only,140,0,29.6593087436521,19.355434675704675,41.83260206510164
Infection protection only,141,0,29.998043415059893,19.557738125258087,42.272304838277485
Infection protection only,142,0,30.330426202302938,19.751561873339018,42.676717444063456
Infection protection only,143,0,30.635119664177864,19.934820299982896,43.057215183345306
Infection protection only,144,0,30.872745784231313,20.107192485388904,43.42374840032472
Infection protection only,145,0,31.102364707994404,20.268835770892274,43.7635528017367
Infection protection only,146,0,31.326665243488378,20.4213338502465,44.07963260170455
Infection protection only,147,0,31.5425958582411,20.566810475513247,44.374161789629454
Infection protection only,148,0,31.737985094068367,20.705851108933324,44.64595897446989
Infection protection only,149,0,31.924926264640376,20.83809943465675,44.899328201259344
Infection protection only,150,0,32.10058600756166,20.963745111552864,45.13770208356235
Infection protection only,151,0,32.266016060774,21.083407312083036,45.36287621261158
Infection protection only,152,0,32.41513825844612,21.185010621413166,45.572910232698455
Infection protection only,153,0,32.558138027408944,21.273939162143375,45.76958207335671
Infection protection only,154,0,32.698250982387606,21.358099850959924,45.95424859798897
Infection protection only,155,0,32.82571853373318,21.43767755633577,46.127397885443116
Infection protection only,156,0,32.94555711601602,21.512433902801828,46.28903379380912
Infection protection only,157,0,33.06613601692723,21.577323593147288,46.43950741709776
Infection protection only,158,0,33.17008546527566,21.640056174132678,46.57980305249234
Infection protection only,159,0,33.26687095508275,21.70097249065213,46.711216438995585
Infection protection only,160,0,33.36089934175731,21.76045161748526,46.83501675895342
Infection protection only,161,0,33.456292765348635,21.818874784886912,46.95254034244714
Infection protection only,162,0,33.551836939974834,21.876417257410555,47.0649076791783
Infection protection only,163,0,33.63469221178543,21.932906734515882,47.17244562614947
Infection protection only,164,0,33.71500335653123,21.988118947272742,47.275096237577905
Infection protection only,165,0,33.79377362338872,22.0420243205823,47.3730162619214
Infection protection only,166,0,33.874793813190415,22.094867608302554,47.46696550828514
Infection protection only,167,0,33.95458145421212,22.14621682253559,47.55794304966836
Infection protection only,168,0,34.033682190877165,22.196315192952493,47.64666588112559
Infection protection only,169,0,34.11229056956472,22.246647482680505,47.73348678981232
Infection protection only,170,0,34.19011125252221,22.297082829056848,47.81825138675837
Infection protection only,171,0,34.266524815261036,22.347210352019257,47.90043862847197
Infection protection only,172,0,34.34100699636859,22.396627930984952,47.979601866127645
Infection protection only,173,0,34.41726227687745,22.445118276608106,48.05564352452578
Infection protection only,174,0,34.50224387400834,22.49144567282693,48.12845393081998
Infection protection only,175,0,34.58594209482766,22.535215699709646,48.19799540590186
Infection protection only,176,0,34.654443314629326,22.577274046052928,48.26426031787556
Infection protection only,177,0,34.71773934013192,22.61751073768928,48.32722990606225
Infection protection only,178,0,34.77803122925042,22.655961019520863,48.38714353689168
Infection protection only,179,0,34.835471684146405,22.692750703295992,48.444230976755094
Infection protection only,180,0,34.89036100350886,22.728107566309173,48.49885581359527
Infection protection only,181,0,34.94313224489663,22.76232888731665,48.551531183624014
Infection protection only,182,0,34.997734249571934,22.795636523917786,48.62709111381405
Infection protection only,183,0,35.04559595306621,22.82812851094139,48.7102138478769
Infection protection only,184,0,35.08789463465495,22.859794734636083,48.7916438251658
Infection protection only,185,0,35.123145195001776,22.890561516575314,48.87102378489323
Infection protection only,186,0,35.1606403990978,22.92043841738585,48.94816842911247
Infection protection only,187,0,35.20253637363453,22.949539810112647,49.023199637061815
Infection protection only,188,0,35.243690452004245,22.978031669468823,49.09639236608321
Infection protection only,189,0,35.28661886133257,23.00604874813536,49.16793305588539
Infection protection only,190,0,35.32885932619228,23.03358915326122,49.23768585511152
Infection protection only,191,0,35.37099373840972,23.060560206157778,49.305373295611815
Infection protection only,192,0,35.41524010121219,23.086877834154993,49.37071399557914
Infection protection only,193,0,35.457194507473005,23.112542645026892,49.433599941801205
Infection protection only,194,0,35.49313949052959,23.137697822239122,49.49435449173059
Infection protection only,195,0,35.52731794981499,23.162580996068964,49.55359367007909
Infection protection only,196,0,35.566503318531176,23.187358451450624,49.611681016569484
Infection protection only,197,0,35.60749473357896,23.21203404266499,49.668585675762465
Infection protection only,198,0,35.6463765532752,23.23640320457322,49.72373591876805
Infection protection only,199,0,35.68430398320085,23.260396108540252,49.777113410701965
Infection protection only,200,0,35.72040489293977,23.284080422704708,49.82910262479293
Infection protection only,201,0,35.75386978309476,23.307499350220496,49.87989936055738
Infection protection only,202,0,35.78675953770983,23.330666784271,49.929542042083135
Infection protection only,203,0,35.81904179352355,23.353602735278873,49.97811758583015
Infection protection only,204,0,35.84813736490699,23.376222670804637,50.02551699188127
Infection protection only,205,0,35.876585217461454,23.398401739185218,50.071640520536626
Infection protection only,206,0,35.904430982048005,23.4200670624481,50.11652010534696
Infection protection only,207,0,35.935956459685556,23.441187594050337,50.1601942124653
Infection protection only,208,0,35.96766874175448,23.461739622949636,50.202618889810665
Infection protection only,209,0,35.99910406444677,23.48181707189936,50.24410554906335
Infection protection only,210,0,36.03075674978288,23.501572635862605,50.2851763573728
Infection protection only,211,0,36.061780800223474,23.521244961342102,50.32585933357474
Infection protection only,212,0,36.091541658920725,23.540594811394577,50.36566096143415
Infection protection only,213,0,36.12071681705299,23.559149791919584,50.40414725774791
Infection protection only,214,0,36.14918666786589,23.576881355073887,50.44126453848219
Infection protection only,215,0,36.17715467938764,23.59170338218901,50.47733470987792
Infection protection only,216,0,36.20472907567425,23.605799315720322,50.51258370300486
Infection protection only,217,0,36.230934502498016,23.619648643290876,50.54724789621494
Infection protection only,218,0,36.25242243027849,23.63328453473411,50.5814287668979
Infection protection only,219,0,36.27318559292412,23.646779231840725,50.61529302572613
Infection protection only,220,0,36.29673030734721,23.660192175522074,50.648984754817924
Infection protection only,221,0,36.32062600566354,23.673619784444067,50.682749874767715
Infection protection only,222,0,36.34453084116036,23.68712481077128,50.71677632099765
Infection protection only,223,0,36.36842326123508,23.70073157965915,50.751177381070285
Infection protection only,224,0,36.392391670857165,23.714521951514914,50.786195511386204
Infection protection only,225,0,36.4150270010712,23.72867448599353,50.82192044636847
Infection protection only,226,0,36.43390896507194,23.743185108542907,50.85793825776377
Infection protection only,227,0,36.45221038042905,23.757467829000426,50.89380460387988
Infection protection only,228,0,36.47003431300219,23.770440638566033,50.92930522373755
Infection protection only,229,0,36.48737448333134,23.783576133638217,50.96439170152661
Infection protection only,230,0,36.50433818916522,23.796774397127997,50.999179779115124
Infection protection only,231,0,36.5211015217841,23.80995694039574,51.0338624638449
Infection protection only,232,0,36.53417934117829,23.823122222445573,51.068506084296615
Infection protection only,233,0,36.553200594240536,23.836298443708046,51.103092259936965
Infection protection only,234,0,36.57178681232482,23.84945095125788,51.137458473488245
Infection protection only,235,0,36.5913680367084,23.86245929435881,51.171262909578466
Infection protection only,236,0,36.612734393845884,23.875235433358217,51.20425053522305
Infection protection only,237,0,36.63289039697759,23.887761390925277,51.23633289803239
Infection protection only,238,0,36.651815956520565,23.90001042398735,51.26741314453601
Infection protection only,239,0,36.665977229914276,23.91191476421913,51.29731298786178
Infection protection only,240,0,36.677083101764694,23.923398874664286,51.32583874313319
Infection protection only,241,0,36.68725865525269,23.934244550243964,51.35292189750015
Infection protection only,242,0,36.69941166644509,23.944674052335404,51.37860194579626
Infection protection only,243,0,36.71991440922292,23.954714747046463,51.40301032939429
Infection protection only,244,0,36.742763298508095,23.964615737887048,51.426379178569896
Infection protection only,245,0,36.75712770639656,23.974515335773084,51.44889596650167
Infection protection only,246,0,36.76594080587719,23.984514002939566,51.470672975239346
Infection protection only,247,0,36.77360271408616,23.994601803784104,51.49164496997374
Infection protection only,248,0,36.78105533101797,24.00473238660217,51.51168849386986
Infection protection only,249,0,36.78833065152514,24.014937169662687,51.53078303677285
Infection protection only,250,0,36.79552510552627,24.025387043753046,51.54906991386564
baseline,1,0,0.0017265917757096688,0.00046318741415852474,0.005120864552879818
baseline,2,0,0.005911871563096854,0.0015827866782292823,0.017445254466717748
baseline,3,0,0.011066540251023518,0.0029634166222725156,0.032482449540490385
baseline,4,0,0.016518223263109623,0.0044404708683997455,0.04828054264172352
baseline,5,0,0.022115777173291093,0.005953810048401609,0.06398031305731396
baseline,6,0,0.027695146527577097,0.007488343391172405,0.07996367406241998
baseline,7,0,0.033196043057812874,0.009051269117743472,0.09527223554583868
baseline,8,0,0.038684892089772736,0.010658348732033224,0.11004491034079267
baseline,9,0,0.04421489390672234,0.012261482302021117,0.12439801639647804
baseline,10,0,0.04975220393487349,0.013844803658575435,0.13846033510236205
baseline,11,0,0.055374626589339254,0.015612302453399386,0.1522749146878083
baseline,12,0,0.061122097503317416,0.017363384575238904,0.16569000338323997
baseline,13,0,0.06734519387948051,0.019231900602437214,0.1796679235479746
baseline,14,0,0.07417426605857697,0.02119740298445908,0.19587750860698616
baseline,15,0,0.08102784752471207,0.02329419720693937,0.21175579242376633
baseline,16,0,0.08824939925233832,0.026198144825812324,0.22671201984936287
baseline,17,0,0.09570846672255301,0.028391328336408544,0.2423751239263404
baseline,18,0,0.10360469430452332,0.030898644343151774,0.2557686930822279
baseline,19,0,0.11070630654320161,0.03446981373933268,0.26851158070605713
baseline,20,0,0.11861613646533432,0.037868089292970676,0.2823897949081364
baseline,21,0,0.12530388047355928,0.04082095446957944,0.29406276548585125
baseline,22,0,0.13200918236592502,0.04467163583559164,0.308003615512408
baseline,23,0,0.14124019842468422,0.047966804435849345,0.3220245899916374
baseline,24,0,0.14910354760638,0.051260189328624195,0.33748803203519523
baseline,25,0,0.15655777485030392,0.05398371446359561,0.3524174196971919
baseline,26,0,0.16432134241293184,0.05822225961287348,0.3669307136270713
baseline,27,0,0.17211936307661196,0.062010908190084695,0.381053047602443
baseline,28,0,0.18162262173537513,0.06586901926742093,0.3948124381902026
baseline,29,0,0.1907068879971875,0.06989248171152802,0.408179618420245
baseline,30,0,0.19969078848688102,0.07479621667420787,0.421497064920454
baseline,31,0,0.20762921626764624,0.07983543635959825,0.4358145447965411
baseline,32,0,0.21393466848312723,0.08494125645857821,0.4488402396794434
baseline,33,0,0.22153833678363655,0.08914779195297251,0.4640942703679948
baseline,34,0,0.23025151766021157,0.0929397827970896,0.4732647368255653
baseline,35,0,0.24026320638154225,0.0981306516976868,0.4820401196393711
baseline,36,0,0.2506310655447488,0.10333099749470072,0.4997507622471314
baseline,37,0,0.26036817115535393,0.10680630654423845,0.5119318532461208
baseline,38,0,0.2690441484368368,0.11017595553716018,0.5268027368303572
baseline,39,0,0.27842616141728577,0.11498959372655866,0.5423822282564928
baseline,40,0,0.286929267223345,0.12096596573817457,0.5573265340610002
baseline,41,0,0.2961247594803649,0.12736108241341462,0.5735296484822238
baseline,42,0,0.3051014591768193,0.13358124079814748,0.5881742543901985
baseline,43,0,0.31300643558815666,0.13745619706093534,0.6044268736848014
baseline,44,0,0.3214901176706637,0.1456033852207,0.6196591897716677
baseline,45,0,0.33151757524827685,0.15329477971309796,0.6345343075750731
baseline,46,0,0.3411958758936169,0.16112483665612623,0.6497674427037488
baseline,47,0,0.3507738651952458,0.1665417678036072,0.6685534442532884
baseline,48,0,0.3597550263439433,0.17223398552573282,0.6834616487260563
baseline,49,0,0.37037572879281977,0.177129528595851,0.7063363826177856
baseline,50,0,0.3829596915732608,0.18128892816374867,0.7249259428520186
baseline,51,0,0.3927669766884555,0.18895514498129926,0.7430386849561492
baseline,52,0,0.4022637340074494,0.19462284350352113,0.7607163448297632
baseline,53,0,0.4123817792344842,0.200571326839927,0.778174726817153
baseline,54,0,0.4243953992918186,0.20499701276070093,0.7986390435489433
baseline,55,0,0.4349041551909788,0.20890611413749968,0.8115967873473843
baseline,56,0,0.4486404169877459,0.21408030407186038,0.8285187407970537
baseline,57,0,0.462943390745404,0.22112094059532697,0.8496710076462702
baseline,58,0,0.4753597854756209,0.23209033184451414,0.8768591052676076
baseline,59,0,0.4891925146742593,0.24018961092763896,0.9052687278954812
baseline,60,0,0.5012944365440344,0.24982057154692375,0.926472799495265
baseline,61,0,0.5158733201497827,0.26014376893063745,0.9445458305402463
baseline,62,0,0.5314823781130273,0.2696649292664175,0.962918521681708
baseline,63,0,0.5486786335258453,0.2757599045105451,0.979312664138436
baseline,64,0,0.5665099420234392,0.28493106606514973,0.9979055521245188
baseline,65,0,0.5860915788047638,0.29595273903350544,1.0166339237125215
baseline,66,0,0.604775530514112,0.30609363880935825,1.041265341071029
baseline,67,0,0.6218579867849747,0.3149360950838806,1.0680712780742183
baseline,68,0,0.6457022808387047,0.3258227753159534,1.1009077477581026
baseline,69,0,0.6694268347083905,0.3376483315153708,1.1453031520146202
baseline,70,0,0.6939563893108794,0.3490153768385307,1.177182598254174
baseline,71,0,0.7209542053510606,0.3685091756119084,1.2085856008254203
baseline,72,0,0.7479481294717645,0.3898105370059496,1.2422116952983293
baseline,73,0,0.7780966423153308,0.40741331398739383,1.2921939698084643
baseline,74,0,0.8068515170369326,0.42723686840924957,1.360157736744378
baseline,75,0,0.8400813934167666,0.4510993062632063,1.4146945332916094
baseline,76,0,0.8754792307148773,0.47606134648308573,1.4584238772864506
baseline,77,0,0.9155760819839166,0.4966640113675926,1.5161650825881958
baseline,78,0,0.95656340348738,0.5258792672644375,1.5835621472903803
baseline,79,0,1.0035319892211891,0.5514514496570323,1.6382003314685265
baseline,80,0,1.0479731160923307,0.5865989111654012,1.6988083703119752
baseline,81,0,1.0944947290832945,0.6258361389030084,1.7749655339312005
baseline,82,0,1.143262506105697,0.6650580263710204,1.8301506796427558
baseline,83,0,1.2016247331274301,0.6964620831156444,1.9227640507777506
baseline,84,0,1.2661156951653871,0.7335014797583385,2.0058520282453456
baseline,85,0,1.3315938090530035,0.7795598945249099,2.097408275718804
baseline,86,0,1.4132577645824627,0.8280904077704664,2.209748768210035
baseline,87,0,1.4888082777120597,0.87275085601644,2.317045908637666
baseline,88,0,1.5659924697287129,0.9207978082951804,2.4394410521849483
baseline,89,0,1.6512484570940995,0.9785729566549083,2.5752856195902205
baseline,90,0,1.7393859015194835,1.0394311114953871,2.6992792729532002
baseline,91,0,1.837358279870894,1.1095626446974722,2.8428431671434495
baseline,92,0,1.9350175919916153,1.176144927457206,3.004994106243063
baseline,93,0,2.0434541455440005,1.2446604536472234,3.170775789231231
baseline,94,0,2.1561647155855215,1.3167977403899163,3.334522307569511
baseline,95,0,2.2752725404429146,1.3902730048860281,3.5004088644380595
baseline,96,0,2.4090967674283474,1.4705371664695643,3.673045521411344
baseline,97,0,2.5532931272756034,1.561011646553923,3.8619195356892027
baseline,98,0,2.7154841553432307,1.6617681180071198,4.101667654960883
baseline,99,0,2.8880265261334426,1.7711565506317322,4.357819313015578
baseline,100,0,3.090082332470102,1.8933827657484938,4.650070290487045
baseline,101,0,3.295979240611778,2.03694420935272,4.9640271956618855
baseline,102,0,3.530229389242893,2.2062101503835447,5.303991980564855
baseline,103,0,3.7978153457485,2.38295050744331,5.653368410952858
baseline,104,0,4.095168592475185,2.5807392356105794,6.034345729877148
baseline,105,0,4.443851894884478,2.793326428166469,6.484731569602306
baseline,106,0,4.799689309782905,3.0375512003613543,7.0298628453521275
baseline,107,0,5.210592272505486,3.304011463926523,7.589733712970736
baseline,108,0,5.671346154528895,3.604441822852411,8.236037974404137
baseline,109,0,6.202280001721565,3.931602176392542,8.978074115354076
baseline,110,0,6.7400370511087955,4.311514471318993,9.75058156540743
baseline,111,0,7.331962138597191,4.7057589963795365,10.60021791021811
baseline,112,0,8.00571227696657,5.16459910065609,11.581554868795408
baseline,113,0,8.75682711373116,5.651298322751647,12.60188942977603
baseline,114,0,9.591606019434268,6.183719921990817,13.814937461510025
baseline,115,0,10.500460626544275,6.765051200258837,15.094098024079843
baseline,116,0,11.40609559727242,7.348032633290211,16.419503727386218
baseline,117,0,12.360793601488599,7.990740812868176,17.774954617928326
baseline,118,0,13.333630094126104,8.655454209260776,19.164581738628776
baseline,119,0,14.363720641716734,9.29022585175023,20.655277421109624
baseline,120,0,15.401322163284082,10.00204683764387,22.167313182817406
baseline,121,0,16.465890303571413,10.751861655100203,23.549835436581517
baseline,122,0,17.45896758937417,11.486410397311587,24.913280397789073
baseline,123,0,18.483414832780845,12.119505978644748,26.11085660306254
baseline,124,0,19.482450150083167,12.706045346451626,27.34102037039909
baseline,125,0,20.422216659321453,13.269873933821042,28.533233009045624
baseline,126,0,21.336716679703933,13.808810152103693,29.81372954359285
baseline,127,0,22.152035856402236,14.36153463052475,31.055288414250107
baseline,128,0,22.92868800490826,14.919050867593764,32.21500276853848
baseline,129,0,23.65399076069152,15.443391840873733,33.288310411364016
baseline,130,0,24.335383220340535,15.931865466300623,34.27763616548465
baseline,131,0,24.978455836989987,16.38727720503994,35.190766711949976
baseline,132,0,25.5803568411213,16.812857609182842,36.035044730705025
baseline,133,0,26.121176987348655,17.15593012671992,36.88081870790037
baseline,134,0,26.620853532634293,17.47146491405566,37.664685479069306
baseline,135,0,27.082342101040396,17.767499347357667,38.362113526766734
baseline,136,0,27.536199258644764,18.084793153175934,39.00730895034767
baseline,137,0,27.971614700647415,18.389485069125932,39.60504159707281
baseline,138,0,28.35978426595037,18.597579188991894,40.106914857307814
baseline,139,0,28.721355270785573,18.78932219960131,40.56845933110596
baseline,140,0,29.066518873421828,18.970014752531817,40.99675122565363
baseline,141,0,29.39813539304847,19.167663752599157,41.42275542081802
baseline,142,0,29.72253568723512,19.356739632829964,41.81774819126012
baseline,143,0,30.024474014231167,19.53573595054747,42.190467118464916
baseline,144,0,30.251891715902552,19.704075428770814,42.54838491435492
baseline,145,0,30.475437689824197,19.861914189179178,42.88015479129787
baseline,146,0,30.6923165764265,20.01080000606164,43.188714409094416
baseline,147,0,30.90169935201099,20.15280819464031,43.47615080244829
baseline,148,0,31.093786042643224,20.288513894925153,43.74140335550751
baseline,149,0,31.274918142452734,20.417573417408214,43.98863966227728
baseline,150,0,31.447962688227825,20.540175137926365,44.219778148758074
baseline,151,0,31.609004409254375,20.656925818372176,44.44047162529569
baseline,152,0,31.75433755393432,20.760312369618255,44.64535402958892
baseline,153,0,31.894185360286382,20.84705651752502,44.83718409251916
baseline,154,0,32.030829956795074,20.929142940476048,45.01728880433841
baseline,155,0,32.158884688996494,21.006753335697503,45.18614752876782
baseline,156,0,32.2730703627825,21.077259443853265,45.343767014122676
baseline,157,0,32.38937574921661,21.14052554564627,45.4904920245707
baseline,158,0,32.49376339383505,21.201684489581453,45.627284141929316
baseline,159,0,32.58812528033923,21.261069031448212,45.75540814744754
baseline,160,0,32.67979376362172,21.31904906659417,45.8761026101823
baseline,161,0,32.77084566005192,21.375996540834286,45.990671327376106
baseline,162,0,32.864954062827294,21.43208264188746,46.1002075393898
baseline,163,0,32.946144090829634,21.487139803735943,46.20503083005415
baseline,164,0,33.024423277744006,21.540949769111215,46.30508560247683
baseline,165,0,33.10012956590929,21.59348395554607,46.400525340224554
baseline,166,0,33.1781935980391,21.644981049516307,46.492091067695036
baseline,167,0,33.255950077752644,21.695804070830963,46.58075680483591
baseline,168,0,33.33303377716996,21.746228369547595,46.667221341937875
baseline,169,0,33.40963399765807,21.795407775704582,46.75182832159289
baseline,170,0,33.4854627235155,21.844557445298797,46.834427182632886
baseline,171,0,33.559916290210346,21.89340444045622,46.91451021750543
baseline,172,0,33.6324838502531,21.941400757900716,46.991642297402365
baseline,173,0,33.71013978473902,21.98715372759302,47.06572842882785
baseline,174,0,33.79252163088162,22.03137701584133,47.13666195915341
baseline,175,0,33.87406139299996,22.074011968181978,47.204406556834606
baseline,176,0,33.940560680674906,22.114977126852448,47.268955297021
baseline,177,0,34.002216233819325,22.154165702591822,47.33029045453654
baseline,178,0,34.06094221756484,22.191612305199673,47.38864563870744
baseline,179,0,34.116887786960355,22.227439700819353,47.44424506321245
baseline,180,0,34.1703457627398,22.261869894332936,47.49744317353887
baseline,181,0,34.22226144637893,22.295192511943917,47.54873994472372
baseline,182,0,34.27679230976753,22.32762369566991,47.628524512385724
baseline,183,0,34.323025726450325,22.35925900509178,47.70945108053745
baseline,184,0,34.36104622528647,22.390088705543235,47.78872553700233
baseline,185,0,34.39545698874463,22.420041178666793,47.866000358630195
baseline,186,0,34.43262336547694,22.44912581666854,47.94109538936944
baseline,187,0,34.47341313983552,22.47745401465746,48.01412942469928
baseline,188,0,34.51313726298371,22.505187374041235,48.08537021954829
baseline,189,0,34.553448426457734,22.532457091456997,48.15499936328478
baseline,190,0,34.59456355257345,22.559261380856043,48.222884826260575
baseline,191,0,34.636411140588905,22.585510116615428,48.28875679662588
baseline,192,0,34.67947561501515,22.61112155022142,48.352341684050586
baseline,193,0,34.72103217915697,22.63609632466339,48.41353459336824
baseline,194,0,34.76032359336325,22.66057378939196,48.47265028401648
baseline,195,0,34.79406357322389,22.68478515197952,48.53028817076929
baseline,196,0,34.82905174845792,22.708892112948075,48.58680184988589
baseline,197,0,34.87104174905888,22.732898306285424,48.6421611669809
baseline,198,0,34.908873049536396,22.756604660256265,48.69580997516655
baseline,199,0,34.945772882445596,22.779943158773495,48.74773031945916
baseline,200,0,34.97993647299782,22.802979517744344,48.798295972016625
baseline,201,0,35.01248662220628,22.825755689530837,48.847697313364556
baseline,202,0,35.044474309313024,22.848285160107668,48.8959717848033
baseline,203,0,35.07514692638277,22.87058747748456,48.943204189294704
baseline,204,0,35.1034387956489,22.892580663062404,48.98928907604982
baseline,205,0,35.1310986969017,22.914143576766605,49.03413002566176
baseline,206,0,35.15817126598553,22.93520558975674,49.07775855821765
baseline,207,0,35.1863162950535,22.95573670998624,49.120212485686096
baseline,208,0,35.2171470391903,22.97571405007981,49.161449462386514
baseline,209,0,35.24770682531226,22.995229019690342,49.201772405594426
baseline,210,0,35.27847626376936,23.014430135454962,49.24168899112239
baseline,211,0,35.30946883486155,23.033466319991067,49.28122669998857
baseline,212,0,35.34017921113838,23.05227135991939,49.31990622417093
baseline,213,0,35.369133572284284,23.070303228551083,49.35730608000227
baseline,214,0,35.396802310143244,23.087534276982296,49.393374268657354
baseline,215,0,35.42398237086721,23.10383380791719,49.428423684069834
baseline,216,0,35.45077898218544,23.11753350461577,49.462673952529876
baseline,217,0,35.4773074849752,23.130993090093337,49.496354844665575
baseline,218,0,35.499089641489526,23.144244844383902,49.52956506928854
baseline,219,0,35.51901504480399,23.157359007372314,49.56246668979379
baseline,220,0,35.54227534251204,23.170393372419323,49.5951997656676
baseline,221,0,35.565495005946254,23.183441654104428,49.62800326254919
baseline,222,0,35.58872298320089,23.196564846683675,49.66105979625489
baseline,223,0,35.6119383589692,23.209786600267833,49.694479449921765
baseline,224,0,35.63522704493829,23.223186463117184,49.728497766626184
baseline,225,0,35.65835023989982,23.237023350447124,49.76320193270088
baseline,226,0,35.676490439606624,23.251122719199863,49.7981899000477
baseline,227,0,35.69427195313361,23.26451478858656,49.833030081089774
baseline,228,0,35.71158922864511,23.277976744996355,49.86751437433506
baseline,229,0,35.72843618330063,23.290738978355552,49.901595767037996
baseline,230,0,35.744917070234116,23.30334483235851,49.93538668799765
baseline,231,0,35.76120296354037,23.31591212315308,49.96907459845651
baseline,232,0,35.77405189826416,23.328702719442155,50.00272391328994
baseline,233,0,35.79128810158859,23.341503692653053,50.0363167719465
baseline,234,0,35.80934082304819,23.354281375218836,50.069695332028715
baseline,235,0,35.826815040977685,23.366918756750618,50.10252763079385
baseline,236,0,35.84678271365252,23.379330314814123,50.134565997037924
baseline,237,0,35.866360535006706,23.391498589516395,50.16572454789321
baseline,238,0,35.88441699592377,23.40339762371466,50.19590928489951
baseline,239,0,35.896147693991566,23.41496162265174,50.22494715815353
baseline,240,0,35.90693584591469,23.42611724792774,50.252650169807865
baseline,241,0,35.91682016739587,23.43625647996191,50.278951870459764
baseline,242,0,35.92654585895987,23.444530783924776,50.30389068590316
baseline,243,0,35.947564374657986,23.454075306950557,50.32759431849268
baseline,244,0,35.96995217286219,23.46657632406298,50.350288237073656
baseline,245,0,35.98462252143824,23.47645979157209,50.372154537619586
baseline,246,0,35.998375801013694,23.486171947273764,50.39330229296786
baseline,247,0,36.00723623779665,23.49597063178255,50.4136681860484
baseline,248,0,36.01447516967342,23.50581083111784,50.4331323556575
baseline,249,0,36.02154186169274,23.515723069031104,50.451674904919926
baseline,250,0,36.02852998304447,23.52587334009215,50.469433077574976
no vax,1,0,0.0017265917757096688,0.00046318741415852474,0.005120864552879818
no vax,2,0,0.005911871563096854,0.0015827866782292823,0.017445254466717748
no vax,3,0,0.011066540251023518,0.0029634166222725156,0.032482449540490385
no vax,4,0,0.016518223263109623,0.0044404708683997455,0.04828054264172352
no vax,5,0,0.022115777173291093,0.005953810048401609,0.06398031305731396
no vax,6,0,0.027695146527577097,0.007488343391172405,0.07996367406241998
no vax,7,0,0.033196043057812874,0.009051269117743472,0.09527223554583868
no vax,8,0,0.038684892089772736,0.010658348732033224,0.11004491034079267
no vax,9,0,0.04421489390672234,0.012261482302021117,0.12439801639647804
no vax,10,0,0.04975220393487349,0.013844803658575435,0.13846033510236205
no vax,11,0,0.055374626589339254,0.015612302453399386,0.1522749146878083
no vax,12,0,0.061122097503317416,0.017363384575238904,0.16569000338323997
no vax,13,0,0.06734519387948051,0.019231900602437214,0.1796679235479746
no vax,14,0,0.07417426605857697,0.02119740298445908,0.19587750860698616
no vax,15,0,0.08102784752471207,0.02329419720693937,0.21175579242376633
no vax,16,0,0.08824939925233832,0.026198144825812324,0.22671201984936287
no vax,17,0,0.09570846672255301,0.028391328336408544,0.2423751239263404
no vax,18,0,0.10360469430452332,0.030898644343151774,0.2557686930822279
no vax,19,0,0.11070630654320161,0.03446981373933268,0.26851158070605713
no vax,20,0,0.11861624043190347,0.03786812945572585,0.2823899734551632
no vax,21,0,0.12530500745859235,0.04082150704528895,0.2940644786657482
no vax,22,0,0.13201418488699013,0.04467383095340752,0.30801480172688034
no vax,23,0,0.14125379168532237,0.047972306664452444,0.32204702456111645
no vax,24,0,0.1491288267997012,0.05126812685451793,0.33753233362296803
no vax,25,0,0.15659732339412424,0.05400505570664127,0.35249502684349
no vax,26,0,0.16438082149803568,0.058264645014235616,0.36705450344899293
no vax,27,0,0.17226976328303018,0.0620637949911256,0.3812376978419134
no vax,28,0,0.1817934124824817,0.0659474618773384,0.39507403419833
no vax,29,0,0.19096732576716835,0.07000406341525146,0.4085343890158583
no vax,30,0,0.19996345603029186,0.07498290132999585,0.42203413317106175
no vax,31,0,0.20803637056784258,0.08007918018825834,0.43649603058919756
no vax,32,0,0.2142795993080822,0.08525224581763406,0.4498347032895317
no vax,33,0,0.2220260663030334,0.0894150311181814,0.46512374781347915
no vax,34,0,0.23106048539151702,0.09340995975227487,0.4739886719843818
no vax,35,0,0.24163002408498113,0.09860833869069688,0.4835829968557647
no vax,36,0,0.25191809814609717,0.10374734463259841,0.50096978342004
no vax,37,0,0.2614209978729246,0.10740591480137784,0.5141889044862853
no vax,38,0,0.27090802547612824,0.11073528355195777,0.5297700728979953
no vax,39,0,0.28024656737580517,0.11612708423526276,0.5457897942837869
no vax,40,0,0.28875640497514354,0.12230780622355417,0.5605796229170193
no vax,41,0,0.2989556692758198,0.1290010301218952,0.577171909086915
no vax,42,0,0.3079862691963465,0.13469091294531307,0.5929603878467823
no vax,43,0,0.31628673487785075,0.1398131550367275,0.6101197135499855
no vax,44,0,0.3249951655509864,0.14866232226109616,0.6260458406035985
no vax,45,0,0.33513321423623954,0.15637676548804985,0.6416587234714899
no vax,46,0,0.345550823436613,0.16333674367395196,0.6601113812726715
no vax,47,0,0.35553321684057426,0.16910914523277112,0.676556666730956
no vax,48,0,0.36629873475257435,0.17526095543549458,0.6948107037768004
no vax,49,0,0.3776410921100161,0.17985700438784266,0.7200569473204065
no vax,50,0,0.38986244970080297,0.18615839074472462,0.740154457573641
no vax,51,0,0.4001501176218737,0.19335549309648095,0.7601135375987697
no vax,52,0,0.41059183797831134,0.1996651548031654,0.7793919972277638
no vax,53,0,0.4236221790571988,0.20445265026266987,0.7985041186728711
no vax,54,0,0.4351887874821086,0.20845910960230063,0.8169252873109715
no vax,55,0,0.4493265370752624,0.21430752332773745,0.835761030927196
no vax,56,0,0.4646341239739581,0.22188441246030619,0.8546556249948003
no vax,57,0,0.4782488860479173,0.23199018097954485,0.8802103745902136
no vax,58,0,0.4931948365290194,0.24254452677922717,0.9114478638667308
no vax,59,0,0.5083013939841378,0.2538061027200576,0.9359549457303501
no vax,60,0,0.523678943214731,0.26552112471538925,0.9586562185112812
no vax,61,0,0.5409643169437939,0.27295371386393014,0.9769750618614569
no vax,62,0,0.5606787195473665,0.2805666718471635,0.9965939411814188
no vax,63,0,0.5804628128928377,0.2918251246851804,1.019367232389288
no vax,64,0,0.6024978117692563,0.30452617080956623,1.048636348391216
no vax,65,0,0.6224250121766302,0.3145022753054045,1.0791464372470851
no vax,66,0,0.6484067126420077,0.32652200796125286,1.1109879126288609
no vax,67,0,0.673175702804181,0.34001094613364513,1.157960037432359
no vax,68,0,0.6983981319353505,0.35172380436128486,1.194675106655792
no vax,69,0,0.730834200033324,0.36929288443641445,1.230164611876316
no vax,70,0,0.7616017312456982,0.3904066696908848,1.289035535739275
no vax,71,0,0.7972939023188254,0.4108749674066445,1.3382095191806644
no vax,72,0,0.8345473995639952,0.4337461333956713,1.416099674891112
no vax,73,0,0.8741246728633167,0.4625772345285585,1.4634424968124045
no vax,74,0,0.9166539673063621,0.48852096753281465,1.5231393219095066
no vax,75,0,0.9659754413014199,0.5191803882171551,1.6027558913481037
no vax,76,0,1.0161701715525588,0.5499855041912932,1.6725249029929077
no vax,77,0,1.0710272906186462,0.5911369060196064,1.7385159765073412
no vax,78,0,1.1261254413333703,0.633033990076428,1.8234240645535218
no vax,79,0,1.1910721003135223,0.6858037928377649,1.9262389062343577
no vax,80,0,1.2603027709143668,0.7233947026592443,2.030663038380643
no vax,81,0,1.3361023754006103,0.7736705860784473,2.142207269810118
no vax,82,0,1.4196512771195473,0.8293509395474027,2.25646753201981
no vax,83,0,1.5140438536759724,0.8795299948559354,2.3626529350060133
no vax,84,0,1.6184196128343162,0.9305158120168866,2.502403384283729
no vax,85,0,1.7350207593691909,1.0089581961148693,2.6733740676046316
no vax,86,0,1.859022475531312,1.0991496714961435,2.858830599968851
no vax,87,0,1.9849352349805751,1.1798335495509575,3.0548844236396633
no vax,88,0,2.123773716608875,1.272189313398666,3.2641197238555946
no vax,89,0,2.2799834019836007,1.3821412027028683,3.4859358200887445
no vax,90,0,2.445054985412594,1.503939288649662,3.7324068265180315
no vax,91,0,2.62566458760931,1.630187197192761,3.9967630991980725
no vax,92,0,2.836718065064642,1.7560547619312812,4.279295060647333
no vax,93,0,3.057691128637903,1.891990616159301,4.615080157045093
no vax,94,0,3.3004126096782818,2.029857683020743,4.977772220569013
no vax,95,0,3.5583730880004163,2.17931741994383,5.341780459965497
no vax,96,0,3.832569602384082,2.355208485873549,5.71560813197262
no vax,97,0,4.150817575688516,2.5565178283955365,6.186971667455562
no vax,98,0,4.513364876616036,2.784292839098453,6.710460601317562
no vax,99,0,4.912189587647236,3.062067185164152,7.311002391354325
no vax,100,0,5.382763631907793,3.3648228147492794,7.949114644423801
no vax,101,0,5.888687634583878,3.7047151756548256,8.742534574219698
no vax,102,0,6.479812032338534,4.090168286865109,9.607523801393063
no vax,103,0,7.153175144459771,4.521397346625918,10.48706209692309
no vax,104,0,7.906694899707335,5.032405305112292,11.669257081569686
no vax,105,0,8.799578956524732,5.640123419157646,12.989891448232331
no vax,106,0,9.850089314490937,6.302087809751286,14.394477025047715
no vax,107,0,11.07243410392442,7.053200464625096,16.144094180256094
no vax,108,0,12.393366365823296,7.970475793489734,18.281448750544897
no vax,109,0,13.848991544135192,9.005425452411927,20.531239247815314
no vax,110,0,15.549315051808183,10.11011468788532,22.981008380487545
no vax,111,0,17.492036273869502,11.34737297021748,25.824474164154918
no vax,112,0,19.719345022588186,12.71939408252599,29.07067831217785
no vax,113,0,22.17362783036922,14.281736672613334,32.66707300759716
no vax,114,0,24.9552470021617,16.007252072377135,36.53920530979857
no vax,115,0,28.059096116252398,18.05059172530014,40.27556475727058
no vax,116,0,31.30055054953693,20.2463932604977,44.89349029415109
no vax,117,0,34.732888735786744,22.53240166443843,49.66080737475474
no vax,118,0,38.217021557430954,24.928120643205986,54.376146627642285
no vax,119,0,41.889516447504434,27.32348107704418,59.21498665281213
no vax,120,0,45.7954847320339,29.72323671165226,64.45915286432674
no vax,121,0,49.51031092546641,31.976337189432314,69.38598008057811
no vax,122,0,53.21357825209476,34.40573431530478,74.06437621534448
no vax,123,0,56.83186576396794,36.88219408223745,78.6644389443554
no vax,124,0,60.51496210099923,39.29664258819362,82.9335728268601
no vax,125,0,63.87745028068106,41.574155959446465,87.22211287488845
no vax,126,0,67.089658345902,43.7864912332244,91.70088666536088
no vax,127,0,70.29541056556897,45.926098018903815,95.98461354157467
no vax,128,0,73.12362036031125,47.965748289312614,99.84565643904816
no vax,129,0,75.83625918189702,49.86484415093123,103.24080324147434
no vax,130,0,78.3150684552526,51.628381761913,106.41157804355896
no vax,131,0,80.68105803463918,53.28335693752888,109.37427509544177
no vax,132,0,82.85999971139933,54.841114819208194,112.2154641032225
no vax,133,0,84.94005240716922,56.04849868859322,115.038322104267
no vax,134,0,86.76474589514879,57.08353586742181,117.66530372932442
no vax,135,0,88.69623071794027,58.09306286709781,120.10174677993221
no vax,136,0,90.479542058634,59.2117641113889,122.36932828649199
no vax,137,0,92.05332215488758,60.24464572094852,124.37552817313173
no vax,138,0,93.44670471854184,61.19706290063989,126.1231380878454
no vax,139,0,94.7095030543899,62.07903051631676,127.72995058827642
no vax,140,0,95.92138003251353,62.89579397404373,129.20777646244312
no vax,141,0,97.06767162691148,63.649547186459934,130.5629906210093
no vax,142,0,98.1496624909403,64.342260345276,131.8010715709309
no vax,143,0,99.09244692712323,64.97843883239001,132.93067382603047
no vax,144,0,100.02350299301537,65.56239289974778,133.95966145669502
no vax,145,0,100.90704490808751,66.09824450729026,135.0069955074303
no vax,146,0,101.7276701909955,66.59269023414208,135.99543017269812
no vax,147,0,102.49498087156043,67.05304076698424,136.90828857123276
no vax,148,0,103.17980069100605,67.48322085205005,137.6275301947383
no vax,149,0,103.75179039992744,67.88480330187127,138.16766527468718
no vax,150,0,104.32468647082342,68.26004215779881,138.89941726776232
no vax,151,0,104.82255041684132,68.61196797771163,139.6279556965659
no vax,152,0,105.22402595328055,68.94393053241673,140.29669994061518
no vax,153,0,105.60636213615669,69.25954094348428,140.91336291645356
no vax,154,0,105.95229055639217,69.5616890029324,141.48312340427879
no vax,155,0,106.35845718545418,69.85158858667698,142.0088303723407
no vax,156,0,106.80938869967848,70.12925129503931,142.49200876370028
no vax,157,0,107.22205741760126,70.39491499929484,142.9350697767979
no vax,158,0,107.57056395175593,70.64985382313985,143.34192597268404
no vax,159,0,107.93943036116748,70.89600814931023,143.7171243280251
no vax,160,0,108.30170940411998,71.13542855133583,144.0650057936798
no vax,161,0,108.63945728691587,71.37032239865168,144.38986576141335
no vax,162,0,108.9524074150838,71.60224926575472,144.69527805974485
no vax,163,0,109.26334283267147,71.83108285540804,144.98961578805836
no vax,164,0,109.58631976929625,72.05616708061868,145.3406622034149
no vax,165,0,109.86988650783908,72.27761498503166,145.67989795939795
no vax,166,0,110.10900849322985,72.49702392653862,146.00950792496926
no vax,167,0,110.33529587738644,72.68580808476476,146.3325738077507
no vax,168,0,110.60322034471638,72.84293830983948,146.65132937122502
no vax,169,0,110.86412925314082,72.99612017044873,146.9666089692768
no vax,170,0,111.09202114433072,73.1449465343395,147.27732857266005
no vax,171,0,111.34543568170228,73.28842134725781,147.5810454150167
no vax,172,0,111.607440808495,73.42571536248168,147.87553719583255
no vax,173,0,111.82641272704487,73.55665315972323,148.15977426421674
no vax,174,0,112.06157752969845,73.6810307474684,148.43282593860891
no vax,175,0,112.27640578079463,73.79879797356665,148.69410821393305
no vax,176,0,112.47684047864595,73.91003466074932,148.94320417717236
no vax,177,0,112.68222543733523,74.01485956988795,149.17975153610035
no vax,178,0,112.88173514005008,74.11383119615357,149.40438165762842
no vax,179,0,113.07177396479398,74.2074246374447,149.61790007951606
no vax,180,0,113.23435928488146,74.2963059699556,149.77129978759262
no vax,181,0,113.36077341801284,74.38138213967456,149.91114843829186
no vax,182,0,113.48411567113774,74.46324125724718,150.05133317266
no vax,183,0,113.60537717301645,74.54233910508734,150.24243616697325
no vax,184,0,113.72531114128716,74.619032646857,150.42788604721108
no vax,185,0,113.84361420238014,74.69314294739632,150.60717483243988
no vax,186,0,113.9599802780451,74.76453938935721,150.77982276071324
no vax,187,0,114.0763338848032,74.83338151315542,150.94600531825498
no vax,188,0,114.21695668758142,74.89997416340194,151.10623346289756
no vax,189,0,114.35694734617455,74.96451976940281,151.2724090579237
no vax,190,0,114.49590402021047,75.02694138213563,151.44059311396194
no vax,191,0,114.59421048428754,75.0871158675572,151.6023809636299
no vax,192,0,114.68830742860047,75.14486966990368,151.75001733201668
no vax,193,0,114.80112182932365,75.20013604604011,151.8769272992483
no vax,194,0,114.98172286880666,75.25334222769712,151.9990457598857
no vax,195,0,115.14440744655577,75.30526877214952,152.1178037829292
no vax,196,0,115.25686406380294,75.356363246597,152.23407708634593
no vax,197,0,115.37041592428046,75.40664805326317,152.3479220976841
no vax,198,0,115.48329278536863,75.45547934041115,152.4582212303595
no vax,199,0,115.60012439103181,75.5028884538975,152.56500495583003
no vax,200,0,115.7215669953102,75.54932271562018,152.66910373503606
no vax,201,0,115.7824757476833,75.59486996120809,152.77086663764518
no vax,202,0,115.86515224230334,75.63935449401097,152.8702631348529
no vax,203,0,115.94900987151811,75.68268251882778,152.967371812025
no vax,204,0,116.033419404055,75.72461427585395,153.06189305243944
no vax,205,0,116.13572233191046,75.76503374083492,153.15360151953178
no vax,206,0,116.22781121557495,75.80398000242657,153.24255045734904
no vax,207,0,116.30811086828601,75.84142671644558,153.3287689104397
no vax,208,0,116.40338659324836,75.87719347009242,153.41208125655106
no vax,209,0,116.50146607822359,75.91150265728781,153.49305764867566
no vax,210,0,116.58816595561173,75.9448316690494,153.57272066363373
no vax,211,0,116.67169409933342,75.98979066473807,153.65110886001577
no vax,212,0,116.72731736849497,76.04454180984872,153.73900580449418
no vax,213,0,116.78156335113624,76.09695773480836,153.81818205632337
no vax,214,0,116.84028355290326,76.14695283732826,153.8955514354531
no vax,215,0,116.89723216533963,76.19489210870822,153.97166439259672
no vax,216,0,116.9525601520102,76.24103873321991,154.04676474697862
no vax,217,0,117.01757853325928,76.28566360278326,154.12111804184275
no vax,218,0,117.08289824098787,76.32888457951223,154.19469856187422
no vax,219,0,117.14693890594799,76.37087356605676,154.26771692793514
no vax,220,0,117.22675771151556,76.41176478955275,154.34030686544514
no vax,221,0,117.32053776649003,76.45178038052063,154.41278731337633
no vax,222,0,117.37276908927194,76.49107818560698,154.48526929038115
no vax,223,0,117.42092457726442,76.52974043584604,154.5576368802578
no vax,224,0,117.46900256184959,76.56796009196403,154.63007587458955
no vax,225,0,117.51747876544303,76.60579549524488,154.7025262778722
no vax,226,0,117.56570057104275,76.64289030820105,154.7739639688748
no vax,227,0,117.61747983170622,76.67891640489762,154.8435143206887
no vax,228,0,117.67156833367156,76.71377473064307,154.9108870205139
no vax,229,0,117.72409426163168,76.74752130518603,154.97616108258333
no vax,230,0,117.77340309441362,76.78035195248015,155.03976744326835
no vax,231,0,117.82799292457784,76.81252385601854,155.10232445501325
no vax,232,0,117.88167780340464,76.8441858556913,155.16426593210673
no vax,233,0,117.93499288299323,76.87540373495636,155.22591540145788
no vax,234,0,117.98785661190068,76.90611042146462,155.28726108602274
no vax,235,0,118.03534546926127,76.93608491286464,155.34782805966978
no vax,236,0,118.08256966853874,76.96516872790896,155.4072702334522
no vax,237,0,118.12955150371265,76.99333328068862,155.46557091854868
no vax,238,0,118.17066512458298,77.02054558915023,155.52266898929176
no vax,239,0,118.21041260445776,77.04670955174511,155.57831551506834
no vax,240,0,118.24359339659787,77.07172319547199,155.63221783159173
no vax,241,0,118.26375573119205,77.09562743030898,155.68433712004304
no vax,242,0,118.28290080729087,77.11858524776044,155.73484760066606
no vax,243,0,118.32227127762022,77.14085749585662,155.7841345352994
no vax,244,0,118.36233383078506,77.1628136245105,155.8328694644279
no vax,245,0,118.39970953266243,77.18478979423344,155.88162034940513
no vax,246,0,118.41977079797877,77.20702754969454,155.93076824643023
no vax,247,0,118.43873331903127,77.22954565971365,155.98013918225664
no vax,248,0,118.45647013271807,77.25230860771518,156.02936119763433
no vax,249,0,118.47295721759302,77.27545203614049,156.0784237485757
no vax,250,0,118.48834699487473,77.29939845522061,156.12796370503744
Infection protection only,1,1,0.007704280841523486,0.002469176258742391,0.023260035628671242
Infection protection only,2,1,0.026410927905917425,0.008463724835088938,0.07944470716192975
Infection protection only,3,1,0.05005144323095117,0.01604190462210787,0.15034574684551436
Infection protection only,4,1,0.0763482897612475,0.02452193775666121,0.22808611486895494
Infection protection only,5,1,0.10484874352743914,0.033592438404485746,0.3098883099264016
Infection protection only,6,1,0.13496783768718007,0.043144118734123035,0.39416826494463236
Infection protection only,7,1,0.16575621090145867,0.05284661536236102,0.47885355955085684
Infection protection only,8,1,0.19667300765906875,0.0625533033666986,0.5643642750344069
Infection protection only,9,1,0.22950829213301344,0.07256487547453583,0.6498130555985402
Infection protection only,10,1,0.26327767807040325,0.08311160663251202,0.7360893757939684
Infection protection only,11,1,0.2987565070352283,0.09430813944484907,0.8230886950944722
Infection protection only,12,1,0.3371317370864444,0.10625169915370777,0.9104458804548847
Infection protection only,13,1,0.3773156143779631,0.11894775245858195,0.9952741410341785
Infection protection only,14,1,0.4177663337533023,0.13311660791961777,1.0751997943108436
Infection protection only,15,1,0.4585027249483285,0.14866003559130886,1.1497728185525984
Infection protection only,16,1,0.49957414635172515,0.16818571842535188,1.2224453993494988
Infection protection only,17,1,0.5403016491526274,0.19064467822289755,1.300091784757692
Infection protection only,18,1,0.585907808454867,0.2106751437025177,1.3736300934511922
Infection protection only,19,1,0.6404382478413152,0.22958704395122656,1.4587387175047783
Infection protection only,20,1,0.6957298646408024,0.2518684439932364,1.541282144366038
Infection protection only,21,1,0.745234815500347,0.27816967546595317,1.6546291474189794
Infection protection only,22,1,0.7918366817697591,0.3052434317462601,1.7777028800729884
Infection protection only,23,1,0.8485697933078145,0.32969400689065825,1.9007745736772066
Infection protection only,24,1,0.8969371928843121,0.3497353786916446,1.9990803511363053
Infection protection only,25,1,0.9441950542221893,0.3748727274772471,2.0862641362665277
Infection protection only,26,1,0.9982135263988279,0.4023115211013077,2.184234781326624
Infection protection only,27,1,1.0614915315909053,0.4260539978989552,2.2664190247440956
Infection protection only,28,1,1.1177235065143436,0.4618582854073868,2.3513665626131264
Infection protection only,29,1,1.1659622138763681,0.49354654120904967,2.436049491847212
Infection protection only,30,1,1.2194670515700907,0.5252370118808273,2.529982110149532
Infection protection only,31,1,1.2722816971444937,0.5589239075957954,2.621014858652993
Infection protection only,32,1,1.3240618377398286,0.5856838938810109,2.6704974057738817
Infection protection only,33,1,1.3737832157954655,0.6176641151955863,2.7531599257597255
Infection protection only,34,1,1.4341311613039212,0.6389637029709552,2.895541350928909
Infection protection only,35,1,1.4858972188042086,0.6728097060348233,2.9730607309470067
Infection protection only,36,1,1.5357872384188451,0.71266759670651,3.051307665033586
Infection protection only,37,1,1.5919457646303594,0.7529437331247439,3.1486183466064395
Infection protection only,38,1,1.6534779148190903,0.7853040626626907,3.229133220856684
Infection protection only,39,1,1.7029446479070032,0.8186706225541927,3.327656512233607
Infection protection only,40,1,1.7556165537572292,0.8578866271329674,3.4062874908605747
Infection protection only,41,1,1.82253324019295,0.8907651008697662,3.485393824079591
Infection protection only,42,1,1.875910992134898,0.9189613573705363,3.562528955423974
Infection protection only,43,1,1.927241303271699,0.946557571436718,3.6670376271400746
Infection protection only,44,1,1.9795055874335055,0.9840756666957464,3.766464488472086
Infection protection only,45,1,2.033072462166663,1.0184739314961893,3.816650823815086
Infection protection only,46,1,2.0852604122189424,1.0543919198881466,3.8965631533603107
Infection protection only,47,1,2.141268538136785,1.0972591364994346,4.0125385241143485
Infection protection only,48,1,2.1899326294578314,1.1415331655266567,4.1598129916294
Infection protection only,49,1,2.244937293091276,1.172513672927485,4.267186974679309
Infection protection only,50,1,2.309258045970541,1.219842256028997,4.3315681512010595
Infection protection only,51,1,2.3690588920068874,1.2711947337474796,4.394306831075606
Infection protection only,52,1,2.432889488209685,1.306638395975564,4.492085405495717
Infection protection only,53,1,2.497689477628069,1.3443051117443114,4.597347194630812
Infection protection only,54,1,2.573409177168104,1.398100646614977,4.707591097929806
Infection protection only,55,1,2.634763412614017,1.4477041741849943,4.822400826029124
Infection protection only,56,1,2.70246541048254,1.507517522348247,4.9380074822812325
Infection protection only,57,1,2.7816469939439545,1.560438447752417,5.016490375598192
Infection protection only,58,1,2.8527225745070637,1.5903352703821765,5.103319661907871
Infection protection only,59,1,2.927836074211421,1.643298635454817,5.234051654110796
Infection protection only,60,1,3.014124532889656,1.6833136900624166,5.401053569421761
Infection protection only,61,1,3.101275837548159,1.7412228950818598,5.53518239975149
Infection protection only,62,1,3.201274157914371,1.7841156519920962,5.72490007233826
Infection protection only,63,1,3.2989117052813173,1.845391470933236,5.878137756219684
Infection protection only,64,1,3.399839902901494,1.9105180238222563,5.998059975791477
Infection protection only,65,1,3.503379046494166,1.9814786854547206,6.151367668015673
Infection protection only,66,1,3.6081846989321447,2.056792176797698,6.309266463516201
Infection protection only,67,1,3.714106615682721,2.11962002597927,6.489015863068355
Infection protection only,68,1,3.8419795403947994,2.19153006711314,6.677387430424473
Infection protection only,69,1,4.008693328768911,2.289276496275904,6.840411383545406
Infection protection only,70,1,4.154753316346303,2.395340047817764,7.00901289478902
Infection protection only,71,1,4.322013303888055,2.507296572987136,7.211450909654265
Infection protection only,72,1,4.478370361635106,2.613411579579446,7.488109648204852
Infection protection only,73,1,4.642029706829879,2.7376126281860333,7.726205317518132
Infection protection only,74,1,4.809939280011477,2.8724231542141374,8.02527740764631
Infection protection only,75,1,4.994613478832878,2.9783837372517263,8.34790316139319
Infection protection only,76,1,5.206457593659387,3.096704063013436,8.649393979647687
Infection protection only,77,1,5.404690817326923,3.2319614841025004,8.897811108986525
Infection protection only,78,1,5.628244648297744,3.3731595559380767,9.237388862837058
Infection protection only,79,1,5.842752011630006,3.5375247621995247,9.598710416662184
Infection protection only,80,1,6.128033818372545,3.6825058967441127,9.937019440590252
Infection protection only,81,1,6.415445028905342,3.855332585334657,10.280912967438764
Infection protection only,82,1,6.718297081002577,4.068380381396479,10.602682817631704
Infection protection only,83,1,7.077732324639214,4.269845816731571,11.00335583023556
Infection protection only,84,1,7.443711242741491,4.569581876775103,11.417649163981602
Infection protection only,85,1,7.811921933067035,4.838514691780982,11.809866757459082
Infection protection only,86,1,8.176224012212218,5.080946201597177,12.369803464445438
Infection protection only,87,1,8.610768342067725,5.346476050548291,12.940267737819548
Infection protection only,88,1,9.040239222049053,5.675402999302517,13.509001245077796
Infection protection only,89,1,9.490044958471387,5.985178333536636,14.105842952571066
Infection protection only,90,1,9.960428302670731,6.30346553718025,14.725689796242175
Infection protection only,91,1,10.424189749201009,6.6303602794523115,15.410678201325242
Infection protection only,92,1,10.894569765612562,6.9393779216773135,16.136070590192205
Infection protection only,93,1,11.40694907015161,7.310069711116647,16.70713100848895
Infection protection only,94,1,11.945245287099873,7.699533347610828,17.49909213471586
Infection protection only,95,1,12.518902049567705,8.135967400599153,18.324318089469333
Infection protection only,96,1,13.210712540095493,8.639772385070238,19.257247382062225
Infection protection only,97,1,13.979990397373788,9.154493894069986,20.320380497557633
Infection protection only,98,1,14.792026594906412,9.745846032542028,21.458628161886917
Infection protection only,99,1,15.686689245355218,10.301023166342242,22.65340750449036
Infection protection only,100,1,16.646632577159604,11.075085517637348,23.92532682141831
Infection protection only,101,1,17.747174562396168,11.841456584952896,25.40686910347323
Infection protection only,102,1,18.989406986291776,12.649195948759651,27.000791281808922
Infection protection only,103,1,20.38012225909551,13.576552029159577,28.806822707135176
Infection protection only,104,1,22.00971360062215,14.687758938223407,30.89069947787858
Infection protection only,105,1,23.83956819614329,15.984783496432636,33.14649631679564
Infection protection only,106,1,25.774418371168313,17.313255105225064,35.84091946304438
Infection protection only,107,1,27.838906500555286,18.856011380609093,38.369982243051716
Infection protection only,108,1,30.114915849025305,20.59407527120752,41.12784164520243
Infection protection only,109,1,32.941618219644454,22.383811382134482,44.564170148657716
Infection protection only,110,1,35.84309270624971,24.537810658777595,48.60208928408729
Infection protection only,111,1,39.04334124109718,26.581143275971822,52.94555600108482
Infection protection only,112,1,42.60741137614852,28.9180115453071,57.62658532819542
Infection protection only,113,1,46.35997962311522,31.788019192579377,62.49540217979389
Infection protection only,114,1,50.30839821062059,34.861429311325,67.76659428369442
Infection protection only,115,1,54.19737243478501,37.738724990400215,72.76906991135675
Infection protection only,116,1,58.145477582004474,40.513127452520024,77.95394509088644
Infection protection only,117,1,62.22985905660792,43.32889578045563,83.4631607301618
Infection protection only,118,1,66.44734091272618,46.183041072955604,89.15605127545359
Infection protection only,119,1,70.71548429119578,49.052330032317,94.56778506988722
Infection protection only,120,1,74.91391570052252,51.89862689922315,100.07850850496959
Infection protection only,121,1,78.94803876884785,54.67559382252563,104.98699596575626
Infection protection only,122,1,82.93823605899645,57.36849347110098,109.9629567997762
Infection protection only,123,1,86.91540189141179,59.96822415510786,114.75588335249978
Infection protection only,124,1,90.59887798048486,62.46746981680534,119.66178349143168
Infection protection only,125,1,94.10036546224113,64.8593724794467,124.35045150419512
Infection protection only,126,1,97.48980087407648,67.13368920801251,128.78654048784756
Infection protection only,127,1,100.73068137372537,69.26324332461796,132.95721756899903
Infection protection only,128,1,103.7084019011123,71.31332121219982,136.9565425183358
Infection protection only,129,1,106.65500385323232,73.26304626777384,140.77897568188345
Infection protection only,130,1,109.5697845892823,75.13422279099646,144.36810583391178
Infection protection only,131,1,112.33814729564185,76.93405376374227,147.93697972847278
Infection protection only,132,1,115.06591382560889,78.66449968283521,151.47247222340715
Infection protection only,133,1,117.46692593404933,80.51168421077826,154.84759627861402
Infection protection only,134,1,119.73098002262265,82.44974074890163,157.89401124565032
Infection protection only,135,1,121.84252164056082,83.99388077136196,160.77761879179576
Infection protection only,136,1,123.99669445115848,85.70803517923287,163.52824991282134
Infection protection only,137,1,126.06234567604977,87.34011719836833,166.12331265875122
Infection protection only,138,1,127.98502157995955,88.85947681051368,168.57116176074166
Infection protection only,139,1,129.81244338356402,90.12948985961779,170.89049800758121
Infection protection only,140,1,131.46311447370147,91.20411575585648,173.0437252723795
Infection protection only,141,1,132.9183931188619,92.16267946293137,175.00364551264843
Infection protection only,142,1,134.24690797320966,93.01009813617154,176.77535953279923
Infection protection only,143,1,135.4830342369804,93.76943087530762,178.4075578126509
Infection protection only,144,1,136.62159752441215,94.45895507831983,179.9317808983206
Infection protection only,145,1,137.64000103307689,95.08972989839572,181.35959068678451
Infection protection only,146,1,138.5837087616938,95.6739735305191,182.7023773304054
Infection protection only,147,1,139.44278662407203,96.21201443964115,183.95140145120897
Infection protection only,148,1,140.28787008216304,96.70060411607385,185.10191866463487
Infection protection only,149,1,141.01187899645495,97.15090421535632,186.17349014755257
Infection protection only,150,1,141.711340372937,97.5770213162481,187.17294208613532
Infection protection only,151,1,142.48338320504342,98.12710297869528,188.0458122048289
Infection protection only,152,1,143.15897138805707,98.64894370330948,188.76625893695896
Infection protection only,153,1,143.81921829312972,99.15654292841573,189.46951794717987
Infection protection only,154,1,144.40054291082006,99.62898628350855,190.14404864124876
Infection protection only,155,1,144.96377240695483,100.06139370444536,190.78389721553327
Infection protection only,156,1,145.54598909138778,100.46033499277029,191.40144098841273
Infection protection only,157,1,146.08967407543764,100.83235237131663,192.0054291646423
Infection protection only,158,1,146.63819068262205,101.18244302691986,192.59832636654556
Infection protection only,159,1,147.07445490654212,101.52872368544755,193.1866473325872
Infection protection only,160,1,147.50139487509125,101.90268287474886,193.77025646904238
Infection protection only,161,1,147.94098193569016,102.25669033105306,194.3371249159956
Infection protection only,162,1,148.402725713799,102.58952137606173,194.88277486471742
Infection protection only,163,1,148.84157182849933,102.90825172305158,195.41810733288554
Infection protection only,164,1,149.23671797116577,103.21705815334869,195.94929243595436
Infection protection only,165,1,149.62422067291422,103.51746476886225,196.47802580988812
Infection protection only,166,1,150.0057081770171,103.81183533340831,197.0076682021926
Infection protection only,167,1,150.37333914056882,104.10153233136569,197.53968298099846
Infection protection only,168,1,150.74806171190977,104.38077963703702,198.06139239853775
Infection protection only,169,1,151.09370276189057,104.645631104217,198.56356640899244
Infection protection only,170,1,151.43855165764856,104.89464214222826,199.0419139728383
Infection protection only,171,1,151.77362846133877,105.12723234820409,199.494061347516
Infection protection only,172,1,152.11150180670427,105.3437421456526,199.91964252010808
Infection protection only,173,1,152.4049238496961,105.54562874323823,200.3206005425252
Infection protection only,174,1,152.67815679892357,105.73412062931511,200.69859495298144
Infection protection only,175,1,152.9511851099761,105.91042160946645,201.05532226708513
Infection protection only,176,1,153.20675030360673,106.07626843846514,201.39360264103323
Infection protection only,177,1,153.45168762193276,106.23592743535664,201.72162847864803
Infection protection only,178,1,153.69072883122166,106.39284982467916,202.0337016507223
Infection protection only,179,1,153.92554258403402,106.54825985086862,202.27922458082168
Infection protection only,180,1,154.15704870084937,106.70728968048348,202.52615754420802
Infection protection only,181,1,154.38545597535722,106.86564517242499,202.77561134112477
Infection protection only,182,1,154.60599534063107,107.01986531234823,203.02221245540125
Infection protection only,183,1,154.81641576781746,107.16838824885998,203.26377575324932
Infection protection only,184,1,155.00792606380298,107.3144220297331,203.50662821988925
Infection protection only,185,1,155.20218026209795,107.45921126171473,203.7534022045126
Infection protection only,186,1,155.3999975594237,107.6025634656386,204.00409038431803
Infection protection only,187,1,155.60017164229748,107.74426998477044,204.25869220827312
Infection protection only,188,1,155.7730156806179,107.91882723930762,204.51613911276124
Infection protection only,189,1,155.97588002720659,108.10505375862715,204.7693011115008
Infection protection only,190,1,156.19763468850672,108.28241132689864,205.0136676703552
Infection protection only,191,1,156.41504701416412,108.45398499472567,205.25293143823876
Infection protection only,192,1,156.60887632696367,108.62208847498161,205.48944453125262
Infection protection only,193,1,156.77342554554744,108.78772768255901,205.71885552118633
Infection protection only,194,1,156.95530902794656,108.95229920913734,205.94475464092883
Infection protection only,195,1,157.15057543290266,109.1169381103642,206.17224879369525
Infection protection only,196,1,157.34024996141048,109.27834302319465,206.3964728401383
Infection protection only,197,1,157.51467851442155,109.43446277874212,206.61387358553299
Infection protection only,198,1,157.68678117699673,109.58712277780096,206.8254262362396
Infection protection only,199,1,157.8784132149207,109.73889119212923,207.03532309249943
Infection protection only,200,1,158.07262571286228,109.89351976099059,207.24782649301534
Infection protection only,201,1,158.26997909983908,110.05042560105869,207.46385250055474
Infection protection only,202,1,158.4688084030379,110.20743035782793,207.68114905581024
Infection protection only,203,1,158.634639102506,110.36013174642075,207.89334254908215
Infection protection only,204,1,158.78428869939393,110.50587947789657,208.09660380011394
Infection protection only,205,1,158.92953029995442,110.64684398706015,208.2946959839389
Infection protection only,206,1,159.0733247858064,110.78500984388067,208.49145781690416
Infection protection only,207,1,159.2170749208762,110.92092527096948,208.68804871213666
Infection protection only,208,1,159.3763790123849,111.05418454362109,208.88334722478905
Infection protection only,209,1,159.5513903164071,111.1845949984806,209.07768771396826
Infection protection only,210,1,159.72367246472697,111.3099357407774,209.268657424087
Infection protection only,211,1,159.876537711919,111.42862695461741,209.45380323445417
Infection protection only,212,1,160.0099612667618,111.54156535664627,209.6336412966413
Infection protection only,213,1,160.14364754360304,111.64932075614124,209.8079519868021
Infection protection only,214,1,160.2777207482591,111.75229722084288,209.97401565874438
Infection protection only,215,1,160.41326245468917,111.85129027824932,210.13694700589096
Infection protection only,216,1,160.54963187882743,111.93766807637115,210.29662545786596
Infection protection only,217,1,160.68321360390445,112.01470062436682,210.4498102924147
Infection protection only,218,1,160.81204475304617,112.08895666646306,210.59517876474726
Infection protection only,219,1,160.93922379824357,112.16230977348887,210.73733086177018
Infection protection only,220,1,161.06707524123323,112.23622959317126,210.87984859096363
Infection protection only,221,1,161.19683901963478,112.31159786677264,211.02506541376084
Infection protection only,222,1,161.3285841608993,112.38871727928317,211.1736238411765
Infection protection only,223,1,161.460970109275,112.46710700711874,211.32419401863686
Infection protection only,224,1,161.59040563193827,112.54473694611417,211.47297209437193
Infection protection only,225,1,161.71491683603307,112.60862601562539,211.61809442434887
Infection protection only,226,1,161.81280519542895,112.6653430605722,211.76034256275565
Infection protection only,227,1,161.9049314578312,112.7190219420425,211.89972304495262
Infection protection only,228,1,161.99426065984275,112.77007009098233,212.03583063421212
Infection protection only,229,1,162.10558341767552,112.81884054511114,212.16827928815061
Infection protection only,230,1,162.19340914649257,112.86556775325826,212.29676019298878
Infection protection only,231,1,162.2738372449752,112.90969081290395,212.41908196493196
Infection protection only,232,1,162.34846493464772,112.95093668628088,212.53405851691477
Infection protection only,233,1,162.43719126462045,112.98947380955732,212.64201560702824
Infection protection only,234,1,162.51905107995088,113.02556252533643,212.74337343111628
Infection protection only,235,1,162.59471460142385,113.05937349116262,212.83791550322957
Infection protection only,236,1,162.67243747999913,113.09113486065456,212.92566278566034
Infection protection only,237,1,162.7449215576706,113.12117071909884,213.0071277709158
Infection protection only,238,1,162.81260145642045,113.14974671008554,213.08268650477908
Infection protection only,239,1,162.87588251213236,113.17710983467026,213.152649837185
Infection protection only,240,1,162.93599736496762,113.20392110116778,213.2181821136153
Infection protection only,241,1,162.98727658839883,113.2306801597591,213.2782543990909
Infection protection only,242,1,163.02816278745627,113.25767211305919,213.32776811646377
Infection protection only,243,1,163.0837265821442,113.28515435677258,213.37585048283992
Infection protection only,244,1,163.14483314542727,113.31335182156886,213.422832662864
Infection protection only,245,1,163.20691603273184,113.34176818080977,213.46806279188584
Infection protection only,246,1,163.26932492354942,113.37020474138585,213.51133462527724
Infection protection only,247,1,163.322818517806,113.39926485936748,213.55337229698904
Infection protection only,248,1,163.36387814378583,113.42935529523437,213.59453477868587
Infection protection only,249,1,163.41200500739683,113.46081192106695,213.63504996997028
Infection protection only,250,1,163.4494641992023,113.49426158936758,213.6754939118515
baseline,1,1,0.007704280841523486,0.002469176258742391,0.023260035628671242
baseline,2,1,0.026410927905917425,0.008463724835088938,0.07944470716192975
baseline,3,1,0.05005144323095117,0.01604190462210787,0.15034574684551436
baseline,4,1,0.0763482897612475,0.02452193775666121,0.22808611486895494
baseline,5,1,0.10484874352743914,0.033592438404485746,0.3098883099264016
baseline,6,1,0.13496783768718007,0.043144118734123035,0.39416826494463236
baseline,7,1,0.16575621090145867,0.05284661536236102,0.47885355955085684
baseline,8,1,0.19667300765906875,0.0625533033666986,0.5643642750344069
baseline,9,1,0.22950829213301344,0.07256487547453583,0.6498130555985402
baseline,10,1,0.26327767807040325,0.08311160663251202,0.7360893757939684
baseline,11,1,0.2987565070352283,0.09430813944484907,0.8230886950944722
baseline,12,1,0.3371317370864444,0.10625169915370777,0.9104458804548847
baseline,13,1,0.3773156143779631,0.11894775245858195,0.9952741410341785
baseline,14,1,0.4177663337533023,0.13311660791961777,1.0751997943108436
baseline,15,1,0.4585027249483285,0.14866003559130886,1.1497728185525984
baseline,16,1,0.49957414635172515,0.16818571842535188,1.2224453993494988
baseline,17,1,0.5403016491526274,0.19064467822289755,1.300091784757692
baseline,18,1,0.585907808454867,0.2106751437025177,1.3736300934511922
baseline,19,1,0.6404382478413152,0.22958704395122656,1.4587387175047783
baseline,20,1,0.6957297739991234,0.25186838529248917,1.541282015738846
baseline,21,1,0.7452335990140253,0.27816888983052834,1.6546261811432579
baseline,22,1,0.791833992641073,0.3052402657872349,1.7776907869374283
baseline,23,1,0.8485526540259276,0.3296868356948943,1.9007410762428707
baseline,24,1,0.896908738217933,0.34972479088806385,1.9990313535952264
baseline,25,1,0.9441521561671218,0.3748430951481501,2.086173652127858
baseline,26,1,0.9981324824782521,0.40225904641535637,2.184006221318309
baseline,27,1,1.0613283286736022,0.42596007458000107,2.266267898754222
baseline,28,1,1.1174875458649085,0.46171846684595613,2.351116613681017
baseline,29,1,1.1657339997702465,0.49338554126893064,2.4355447947546005
baseline,30,1,1.21912307565241,0.5250266900080991,2.5293396485161206
baseline,31,1,1.2717785602443086,0.5586233906721657,2.6202436193541767
baseline,32,1,1.323667017708678,0.5855007810135394,2.670005446923708
baseline,33,1,1.3729095733773855,0.6172278697253994,2.75135883586042
baseline,34,1,1.4333687436633544,0.6385841595688746,2.8941433227812285
baseline,35,1,1.4849870693526435,0.6721571193507466,2.972030831505178
baseline,36,1,1.5347232810015536,0.7118885705969161,3.0491039328254446
baseline,37,1,1.5903915076778672,0.7520265465268056,3.1464096925852103
baseline,38,1,1.652176555838908,0.7844918533876758,3.2266755364724404
baseline,39,1,1.7012803718632459,0.8176538243509167,3.324881921600765
baseline,40,1,1.7537170685239434,0.8568366874696934,3.4031861081692614
baseline,41,1,1.8202955136044636,0.8895635943879804,3.481938795518324
baseline,42,1,1.8739962709004494,0.9179540760627203,3.558706823368053
baseline,43,1,1.9245972471524233,0.9453648702412022,3.6599508379653467
baseline,44,1,1.9762577086433326,0.9817433074328573,3.7630905916606263
baseline,45,1,2.030074599512134,1.0166190673086524,3.8131884807211978
baseline,46,1,2.0809288784326636,1.0516716368881567,3.890343825729959
baseline,47,1,2.137051859420293,1.0942283445389331,4.002169817477707
baseline,48,1,2.18509669001012,1.1381529500475978,4.148386538002909
baseline,49,1,2.240657944500259,1.1702315924073143,4.259550918322956
baseline,50,1,2.303304821601445,1.2156305375888994,4.323675916615063
baseline,51,1,2.3631933885546275,1.2677968612293073,4.385828643892138
baseline,52,1,2.4260860811082665,1.3028771459237538,4.47998737505127
baseline,53,1,2.4883983584648863,1.3401405390318104,4.584135616933117
baseline,54,1,2.563518902547595,1.3912942540317916,4.69315580280626
baseline,55,1,2.6267629592039135,1.4419174825631824,4.807030464497808
baseline,56,1,2.6920488660711595,1.5016492202060483,4.921980621428809
baseline,57,1,2.771366229460348,1.555187671636007,5.00473824536102
baseline,58,1,2.8419889041664987,1.584520179661007,5.08790109689947
baseline,59,1,2.9154328573270316,1.6360968908652738,5.210807120592533
baseline,60,1,3.000545805375194,1.676836224002071,5.3759073808182345
baseline,61,1,3.0841760732260495,1.7336523151356527,5.503881791500387
baseline,62,1,3.1873399292554128,1.7747862493920044,5.690980923046185
baseline,63,1,3.280032194380275,1.8337014772348497,5.855089424827397
baseline,64,1,3.3764392288721856,1.9014164680908279,5.959947640009554
baseline,65,1,3.4824369141435696,1.966228169562802,6.127014195611775
baseline,66,1,3.589612068518131,2.045315514518952,6.268160061032608
baseline,67,1,3.693850271612752,2.107045691470381,6.444798680612566
baseline,68,1,3.812370451986495,2.17591228068086,6.633539403934847
baseline,69,1,3.971066436561205,2.2708764555676533,6.799317261654764
baseline,70,1,4.118004469206998,2.374906113639242,6.964718138755097
baseline,71,1,4.282887011611111,2.4846600618972743,7.138700097323934
baseline,72,1,4.43942112612817,2.5899057465348165,7.408489629016276
baseline,73,1,4.596842701458783,2.711523508584206,7.667968178867545
baseline,74,1,4.762400722919066,2.843784818713385,7.937745266235945
baseline,75,1,4.937603200701825,2.95021230911215,8.249109389171032
baseline,76,1,5.157308164218472,3.065834514291661,8.550643728811904
baseline,77,1,5.342800803430377,3.191317142977656,8.831025068567662
baseline,78,1,5.569047891317007,3.328937927673559,9.127660523102152
baseline,79,1,5.775468321951333,3.5015172746153613,9.472445779687408
baseline,80,1,6.054997016552653,3.6305754383850233,9.801196458429374
baseline,81,1,6.331539046636344,3.805490273307572,10.136989051686003
baseline,82,1,6.611219005785212,4.01198784268786,10.478030678654378
baseline,83,1,6.971749141669509,4.215459936751331,10.86169433423089
baseline,84,1,7.328497012631998,4.483419339168395,11.239022861051325
baseline,85,1,7.678826002071186,4.750197166419895,11.61841811777105
baseline,86,1,8.03500829464101,5.001567144320299,12.146196806944229
baseline,87,1,8.457136409390433,5.240685306799062,12.697805647810634
baseline,88,1,8.873991725489823,5.5648476394039434,13.258956269845328
baseline,89,1,9.308592351546125,5.863821128051669,13.815054925391498
baseline,90,1,9.769791566124958,6.171327716075029,14.41101425685407
baseline,91,1,10.213577386529643,6.486787797377587,15.107328703247115
baseline,92,1,10.656977419329163,6.794237257989751,15.823858076513417
baseline,93,1,11.162778819832727,7.1295877585288645,16.383213963864435
baseline,94,1,11.680596406147162,7.523481975057109,17.107328370998886
baseline,95,1,12.230247139062492,7.935069589666369,17.911256208076647
baseline,96,1,12.8892973106094,8.420611246048594,18.815233792493995
baseline,97,1,13.636775377208012,8.922949976628697,19.768776005442312
baseline,98,1,14.421074420992257,9.493540991661703,20.901758412068045
baseline,99,1,15.273152561994632,10.037771637747484,22.067712594311974
baseline,100,1,16.192239302733253,10.757070854117549,23.29371807559278
baseline,101,1,17.218801272023768,11.517684230706262,24.698145808703252
baseline,102,1,18.427282430194673,12.287652566695735,26.237836636928645
baseline,103,1,19.76106453405024,13.164605432456296,27.967871133307494
baseline,104,1,21.320453863010563,14.23502619756258,29.96901345781036
baseline,105,1,23.067393524309097,15.460066487313874,32.12798628950272
baseline,106,1,24.919555228605645,16.740061696108743,34.741632028657605
baseline,107,1,26.921788314155087,18.21499537107245,37.18828674492368
baseline,108,1,29.081418676416057,19.87552174467438,39.770812964665495
baseline,109,1,31.729830157943177,21.586380288487266,42.982801599131406
baseline,110,1,34.53326764238892,23.65519450615264,46.826994651160945
baseline,111,1,37.58923042570577,25.630756681574024,51.02623910478509
baseline,112,1,41.004996690326976,27.8246678254469,55.41599893469403
baseline,113,1,44.55496273608705,30.55656228401031,60.0269236785339
baseline,114,1,48.299515431954475,33.4815309731006,65.07127135864131
baseline,115,1,52.01543142440454,36.224728571816215,69.83347236013067
baseline,116,1,55.77270513824112,38.863024353436224,74.72077402506119
baseline,117,1,59.64989189649222,41.539552498581536,80.0058785903036
baseline,118,1,63.65396890775837,44.25147052916744,85.37447665697228
baseline,119,1,67.70597084611208,46.97674367648854,90.5513794144189
baseline,120,1,71.7038628957269,49.67922332123446,95.84113285168888
baseline,121,1,75.5836257384068,52.31500798828233,100.47766769436477
baseline,122,1,79.31677038788558,54.87016231633748,105.16211699595698
baseline,123,1,83.08301557857763,57.3361069793969,109.71310380819922
baseline,124,1,86.53759035794974,59.705963879871355,114.33684630011521
baseline,125,1,89.86135087958243,61.9732981404385,118.78092796679272
baseline,126,1,93.11330333120702,64.12114285938101,122.98427154957601
baseline,127,1,96.18760867987947,66.13062058043974,126.93489164133051
baseline,128,1,99.07232305894733,68.08793473753556,130.74066880609038
baseline,129,1,101.80099924720936,69.93371359436702,134.3286352430255
baseline,130,1,104.54187390945671,71.7045379319438,137.72489199527115
baseline,131,1,107.12885676609575,73.40727255810549,141.08449816411135
baseline,132,1,109.73160583484622,75.04148918767505,144.4274532107465
baseline,133,1,112.02822408656803,76.73382917271232,147.6084779266027
baseline,134,1,114.1338173381928,78.56231638428257,150.48295850693063
baseline,135,1,116.20230469474129,80.06486251314622,153.22122366491618
baseline,136,1,118.1495038224553,81.65932079478038,155.81888822218093
baseline,137,1,120.1202138372782,83.20063682924054,158.2688075923244
baseline,138,1,121.95115892404348,84.63505448813291,160.578958643989
baseline,139,1,123.70126051505461,85.86162988389266,162.7670565392037
baseline,140,1,125.2534548756578,86.87556591589951,164.79778921320553
baseline,141,1,126.5843848983921,87.7797320651176,166.6456326406337
baseline,142,1,127.84089039952639,88.57881243918798,168.31546537431424
baseline,143,1,129.01856330520633,89.29455416574693,169.85314855748138
baseline,144,1,130.1025744566005,89.94420302873135,171.28841813669214
baseline,145,1,131.07652816495133,90.53821175700523,172.63222879832844
baseline,146,1,131.9484657389964,91.08887216068236,173.8953642578348
baseline,147,1,132.78906578808497,91.59503794395123,175.0697423724706
baseline,148,1,133.55380536861946,92.05448193053003,176.15103761997858
baseline,149,1,134.28434077585987,92.47773337534146,177.15770864585306
baseline,150,1,134.94206767473943,92.88050596992805,178.09032436861654
baseline,151,1,135.6039662097392,93.39697239835753,178.96618490519643
baseline,152,1,136.227780490491,93.88676043245404,179.64694040586502
baseline,153,1,136.84595155710895,94.36264147415831,180.3066676749945
baseline,154,1,137.40417270849204,94.80582079978888,180.93927005300765
baseline,155,1,137.89091597058587,95.21135589711513,181.53920159729157
baseline,156,1,138.39726590344526,95.58542312776764,182.118079836615
baseline,157,1,138.8936613433069,95.93416933379993,182.68464561342483
baseline,158,1,139.4162586696709,96.2622905085758,183.24016892202414
baseline,159,1,139.86723127436414,96.57999593845975,183.79128995271086
baseline,160,1,140.2941982716658,96.93038514113626,184.3378922659208
baseline,161,1,140.69548601745186,97.26202597062169,184.8687291204892
baseline,162,1,141.11001309004612,97.57378123246579,185.379620099712
baseline,163,1,141.5276384019641,97.87228164903556,185.88077331222357
baseline,164,1,141.93489069357375,98.16144340150626,186.37796910095392
baseline,165,1,142.30241447981354,98.4426986812836,186.8727999136284
baseline,166,1,142.659966908135,98.71826391099384,187.36841377563582
baseline,167,1,143.0131075037002,98.98941748674459,187.86618245716085
baseline,168,1,143.3540826965165,99.25075750744054,188.35424961789562
baseline,169,1,143.70540654640186,99.49859241486493,188.8239804973989
baseline,170,1,144.00350635872073,99.73157090387686,189.27135979990678
baseline,171,1,144.32325541794216,99.94915107114387,189.69416751871353
baseline,172,1,144.61723759673916,100.15165294306493,190.0920625816246
baseline,173,1,144.90822357306038,100.3404408930516,190.46686290549096
baseline,174,1,145.16360107238523,100.51666632164373,190.82012351791934
baseline,175,1,145.4052655342529,100.68145868866046,191.1534367714695
baseline,176,1,145.6349311965048,100.83644548374606,191.4694451413929
baseline,177,1,145.85785239729924,100.98561484630521,191.77580332915988
baseline,178,1,146.1043058930252,101.13219294867753,192.0191063423782
baseline,179,1,146.34885665270033,101.27729738295541,192.24829150564508
baseline,180,1,146.56581957159085,101.42545364778536,192.4787437811305
baseline,181,1,146.7789836756536,101.57328120895939,192.7115022914796
baseline,182,1,146.9847706893069,101.71722444565573,192.941559479487
baseline,183,1,147.1810843368396,101.85582796863903,193.16687934351023
baseline,184,1,147.3717384990863,101.99208398474883,193.3933588966386
baseline,185,1,147.5588056485608,102.12715387915124,193.62345144828043
baseline,186,1,147.7428740786834,102.26085905136281,193.8571499118162
baseline,187,1,147.92512688442918,102.39300568759913,194.09445304189276
baseline,188,1,148.0934621164894,102.55599060622242,194.33436493081322
baseline,189,1,148.26117028036157,102.72959430773247,194.57024613805604
baseline,190,1,148.42606503859918,102.89490394787862,194.79789699545694
baseline,191,1,148.62378696209618,103.05479353806149,195.02075444329844
baseline,192,1,148.81205373983317,103.21141877541238,195.2393629933758
baseline,193,1,148.95689737354496,103.36571737966041,195.4502076392925
baseline,194,1,149.10952241744587,103.51899013825174,195.66049346937342
baseline,195,1,149.27816629948563,103.67229392383544,195.87222046065415
baseline,196,1,149.4466743842353,103.8225568733588,196.0808632290531
baseline,197,1,149.6235006677859,103.96786908238559,196.28311510910157
baseline,198,1,149.80143940008554,104.1099249271845,196.47987837982916
baseline,199,1,149.996087521167,104.25110895646093,196.6750436687777
baseline,200,1,150.1766602168569,104.39517990636033,196.87256566950643
baseline,201,1,150.360090475117,104.54104387482721,197.07329208580455
baseline,202,1,150.54483093598236,104.68695156608479,197.2751315193752
baseline,203,1,150.7255606688945,104.82881965651964,197.47217441486555
baseline,204,1,150.87158525254387,104.96419309569697,197.66087475922214
baseline,205,1,151.00641446620796,105.09508982252797,197.84472764225663
baseline,206,1,151.1398637106808,105.22335521990898,198.0272978426878
baseline,207,1,151.27323793081848,105.34950187888545,198.2096653955109
baseline,208,1,151.41038956623504,105.47315712931531,198.39079533301864
baseline,209,1,151.56362950396874,105.59414531669147,198.5710009184244
baseline,210,1,151.68871271439633,105.71041069543026,198.74805020908002
baseline,211,1,151.8124437462743,105.82049178058341,198.91967394241516
baseline,212,1,151.93683686337016,105.92522220119393,199.0863532998785
baseline,213,1,152.06326627762903,106.02513238970442,199.24788772076954
baseline,214,1,152.19221301847938,106.12059883301242,199.4045813185665
baseline,215,1,152.32210343913925,106.2123603602126,199.55837629708688
baseline,216,1,152.45250646741323,106.30036580264304,199.70675030577394
baseline,217,1,152.5801258234153,106.38306088329527,199.8486307598542
baseline,218,1,152.70318981655737,106.45980011874758,199.98325854011966
baseline,219,1,152.82453756950252,106.53231109036969,200.11489350833415
baseline,220,1,152.94634282752048,106.60192350143599,200.2468528157482
baseline,221,1,153.0697900330894,106.66937280485924,200.38129739440888
baseline,222,1,153.195135023108,106.73490505282831,200.51882272979617
baseline,223,1,153.32142488541504,106.79823031002094,200.65819875398745
baseline,224,1,153.4453480952837,106.85811487609988,200.79590613610634
baseline,225,1,153.56509106480246,106.9140025707228,200.93022095731675
baseline,226,1,153.6816857114782,106.96652290961347,201.06186683041037
baseline,227,1,153.79577883938936,107.01622639258878,201.1908503270397
baseline,228,1,153.8986265298813,107.0634906658537,201.31679704432204
baseline,229,1,153.98284013850997,107.10864294383795,201.4393503382539
baseline,230,1,154.0503613494472,107.15190061236059,201.55822502802934
baseline,231,1,154.1286104632788,107.19274493510467,201.67139464775607
baseline,232,1,154.21449946055648,107.230923527492,201.77776258647995
baseline,233,1,154.27910546443232,107.26659251407442,201.87763056545032
baseline,234,1,154.3508011504968,107.29999305402521,201.9713877333742
baseline,235,1,154.42266674143505,107.33128332377159,202.05883458396596
baseline,236,1,154.49166652774898,107.36067466852475,202.1399912142166
baseline,237,1,154.55025982390583,107.38846715453323,202.2153322205201
baseline,238,1,154.5912336550964,107.4149068578608,202.2852062820365
baseline,239,1,154.63060584093552,107.44022264439754,202.34990190924492
baseline,240,1,154.67132331721274,107.46502626962078,202.41049652658214
baseline,241,1,154.7200251188878,107.48978018746935,202.4677793974497
baseline,242,1,154.77030083988228,107.51474835075841,202.52205108331648
baseline,243,1,154.82244541188123,107.54016902418837,202.5735168443844
baseline,244,1,154.876833293403,107.56625039535955,202.62243989728233
baseline,245,1,154.93230143189868,107.59253357054695,202.66822654743345
baseline,246,1,154.98830767764423,107.61883490978165,202.7107190656378
baseline,247,1,155.03241662858431,107.645712532402,202.7504914960101
baseline,248,1,155.0703837759997,107.67354271531437,202.7877765998273
baseline,249,1,155.13197250438702,107.70263615365013,202.82271276408616
baseline,250,1,155.20629671889083,107.73357263580448,202.85572905203773
no vax,1,1,0.007704280841523486,0.002469176258742391,0.023260035628671242
no vax,2,1,0.026410927905917425,0.008463724835088938,0.07944470716192975
no vax,3,1,0.05005144323095117,0.01604190462210787,0.15034574684551436
no vax,4,1,0.0763482897612475,0.02452193775666121,0.22808611486895494
no vax,5,1,0.10484874352743914,0.033592438404485746,0.3098883099264016
no vax,6,1,0.13496783768718007,0.043144118734123035,0.39416826494463236
no vax,7,1,0.16575621090145867,0.05284661536236102,0.47885355955085684
no vax,8,1,0.19667300765906875,0.0625533033666986,0.5643642750344069
no vax,9,1,0.22950829213301344,0.07256487547453583,0.6498130555985402
no vax,10,1,0.26327767807040325,0.08311160663251202,0.7360893757939684
no vax,11,1,0.2987565070352283,0.09430813944484907,0.8230886950944722
no vax,12,1,0.3371317370864444,0.10625169915370777,0.9104458804548847
no vax,13,1,0.3773156143779631,0.11894775245858195,0.9952741410341785
no vax,14,1,0.4177663337533023,0.13311660791961777,1.0751997943108436
no vax,15,1,0.4585027249483285,0.14866003559130886,1.1497728185525984
no vax,16,1,0.49957414635172515,0.16818571842535188,1.2224453993494988
no vax,17,1,0.5403016491526274,0.19064467822289755,1.300091784757692
no vax,18,1,0.585907808454867,0.2106751437025177,1.3736300934511922
no vax,19,1,0.6404382478413152,0.22958704395122656,1.4587387175047783
no vax,20,1,0.6957306417910083,0.2518689473112943,1.5412832471738944
no vax,21,1,0.7452452653663209,0.27817642785137225,1.6546546275373992
no vax,22,1,0.7918598533490099,0.3052707866840972,1.777807192722226
no vax,23,1,0.8487190201463365,0.329756549244457,1.901065858416694
no vax,24,1,0.8972615493539844,0.3498287194596719,1.9995107759268453
no vax,25,1,0.9445768845639981,0.37513930433484677,2.0870696378528417
no vax,26,1,0.9989466308466577,0.4027926647071814,2.186303753980894
no vax,27,1,1.0630027359146241,0.42693048750431994,2.2677958392239037
no vax,28,1,1.1199262165418253,0.463182898614524,2.353654118013136
no vax,29,1,1.1684330163687489,0.49509356913950775,2.440781669177947
no vax,30,1,1.2227348720880475,0.527285925201766,2.5360711844712753
no vax,31,1,1.2773905775070338,0.5618916163472794,2.6261855353744696
no vax,32,1,1.327909829845161,0.588246700493682,2.6775153838333456
no vax,33,1,1.3830846989828691,0.6197306717081104,2.771412047955404
no vax,34,1,1.4436422074154218,0.643210627943355,2.909550570388309
no vax,35,1,1.4952932838164246,0.6797774270124439,2.9834822855790937
no vax,36,1,1.547765787636382,0.7211093532425781,3.0743317524004783
no vax,37,1,1.6092676656408447,0.7630259150065957,3.1716319011591168
no vax,38,1,1.6693277507883473,0.7943124587925187,3.255007165672689
no vax,39,1,1.7214806848385074,0.830521803633552,3.3572169087326507
no vax,40,1,1.7804669127744384,0.8697338959476856,3.43979496491757
no vax,41,1,1.8436362485112643,0.9019282535317414,3.5232735155876322
no vax,42,1,1.900589557413546,0.9306581203904554,3.603729492894251
no vax,43,1,1.9579915824559322,0.9654312374135207,3.7490051891133622
no vax,44,1,2.013669113012085,1.0085402761749656,3.8046329221214945
no vax,45,1,2.0680301422576877,1.0431825105273649,3.87675281219966
no vax,46,1,2.129794641018338,1.0886011242161175,3.983774063059556
no vax,47,1,2.182052347272962,1.1357391036663484,4.140851197402657
no vax,48,1,2.2393348356846214,1.1730127362507548,4.279480202034474
no vax,49,1,2.3135918795608656,1.214409941950684,4.35427369878789
no vax,50,1,2.3799541665462898,1.2763306326850457,4.425456462719557
no vax,51,1,2.449512382729594,1.3147778612995504,4.528770643815762
no vax,52,1,2.524909463238858,1.3621282374031427,4.645261345986106
no vax,53,1,2.600921754473357,1.4115688570366878,4.765852688218214
no vax,54,1,2.67928492926659,1.4618043846902113,4.8918206269801
no vax,55,1,2.7532578143694186,1.5324394352839763,5.000482827993549
no vax,56,1,2.8433496918664813,1.5962450370609627,5.1326429308669415
no vax,57,1,2.923790318284076,1.6352865466315631,5.261186896777358
no vax,58,1,3.021867735656815,1.6902680712972216,5.386856741091009
no vax,59,1,3.1158114828218473,1.737598304239147,5.569391236803653
no vax,60,1,3.2174657609395703,1.8022607196005769,5.7820055537026604
no vax,61,1,3.3352985503744956,1.85901512187952,5.9595413077495705
no vax,62,1,3.447335460724347,1.9391814720963905,6.12569881374269
no vax,63,1,3.554833975816872,2.0340130937902723,6.331753021402717
no vax,64,1,3.6962176226428065,2.101113673746159,6.4985825959036685
no vax,65,1,3.8258500652600445,2.1707236134857752,6.677415321209225
no vax,66,1,3.9878256249797763,2.2689967779412226,6.90463486956789
no vax,67,1,4.159408192215821,2.390598973583881,7.104709245788045
no vax,68,1,4.343204484919011,2.5247878090947773,7.41333610176204
no vax,69,1,4.55560063425217,2.6368576206698364,7.735225386007791
no vax,70,1,4.771495237707459,2.7667135520979627,7.998749727911887
no vax,71,1,4.984436007595994,2.9291264349652097,8.352286502698373
no vax,72,1,5.22664209092636,3.09171014737947,8.7004814695897
no vax,73,1,5.475361620476573,3.257565764023402,9.045428717106969
no vax,74,1,5.739486432501281,3.415614449349786,9.393453552278945
no vax,75,1,6.014504785960402,3.593336398492277,9.839755580160679
no vax,76,1,6.329944925155133,3.7703524056758897,10.378654935973556
no vax,77,1,6.692955479819956,3.9642602820502426,10.877263101836508
no vax,78,1,7.046563202609146,4.179074857188125,11.300882766932377
no vax,79,1,7.450333282253245,4.430286276956987,11.726717306328625
no vax,80,1,7.88916962284549,4.757919358419121,12.355494990107974
no vax,81,1,8.339299161346322,5.097637079261662,13.058914725368115
no vax,82,1,8.910207815614253,5.513117414647611,13.83757601721454
no vax,83,1,9.573727527990112,5.897265296494297,14.69638168588581
no vax,84,1,10.208433042880353,6.337760298024132,15.553638734123952
no vax,85,1,10.915068200558952,6.825807448630849,16.332049693101048
no vax,86,1,11.66412150014519,7.355632573927697,17.464142488858396
no vax,87,1,12.461017707925706,7.8881686663611115,18.718342772926654
no vax,88,1,13.386920462201957,8.551991648932367,19.989613309241207
no vax,89,1,14.284784038594688,9.201582210049711,21.280146070426664
no vax,90,1,15.303178943110979,9.847925833367622,22.71307438604955
no vax,91,1,16.342783702356396,10.573254882768044,24.12169887432714
no vax,92,1,17.405492137474248,11.380229651118384,25.572157745448095
no vax,93,1,18.632302503078456,12.08339465306354,27.40616966870628
no vax,94,1,19.99082781865648,12.89343730738192,29.059960943392095
no vax,95,1,21.42107015597404,13.942111067447481,31.33720464060014
no vax,96,1,23.129052242100737,15.177498282941375,33.690158253571454
no vax,97,1,25.16178441679545,16.63142589382687,36.872652938607985
no vax,98,1,27.40795073914193,18.278453170595256,40.179546706226894
no vax,99,1,29.868123643697672,20.049148182195527,43.251862833183324
no vax,100,1,32.69250721505309,22.091739523009082,46.65826788877654
no vax,101,1,36.01823346752596,24.27154801185419,50.66756340010453
no vax,102,1,39.86064197789342,26.74103024900957,55.55500823844729
no vax,103,1,44.354484389121936,29.901473638035608,61.55882506557144
no vax,104,1,49.7054134506338,33.614431989966796,67.72306568449332
no vax,105,1,55.55375461771601,37.75152650686116,75.40150013998799
no vax,106,1,62.04287495426078,42.14637551648217,83.74172708960621
no vax,107,1,69.07089584455312,46.694646404432405,93.63728802978433
no vax,108,1,77.13938282550215,51.94810660882434,104.48858456127617
no vax,109,1,86.68577938778031,58.736226852711894,117.76256988740869
no vax,110,1,97.98384183125881,67.1741818603091,132.28966927561996
no vax,111,1,111.0976371655114,76.45747664598731,149.1173845772896
no vax,112,1,125.5056181820247,86.78032290554323,168.09391295923973
no vax,113,1,140.73889393862967,97.4333532608532,188.00843675558147
no vax,114,1,156.53456654825524,108.55303103354085,209.509197933157
no vax,115,1,172.61623124464586,120.15037004667828,230.61669982540974
no vax,116,1,189.01592893872515,132.15564104762885,250.33635046531404
no vax,117,1,205.9746266485431,144.55796650248962,270.94778751721475
no vax,118,1,223.87920514471847,156.8770530472684,294.5707210079367
no vax,119,1,241.66835005767894,169.59211917720165,316.48037828746374
no vax,120,1,260.1777761688658,182.34980480547281,337.7118767900932
no vax,121,1,277.22906177456605,194.98492361356745,358.90085014510635
no vax,122,1,294.2047777233077,207.50355410839484,380.05676935492687
no vax,123,1,310.56536874628,219.91116766855103,401.0199825692075
no vax,124,1,325.7845738294891,231.5877053589557,420.5601006766602
no vax,125,1,341.2183471089971,242.618991119347,439.97322698679477
no vax,126,1,354.9777308012991,253.2839007506559,458.3199415246093
no vax,127,1,369.41025080034,263.5556031172616,475.54774738568847
no vax,128,1,382.51216360201346,273.57739745767367,491.8898083401576
no vax,129,1,395.1528101120486,283.21964391822684,508.22388362411994
no vax,130,1,408.05055178217344,292.72369182777106,524.1504616190945
no vax,131,1,419.9577557396908,301.9825404407011,539.4368939560866
no vax,132,1,432.1175219329753,311.4857046827415,553.9968883917015
no vax,133,1,443.6111942590657,319.74015712138805,566.7488674179418
no vax,134,1,454.37114375943884,327.47738474016114,578.4762655234974
no vax,135,1,464.0293029533299,334.66046713420513,589.5826834608656
no vax,136,1,473.38394393753583,341.6630327586988,600.5487715717595
no vax,137,1,481.84947044430214,348.3469344987177,610.8151875111649
no vax,138,1,489.8793015028747,354.88051809432176,620.3716208486222
no vax,139,1,497.4051942571384,361.24229020293194,629.1211833601157
no vax,140,1,504.28737374178365,367.16388542798376,636.396005024282
no vax,141,1,510.40596052744786,372.54496357748224,643.9791645110396
no vax,142,1,515.9417256002935,377.3899058800217,650.8264874734513
no vax,143,1,521.40718630287,381.8401301218483,657.1237823531173
no vax,144,1,526.4554300137897,385.9124190763651,663.003213460591
no vax,145,1,531.2597193303675,389.24420011479873,668.5031158839654
no vax,146,1,535.4553396350366,392.36097082743487,673.3005468315394
no vax,147,1,539.3861916462115,395.2650829106899,677.6872179388508
no vax,148,1,543.1440719828622,397.9227906480039,681.6518418846108
no vax,149,1,546.6583969507556,400.9045725937484,685.2803932740804
no vax,150,1,550.1536969222329,403.36555162903875,688.6478753215573
no vax,151,1,553.3827297741386,405.15438906894815,691.7991775234066
no vax,152,1,555.9542437236748,407.0519145463196,695.9473122230202
no vax,153,1,558.703063186721,409.3776716996012,700.1812596742359
no vax,154,1,561.517477096968,411.61045279794837,703.9825663139859
no vax,155,1,564.0367218783092,413.7264672359326,706.3231609586671
no vax,156,1,566.2171049971221,415.75070309665114,708.5182056038026
no vax,157,1,568.3188186157373,417.71628435425396,710.6368624537697
no vax,158,1,570.4218318618944,419.63777006602703,712.701208218201
no vax,159,1,572.5290260865788,421.65887294727855,714.7250419775861
no vax,160,1,574.7176204242303,423.64330730792295,716.7078965660681
no vax,161,1,577.0577653040866,425.54151374601906,718.6027236545262
no vax,162,1,579.2761900129176,427.34324042913,720.3883465184014
no vax,163,1,581.4079630049306,429.0828320461037,722.1039770967066
no vax,164,1,583.4527375370722,430.78020916485974,723.7782954018163
no vax,165,1,585.1818519362869,432.44074668053685,725.4238952821863
no vax,166,1,587.0478311833953,434.07304149295754,727.0506540272502
no vax,167,1,588.7396122633454,435.67853690021514,728.658940177473
no vax,168,1,590.4027833776909,437.0228705596415,730.2071045943853
no vax,169,1,591.9378571413581,438.1669516742737,731.666572399311
no vax,170,1,593.2925508560886,439.4413094266355,733.0274561878362
no vax,171,1,594.6042146327886,440.6592339551744,734.2884940969714
no vax,172,1,595.860034994626,441.77972760007657,735.4538299861376
no vax,173,1,597.1203038863283,442.8136683469735,736.5312347209001
no vax,174,1,598.1168664460038,443.77075880842006,737.5287386560004
no vax,175,1,598.8492131056951,444.6602206702614,738.4540005807238
no vax,176,1,599.569451757046,445.4051650412521,739.316789331643
no vax,177,1,600.395149828498,446.02706018783766,740.141331767321
no vax,178,1,601.3228759343705,446.64676541329504,740.9447071840119
no vax,179,1,602.2452179622212,447.2569426815117,741.7343859209561
no vax,180,1,603.1683141582178,447.86333866687505,742.5147761826591
no vax,181,1,604.0649806040249,448.49951770765557,743.286112675489
no vax,182,1,604.8795838694687,449.3139695652299,744.0301636116687
no vax,183,1,605.6589410244826,450.0738947130443,744.7377260260083
no vax,184,1,606.4232674070829,450.7934263295467,745.423332323668
no vax,185,1,607.2934384276888,451.4823420111479,746.0970322018038
no vax,186,1,608.2653970818664,452.14482958541015,746.7628634293129
no vax,187,1,609.2309263941527,452.7839775594475,747.7397046303815
no vax,188,1,610.2321068966432,453.39983092822536,748.7804047378846
no vax,189,1,611.2386734392132,453.99083022929847,749.8022129060263
no vax,190,1,612.1705402460586,454.5424770364947,750.785597181139
no vax,191,1,612.9500467659454,455.0631753711162,751.7493239380843
no vax,192,1,613.6157540722259,455.56163770970977,752.6848549995395
no vax,193,1,614.2661481440944,456.05033422648773,753.616651076894
no vax,194,1,615.0336438959328,456.7461616858549,754.553440954209
no vax,195,1,615.7520705713434,457.4459562952728,755.4998368883435
no vax,196,1,616.3551439178806,458.1305908673575,756.4294866615002
no vax,197,1,616.9281973520076,458.78713981125475,757.3255598373557
no vax,198,1,617.4789210742958,459.42100237042087,758.1990446959956
no vax,199,1,618.0202001252521,460.0461202328691,758.928002161989
no vax,200,1,618.5607630266204,460.6752040606248,759.3471925010051
no vax,201,1,619.1696907561914,461.311197121611,759.7779052360527
no vax,202,1,620.0831465965525,461.9475452229643,760.2156850934239
no vax,203,1,620.8740085820907,462.5634559945664,760.6453046399172
no vax,204,1,621.4670321867286,463.14722457501597,761.0296017361459
no vax,205,1,622.1173831008667,463.711867746728,761.4017628731294
no vax,206,1,622.827143791477,463.8944177427553,761.7745764093202
no vax,207,1,623.2358541592953,464.07329824947215,762.1507534296836
no vax,208,1,623.9245907842525,464.2501826507949,762.5286831254225
no vax,209,1,624.6681589891277,464.42470006046926,762.908515439788
no vax,210,1,625.1205052065061,464.5930187125451,763.2826510480016
no vax,211,1,625.4790469897182,464.7526410411626,763.6451049302256
no vax,212,1,625.836540723941,464.90553844499834,763.9989415692621
no vax,213,1,626.1952541269661,465.0532252497834,764.3447817050829
no vax,214,1,626.63623449425,465.1968307622523,764.6827126058064
no vax,215,1,627.0713166623638,465.3380310741656,765.0152785474602
no vax,216,1,627.4131558491956,465.4769152949992,765.3405812505332
no vax,217,1,627.7964251899921,465.6101767178873,765.6497568662866
no vax,218,1,628.1704164648668,465.73636975157285,765.9385860047054
no vax,219,1,628.5370231797265,466.00532807609875,766.2149494597929
no vax,220,1,628.9045485304341,466.4440241897528,766.4846753200055
no vax,221,1,629.3035718077333,466.8989398844966,766.750629468895
no vax,222,1,629.7639311401875,467.3705354972625,767.0128417200735
no vax,223,1,630.2972570665436,467.86845060358326,767.2684296748386
no vax,224,1,630.7566887988784,468.36542643359826,767.5104021978527
no vax,225,1,631.1405627160232,468.84714986375303,767.7354115179772
no vax,226,1,631.3529299093487,469.31934271796945,767.9455999200317
no vax,227,1,631.592509565734,469.78568487123806,768.1427834627195
no vax,228,1,631.821502838056,470.2466452458742,768.3281021296523
no vax,229,1,632.0415931055993,470.70177857189003,768.5025246320731
no vax,230,1,632.4278290741956,471.14898811004474,768.6667352067883
no vax,231,1,632.7879264725889,471.5765186883918,768.8186359134909
no vax,232,1,633.1277359266232,471.9767651275442,768.957414278318
no vax,233,1,633.3589513013676,472.3480519454085,769.0840765888323
no vax,234,1,633.5467660246876,472.6907024935337,769.1998757254452
no vax,235,1,633.7199115262449,473.00509683706457,769.3055352476014
no vax,236,1,633.8793977755666,473.29245325078733,769.4019051186259
no vax,237,1,634.026698820991,473.55488814319517,769.5589693012028
no vax,238,1,634.1853629322814,473.7943212674972,769.7696449755355
no vax,239,1,634.3379543623527,474.01287501461644,769.9713515527608
no vax,240,1,634.4807405638358,474.2157318343875,770.168761751995
no vax,241,1,634.6261934892289,474.40646612658827,770.3652883649997
no vax,242,1,634.8300219384871,474.58669177154616,770.5623013712267
no vax,243,1,635.0579220296302,474.75737958678434,770.7607897223467
no vax,244,1,635.3496945425677,474.91901359362777,770.9616400119066
no vax,245,1,635.6403206718317,475.06905893486214,771.1600867421386
no vax,246,1,635.7847919310727,475.2065867783902,771.3493964256122
no vax,247,1,635.8901891591936,475.33397626372994,771.5803251566775
no vax,248,1,636.0088383601385,475.45282043392695,771.8756973739289
no vax,249,1,636.1795457811221,475.5639652531868,772.1841906615876
no vax,250,1,636.362663767231,475.6684094732629,772.5118791998526
Infection protection only,1,2,0.005214662142649296,0.0014616758499460263,0.014612281133153276
Infection protection only,2,2,0.018011530677551346,0.00506933390361566,0.0502542383986736
Infection protection only,3,2,0.03559020307550007,0.010020669096925706,0.09732779775378211
Infection protection only,4,2,0.057348905581556635,0.016207905690245387,0.1538189044852675
Infection protection only,5,2,0.08324450589444235,0.023395383633372836,0.220462845515784
Infection protection only,6,2,0.11277997208338464,0.031587738142019116,0.29575862307613277
Infection protection only,7,2,0.14289100760721257,0.04020930464505989,0.37034894258187656
Infection protection only,8,2,0.17368820765050808,0.048913548031313946,0.44171396652449824
Infection protection only,9,2,0.2061239053488002,0.05836935243514723,0.5171336631164707
Infection protection only,10,2,0.24237290549815005,0.06921081425225571,0.6020286511806341
Infection protection only,11,2,0.2834580052567601,0.08172664072126616,0.6953555770586026
Infection protection only,12,2,0.32957775558231983,0.09610020196740311,0.7984570452093334
Infection protection only,13,2,0.3787904575208537,0.11336814030339996,0.9043561916418533
Infection protection only,14,2,0.42877734208202184,0.12986339822450454,0.9983714513173194
Infection protection only,15,2,0.4791021287195931,0.14697651514834453,1.0858656210511979
Infection protection only,16,2,0.5255370083210777,0.16518963437491427,1.1731047915921133
Infection protection only,17,2,0.575565162700702,0.18464481965877433,1.2600812777835475
Infection protection only,18,2,0.6325532949330253,0.20665271376987993,1.3626489907213621
Infection protection only,19,2,0.6953746386496809,0.22848832686488182,1.485417741675793
Infection protection only,20,2,0.7621894008456516,0.2574484539391378,1.5939283184660846
Infection protection only,21,2,0.8222907541052626,0.2808025572528727,1.6937005029407428
Infection protection only,22,2,0.8889383766269137,0.31203985646253146,1.7776257024396538
Infection protection only,23,2,0.9430044211859088,0.34881341102975166,1.8470505227107776
Infection protection only,24,2,1.0030100785323026,0.38600518140838613,1.980867655108863
Infection protection only,25,2,1.067374190615696,0.4197561151144687,2.111386375114761
Infection protection only,26,2,1.1352419560658946,0.4580969300919925,2.224304900731546
Infection protection only,27,2,1.2066880554136845,0.48800187812019485,2.323877068759616
Infection protection only,28,2,1.2779499202833295,0.5189211148806595,2.479740044139579
Infection protection only,29,2,1.3384924927830022,0.5520183899221589,2.5946783296084828
Infection protection only,30,2,1.3967492033389073,0.5838234863991288,2.7101988746805374
Infection protection only,31,2,1.462343713423906,0.6129080804989415,2.815242505583979
Infection protection only,32,2,1.5292054788807126,0.6497535194213941,2.923408620060953
Infection protection only,33,2,1.5893442152458541,0.6797543597582008,3.0506703992990767
Infection protection only,34,2,1.651713920382626,0.7228224192963913,3.186040512474968
Infection protection only,35,2,1.7195643108437975,0.758967791306057,3.2830359607132897
Infection protection only,36,2,1.7942604535583533,0.796303730561108,3.376563453404337
Infection protection only,37,2,1.8599262120070095,0.8395251446976768,3.477624815355529
Infection protection only,38,2,1.9371449067474218,0.8828402389875666,3.558281084001098
Infection protection only,39,2,1.9933061235544685,0.9330557760547628,3.646492995422069
Infection protection only,40,2,2.058224851072954,0.9837775059936659,3.785623397270366
Infection protection only,41,2,2.15393767626072,1.0338676799734232,3.936353128557779
Infection protection only,42,2,2.237892275116364,1.0838083564795946,4.086389310024966
Infection protection only,43,2,2.3048889469627967,1.131407044030141,4.219480411250346
Infection protection only,44,2,2.3735842513661627,1.175214990596452,4.339154019261319
Infection protection only,45,2,2.4381034996512305,1.2185357271331247,4.453027424754118
Infection protection only,46,2,2.5007068803510153,1.2640783565936886,4.567478760502121
Infection protection only,47,2,2.5775783393743392,1.31420855254971,4.689179998175902
Infection protection only,48,2,2.655812574868662,1.3677740966853156,4.8180044746150585
Infection protection only,49,2,2.7314482127190116,1.421115300708618,4.931139707709582
Infection protection only,50,2,2.792894958498896,1.471956872386448,5.023120954576679
Infection protection only,51,2,2.858537752332329,1.5135747261900676,5.114219227430551
Infection protection only,52,2,2.940082078360478,1.5593452003924262,5.2075943105065825
Infection protection only,53,2,3.018154132658382,1.6002361406691508,5.305599377203725
Infection protection only,54,2,3.111760588835555,1.6367007596626093,5.4118184844454085
Infection protection only,55,2,3.197721863601915,1.6780857962653521,5.530472871571364
Infection protection only,56,2,3.299160117399852,1.7322050500543527,5.647465684413746
Infection protection only,57,2,3.3761057484452888,1.788119428148964,5.790868261817103
Infection protection only,58,2,3.4596401389347964,1.8402031061565889,5.9391260081802315
Infection protection only,59,2,3.5504540944000134,1.91210679752998,6.097280238063566
Infection protection only,60,2,3.659904603401395,2.0046990973789716,6.263352720144657
Infection protection only,61,2,3.774429105802755,2.0943530029638846,6.420695635850631
Infection protection only,62,2,3.902539662474559,2.171329279776702,6.543051057235762
Infection protection only,63,2,4.036905284549457,2.265751546098534,6.692148128951783
Infection protection only,64,2,4.148257678763663,2.346346996816188,6.832735734847141
Infection protection only,65,2,4.268777507475519,2.4433097753755226,7.001884887915215
Infection protection only,66,2,4.398970200719445,2.5227901967440145,7.172759550395864
Infection protection only,67,2,4.569722711948053,2.622643217402339,7.369439041142021
Infection protection only,68,2,4.746945973452636,2.759819044891943,7.578358249722614
Infection protection only,69,2,4.936234076919833,2.905689701617525,7.819766017306886
Infection protection only,70,2,5.1451007813433645,3.0384415161916634,8.049514939893578
Infection protection only,71,2,5.328819432423044,3.1346347442538063,8.308067636704635
Infection protection only,72,2,5.519051919845936,3.27936691755349,8.602470056701096
Infection protection only,73,2,5.708332601350216,3.4455186000396183,8.857429917537134
Infection protection only,74,2,5.922707086059904,3.5835259226401273,9.130055723698446
Infection protection only,75,2,6.149258534063973,3.6910038462236616,9.43434916357546
Infection protection only,76,2,6.387104392715086,3.889412335396165,9.771371546645433
Infection protection only,77,2,6.656579978612834,4.076170454458232,10.122410515951294
Infection protection only,78,2,6.923719740085691,4.273208333555723,10.542364014687426
Infection protection only,79,2,7.21128977260498,4.42311188759313,10.915871121224217
Infection protection only,80,2,7.522500814059626,4.5960425603319885,11.294332165076318
Infection protection only,81,2,7.875274001874919,4.800943847328462,11.670368604808619
Infection protection only,82,2,8.284379755725652,5.044751169742636,12.179039780363516
Infection protection only,83,2,8.729790209422674,5.381198781771328,12.790058642309797
Infection protection only,84,2,9.153558055701026,5.745207069752254,13.47867554856581
Infection protection only,85,2,9.614916766727475,6.109087440822465,14.11822237127313
Infection protection only,86,2,10.092172475248534,6.377445484913256,14.811679118798871
Infection protection only,87,2,10.63294537076029,6.738663802522205,15.424605002456959
Infection protection only,88,2,11.197044948747576,7.096239364045929,16.147208281101218
Infection protection only,89,2,11.730910213823346,7.466652579126427,16.8049602573503
Infection protection only,90,2,12.299420351620025,7.836339167832904,17.523087579059943
Infection protection only,91,2,12.848399333465505,8.21683252924161,18.291514673090948
Infection protection only,92,2,13.374902885751155,8.584938516946563,18.971883272763073
Infection protection only,93,2,13.93020105846723,8.988655895655778,19.723219915246545
Infection protection only,94,2,14.53716329040753,9.468322386499887,20.707243866080915
Infection protection only,95,2,15.298233037457514,9.995388057125362,21.74777264949163
Infection protection only,96,2,16.201789007876997,10.631404427345336,22.79821627950093
Infection protection only,97,2,17.210039382479117,11.183529899514483,23.997310323551165
Infection protection only,98,2,18.226371441601746,11.864729000052337,25.32257310550362
Infection protection only,99,2,19.285337266205737,12.723262159686955,26.76701294942617
Infection protection only,100,2,20.561545435514834,13.639759040363156,28.160997308640518
Infection protection only,101,2,22.00101778306834,14.6640197339272,29.8091094026094
Infection protection only,102,2,23.526040008414313,15.796826867036817,31.542523459629766
Infection protection only,103,2,25.290682363076815,17.03138635993787,33.850018321296496
Infection protection only,104,2,27.49295287636361,18.55134052104863,36.763691180990456
Infection protection only,105,2,29.726911415474657,20.114903326958867,39.37634650977573
Infection protection only,106,2,31.92512093317972,21.69031819759365,42.319389499033875
Infection protection only,107,2,34.4400162240448,23.329867885091755,45.58576493741503
Infection protection only,108,2,37.28643433891263,25.22082918182094,49.72835420034462
Infection protection only,109,2,40.631548770124034,27.479972762730284,54.289370793479655
Infection protection only,110,2,44.46422408177895,30.450773772692063,59.439767739719954
Infection protection only,111,2,48.62658290734029,33.77178163812556,64.83679540497906
Infection protection only,112,2,53.00587667620556,37.11045975553183,70.48409674783424
Infection protection only,113,2,57.22482784237968,40.422119515748555,76.24906027927675
Infection protection only,114,2,61.28451200641872,43.65888376343063,81.60257597408541
Infection protection only,115,2,65.20945538598482,46.75013091999617,86.62668930182899
Infection protection only,116,2,69.15706456562212,49.55392599225237,91.36144361763151
Infection protection only,117,2,72.80981596634314,52.13568950768319,95.97737156432807
Infection protection only,118,2,76.26823064892018,54.62802803791372,100.62464834641025
Infection protection only,119,2,79.67171305798396,57.05389640981222,105.1284555093312
Infection protection only,120,2,82.95522612705696,59.41389906392772,109.4385795843458
Infection protection only,121,2,86.122372774491,61.697903551717594,113.50815975313624
Infection protection only,122,2,89.1303268958255,63.76182611939611,117.47295489858939
Infection protection only,123,2,91.91200303095201,65.70032020360007,121.27245233006877
Infection protection only,124,2,94.68625060266021,67.70506761646955,124.84789715920239
Infection protection only,125,2,97.3034255366425,69.70577989030647,128.24820957838458
Infection protection only,126,2,99.69345705833915,71.60083471988878,131.66455389965637
Infection protection only,127,2,101.93222059157557,73.36864532223126,134.57729723859373
Infection protection only,128,2,104.38519121516072,75.18958999838226,137.250207707414
Infection protection only,129,2,106.82378817465326,77.1205968255099,140.1992854004709
Infection protection only,130,2,109.39230985075359,79.16538294582155,143.38200706642732
Infection protection only,131,2,112.07806158793997,81.31159526086098,146.6660604569669
Infection protection only,132,2,114.79646649421028,83.26315821260592,150.0861685207958
Infection protection only,133,2,117.37371974911444,84.91041359653993,153.88083822419034
Infection protection only,134,2,119.68915646416762,86.73076914087092,157.41622108326914
Infection protection only,135,2,121.83483720915152,88.3339064376078,160.79813558401088
Infection protection only,136,2,124.03111323142585,89.88106805875785,164.08542040690736
Infection protection only,137,2,126.16377375160504,91.39754506442974,167.10815148986086
Infection protection only,138,2,128.22851221402905,92.88415742522288,169.6914642596064
Infection protection only,139,2,130.28435749823706,94.33705584398442,172.1385773649861
Infection protection only,140,2,132.14559049411957,95.68809914218174,174.37623656015228
Infection protection only,141,2,133.8767470181279,96.89326331425697,176.24143337658683
Infection protection only,142,2,135.36933183860566,97.95420276968744,177.83762236328243
Infection protection only,143,2,136.79152136819283,98.92980266202616,179.27032034627712
Infection protection only,144,2,138.123753723922,99.85876904533815,180.59865436768365
Infection protection only,145,2,139.31614957206887,100.75398753056223,182.30486825262614
Infection protection only,146,2,140.46080832159737,101.61733367872851,183.72709551848214
Infection protection only,147,2,141.56064177046648,102.41637512283512,184.94165037485075
Infection protection only,148,2,142.55572234488275,103.16958502575685,186.02937659007307
Infection protection only,149,2,143.37728015635844,103.87994032291013,187.05206505567324
Infection protection only,150,2,144.20177437310997,104.56477994914128,188.4547307087767
Infection protection only,151,2,145.09778731405993,105.2357478894758,189.81411586419713
Infection protection only,152,2,145.971249407659,105.86950731312984,191.05599220532744
Infection protection only,153,2,146.86050883171595,106.37581917839475,191.92038281772315
Infection protection only,154,2,147.59461678247078,106.84907841797165,192.99214572502382
Infection protection only,155,2,148.2568365378434,107.29724050389582,194.06115762330765
Infection protection only,156,2,148.87665121406815,107.76315892114455,195.0388646958372
Infection protection only,157,2,149.4413580329416,108.28322198661537,195.77302732606188
Infection protection only,158,2,150.05641038830464,108.79332621841544,196.43722393527023
Infection protection only,159,2,150.66071056925426,109.2970135239678,197.08407440811177
Infection protection only,160,2,151.21109196695585,109.79084704906934,197.71664885104323
Infection protection only,161,2,151.79359332172982,110.25169173602833,198.30668524139617
Infection protection only,162,2,152.2607598332209,110.66987037134406,198.84267477630678
Infection protection only,163,2,152.74576891972873,111.06367307599099,199.34996130460488
Infection protection only,164,2,153.22426976706598,111.44575310849737,199.84722646949464
Infection protection only,165,2,153.70323035696748,111.82029429599595,200.34218620180565
Infection protection only,166,2,154.18130542949172,112.18994901103336,200.8399155243098
Infection protection only,167,2,154.62167576298918,112.55338083359662,201.3392885144763
Infection protection only,168,2,155.11051197700914,112.89308266962759,201.8141465968183
Infection protection only,169,2,155.5853081389276,113.19813739311414,202.247528501749
Infection protection only,170,2,155.9190738975638,113.46800524354775,202.63545685897418
Infection protection only,171,2,156.21530901162794,113.70628034060324,202.97972548076896
Infection protection only,172,2,156.4780296711903,113.91391448982161,203.37236600447852
Infection protection only,173,2,156.73158012836592,114.09573777636248,203.8038690255876
Infection protection only,174,2,156.96839227978617,114.25613594570535,204.19897936475093
Infection protection only,175,2,157.18211120135663,114.39020653710224,204.5627340105425
Infection protection only,176,2,157.40406590110632,114.51220816589434,204.90305113454792
Infection protection only,177,2,157.62897756122732,114.63289066863362,205.2446186569956
Infection protection only,178,2,157.86338716601603,114.75972040003728,205.60356477843058
Infection protection only,179,2,158.11184087927376,114.89561702233912,205.98368514559206
Infection protection only,180,2,158.36720612038175,115.04210919537589,206.3843146272866
Infection protection only,181,2,158.62642777539844,115.19889048833393,206.7997503823876
Infection protection only,182,2,158.88180833533013,115.35576581988306,207.20240629753158
Infection protection only,183,2,159.10360509973933,115.50794669721839,207.57609489735364
Infection protection only,184,2,159.30495686939412,115.66547764446076,207.93855696160412
Infection protection only,185,2,159.51285275619045,115.83424287678808,208.30014537425296
Infection protection only,186,2,159.73456229210802,116.01536026181023,208.66418153349377
Infection protection only,187,2,159.95299898602673,116.20865994265502,208.93957066938398
Infection protection only,188,2,160.18258515289156,116.41123872256954,209.20804590686672
Infection protection only,189,2,160.45257801416244,116.60931788314707,209.4665540084816
Infection protection only,190,2,160.6926643586128,116.79524961697608,209.70705206672136
Infection protection only,191,2,160.91622273489568,116.97651066784886,209.94007198930126
Infection protection only,192,2,161.12525834014332,117.15838874254798,210.17376006972705
Infection protection only,193,2,161.36411549763363,117.34194766057173,210.41118011098092
Infection protection only,194,2,161.6235100178554,117.52822563775275,210.65421008826098
Infection protection only,195,2,161.86221518846384,117.71700253207777,210.89701411801235
Infection protection only,196,2,162.06803588113456,117.89774389481553,211.12913408694212
Infection protection only,197,2,162.25480560469651,118.06440302842846,211.3449718414865
Infection protection only,198,2,162.43523252159704,118.2217829601762,211.5533007210032
Infection protection only,199,2,162.6110504867023,118.37663709221182,211.76259180390906
Infection protection only,200,2,162.7883634364954,118.53384457157352,211.97742210339504
Infection protection only,201,2,162.9685628230497,118.69485945049153,212.19919386191262
Infection protection only,202,2,163.14514630265597,118.8575026295396,212.4253141953934
Infection protection only,203,2,163.27061073583712,119.01247293802835,212.6423850152218
Infection protection only,204,2,163.38605561429802,119.15529241264781,212.84367430629828
Infection protection only,205,2,163.52700189406576,119.29310193268859,213.0384348258778
Infection protection only,206,2,163.64061374379668,119.43231035235638,213.23439045707312
Infection protection only,207,2,163.75634835148605,119.57548237943723,213.43454419382618
Infection protection only,208,2,163.89410581394458,119.72252989815664,213.63934333351895
Infection protection only,209,2,164.09654053919797,119.87318110455304,213.84741449243378
Infection protection only,210,2,164.2799805696576,120.01988694286224,214.04748125284246
Infection protection only,211,2,164.43174308892532,120.15843354210236,214.23363172801146
Infection protection only,212,2,164.58059012353533,120.29434135704953,214.41346299308947
Infection protection only,213,2,164.7303366328244,120.43098288043026,214.59244429687755
Infection protection only,214,2,164.88249932265796,120.56973720212663,214.77265783742246
Infection protection only,215,2,165.0389392363224,120.71252827753419,214.95540010757998
Infection protection only,216,2,165.19784273951433,120.82614757289988,215.13880724169658
Infection protection only,217,2,165.3498841848176,120.90990049508501,215.31278012963602
Infection protection only,218,2,165.490654959852,120.98719236673034,215.47245454442063
Infection protection only,219,2,165.62780242664252,121.06280298599964,215.66512705337516
Infection protection only,220,2,165.7671632166684,121.14053424703692,215.87158425965845
Infection protection only,221,2,165.91143287832432,121.22252247001484,216.0851512096111
Infection protection only,222,2,166.06084928480772,121.30950588491714,216.30612719699533
Infection protection only,223,2,166.2126466751654,121.40025372103221,216.5307066901716
Infection protection only,224,2,166.35779834122633,121.4890384353197,216.7454988743983
Infection protection only,225,2,166.50037379625158,121.5730701045286,216.94374881898926
Infection protection only,226,2,166.64886246502422,121.65580750706921,217.1320153984001
Infection protection only,227,2,166.7903499731584,121.73959552060587,217.3154356545783
Infection protection only,228,2,166.9206091227441,121.82507280328686,217.49598640547768
Infection protection only,229,2,167.05004908714642,121.91219301766874,217.67433005715546
Infection protection only,230,2,167.1777180030385,122.00010205192609,217.84945513917927
Infection protection only,231,2,167.29758884270922,122.08404570517229,218.0133389640945
Infection protection only,232,2,167.40605085983861,122.16103082052062,218.16117017415803
Infection protection only,233,2,167.50279511007597,122.23055561533486,218.2925044968093
Infection protection only,234,2,167.58871580545355,122.29304378010276,218.40860719701973
Infection protection only,235,2,167.66481486271232,122.34901564881498,218.51107022620437
Infection protection only,236,2,167.73451963516447,122.39917470475038,218.60172174802696
Infection protection only,237,2,167.80073367771104,122.44438753622367,218.6825089808744
Infection protection only,238,2,167.8609395418893,122.4853643081135,218.75506829580675
Infection protection only,239,2,167.91657052275968,122.52295454474275,218.82009747111587
Infection protection only,240,2,167.9715149472671,122.55954093814819,218.8807129334648
Infection protection only,241,2,168.02821778044103,122.59662695792832,218.94216386061632
Infection protection only,242,2,168.08736016380584,122.63461190395996,219.0058251801382
Infection protection only,243,2,168.12894040985373,122.67350507538681,219.07251921065983
Infection protection only,244,2,168.16435660030027,122.7130256508563,219.14240853477693
Infection protection only,245,2,168.1983937074254,122.75103733859481,219.21161452443556
Infection protection only,246,2,168.24319466244745,122.78646898079552,219.27839143763566
Infection protection only,247,2,168.29021396361503,122.81496210980099,219.3466910761312
Infection protection only,248,2,168.33764855416652,122.82871536613878,219.41954214297047
Infection protection only,249,2,168.38601460188352,122.84200455150328,219.4988681867194
Infection protection only,250,2,168.43610386518128,122.85497371557742,219.58725889006618
baseline,1,2,0.005214662142649296,0.0014616758499460263,0.014612281133153276
baseline,2,2,0.018011530677551346,0.00506933390361566,0.0502542383986736
baseline,3,2,0.03559020307550007,0.010020669096925706,0.09732779775378211
baseline,4,2,0.057348905581556635,0.016207905690245387,0.1538189044852675
baseline,5,2,0.08324450589444235,0.023395383633372836,0.220462845515784
baseline,6,2,0.11277997208338464,0.031587738142019116,0.29575862307613277
baseline,7,2,0.14289100760721257,0.04020930464505989,0.37034894258187656
baseline,8,2,0.17368820765050808,0.048913548031313946,0.44171396652449824
baseline,9,2,0.2061239053488002,0.05836935243514723,0.5171336631164707
baseline,10,2,0.24237290549815005,0.06921081425225571,0.6020286511806341
baseline,11,2,0.2834580052567601,0.08172664072126616,0.6953555770586026
baseline,12,2,0.32957775558231983,0.09610020196740311,0.7984570452093334
baseline,13,2,0.3787904575208537,0.11336814030339996,0.9043561916418533
baseline,14,2,0.42877734208202184,0.12986339822450454,0.9983714513173194
baseline,15,2,0.4791021287195931,0.14697651514834453,1.0858656210511979
baseline,16,2,0.5255370083210777,0.16518963437491427,1.1731047915921133
baseline,17,2,0.575565162700702,0.18464481965877433,1.2600812777835475
baseline,18,2,0.6325532949330253,0.20665271376987993,1.362648990721362
baseline,19,2,0.6953746386496809,0.22848832686488182,1.485417741675793
baseline,20,2,0.7621893630212668,0.25744844113327237,1.5939282641770949
baseline,21,2,0.8222903872319433,0.280802383869641,1.693699707813374
baseline,22,2,0.8889361555663301,0.31203844027952743,1.777623780173028
baseline,23,2,0.9429976219388083,0.34880829573742117,1.847044018097485
baseline,24,2,1.0029883044771868,0.385996265411684,1.9808306269288534
baseline,25,2,1.0673341128291662,0.41973334901945525,2.1113359460202075
baseline,26,2,1.1351941725654258,0.4580737349858086,2.224224276839268
baseline,27,2,1.2066139462938485,0.4879534647204488,2.3236610575632466
baseline,28,2,1.2777912401929823,0.5188635904203166,2.4794372757613523
baseline,29,2,1.3383211108910813,0.5519166765476825,2.5944053290586666
baseline,30,2,1.396512736597776,0.5837300051897394,2.709854100239644
baseline,31,2,1.462041494118878,0.6127835154774768,2.8147989433367737
baseline,32,2,1.5288919444279523,0.6496254317184532,2.9228499646191
baseline,33,2,1.5890554329093827,0.6794776913128923,3.049851581745847
baseline,34,2,1.65127913821988,0.7224383430315744,3.1851175167428303
baseline,35,2,1.7189003840232417,0.7587339584004166,3.2824018268268547
baseline,36,2,1.7935140024087,0.795820151984651,3.3753735288177946
baseline,37,2,1.8588826198908108,0.8391329471558561,3.4763694358126305
baseline,38,2,1.936232620817516,0.8822266358198467,3.556878847127776
baseline,39,2,1.9924362176803398,0.9323328563105486,3.6443670856699204
baseline,40,2,2.05696026842669,0.9830280859273716,3.7831760731566986
baseline,41,2,2.152300246304141,1.0329878610749215,3.933434555156228
baseline,42,2,2.236249323122675,1.0827752630050085,4.083075416206362
baseline,43,2,2.30341370682299,1.1302407366187226,4.215897125751252
baseline,44,2,2.3716065906484536,1.1739186907831956,4.335222379641637
baseline,45,2,2.435820241700261,1.2170966675622612,4.448782486768469
baseline,46,2,2.4982623612017942,1.262469784335724,4.562819959349908
baseline,47,2,2.5748605809915572,1.3123839220820883,4.683886293747875
baseline,48,2,2.6526261115726717,1.365801251464136,4.812258216312721
baseline,49,2,2.728089047456143,1.4187891017240657,4.925781367380478
baseline,50,2,2.7897437845432953,1.4700518661601123,5.017299801521405
baseline,51,2,2.8541611918615555,1.511497204644797,5.107908260078906
baseline,52,2,2.9350669045452182,1.5569945990815817,5.200954795398463
baseline,53,2,3.0119688047437174,1.598177261476153,5.298357657660101
baseline,54,2,3.105911460243859,1.6344009526256973,5.4038867837501865
baseline,55,2,3.191477533535882,1.6754994874681348,5.523174859799797
baseline,56,2,3.2915784799396817,1.7277247348118927,5.6362152126918765
baseline,57,2,3.3703022835412124,1.7849775465333213,5.778581074503215
baseline,58,2,3.4524103624536817,1.8348412614491352,5.925465148577841
baseline,59,2,3.5438527767633516,1.9058807593766696,6.082712553255386
baseline,60,2,3.6492170542084006,1.996316993222903,6.2474199649932345
baseline,61,2,3.7652792806181434,2.0892534355652965,6.405012206747673
baseline,62,2,3.8892093042470335,2.163201843414107,6.529076070325668
baseline,63,2,4.024284517312378,2.2571415810165334,6.672936459421601
baseline,64,2,4.135389169365206,2.3361756660376414,6.815760569342298
baseline,65,2,4.255265273985885,2.4338389489213474,6.978868782225194
baseline,66,2,4.38246129625521,2.5135431749500174,7.148285475108605
baseline,67,2,4.553248079361271,2.6088940524699447,7.346963764269877
baseline,68,2,4.723353256638912,2.7472286082220454,7.550804179052676
baseline,69,2,4.910655828117747,2.8885085816942473,7.789738862815238
baseline,70,2,5.119815556320152,3.0248728410539516,8.01684077796922
baseline,71,2,5.298776351925763,3.119465104221222,8.25964105484497
baseline,72,2,5.48721394861582,3.257371926219591,8.562168251346268
baseline,73,2,5.674102008822325,3.421403097514853,8.814648098092945
baseline,74,2,5.885221082039736,3.5672215113197594,9.07608729652259
baseline,75,2,6.110728258290283,3.6692797849479617,9.383857146237675
baseline,76,2,6.3472245573408985,3.8628147829308075,9.716151771305416
baseline,77,2,6.610173190965239,4.047389772936193,10.060702184438192
baseline,78,2,6.878515885757862,4.247295145788283,10.474553484854221
baseline,79,2,7.156306364792178,4.394856978040974,10.832086160044604
baseline,80,2,7.463110052122559,4.564931576516994,11.20428796246239
baseline,81,2,7.810721396065427,4.7658798807585105,11.593077957796675
baseline,82,2,8.217232532965493,5.005220720529442,12.067413753691069
baseline,83,2,8.650472204619962,5.325818280254138,12.663576714901307
baseline,84,2,9.07110551929146,5.68264809102728,13.335729776378844
baseline,85,2,9.51325589851783,6.044701106978529,13.967398265383501
baseline,86,2,9.98148897894178,6.315540583554525,14.647918909442165
baseline,87,2,10.505956059419125,6.666354358064109,15.260947634279924
baseline,88,2,11.0723593197484,7.015299470001741,15.956076956428747
baseline,89,2,11.596220982781643,7.376501221961183,16.61643095553111
baseline,90,2,12.138417406925715,7.729302542891152,17.312567123332137
baseline,91,2,12.690203629482975,8.096616275042466,18.066698055939074
baseline,92,2,13.205631281998961,8.455786883852387,18.731426327816873
baseline,93,2,13.743750853021787,8.849167139781033,19.46118340821532
baseline,94,2,14.335733416560883,9.320004307350043,20.392428093324764
baseline,95,2,15.07756808350873,9.83150719330613,21.42264786513469
baseline,96,2,15.947861415852268,10.458621287556175,22.44604974568093
baseline,97,2,16.935384623998644,11.014134191240966,23.613730572817577
baseline,98,2,17.93030422169498,11.660190953589439,24.901848619376118
baseline,99,2,18.970847277082807,12.494879554928536,26.283137012142486
baseline,100,2,20.19466194873734,13.424197179073746,27.68060453384194
baseline,101,2,21.588875732625674,14.377673516787459,29.280503143943236
baseline,102,2,23.0793869917441,15.498173657301622,30.965228032811268
baseline,103,2,24.815426634209686,16.716144381028638,33.12557444921654
baseline,104,2,26.9227649758274,18.165806163979425,36.056666197992186
baseline,105,2,29.094080202447742,19.689996343681337,38.549787760229044
baseline,106,2,31.247905470935297,21.248062128841774,41.34379940585367
baseline,107,2,33.661727589968216,22.832370992828707,44.551942000974165
baseline,108,2,36.43243632020048,24.670482669330866,48.52984663370903
baseline,109,2,39.640548649044774,26.832419915495915,52.977736116657205
baseline,110,2,43.392345695436305,29.66420223621711,57.97823553612846
baseline,111,2,47.424707968334644,32.91175137987244,63.13175799058976
baseline,112,2,51.641624849705245,36.14323586855347,68.71436412804793
baseline,113,2,55.69899256596753,39.34276779839394,74.25626182617805
baseline,114,2,59.6623161283685,42.45379474781167,79.33868156292893
baseline,115,2,63.39095268060289,45.45318464996797,84.19448409857381
baseline,116,2,67.24260358207545,48.174605038920014,88.88666117832189
baseline,117,2,70.7648740613676,50.66344970812894,93.24717398195408
baseline,118,2,74.14004439770252,53.06896900810029,97.72041193002913
baseline,119,2,77.38942013898247,55.40775015747646,102.06704692131149
baseline,120,2,80.51830773470667,57.681424925437796,106.19775150955857
baseline,121,2,83.54119772113549,59.81971276533852,110.1330763582267
baseline,122,2,86.48189756077534,61.797180888580165,113.90932829934344
baseline,123,2,89.13275840285499,63.66382164344297,117.56791937621112
baseline,124,2,91.78626414335784,65.64400096651495,121.00982790025108
baseline,125,2,94.32709748405995,67.5691924576546,124.36462457998859
baseline,126,2,96.5995949293143,69.41512614669543,127.65140050498003
baseline,127,2,98.85567318526385,71.11586659056259,130.42254207416244
baseline,128,2,101.1322121796476,72.86648855480624,132.98865686169407
baseline,129,2,103.50703402709792,74.72232551812031,135.81847819319395
baseline,130,2,105.99299348403704,76.6869530664162,138.87699133886866
baseline,131,2,108.56659496945582,78.74850488240577,142.03207000590191
baseline,132,2,111.18394457976578,80.59803507481345,145.42162690870705
baseline,133,2,113.72104322732281,82.19880992047989,149.03013134777345
baseline,134,2,115.863238132106,83.9078321550946,152.45673533018748
baseline,135,2,117.94203029564571,85.44304068738116,155.70288637515677
baseline,136,2,120.068546667205,86.92818340993765,158.86402052172437
baseline,137,2,122.08298807862172,88.38353836317386,161.70864943916666
baseline,138,2,124.05202117400296,89.80991000551248,164.1808050846642
baseline,139,2,126.04838682857988,91.20362720965326,166.52804854660334
baseline,140,2,127.78642101862735,92.49941605100236,168.67399615218355
baseline,141,2,129.48341542595603,93.65512143381159,170.4463674403568
baseline,142,2,130.86178349874285,94.67235349510533,171.97644121328983
baseline,143,2,132.26112362576507,95.60751377695719,173.34945220692214
baseline,144,2,133.52675328617482,96.49768248109831,174.62204562881985
baseline,145,2,134.68990978699094,97.35522110125336,176.22839094838596
baseline,146,2,135.7755583649231,98.18195403658216,177.6329828657965
baseline,147,2,136.7960762068116,98.94691291687835,178.79564373208012
baseline,148,2,137.79587821217487,99.66217691957809,179.83666101709971
baseline,149,2,138.58025179631818,100.34172497221438,180.79774807987334
baseline,150,2,139.3542220929451,100.99668652093087,182.04566676625484
baseline,151,2,140.1417407722471,101.63821753308792,183.34531582027515
baseline,152,2,141.0459921509297,102.27091882666119,184.61051948418242
baseline,153,2,141.90950914383274,102.82776214968285,185.45772064440817
baseline,154,2,142.61696289714297,103.27986975209674,186.39519143328937
baseline,155,2,143.2534330221436,103.68995159203675,187.42044691514081
baseline,156,2,143.8497632120634,104.10634656225314,188.35459408091856
baseline,157,2,144.38826558694666,104.60180272215264,189.13879095773154
baseline,158,2,144.9757060563391,105.08905500136714,189.77730781927986
baseline,159,2,145.55889311468448,105.57010622993589,190.39488205302067
baseline,160,2,146.11807649993236,106.04168324582842,190.99874164979835
baseline,161,2,146.6413306131486,106.48171435988709,191.5619353143284
baseline,162,2,147.1251111320889,106.88097185585696,192.07349447297364
baseline,163,2,147.57719697511345,107.25691492034932,192.55760270219858
baseline,164,2,148.02477812519777,107.62162309520046,193.03208698382028
baseline,165,2,148.47459467201594,107.97909354223239,193.50431295438815
baseline,166,2,148.9308584073801,108.33186085182535,193.97912522014036
baseline,167,2,149.35147674674488,108.6786538710985,194.4554540120402
baseline,168,2,149.78571914324374,109.00286903751366,194.90836130904387
baseline,169,2,150.18613877524797,109.29815026738414,195.32167799517296
baseline,170,2,150.531266128578,109.55847071887491,195.69161460012916
baseline,171,2,150.82278994776647,109.77071814912067,196.01988458619815
baseline,172,2,151.0826609952692,109.9545493800029,196.31873877596624
baseline,173,2,151.34000868752116,110.11583037155043,196.73016510449304
baseline,174,2,151.56852817130277,110.25842893243775,197.10683393531068
baseline,175,2,151.7730628693712,110.38574775153367,197.45355451421105
baseline,176,2,151.9596463632586,110.50201121516996,197.7778795125777
baseline,177,2,152.16785919995073,110.61699071634816,198.1033269747117
baseline,178,2,152.391150840512,110.73779819628945,198.44526115702735
baseline,179,2,152.62777462443262,110.86721566096674,198.807301307517
baseline,180,2,152.86134486836755,111.00669960540668,199.18881743527115
baseline,181,2,153.0958871866976,111.15595916683439,199.58325920218167
baseline,182,2,153.35750981336878,111.30529340326302,199.96351201989964
baseline,183,2,153.59044672108945,111.45014598860557,200.31926686779602
baseline,184,2,153.78214267098753,111.60007288005254,200.66429833979998
baseline,185,2,153.9800441797057,111.76067152161083,201.00845864806018
baseline,186,2,154.18562041602056,111.93300441050178,201.35490913625745
baseline,187,2,154.3984795476024,112.11690866929605,201.60981338444765
baseline,188,2,154.61121238920646,112.30962196688446,201.86527201475982
baseline,189,2,154.85356003115191,112.49804107780254,202.11122763015666
baseline,190,2,155.08353656512634,112.67489355221237,202.34003161089663
baseline,191,2,155.29805244939044,112.84728750197216,202.56169949538895
baseline,192,2,155.49548636349732,113.02025003566892,202.78397815588738
baseline,193,2,155.73809231069984,113.19479263946549,203.00978125045322
baseline,194,2,155.99583009715263,113.37190209982356,203.24089432192278
baseline,195,2,156.2056384718428,113.55136921116747,203.4765327750239
baseline,196,2,156.39828713400246,113.72318345285716,203.70146144561937
baseline,197,2,156.5755552265827,113.8815988837127,203.90666351267132
baseline,198,2,156.74350531087686,114.03117734533426,204.10470242332286
baseline,199,2,156.92307277159142,114.17833301852133,204.30362492009098
baseline,200,2,157.10204385561485,114.3276991669112,204.50777749059114
baseline,201,2,157.25801656115536,114.48065605066294,204.71849050539956
baseline,202,2,157.41613057160845,114.63513483041073,204.93330095099046
baseline,203,2,157.56096175599112,114.78230847386601,205.1394903881767
baseline,204,2,157.67058467119787,114.91792913598535,205.33067068567007
baseline,205,2,157.82176542079128,115.04877609080276,205.51562780649525
baseline,206,2,157.97420659617205,115.18093359900189,205.7016962227698
baseline,207,2,158.09211800107823,115.31683737900454,205.89172879693317
baseline,208,2,158.2042164449349,115.45640532207564,206.08615206021742
baseline,209,2,158.3630290917182,115.59938064517127,206.28366424233883
baseline,210,2,158.5163426378221,115.73860245543052,206.47356634973391
baseline,211,2,158.66038953140696,115.87007413815242,206.65025015176963
baseline,212,2,158.80166070718192,115.9990337541264,206.82092578782016
baseline,213,2,158.94377701013798,116.12868149489152,206.99078412616166
baseline,214,2,159.08817824829805,116.26032625127237,207.16180189152783
baseline,215,2,159.2366306394807,116.39579347468654,207.33520997394214
baseline,216,2,159.3874138722422,116.53353483784713,207.5092407444271
baseline,217,2,159.531680971402,116.62480351544588,207.67431400134538
baseline,218,2,159.66525002605474,116.69812219979988,207.82581599003504
baseline,219,2,159.7953765292193,116.76984326220055,208.01553936880057
baseline,220,2,159.92759804204766,116.84357282491963,208.21134280261646
baseline,221,2,160.06447208627188,116.92133720672403,208.41388197524
baseline,222,2,160.20622457880103,117.00383666243896,208.623441055774
baseline,223,2,160.35023209910088,117.08990406054214,208.83641179025372
baseline,224,2,160.49313003986688,117.17410788004355,209.0400971853152
baseline,225,2,160.64089621004814,117.25380242833297,209.22809250874204
baseline,226,2,160.78177300560023,117.33226758313806,209.40661685104408
baseline,227,2,160.910470110565,117.41172691997801,209.58054118247867
baseline,228,2,161.03403934885642,117.49278604013254,209.7517400710303
baseline,229,2,161.1568283984535,117.57540098204083,209.92084180413664
baseline,230,2,161.27793446831336,117.65876187223058,210.0868876916547
baseline,231,2,161.39164111713927,117.73836098063096,210.24227211497796
baseline,232,2,161.49452379188256,117.81136039235177,210.38243402127324
baseline,233,2,161.58628967144526,117.8772844368378,210.50695257535935
baseline,234,2,161.66778713247248,117.93653496472574,210.61702767429642
baseline,235,2,161.7423919273126,117.98960550658585,210.71416895962872
baseline,236,2,161.81200714539492,118.03716323961926,210.8001099728069
baseline,237,2,161.87477957714054,118.08002995630187,210.87669705488665
baseline,238,2,161.9318542378549,118.11887917353637,210.94333817824665
baseline,239,2,161.9845901099992,118.15451647580859,211.0028471030081
baseline,240,2,162.03667290790975,118.18920062031002,211.06030374817541
baseline,241,2,162.08315151136418,118.22435690203326,211.11854967346852
baseline,242,2,162.11562850199093,118.26036395650186,211.1788882102432
baseline,243,2,162.1487419518824,118.29723070831841,211.24209884114472
baseline,244,2,162.19486310285674,118.33469108013634,211.30833574802713
baseline,245,2,162.24303283691364,118.37072044470125,211.37392348309322
baseline,246,2,162.28844409587643,118.4043036631145,211.43720774863593
baseline,247,2,162.333023579558,118.43663825402174,211.50193314579406
baseline,248,2,162.37799556267606,118.46522283515414,211.57096949119995
baseline,249,2,162.4238494086416,118.47781461431975,211.64613927237372
baseline,250,2,162.47133570105046,118.49010278546758,211.7298959874204
no vax,1,2,0.005214662142649296,0.0014616758499460263,0.014612281133153276
no vax,2,2,0.018011530677551346,0.00506933390361566,0.0502542383986736
no vax,3,2,0.03559020307550007,0.010020669096925706,0.09732779775378211
no vax,4,2,0.057348905581556635,0.016207905690245387,0.1538189044852675
no vax,5,2,0.08324450589444235,0.023395383633372836,0.220462845515784
no vax,6,2,0.11277997208338464,0.031587738142019116,0.29575862307613277
no vax,7,2,0.14289100760721257,0.04020930464505989,0.37034894258187656
no vax,8,2,0.17368820765050808,0.048913548031313946,0.44171396652449824
no vax,9,2,0.2061239053488002,0.05836935243514723,0.5171336631164707
no vax,10,2,0.24237290549815005,0.06921081425225571,0.6020286511806341
no vax,11,2,0.2834580052567601,0.08172664072126616,0.6953555770586026
no vax,12,2,0.32957775558231983,0.09610020196740311,0.7984570452093334
no vax,13,2,0.3787904575208537,0.11336814030339996,0.9043561916418533
no vax,14,2,0.42877734208202184,0.12986339822450454,0.9983714513173194
no vax,15,2,0.4791021287195931,0.14697651514834453,1.0858656210511979
no vax,16,2,0.5255370083210777,0.16518963437491427,1.1731047915921133
no vax,17,2,0.575565162700702,0.18464481965877433,1.2600812777835475
no vax,18,2,0.6325532949330253,0.20665271376987993,1.362648990721362
no vax,19,2,0.6953746386496809,0.22848832686488182,1.485417741675793
no vax,20,2,0.7621897251951741,0.257448563753307,1.5939287839840628
no vax,21,2,0.8222939105303156,0.28080404985032154,1.6937073443715853
no vax,22,2,0.8889577223511683,0.3120522414979549,1.7776423783972544
no vax,23,2,0.9430650339149188,0.34885948984636705,1.8471079840167723
no vax,24,2,1.0032111763972869,0.3860877189563098,1.9812057158084655
no vax,25,2,1.0677572106883684,0.41997571607665335,2.1118621406996567
no vax,26,2,1.1357085888139544,0.45832623513529774,2.2250845106065293
no vax,27,2,1.2074290980353304,0.48850330104369377,2.3260785439062444
no vax,28,2,1.2794704769817584,0.5195239658449009,2.4828984353663675
no vax,29,2,1.340314166708063,0.5531242009159867,2.597524160571813
no vax,30,2,1.3988870211729594,0.5848453374029945,2.71392523714978
no vax,31,2,1.4652747999027582,0.6143173108204635,2.8201874823139454
no vax,32,2,1.532802229541061,0.651199300377664,2.9297563060222553
no vax,33,2,1.5933831610600222,0.683208996491254,3.0603330187285316
no vax,34,2,1.656959631043156,0.7279172429473213,3.1975816842530107
no vax,35,2,1.7293921072578171,0.7619402209272413,3.290315404875483
no vax,36,2,1.8031790760088786,0.8030784315387923,3.3917117823906
no vax,37,2,1.8725563842099522,0.8447728649743568,3.493038713599293
no vax,38,2,1.9494785610834682,0.8915942779143518,3.5758305317153716
no vax,39,2,2.005501044530707,0.9436635852993714,3.676311037169291
no vax,40,2,2.0767429519522556,0.9949462503367612,3.8208790930796908
no vax,41,2,2.177148164168604,1.0473242847988085,3.9798002645179458
no vax,42,2,2.2619326765510968,1.1000563843627937,4.135859004478077
no vax,43,2,2.333395855444035,1.150086116676573,4.274699451779334
no vax,44,2,2.4029447645583657,1.1962522858725744,4.400522803291862
no vax,45,2,2.4724716655818373,1.242169200369077,4.519905206922716
no vax,46,2,2.5449742425281627,1.2908270204726564,4.641739846273971
no vax,47,2,2.624829516327435,1.3450507685008888,4.774986520126418
no vax,48,2,2.7081943321502937,1.4026567049871987,4.909124594137147
no vax,49,2,2.7860528490090966,1.4610465741998437,5.015443578151459
no vax,50,2,2.8552427850947106,1.505242468387441,5.115807468393002
no vax,51,2,2.9304361828679957,1.5497680533658516,5.213869427499733
no vax,52,2,3.0169882481904247,1.5989852082969578,5.315816666926539
no vax,53,2,3.1155418670061215,1.635144619619955,5.425862674595443
no vax,54,2,3.2079648862701804,1.6767812787993572,5.547681848568418
no vax,55,2,3.31737838414202,1.7381177210671728,5.683275999204601
no vax,56,2,3.417868271955558,1.809721685255653,5.872414959310452
no vax,57,2,3.503024719653128,1.8738355121660768,6.033361163673162
no vax,58,2,3.6008770538369577,1.954178902076457,6.2006400309572935
no vax,59,2,3.720168775893244,2.0668396789981913,6.384839767397139
no vax,60,2,3.843480942943886,2.140459379076153,6.533111880828774
no vax,61,2,3.997128157902085,2.240773925398763,6.705793262567014
no vax,62,2,4.1552971010542965,2.3378167134422125,6.881874117759665
no vax,63,2,4.323299022035018,2.456024610583216,7.0872621016674175
no vax,64,2,4.472860734191318,2.5421858889198456,7.2996038129204
no vax,65,2,4.631707876182194,2.6331734455277442,7.489348414358498
no vax,66,2,4.813062496131277,2.768632146323123,7.716504641310103
no vax,67,2,5.010853609521382,2.9114625936611063,7.96817259168152
no vax,68,2,5.236237437287591,3.101774037361132,8.291309031606984
no vax,69,2,5.503344723296374,3.252765183814569,8.677261812889677
no vax,70,2,5.781189949680207,3.4633941525613294,8.981453165689286
no vax,71,2,6.055066068364036,3.6588594974124704,9.353224367407973
no vax,72,2,6.324542452448489,3.7703616477523823,9.721845797854083
no vax,73,2,6.57324157972847,3.90733692794166,10.027637209249054
no vax,74,2,6.8687693936319345,4.142018838864999,10.492608267307828
no vax,75,2,7.204662441971667,4.406274925813571,10.932950320870974
no vax,76,2,7.613594160035135,4.666397062791946,11.497038020123616
no vax,77,2,8.017135890115854,4.877264244108781,11.994833973101725
no vax,78,2,8.434491409404162,5.097558481323264,12.576081223367733
no vax,79,2,8.877511827445899,5.395942975120226,13.092080618583958
no vax,80,2,9.35992496716398,5.756119619107847,13.883867130532092
no vax,81,2,9.986714982398453,6.193842970279197,14.731838728797836
no vax,82,2,10.666472490177235,6.648805888303145,15.665354140542814
no vax,83,2,11.461469799487018,7.221561089712357,16.84741504940095
no vax,84,2,12.267918638937132,7.83418206011985,17.955170984688518
no vax,85,2,13.088209221620268,8.485514126779437,18.86757333048403
no vax,86,2,13.97128291902096,9.13896188795231,20.0051484771232
no vax,87,2,14.974309231061458,9.87604515961428,21.338444876112618
no vax,88,2,16.12045999464401,10.702107141891764,22.818694671273548
no vax,89,2,17.325449778913782,11.503818015586747,24.30384448352191
no vax,90,2,18.48205603169097,12.22217697065899,25.86003476430186
no vax,91,2,19.66849715504322,12.915100336983347,27.453453348751612
no vax,92,2,20.751932560181842,13.607236724917723,29.03342573033055
no vax,93,2,21.96413924041854,14.343623686964174,30.73394930355804
no vax,94,2,23.315413855411755,15.06028545561739,32.75641004556835
no vax,95,2,25.050082409811118,16.293285432785932,35.13898990006645
no vax,96,2,27.182507114029114,17.625431630568958,37.836083651913434
no vax,97,2,29.72485236940549,19.552542076942963,40.82773333006238
no vax,98,2,32.50531246412293,21.17379353549524,44.03756623253648
no vax,99,2,35.33622465465647,22.92388063205124,47.595236642307206
no vax,100,2,38.331296243074334,25.141369437713486,51.79327752795024
no vax,101,2,41.99710260050379,27.821790105234985,56.683577816847745
no vax,102,2,46.67934887336773,30.80900492615005,62.38696018758747
no vax,103,2,52.235956417136045,35.128637588301316,69.67230635055823
no vax,104,2,58.93416051790898,39.78329627263303,78.36962034723334
no vax,105,2,65.84378065397453,44.59143417475731,88.55530030149473
no vax,106,2,72.85669776398763,49.970018730921694,99.2137976461261
no vax,107,2,81.0456716363014,55.65330093651155,110.01334019956082
no vax,108,2,90.69114832874992,62.90063120513181,124.26179029678352
no vax,109,2,102.26212467662424,71.73708663289841,138.74357277405318
no vax,110,2,115.95500574216143,82.01865461582659,157.0693080103245
no vax,111,2,131.89644816407105,94.2209792225842,179.16661049438704
no vax,112,2,148.83962479182435,106.23543615882566,199.71654876561868
no vax,113,2,165.46906472777385,118.57687876202588,222.23105874866823
no vax,114,2,181.59180666051947,130.69564894040562,242.64461177663895
no vax,115,2,196.9283304567,141.92023544576077,264.03612951624007
no vax,116,2,211.25520521298375,152.44382808464363,282.47901339483417
no vax,117,2,225.23163436177478,161.81691589379005,302.03889227943404
no vax,118,2,239.0589778568477,171.5097431900741,320.38305712695797
no vax,119,2,251.7962505708017,181.69688359911578,336.9059182262234
no vax,120,2,264.19112526908884,190.99690735993735,352.2178815686059
no vax,121,2,276.2529016983632,200.19978082957385,364.917104722799
no vax,122,2,287.85986087241594,208.86162458360997,379.71921619246535
no vax,123,2,298.70136665070527,215.60313864013156,395.1332287383563
no vax,124,2,308.7991098136628,223.39314550993262,408.3756634017587
no vax,125,2,318.69368167562686,230.91870084747958,420.4201864792293
no vax,126,2,327.84544330190084,237.4669128079838,433.0838185357308
no vax,127,2,336.7928805945889,243.55035245720433,445.39299353311463
no vax,128,2,346.51481952885996,250.09796718175613,459.0383151414102
no vax,129,2,356.1198894158183,257.63657475667736,471.44749954006505
no vax,130,2,366.35953116110926,265.5090097067141,484.461350693068
no vax,131,2,377.3181062205982,273.79538213540934,497.3183951772616
no vax,132,2,388.72573255209517,282.64034001981406,509.1235379483486
no vax,133,2,398.7597459964177,291.1288053662839,521.5645114600347
no vax,134,2,408.4126674107515,297.8461774544594,533.0023776055707
no vax,135,2,418.38242667473804,303.5970964620484,543.9156359951495
no vax,136,2,427.6164673345202,309.6400717389036,555.4892938208859
no vax,137,2,436.0854065121987,315.8685782570714,566.819888437119
no vax,138,2,443.7764429598742,322.02844338414934,577.8960607921327
no vax,139,2,451.52653461576404,328.3291527531728,589.0077948433153
no vax,140,2,458.83602597346714,334.4193260063762,598.7365751548422
no vax,141,2,465.6550978452727,339.3287703706562,607.6712168049054
no vax,142,2,471.6425595679715,343.2916587704378,615.4510744582626
no vax,143,2,476.599267465274,346.6928436758633,623.1540810760341
no vax,144,2,481.5309386989584,350.15929848443943,629.0592641777193
no vax,145,2,486.3075891439756,352.991077753854,635.4755264954848
no vax,146,2,491.39526856799426,356.22017853215874,641.6216045460569
no vax,147,2,495.2227530880224,359.1904991556891,647.262509197298
no vax,148,2,499.4138997026979,361.5983792085509,652.291850596854
no vax,149,2,503.2594146878133,363.6221866486511,656.9260176618534
no vax,150,2,506.8092997478848,365.84296315416015,661.3480467377243
no vax,151,2,509.97535260397456,368.0648418669132,665.7912605332995
no vax,152,2,513.3597602349469,370.32580522554514,670.9616461395074
no vax,153,2,516.6996169355305,372.3249417019779,676.0273084942804
no vax,154,2,519.4419536619635,374.2395674187039,680.2480725497658
no vax,155,2,521.908085014909,375.94934389098313,684.343256727321
no vax,156,2,524.1722738706765,377.2800000780129,688.0563388486963
no vax,157,2,526.541199747813,378.5315100757119,691.5219605645192
no vax,158,2,528.6284969062749,379.8032688534815,694.8122431720768
no vax,159,2,530.6873489093058,381.2728685363393,697.96930523157
no vax,160,2,533.0103475299775,382.85027604653084,700.992665324367
no vax,161,2,535.345800408189,384.3311377768779,703.7581905978044
no vax,162,2,537.5160448237473,385.5769899480928,706.1907579459761
no vax,163,2,539.5323301123099,386.598362525403,708.4397967206191
no vax,164,2,541.5028623940609,387.8073819215673,710.6055038297341
no vax,165,2,543.4517511149581,388.7972265434261,713.3298857383011
no vax,166,2,545.619346652679,389.7741105906163,716.4110952902754
no vax,167,2,547.8019728893569,390.7357648921186,719.4502549969055
no vax,168,2,549.8551229888366,391.63294445764006,722.2829084469993
no vax,169,2,551.7214254231892,392.44400128990077,724.8068679921571
no vax,170,2,553.2363170977299,393.586535697587,727.0025359068935
no vax,171,2,554.7111849081354,394.6217392895327,728.8893621089209
no vax,172,2,555.846665842615,395.52222875466543,730.5039777613698
no vax,173,2,556.9989700758324,396.3102294572532,731.8891809247382
no vax,174,2,557.8908175923682,396.93244888465244,733.0840973758682
no vax,175,2,558.5827430776485,397.3563487164541,734.122954041056
no vax,176,2,559.2104939792234,397.736307715338,735.0454098009519
no vax,177,2,559.8666452697671,398.10556479482005,735.9337682889218
no vax,178,2,560.5557472743712,398.4900062067035,736.8454316464066
no vax,179,2,561.3833905379805,398.9231029815227,737.8024266902485
no vax,180,2,562.2950161018221,399.3822577106278,738.8146979251998
no vax,181,2,563.1982634037652,399.8641131640116,739.8778054543418
no vax,182,2,564.0793803950132,400.33597697720637,740.920959346561
no vax,183,2,565.1770673137454,400.8737668345461,741.9103894237493
no vax,184,2,566.1290937863239,401.67968550956266,742.9050837816084
no vax,185,2,566.8506007756146,402.51457241754497,743.9465797100673
no vax,186,2,567.5538079882324,403.3841136691651,745.0497771557281
no vax,187,2,568.2831780569079,404.2876187704251,746.2178164090017
no vax,188,2,569.0388887294455,405.21214880277853,747.4362843226974
no vax,189,2,569.7807741781053,406.0972407209344,748.6199916718383
no vax,190,2,570.4870716427745,406.91129518269656,749.7239443895544
no vax,191,2,571.305701739904,407.68965002096866,750.8031098732873
no vax,192,2,572.0892305965338,408.1495155542608,751.8984390529222
no vax,193,2,572.8601821070413,408.39042225843315,753.0231160310898
no vax,194,2,573.4655045913687,408.635592217304,754.1887339077113
no vax,195,2,574.0868546063873,408.8852120156692,755.3956897544583
no vax,196,2,574.8078335956781,409.1442153136771,756.5560949028161
no vax,197,2,575.5947701624657,409.38611995474605,757.6314004072451
no vax,198,2,576.353197469575,409.6170610914858,758.567999161728
no vax,199,2,577.1221703007925,409.8481187598889,759.2349969793142
no vax,200,2,577.9278754401813,410.08632064894033,759.9051361760149
no vax,201,2,578.8368022912244,410.33357678180283,760.5698514824895
no vax,202,2,579.6668899313263,410.78238463501026,761.2343462094505
no vax,203,2,580.4590094256722,411.4012167210148,761.859307625287
no vax,204,2,581.1860757085029,411.9653837461147,762.4260861923566
no vax,205,2,581.868358277535,412.50296957236145,763.245361007817
no vax,206,2,582.3133947832969,412.6795305337524,764.093622455619
no vax,207,2,582.9287088048593,412.79008182419415,764.9542111697348
no vax,208,2,583.3180212891468,412.8994214370019,765.8284955426394
no vax,209,2,583.7447996389697,413.01049146331786,766.7102198376529
no vax,210,2,584.193337739954,413.1281624768478,767.5492674936183
no vax,211,2,584.6041988459167,413.2348918085676,768.3198074786469
no vax,212,2,584.9940802362913,413.3348881415574,769.055484872526
no vax,213,2,585.3753861666439,413.56356494762787,769.7809990003184
no vax,214,2,585.7544713540119,413.92129598917217,770.5068242098101
no vax,215,2,586.1377159933774,414.2852848428698,771.2405681196691
no vax,216,2,586.5228480741021,414.6518339238188,771.9755491065474
no vax,217,2,586.8876675980034,414.99894294315436,772.6689592832196
no vax,218,2,587.2563312246143,415.3169496608153,773.3010238785962
no vax,219,2,587.5685830931473,415.626417357599,773.9059738122655
no vax,220,2,587.8855667409298,415.94328215135783,774.510453506229
no vax,221,2,588.2144395539209,416.2820420877845,775.126572342235
no vax,222,2,588.5568958028798,416.63983558877885,775.7575930628932
no vax,223,2,588.9073990654462,417.00836332631354,776.3951202570628
no vax,224,2,589.2430630058384,417.3628328366861,777.000123921191
no vax,225,2,589.5525893779961,417.69101989045794,777.5536759740133
no vax,226,2,589.8487401124926,418.00555451916136,778.0794521362732
no vax,227,2,590.1407823495438,418.31561203922877,778.5956332160987
no vax,228,2,590.4316410525589,418.62429848830703,779.1092471156624
no vax,229,2,590.7083556568971,418.9322679380473,779.6226346147438
no vax,230,2,590.971104027344,419.23740030709484,780.1319764167739
no vax,231,2,591.2177496171789,419.52383222562696,780.6097859249265
no vax,232,2,591.4179276313935,419.7820339818987,781.0390855573803
no vax,233,2,591.6346972512479,420.01126769113176,781.4172366882608
no vax,234,2,591.8550189914147,420.2139558906133,781.747631122407
no vax,235,2,591.9767198849629,420.39273108583444,782.0353988040257
no vax,236,2,592.0601961201037,420.5506911036841,782.2864050919122
no vax,237,2,592.131638467322,420.69134717651184,782.5066256514033
no vax,238,2,592.2035838811619,420.81758386594873,782.7011730281615
no vax,239,2,592.2770668657622,420.93281303471446,782.8759746924344
no vax,240,2,592.3482098213066,421.04602601143284,783.0449149342405
no vax,241,2,592.4207848272385,421.1627174258021,783.2176042113567
no vax,242,2,592.526333585705,421.2841550798412,783.3985261862533
no vax,243,2,592.6374366270293,421.41012921205794,783.5903552117782
no vax,244,2,592.7432228704942,421.53940882462234,783.7932686494703
no vax,245,2,592.8764534684235,421.6639637001045,783.9943114080464
no vax,246,2,593.0033436004569,421.7796709273813,784.187421994598
no vax,247,2,593.1306129017944,421.89096006932556,784.3854678284722
no vax,248,2,593.262690520773,422.0004834098633,784.598761055806
no vax,249,2,593.3461686303633,422.10903254907004,784.8337761473541
no vax,250,2,593.4355401987946,422.2179708405017,785.0981533089086
Infection protection only,1,3,0.0026749203680641325,0.0007957806150374771,0.0069386153885673445
Infection protection only,2,3,0.00926038087495738,0.00275808681981925,0.0238547085334107
Infection protection only,3,3,0.018214166472581346,0.005415666451737842,0.046226255531816224
Infection protection only,4,3,0.02925899556192238,0.008689397037138174,0.07321321498688041
Infection protection only,5,3,0.04243459307930027,0.012612378739338138,0.10555383771950597
Infection protection only,6,3,0.05750346833773768,0.017194916751743058,0.14129122832234942
Infection protection only,7,3,0.07285722218879956,0.021985339557798477,0.17774870652959243
Infection protection only,8,3,0.08821826744036085,0.026780444203249945,0.21406936783086458
Infection protection only,9,3,0.10422844283786978,0.0320306553091526,0.25567265825234525
Infection protection only,10,3,0.12176809362302934,0.03810573632031395,0.30077208735400485
Infection protection only,11,3,0.14263362311192412,0.04487998435546352,0.3423555614763226
Infection protection only,12,3,0.1666432273277248,0.052355697310682424,0.3876902907486173
Infection protection only,13,3,0.19129798750284055,0.06085136141074388,0.4406610490592598
Infection protection only,14,3,0.2167805479962024,0.07006784091762075,0.49297664354526183
Infection protection only,15,3,0.24107206425770628,0.07910619356213358,0.5424499859894678
Infection protection only,16,3,0.2646536079848899,0.08872075950216479,0.5884869836158312
Infection protection only,17,3,0.28961208716464254,0.09976063945237021,0.6377901237772781
Infection protection only,18,3,0.31869085805434383,0.11441916534322039,0.688828099139743
Infection protection only,19,3,0.34904720652014276,0.12661428813399694,0.7478479261766191
Infection protection only,20,3,0.3837218681869873,0.14199025535427484,0.8063633905438178
Infection protection only,21,3,0.4158438560105264,0.15854343032055904,0.8614960836105576
Infection protection only,22,3,0.4432974126037747,0.174436506295817,0.9196542797546177
Infection protection only,23,3,0.47447464141380546,0.18943796185395673,0.9582558348901032
Infection protection only,24,3,0.5086504695986985,0.201309050603204,1.0124341137792618
Infection protection only,25,3,0.5381472500179818,0.2211374737476377,1.0719561329164577
Infection protection only,26,3,0.5724856285265847,0.23641105113041475,1.1289307726933824
Infection protection only,27,3,0.6047243234089426,0.2527523058520297,1.180545688535252
Infection protection only,28,3,0.6399473363253942,0.2753983645712025,1.2526430668076007
Infection protection only,29,3,0.6723691701728312,0.29526222731683444,1.3210289180161807
Infection protection only,30,3,0.7055426273448326,0.31193119111039763,1.374424589999171
Infection protection only,31,3,0.7390364693621925,0.3326629288291994,1.4235020714190847
Infection protection only,32,3,0.7735358984280323,0.3516821668498438,1.4799144271992402
Infection protection only,33,3,0.8090560413161503,0.3722552741968513,1.5412764364035456
Infection protection only,34,3,0.8465250109245821,0.3940229684050226,1.6048575803745804
Infection protection only,35,3,0.8828798356830215,0.41664045315036025,1.6656546652077129
Infection protection only,36,3,0.9147103109274208,0.4368594635605705,1.7276493677736695
Infection protection only,37,3,0.9508551117105684,0.4509749790145914,1.778759401482799
Infection protection only,38,3,0.9833841465063302,0.4610238902573297,1.8466348049662349
Infection protection only,39,3,1.0163850980435662,0.48419223027270386,1.9035871177350232
Infection protection only,40,3,1.0539491961610286,0.5157356342555016,1.965583675527978
Infection protection only,41,3,1.0937430153886378,0.531717743055888,2.022925641999493
Infection protection only,42,3,1.131964362732397,0.5472066139201208,2.085890130681877
Infection protection only,43,3,1.1705929450593828,0.5620739987854486,2.143598772077751
Infection protection only,44,3,1.1985852307935483,0.576049907762461,2.1951294391148295
Infection protection only,45,3,1.2308943245488453,0.6002562508419998,2.2503959505240134
Infection protection only,46,3,1.2641649331910778,0.6288162418116098,2.315105829970755
Infection protection only,47,3,1.301891937039286,0.6544662436723225,2.368490012621033
Infection protection only,48,3,1.3385912450326143,0.6897371623894788,2.4308743661856433
Infection protection only,49,3,1.3751768708477075,0.7173559749548895,2.496427706976386
Infection protection only,50,3,1.4043122057768025,0.7390390771121516,2.5409749618327386
Infection protection only,51,3,1.434002597806287,0.7592727550593497,2.5820846339704264
Infection protection only,52,3,1.4718483100843596,0.7895348415011862,2.6414475538676214
Infection protection only,53,3,1.5115424905299784,0.8142081629134644,2.7045137512665924
Infection protection only,54,3,1.5592501694104421,0.8409275781836617,2.7723757067852515
Infection protection only,55,3,1.6085048632575982,0.8671432595631183,2.83484192289139
Infection protection only,56,3,1.6548666718614724,0.8935136428777438,2.908789865380781
Infection protection only,57,3,1.7017875564006533,0.9182064820637855,2.981304847510078
Infection protection only,58,3,1.7513810575054398,0.9449730136068681,3.055650420181266
Infection protection only,59,3,1.806250361880001,0.9753420345638139,3.1320039046525094
Infection protection only,60,3,1.8671259983945703,1.0167182401579038,3.213149715189744
Infection protection only,61,3,1.9302557548859296,1.0525702808040058,3.3047779390299925
Infection protection only,62,3,1.9990099767074443,1.0876469793319175,3.419042742720313
Infection protection only,63,3,2.064711203610292,1.130347206611861,3.5152780585522585
Infection protection only,64,3,2.128921188388637,1.1701673047573429,3.6084918826793646
Infection protection only,65,3,2.1984213002295094,1.213093267790198,3.7033966057407888
Infection protection only,66,3,2.269175557867235,1.2708849437800196,3.8045164101859057
Infection protection only,67,3,2.354103944636657,1.3274987803822444,3.959041721501776
Infection protection only,68,3,2.442008279711339,1.390648155746224,4.099840703645461
Infection protection only,69,3,2.5367449868264753,1.4505239919264021,4.2463476035058525
Infection protection only,70,3,2.6317390332123667,1.524828654038502,4.361922809569657
Infection protection only,71,3,2.734989879761506,1.5809849190432768,4.510455596769196
Infection protection only,72,3,2.8284232228886563,1.6509819104913623,4.674962930206516
Infection protection only,73,3,2.938297454134462,1.7132573177772425,4.796425806779777
Infection protection only,74,3,3.0317014660077874,1.7728730052524633,4.920315254057973
Infection protection only,75,3,3.142317960182108,1.8461079976432921,5.052964090617022
Infection protection only,76,3,3.27195255534049,1.9371259937452054,5.236926477951138
Infection protection only,77,3,3.4182937476241766,2.026101674923738,5.43667365846917
Infection protection only,78,3,3.557213275418966,2.116348772823426,5.608494818823422
Infection protection only,79,3,3.723325403855384,2.2361550881528047,5.778953779896391
Infection protection only,80,3,3.883364499208497,2.364797519092669,6.002316530586606
Infection protection only,81,3,4.088354339277851,2.5237953288548534,6.2687290123669115
Infection protection only,82,3,4.309036863004174,2.693532507043211,6.609312302832231
Infection protection only,83,3,4.533037377470956,2.877412196542252,6.918659475544995
Infection protection only,84,3,4.784408856360026,3.0853948400925484,7.233614983970238
Infection protection only,85,3,5.02315422864128,3.2579587873279015,7.561008517741983
Infection protection only,86,3,5.273338713907824,3.4350456900051394,7.884954779834235
Infection protection only,87,3,5.555438059473465,3.6266995661293233,8.354540836393795
Infection protection only,88,3,5.841007716961569,3.8345885188213322,8.75081262503994
Infection protection only,89,3,6.138447445310614,4.047816161782197,9.147965995293378
Infection protection only,90,3,6.432017160536164,4.254897257673715,9.565917729438372
Infection protection only,91,3,6.70248233797566,4.440964012442357,9.939561445894196
Infection protection only,92,3,6.9537129723700986,4.621212329099058,10.325141891966567
Infection protection only,93,3,7.243031688271467,4.823838260190949,10.721422516750788
Infection protection only,94,3,7.578093885052471,5.0668755389521305,11.166428325356712
Infection protection only,95,3,7.964060007607336,5.318426335917005,11.665027230933433
Infection protection only,96,3,8.401242442483486,5.639683675658113,12.298027588395977
Infection protection only,97,3,8.912255382797332,5.999217660381218,12.991009907127546
Infection protection only,98,3,9.4424638630063,6.370218997580111,13.70105451462002
Infection protection only,99,3,10.020037209930985,6.742023646807939,14.44588085194467
Infection protection only,100,3,10.681317040844707,7.176550758813266,15.252795718597756
Infection protection only,101,3,11.444445111320288,7.689330466206726,16.255329748378692
Infection protection only,102,3,12.276423621927403,8.30729880272022,17.40122772901677
Infection protection only,103,3,13.308385700071819,9.01102985105188,18.790833141276078
Infection protection only,104,3,14.494261474362371,9.84930187848332,20.433631282754348
Infection protection only,105,3,15.802984671673865,10.727560757234382,22.178059690824544
Infection protection only,106,3,17.0196264914259,11.609752641127251,23.777460551187357
Infection protection only,107,3,18.337366288860593,12.469472910365587,25.595794930409195
Infection protection only,108,3,19.92048430919462,13.683180727707196,27.64524363988652
Infection protection only,109,3,21.792985665546453,14.93480687919489,30.279148089551313
Infection protection only,110,3,23.92923579149435,16.364595771170546,33.43260301213331
Infection protection only,111,3,26.319407080329334,17.967674427803388,36.68654773712099
Infection protection only,112,3,28.86942349924221,19.6763569010231,40.290931801794535
Infection protection only,113,3,31.31924618396153,21.378298260656667,43.52892282169813
Infection protection only,114,3,33.616275986455534,23.09478078531096,46.781038901152016
Infection protection only,115,3,35.786834029156836,24.589298357872913,49.87207472701693
Infection protection only,116,3,37.91634741217736,26.10214007400148,52.81818885714586
Infection protection only,117,3,39.92756548681181,27.541009314742055,55.63723712415856
Infection protection only,118,3,41.84791668223677,28.851229731539064,58.22716889014532
Infection protection only,119,3,43.66651119808678,30.180976408905494,60.692385649279785
Infection protection only,120,3,45.48037570675913,31.384582873564355,63.161207361245445
Infection protection only,121,3,47.23477674395589,32.644445512054666,65.47473831162534
Infection protection only,122,3,48.929180074420316,33.747515135983306,67.678950767098
Infection protection only,123,3,50.436496006298995,34.8235779073124,69.78876121345625
Infection protection only,124,3,51.942107960966894,35.85891249227784,71.77350343701227
Infection protection only,125,3,53.4298733221259,36.854911757992674,73.60371974259611
Infection protection only,126,3,54.775656374488065,37.76387393050041,75.4625030793061
Infection protection only,127,3,56.07709753678208,38.61026151619997,77.23381906101375
Infection protection only,128,3,57.38251887940922,39.48688098658966,78.85902774841159
Infection protection only,129,3,58.633196495500854,40.427607827880415,80.52469420471225
Infection protection only,130,3,59.958412827804274,41.437768945775574,82.35801450764568
Infection protection only,131,3,61.39021602179723,42.513163446212104,84.29760109701435
Infection protection only,132,3,62.85979703650706,43.63849681365743,86.16369049296654
Infection protection only,133,3,64.39554914274328,44.738625290872754,88.15143120983353
Infection protection only,134,3,65.68604805708932,45.693518557461054,89.88467037167062
Infection protection only,135,3,67.02039598308983,46.55488888120653,91.50817608194325
Infection protection only,136,3,68.2854181047833,47.43760325742765,93.02094312616718
Infection protection only,137,3,69.49758582590547,48.27460321825952,94.64447291184004
Infection protection only,138,3,70.68671455457033,49.099864278796005,96.18013638479187
Infection protection only,139,3,71.76941901033516,49.90980975256772,97.67604817905293
Infection protection only,140,3,72.79545618962214,50.66315162227009,99.05953637384813
Infection protection only,141,3,73.70637392078521,51.335417767933045,100.40782127208365
Infection protection only,142,3,74.51300532386425,51.92664042180534,101.64830167156472
Infection protection only,143,3,75.25598132752168,52.4704500292891,102.78400046248812
Infection protection only,144,3,75.99426264086829,52.990130029720696,103.86162198054298
Infection protection only,145,3,76.67444457024332,53.49419902318446,104.89578119334337
Infection protection only,146,3,77.31981218890974,53.92671868537337,105.88936484860668
Infection protection only,147,3,77.95866575857045,54.31463564830866,106.80409465761373
Infection protection only,148,3,78.44989021044233,54.66210741635704,107.62206848764944
Infection protection only,149,3,78.90227691502102,54.98494308251549,108.33315954982251
Infection protection only,150,3,79.33795224031795,55.296443781181445,108.96816703501877
Infection protection only,151,3,79.7467346429197,55.63884642837195,109.59134089939364
Infection protection only,152,3,80.16129299732577,55.99509730470441,110.19818385687465
Infection protection only,153,3,80.61639289642608,56.34561057840582,110.79463429975786
Infection protection only,154,3,81.03420992677223,56.67514075337289,111.35570572845872
Infection protection only,155,3,81.43360098088436,56.97159146794975,111.88208530927169
Infection protection only,156,3,81.80984413246239,57.247004891641595,112.37615573044509
Infection protection only,157,3,82.16421357676663,57.51128622526186,112.8606161994269
Infection protection only,158,3,82.49951578541182,57.769256949825554,113.3440159020735
Infection protection only,159,3,82.81640513784458,58.023378876726724,113.83022034650125
Infection protection only,160,3,83.11375260089167,58.27233609610193,114.31536768846662
Infection protection only,161,3,83.44552624872489,58.50400856755702,114.7728170553046
Infection protection only,162,3,83.73638508889533,58.713507432702755,115.1909653146156
Infection protection only,163,3,83.99463805792041,58.91138680523351,115.59091334659163
Infection protection only,164,3,84.2652850083389,59.10506629577383,115.98725362502971
Infection protection only,165,3,84.53308498764113,59.29725564185205,116.38079308852114
Infection protection only,166,3,84.7866032481289,59.48985872241745,116.77898276543935
Infection protection only,167,3,85.0844188085098,59.68237852599012,117.18003562956305
Infection protection only,168,3,85.35395368618123,59.86417047902226,117.56062811613636
Infection protection only,169,3,85.58233628809025,60.02887256000376,117.90472570646276
Infection protection only,170,3,85.79370727459273,60.17698725497933,118.209081552904
Infection protection only,171,3,85.97495698863598,60.30732482508054,118.47675660415425
Infection protection only,172,3,86.15704232807411,60.42178473526273,118.71177131911726
Infection protection only,173,3,86.31449222095844,60.522730491293615,118.91398400138435
Infection protection only,174,3,86.43837380266982,60.61223006549601,119.0714578520744
Infection protection only,175,3,86.54962839188738,60.69187107960995,119.21159103366558
Infection protection only,176,3,86.65799695312936,60.763914759833206,119.33867389083171
Infection protection only,177,3,86.77707276311803,60.834255917439094,119.4637185459684
Infection protection only,178,3,86.9052713280401,60.92104633784742,119.59452908562096
Infection protection only,179,3,87.02848107463335,61.02417026959781,119.73368789068176
Infection protection only,180,3,87.16728199486747,61.134983011457834,119.88205908687081
Infection protection only,181,3,87.30917100993017,61.25236764328739,120.03676013045411
Infection protection only,182,3,87.44039191333246,61.368037513406904,120.1859290879619
Infection protection only,183,3,87.57010480734323,61.47773467696456,120.32743135171958
Infection protection only,184,3,87.69825353610166,61.587436746740366,120.46980393938412
Infection protection only,185,3,87.83050882501402,61.7010196988226,120.61830978587061
Infection protection only,186,3,87.96789159388355,61.81940481243466,120.77422214519005
Infection protection only,187,3,88.12242945361307,61.94260352233544,120.93780551654378
Infection protection only,188,3,88.28086404298105,62.06892080974619,121.1070574831661
Infection protection only,189,3,88.43982019725107,62.190121091557565,121.24262383453804
Infection protection only,190,3,88.59117055663967,62.30190317106108,121.36723242481793
Infection protection only,191,3,88.71207531294453,62.40916275559562,121.48768197758561
Infection protection only,192,3,88.8611068066649,62.515544450748536,121.60818740965561
Infection protection only,193,3,88.99487529723707,62.59074911427507,121.7300012529066
Infection protection only,194,3,89.15570565975418,62.65909206303544,121.85424009636989
Infection protection only,195,3,89.31958543450563,62.728762605611614,121.98097315202943
Infection protection only,196,3,89.4459153938852,62.79566915822656,122.10259094534273
Infection protection only,197,3,89.57614657949307,62.85678051671702,122.21485705229033
Infection protection only,198,3,89.71123008151787,62.91459063324136,122.3219550407048
Infection protection only,199,3,89.84518613589808,62.97164552886324,122.42911770605473
Infection protection only,200,3,89.9771125802013,63.02944688827177,122.53991777425118
Infection protection only,201,3,90.10295315322499,63.088559646927216,122.65539629306845
Infection protection only,202,3,90.19721534479233,63.14839827672602,122.77377828664858
Infection protection only,203,3,90.28557629364295,63.20536898086326,122.88694723309783
Infection protection only,204,3,90.36635845069239,63.25775556041148,123.05206977830146
Infection protection only,205,3,90.44734875346587,63.30837115893667,123.24811072906492
Infection protection only,206,3,90.53737890844582,63.35961271266405,123.44100589120987
Infection protection only,207,3,90.62836925964646,63.4125289660992,123.63356814425914
Infection protection only,208,3,90.7270167234342,63.46741986923759,123.82535532074964
Infection protection only,209,3,90.83765427907949,63.524068858512656,124.01509552927837
Infection protection only,210,3,90.94305976341813,63.579056745689485,124.19342068595486
Infection protection only,211,3,91.0400918721127,63.63062099886711,124.3554643517769
Infection protection only,212,3,91.13276911663823,63.681430393593644,124.5071796293628
Infection protection only,213,3,91.22566224479587,63.73332979908233,124.65206932654256
Infection protection only,214,3,91.32727145109762,63.78699840593334,124.79322835936718
Infection protection only,215,3,91.43059566839273,63.84288928458405,124.90198958204405
Infection protection only,216,3,91.5346771883535,63.901283842432875,125.01164070429674
Infection protection only,217,3,91.63337344263911,63.95729861241306,125.11678038262592
Infection protection only,218,3,91.73178916809971,64.00901234291634,125.21399169260823
Infection protection only,219,3,91.81139477757516,64.05906609851598,125.30910488107453
Infection protection only,220,3,91.90001619789527,64.10947829691898,125.40655174377565
Infection protection only,221,3,91.97787638795717,64.16104640788139,125.5083681896326
Infection protection only,222,3,92.04743604913762,64.21383878801358,125.61465785932683
Infection protection only,223,3,92.11017814897875,64.2669978651137,125.7231548072488
Infection protection only,224,3,92.19216022253651,64.31728302269812,125.82677530430837
Infection protection only,225,3,92.26845577967282,64.36308656905375,125.9219720905017
Infection protection only,226,3,92.33597593283142,64.40612158517683,126.01189960853007
Infection protection only,227,3,92.40601076752853,64.44777505702959,126.09893557599952
Infection protection only,228,3,92.48470406614125,64.48863030554213,126.1839058310561
Infection protection only,229,3,92.56241446114521,64.52892544961573,126.26700402190751
Infection protection only,230,3,92.63874155212483,64.56844231821626,126.34773729865508
Infection protection only,231,3,92.70998536854412,64.60524017624131,126.42242734453339
Infection protection only,232,3,92.77400384091177,64.63816233593415,126.48898916213977
Infection protection only,233,3,92.83844021750124,64.66721826766626,126.54753768906842
Infection protection only,234,3,92.89623314042863,64.69357157416276,126.59888643343447
Infection protection only,235,3,92.94813809542808,64.71673785433481,126.64384001231328
Infection protection only,236,3,92.98849969130785,64.73718287564819,126.6832652332064
Infection protection only,237,3,93.0222662012176,64.7553661745393,126.71806582226854
Infection protection only,238,3,93.05299284647194,64.77162499311702,126.74889965295414
Infection protection only,239,3,93.0766686044943,64.79919761056463,126.77655164811961
Infection protection only,240,3,93.10142632278333,64.82987470485162,126.80300295902093
Infection protection only,241,3,93.12749916444122,64.86179647735086,126.82953354510694
Infection protection only,242,3,93.15538607522723,64.89527848179029,126.85655567683085
Infection protection only,243,3,93.18530353867254,64.93023882254833,126.88416823744471
Infection protection only,244,3,93.21718801955168,64.96624952126722,126.91222847394076
Infection protection only,245,3,93.24507716146636,65.00101907309563,126.93913943175806
Infection protection only,246,3,93.26865726081616,65.0333444299237,126.97849113034437
Infection protection only,247,3,93.29151033182205,65.06441312402947,127.02570369938992
Infection protection only,248,3,93.31425036325304,65.09496587855958,127.07278075469647
Infection protection only,249,3,93.33861192147766,65.12517994351293,127.12013287709664
Infection protection only,250,3,93.37369171389574,65.15525869802285,127.16819225672975
baseline,1,3,0.0026749203680641325,0.0007957806150374771,0.0069386153885673445
baseline,2,3,0.00926038087495738,0.00275808681981925,0.0238547085334107
baseline,3,3,0.018214166472581346,0.005415666451737842,0.046226255531816224
baseline,4,3,0.02925899556192238,0.008689397037138174,0.07321321498688041
baseline,5,3,0.04243459307930027,0.012612378739338138,0.10555383771950597
baseline,6,3,0.05750346833773768,0.017194916751743058,0.14129122832234942
baseline,7,3,0.07285722218879956,0.021985339557798477,0.17774870652959243
baseline,8,3,0.08821826744036085,0.026780444203249945,0.21406936783086458
baseline,9,3,0.10422844283786978,0.0320306553091526,0.25567265825234525
baseline,10,3,0.12176809362302934,0.03810573632031395,0.30077208735400485
baseline,11,3,0.14263362311192412,0.04487998435546352,0.3423555614763226
baseline,12,3,0.1666432273277248,0.052355697310682424,0.3876902907486173
baseline,13,3,0.19129798750284055,0.06085136141074388,0.4406610490592598
baseline,14,3,0.2167805479962024,0.07006784091762075,0.49297664354526183
baseline,15,3,0.24107206425770628,0.07910619356213358,0.5424499859894678
baseline,16,3,0.2646536079848899,0.08872075950216479,0.5884869836158312
baseline,17,3,0.28961208716464254,0.09976063945237021,0.6377901237772781
baseline,18,3,0.31869085805434383,0.11441916534322039,0.688828099139743
baseline,19,3,0.34904720652014276,0.12661428813399694,0.7478479261766191
baseline,20,3,0.3837218539760564,0.14199025168052548,0.8063633770880598
baseline,21,3,0.41584371386601016,0.15854332545829766,0.8614958947553902
baseline,22,3,0.44329677685867097,0.17443600772425205,0.9196536560365592
baseline,23,3,0.47447231153192815,0.18943696659319914,0.9582503000957209
baseline,24,3,0.5086432165080654,0.20130445998499066,1.0124219179654308
baseline,25,3,0.5381365688832311,0.2211266015710982,1.071932956205857
baseline,26,3,0.5724633585305194,0.23640058814825615,1.1289066448726106
baseline,27,3,0.6046901711733511,0.25273481062770653,1.1804738880630985
baseline,28,3,0.6398781953151724,0.2753623455666693,1.252552913328079
baseline,29,3,0.6722991873640887,0.29524085614834394,1.320877767255811
baseline,30,3,0.7054518478748129,0.31187709504519345,1.3742867167667354
baseline,31,3,0.7389156827738272,0.33259078460338115,1.4233294946706392
baseline,32,3,0.7733983423184256,0.3516078866857506,1.479663908657947
baseline,33,3,0.8089016243681468,0.3721596207756256,1.540966115886893
baseline,34,3,0.8462922506723148,0.3939396954206601,1.604477494189012
baseline,35,3,0.8826159369107454,0.41649071229604895,1.6652038459363612
baseline,36,3,0.9142975195053936,0.4366937222034897,1.7270780974283737
baseline,37,3,0.950462416256801,0.4508694987098056,1.77791197049448
baseline,38,3,0.9829816864377197,0.46090270318752813,1.8459978240677137
baseline,39,3,1.015887716145957,0.48386133554865873,1.902317797306614
baseline,40,3,1.0534779932837188,0.5153432173397632,1.9649392642802375
baseline,41,3,1.0931995997061708,0.5314767371242876,2.0219394153397268
baseline,42,3,1.1314366133630367,0.5469317287778875,2.084766691514319
baseline,43,3,1.1698810052483375,0.5617560578435951,2.1423781861908773
baseline,44,3,1.1976331381544818,0.5756976288517375,2.193783523460948
baseline,45,3,1.2298706800153596,0.5996309686948041,2.2486625265667057
baseline,46,3,1.2630012568335136,0.6281003430145115,2.3135397037589365
baseline,47,3,1.3009214786909746,0.6538313565741438,2.366419519564625
baseline,48,3,1.3370624833826157,0.6887082877734532,2.4288213150420006
baseline,49,3,1.3738031264397197,0.716532228982373,2.494037019076724
baseline,50,3,1.403233615698431,0.7378526448780864,2.5387973547415172
baseline,51,3,1.4322632594235543,0.7585726200641555,2.5792052530082232
baseline,52,3,1.4700700436891085,0.7880740497385661,2.638279879070073
baseline,53,3,1.5094824426792919,0.8133082322743003,2.7010204101017337
baseline,54,3,1.55647973604761,0.8397216672015152,2.768512191857298
baseline,55,3,1.606088171573901,0.8657369070691326,2.8310250295677557
baseline,56,3,1.6520858568733792,0.8920104626695136,2.9041207936843025
baseline,57,3,1.6989434266881591,0.9165521028346454,2.9761939761051956
baseline,58,3,1.7477300483016232,0.9430801783533205,3.050066729879158
baseline,59,3,1.802161947780502,0.9731089834209098,3.1262650923284445
baseline,60,3,1.86318029483283,1.0139087668943827,3.2064842594129934
baseline,61,3,1.926144073094651,1.050422003476076,3.2952415049499844
baseline,62,3,1.994088873797049,1.0848015347424333,3.4109666774914467
baseline,63,3,2.0587049962322204,1.127114660800627,3.506461540101038
baseline,64,3,2.123260126037402,1.1670022973607392,3.5988288549925835
baseline,65,3,2.1912980389655954,1.2084863674081168,3.6929572315573016
baseline,66,3,2.2614040859666593,1.2657484422441079,3.7932136650778836
baseline,67,3,2.344766993661013,1.3226111404078889,3.945941156538818
baseline,68,3,2.431916849287238,1.3859773687166652,4.085713428303205
baseline,69,3,2.5276365696703005,1.4451386204721215,4.230816154456037
baseline,70,3,2.619898133944278,1.5172858721488287,4.34581529844099
baseline,71,3,2.7240823470686397,1.5740325149892398,4.492611072981125
baseline,72,3,2.81754802469382,1.643895878644562,4.655351052984997
baseline,73,3,2.9247138142843427,1.7044825745099805,4.775116250154302
baseline,74,3,3.015937334518889,1.7640175363595147,4.8982720346794375
baseline,75,3,3.1279435200065544,1.8366514414507051,5.029467357258517
baseline,76,3,3.253027996656396,1.926568233018196,5.208303729137774
baseline,77,3,3.396570630718909,2.0136248711049074,5.405600384344538
baseline,78,3,3.5337213818884514,2.099777241230969,5.577838730826549
baseline,79,3,3.698807351538087,2.2200896314025216,5.7451084693052685
baseline,80,3,3.8581929668417807,2.3467972436856823,5.963360442867288
baseline,81,3,4.0595078631231125,2.503346909958552,6.219731853197379
baseline,82,3,4.276618300977761,2.6743367425791758,6.559252952534905
baseline,83,3,4.499004336181192,2.8518507157249258,6.865468254276874
baseline,84,3,4.743247455346712,3.0563545808143027,7.175942339298897
baseline,85,3,4.976804152608749,3.229893948308679,7.492979342641345
baseline,86,3,5.227389815163785,3.4028887097742877,7.8056585881168665
baseline,87,3,5.499679973351897,3.591585967065775,8.271713161860834
baseline,88,3,5.781208434213873,3.7955691566669953,8.661050770617013
baseline,89,3,6.074585788200983,4.004722625360329,9.05440315500419
baseline,90,3,6.365361429805717,4.209595047978916,9.46431238521104
baseline,91,3,6.622267404668506,4.392915973674748,9.842779160152539
baseline,92,3,6.8701018427650205,4.56885807564845,10.198944394317651
baseline,93,3,7.1535676484693305,4.7637942907449675,10.581624346935095
baseline,94,3,7.485483441253466,5.000397620182202,11.030448472019424
baseline,95,3,7.8627568635846465,5.25166300258769,11.52229063872404
baseline,96,3,8.290638485315519,5.566349152795147,12.122428111225764
baseline,97,3,8.791398660067731,5.916971154813891,12.800543696428946
baseline,98,3,9.311730303081877,6.279772872156774,13.502471833610036
baseline,99,3,9.868208007534639,6.643318241467662,14.230695753972663
baseline,100,3,10.51041322342904,7.068078612678018,15.01766469127226
baseline,101,3,11.258908945358488,7.56943800853235,15.988722968800143
baseline,102,3,12.080974298238727,8.17688541891799,17.12805742245796
baseline,103,3,13.090934109658065,8.860110823132434,18.463421130966537
baseline,104,3,14.255868977656382,9.677565860576898,20.083355789742335
baseline,105,3,15.519171840272236,10.535350694530585,21.79098390563051
baseline,106,3,16.704725583505052,11.396310795526789,23.349568539131948
baseline,107,3,17.988712319424593,12.22815730087036,25.118396149600027
baseline,108,3,19.53424977932008,13.419088186595026,27.10260993506614
baseline,109,3,21.359831724993473,14.640198854866327,29.65922078217816
baseline,110,3,23.440526587204047,16.037894246966964,32.73389263139538
baseline,111,3,25.78222441960077,17.598489923399033,35.91285415025499
baseline,112,3,28.252853544410616,19.254251017192754,39.43517687181518
baseline,113,3,30.63523716830646,20.908900713792775,42.57266934527932
baseline,114,3,32.88434261871145,22.567593019029353,45.73665061639236
baseline,115,3,34.99432648067669,24.03539012505191,48.74322238596471
baseline,116,3,37.062695715768044,25.505110933519934,51.60422456617034
baseline,117,3,39.002312228312995,26.916098553875507,54.347015089048256
baseline,118,3,40.88398320001529,28.178684233367566,56.87613421922841
baseline,119,3,42.65800248771283,29.47066698545078,59.29120791657927
baseline,120,3,44.417993138274745,30.647719958057234,61.68938481799245
baseline,121,3,46.11237874326273,31.87344921616487,63.93660533098249
baseline,122,3,47.743382546267725,32.93569047519238,66.07870019679983
baseline,123,3,49.224197405002315,33.980685677880395,68.12777204668423
baseline,124,3,50.6675620692095,34.98595546601731,70.05506184002783
baseline,125,3,52.12821730077572,35.95287054125447,71.83748396199684
baseline,126,3,53.425983380277984,36.84207627663652,73.59955908405186
baseline,127,3,54.689504153029915,37.6634996590217,75.31828587076862
baseline,128,3,55.962614778413055,38.51409302326494,76.96047064281193
baseline,129,3,57.18997411392688,39.42671256254313,78.57621610188758
baseline,130,3,58.4829100232722,40.406524269971335,80.27962326096953
baseline,131,3,59.892578107696266,41.44945153477517,82.16068130472986
baseline,132,3,61.309313225311854,42.538545338663944,83.9638275682798
baseline,133,3,62.77890731762379,43.60622765766875,85.89537867422449
baseline,134,3,64.01761599733027,44.526312499540516,87.57574572305482
baseline,135,3,65.31902099896672,45.36844422850585,89.15173904872933
baseline,136,3,66.54454824855539,46.21757133534389,90.6304778104433
baseline,137,3,67.70938852884687,47.02876591389969,92.19257968459306
baseline,138,3,68.83851579202397,47.82847692964635,93.68067561629198
baseline,139,3,69.90493712614557,48.61324605122346,95.13006610298483
baseline,140,3,70.88810834235827,49.343100048562086,96.54015469025387
baseline,141,3,71.77742890166905,49.992725141406346,97.78937048292094
baseline,142,3,72.57954324503878,50.56541571812572,98.95830045910448
baseline,143,3,73.3073726697432,51.09210058382974,100.05811081020688
baseline,144,3,74.00230863983478,51.5953221048896,101.1014862640011
baseline,145,3,74.65882243327991,52.083749744575336,102.10258945381939
baseline,146,3,75.27596931281074,52.501550737409865,103.06423474047412
baseline,147,3,75.90249093690142,52.87705267909068,103.94943513036856
baseline,148,3,76.39599451588944,53.21336439222848,104.74091000063056
baseline,149,3,76.82291547823183,53.52578722257775,105.4193970972892
baseline,150,3,77.25451473681717,53.82719506797128,106.03340088267262
baseline,151,3,77.6521106542553,54.16578520065476,106.63587050099662
baseline,152,3,78.04252635678138,54.510327542633334,107.22590352870372
baseline,153,3,78.46806365444638,54.84913241782712,107.8023787499673
baseline,154,3,78.86980171203983,55.166434863790016,108.33588668236384
baseline,155,3,79.25580072672385,55.45306176671446,108.84843735520907
baseline,156,3,79.61949162485544,55.719328394474346,109.32584746309733
baseline,157,3,79.97420019982295,55.97481123672982,109.79392817645201
baseline,158,3,80.29415336816334,56.224172843169924,110.26094187966537
baseline,159,3,80.6044675265752,56.469794629298526,110.73062560796616
baseline,160,3,80.90927975212858,56.710407282853936,111.19925304078211
baseline,161,3,81.22995481790088,56.93430288674453,111.64110185983621
baseline,162,3,81.50795699613668,57.13676017409241,112.04497124674879
baseline,163,3,81.75662277015658,57.32797735633665,112.4312384929508
baseline,164,3,82.00706959348419,57.51512405433685,112.81405551518911
baseline,165,3,82.26578769875255,57.70081938405624,113.19779052149036
baseline,166,3,82.51074817586685,57.886903509965975,113.58229128927383
baseline,167,3,82.77809522141698,58.072897192918035,113.96953561022151
baseline,168,3,83.04924255813896,58.24851959948395,114.3358726463756
baseline,169,3,83.28339077855397,58.40924761886466,114.66700639639781
baseline,170,3,83.4965291686751,58.552331649785486,114.96084832048939
baseline,171,3,83.6619014223488,58.67823671240407,115.21926468428966
baseline,172,3,83.82629539319507,58.7887982971703,115.44613815808695
baseline,173,3,83.98275086642991,58.886300011595246,115.64633772521636
baseline,174,3,84.11121702274272,58.97274008524012,115.80805344012639
baseline,175,3,84.21866306257738,59.049653015907246,115.94336935909635
baseline,176,3,84.31708699620445,59.11922333397907,116.06607347668692
baseline,177,3,84.4204732527374,59.187142415797304,116.18679633313778
baseline,178,3,84.5488708203909,59.26434783170207,116.31307152195895
baseline,179,3,84.68325779999499,59.36392105127878,116.4473925931157
baseline,180,3,84.81006472006572,59.470910259365596,116.59059427584232
baseline,181,3,84.94367262883213,59.58423752858277,116.74160936227779
baseline,182,3,85.07963023520489,59.69590452559195,116.88915016345427
baseline,183,3,85.19884135012363,59.80180157049192,117.02570533921424
baseline,184,3,85.32250999443943,59.90769791575483,117.1630928845274
baseline,185,3,85.45013432914645,60.01733437395883,117.30639051058554
baseline,186,3,85.58457085722574,60.13160001148449,117.4568265236745
baseline,187,3,85.73102149174716,60.25050571637471,117.61465584550439
baseline,188,3,85.87743140167197,60.37241570487058,117.7779466145612
baseline,189,3,86.02616347417663,60.48938330023538,117.93576252151053
baseline,190,3,86.16712796115127,60.59725838756819,118.07340051764696
baseline,191,3,86.30807698277349,60.70076463287686,118.18955554127386
baseline,192,3,86.45199988500514,60.80341860780832,118.30575853193673
baseline,193,3,86.56719731966527,60.89853462791097,118.42321723592995
baseline,194,3,86.71426022181996,60.964464664815566,118.54300817028076
baseline,195,3,86.86261170239966,61.03052832443688,118.66519809967986
baseline,196,3,86.99243992990021,61.09390820684362,118.7824518319328
baseline,197,3,87.12910927320593,61.15285254603225,118.89068560757755
baseline,198,3,87.24039681519069,61.208609607865206,118.9939312218792
baseline,199,3,87.36954809769813,61.26363424067594,119.09723151866646
baseline,200,3,87.50324647105747,61.319374222302535,119.20402915376832
baseline,201,3,87.6302284044126,61.37637412145928,119.3153269260408
baseline,202,3,87.72617121315947,61.43406950472174,119.42941434822575
baseline,203,3,87.8113629282247,61.48899663223957,119.53882929145563
baseline,204,3,87.88924402343548,61.53950172674614,119.69628337460324
baseline,205,3,87.9701275850084,61.58829651487205,119.88527598633219
baseline,206,3,88.05689754063381,61.63769152143828,120.07122408647072
baseline,207,3,88.14801431891678,61.688697810492904,120.25684017579921
baseline,208,3,88.25390064315596,61.741604698272546,120.44169939701831
baseline,209,3,88.36050628920458,61.796203657504506,120.62457709071354
baseline,210,3,88.4620671703574,61.84919994664705,120.79644679374704
baseline,211,3,88.56161606678145,61.89889528843169,120.95133512111892
baseline,212,3,88.65997335356616,61.94786149233422,121.09634866755165
baseline,213,3,88.75744358771783,61.998453877641005,121.21212986851498
baseline,214,3,88.85535509210462,62.05118492318798,121.31255660245621
baseline,215,3,88.95491587486987,62.10604683328354,121.41556053918441
baseline,216,3,89.05321821351436,62.16231732325227,121.52114528986365
baseline,217,3,89.14268071665887,62.21629351303154,121.62238376034043
baseline,218,3,89.22597896119709,62.26612434780733,121.71598634384783
baseline,219,3,89.3058325423294,62.31435452134662,121.8075663305688
baseline,220,3,89.38868678081636,62.36292880269132,121.90139058045717
baseline,221,3,89.46150349575576,62.41261558105907,121.99941921630456
baseline,222,3,89.53201177030603,62.463480756520816,122.1017520600573
baseline,223,3,89.59246232301734,62.514698172386026,122.20620774914312
baseline,224,3,89.67059733964464,62.5631459066027,122.30596707343449
baseline,225,3,89.7379056583771,62.607275199357716,122.39761532021562
baseline,226,3,89.79194212023805,62.64873639772519,122.48418913123521
baseline,227,3,89.85209511540995,62.68886570636695,122.56797746805154
baseline,228,3,89.92491543522283,62.72822511703653,122.64977541501548
baseline,229,3,89.9997665308166,62.767044066884026,122.72976949676448
baseline,230,3,90.07328368844847,62.80511245349534,122.80748544143488
baseline,231,3,90.14190361190177,62.84056092293706,122.87938288795952
baseline,232,3,90.20454326051677,62.87227537154387,122.94830521679202
baseline,233,3,90.26659159444931,62.90019671072685,123.01978623091419
baseline,234,3,90.32224163865178,62.924658603555734,123.08183981382057
baseline,235,3,90.36368425688408,62.94607795217645,123.1354425286245
baseline,236,3,90.39971062130813,62.96502990885981,123.18167336584692
baseline,237,3,90.43222994206093,62.982543268485074,123.22163054826231
baseline,238,3,90.46483169765045,62.9982026195436,123.25617748635123
baseline,239,3,90.49800314327021,63.01242515366742,123.28627530808502
baseline,240,3,90.52215887856698,63.02632686793987,123.31389349541264
baseline,241,3,90.54726688746271,63.042640197726755,123.34031648544175
baseline,242,3,90.57412108339062,63.07487030093576,123.36603165301987
baseline,243,3,90.6029299762752,63.10852271904431,123.39121105475462
baseline,244,3,90.63363242563017,63.14318556808056,123.41578566597244
baseline,245,3,90.66416053789521,63.17665330594354,123.43864497527694
baseline,246,3,90.69092499353411,63.20776804175798,123.4703459406572
baseline,247,3,90.70876076108246,63.2376728035127,123.51579842692517
baseline,248,3,90.73345098489513,63.26708056980024,123.561119766914
baseline,249,3,90.76164206169668,63.2961619787939,123.60670524745711
baseline,250,3,90.79094548489121,63.3251128052854,123.65297093667067
no vax,1,3,0.0026749203680641325,0.0007957806150374771,0.0069386153885673445
no vax,2,3,0.00926038087495738,0.00275808681981925,0.0238547085334107
no vax,3,3,0.018214166472581346,0.005415666451737842,0.046226255531816224
no vax,4,3,0.02925899556192238,0.008689397037138174,0.07321321498688041
no vax,5,3,0.04243459307930027,0.012612378739338138,0.10555383771950597
no vax,6,3,0.05750346833773768,0.017194916751743058,0.14129122832234942
no vax,7,3,0.07285722218879956,0.021985339557798477,0.17774870652959243
no vax,8,3,0.08821826744036085,0.026780444203249945,0.21406936783086458
no vax,9,3,0.10422844283786978,0.0320306553091526,0.25567265825234525
no vax,10,3,0.12176809362302934,0.03810573632031395,0.30077208735400485
no vax,11,3,0.14263362311192412,0.04487998435546352,0.3423555614763226
no vax,12,3,0.1666432273277248,0.052355697310682424,0.3876902907486173
no vax,13,3,0.19129798750284055,0.06085136141074388,0.4406610490592598
no vax,14,3,0.2167805479962024,0.07006784091762075,0.49297664354526183
no vax,15,3,0.24107206425770628,0.07910619356213358,0.5424499859894678
no vax,16,3,0.2646536079848899,0.08872075950216479,0.5884869836158312
no vax,17,3,0.28961208716464254,0.09976063945237021,0.6377901237772781
no vax,18,3,0.31869085805434383,0.11441916534322039,0.688828099139743
no vax,19,3,0.34904720652014276,0.12661428813399694,0.7478479261766191
no vax,20,3,0.38372199005030005,0.1419902868575801,0.8063635059221859
no vax,21,3,0.4158450790889031,0.15854433400703455,0.8614977079331536
no vax,22,3,0.443302939715214,0.17444086486245847,0.9196596890465002
no vax,23,3,0.4744953207587277,0.18944683642182775,0.9583050146079894
no vax,24,3,0.5087170844495071,0.20135162585330915,1.012545099213684
no vax,25,3,0.5382473756760477,0.22124331870497566,1.072173168008855
no vax,26,3,0.5726989258255091,0.23651408971224513,1.1291617501902607
no vax,27,3,0.6050737946929485,0.2529342994858633,1.181266673028972
no vax,28,3,0.6404833036387487,0.2757916193081497,1.2535647433392452
no vax,29,3,0.6731108360742988,0.2954858642397156,1.3226274567092513
no vax,30,3,0.7065303984058156,0.31253560510808115,1.3758942081221952
no vax,31,3,0.7403876735066268,0.33349605729232323,1.4253899776800878
no vax,32,3,0.775099646780072,0.3525618371532384,1.4827424225671815
no vax,33,3,0.810896514079815,0.3734359110794933,1.544899222961304
no vax,34,3,0.8493822124288679,0.395061727546206,1.6094484983089132
no vax,35,3,0.8862362454123283,0.4186315756316632,1.671226414020877
no vax,36,3,0.9202592250830479,0.4390495015975237,1.7343062566970882
no vax,37,3,0.9559776218162765,0.452312831303976,1.7904330173259377
no vax,38,3,0.9900315087290232,0.46269250207385976,1.8550682346618759
no vax,39,3,1.0236039677587094,0.48919574162125457,1.9141878005820265
no vax,40,3,1.062795341003419,0.5190239478613838,1.9792683737346988
no vax,41,3,1.1036239587018275,0.5351589147301316,2.037258366056211
no vax,42,3,1.141858191320484,0.5512447429716811,2.1026615155172808
no vax,43,3,1.1812601305935173,0.5668730389002501,2.1620465518678427
no vax,44,3,1.2108949511813685,0.5842971885340819,2.218361422497478
no vax,45,3,1.2434152311824214,0.6111948531724318,2.2791439659037054
no vax,46,3,1.2836921634599452,0.6415197716276151,2.343047910564525
no vax,47,3,1.3178426203381877,0.6676549939575087,2.410796320164482
no vax,48,3,1.3607968124906802,0.7085031246146957,2.4663579014946455
no vax,49,3,1.3970015617323348,0.7315257222216738,2.5327182260265295
no vax,50,3,1.4261084101294084,0.7562466828685065,2.5762707725107084
no vax,51,3,1.4637468804595084,0.7811646917126732,2.6310923116793328
no vax,52,3,1.5058561229685967,0.8115434952235527,2.6962735431159746
no vax,53,3,1.552437501853988,0.8376030519574754,2.7661674893788377
no vax,54,3,1.603625751282554,0.8637508269008087,2.8353983520658925
no vax,55,3,1.6544929256255272,0.8939992489960706,2.911585746158109
no vax,56,3,1.7092644828503905,0.923009751377439,2.9977231245020817
no vax,57,3,1.7638183974622053,0.9524100720747258,3.0806737546012033
no vax,58,3,1.823153509075722,0.9864918475624281,3.161908392270685
no vax,59,3,1.888036548597606,1.0308819853334619,3.2555046671665426
no vax,60,3,1.9569556586032406,1.06641811116372,3.3563305110784043
no vax,61,3,2.031285818938801,1.1032298268383383,3.4781854807695223
no vax,62,3,2.120874960808245,1.1527053764285249,3.5962244894082374
no vax,63,3,2.2038353192264912,1.2036734787774759,3.715977035959832
no vax,64,3,2.2810050812130536,1.26394464719345,3.831213859606172
no vax,65,3,2.365542686567649,1.3272272474837374,3.973095540689771
no vax,66,3,2.4533724761462676,1.3805154276290372,4.120856862273732
no vax,67,3,2.5535126776252595,1.443909799611909,4.280602983812971
no vax,68,3,2.6564891587474038,1.522022827853675,4.471182897720942
no vax,69,3,2.788447203257549,1.6133757620962241,4.657426136791546
no vax,70,3,2.9311804442877625,1.6909150706813623,4.8542784506533945
no vax,71,3,3.061986319372941,1.7730401036498225,5.001809180608839
no vax,72,3,3.1869654054799934,1.85489596536766,5.210258972540407
no vax,73,3,3.3181149723096883,1.9405320720038393,5.376136763733917
no vax,74,3,3.469840720764759,2.0384180461419135,5.590621559495874
no vax,75,3,3.652295556741752,2.154162263699736,5.836136148518458
no vax,76,3,3.854749833352965,2.292233662496937,6.083780111057237
no vax,77,3,4.080081867646136,2.4385351345832076,6.336546399643114
no vax,78,3,4.277169647004861,2.5887756961733315,6.632623440268902
no vax,79,3,4.502737675398528,2.7574701170003255,6.98892517496179
no vax,80,3,4.772594863459489,2.9659153149443647,7.4001383090386135
no vax,81,3,5.089518970365484,3.2255660966582282,7.797046298510002
no vax,82,3,5.447736103899599,3.5123011966014497,8.270048074556852
no vax,83,3,5.844041945729066,3.811174689691566,8.816502155237199
no vax,84,3,6.258249638962099,4.064822126280816,9.432283167154617
no vax,85,3,6.685657732928778,4.325692240512731,10.028231609222086
no vax,86,3,7.145631271535107,4.638085911921962,10.732369834179655
no vax,87,3,7.619186101642237,4.981879925416635,11.454517633744201
no vax,88,3,8.170441865907065,5.355271536855678,12.258014974717224
no vax,89,3,8.767719221134797,5.761352315731044,13.121756723979328
no vax,90,3,9.357612752867716,6.151962883103846,14.036455787810914
no vax,91,3,9.8824854516817,6.513182187804508,14.787390286469485
no vax,92,3,10.405314557953414,6.8742720701844515,15.435749736163482
no vax,93,3,10.964757566814672,7.280033677110567,16.249496665895318
no vax,94,3,11.671456538696614,7.814674858006616,17.226386181468154
no vax,95,3,12.494369735695706,8.432987196139454,18.46940670009567
no vax,96,3,13.52703143403247,9.16200521096216,20.110475551763937
no vax,97,3,14.757112019119312,10.008976753863353,21.717259775993153
no vax,98,3,16.108764270523196,10.91450572783971,23.6837558400628
no vax,99,3,17.458675002848977,11.858908300154441,25.47264387920341
no vax,100,3,19.02580365390567,12.892959814648204,27.768919880619677
no vax,101,3,20.94694719994746,14.330403468960153,30.563516528965156
no vax,102,3,23.235285203492747,16.00047813312029,33.6553906618478
no vax,103,3,26.067558732796527,17.89793578757153,37.589261221967504
no vax,104,3,29.607338922179213,20.332799563433593,42.268336668246356
no vax,105,3,33.254127699159056,22.865526332897197,47.24394407533381
no vax,106,3,37.03906096660705,25.38294357897815,52.32567319513561
no vax,107,3,41.23955484453574,28.117959708879873,57.755413220980714
no vax,108,3,46.25884792310704,31.392116927542116,64.85286687935279
no vax,109,3,52.30928353209394,35.69559966843606,72.76653706535527
no vax,110,3,59.20906324458828,40.66098024611,82.66413401245799
no vax,111,3,67.44961383064741,46.2181072001925,94.14712424138564
no vax,112,3,76.22960101663074,52.08236814172982,105.99577019700175
no vax,113,3,84.53378165186736,58.344596015765624,117.0877893781014
no vax,114,3,92.66077911066425,64.06944447272805,128.46582418960855
no vax,115,3,100.21674508332237,69.02915513629792,138.43342571859034
no vax,116,3,107.60068759800296,74.0239049849235,148.37792329950918
no vax,117,3,114.62910770590392,78.86736774447374,158.80089379921174
no vax,118,3,121.42648130939423,83.54130949375588,167.6347099618036
no vax,119,3,127.97096465508575,88.13967013478873,176.84041688387742
no vax,120,3,134.1705977816917,92.56302723007387,185.70511903599527
no vax,121,3,140.39540186191914,96.8264709288382,194.17552219820027
no vax,122,3,146.14243052160657,100.95511873618815,202.28637621094083
no vax,123,3,151.79036818310428,104.95516227733503,209.81617529964342
no vax,124,3,156.89710490636537,108.80849379132964,216.59097789909572
no vax,125,3,161.9629377026577,112.51729222720883,223.80529839816558
no vax,126,3,166.81933547044213,115.98281828045842,231.01927276233803
no vax,127,3,171.00689640343057,119.32904552317497,237.08845820974497
no vax,128,3,175.74765133975973,122.73071739738873,243.54428065571327
no vax,129,3,180.77396674636373,126.42423073622415,250.22170189706472
no vax,130,3,185.72100463526272,130.36600069423872,257.15019485533276
no vax,131,3,191.02038690050574,134.73940244571142,265.48718873932734
no vax,132,3,196.4829125833893,138.51846713045154,273.5726557192712
no vax,133,3,202.11516959878145,141.95620089657243,280.08062535706273
no vax,134,3,207.12715241666723,145.11782328345353,286.1085315755079
no vax,135,3,211.1752882027946,148.13954730232302,292.64334441772536
no vax,136,3,215.28855164598014,151.07819400108087,298.0924343853348
no vax,137,3,219.15650582314785,153.6378989761331,304.5355147520177
no vax,138,3,223.3017873842146,156.08873714870475,309.6469606732415
no vax,139,3,227.43343418976886,158.4797303492428,314.75765400768927
no vax,140,3,231.34615431299198,160.6461999933928,320.1484945561072
no vax,141,3,234.83760565276157,162.52991727601614,325.0066421619859
no vax,142,3,237.92491813734344,164.5097050230215,329.3145531803563
no vax,143,3,240.73928424635668,166.5222530531222,333.50470627504114
no vax,144,3,243.33144220111438,168.42108331638428,337.68692515148496
no vax,145,3,245.77830859266567,170.24126968890707,341.82848267516925
no vax,146,3,248.1443345244517,171.9010603526271,345.84779523224887
no vax,147,3,250.5755446616626,173.44218504707055,349.5773875427842
no vax,148,3,252.59742294039472,174.88333201312807,352.7407476292514
no vax,149,3,254.59109594910603,176.22652284335248,355.05698791426204
no vax,150,3,256.1327106556305,177.50021170036345,357.2725547449469
no vax,151,3,257.7768201842635,178.74422158507147,359.429293089589
no vax,152,3,259.55437277892617,179.97150381689715,361.5377735450976
no vax,153,3,261.0549137860794,181.17725089431684,363.5651110014511
no vax,154,3,262.44792313193796,182.29915449290263,365.44469141181577
no vax,155,3,263.69862035411956,183.3083890281984,367.1286234257002
no vax,156,3,265.07225062988863,184.25269825182517,368.6923037211955
no vax,157,3,266.6069704614821,185.16950769926558,370.19706213661755
no vax,158,3,267.95757100895696,186.075357517638,371.6727150167288
no vax,159,3,269.14985455877974,186.97751624935992,373.134691640441
no vax,160,3,270.27504970940845,187.86942160883456,374.6347216482765
no vax,161,3,271.3939589332381,188.70255184743908,376.0233310324296
no vax,162,3,272.3312494006473,189.4555086306907,377.25451905511784
no vax,163,3,273.23373603196217,190.16594512544913,378.3904779280299
no vax,164,3,274.15248442848497,190.8615059066166,379.4776128179276
no vax,165,3,275.0758273758046,191.5526042453044,380.5387788485515
no vax,166,3,276.0489063594516,192.2448623266418,381.78600612680435
no vax,167,3,276.938823578796,192.9345142737261,383.47010237910337
no vax,168,3,277.7920377032317,193.58220158756998,385.0761596462586
no vax,169,3,278.56238767770895,194.1631541800061,386.517835114132
no vax,170,3,279.2249282297221,194.67312745540565,387.782958892555
no vax,171,3,279.8393280344311,195.1165019959605,388.88202145384446
no vax,172,3,280.2857048307411,195.50109798709352,389.83482869926064
no vax,173,3,280.7594057369542,195.83593473453186,390.66453609731406
no vax,174,3,281.15874879719684,196.1291465765682,391.392041328436
no vax,175,3,281.48346279980314,196.38718646844058,392.0339664919562
no vax,176,3,281.7720530217939,196.61846646467154,392.6122196851095
no vax,177,3,282.0496426222943,196.84336803823481,393.1800896979806
no vax,178,3,282.4197929782148,197.0756269506265,393.77236180198514
no vax,179,3,282.81053147201686,197.3201725228044,394.40766699978303
no vax,180,3,283.21834763160797,197.5787152928618,395.09326174878134
no vax,181,3,283.6124184634465,197.84898762449535,395.82365302459846
no vax,182,3,283.9175132366247,198.11243408920242,396.53532075069074
no vax,183,3,284.21947610320103,198.35975019357303,397.2132168830196
no vax,184,3,284.62751127824004,198.6048741352376,397.9018371913658
no vax,185,3,284.9700497312523,198.85732014333817,398.6299941677386
no vax,186,3,285.2832366255567,199.11998750068452,399.40514719176207
no vax,187,3,285.6659493223653,199.40065248014042,400.22789335834267
no vax,188,3,285.9976422302865,199.69548602968302,401.0857809931457
no vax,189,3,286.29072781229877,199.97845386158903,401.9165501073784
no vax,190,3,286.5581350216802,200.23941563046645,402.45823570017825
no vax,191,3,286.8123172186308,200.49111477858494,402.92872906215064
no vax,192,3,287.1927645574008,200.74321297666242,403.3737425943224
no vax,193,3,287.58652135167813,200.99905831631966,403.81476445454473
no vax,194,3,287.9317609507706,201.266240859031,404.2591404375648
no vax,195,3,288.26390819559094,201.6446191563645,404.7050662925712
no vax,196,3,288.58137821456535,202.0020678684838,405.12621525588315
no vax,197,3,288.9832637980177,202.3268332767182,405.508542221249
no vax,198,3,289.3732374899415,202.63088291246368,405.86628701281717
no vax,199,3,289.7322961059531,202.92818664873695,406.2156019264998
no vax,200,3,290.0569913036029,203.2143259561666,406.5666407662589
no vax,201,3,290.39182323733496,203.43054780153054,406.91812808070216
no vax,202,3,290.6526785134813,203.64542539189674,407.26809556054303
no vax,203,3,290.88926975795357,203.8465249915222,407.59710109601923
no vax,204,3,291.1584581652721,204.02799874028298,407.89549601661355
no vax,205,3,291.4206641804784,204.17055386552647,408.179024297783
no vax,206,3,291.6827570318676,204.30865414391488,408.4611526964387
no vax,207,3,291.9492287557217,204.447035052881,408.7473840808095
no vax,208,3,292.21748986642825,204.58564841290996,409.0384522854121
no vax,209,3,292.4650020902631,204.72344922777705,409.33308660745945
no vax,210,3,292.70396517400775,204.94840273691364,409.6145064119789
no vax,211,3,293.07323784893913,205.139040549964,409.8740577144785
no vax,212,3,293.3420049951219,205.26192719948696,410.1240622940958
no vax,213,3,293.5756822360215,205.380336334451,410.48520694262675
no vax,214,3,293.8095717592305,205.49639304378437,410.9551509514607
no vax,215,3,294.0465319195809,205.6119406407617,411.4396117850422
no vax,216,3,294.2594631681528,205.72644655053213,411.9241264450954
no vax,217,3,294.42579364716187,205.83372346135297,412.1786165405939
no vax,218,3,294.5781641961238,205.9311680358482,412.41195380660344
no vax,219,3,294.75849053492203,206.02741769677536,412.6398565049636
no vax,220,3,294.98244078920527,206.13379596448772,412.8747870984224
no vax,221,3,295.21067935601434,206.24432550819202,413.1235076335221
no vax,222,3,295.44389762672097,206.38775855761972,413.38836836463895
no vax,223,3,295.6785948191339,206.61468701266034,413.66531046385165
no vax,224,3,295.9001831475106,206.82868492173083,413.9345828706487
no vax,225,3,296.15788267865776,207.02257804576323,414.18648504995934
no vax,226,3,296.38242469449955,207.20364849159122,414.5779989722178
no vax,227,3,296.5608348459568,207.37755418665154,415.18105698980327
no vax,228,3,296.73559351254755,207.54632013173648,415.7905446983055
no vax,229,3,296.9076833381157,207.71044229541798,416.4064063445482
no vax,230,3,297.0761810290595,207.86866039865455,417.0211231474292
no vax,231,3,297.2446755856644,208.01354683617575,417.59851030850734
no vax,232,3,297.4049904524241,208.1408778902443,418.1162156500684
no vax,233,3,297.54498867994096,208.2505919341296,418.570870141684
no vax,234,3,297.6665560980584,208.34422903060874,418.966478998909
no vax,235,3,297.7719225774857,208.42372523864796,419.2604539445319
no vax,236,3,297.86345785022297,208.49110939602787,419.4557179386767
no vax,237,3,297.94348359253496,208.54831111611807,419.6296977432082
no vax,238,3,298.01377806982043,208.56598191973353,419.7849801457787
no vax,239,3,298.07645962114,208.57991614025838,419.9214279156642
no vax,240,3,298.14004243609935,208.5926124430461,420.05755429864126
no vax,241,3,298.2313843703403,208.60469478964026,420.2007462927761
no vax,242,3,298.32962048554214,208.61640041703532,420.35297508279564
no vax,243,3,298.4358678871257,208.6278096008907,420.51422372358917
no vax,244,3,298.54986296627965,208.63888077555487,420.6826220064107
no vax,245,3,298.66347032715623,208.64911269918596,420.84649480333616
no vax,246,3,298.7726310961823,208.6582830075394,420.9996514913801
no vax,247,3,298.88417361583873,208.66675354196778,421.1484551355819
no vax,248,3,298.99727994505713,208.67478025234334,421.2969010578574
no vax,249,3,299.05185284904866,208.68246855857888,421.4097691088526
no vax,250,3,299.1125882726783,208.6899029274479,421.51670173526594
Infection protection only,1,4,0.020816176823430052,0.006171493576944142,0.05949557140253452
Infection protection only,2,4,0.07164993030039046,0.021229771077505455,0.2035713755228412
Infection protection only,3,4,0.1387276184482607,0.04096550470014359,0.3878575223282293
Infection protection only,4,4,0.21822095851334972,0.06422501662813561,0.59673837047782
Infection protection only,5,4,0.3096807226091036,0.09070164397304996,0.8375850813458938
Infection protection only,6,4,0.40863582088592265,0.11996832902948287,1.0956223474884241
Infection protection only,7,4,0.5100590111606549,0.1501223938054009,1.3545794993234026
Infection protection only,8,4,0.6127348592596807,0.18033680897575383,1.6180421910822966
Infection protection only,9,4,0.718126509527746,0.21260029363984617,1.8720269012191928
Infection protection only,10,4,0.828450082156295,0.2484869420373621,2.115405163221117
Infection protection only,11,4,0.9490916901066424,0.2888005893145486,2.360043486935846
Infection protection only,12,4,1.0750798323001756,0.3342231566764124,2.6383897352755397
Infection protection only,13,4,1.2133651153480196,0.385121937311345,2.943661271038287
Infection protection only,14,4,1.3592586369409199,0.4390761774339117,3.234749905233714
Infection protection only,15,4,1.4957308311692328,0.49337703600814325,3.497137047092707
Infection protection only,16,4,1.6211692946824419,0.5467569600473468,3.815079130165118
Infection protection only,17,4,1.7632029166410765,0.6044689097352942,4.131719491734355
Infection protection only,18,4,1.896265479642766,0.6637402912968735,4.4423683545196715
Infection protection only,19,4,2.039496078779795,0.7447458484769562,4.741224519442071
Infection protection only,20,4,2.20335256482545,0.836975644136349,5.014191923795651
Infection protection only,21,4,2.3678698533853977,0.9297721609038708,5.215618726799361
Infection protection only,22,4,2.524019439942469,1.0184231145478149,5.444900769139109
Infection protection only,23,4,2.692262727946206,1.1026258680016277,5.779978412248461
Infection protection only,24,4,2.869102039584589,1.1837745404038553,6.089579219340386
Infection protection only,25,4,3.0253835642372318,1.2612299114617895,6.293820866203424
Infection protection only,26,4,3.197840931979279,1.339643682233695,6.5369763444528
Infection protection only,27,4,3.389809648292591,1.4433033460811513,6.737832532096464
Infection protection only,28,4,3.5733090725706305,1.5637257988612194,6.963518269821836
Infection protection only,29,4,3.745286705387456,1.660842018529521,7.166433331367624
Infection protection only,30,4,3.9099161857753684,1.755296639629578,7.386514019374022
Infection protection only,31,4,4.065872588019708,1.853162274016662,7.5918453356222395
Infection protection only,32,4,4.2146073616618605,1.9401046426987887,7.753247687394345
Infection protection only,33,4,4.397602963186422,2.0335355019568735,8.133576163891941
Infection protection only,34,4,4.573087594903284,2.1284170889356275,8.407670895934755
Infection protection only,35,4,4.7625505740322644,2.259502813918879,8.611325843153406
Infection protection only,36,4,4.917610116984999,2.370247394087656,8.771120334215054
Infection protection only,37,4,5.076353589064861,2.4885931371484413,8.996589254997645
Infection protection only,38,4,5.23995155441075,2.5740470132227173,9.262101891311874
Infection protection only,39,4,5.406444248757051,2.6944756978274738,9.56271742286152
Infection protection only,40,4,5.58930498322095,2.797949368326468,9.87307700335669
Infection protection only,41,4,5.788018742241059,2.907756905859815,10.161207285069343
Infection protection only,42,4,5.988372977875882,3.0026078601017874,10.523699945665175
Infection protection only,43,4,6.174216837521825,3.08711750781565,10.819773110126173
Infection protection only,44,4,6.355670179451823,3.1950628958805014,11.153448139109734
Infection protection only,45,4,6.536061330073689,3.3202729409155576,11.510038909418428
Infection protection only,46,4,6.707606856398627,3.450368607771788,11.866019494291598
Infection protection only,47,4,6.903659281505295,3.5599434836025363,12.21816874917842
Infection protection only,48,4,7.146364324862894,3.7487885542600194,12.552188690569556
Infection protection only,49,4,7.36498288644745,3.9024152753750547,12.907017509979486
Infection protection only,50,4,7.565567186560347,4.051038106620307,13.219385721237414
Infection protection only,51,4,7.7744154371405205,4.153229024360388,13.527726289527271
Infection protection only,52,4,7.994326671784313,4.272076048339145,13.744801549388225
Infection protection only,53,4,8.219247512983554,4.416354377381507,14.018938831297017
Infection protection only,54,4,8.46187835333899,4.544124675089809,14.281166536696345
Infection protection only,55,4,8.703468460136893,4.713812949612618,14.645596370832116
Infection protection only,56,4,8.941833369948046,4.889465018167797,15.076371649225347
Infection protection only,57,4,9.199995161891671,5.064395844615015,15.48937228969996
Infection protection only,58,4,9.469516510896568,5.252462476156749,15.894190164567716
Infection protection only,59,4,9.763719527008906,5.455486590250632,16.34852512663729
Infection protection only,60,4,10.028279538333177,5.671284324989797,16.809635016351976
Infection protection only,61,4,10.40437538406627,5.909345730660922,17.279058997475207
Infection protection only,62,4,10.773590957008409,6.160039403122481,17.758059245768482
Infection protection only,63,4,11.109139954069587,6.413430569194958,18.241704201963884
Infection protection only,64,4,11.446630441822194,6.709389196667358,18.718907101877807
Infection protection only,65,4,11.78543903457255,6.960766926131173,19.21361503752179
Infection protection only,66,4,12.151812298995939,7.2309870885157395,19.75485115649948
Infection protection only,67,4,12.586969897553569,7.6233293812748,20.40135042030066
Infection protection only,68,4,13.095794274763016,8.011688592619114,21.08112443669803
Infection protection only,69,4,13.604852228912414,8.387111979685317,21.754681391552893
Infection protection only,70,4,14.159638568664253,8.747205637653561,22.487855199065738
Infection protection only,71,4,14.714254812554064,9.089852841936182,23.23403260637344
Infection protection only,72,4,15.25664303841621,9.495859195583872,24.008594720327274
Infection protection only,73,4,15.855681756312574,9.91763596276732,24.694300252993468
Infection protection only,74,4,16.519940774321775,10.39058633117748,25.325605908705043
Infection protection only,75,4,17.192917440626527,10.939386742083238,26.399495737857833
Infection protection only,76,4,17.93134006777761,11.559319477187374,27.377728784416536
Infection protection only,77,4,18.79048249210728,12.21125884911334,28.358861068176044
Infection protection only,78,4,19.600276247975952,12.87583164687952,29.58668128698192
Infection protection only,79,4,20.53376315076625,13.564427867552405,30.658763993320015
Infection protection only,80,4,21.537310517817883,14.22131723474509,31.914612609485832
Infection protection only,81,4,22.638459490200063,15.063612986975055,33.366393847837955
Infection protection only,82,4,23.986593954734232,16.01882200594386,34.923842499234205
Infection protection only,83,4,25.498877587237736,17.08970865442496,36.616627311937336
Infection protection only,84,4,27.048689454273774,18.07525411282054,38.288588594610594
Infection protection only,85,4,28.426988329182706,19.071506453523394,39.88847489348675
Infection protection only,86,4,30.048268965253392,20.14550076157703,41.716928423964504
Infection protection only,87,4,31.66375223757454,21.33642363111881,43.601744634539116
Infection protection only,88,4,33.58086428962981,22.637255141926975,45.88919387862812
Infection protection only,89,4,35.54357870766421,24.00816829384395,48.37237609746075
Infection protection only,90,4,37.44879807282524,25.4631868476017,50.94170986745666
Infection protection only,91,4,39.415932180057744,26.960607739441862,53.49549669175048
Infection protection only,92,4,41.465869695011406,28.621068723332137,55.769532487067025
Infection protection only,93,4,43.59037445519859,30.038186089804157,58.28886083724398
Infection protection only,94,4,45.83199755521373,31.820385353433714,61.11537820052335
Infection protection only,95,4,48.53679779031545,33.842833702632326,64.3215180211736
Infection protection only,96,4,51.57465765136149,36.17378200802849,68.17297799897376
Infection protection only,97,4,54.97769425823026,38.84831964253453,72.20968400949468
Infection protection only,98,4,58.631002649202415,41.74451270632838,76.37969532511892
Infection protection only,99,4,62.48801302418275,44.610213141115466,80.79336631300667
Infection protection only,100,4,66.75241660392163,47.812042610705305,85.86804205030185
Infection protection only,101,4,71.68224286098653,51.59959357302055,91.64242362467483
Infection protection only,102,4,77.17412811283958,55.93522845474252,98.41650581963424
Infection protection only,103,4,83.48284932948701,60.90973868161189,106.946191871698
Infection protection only,104,4,90.64229569809766,66.05459882425622,116.2272690589479
Infection protection only,105,4,98.38033326170205,72.34560162590411,125.85680857259285
Infection protection only,106,4,106.6841588630027,78.89753346851428,135.52312334860883
Infection protection only,107,4,115.4220210924336,85.33999678851946,146.31473519204033
Infection protection only,108,4,125.36971238431246,93.69493516049826,159.83432927723817
Infection protection only,109,4,136.74496286737167,103.47535356323478,174.27975409358285
Infection protection only,110,4,150.08463268963234,114.19164687256398,190.0733274266021
Infection protection only,111,4,165.1567975682266,126.29869171408606,208.49893802197968
Infection protection only,112,4,181.26293783967742,139.2269798033471,227.40451766984884
Infection protection only,113,4,197.60158307153597,152.41870139953133,246.41120783123506
Infection protection only,114,4,214.4036911032715,165.39586978672787,266.5605342500953
Infection protection only,115,4,231.9899429136154,180.09916135834723,289.6661454271492
Infection protection only,116,4,250.772352519769,195.6201129961059,314.3496633843373
Infection protection only,117,4,269.5994122309388,210.86532781331113,336.73833100723704
Infection protection only,118,4,290.11000827530563,227.27705957560886,358.97250252620074
Infection protection only,119,4,310.521713968001,242.50308041066876,383.35229592224306
Infection protection only,120,4,330.44820831430275,257.8012478617849,405.0570422701804
Infection protection only,121,4,348.9459775858729,272.5281597861414,427.2685841481644
Infection protection only,122,4,367.59490088021084,287.6130155502968,451.47468201014374
Infection protection only,123,4,386.4212456226961,302.7750070626333,475.25788035192755
Infection protection only,124,4,405.4019924302709,317.4774783581406,498.5992331948919
Infection protection only,125,4,423.59331222459707,331.7647538857565,519.7460611512753
Infection protection only,126,4,440.43386488987414,344.4945061535973,538.6944468063122
Infection protection only,127,4,455.80664763706193,356.05550675499575,558.8333949264105
Infection protection only,128,4,470.45952119964403,368.33354414053963,578.4812705446856
Infection protection only,129,4,485.0063490783724,380.67145095308183,595.6778741341598
Infection protection only,130,4,499.08165373463044,392.13892276316864,612.0948053792264
Infection protection only,131,4,512.4364356501186,403.1672108390083,626.7220489696044
Infection protection only,132,4,525.0220742031395,414.051825578268,640.5487337650079
Infection protection only,133,4,537.3679024787298,424.9852669035119,653.9918670048027
Infection protection only,134,4,548.500170818414,434.12755276664774,667.5057076514007
Infection protection only,135,4,558.7027942613474,442.69157335502257,680.0908626257257
Infection protection only,136,4,568.2871626894097,450.9596040797996,692.076052694034
Infection protection only,137,4,577.5707125581273,459.13190682000726,703.5431015490898
Infection protection only,138,4,586.2355150816945,466.26371750988653,714.6198163737387
Infection protection only,139,4,594.3986256780272,472.5889798246164,725.3814921685006
Infection protection only,140,4,602.1500865529761,478.4201042634161,735.2466844112331
Infection protection only,141,4,609.1964009267097,484.1255686289943,743.9671914855138
Infection protection only,142,4,615.4115039029705,488.9155367652263,751.8619124696023
Infection protection only,143,4,621.2560437068299,493.1616873702166,759.2102034964016
Infection protection only,144,4,626.2611917286077,498.1984211789676,766.1007788112021
Infection protection only,145,4,630.923815418966,503.1976170879982,771.688349224645
Infection protection only,146,4,635.289857535371,506.92788445047154,776.9079390809917
Infection protection only,147,4,640.0225216265642,510.4383568948015,781.6820289594442
Infection protection only,148,4,643.9698449154022,514.0145930323317,786.5866362033574
Infection protection only,149,4,647.5512848986865,516.9924533707294,791.1123079058898
Infection protection only,150,4,651.2182683675089,519.6025945651807,795.4915875158556
Infection protection only,151,4,654.8034408990591,522.1293435349523,799.5651548083404
Infection protection only,152,4,658.07674280423,524.6050793808798,803.6156699990566
Infection protection only,153,4,661.3918440510486,527.075512238327,807.5436488740975
Infection protection only,154,4,664.6387417660758,529.672960571052,811.2097804136977
Infection protection only,155,4,667.3439433743821,532.052174843212,814.5513247782163
Infection protection only,156,4,669.7919828666702,534.3053874809206,817.6872497493899
Infection protection only,157,4,672.3470399476098,536.5041946417459,820.7112979703747
Infection protection only,158,4,674.9019661373627,538.6695062576383,823.6675428587597
Infection protection only,159,4,677.6091452209772,540.8211127429961,826.5777365514954
Infection protection only,160,4,680.0234066149212,542.9529817983193,829.3943967688967
Infection protection only,161,4,682.1905553008057,544.9791738771595,832.0301396000178
Infection protection only,162,4,684.1792907285837,546.863812293494,834.4547596375821
Infection protection only,163,4,686.0781207850969,548.6846482287681,836.6909849627649
Infection protection only,164,4,688.107426050178,550.4986625482802,838.5241998191392
Infection protection only,165,4,690.2119909171637,552.329548895845,840.3362029501595
Infection protection only,166,4,691.8773695968755,554.1949228510169,842.1430699167915
Infection protection only,167,4,693.6952466916446,556.092703195456,843.9436133864214
Infection protection only,168,4,695.4337736876864,557.9341662172178,845.7567304983129
Infection protection only,169,4,697.0500474046207,559.6706027430585,848.2497335593487
Infection protection only,170,4,698.5818124398979,561.3435005822652,850.6093761090794
Infection protection only,171,4,700.0591237910578,562.7853163814225,852.876365449842
Infection protection only,172,4,701.4936885222694,564.0884270289295,854.7156516315914
Infection protection only,173,4,703.0018370454181,565.3538097240062,856.2707343975135
Infection protection only,174,4,704.4912567959352,566.5754194023268,858.0410158482797
Infection protection only,175,4,705.8138051694002,567.7154085933291,859.4703194863879
Infection protection only,176,4,707.0793096205798,568.7615494881495,860.7749902917294
Infection protection only,177,4,708.438154243672,569.8915409135493,862.0145178271774
Infection protection only,178,4,709.7338260824433,571.1353353214571,863.2366572003331
Infection protection only,179,4,710.9811237688995,572.1477353007178,864.4585934622293
Infection protection only,180,4,712.3961865336189,572.8927390297753,865.6697444709533
Infection protection only,181,4,713.7990127978592,573.6879397565599,866.8875755903333
Infection protection only,182,4,715.1214594694882,574.6264270762551,868.0557342763666
Infection protection only,183,4,716.3168729225803,575.5044025523141,869.1484786937857
Infection protection only,184,4,717.357841936943,576.362022775137,870.2140684079161
Infection protection only,185,4,718.3084610896735,577.2228715157745,871.2846235088273
Infection protection only,186,4,719.3251131149098,578.0920196607666,872.3703959941907
Infection protection only,187,4,720.2890352078836,578.9701120821445,873.4749233417598
Infection protection only,188,4,721.1512443032955,579.8492766390664,874.589776742265
Infection protection only,189,4,721.9715119434301,580.687589338254,875.6609243783544
Infection protection only,190,4,722.8144461915263,581.4634577734613,876.6606585466467
Infection protection only,191,4,723.7465754463933,582.2037150768028,877.625430438801
Infection protection only,192,4,724.6582031276023,582.9292210537412,878.5828282765082
Infection protection only,193,4,725.6319190600582,583.6663917271908,879.7451569370158
Infection protection only,194,4,726.6919311832878,584.399740072801,880.9331454157622
Infection protection only,195,4,727.7941445909767,585.132907635469,882.1252913882955
Infection protection only,196,4,728.5817553133857,585.834843926782,883.2707950837795
Infection protection only,197,4,729.2965870299314,586.4877692006502,884.3428820977366
Infection protection only,198,4,729.986440202957,587.1076015704385,885.3764265092628
Infection protection only,199,4,730.6958520513369,587.7185714289529,886.4104764666822
Infection protection only,200,4,731.4680749742114,588.3393270058097,887.4700996194598
Infection protection only,201,4,732.2469289710834,588.9857606118375,888.5625857049481
Infection protection only,202,4,733.0246091241916,589.6446183747879,889.675360625542
Infection protection only,203,4,733.765475395674,590.2786251704189,890.7515488919786
Infection protection only,204,4,734.4524171154562,591.0571455975885,891.7620251232437
Infection protection only,205,4,735.1135464544273,591.88912733574,892.7468652552919
Infection protection only,206,4,735.7740391135912,592.7184896669119,893.7411089285705
Infection protection only,207,4,736.4596757653225,593.5094332656242,894.7580350236045
Infection protection only,208,4,737.2003222555472,594.0532940091798,895.7494797299439
Infection protection only,209,4,737.9566219663852,594.6107932796385,896.5826082556683
Infection protection only,210,4,738.6958546062458,595.1587040180596,897.3826190361175
Infection protection only,211,4,739.3989739674684,595.6839955167223,898.1310954806146
Infection protection only,212,4,740.086737510841,596.2047174591494,898.8437418173013
Infection protection only,213,4,740.7729571066009,596.7319357301651,899.5106728938084
Infection protection only,214,4,741.4637951068495,597.2697160710441,900.1709963944134
Infection protection only,215,4,742.1632108906961,597.823103917158,901.0071989190498
Infection protection only,216,4,742.877197943083,598.386251815373,901.8555315392276
Infection protection only,217,4,743.4828654440876,598.9304004420309,902.6692113385493
Infection protection only,218,4,744.0076808793057,599.4413771607256,903.281185170551
Infection protection only,219,4,744.5237421202592,599.9417736039724,903.8800025195868
Infection protection only,220,4,745.1351766314965,600.4488326307662,904.5096206948987
Infection protection only,221,4,745.8168973314619,600.9702824364745,905.1833285089036
Infection protection only,222,4,746.4670696465788,601.5064966573156,905.9048628878993
Infection protection only,223,4,746.9974368793048,602.0489078205705,906.6640036245044
Infection protection only,224,4,747.4986959031588,602.5665851134451,907.4175331735737
Infection protection only,225,4,747.9657456752079,602.9384055845427,908.142925006461
Infection protection only,226,4,748.4101529788537,603.2968250167708,908.8625949628446
Infection protection only,227,4,748.8410088708772,603.7408496325531,909.5926411335488
Infection protection only,228,4,749.2621393113141,604.2458355188498,910.3379854866728
Infection protection only,229,4,749.6752616852722,604.7408778371496,911.0991159328563
Infection protection only,230,4,750.0794751176154,605.186223179036,911.8703532231573
Infection protection only,231,4,750.4603561958733,605.5500283124113,912.615787294499
Infection protection only,232,4,750.8118723998601,605.8777290768944,913.3169824924248
Infection protection only,233,4,751.1465629325318,606.1772868334767,913.9948680986181
Infection protection only,234,4,751.4746125893981,606.4552109157037,914.5994660401434
Infection protection only,235,4,751.798783043605,606.7133459757945,915.1594512265646
Infection protection only,236,4,752.1204431226131,606.9524004615198,915.7150606571113
Infection protection only,237,4,752.4399753140888,607.1724494159982,916.3451550023801
Infection protection only,238,4,752.7466872999232,607.3693792457225,917.0240886382337
Infection protection only,239,4,753.0363821625797,607.5422688090238,917.6535716686484
Infection protection only,240,4,753.3247514142033,607.6971832090866,918.256781647564
Infection protection only,241,4,753.6255450368982,607.8390950723852,918.8510861136632
Infection protection only,242,4,753.9641648161357,607.9705868066798,919.441259215666
Infection protection only,243,4,754.4887432816804,608.2105972175704,920.0276461578243
Infection protection only,244,4,754.9889677307922,608.4675738461809,920.6070303575166
Infection protection only,245,4,755.3960909757427,608.7201140843056,921.150546735602
Infection protection only,246,4,755.813246171146,608.9622579038954,921.6538649474153
Infection protection only,247,4,756.0121760958577,609.2055031514276,922.1205207353606
Infection protection only,248,4,756.170030911557,609.4586893521026,922.4113142473889
Infection protection only,249,4,756.5147248096778,609.7266121502496,922.7077385795986
Infection protection only,250,4,756.8616226611526,610.0142243229484,923.0966765868527
baseline,1,4,0.020816176823430052,0.006171493576944142,0.05949557140253452
baseline,2,4,0.07164993030039046,0.021229771077505455,0.2035713755228412
baseline,3,4,0.1387276184482607,0.04096550470014359,0.3878575223282293
baseline,4,4,0.21822095851334972,0.06422501662813561,0.59673837047782
baseline,5,4,0.3096807226091036,0.09070164397304996,0.8375850813458938
baseline,6,4,0.40863582088592265,0.11996832902948287,1.0956223474884241
baseline,7,4,0.5100590111606549,0.1501223938054009,1.3545794993234026
baseline,8,4,0.6127348592596807,0.18033680897575383,1.6180421910822966
baseline,9,4,0.718126509527746,0.21260029363984617,1.8720269012191928
baseline,10,4,0.828450082156295,0.2484869420373621,2.115405163221117
baseline,11,4,0.9490916901066424,0.2888005893145486,2.360043486935846
baseline,12,4,1.0750798323001756,0.3342231566764124,2.6383897352755397
baseline,13,4,1.2133651153480196,0.385121937311345,2.943661271038287
baseline,14,4,1.3592586369409199,0.4390761774339117,3.234749905233714
baseline,15,4,1.4957308311692328,0.49337703600814325,3.497137047092707
baseline,16,4,1.6211692946824419,0.5467569600473468,3.815079130165118
baseline,17,4,1.7632029166410765,0.6044689097352942,4.131719491734355
baseline,18,4,1.896265479642766,0.6637402912968735,4.4423683545196715
baseline,19,4,2.039496078779795,0.7447458484769562,4.741224519442071
baseline,20,4,2.2033525071644853,0.8369755912874897,5.014191883905197
baseline,21,4,2.3678690454018163,0.929771704033482,5.215617546559761
baseline,22,4,2.5240161610707936,1.0184210692137592,5.444897837775322
baseline,23,4,2.692254597898498,1.1026211586276646,5.7799662970140355
baseline,24,4,2.8690852464689915,1.1837635155261423,6.089526861158386
baseline,25,4,3.025337932128397,1.2612120896482597,6.2937813549800214
baseline,26,4,3.197763848185355,1.3396131942568763,6.536909878598027
baseline,27,4,3.389670310392617,1.443220296734586,6.737700894856795
baseline,28,4,3.5731401350705365,1.5636427826168462,6.96334439086024
baseline,29,4,3.745099968982603,1.6607309377273016,7.166207637551752
baseline,30,4,3.9096686772071108,1.7551591813497573,7.386136343734982
baseline,31,4,4.065572548616002,1.853016888743786,7.591558867283222
baseline,32,4,4.214314506854332,1.9399218719073275,7.752802188319453
baseline,33,4,4.397120381167232,2.033307952801453,8.13258726852322
baseline,34,4,4.572613684856217,2.1281537016573364,8.407145565132463
baseline,35,4,4.7619896029918785,2.259005796705335,8.610275167077729
baseline,36,4,4.91696578579125,2.369739188153371,8.770405587605051
baseline,37,4,5.075521983290895,2.4880077968451597,8.995556441266672
baseline,38,4,5.238987427540652,2.5735815486657874,9.260393541765165
baseline,39,4,5.405421505769736,2.693674586187223,9.560771448429152
baseline,40,4,5.5880456036817785,2.7973086588554703,9.870859994871715
baseline,41,4,5.786660239003108,2.9070075763096845,10.15762370542489
baseline,42,4,5.986602693812989,3.001873990398666,10.520235600506668
baseline,43,4,6.172457339377399,3.086271115876167,10.816497015939294
baseline,44,4,6.353619669700349,3.1937739646633134,11.14898256738211
baseline,45,4,6.534065829570697,3.318768622019089,11.50515512627586
baseline,46,4,6.7048866183340525,3.449137276915732,11.860572799498394
baseline,47,4,6.899576405463437,3.557525097578728,12.214029854826698
baseline,48,4,7.142671584196449,3.7459782898573493,12.544414714301693
baseline,49,4,7.361219837135166,3.8997292419682656,12.900523810667044
baseline,50,4,7.561125169777716,4.048112890963069,13.212378884495642
baseline,51,4,7.7694933481439,4.150831245821901,13.52036540574974
baseline,52,4,7.990364691472857,4.2692472749546315,13.732932611984648
baseline,53,4,8.211799416892278,4.414009335046527,14.010793904102881
baseline,54,4,8.455473900102998,4.540162801675738,14.272195941194328
baseline,55,4,8.69642537988339,4.709201950281379,14.630719998423626
baseline,56,4,8.93435143806063,4.884228587112577,15.059926346934834
baseline,57,4,9.188776312841396,5.058510877746799,15.471428807868906
baseline,58,4,9.458541028034853,5.245384922891077,15.874815480992922
baseline,59,4,9.752009362642221,5.447536328770629,16.327171830336685
baseline,60,4,10.016415941017911,5.6623566088711605,16.78612198506472
baseline,61,4,10.38801716506574,5.899370730506319,17.257052602577865
baseline,62,4,10.757900130082293,6.148912891153462,17.733771738652017
baseline,63,4,11.088458060516981,6.401049614686276,18.215026515201835
baseline,64,4,11.427615005420586,6.694811322921187,18.689783009278518
baseline,65,4,11.763732343439854,6.947881155669983,19.18182777289269
baseline,66,4,12.13322106622024,7.220528234222315,19.71933822742329
baseline,67,4,12.558632793141335,7.6029995466467115,20.354867628840683
baseline,68,4,13.066945837645633,7.993439780101039,21.040772113140996
baseline,69,4,13.571674554066298,8.367641074487011,21.7047646987423
baseline,70,4,14.12655774889063,8.726577789339796,22.435452027271825
baseline,71,4,14.67696747042091,9.06242999781691,23.176420409085946
baseline,72,4,15.210827731077462,9.468475287598867,23.94241874541968
baseline,73,4,15.815003211320187,9.886804609485663,24.63213233157503
baseline,74,4,16.459929448220592,10.35596326043302,25.258456587279394
baseline,75,4,17.133171681506724,10.896126010592601,26.312656043148245
baseline,76,4,17.86354680658028,11.510666342747456,27.28411833649445
baseline,77,4,18.718029795506745,12.15674705493914,28.25668169433451
baseline,78,4,19.50621526316136,12.815128020056724,29.475487702367257
baseline,79,4,20.439246582739685,13.515658896803668,30.520201670073188
baseline,80,4,21.430768265325725,14.151353657557877,31.787617327429246
baseline,81,4,22.518841999928682,14.98491006845489,33.19394445609518
baseline,82,4,23.845301757131537,15.92826422823784,34.73001145329351
baseline,83,4,25.342109675011198,16.990724818424418,36.40234836656921
baseline,84,4,26.875035272902537,17.97305483587873,38.058157736850596
baseline,85,4,28.244736489708522,18.956154100256217,39.6373663285782
baseline,86,4,29.84749438688754,20.01545439936217,41.42505847250305
baseline,87,4,31.451357067220755,21.18953485651432,43.299340969201765
baseline,88,4,33.34008280751126,22.47146852602553,45.54963008822947
baseline,89,4,35.27418027353759,23.82220854029764,47.98940133768152
baseline,90,4,37.123558358660894,25.255174480020152,50.520083970685015
baseline,91,4,39.06571277287584,26.727843364768543,53.03838573875299
baseline,92,4,41.0574459990887,28.366418467784243,55.273352308130995
baseline,93,4,43.14815887677235,29.758678701278747,57.72000896577238
baseline,94,4,45.37889784154008,31.50894198848409,60.54048148392406
baseline,95,4,48.03190509904172,33.480074042433415,63.69275268532062
baseline,96,4,51.03911524728426,35.79097448573182,67.44857058801426
baseline,97,4,54.347365984466215,38.41952296032709,71.44783944995727
baseline,98,4,57.98325558148623,41.232657916914384,75.53497379405744
baseline,99,4,61.757419454134954,44.081218250098075,79.86979740298675
baseline,100,4,65.91981360371273,47.22352426743244,84.86734737227184
baseline,101,4,70.77361407432579,50.93647741693868,90.53734371602718
baseline,102,4,76.19563517489746,55.19368470779491,97.1824360042378
baseline,103,4,82.43758576353147,60.074627550504104,105.51480791986444
baseline,104,4,89.39057552641877,65.13180382903782,114.6681223747396
baseline,105,4,96.95770778924233,71.27766318714909,124.0062495235959
baseline,106,4,105.15340229416091,77.78975712125369,133.69212006705712
baseline,107,4,113.75014323402144,84.04170562850788,144.12226289558254
baseline,108,4,123.46892086397088,92.22892683151062,157.4073462809855
baseline,109,4,134.5818182001215,101.8122892654722,171.49930211076898
baseline,110,4,147.62300396517685,112.38784117602601,187.09766949002147
baseline,111,4,162.37123544728684,124.24267339134526,205.13094876107166
baseline,112,4,178.17131551157448,136.89843219403681,223.55518580317138
baseline,113,4,194.2123182877223,149.73325629096587,241.95489530347425
baseline,114,4,210.70552899723714,162.5828978178278,261.8917686814025
baseline,115,4,227.84159592525097,176.76932395981206,284.4944549237618
baseline,116,4,246.2460875588772,192.05301599618355,308.64535414472596
baseline,117,4,264.5912728299603,206.95872050735753,330.47555591809817
baseline,118,4,284.5927417394665,223.00448177150253,352.2924669377859
baseline,119,4,304.564625434322,237.90683899801417,375.90061835384915
baseline,120,4,324.1019383297994,252.94443460763114,397.19976294307946
baseline,121,4,342.2083825483267,267.2417527942632,418.9878476808832
baseline,122,4,360.51462183472063,281.98355595761245,442.43923481124
baseline,123,4,378.7833347964686,296.7988979066327,465.74579558135247
baseline,124,4,397.3044386000803,311.1637587419453,488.5778035920447
baseline,125,4,415.0177020730269,325.0979902900996,509.5351541888044
baseline,126,4,431.4462882194304,337.6925200302382,528.045282144012
baseline,127,4,446.5385175796412,348.9838170131625,547.526111372098
baseline,128,4,460.8742689926063,360.6971800726519,566.6020915657957
baseline,129,4,475.20586203595735,372.74546824946447,583.390221565423
baseline,130,4,488.94568796183347,384.06843147597664,599.4344443143024
baseline,131,4,501.8846861614834,394.8363587759147,613.8999243262674
baseline,132,4,514.2176047711562,405.6101832004759,627.3992299351237
baseline,133,4,526.3034783002279,416.2070176965111,640.5309282600426
baseline,134,4,537.1248063140906,425.1394853447001,653.7222287574515
baseline,135,4,547.1362005892479,433.4988619086083,666.0060425748161
baseline,136,4,556.5903412986711,441.5756001038175,677.7032209549975
baseline,137,4,565.5512026868698,449.57258698116055,688.8937173806386
baseline,138,4,573.8861647686322,456.4755366909339,699.7223162341011
baseline,139,4,581.8502649525911,462.6384433779432,710.2226215771409
baseline,140,4,589.5997706899518,468.337750724989,719.8404510005229
baseline,141,4,596.3788798486986,474.0052013326099,728.3479923577552
baseline,142,4,602.3781071832916,478.52280379680684,736.0401945436952
baseline,143,4,608.0704054419141,482.6641627149398,743.2076641656896
baseline,144,4,612.9327004030791,487.6095185416291,749.7942777080135
baseline,145,4,617.4796369390457,492.5583552055222,755.2410222035148
baseline,146,4,621.7430688859184,496.1952566930859,760.3309866336716
baseline,147,4,626.338384909319,499.5879168825416,765.0135592538246
baseline,148,4,630.2739453980348,503.07455823810227,769.8072829917255
baseline,149,4,633.7683398361496,505.8343320292055,774.2191375899263
baseline,150,4,637.2758620823973,508.3785518148789,778.3950967094387
baseline,151,4,640.8351980105945,510.8380209618942,782.4365310605559
baseline,152,4,644.0757307428194,513.2507474499577,786.3838958197998
baseline,153,4,647.331087790084,515.7808005626711,790.2115023145459
baseline,154,4,650.4946709492431,518.3116655205289,793.7837058389525
baseline,155,4,653.1453534095697,520.6297539429836,797.0394403979375
baseline,156,4,655.5096101217935,522.829989358943,800.0946105960763
baseline,157,4,657.9988184781912,524.9719522497804,803.0405459545295
baseline,158,4,660.5026260269649,527.0811148841294,805.920194918003
baseline,159,4,663.1393767560719,529.1767613872285,808.7547613618144
baseline,160,4,665.427516855656,531.2530296777915,811.5043504531152
baseline,161,4,667.5034324427172,533.2262613487876,814.071281806327
baseline,162,4,669.4401791711865,535.0615397867299,816.4324765301731
baseline,163,4,671.2768350871257,536.8345650704388,818.5022293627304
baseline,164,4,673.147725505316,538.600815199295,820.2872096880938
baseline,165,4,675.2703846424549,540.3833611061825,822.0514069416542
baseline,166,4,676.922350401788,542.1993530575372,823.8104772961651
baseline,167,4,678.6626576292489,544.0467682669845,825.5632726254538
baseline,168,4,680.3550289411401,545.8392599609994,827.3614515103225
baseline,169,4,681.9283006203012,547.5294190292678,829.78776234764
baseline,170,4,683.4191914738873,549.0588426936869,832.0841015679549
baseline,171,4,684.8569408621511,550.3703235608242,834.2900646497177
baseline,172,4,686.2529388100559,551.6382932651882,836.2710420185286
baseline,173,4,687.7464639463922,552.8694148401086,837.8682902977259
baseline,174,4,689.2107977865749,554.0578161879919,839.4167912043866
baseline,175,4,690.5894141654342,555.166712747608,840.8072538224272
baseline,176,4,691.7746456833481,556.1855255039395,842.0763609067029
baseline,177,4,693.0709942409455,557.3868879245517,843.2819734619388
baseline,178,4,694.3168519747171,558.5962601851808,844.4599807343628
baseline,179,4,695.5296321054067,559.7173697613694,845.6274494403156
baseline,180,4,696.8203675435069,560.4417212864305,846.8050794323367
baseline,181,4,698.157680875504,561.1707636124028,847.9891053979611
baseline,182,4,699.4432643512347,561.8978011276571,849.1247667053066
baseline,183,4,700.6448131777256,562.751245447306,850.1870533044588
baseline,184,4,701.7571701993313,563.5848466542415,851.2228715176569
baseline,185,4,702.7130403906808,564.421526485359,852.2634414382145
baseline,186,4,703.6756627370485,565.2662158693339,853.3187299359107
baseline,187,4,704.4855829415179,566.1195438063288,854.3921772107288
baseline,188,4,705.323436484435,566.9738641469568,855.4755959401132
baseline,189,4,706.1276775645412,567.7884506865674,856.5164939412084
baseline,190,4,707.078004402795,568.5423302264552,857.4879556136137
baseline,191,4,707.983750261591,569.2615716958489,858.4253954610906
baseline,192,4,708.8695254541743,569.965041788784,859.3556174438692
baseline,193,4,709.8342737155288,570.6701123322663,860.3217054879495
baseline,194,4,710.9055923307901,571.3825193284113,861.4758354642906
baseline,195,4,711.9763946813924,572.0947127200852,862.6339411398106
baseline,196,4,712.8326466242626,572.7765385760899,863.7466867892759
baseline,197,4,713.5270390273618,573.4107304854251,864.7880691026609
baseline,198,4,714.1971256460058,574.0127443785656,865.7919509164885
baseline,199,4,714.8685199522968,574.6061062695434,866.7962464593619
baseline,200,4,715.5580253492988,575.2089206469631,867.8252924645031
baseline,201,4,716.2744665115206,575.8329755053278,868.8861635103848
baseline,202,4,717.0295758758181,576.4726924702696,869.9666512318818
baseline,203,4,717.748895851397,577.0882435261876,871.0115510172961
baseline,204,4,718.4158243912071,577.8891780238432,871.9925986441261
baseline,205,4,719.05765241064,578.6969006345932,872.9486986663244
baseline,206,4,719.6988199625605,579.5020318292825,873.9138667146533
baseline,207,4,720.3891846007436,580.3112273062172,874.9009965233244
baseline,208,4,721.1080530382654,581.0259788225488,875.8315972027813
baseline,209,4,721.8420818878999,581.5669970015338,876.6401633138291
baseline,210,4,722.55952179034,582.0986910058012,877.4165609564756
baseline,211,4,723.2418929151378,582.6084194487444,878.1429236709903
baseline,212,4,723.9093389629106,583.1136958905295,878.8389770797852
baseline,213,4,724.5752638884977,583.6252577933766,879.6022933824748
baseline,214,4,725.1608940935444,584.1470505734391,880.4078371228755
baseline,215,4,725.7847803051695,584.683969598295,881.2256441268506
baseline,216,4,726.5287150622652,585.2303425516501,882.0488998055763
baseline,217,4,727.1317755428129,585.7582707089671,882.838509552167
baseline,218,4,727.6410021649529,586.254006201372,883.5706708402641
baseline,219,4,728.1417214561088,586.739465073189,884.151750874782
baseline,220,4,728.6541705192171,587.2313745229918,884.7627029115768
baseline,221,4,729.3451663322996,587.7372316925514,885.4164205143276
baseline,222,4,729.9593351988376,588.2573993379424,886.1165289238475
baseline,223,4,730.5686339220327,588.7835673253143,886.8531115421138
baseline,224,4,731.0589529503623,589.2892739143552,887.584237699652
baseline,225,4,731.5120795778761,589.7190927141177,888.2880513768698
baseline,226,4,731.9432299219483,590.0667973294903,888.9862983626399
baseline,227,4,732.3612233003369,590.4101971655288,889.6945953572524
baseline,228,4,732.7697714718386,590.7528771373811,890.4177165781407
baseline,229,4,733.1705407114221,591.1463216443883,891.1561346214982
baseline,230,4,733.562657586157,591.6130308645518,891.9043396473298
baseline,231,4,733.932132374242,592.0488668227789,892.627497105246
baseline,232,4,734.2731139558871,592.4460619955765,893.3077230349659
baseline,233,4,734.597763583653,592.8160965166137,893.8652889222808
baseline,234,4,734.9159589717664,593.0857820612241,894.4135588372486
baseline,235,4,735.2303786145701,593.3361155768483,894.9567328329823
baseline,236,4,735.5423500365439,593.5679370148082,895.4956404630192
baseline,237,4,735.852244301803,593.7813204318487,896.0286949579347
baseline,238,4,736.1496943147441,593.9722792686697,896.5369982560858
baseline,239,4,736.4306314814223,594.1399221103485,897.1113734479483
baseline,240,4,736.7102708019459,594.2901302642807,897.6962742942117
baseline,241,4,737.0019443618122,594.4277257547328,898.2725167548028
baseline,242,4,737.3651071894092,594.6137928600772,898.8447312244717
baseline,243,4,737.8225312291738,594.8549157097102,899.4132540207343
baseline,244,4,738.2156059267005,595.1040592282911,899.9749684710553
baseline,245,4,738.6103229750966,595.3488947335,900.5054889450912
baseline,246,4,739.0147536670204,595.5836446811435,900.9832302763227
baseline,247,4,739.2160008634933,595.8194537922747,901.4276696058411
baseline,248,4,739.3486172361656,596.0648898450701,901.816013176203
baseline,249,4,739.6086501752635,596.2029844171853,902.107621910325
baseline,250,4,739.9449349332074,596.3155713471872,902.6280349617639
no vax,1,4,0.020816176823430052,0.006171493576944142,0.05949557140253452
no vax,2,4,0.07164993030039046,0.021229771077505455,0.2035713755228412
no vax,3,4,0.1387276184482607,0.04096550470014359,0.3878575223282293
no vax,4,4,0.21822095851334972,0.06422501662813561,0.59673837047782
no vax,5,4,0.3096807226091036,0.09070164397304996,0.8375850813458938
no vax,6,4,0.40863582088592265,0.11996832902948287,1.0956223474884241
no vax,7,4,0.5100590111606549,0.1501223938054009,1.3545794993234026
no vax,8,4,0.6127348592596807,0.18033680897575383,1.6180421910822966
no vax,9,4,0.718126509527746,0.21260029363984617,1.8720269012191928
no vax,10,4,0.828450082156295,0.2484869420373621,2.115405163221117
no vax,11,4,0.9490916901066424,0.2888005893145486,2.360043486935846
no vax,12,4,1.0750798323001756,0.3342231566764124,2.6383897352755397
no vax,13,4,1.2133651153480196,0.385121937311345,2.943661271038287
no vax,14,4,1.3592586369409199,0.4390761774339117,3.234749905233714
no vax,15,4,1.4957308311692328,0.49337703600814325,3.497137047092707
no vax,16,4,1.6211692946824419,0.5467569600473468,3.815079130165118
no vax,17,4,1.7632029166410765,0.6044689097352942,4.131719491734355
no vax,18,4,1.8962654796427658,0.6637402912968735,4.4423683545196715
no vax,19,4,2.039496078779795,0.7447458484769562,4.741224519442071
no vax,20,4,2.2033527373962127,0.836975802426293,5.014192043103254
no vax,21,4,2.3678723352621365,0.9297735693830459,5.215622333573915
no vax,22,4,2.5240299172815277,1.0184297077668607,5.444909991581325
no vax,23,4,2.69229006667962,1.1026419804198557,5.7800184666629955
no vax,24,4,2.869161717172168,1.18381529323785,6.089768083172987
no vax,25,4,3.0255621292690758,1.2613006983973036,6.293967281366711
no vax,26,4,3.1981690628536334,1.3397762229444392,6.537242616084317
no vax,27,4,3.3904675054157183,1.4437248845629684,6.7384090492740425
no vax,28,4,3.5741671154597654,1.564166837327336,6.964329270700208
no vax,29,4,3.7465596578600113,1.6614820498921559,7.167557244956969
no vax,30,4,3.9112888631500775,1.7561439282223927,7.388558940167331
no vax,31,4,4.067714540140237,1.8541019192178756,7.593463508957805
no vax,32,4,4.216471116679761,1.9413896527523535,7.755985856502493
no vax,33,4,4.401156817275943,2.035279461780942,8.141235578930475
no vax,34,4,4.57664669582223,2.1305817756030576,8.411016240383368
no vax,35,4,4.7670998920821805,2.2644379556408833,8.620094473175646
no vax,36,4,4.923071643329379,2.3751147512695385,8.776581935260316
no vax,37,4,5.0843340063971665,2.4945400252109797,9.005751229651418
no vax,38,4,5.249412955700686,2.578803644040137,9.279388705982466
no vax,39,4,5.417456602827064,2.70303097408393,9.583466270006115
no vax,40,4,5.603918470217414,2.8054519406656695,9.897941189267518
no vax,41,4,5.804104065889813,2.917063218578892,10.211211616647827
no vax,42,4,6.011385778991773,3.0113652503722768,10.560467352878732
no vax,43,4,6.198130121996881,3.097797601136982,10.862119458617146
no vax,44,4,6.377415558919424,3.2140080439903276,11.214973796183507
no vax,45,4,6.563147008550357,3.343128241529538,11.578731210873821
no vax,46,4,6.740866959467907,3.467740771504042,11.944213889367768
no vax,47,4,6.954488473047445,3.6022334211961673,12.276131180324862
no vax,48,4,7.202818079897055,3.7854522625557445,12.659407651127413
no vax,49,4,7.42679922828116,3.948493895564581,13.003824627091976
no vax,50,4,7.634849859245211,4.078995805893354,13.325254900611624
no vax,51,4,7.859264347979253,4.190959386703373,13.603630666184502
no vax,52,4,8.067982547893646,4.323597591263228,13.876951797549076
no vax,53,4,8.33499123724161,4.4518124966298025,14.142777615507676
no vax,54,4,8.576102297189673,4.613247867942452,14.44071779207774
no vax,55,4,8.823714606654317,4.796804820814761,14.905475230363392
no vax,56,4,9.084055699229296,4.986476792546039,15.368497521506722
no vax,57,4,9.379025757580305,5.183791285179139,15.781286118456132
no vax,58,4,9.66731758506514,5.391376244986853,16.265236512804584
no vax,59,4,9.96307203448282,5.610327426338374,16.716903490642988
no vax,60,4,10.310635048014788,5.858018994968636,17.206729033350406
no vax,61,4,10.718988054428323,6.121202478254495,17.708706597980846
no vax,62,4,11.106137294062211,6.404669748324159,18.242541803367455
no vax,63,4,11.47807378458398,6.695651853259566,18.7916600401588
no vax,64,4,11.897849016599636,7.010514196853134,19.334845137373694
no vax,65,4,12.262214193327313,7.282499051301261,19.994027967037614
no vax,66,4,12.687170196246058,7.663437147630883,20.61825711597557
no vax,67,4,13.21783103505055,8.071776754245903,21.40510925497316
no vax,68,4,13.810920078538377,8.462327161932787,22.123864572859475
no vax,69,4,14.461086064194506,8.880997187361233,22.94607169348503
no vax,70,4,15.141218676602005,9.351495114293625,23.796966859089657
no vax,71,4,15.799036746674496,9.834509484933863,24.708422621649834
no vax,72,4,16.4873229362191,10.342090667286902,25.509859584606904
no vax,73,4,17.228433242824472,10.896609099420239,26.601415634791447
no vax,74,4,18.029840803012803,11.522405947384405,27.63812975731623
no vax,75,4,18.961724689141384,12.238877351991452,28.93854516997577
no vax,76,4,19.995988022773883,13.055907946621852,30.2759629172621
no vax,77,4,21.142265308338906,13.720510397664997,31.6142275282513
no vax,78,4,22.250547877869465,14.535463701752413,33.28099253773882
no vax,79,4,23.490732840384762,15.4887295425739,35.09196280852086
no vax,80,4,24.885871156026557,16.434912381835336,37.05293673059452
no vax,81,4,26.520147375425744,17.458018868061146,39.17328446830235
no vax,82,4,28.472933212135906,18.81851863303417,41.01020302505688
no vax,83,4,30.656667652560557,20.214177601709334,43.019913143763006
no vax,84,4,32.66815885063595,21.577688758182386,45.99116672925636
no vax,85,4,34.94441837883834,23.032762370312557,48.73411580507063
no vax,86,4,37.35375825304876,24.705471201575797,51.285586131527275
no vax,87,4,40.080868159696,26.616014584891026,55.37839121757509
no vax,88,4,42.97992910502911,28.80164967117518,58.745853772456975
no vax,89,4,46.0917595865009,31.182441906776415,62.71871960537524
no vax,90,4,49.275278573933605,33.81129161796105,66.888336723687
no vax,91,4,52.786233224712845,36.645985483758515,71.54969666814415
no vax,92,4,56.37999683332215,39.275248093917334,75.69813069464438
no vax,93,4,60.229453772815305,42.08600237646164,80.22902922925333
no vax,94,4,64.45634023015944,45.283232310548684,84.71877981599268
no vax,95,4,68.98394921922122,49.077877551829424,90.50533404019585
no vax,96,4,74.76570921248347,53.69385427498403,97.18575871139596
no vax,97,4,81.73265373175599,58.85461167691376,105.37827741911606
no vax,98,4,89.29653996201444,64.2386105862982,114.44084934680912
no vax,99,4,97.12403058893466,70.21484171873026,123.48671568046447
no vax,100,4,105.74784456413809,76.499072020757,135.38119451114272
no vax,101,4,115.95379872943792,83.49849810991276,148.79161677431756
no vax,102,4,128.11941004599768,92.89970890379895,163.80433283951382
no vax,103,4,142.68980649757688,104.4006796721929,181.91638395695043
no vax,104,4,159.8656310646527,117.33730150059385,202.78783338135668
no vax,105,4,178.6964019135337,131.79418542620226,227.12734251111704
no vax,106,4,197.19880247283828,147.0896436777938,253.41886514646282
no vax,107,4,219.35975567319252,165.14323130715732,283.30138623043234
no vax,108,4,245.3701612808718,184.84051516291657,317.15213197253576
no vax,109,4,276.36313848047587,208.95889191119986,356.4038775484049
no vax,110,4,312.0469361341785,239.4685608467011,400.0183385695508
no vax,111,4,352.79506590076346,270.83642262127813,453.25847685799914
no vax,112,4,396.77645553647596,306.408025241091,507.74278305670026
no vax,113,4,441.51611249484006,343.34576355413293,564.8784516143957
no vax,114,4,490.27261369897974,382.4805356704243,624.8618421883901
no vax,115,4,543.4889832734968,424.4301070210365,690.5905658763288
no vax,116,4,600.5711219661978,470.06504437652455,759.5627190609747
no vax,117,4,660.3893850387102,515.3190615793253,829.5441887277328
no vax,118,4,721.475480959988,561.9887616443993,902.3827762756666
no vax,119,4,783.395075509917,610.7396547482679,976.8251956055361
no vax,120,4,843.8362171878039,658.050524294076,1050.3193307269592
no vax,121,4,903.6093691728032,704.3081360459821,1121.3144470689056
no vax,122,4,962.7694678553657,752.0200806575176,1195.4244237322469
no vax,123,4,1020.7497194387931,799.5388667377276,1268.8265153664436
no vax,124,4,1077.3883431344696,845.7066802749877,1339.3568327512337
no vax,125,4,1132.0360330715496,890.5877153555613,1407.7881531087282
no vax,126,4,1182.4270263247256,933.6463792142607,1472.0459396503043
no vax,127,4,1229.2598838385356,972.1018204637376,1529.604625972639
no vax,128,4,1275.3086141628914,1009.5709188287482,1581.9041102336078
no vax,129,4,1319.8249846841109,1043.600251411405,1635.2325018310485
no vax,130,4,1362.561208795515,1075.134641899447,1688.0838776857386
no vax,131,4,1402.501029305085,1104.1254747041803,1739.5593161684653
no vax,132,4,1442.2208692109969,1138.274701333578,1788.9518925612283
no vax,133,4,1479.5632434048716,1164.0378159503555,1831.2601146550487
no vax,134,4,1513.0880930761673,1189.7013216961168,1875.326534561031
no vax,135,4,1542.9387769341315,1215.572347177652,1914.3698394909306
no vax,136,4,1572.6272711097927,1241.5812365113597,1949.855258787291
no vax,137,4,1600.8794573308696,1266.3933022472045,1985.933355041423
no vax,138,4,1628.1924321862734,1290.080875112397,2019.299174452954
no vax,139,4,1654.566843141436,1312.6827736325681,2051.8685619119105
no vax,140,4,1676.3571785889148,1331.2386206372626,2081.9889748498586
no vax,141,4,1696.1287581437086,1346.857730424977,2106.3507520993858
no vax,142,4,1714.7558844923556,1360.961761434521,2126.8569628579344
no vax,143,4,1732.44039153193,1372.2007305081672,2148.650080369558
no vax,144,4,1748.6943715001562,1382.4333338278996,2167.7146883073788
no vax,145,4,1764.7632893051655,1391.9977771736692,2186.530444820455
no vax,146,4,1780.4181792657346,1400.9399627742614,2206.299371880176
no vax,147,4,1793.635549787603,1409.069069931353,2224.417749111899
no vax,148,4,1806.176684575583,1416.31413611576,2242.067957220713
no vax,149,4,1816.0713590413752,1423.6313594542835,2257.9378123435386
no vax,150,4,1826.4049232469133,1431.8631598459597,2272.468753926053
no vax,151,4,1835.7739983271988,1439.708637608943,2287.6088961493488
no vax,152,4,1844.9163144965792,1447.252239145468,2302.38634432608
no vax,153,4,1854.1889905138828,1454.5063794933833,2313.058970533654
no vax,154,4,1863.0860104568128,1461.2395826562758,2324.749691338133
no vax,155,4,1870.688280418247,1466.4480889582717,2336.282763460597
no vax,156,4,1877.5900998697211,1470.45721017346,2345.984326965029
no vax,157,4,1884.3505813134398,1474.1763470751841,2355.3223685693915
no vax,158,4,1890.7106152613467,1477.8663368425546,2364.134003762895
no vax,159,4,1897.0520125610965,1481.4911126404077,2372.751611787301
no vax,160,4,1902.7068768754812,1485.0417078404093,2381.169976383108
no vax,161,4,1907.8813068092154,1488.3898863275317,2389.0833511459614
no vax,162,4,1912.9908623064125,1491.48604382278,2396.3651842970967
no vax,163,4,1917.7337162863023,1494.476949140924,2403.27405123242
no vax,164,4,1922.9436834459848,1497.4697422274555,2409.9953947380322
no vax,165,4,1928.4489836794419,1501.2065582101136,2416.5997919486445
no vax,166,4,1933.825300021526,1504.2524349267283,2423.1333717065604
no vax,167,4,1938.3576058675103,1507.992557330127,2429.582579296989
no vax,168,4,1942.5069833719078,1512.4239076368274,2435.6935697907024
no vax,169,4,1947.2423020835859,1516.6557599782113,2441.331369919024
no vax,170,4,1951.3691204395473,1520.7356232954553,2446.781135592482
no vax,171,4,1955.31969337792,1524.7289423189718,2453.10200874895
no vax,172,4,1959.3412006382346,1527.8010117761125,2457.987556563191
no vax,173,4,1962.9645043893238,1529.7167724372302,2464.4684174176555
no vax,174,4,1966.3757062775471,1531.5421902019496,2471.6211195259243
no vax,175,4,1969.3062599342763,1533.232024789058,2478.3556092329572
no vax,176,4,1972.0850360688992,1534.7756171598476,2482.0691933109533
no vax,177,4,1974.50313451792,1536.246502357212,2485.1422446323068
no vax,178,4,1977.1204432268119,1537.7063590899645,2488.1855062123495
no vax,179,4,1979.9504444905851,1539.3190388402631,2491.2400462933088
no vax,180,4,1983.3763024713276,1541.5123079742484,2494.3217046906607
no vax,181,4,1986.0148327094334,1543.7221196110308,2497.4196223257272
no vax,182,4,1988.6967885683964,1545.847061582253,2500.3917629983634
no vax,183,4,1991.2743897153343,1547.841058172035,2503.174236071045
no vax,184,4,1993.7301899081908,1549.791303201143,2505.8879610056497
no vax,185,4,1996.129619635527,1551.7530752226492,2509.1700456488907
no vax,186,4,1998.4951133146697,1553.7425037396276,2512.6612382560343
no vax,187,4,2000.381193159384,1555.7653531468734,2515.4916863002
no vax,188,4,2002.4899049280652,1557.8035491696285,2518.338219600419
no vax,189,4,2005.2478655750183,1558.7755999533274,2521.0732533416435
no vax,190,4,2007.2297463934501,1559.6746210939484,2526.18899183975
no vax,191,4,2009.2161108463706,1560.5295007454442,2530.1598046249333
no vax,192,4,2011.0795308891074,1561.3618073409848,2533.4391669937872
no vax,193,4,2012.9058221020084,1562.178617197029,2536.7013988141002
no vax,194,4,2014.8288582008956,1562.9855004841672,2539.977937587114
no vax,195,4,2016.7581146277298,1563.7830151128067,2543.284352136936
no vax,196,4,2018.7270607193473,1564.5396662936896,2546.480476889586
no vax,197,4,2020.5433242532658,1565.6462235815197,2549.4861419864505
no vax,198,4,2022.1710342243505,1566.9799482149015,2552.3779055649256
no vax,199,4,2023.7707934612515,1568.3215848904658,2555.26232080125
no vax,200,4,2025.4833608851686,1569.706373129649,2558.216499612416
no vax,201,4,2027.041614782414,1571.1423174151605,2561.1705082241033
no vax,202,4,2028.264144331135,1572.6087067543308,2564.1117913433177
no vax,203,4,2030.17278350161,1574.0302498771148,2566.9468883300997
no vax,204,4,2031.6789288025352,1575.3672937614988,2569.7367731884738
no vax,205,4,2032.8916185493167,1576.6922137144675,2572.684358433288
no vax,206,4,2034.4323648945638,1578.072163630742,2575.591604448112
no vax,207,4,2035.4505033299697,1579.4776794749837,2578.486878742974
no vax,208,4,2036.631618345526,1580.902775727801,2581.3597691990426
no vax,209,4,2038.101134920488,1582.3421966446392,2584.195755506151
no vax,210,4,2039.166892495553,1583.741159785307,2586.8932899436195
no vax,211,4,2040.2036289799914,1585.0664451537457,2589.3948512636375
no vax,212,4,2041.3345175041873,1586.3498317748006,2591.75862798762
no vax,213,4,2042.439125553002,1587.0120803714758,2594.024294358261
no vax,214,4,2043.8347439147765,1587.6616132517902,2596.662200722399
no vax,215,4,2044.9317231986154,1588.31962516939,2599.282364251995
no vax,216,4,2046.3811790533568,1588.9806857064978,2600.578053557304
no vax,217,4,2047.7975019824905,1589.6147435829196,2602.530198140768
no vax,218,4,2049.1011234571806,1590.2072453797575,2604.372180497614
no vax,219,4,2050.350620482168,1590.7819932531927,2606.048918136508
no vax,220,4,2051.70098536612,1591.3573419797674,2607.6205204315834
no vax,221,4,2052.849689161552,1591.9416003381139,2609.163073378912
no vax,222,4,2053.8876535764143,1592.536054516228,2610.681250927981
no vax,223,4,2055.3101186801196,1593.543593338905,2611.783049646154
no vax,224,4,2056.6236503436,1594.7252607003277,2613.515250030064
no vax,225,4,2057.7599529734225,1595.8348783270687,2614.9430131158397
no vax,226,4,2058.7607278389296,1596.8974943947323,2616.7975742676203
no vax,227,4,2059.6440403483934,1597.9318442050114,2618.3678493393277
no vax,228,4,2060.5290277841013,1598.9449656718748,2619.89426717478
no vax,229,4,2061.528047945318,1599.9393743677133,2621.383203224153
no vax,230,4,2062.8331938401416,1600.9122545854102,2622.8327743174173
no vax,231,4,2064.2157663709568,1601.830197324952,2624.195903403865
no vax,232,4,2065.51977544162,1602.678983446957,2625.4533649842424
no vax,233,4,2066.7814173596907,1603.4863458282227,2626.647083437954
no vax,234,4,2068.029187494459,1604.2735979612232,2627.7958000211675
no vax,235,4,2069.2669251155294,1605.0439080415385,2628.885919532995
no vax,236,4,2070.2425806312267,1605.7968111337996,2629.954837349899
no vax,237,4,2071.1581609563154,1606.5300012093962,2631.000486147041
no vax,238,4,2072.02182927156,1607.1647359394578,2631.989634950457
no vax,239,4,2072.82083993607,1607.4672593479436,2632.9078282346436
no vax,240,4,2073.5445772992034,1607.7458925708318,2633.7931040628073
no vax,241,4,2074.0951961478395,1608.009264989949,2634.6742403528588
no vax,242,4,2074.956505679398,1608.2609989276818,2635.560607014406
no vax,243,4,2075.9314186619913,1608.5028661339582,2636.455103487748
no vax,244,4,2076.388899011234,1608.7353172435733,2637.355819475094
no vax,245,4,2076.825143993912,1608.950886654359,2638.22258058473
no vax,246,4,2077.232070136558,1609.1467189581933,2639.017149737918
no vax,247,4,2077.761730151659,1609.329416559792,2639.747542962636
no vax,248,4,2078.3810921863724,1609.503266973002,2640.464530066423
no vax,249,4,2079.009866314621,1609.6702165505944,2641.1735175354083
no vax,250,4,2079.5862195681134,1609.8326438507818,2641.883324120541
Infection protection only,1,5,0.025911035584284065,0.0075859458466127246,0.07422054989104351
Infection protection only,2,5,0.08890433055089725,0.026049861156484506,0.2538753125494544
Infection protection only,3,5,0.16923524503171133,0.049895744927883484,0.48125226913153907
Infection protection only,4,5,0.26053035388924417,0.07736338020647285,0.7346725100612576
Infection protection only,5,5,0.36058113992862595,0.10797245207228315,1.0054116573878582
Infection protection only,6,5,0.4675831134250984,0.1412072886356554,1.2850710573043045
Infection protection only,7,5,0.5752074169148522,0.17374576541302236,1.5555753342247434
Infection protection only,8,5,0.6798483848624314,0.2062121568679524,1.8135531335698842
Infection protection only,9,5,0.7879473140826423,0.24186216009227618,2.0674114259846657
Infection protection only,10,5,0.9001685705285198,0.28041418713468635,2.338009754578732
Infection protection only,11,5,1.0195084325695671,0.3199054346497656,2.617235928108665
Infection protection only,12,5,1.149339342297968,0.3619770429952786,2.9030760108018785
Infection protection only,13,5,1.2986720179143751,0.40783423282560854,3.192590597580336
Infection protection only,14,5,1.4448517018826972,0.45566785689461786,3.4727708053645605
Infection protection only,15,5,1.5820267760692976,0.5051250444215779,3.7363237966549456
Infection protection only,16,5,1.7192039046468852,0.5558851694601111,3.989616090015628
Infection protection only,17,5,1.8626981684475004,0.6076107939295614,4.238758328488871
Infection protection only,18,5,2.013135428728495,0.6736516588931549,4.486761009478947
Infection protection only,19,5,2.188675756374004,0.735704414908327,4.7353167796808355
Infection protection only,20,5,2.342563331804982,0.8118885264946748,5.002319758724685
Infection protection only,21,5,2.513185702717772,0.8879989674405292,5.248215325874832
Infection protection only,22,5,2.6851098343203685,0.9512729451172356,5.52772972420122
Infection protection only,23,5,2.8372596883773147,1.031112817503864,5.767623791360884
Infection protection only,24,5,2.991713389867126,1.1035629601310075,5.955780608691807
Infection protection only,25,5,3.1739018009322777,1.1833294064420106,6.2662327899065
Infection protection only,26,5,3.3559882789812345,1.2576126234222724,6.594752836323081
Infection protection only,27,5,3.526350432099248,1.3422826350946222,6.873869084335198
Infection protection only,28,5,3.7086082655294765,1.4367369213425116,7.097822049716668
Infection protection only,29,5,3.8788966956523074,1.528705177022443,7.393809239922345
Infection protection only,30,5,4.0617148370326355,1.5944316679758472,7.626962721926507
Infection protection only,31,5,4.224754492264383,1.6836591932993525,7.833153782093649
Infection protection only,32,5,4.405967203877391,1.787541231708495,8.061743710352259
Infection protection only,33,5,4.58078983495134,1.8678930565039236,8.244920753552938
Infection protection only,34,5,4.770817654936343,1.9924968506544736,8.46839570837805
Infection protection only,35,5,4.941616968833358,2.0992998126397784,8.74179288521721
Infection protection only,36,5,5.112512631851985,2.2060485564193772,9.02715704950932
Infection protection only,37,5,5.274504446390506,2.305544071595871,9.30955876228418
Infection protection only,38,5,5.429695896623015,2.4091964019054934,9.590415761829462
Infection protection only,39,5,5.585489142680278,2.4706126836227122,9.883705356968196
Infection protection only,40,5,5.7443104383587915,2.568218918074714,10.186220377962487
Infection protection only,41,5,5.935481614784404,2.6809306380103473,10.49756504820494
Infection protection only,42,5,6.113947568767527,2.790653008346597,10.801988051016142
Infection protection only,43,5,6.295518265784863,2.918095663053944,11.099651611789191
Infection protection only,44,5,6.478170044114316,3.01214814081675,11.443083379794421
Infection protection only,45,5,6.654391068433938,3.1601928702109423,11.725493792454298
Infection protection only,46,5,6.8501666548257365,3.3264787174831465,12.007951116098033
Infection protection only,47,5,7.053294385221811,3.5031781353068068,12.26082113353735
Infection protection only,48,5,7.254809013354823,3.6547268633226935,12.513795150542649
Infection protection only,49,5,7.443825923740375,3.773165496126287,12.858204900297517
Infection protection only,50,5,7.633620305895379,3.8899006439212487,13.193853645705286
Infection protection only,51,5,7.830945864523869,4.009758175165716,13.529900482884827
Infection protection only,52,5,8.026134408781893,4.1468007040079256,13.83682450278581
Infection protection only,53,5,8.274493909286955,4.293502734264578,14.142073483590133
Infection protection only,54,5,8.494624260820963,4.428781544440589,14.45820224004138
Infection protection only,55,5,8.751894880618565,4.597586622651151,14.786134567575928
Infection protection only,56,5,8.967252275363059,4.776615749985081,15.297378278109274
Infection protection only,57,5,9.182616432072635,4.960635439321039,15.804723674101435
Infection protection only,58,5,9.435804505752818,5.1665469723072075,16.175594049529828
Infection protection only,59,5,9.718059830284068,5.39477596999886,16.561870557082642
Infection protection only,60,5,10.016806362171334,5.584373756591902,16.887006381282916
Infection protection only,61,5,10.3198759190897,5.862095121661449,17.19922877649475
Infection protection only,62,5,10.67280767336322,6.1241872943663465,17.617694027996592
Infection protection only,63,5,11.015763342610263,6.397949817839321,18.148622961998324
Infection protection only,64,5,11.386259615682558,6.661647373140305,18.65703642063536
Infection protection only,65,5,11.812309731967105,6.943596982870317,19.022883411056767
Infection protection only,66,5,12.25215718722681,7.240600670763764,19.759510851770546
Infection protection only,67,5,12.653313256966879,7.570691948407718,20.494728027342227
Infection protection only,68,5,13.062614847176363,7.914656398841395,21.178578486484437
Infection protection only,69,5,13.549535654247375,8.31169534282087,21.87761414863432
Infection protection only,70,5,14.072623287861962,8.629217113796365,22.58744802875946
Infection protection only,71,5,14.654119876506748,8.946949474404713,23.196416769336796
Infection protection only,72,5,15.170319667101577,9.382097281507312,23.908003041028284
Infection protection only,73,5,15.780216424916906,9.786542529951408,24.555976573501272
Infection protection only,74,5,16.40750657115057,10.22977158030233,25.22682543431618
Infection protection only,75,5,17.160575428895818,10.717802564234301,25.941187048385967
Infection protection only,76,5,17.973580786230386,11.276919148793565,26.824450727202734
Infection protection only,77,5,18.863587321667826,11.90569156482798,27.940987025917376
Infection protection only,78,5,19.763776155327996,12.509219126526997,29.243558885950236
Infection protection only,79,5,20.702321192938278,13.243663054405951,30.35025763670855
Infection protection only,80,5,21.677328017258173,14.074807300344984,31.43453177053357
Infection protection only,81,5,22.69564529176155,14.980465923465228,33.19671650103569
Infection protection only,82,5,23.880795545850948,15.863051106613364,34.67687236269084
Infection protection only,83,5,25.21753270583697,16.82132711459227,36.24530196859915
Infection protection only,84,5,26.57550167303328,17.8333435730466,38.096764406967694
Infection protection only,85,5,28.00108859936411,18.882023282305024,39.94462159258967
Infection protection only,86,5,29.51594786472274,19.975432258232296,41.86459297086895
Infection protection only,87,5,31.093688258412744,21.183056056862824,43.90664981184915
Infection protection only,88,5,32.80442359226808,22.492481486476226,46.19366103830999
Infection protection only,89,5,34.61087040547893,23.90089405565271,48.81479508788228
Infection protection only,90,5,36.642144929876096,25.338619943864945,50.82839422970749
Infection protection only,91,5,38.562002170301035,26.788968706367342,53.1128016782103
Infection protection only,92,5,40.54611205208608,28.313860085344984,55.72565707323938
Infection protection only,93,5,42.663248968610674,29.905867686168264,58.76422329037609
Infection protection only,94,5,45.04795960623568,31.82424632409393,61.701796351477576
Infection protection only,95,5,47.86609488006611,33.99149991513853,65.17498553815277
Infection protection only,96,5,50.751360470176095,36.496264691027825,69.00645852279962
Infection protection only,97,5,54.03119196171859,39.19967717230125,72.9659959308894
Infection protection only,98,5,57.59738671868733,42.19318351404639,77.11078805491867
Infection protection only,99,5,61.11115206204417,45.38338816487679,81.36567556432304
Infection protection only,100,5,65.16309434807658,48.78779451148905,85.8392902056662
Infection protection only,101,5,69.72831052255188,52.6663075363721,90.9400248914984
Infection protection only,102,5,74.95020530432753,56.78154367866548,97.18670502784293
Infection protection only,103,5,80.97908392825255,61.108551376437944,104.1634903740092
Infection protection only,104,5,88.16075389071548,65.98423989995823,112.74645537770537
Infection protection only,105,5,95.65593916821064,72.36711583159378,122.00508669412277
Infection protection only,106,5,103.52056023813589,79.00662778689826,131.5735260878123
Infection protection only,107,5,111.92470714543842,86.34648547216973,141.9718625188398
Infection protection only,108,5,121.71030354808735,93.96491496983667,154.68189157759622
Infection protection only,109,5,132.5577063939714,103.5622427830519,168.58686704838428
Infection protection only,110,5,145.0303621955851,112.9155540418022,185.11763168690285
Infection protection only,111,5,159.0876138930394,123.68581728567077,203.1438073169306
Infection protection only,112,5,174.2007597625154,136.13791591269148,221.2977616241743
Infection protection only,113,5,189.43612308650648,147.56965621803712,239.8952391548331
Infection protection only,114,5,206.27655127282446,160.66095103621376,260.5903040827516
Infection protection only,115,5,225.1717783943331,175.51800574702457,283.1266248995455
Infection protection only,116,5,246.26170586807552,191.5231058263744,306.70252335688025
Infection protection only,117,5,267.4898934643799,207.9926143614054,331.38755801190445
Infection protection only,118,5,289.22528888899217,225.49906487892537,356.37337119723037
Infection protection only,119,5,310.9742584833564,242.98837952122872,380.76965425191565
Infection protection only,120,5,332.10028393407026,259.7096238874035,406.48622674909296
Infection protection only,121,5,353.0214999591161,275.7966273479413,430.2855829339377
Infection protection only,122,5,374.14854526976274,291.23548212471024,455.00242023559775
Infection protection only,123,5,395.4399315888635,307.37944024620435,481.9676468915683
Infection protection only,124,5,415.49307562916874,323.38110868581055,506.9244004493324
Infection protection only,125,5,435.32003914899474,338.4914671587764,530.2205718571371
Infection protection only,126,5,454.42839496210746,353.88123761323783,553.3560118100052
Infection protection only,127,5,472.54930117330036,367.53269304683533,573.4043452562344
Infection protection only,128,5,487.9076843906161,380.4678081630348,592.25021323359
Infection protection only,129,5,504.19136572045977,393.02269907262746,611.6220794446571
Infection protection only,130,5,518.8158173246896,405.2682938747496,628.9383102077
Infection protection only,131,5,533.3618595956622,415.98771594995696,646.2677527635067
Infection protection only,132,5,546.952894381752,426.27410524272966,662.7018147298851
Infection protection only,133,5,560.393717485674,437.5672560148077,677.7896829879002
Infection protection only,134,5,571.2123675131304,448.15292793206953,692.8388407288481
Infection protection only,135,5,582.4667668576951,457.76024362269516,706.6453016494966
Infection protection only,136,5,592.3939267727321,466.1796533021009,718.7740342544132
Infection protection only,137,5,601.7056979277747,474.17683293762354,729.4781961164788
Infection protection only,138,5,610.6697321079962,481.8859156402578,739.4315162663574
Infection protection only,139,5,619.2944049006543,489.2378137093251,748.8298215162556
Infection protection only,140,5,627.5956651760919,496.01426560548543,757.062239296585
Infection protection only,141,5,634.3754877762134,502.1089760543014,765.1973798623414
Infection protection only,142,5,641.0586285293432,507.47474865176963,772.3283754017672
Infection protection only,143,5,646.6653943677218,512.4527174214718,780.5891313142755
Infection protection only,144,5,651.9514399185507,517.1940554885026,787.4956659765515
Infection protection only,145,5,656.9484612187914,521.7202030641142,793.937938322636
Infection protection only,146,5,661.8948093433385,526.0420132775662,799.9530004919379
Infection protection only,147,5,666.4198649263474,530.0574111485428,805.3383038843766
Infection protection only,148,5,670.497115606717,533.7203642987415,810.1553852562139
Infection protection only,149,5,674.132573980242,537.1408999568426,814.5722885721841
Infection protection only,150,5,677.397860911495,540.4168233741946,818.7227172799429
Infection protection only,151,5,680.6493234864984,543.3284394421074,822.6811976764355
Infection protection only,152,5,683.7172389029408,546.0340022354021,826.492960429889
Infection protection only,153,5,686.6764928736559,548.5929561189856,830.1685989910493
Infection protection only,154,5,689.4260295955619,550.9399194076144,834.038724144954
Infection protection only,155,5,691.887592338458,553.0473622213012,837.1871370363652
Infection protection only,156,5,694.2572786764954,555.3504726089006,840.1907697477034
Infection protection only,157,5,696.8113411261411,557.6969032621802,843.1434175568091
Infection protection only,158,5,699.3480396846652,559.9649342700123,846.0810633568572
Infection protection only,159,5,701.8383977456108,562.1721514415389,849.4072813520307
Infection protection only,160,5,704.2227710631778,564.3138027965153,852.968463210869
Infection protection only,161,5,706.0858532304684,566.1699418389055,855.0484871938652
Infection protection only,162,5,708.1425943178772,567.5236278348702,857.3136741834317
Infection protection only,163,5,710.1712257991444,568.8007528726689,859.7772661449671
Infection protection only,164,5,712.0683503867672,570.0323365189835,861.6532832804469
Infection protection only,165,5,713.8288894353658,571.2590758821076,863.28826999162
Infection protection only,166,5,715.694490604632,572.4847608845035,864.9281572416135
Infection protection only,167,5,717.560705236132,573.687059324264,866.5796419036336
Infection protection only,168,5,719.3459390257844,574.8253434521831,868.3960600159639
Infection protection only,169,5,721.0170567815828,575.8800876303006,870.3974674813416
Infection protection only,170,5,722.5627042157628,576.8795607945848,872.4865386322391
Infection protection only,171,5,724.0597024140882,577.8453841628357,874.5162604809409
Infection protection only,172,5,725.5756687354113,578.7865451147082,876.4973143737225
Infection protection only,173,5,727.2865396438307,580.0078327192263,878.4329764096849
Infection protection only,174,5,728.5616403877375,581.3148392616083,880.3084765354432
Infection protection only,175,5,729.7536123287184,582.5487065490763,882.0613519842401
Infection protection only,176,5,731.0279695411942,583.690704182701,883.6651099918015
Infection protection only,177,5,732.3986654571256,584.7796036575972,885.1688641905456
Infection protection only,178,5,733.7532749427154,585.8489348400152,886.7760030255788
Infection protection only,179,5,735.068199793964,586.9143904789237,888.3694813792649
Infection protection only,180,5,736.4712312154473,587.9854144665073,889.9614056289271
Infection protection only,181,5,737.9772743564831,589.0620286900132,891.5333606413805
Infection protection only,182,5,738.8898942587141,590.1030862594171,893.0397315969657
Infection protection only,183,5,739.7462526444664,591.0899909446199,894.456145132598
Infection protection only,184,5,740.8192425360437,592.0613250384978,895.8347732593634
Infection protection only,185,5,741.8884261506835,593.0423709491095,897.2104486923472
Infection protection only,186,5,742.9609904600334,594.0406499195718,898.5945009568495
Infection protection only,187,5,744.0395863986396,595.057901943801,899.990884516998
Infection protection only,188,5,745.0703274357959,596.0859949751235,901.3906577380786
Infection protection only,189,5,746.011029577892,597.0800471607055,902.7362685349684
Infection protection only,190,5,746.8944847273164,598.0157781331991,903.9976364495258
Infection protection only,191,5,747.7478922059651,598.9192779440914,905.2118276173495
Infection protection only,192,5,748.6391388806094,599.8100171678617,906.4068262854005
Infection protection only,193,5,749.5313802967955,600.6938418408483,907.5922737650823
Infection protection only,194,5,750.4309842684027,601.5741635895624,908.7640833180483
Infection protection only,195,5,751.3627962869346,602.4485323204916,909.9222572025718
Infection protection only,196,5,752.2968101995314,603.2835174702735,911.032285508745
Infection protection only,197,5,753.0961431538333,604.0609058820947,912.0704433867534
Infection protection only,198,5,753.7909776188426,604.7986644150262,913.0621716934647
Infection protection only,199,5,754.4817075831195,605.5171364727684,914.0365567264663
Infection protection only,200,5,755.1848566845658,606.17665569261,915.0128885135199
Infection protection only,201,5,755.9038254478822,606.7802740262074,916.0175129264392
Infection protection only,202,5,756.6289488666514,607.3852328413294,917.0317513171816
Infection protection only,203,5,757.3583356478684,607.96474125505,918.008501594947
Infection protection only,204,5,758.087005703951,608.5046240291844,918.9282437495789
Infection protection only,205,5,758.7965633311362,609.020604288487,919.823693606093
Infection protection only,206,5,759.4582307946255,609.5267759662826,920.7233972302188
Infection protection only,207,5,760.1108219131253,610.0273418321342,921.6402618579467
Infection protection only,208,5,760.7932707541718,610.5197941569788,922.5780882298322
Infection protection only,209,5,761.5926550449353,611.0022577568192,923.499519820154
Infection protection only,210,5,762.286798890282,611.4605849971821,924.3402861111081
Infection protection only,211,5,762.9932800536296,611.8863185097138,925.1305205563021
Infection protection only,212,5,763.7070974637838,612.2871862068729,925.8913283885001
Infection protection only,213,5,764.40733117879,612.6686755579851,926.6384981416804
Infection protection only,214,5,765.0878292607329,613.0342348186304,927.3798722624017
Infection protection only,215,5,765.7402752057144,613.3888197374803,928.1226546949749
Infection protection only,216,5,766.3095891852319,613.7317608755155,928.8640866910571
Infection protection only,217,5,766.8264275578258,614.0525363508079,929.5760642934924
Infection protection only,218,5,767.3086852121373,614.3497614999726,930.2455657378085
Infection protection only,219,5,767.8631099453969,614.6445970220366,930.8982777184899
Infection protection only,220,5,768.5116719117841,614.9337991626269,931.5546754747874
Infection protection only,221,5,769.1661974230905,615.222744140306,932.2253355795979
Infection protection only,222,5,769.687939876475,615.5128835764575,932.9144427956938
Infection protection only,223,5,770.1483684602867,615.8012391599882,933.6170255569843
Infection protection only,224,5,770.595190183285,616.0768919335276,934.3033759322109
Infection protection only,225,5,771.0189343003988,616.3348859889704,934.9587841949373
Infection protection only,226,5,771.4299714643766,616.581125185963,935.5843662639516
Infection protection only,227,5,771.8693297935633,616.8201568807501,936.1971302957326
Infection protection only,228,5,772.3661563288124,617.054173744562,936.8167211088165
Infection protection only,229,5,772.7542418871727,617.2844623724656,937.4452833563237
Infection protection only,230,5,773.3384273238298,617.5111347537267,938.0799198347501
Infection protection only,231,5,773.8985525036665,617.7273555019755,938.6955359342288
Infection protection only,232,5,774.3565521718826,617.9308191419576,939.2798831623126
Infection protection only,233,5,774.8017093491071,618.1306793444626,939.8522964042892
Infection protection only,234,5,775.2462676230904,618.3337376064584,940.4270430897056
Infection protection only,235,5,775.6915639211816,618.5412511888595,941.0066249037086
Infection protection only,236,5,776.064478359415,618.7533474586738,941.5901324184008
Infection protection only,237,5,776.4103698783022,618.9693064586108,942.1729639170204
Infection protection only,238,5,776.7391412868453,619.1802864667641,942.732018815508
Infection protection only,239,5,777.0446683848197,619.3816028229633,943.2554223378091
Infection protection only,240,5,777.3669060564387,619.5802988135808,943.7586803217926
Infection protection only,241,5,777.7658984667598,619.7826771099272,944.2550691365817
Infection protection only,242,5,778.1172900463996,619.9918420207731,944.7507172459723
Infection protection only,243,5,778.433991047759,620.2101298280601,945.2492143897308
Infection protection only,244,5,778.7393341994255,620.4389870233539,945.4738707835527
Infection protection only,245,5,779.0240724531294,620.6688810071023,945.6637431358472
Infection protection only,246,5,779.2843507255841,620.8958167278124,945.8394633785838
Infection protection only,247,5,779.5273493166142,621.1298881581444,946.0021424931302
Infection protection only,248,5,779.8033260701889,621.3778486832879,946.1374107129266
Infection protection only,249,5,780.1926145329935,621.6439683821623,946.27035520232
Infection protection only,250,5,780.4723064387503,621.9358750411175,946.4032069207453
baseline,1,5,0.025911035584284065,0.0075859458466127246,0.07422054989104351
baseline,2,5,0.08890433055089725,0.026049861156484506,0.2538753125494544
baseline,3,5,0.16923524503171133,0.049895744927883484,0.48125226913153907
baseline,4,5,0.26053035388924417,0.07736338020647285,0.7346725100612576
baseline,5,5,0.36058113992862595,0.10797245207228315,1.0054116573878582
baseline,6,5,0.4675831134250984,0.1412072886356554,1.2850710573043045
baseline,7,5,0.5752074169148522,0.17374576541302236,1.5555753342247434
baseline,8,5,0.6798483848624314,0.2062121568679524,1.8135531335698842
baseline,9,5,0.7879473140826423,0.24186216009227618,2.0674114259846657
baseline,10,5,0.9001685705285198,0.28041418713468635,2.338009754578732
baseline,11,5,1.0195084325695671,0.3199054346497656,2.617235928108665
baseline,12,5,1.149339342297968,0.3619770429952786,2.9030760108018785
baseline,13,5,1.2986720179143751,0.40783423282560854,3.192590597580336
baseline,14,5,1.4448517018826972,0.45566785689461786,3.4727708053645605
baseline,15,5,1.5820267760692976,0.5051250444215779,3.7363237966549456
baseline,16,5,1.7192039046468852,0.5558851694601111,3.989616090015628
baseline,17,5,1.8626981684475004,0.6076107939295614,4.238758328488871
baseline,18,5,2.013135428728495,0.6736516588931549,4.486761009478947
baseline,19,5,2.1886757563740034,0.735704414908327,4.7353167796808355
baseline,20,5,2.3425632688456126,0.8118884887538655,5.002319665227353
baseline,21,5,2.5131849129570565,0.8879983257310166,5.2482141516111875
baseline,22,5,2.685106221310554,0.9512712571946174,5.527725058389092
baseline,23,5,2.837250230554532,1.0311079902734899,5.767611014573137
baseline,24,5,2.9916893032053387,1.1035513550925184,5.95574795856387
baseline,25,5,3.1738424908426213,1.1833075274217053,6.26614716216313
baseline,26,5,3.3559148484648667,1.2575774580283778,6.594617514564494
baseline,27,5,3.526246342059146,1.3422253526966004,6.8737494510219355
baseline,28,5,3.708424709069549,1.4366342787136195,7.097526970994553
baseline,29,5,3.8786524277013377,1.5285784500421884,7.393425525752824
baseline,30,5,4.0614483351973245,1.5942895081167,7.626597696616666
baseline,31,5,4.224369421967408,1.6834710775686081,7.832559321112509
baseline,32,5,4.405502699635875,1.7873365867815534,8.061406932048923
baseline,33,5,4.580227871170364,1.8676455966414178,8.244215825531546
baseline,34,5,4.770209678117311,1.9920981644331783,8.467654235834658
baseline,35,5,4.940848162454699,2.0988714932511185,8.740485610461702
baseline,36,5,5.111528112276893,2.205530474349249,9.02559711945742
baseline,37,5,5.273443931100886,2.3049251963311304,9.307719455935164
baseline,38,5,5.428500413203452,2.4084588132708453,9.588325854227241
baseline,39,5,5.583962817487984,2.469824444652827,9.881187776832315
baseline,40,5,5.742423579493757,2.567480004521482,10.183180493769322
baseline,41,5,5.932976127753691,2.679817261536277,10.494040915030705
baseline,42,5,6.111868132138564,2.7893009401744817,10.798100375611734
baseline,43,5,6.293078039869093,2.9169997657907936,11.094503664372668
baseline,44,5,6.475508562591424,3.009967633297644,11.437339836339767
baseline,45,5,6.651055760059999,3.1575905133296853,11.720024161143458
baseline,46,5,6.846490394323881,3.3232821006638464,12.001871311874678
baseline,47,5,7.049600267507804,3.5007817755451196,12.254704986011477
baseline,48,5,7.250366479424509,3.651763825887701,12.505212179684829
baseline,49,5,7.4386314592743235,3.7697549935155177,12.848318498076162
baseline,50,5,7.626394699745534,3.8860162823651603,13.18260848491733
baseline,51,5,7.825419043721361,4.0054238106644195,13.517189044767365
baseline,52,5,8.018724506257943,4.141808398771463,13.822915257826509
baseline,53,5,8.262506816915959,4.288877708347093,14.126651991816708
baseline,54,5,8.482002227523303,4.421385342293569,14.441105958398975
baseline,55,5,8.739021550154604,4.590196422282506,14.767194814909722
baseline,56,5,8.952848280196521,4.768073213440573,15.266229825428404
baseline,57,5,9.168172727371317,4.950731384331819,15.780955703871962
baseline,58,5,9.419633144928701,5.155258744202012,16.15019462385115
baseline,59,5,9.695142122704539,5.382061916051225,16.534333148789145
baseline,60,5,9.99601591465097,5.569252286112025,16.862074551098857
baseline,61,5,10.296814771400353,5.844803599886075,17.171913778943402
baseline,62,5,10.648387412231644,6.105716175033337,17.575363123567055
baseline,63,5,10.983574719983,6.377179356981702,18.101971908284003
baseline,64,5,11.34526522136707,6.636477147178674,18.61037175978587
baseline,65,5,11.771237516934544,6.918564156491355,18.96803861068495
baseline,66,5,12.21009530634177,7.212057443366003,19.695866027172958
baseline,67,5,12.609712756819976,7.538832644218732,20.40834410846918
baseline,68,5,13.01828529122923,7.887538742598925,21.10732914674602
baseline,69,5,13.50877447623229,8.27286740836341,21.800606100283275
baseline,70,5,14.0112730277132,8.59761227267215,22.502888008514596
baseline,71,5,14.587176428648249,8.902058219628422,23.109695831348596
baseline,72,5,15.101388079123264,9.335592148349042,23.77754817454173
baseline,73,5,15.706954318122662,9.7335311152912,24.44678290444439
baseline,74,5,16.32089556414885,10.172931687735863,25.10881149945456
baseline,75,5,17.058883562525587,10.654146193594144,25.813369483515284
baseline,76,5,17.85577774323711,11.203360738531861,26.656875381231668
baseline,77,5,18.74777147159277,11.816164715314267,27.748796848921735
baseline,78,5,19.622768417572267,12.408330233887241,29.033509793138773
baseline,79,5,20.56144654531571,13.12610153261397,30.156195113523555
baseline,80,5,21.522467213724635,13.946162474081175,31.184943660124855
baseline,81,5,22.518708191728685,14.836051590434295,32.91028925130778
baseline,82,5,23.686159363690017,15.720794290643491,34.42435032418924
baseline,83,5,24.989074587705122,16.65961695882803,35.903903377514666
baseline,84,5,26.31416810423422,17.652981725397115,37.716713355600625
baseline,85,5,27.71020417586728,18.66863638788088,39.524759578170446
baseline,86,5,29.175833468605475,19.743571701233638,41.40191588547078
baseline,87,5,30.732585833533797,20.936248305580396,43.396943347502265
baseline,88,5,32.395746985400784,22.209752363495497,45.57891900703399
baseline,89,5,34.207509864119324,23.606399746903563,48.13673865391365
baseline,90,5,36.15837189393821,24.989522707151888,50.19815854974091
baseline,91,5,38.01317227891121,26.419277821005192,52.35005676367239
baseline,92,5,39.96004861187784,27.889733708024423,54.83701382933115
baseline,93,5,41.97912825816504,29.489326869841182,57.8059434285051
baseline,94,5,44.29672275639422,31.29733502251244,60.7745646301329
baseline,95,5,47.05332989668837,33.411476976418406,64.05858037070763
baseline,96,5,49.90353592192507,35.821505200254386,67.89018021512219
baseline,97,5,53.11173052376159,38.47691247067816,71.74182709137129
baseline,98,5,56.52466920732802,41.382827411567604,75.81947337876912
baseline,99,5,59.97989561289643,44.440312231603514,79.85738127014412
baseline,100,5,63.87121879795067,47.836632662161236,84.24916758486918
baseline,101,5,68.30888374650362,51.562069622264985,89.11506036778304
baseline,102,5,73.37088642808209,55.56879119043798,95.21502210841471
baseline,103,5,79.26760424691511,59.739917005206465,101.92443677449212
baseline,104,5,86.23040655941952,64.50508942790377,110.26169233280284
baseline,105,5,93.46237866167397,70.6550340620856,119.23948639332005
baseline,106,5,101.06152649604168,77.22102850583954,128.51897124742112
baseline,107,5,109.2275022699491,84.24558476317961,138.58843441274925
baseline,108,5,118.75683710266412,91.64128447207955,150.91799655555658
baseline,109,5,129.23440014199417,100.81016585042524,164.31643901072724
baseline,110,5,141.35265911326695,110.04972583585788,180.23363491416444
baseline,111,5,154.8966524841069,120.4350458606701,197.72182109249405
baseline,112,5,169.4878648917712,132.51197088631986,215.32530973982088
baseline,113,5,184.27376907520977,143.6029494996386,233.30505956131677
baseline,114,5,200.5119503679038,156.1102139254147,253.2812380177785
baseline,115,5,218.7247600132926,170.45865672894544,274.95403894238984
baseline,116,5,239.1214490569539,185.91144240669254,297.6950897475946
baseline,117,5,259.59023375386494,201.8090275433903,321.6630065841692
baseline,118,5,280.5671098915549,218.6220010716692,345.6071986223
baseline,119,5,301.4999848661218,235.6740956846213,369.29024594727747
baseline,120,5,321.82325394751354,251.8137912755834,393.90920979453597
baseline,121,5,342.06220259505136,267.2214590314696,417.3506973492342
baseline,122,5,362.41051456671914,282.10921993775025,440.61972557488934
baseline,123,5,383.0618332766177,297.66971912046705,466.7931467825687
baseline,124,5,402.4059867437948,313.0951099900317,490.80442249696375
baseline,125,5,421.3171549167413,327.82756406341974,513.135006798635
baseline,126,5,439.83549270481603,342.5043589596342,535.3755804691302
baseline,127,5,457.278640039055,355.65847625432093,554.8757746558581
baseline,128,5,472.21201077567287,368.1204288927586,572.9656506308721
baseline,129,5,487.73615817648397,380.209637761124,591.6422925409363
baseline,130,5,502.0646208810094,391.93962618712965,608.2509702511121
baseline,131,5,515.8408732404873,402.2615173312587,625.0769181864148
baseline,132,5,529.1471092448362,412.1649696740259,640.7113792766055
baseline,133,5,541.855902630798,423.2124337336442,655.4004078037128
baseline,134,5,552.3750408421147,433.4025656328232,669.8915612353354
baseline,135,5,563.1630443336196,442.5230456958816,683.179635678106
baseline,136,5,572.7560656743244,450.62508924790484,694.8611052268045
baseline,137,5,581.6202154242118,458.32536762519493,705.1817097534818
baseline,138,5,590.3737595617677,465.74760306888146,714.7677639301709
baseline,139,5,598.5724143570193,472.81914836091113,723.8067514081914
baseline,140,5,606.484059029862,479.3363575791204,732.07651075283
baseline,141,5,613.1415755945857,485.197191030323,739.5274474914792
baseline,142,5,619.2731674083373,490.4583913724782,746.3512162665642
baseline,143,5,624.7971522149869,495.2430038131975,754.2476239617
baseline,144,5,629.9410866917408,499.7992029444286,761.0446742453975
baseline,145,5,634.6412638105905,504.14767272200675,767.2356855552838
baseline,146,5,639.3263607605388,508.2989281914783,773.0149379837134
baseline,147,5,643.6726159193274,512.1551625309475,778.1930994542789
baseline,148,5,647.6099783445343,515.6723583158299,782.8197822085943
baseline,149,5,651.1676883493407,518.9562045617074,787.0613566845728
baseline,150,5,654.2741210744871,522.0584955547238,791.0463032912635
baseline,151,5,657.4234062486141,524.7994355519169,794.8462869980849
baseline,152,5,660.3676945212685,527.3961037542438,798.504831701553
baseline,153,5,663.207288081276,529.8517238053075,802.032209029238
baseline,154,5,665.9922431235368,532.103667864362,805.4391296460917
baseline,155,5,668.3533574187619,534.1255986474698,808.600616466577
baseline,156,5,670.6150688109001,536.3887823876114,811.4818652097755
baseline,157,5,673.0563398066844,538.6393796894258,814.3138709389684
baseline,158,5,675.4461145889047,540.814540700469,817.13116750059
baseline,159,5,677.8341904225492,542.9311545892668,820.3233294539285
baseline,160,5,680.1565862013757,544.9846934191849,823.7766811383459
baseline,161,5,682.1062524622394,546.9119845244423,825.8999204920424
baseline,162,5,683.9008670928292,548.222884180312,827.9090316803229
baseline,163,5,685.8611503773076,549.447242718913,830.2706752660446
baseline,164,5,687.7560020850137,550.6278366262744,832.0186869107883
baseline,165,5,689.4247780301731,551.7938960885848,833.5857320725012
baseline,166,5,691.1781286432464,552.9686217203446,835.157335006075
baseline,167,5,692.9666716679142,554.1208422050177,836.8130269330734
baseline,168,5,694.6774885887457,555.2116407701395,838.690763647579
baseline,169,5,696.2954026291959,556.2223125780775,840.4300832674304
baseline,170,5,697.8427878760551,557.1799285744146,842.295984734719
baseline,171,5,699.2811267143466,558.1051937201789,844.2404656707586
baseline,172,5,700.7970323529246,559.0067145867506,846.1380809713942
baseline,173,5,702.1258078873425,559.8901887720452,847.9919686443852
baseline,174,5,703.5276571849839,561.1121065997925,849.7879989686026
baseline,175,5,704.724115761577,562.2934217052261,851.4664155936018
baseline,176,5,705.8363774293733,563.3866648090964,853.0018937616005
baseline,177,5,707.1485125727233,564.4289460208425,854.5079422102956
baseline,178,5,708.3228677098446,565.4523585025947,856.0461219387598
baseline,179,5,709.5567923326836,566.4719280088925,857.5710300257982
baseline,180,5,710.9847397825063,567.4966985471391,859.0930981161471
baseline,181,5,712.3828102042771,568.526700073415,860.594746660774
baseline,182,5,713.4447652184665,569.5225933936359,862.035829210834
baseline,183,5,714.2180431967175,570.4666022079081,863.3907389436113
baseline,184,5,715.1828772192475,571.3956173521943,864.7093649632465
baseline,185,5,716.2055082113712,572.3338124826703,866.0250162364682
baseline,186,5,717.2183526709332,573.2883793201066,867.3485287883321
baseline,187,5,718.1481142696249,574.2609813424463,868.6836857384159
baseline,188,5,719.0884038343349,575.2438470163788,870.0219442476559
baseline,189,5,720.0369706424419,576.1940897766482,871.3083113753056
baseline,190,5,720.9277536651113,577.0885113773085,872.5140485411963
baseline,191,5,721.7889591911091,577.9520399028086,873.674573970427
baseline,192,5,722.6419101752438,578.8032796444536,874.8166288038874
baseline,193,5,723.4945290880884,579.647818526793,875.9494288632458
baseline,194,5,724.3640272511199,580.4889178177949,877.07962709723
baseline,195,5,725.2857892941679,581.3242403458321,878.2065285562738
baseline,196,5,726.1780793856966,582.1218653935722,879.2740169454889
baseline,197,5,727.0195553221382,582.8644020992894,880.2656609266588
baseline,198,5,727.7647827124068,583.5689981229227,881.2128349338734
baseline,199,5,728.4243981399345,584.2550690818929,882.1432980496177
baseline,200,5,729.0957519946473,584.9351531667686,883.1258853781737
baseline,201,5,729.7820856247747,585.6143946657965,884.1348228369657
baseline,202,5,730.4741772624859,586.2331412946166,885.0757550334971
baseline,203,5,731.1410276906009,586.7861760398938,885.8991636094247
baseline,204,5,731.76626135949,587.301337315122,886.7767449597121
baseline,205,5,732.3695598626384,587.7936289690598,887.6310323962283
baseline,206,5,732.9531556389097,588.2765006582017,888.4892615566029
baseline,207,5,733.5579213255012,588.7539688587638,889.363752804213
baseline,208,5,734.2090908301633,589.2236502066033,890.2581403346352
baseline,209,5,734.9623166814929,589.6837631812788,891.1720796924274
baseline,210,5,735.6489250676643,590.1208268290387,892.0241626035515
baseline,211,5,736.3387132624912,590.5267847660613,892.7775700336658
baseline,212,5,737.0331500931043,590.9090089833982,893.5028760578355
baseline,213,5,737.6772479374927,591.272735075096,894.2151362804183
baseline,214,5,738.2945477596813,591.6212538952492,894.9218312207875
baseline,215,5,738.9043128449766,591.9592923142292,895.6298311515462
baseline,216,5,739.5027667438849,592.2862150566729,896.336510934118
baseline,217,5,740.0571150388976,592.5919964202416,897.0150928629624
baseline,218,5,740.4943657739675,592.8728733618033,897.6531720691011
baseline,219,5,741.0222216885005,593.140761408121,898.2752298555436
baseline,220,5,741.6403541079253,593.4121054219283,898.9007806808896
baseline,221,5,742.2641542840121,593.6875084232103,899.5399055392803
baseline,222,5,742.818832528421,593.9640425653118,900.1965939048276
baseline,223,5,743.2576697041616,594.2388704197772,900.8661098376962
baseline,224,5,743.6835313160352,594.5015868968015,901.5201467362946
baseline,225,5,744.0873919747182,594.7474695610981,902.1446889220143
baseline,226,5,744.4791351571779,594.9821450073854,902.7383206035774
baseline,227,5,744.8754153036436,595.2099470560495,903.3222023708361
baseline,228,5,745.3678737707122,595.4329655207481,903.912577212241
baseline,229,5,745.8196081454157,595.652426694084,904.511488503616
baseline,230,5,746.3424984211101,595.8684375223643,905.1161758962603
baseline,231,5,746.8091463249109,596.0744848383897,905.7027307885071
baseline,232,5,747.2455754017478,596.2683717736078,906.2594832165727
baseline,233,5,747.6697570664787,596.4588199449283,906.8048519978342
baseline,234,5,748.0933564955757,596.6523096608098,907.3524283442949
baseline,235,5,748.4319182216344,596.8500386492185,907.9045949183651
baseline,236,5,748.7660983680537,597.0521280126011,908.4604848906445
baseline,237,5,749.0956599791766,597.2578916127386,909.0157145662071
baseline,238,5,749.4089025997032,597.45890613962,909.5482804432816
baseline,239,5,749.7246852793617,597.6526413013562,910.0468720999293
baseline,240,5,750.1095198377277,597.8431275467505,910.5262581871672
baseline,241,5,750.4622908161653,598.0362137048693,910.9990838941579
baseline,242,5,750.7747159962659,598.2348184071061,911.4711863820714
baseline,243,5,751.076417157738,598.4411264774076,911.8573738972901
baseline,244,5,751.3672886976851,598.6580102734217,912.0497927153402
baseline,245,5,751.6385241352176,598.8769922981359,912.2306495696622
baseline,246,5,751.8864524100513,599.0931491365701,912.398020711277
baseline,247,5,752.1179122341737,599.3160924114007,912.5578232486969
baseline,248,5,752.4074434625595,599.5522522347019,912.7142685203252
baseline,249,5,752.778188490427,599.8056934009636,912.8599126502023
baseline,250,5,752.9830306131767,600.0836771745285,912.9864313754568
no vax,1,5,0.025911035584284065,0.0075859458466127246,0.07422054989104351
no vax,2,5,0.08890433055089725,0.026049861156484506,0.2538753125494544
no vax,3,5,0.16923524503171133,0.049895744927883484,0.48125226913153907
no vax,4,5,0.26053035388924417,0.07736338020647285,0.7346725100612576
no vax,5,5,0.36058113992862595,0.10797245207228315,1.0054116573878582
no vax,6,5,0.4675831134250984,0.1412072886356554,1.2850710573043045
no vax,7,5,0.5752074169148522,0.17374576541302236,1.5555753342247434
no vax,8,5,0.6798483848624314,0.2062121568679524,1.8135531335698842
no vax,9,5,0.7879473140826423,0.24186216009227618,2.0674114259846657
no vax,10,5,0.9001685705285198,0.28041418713468635,2.338009754578732
no vax,11,5,1.0195084325695671,0.3199054346497656,2.617235928108665
no vax,12,5,1.149339342297968,0.3619770429952786,2.9030760108018785
no vax,13,5,1.2986720179143751,0.40783423282560854,3.192590597580336
no vax,14,5,1.4448517018826972,0.45566785689461786,3.4727708053645605
no vax,15,5,1.5820267760692976,0.5051250444215779,3.7363237966549456
no vax,16,5,1.7192039046468852,0.5558851694601111,3.989616090015628
no vax,17,5,1.8626981684475004,0.6076107939295614,4.238758328488871
no vax,18,5,2.013135428728495,0.6736516588931549,4.486761009478947
no vax,19,5,2.1886757563740034,0.735704414908327,4.7353167796808355
no vax,20,5,2.342563520085691,0.8118886393928589,5.002320038309853
no vax,21,5,2.5131881001721226,0.88800092521068,5.248218886720342
no vax,22,5,2.6851211201931013,0.9512782326205821,5.527744151506156
no vax,23,5,2.837290382317747,1.031128653794781,5.767664564056059
no vax,24,5,2.9917964794255303,1.1036031777169537,5.955891641774714
no vax,25,5,3.1741228980553977,1.1834103575971011,6.266542264725953
no vax,26,5,3.3562742490034636,1.257754371559562,6.59527342222498
no vax,27,5,3.526780892329941,1.342533899684994,6.874343764182663
no vax,28,5,3.709474603876295,1.4372343814128714,7.0990915688555
no vax,29,5,3.88007316352564,1.5293429862044265,7.395545678062959
no vax,30,5,4.063056612203161,1.5951859178784682,7.62864976825552
no vax,31,5,4.226821999416048,1.6847300967140257,7.836284131477827
no vax,32,5,4.408544506350192,1.7887177595641048,8.063514406118255
no vax,33,5,4.5842828608236665,1.8693932406721743,8.24871734629807
no vax,34,5,4.774575208446653,1.9952596305052503,8.472936666915007
no vax,35,5,4.946638328814337,2.102317935175518,8.750830930445867
no vax,36,5,5.119421857869501,2.2099392531732636,9.038477507850406
no vax,37,5,5.2821912851400015,2.3104145536143754,9.32350564383969
no vax,38,5,5.438539868010807,2.4148312320040963,9.605189316242285
no vax,39,5,5.597352236155641,2.4771132993070126,9.904329297839697
no vax,40,5,5.759727287841564,2.5757682382955274,10.212110161694795
no vax,41,5,5.953671610524575,2.690882931342951,10.528559495173985
no vax,42,5,6.134671358698444,2.8032752294646652,10.836977917015576
no vax,43,5,6.316856304627573,2.9283523131884452,11.147560905694684
no vax,44,5,6.501965875406502,3.034685777466015,11.485367012563653
no vax,45,5,6.680853041140315,3.1875108445603275,11.772996814586879
no vax,46,5,6.891588509270655,3.361557413028168,12.061964258620723
no vax,47,5,7.095546198292528,3.5274998975011744,12.317014042204194
no vax,48,5,7.301247676946543,3.684699380620773,12.596069668791067
no vax,49,5,7.494743354333698,3.808076502628638,12.953980555088053
no vax,50,5,7.721106895961185,3.930155618251049,13.304538546275936
no vax,51,5,7.929691175047045,4.056289574655733,13.657086185710506
no vax,52,5,8.118507824396204,4.201385562696245,13.982624931784594
no vax,53,5,8.389871379934734,4.336413612078316,14.305694666840106
no vax,54,5,8.638197676385545,4.527151824555115,14.642164732702511
no vax,55,5,8.8649183747937,4.684083335866299,15.090087734129538
no vax,56,5,9.089814633510635,4.876333980417893,15.67842286638957
no vax,57,5,9.342816864140765,5.080068507091916,16.06589298164379
no vax,58,5,9.646058675095212,5.306813684522069,16.467481838950814
no vax,59,5,9.954766892486006,5.528937005420776,16.849274249921056
no vax,60,5,10.251765811206372,5.784393151694253,17.175224759063763
no vax,61,5,10.631849094398083,6.0833519315858915,17.588552583867624
no vax,62,5,11.02441765011903,6.385095598769486,18.192654712899326
no vax,63,5,11.444290550382862,6.658448059556402,18.749528109329425
no vax,64,5,11.879607474804263,7.002778237285988,19.208555889463813
no vax,65,5,12.375220479808469,7.326287228260657,20.024843802220857
no vax,66,5,12.787516501207843,7.684717160858474,20.740504540438675
no vax,67,5,13.211053313610364,8.013554905403502,21.45115751806721
no vax,68,5,13.718596530040589,8.438561926621775,22.220737689536424
no vax,69,5,14.384700441184323,8.768343150113816,23.056350086047267
no vax,70,5,15.021910866930334,9.206023084047354,23.836909200591982
no vax,71,5,15.724764182421758,9.726580784647789,24.78604021345435
no vax,72,5,16.41401037033013,10.184946039777865,25.548994881441953
no vax,73,5,17.210527446781548,10.68524156040094,26.344594323077075
no vax,74,5,18.02605307912853,11.265634613570857,27.307930242783836
no vax,75,5,19.004860013125498,11.958277304358496,28.54835976374622
no vax,76,5,20.17202465149292,12.840543921530571,29.8943560012215
no vax,77,5,21.33101639975532,13.667502053016802,31.40891285099818
no vax,78,5,22.396444202720623,14.500543888214255,32.701150405121595
no vax,79,5,23.56930528859803,15.55191281144047,34.41431730052482
no vax,80,5,24.91358604803959,16.53232366638503,36.51107396469659
no vax,81,5,26.47232063619343,17.64566692968714,38.50058808583122
no vax,82,5,28.160668268479554,18.92078897968933,40.84093568886084
no vax,83,5,30.207474298415896,20.31274188806303,43.382530006164444
no vax,84,5,32.35733345181519,21.826881585761814,46.066489948794455
no vax,85,5,34.59104600956651,23.292625017203616,49.147468887023564
no vax,86,5,36.83174828665275,25.19774949419501,52.36910954955404
no vax,87,5,39.38879299981806,26.976691584982255,55.67390302108694
no vax,88,5,42.1688940577959,28.97323572058357,59.27455951452791
no vax,89,5,45.32093932482323,31.120210229078765,63.281801460558235
no vax,90,5,48.50463788031506,33.552028023734806,67.42156972773286
no vax,91,5,52.11006661223482,36.12744750693231,71.81337817024499
no vax,92,5,55.82380666909709,39.04020900871842,76.19042645999392
no vax,93,5,59.666870880337115,42.17770989186977,80.74661532828178
no vax,94,5,64.1230895992564,45.76023422422019,86.07840461272052
no vax,95,5,68.8502935611687,50.18696608500029,92.15892499225885
no vax,96,5,74.51108215657035,55.36737373848262,99.71579618799478
no vax,97,5,81.18729279891616,60.83649935250387,108.43552787487567
no vax,98,5,88.30311246044062,66.38859011187321,117.37863920269217
no vax,99,5,95.75009494162256,72.1592929424852,125.3107375341162
no vax,100,5,104.48931365816429,78.4742410382829,136.31800998163752
no vax,101,5,114.36940405853214,86.01970290970488,148.11788739582778
no vax,102,5,126.33921547225646,94.57439294593571,162.29217344004286
no vax,103,5,140.6955793865638,106.5175023359334,178.91225436101504
no vax,104,5,157.32416486058332,119.30069260038523,201.04193271054052
no vax,105,5,175.5299729554352,134.02547280514295,222.8841686811759
no vax,106,5,195.4115580578598,150.67862651636776,249.45065324646163
no vax,107,5,215.89137043085788,166.44212734077718,277.3473704982141
no vax,108,5,241.304445215785,185.0116988411653,310.6379810313534
no vax,109,5,270.5436123737571,208.8375777076228,352.3377251695356
no vax,110,5,304.83170121558874,236.80140470303638,395.0601182536318
no vax,111,5,346.17183739518146,268.17410699679726,447.2973891274907
no vax,112,5,389.75783903357046,301.25068812929226,501.78345266876863
no vax,113,5,436.36665786021666,335.31998446635413,558.2165922440024
no vax,114,5,487.87722031758796,373.406817167365,621.847635718095
no vax,115,5,545.4152554988771,418.9686327733307,687.9434206272576
no vax,116,5,608.8951442531998,463.182855515792,758.8174387231578
no vax,117,5,672.3972910449348,512.2451773024401,829.8395742156715
no vax,118,5,742.327570186098,564.1591831641798,913.9555943892454
no vax,119,5,811.3182463321575,616.8114571011903,996.4233627207191
no vax,120,5,877.9603740207185,668.3767521430409,1076.4408068374153
no vax,121,5,942.2168953002026,716.9760884484868,1154.0325301454059
no vax,122,5,1010.6138513146859,770.3912437551378,1239.0418243336187
no vax,123,5,1076.491110328384,825.6622185944724,1320.1613485904868
no vax,124,5,1142.378968819608,875.6113915149782,1403.0191641799204
no vax,125,5,1206.163375594713,926.4518383705159,1472.1742941308241
no vax,126,5,1268.9559103481529,974.1948814144969,1542.701286924629
no vax,127,5,1325.8659984827896,1017.9194918972688,1612.669350061396
no vax,128,5,1378.7109593782825,1056.713026384786,1677.390173329069
no vax,129,5,1430.1370195660293,1093.933800947632,1739.7789522611722
no vax,130,5,1478.1434478355218,1129.7955772523494,1795.2041537927873
no vax,131,5,1522.8238132942097,1165.3115474358021,1854.4878131167243
no vax,132,5,1566.676863011493,1199.8810498796802,1906.589820718536
no vax,133,5,1607.6241781588083,1228.9063308022571,1955.249185141804
no vax,134,5,1645.2617013194763,1255.0720681685088,2007.9690990660313
no vax,135,5,1679.7919765183387,1282.6022124532406,2060.875155412382
no vax,136,5,1712.5379541366274,1306.3058608491854,2105.6107129390216
no vax,137,5,1744.3287895809935,1325.1083713929554,2145.043979235998
no vax,138,5,1773.2931661026305,1345.0150873969349,2181.7658683318905
no vax,139,5,1798.7695058867594,1362.7005723615596,2218.9613494563446
no vax,140,5,1823.7425061853278,1379.8945515008845,2246.885653322961
no vax,141,5,1842.5895101311976,1398.3494479092321,2273.936358632229
no vax,142,5,1861.9962018761214,1415.2572125698503,2298.0002117267118
no vax,143,5,1878.7221950353194,1431.0207398887057,2319.791544801057
no vax,144,5,1894.216331835125,1442.9441424220188,2343.3014027340314
no vax,145,5,1909.1345292618266,1453.7581977136322,2365.1104224854735
no vax,146,5,1924.5060131076102,1463.8056167482184,2380.957477770697
no vax,147,5,1939.2918592054948,1472.92952059958,2395.080395933871
no vax,148,5,1949.5072755788833,1481.0897095199346,2408.75783531721
no vax,149,5,1961.1328275978644,1488.5477190005645,2421.2932034220653
no vax,150,5,1972.4211211820948,1495.5275253263171,2438.0289677251976
no vax,151,5,1982.2286350831519,1502.1562301174642,2455.8192127914167
no vax,152,5,1991.1416778063706,1508.5117735920674,2472.9160964300413
no vax,153,5,1999.4894910698922,1514.6170888137954,2489.3186729515255
no vax,154,5,2007.4032042915549,1520.4253607681617,2503.845565812197
no vax,155,5,2015.3871261274953,1525.7450541685153,2515.263505280272
no vax,156,5,2022.8473785192791,1530.7405744650666,2526.1720876911454
no vax,157,5,2030.5675332615297,1535.5432744432887,2536.8371121029536
no vax,158,5,2037.43682194541,1540.2209404441712,2547.3667117162254
no vax,159,5,2044.2064910782583,1544.8129212795407,2557.8010590491735
no vax,160,5,2051.233298954491,1549.8469610345144,2568.0757546049567
no vax,161,5,2056.399754067722,1554.9612536202912,2577.824954658891
no vax,162,5,2061.404253541198,1559.7503754327195,2586.8827044578684
no vax,163,5,2066.910319077413,1564.3872185555717,2595.4987247110575
no vax,164,5,2072.2385019809626,1568.9913392822648,2603.841627866693
no vax,165,5,2077.4223359614143,1573.6116469638798,2611.959078964594
no vax,166,5,2082.152339606462,1578.295848447509,2619.8790485315594
no vax,167,5,2086.425485206968,1583.0543159221743,2627.5744033905767
no vax,168,5,2091.3519819833655,1587.7048074544427,2634.7901703871653
no vax,169,5,2095.9407822548646,1592.1553215647214,2641.3998642442025
no vax,170,5,2100.3074458624706,1596.5371362786022,2647.5454026769876
no vax,171,5,2104.1562893782984,1600.932107328054,2653.3460998244796
no vax,172,5,2107.79922823243,1603.2768876636926,2658.8593707273512
no vax,173,5,2112.6209370754314,1605.439674268424,2664.1253187773987
no vax,174,5,2116.534930174458,1607.5192788120858,2669.1376867404447
no vax,175,5,2120.0141999260795,1609.452943435645,2675.207793579457
no vax,176,5,2122.9330067891106,1611.2161048888988,2681.6802117258226
no vax,177,5,2125.677898096754,1612.8637199705054,2687.826632662213
no vax,178,5,2128.3249756877294,1614.4442558944681,2693.842983455767
no vax,179,5,2130.9065047626887,1615.9773507893015,2699.774838119222
no vax,180,5,2133.652054490186,1617.4729554866108,2705.6599362460265
no vax,181,5,2136.9252936902008,1618.9308545228566,2710.7360734328104
no vax,182,5,2139.7880655934023,1620.303768551751,2713.9789728428195
no vax,183,5,2142.0244264080548,1621.5724340452539,2716.8618100187778
no vax,184,5,2144.1662636529727,1622.7818646001188,2719.673855342678
no vax,185,5,2146.3413877119924,1623.9605680257696,2723.8055447926718
no vax,186,5,2148.6818572358666,1625.1178524418701,2727.864453031618
no vax,187,5,2151.3164785347,1626.2580267174578,2731.867331417414
no vax,188,5,2153.961373845871,1627.8653021368482,2735.799822353173
no vax,189,5,2156.5088559299566,1629.5419797221475,2739.5245231450485
no vax,190,5,2158.901383442533,1631.0978651700075,2742.9746750087284
no vax,191,5,2161.1052467608297,1632.5767881067388,2746.2558824550256
no vax,192,5,2162.964148443076,1634.011740818969,2749.4470892642453
no vax,193,5,2164.525397582527,1635.4145270586891,2752.5783825555764
no vax,194,5,2166.0728109994634,1636.7947472563756,2755.682522287532
no vax,195,5,2167.616008983651,1638.1544065739972,2758.7796458870744
no vax,196,5,2169.5299542805346,1639.447611363246,2761.764268504463
no vax,197,5,2171.857289070468,1640.649769703038,2764.5773535729854
no vax,198,5,2174.1429020195437,1641.7881672656772,2767.283040467653
no vax,199,5,2176.346858753796,1642.8954981626166,2769.9702089885773
no vax,200,5,2178.0149338126976,1644.0065409393565,2772.7050779962674
no vax,201,5,2179.6645712143763,1645.1545958071104,2775.453060211117
no vax,202,5,2181.284890234917,1646.2954091342724,2778.1722157669747
no vax,203,5,2182.8187772056817,1647.386002794681,2780.8048420603236
no vax,204,5,2184.2392604600345,1648.4053107206328,2783.2912181410666
no vax,205,5,2185.59173526246,1649.3865594947572,2785.715483717434
no vax,206,5,2186.9160912273555,1650.358885351011,2788.154435450062
no vax,207,5,2188.104794022861,1651.3343341327172,2790.637348557433
no vax,208,5,2189.1935188772413,1652.3143025415754,2793.159982019527
no vax,209,5,2190.6232184898518,1653.297756808046,2795.720281612721
no vax,210,5,2192.0133388251706,1654.2527893901329,2798.235740112641
no vax,211,5,2193.2579224622514,1655.1614016472292,2800.655152224867
no vax,212,5,2194.3991390024526,1656.0465724047924,2803.0321282060813
no vax,213,5,2195.7827270085277,1656.923108552584,2805.395838532374
no vax,214,5,2197.1805730976466,1657.796845583466,2807.75643610027
no vax,215,5,2198.841476213097,1658.6742808642425,2810.133833788536
no vax,216,5,2200.4670173603026,1659.5492539916722,2812.5076716585777
no vax,217,5,2202.018928563564,1660.3877147789772,2814.782904207156
no vax,218,5,2203.470459892079,1661.1731263152838,2817.6015985265753
no vax,219,5,2204.879584993418,1661.9325685691135,2821.0269707245384
no vax,220,5,2206.2912723156523,1662.6868143592883,2824.4763100922128
no vax,221,5,2207.729013809151,1663.4453110279094,2827.9350388490734
no vax,222,5,2209.16200210241,1664.209400774679,2831.463651224287
no vax,223,5,2210.4437281630817,1664.9706741695882,2835.0112293139687
no vax,224,5,2211.5697932605476,1665.6992881587964,2836.9088142520495
no vax,225,5,2212.6402638652507,1666.3804303616544,2838.392047206668
no vax,226,5,2213.681623487614,1667.028794156045,2839.7080922814334
no vax,227,5,2214.7136004448703,1667.6565141551932,2840.9352616745837
no vax,228,5,2215.7434981345145,1668.2694574846475,2842.113458686807
no vax,229,5,2216.7737329734637,1668.8709896307544,2843.2526571694943
no vax,230,5,2218.010357595931,1669.4607505862843,2844.3564377472635
no vax,231,5,2219.281356269234,1670.0208870109484,2845.396832164529
no vax,232,5,2220.3415183794523,1670.544223571126,2846.3652902547924
no vax,233,5,2221.1971322436048,1671.0491878963087,2847.3012056003977
no vax,234,5,2222.0444766746505,1671.5495367512644,2849.31540168393
no vax,235,5,2222.8865702306493,1672.0483828774459,2851.391954895166
no vax,236,5,2223.721708044961,1672.5460258801863,2853.477607500327
no vax,237,5,2224.5443583327997,1673.0401401655838,2855.559571402887
no vax,238,5,2225.325082258457,1673.51299695039,2857.5593618743346
no vax,239,5,2226.0489721381996,1673.9558657688985,2859.437646506009
no vax,240,5,2226.7362064955278,1674.3831678627553,2861.2352263903645
no vax,241,5,2227.4041691843886,1674.8088871810623,2862.9925432738114
no vax,242,5,2228.0606788027644,1675.2420188600686,2864.752520759814
no vax,243,5,2228.710307291958,1675.6905679700917,2866.5233858851184
no vax,244,5,2229.3541043133528,1676.1601346424009,2868.3008466815545
no vax,245,5,2229.8990130707807,1676.6341590785385,2868.896364019695
no vax,246,5,2230.550015322191,1677.107652153486,2869.430580324395
no vax,247,5,2231.111787328618,1677.608519201171,2869.930149620105
no vax,248,5,2231.6684143295815,1678.1608981226636,2870.353165336352
no vax,249,5,2232.2259796831327,1678.786105049785,2870.7624092668575
no vax,250,5,2232.7925274689733,1679.5158419413472,2871.1621099182576
Infection protection only,1,6,0.25137748440021224,0.07496086635598778,0.7250405650004645
Infection protection only,2,6,0.8561134991287889,0.2550121381607652,2.4673124224060516
Infection protection only,3,6,1.604079177920592,0.475049583218837,4.58798114339615
Infection protection only,4,6,2.4002770513908787,0.7073986820835781,6.796027475716105
Infection protection only,5,6,3.2070025764050074,0.9409194439837006,8.97812714506274
Infection protection only,6,6,3.994803015698425,1.173922419454808,11.083338470487552
Infection protection only,7,6,4.785334821716732,1.411676595905974,13.081795365391269
Infection protection only,8,6,5.538925600592723,1.6480460577254012,14.972140033675336
Infection protection only,9,6,6.2849261227149675,1.8878536979735954,16.78772266081791
Infection protection only,10,6,7.049840032352167,2.135449227404575,18.551510641124917
Infection protection only,11,6,7.792863139044183,2.3944590998128383,20.17545451045752
Infection protection only,12,6,8.581080303005603,2.667737334582039,21.886332594590908
Infection protection only,13,6,9.39835585000769,2.9581036875887836,23.605313005100975
Infection protection only,14,6,10.182333841697009,3.231984358582837,25.212792977287645
Infection protection only,15,6,10.960155174773908,3.5041023015149197,26.762619211206896
Infection protection only,16,6,11.765183493115503,3.7812448637500404,28.231667899222685
Infection protection only,17,6,12.611119741615642,4.076910788886767,29.536342136329775
Infection protection only,18,6,13.43175104312559,4.445324982893211,30.794172850157118
Infection protection only,19,6,14.33151712151842,4.842866922234022,32.01138048384595
Infection protection only,20,6,15.203947380034034,5.338851019466139,33.32884323465588
Infection protection only,21,6,16.137845207993923,5.7530749720729535,34.87287114577422
Infection protection only,22,6,17.06321690342124,6.389147330819927,36.38868839452208
Infection protection only,23,6,17.889706315119938,6.9605651833390505,37.883788150429346
Infection protection only,24,6,18.893421031328867,7.5116033854881925,39.361779462370436
Infection protection only,25,6,19.835213654057743,8.094670303053297,40.823856914588376
Infection protection only,26,6,20.862289245830222,8.63283381776473,42.30929531454052
Infection protection only,27,6,21.784750514708996,9.096300941988703,43.88168666879332
Infection protection only,28,6,22.74448941366974,9.651038753745691,45.294798224881205
Infection protection only,29,6,23.728543343485175,10.270614039427196,46.26150222428073
Infection protection only,30,6,24.56653670857507,10.904900202736314,47.715767055671876
Infection protection only,31,6,25.527033311086278,11.40329563599689,49.133202594746514
Infection protection only,32,6,26.531871380495737,11.891756505897522,50.4244656077597
Infection protection only,33,6,27.519407995450557,12.227172340911883,51.73307784312168
Infection protection only,34,6,28.501996795645432,12.625850433772728,53.047924696280916
Infection protection only,35,6,29.511245721728955,13.193413162951643,54.219381504381865
Infection protection only,36,6,30.464529352983654,13.925888727363436,55.49903990547944
Infection protection only,37,6,31.309145655814884,14.717136316259861,56.697343785713144
Infection protection only,38,6,32.19759038863684,15.372970633994541,58.234265480517195
Infection protection only,39,6,33.08823611605905,16.006209124206812,59.801591258751074
Infection protection only,40,6,34.10105319001449,16.67452261799354,61.315450308586314
Infection protection only,41,6,34.99815414660105,17.358270106329744,62.687742187309766
Infection protection only,42,6,35.99257960412669,17.958839110596635,63.98874505867222
Infection protection only,43,6,37.02410055998985,18.567397460553853,65.20723742570273
Infection protection only,44,6,38.26371481354734,19.296804975658628,66.47221799241322
Infection protection only,45,6,39.20415310555127,20.23336522175896,67.8832989056374
Infection protection only,46,6,40.291388696411246,20.743435897120943,69.04187991708095
Infection protection only,47,6,41.2579169430191,21.631164697979344,70.57945437799616
Infection protection only,48,6,42.43060412076319,22.630516837988328,72.43451627412597
Infection protection only,49,6,43.73577913361919,23.666992264488353,73.31617377417669
Infection protection only,50,6,45.05670896682746,24.665710424581775,75.1141406904297
Infection protection only,51,6,46.20854531302439,25.63851860996044,76.98269977217045
Infection protection only,52,6,47.40670853299187,26.65811869271609,78.93694963745637
Infection protection only,53,6,48.516378507140836,27.62221686704319,80.7875034918553
Infection protection only,54,6,49.837795822226006,28.547430451401627,82.76245147556108
Infection protection only,55,6,51.12240341638964,29.448781586245232,84.74601300619564
Infection protection only,56,6,52.41470125961242,30.383850948927115,86.80926915544417
Infection protection only,57,6,53.69303556668769,31.608946897127822,88.38712803905246
Infection protection only,58,6,55.34681834281073,33.06957737344622,90.44621015615715
Infection protection only,59,6,56.9794821247429,34.535037821382666,92.57805238086964
Infection protection only,60,6,58.47070203964486,35.92903804897382,94.76892327397951
Infection protection only,61,6,60.07360732856645,37.342080344661284,97.05797972260243
Infection protection only,62,6,61.734757641619595,38.82498601452739,99.39448454997638
Infection protection only,63,6,63.64747741813552,40.352401959614525,102.04205176640274
Infection protection only,64,6,65.58750140248657,41.8751176741172,104.72790864403623
Infection protection only,65,6,67.70051339471291,43.22808533347987,107.46382358595086
Infection protection only,66,6,70.34439836854821,44.76419621306769,109.90172159394879
Infection protection only,67,6,72.57394273724225,46.973120574508194,113.00397088931385
Infection protection only,68,6,75.17544028589387,49.065928523864876,115.97493527707195
Infection protection only,69,6,77.51143440981997,50.82622194902277,119.23129833708789
Infection protection only,70,6,80.71017155160382,52.36012803265249,122.83534324229552
Infection protection only,71,6,84.01264300723346,55.07756227660112,126.50446272428319
Infection protection only,72,6,87.42689085949107,57.51717144766308,131.3152464890804
Infection protection only,73,6,90.74065490114232,60.177062927259854,135.0829063482727
Infection protection only,74,6,94.15395723594563,63.60054684368745,138.89712373340342
Infection protection only,75,6,98.13189041733736,67.22338094682533,143.81135719810337
Infection protection only,76,6,102.46758789690382,71.15620694625002,148.3296460518867
Infection protection only,77,6,107.34131560341619,74.68464147396071,154.24746890426266
Infection protection only,78,6,112.7344072917667,78.8536113827928,161.69658416735442
Infection protection only,79,6,118.36343887991498,82.77972585853486,168.13469120695302
Infection protection only,80,6,123.77794218915903,87.61628370236244,175.0750783496786
Infection protection only,81,6,130.10010764420338,92.35904373881402,183.76079587171216
Infection protection only,82,6,137.13391041080922,98.19581114341095,191.99463506741452
Infection protection only,83,6,144.95476231808516,103.77643969820575,200.49268226631983
Infection protection only,84,6,153.38822582653262,110.00325706623076,209.7286183427205
Infection protection only,85,6,161.92231165440222,117.43834749980547,219.84947087423805
Infection protection only,86,6,171.2129710721145,125.71624281567786,230.69111871298045
Infection protection only,87,6,180.59558987146102,134.11794032445795,241.18835134008552
Infection protection only,88,6,190.64340378998503,141.69248540948092,253.59782568895722
Infection protection only,89,6,201.19510828938508,149.7438233309026,267.4099673166906
Infection protection only,90,6,213.82251063427992,160.5825734095714,280.360594600705
Infection protection only,91,6,226.47977154407795,169.6823304029429,295.63902772142933
Infection protection only,92,6,239.38356026252487,180.80876120327284,313.8785386535211
Infection protection only,93,6,253.0848429350408,193.80707490454222,332.12616521641877
Infection protection only,94,6,267.87143638880957,205.5084168832817,350.1117348346816
Infection protection only,95,6,283.7145623808794,218.70974603868993,365.9618163066896
Infection protection only,96,6,300.91173412781495,233.77013195665094,385.19078551496136
Infection protection only,97,6,320.33442746313756,251.35718601022188,407.5761050962309
Infection protection only,98,6,342.32521096952127,270.8803621787189,431.3816643771353
Infection protection only,99,6,365.6938152194284,290.82334316170335,458.246809835428
Infection protection only,100,6,391.65110157446736,312.8442673623535,488.3315308735508
Infection protection only,101,6,421.01924182135224,335.71111521333773,520.5430447845443
Infection protection only,102,6,453.1484079826124,360.92742741477036,555.2829954806098
Infection protection only,103,6,488.14642259990035,393.173935288179,594.8019710811161
Infection protection only,104,6,527.7891238256495,433.26591162151544,641.8097058374634
Infection protection only,105,6,571.5189388827507,470.4369614979972,691.4538328358427
Infection protection only,106,6,620.7838124919965,513.2457232417654,747.3754330924644
Infection protection only,107,6,673.6597696290019,563.6772272163063,809.2304684037234
Infection protection only,108,6,734.2655545837172,620.2081487250169,878.0074409070484
Infection protection only,109,6,803.0809132226489,684.1457142414818,954.7199210706658
Infection protection only,110,6,879.7198606408424,752.2651248479002,1042.7808747088313
Infection protection only,111,6,963.2247250097589,829.1204421530164,1140.9447307626203
Infection protection only,112,6,1054.310368808311,909.8835493943845,1247.4268465122364
Infection protection only,113,6,1153.9339063759476,1001.7064220008779,1356.4476090652568
Infection protection only,114,6,1262.8282670280837,1100.0601934925423,1486.5030648341904
Infection protection only,115,6,1381.0500277811411,1210.845027388072,1617.2285814887823
Infection protection only,116,6,1508.5049650976985,1327.1416710154024,1754.7217506028157
Infection protection only,117,6,1643.4670676507421,1452.421873558396,1900.797152548513
Infection protection only,118,6,1782.7049109350528,1581.5809044951707,2047.1273699030191
Infection protection only,119,6,1926.4485171440788,1710.3043931575685,2198.227846737423
Infection protection only,120,6,2072.058215984772,1836.6365551222682,2346.2937646493856
Infection protection only,121,6,2215.731035772813,1964.1473636184544,2504.7087553804395
Infection protection only,122,6,2356.122259134002,2084.0121907590215,2659.945291120421
Infection protection only,123,6,2495.3786577034484,2213.3678346577253,2810.4825669203456
Infection protection only,124,6,2633.2624368110755,2341.553919785965,2964.5267738203756
Infection protection only,125,6,2765.8484252960516,2462.4368386960814,3107.640994488623
Infection protection only,126,6,2890.8423450189503,2576.632490663039,3244.3469748326006
Infection protection only,127,6,3013.360079501882,2682.9501160359764,3368.8448820358444
Infection protection only,128,6,3127.8047074026763,2773.7737503561516,3482.933127912776
Infection protection only,129,6,3238.5794209050805,2867.9035611829413,3590.6278700775424
Infection protection only,130,6,3340.166685075642,2960.2824871688567,3706.203718427548
Infection protection only,131,6,3437.054543646084,3042.2697516021703,3819.96112025962
Infection protection only,132,6,3528.1549084867283,3124.9781727981713,3925.6209039576793
Infection protection only,133,6,3614.616186609166,3198.111328153924,4018.1643517283505
Infection protection only,134,6,3692.1285658634333,3270.5062460979166,4094.03428922764
Infection protection only,135,6,3764.2139821971095,3343.1781815736117,4179.8260089961595
Infection protection only,136,6,3832.1288778869402,3410.5301753455597,4250.226029502948
Infection protection only,137,6,3893.915489699266,3467.4139854241507,4318.217269191501
Infection protection only,138,6,3948.826560488412,3521.8904787261,4382.240997798915
Infection protection only,139,6,4001.075063278599,3576.459171464779,4441.770431656748
Infection protection only,140,6,4050.0570787005654,3620.5156991937306,4496.516927007849
Infection protection only,141,6,4095.0406057453433,3660.6127414262687,4545.986127404183
Infection protection only,142,6,4136.445546603389,3697.3892159326215,4591.044557141283
Infection protection only,143,6,4171.7915101501385,3731.436428280775,4632.469811731842
Infection protection only,144,6,4205.7384002524805,3763.0919460020045,4670.713855893696
Infection protection only,145,6,4235.528629738796,3792.5215179118745,4706.005871136569
Infection protection only,146,6,4264.53629175699,3819.983497954228,4738.693434656198
Infection protection only,147,6,4290.933598290394,3846.106234215171,4768.901766773781
Infection protection only,148,6,4315.462608619768,3870.3397467605823,4796.711941139925
Infection protection only,149,6,4340.539476882639,3892.946431971079,4822.424464128535
Infection protection only,150,6,4366.477604873604,3915.482981287153,4846.816309263858
Infection protection only,151,6,4388.838024902474,3939.372794883604,4873.328372674456
Infection protection only,152,6,4409.388635984458,3962.1156226517096,4898.508617879173
Infection protection only,153,6,4430.180103759374,3983.8181779633514,4922.089126917804
Infection protection only,154,6,4448.093149232167,4004.331873262764,4939.458779206057
Infection protection only,155,6,4466.036436781867,4023.5744652561198,4955.491064092088
Infection protection only,156,6,4483.359845611229,4041.722440981218,4970.76721041536
Infection protection only,157,6,4496.864903238655,4057.3323443798217,4985.489084254019
Infection protection only,158,6,4513.41915396875,4070.981248761027,4999.754255422865
Infection protection only,159,6,4528.348292739573,4084.303988845379,5013.639188938225
Infection protection only,160,6,4543.671603363691,4097.498317097452,5027.174940641932
Infection protection only,161,6,4557.658334462951,4110.270732980331,5040.239305006377
Infection protection only,162,6,4571.117905057379,4122.612531897997,5052.777911594657
Infection protection only,163,6,4583.647847337457,4134.671143625109,5064.907674950465
Infection protection only,164,6,4595.778536536443,4146.528802409018,5076.707486417149
Infection protection only,165,6,4607.9564427616315,4158.224649306193,5088.217335872075
Infection protection only,166,6,4620.398043699279,4169.837344579379,5099.486851638114
Infection protection only,167,6,4633.069687685251,4181.454060944595,5110.543439447428
Infection protection only,168,6,4644.657355808619,4194.44131456376,5121.273219107029
Infection protection only,169,6,4655.811660697331,4206.83071588223,5131.435808304051
Infection protection only,170,6,4665.8509194969365,4217.32948406445,5140.777739605164
Infection protection only,171,6,4675.264688769175,4226.729748831089,5147.832535461651
Infection protection only,172,6,4684.155673361918,4238.75958299631,5154.681602969425
Infection protection only,173,6,4693.959006763658,4250.975588908162,5161.329087244429
Infection protection only,174,6,4703.598352025512,4260.640636523665,5167.753509897501
Infection protection only,175,6,4714.432565114739,4269.66034086557,5173.881988965859
Infection protection only,176,6,4723.581460476503,4278.9789542810995,5179.6847627881625
Infection protection only,177,6,4732.857413549399,4288.600630698065,5185.221260100648
Infection protection only,178,6,4740.695277346516,4298.01824538889,5190.555763861905
Infection protection only,179,6,4747.8172221849945,4307.2699450499795,5197.318748955624
Infection protection only,180,6,4755.7702135155305,4316.389412906441,5208.905944155033
Infection protection only,181,6,4763.699514675416,4325.311677996356,5220.239043914457
Infection protection only,182,6,4771.795309729814,4332.097477601685,5231.219374254414
Infection protection only,183,6,4777.808312397772,4338.6642595741105,5241.695640469805
Infection protection only,184,6,4784.460163969885,4345.119696346912,5247.646292385558
Infection protection only,185,6,4791.573324026081,4351.5546553781205,5253.426158882433
Infection protection only,186,6,4799.067952197633,4358.03256030656,5259.150813802459
Infection protection only,187,6,4806.698914947621,4364.437614897141,5266.361367109357
Infection protection only,188,6,4814.2989546847275,4370.758824339195,5274.134763025952
Infection protection only,189,6,4821.571581636623,4376.903970353393,5280.127491474145
Infection protection only,190,6,4827.956831870915,4382.809465024498,5285.914024627521
Infection protection only,191,6,4833.672664974374,4388.5207866496185,5291.5355613275215
Infection protection only,192,6,4839.699581912539,4394.062399521301,5297.021581792952
Infection protection only,193,6,4845.558118178531,4399.433269156733,5302.3833782534075
Infection protection only,194,6,4851.609046736299,4404.672198249415,5307.639397227766
Infection protection only,195,6,4856.589317849312,4409.83864649871,5312.803086850773
Infection protection only,196,6,4861.01225079619,4414.891164787516,5317.817898601438
Infection protection only,197,6,4865.415619119598,4419.788544292338,5322.645283801014
Infection protection only,198,6,4870.074510600492,4424.514722602603,5327.308163426445
Infection protection only,199,6,4875.478066406609,4429.12675296971,5331.845894712683
Infection protection only,200,6,4881.066970742003,4433.699384015754,5336.295367342801
Infection protection only,201,6,4885.789009016154,4438.245420258783,5340.679003737885
Infection protection only,202,6,4889.841467808252,4442.726494922903,5344.999538409929
Infection protection only,203,6,4894.43742202971,4447.065976310437,5349.209790215428
Infection protection only,204,6,4898.206765581126,4451.212675048743,5353.282485138354
Infection protection only,205,6,4903.288440313687,4455.2066785770585,5357.259253813402
Infection protection only,206,6,4908.379891149851,4459.095733128077,5361.178625604267
Infection protection only,207,6,4912.735122365835,4462.891633341731,5365.061763382462
Infection protection only,208,6,4917.4357494337055,4466.571099621126,5368.919832263613
Infection protection only,209,6,4922.070941508344,4470.146958135337,5372.766162651324
Infection protection only,210,6,4926.240221249291,4474.375077768816,5376.572138168173
Infection protection only,211,6,4930.234736677616,4478.5130738307,5380.314846068895
Infection protection only,212,6,4934.210276545821,4482.4320069132755,5384.016040868223
Infection protection only,213,6,4938.232607519058,4486.118767887024,5387.687998130548
Infection protection only,214,6,4942.337378504928,4489.585305984043,5391.340264315106
Infection protection only,215,6,4946.707540341718,4492.876864739124,5394.99230304537
Infection protection only,216,6,4951.145254084276,4496.009926378164,5398.646491468514
Infection protection only,217,6,4955.195644001442,4498.9707979788545,5402.258143631801
Infection protection only,218,6,4959.33522190949,4501.762384405602,5405.800460603535
Infection protection only,219,6,4963.3633013395975,4504.451107511583,5409.3128186077165
Infection protection only,220,6,4967.155323524729,4507.089694390966,5412.826416545693
Infection protection only,221,6,4971.07618916562,4509.717653680911,5416.361443872897
Infection protection only,222,6,4974.985111894403,4512.352137930786,5419.929701669084
Infection protection only,223,6,4979.792634399682,4514.986675452111,5423.527619553166
Infection protection only,224,6,4983.542037883152,4517.596246245706,5427.108810921279
Infection protection only,225,6,4986.909357786917,4520.172947052366,5430.644999779462
Infection protection only,226,6,4990.638050144479,4522.718383307625,5434.153133960666
Infection protection only,227,6,4993.762213807351,4525.220144340085,5438.406488715582
Infection protection only,228,6,4997.785705021077,4527.664724446088,5442.7323871238905
Infection protection only,229,6,5001.938763147428,4530.041878294671,5446.884415162883
Infection protection only,230,6,5005.490559465033,4532.346680805453,5449.167543652629
Infection protection only,231,6,5008.204711818334,4534.667720196535,5451.18745182717
Infection protection only,232,6,5010.806730954101,4536.9105248455035,5454.461614949132
Infection protection only,233,6,5013.491052883106,4539.074212382672,5457.614358428714
Infection protection only,234,6,5016.215517548733,4541.172299966574,5460.65968461674
Infection protection only,235,6,5018.880570702433,4543.19242361603,5463.611573859447
Infection protection only,236,6,5021.478480365022,4545.122055024675,5466.458746314234
Infection protection only,237,6,5024.007131040049,4546.954684624296,5469.190134019837
Infection protection only,238,6,5026.20032433387,4549.794015858584,5471.773727660295
Infection protection only,239,6,5028.501458246026,4552.753036440371,5474.190995498899
Infection protection only,240,6,5031.550321805171,4555.588575980028,5476.457628291197
Infection protection only,241,6,5034.141721664697,4558.322121971264,5478.560742184011
Infection protection only,242,6,5036.25899299259,4560.968697284147,5480.543310963879
Infection protection only,243,6,5039.7295998119625,4563.543978220275,5482.426694967352
Infection protection only,244,6,5042.294970110404,4566.063097352553,5484.223588674364
Infection protection only,245,6,5044.11323120692,4568.508687822364,5485.926395690235
Infection protection only,246,6,5045.857520126133,4570.952416423315,5487.535001034572
Infection protection only,247,6,5048.086393278192,4573.41446438466,5491.5385186101075
Infection protection only,248,6,5050.246880493103,4575.843867941286,5493.740093546065
Infection protection only,249,6,5051.691233047179,4578.2504038956085,5495.427714637331
Infection protection only,250,6,5053.657882544427,4580.65645908804,5496.900513653044
baseline,1,6,0.25137748440021224,0.07496086635598778,0.7250405650004645
baseline,2,6,0.8561134991287889,0.2550121381607652,2.4673124224060516
baseline,3,6,1.604079177920592,0.475049583218837,4.58798114339615
baseline,4,6,2.4002770513908787,0.7073986820835781,6.796027475716105
baseline,5,6,3.2070025764050074,0.9409194439837006,8.97812714506274
baseline,6,6,3.994803015698425,1.173922419454808,11.083338470487552
baseline,7,6,4.785334821716732,1.411676595905974,13.081795365391269
baseline,8,6,5.538925600592723,1.6480460577254012,14.972140033675336
baseline,9,6,6.2849261227149675,1.8878536979735954,16.78772266081791
baseline,10,6,7.049840032352167,2.135449227404575,18.551510641124917
baseline,11,6,7.792863139044183,2.3944590998128383,20.17545451045752
baseline,12,6,8.581080303005603,2.667737334582039,21.886332594590908
baseline,13,6,9.39835585000769,2.9581036875887836,23.605313005100975
baseline,14,6,10.182333841697009,3.231984358582837,25.212792977287645
baseline,15,6,10.960155174773908,3.5041023015149197,26.762619211206896
baseline,16,6,11.765183493115503,3.7812448637500404,28.231667899222685
baseline,17,6,12.611119741615642,4.076910788886767,29.536342136329775
baseline,18,6,13.43175104312559,4.44532498289321,30.794172850157118
baseline,19,6,14.33151712151842,4.8428669222340215,32.01138048384595
baseline,20,6,15.203944079795956,5.338849037977062,33.328836890715436
baseline,21,6,16.137795099157437,5.753037391957036,34.872790917292185
baseline,22,6,17.063025538185755,6.388960102226705,36.38836534030225
baseline,23,6,17.88915461172462,6.960193014524184,37.882930695561875
baseline,24,6,18.892438625480253,7.510796638346299,39.359993331680975
baseline,25,6,19.83182842349973,8.093240037759537,40.820665840289955
baseline,26,6,20.858109523594784,8.630365409568931,42.303582967254606
baseline,27,6,21.779411927919284,9.093794467664877,43.87310960879589
baseline,28,6,22.73658824552367,9.646123972283982,45.2868207948075
baseline,29,6,23.71849610117244,10.263808196771132,46.251089631220744
baseline,30,6,24.555580737856793,10.895793186826292,47.693222711844975
baseline,31,6,25.509145498906157,11.394603419745907,49.10477404029608
baseline,32,6,26.5120101673026,11.884399442304248,50.39387007763116
baseline,33,6,27.487967367855916,12.217837414638101,51.6950917525467
baseline,34,6,28.466706800449042,12.60748396114469,53.00213654269141
baseline,35,6,29.469123183174275,13.169223283238091,54.173821875859886
baseline,36,6,30.417578262378896,13.90020149297478,55.434006199112304
baseline,37,6,31.25859342278459,14.670625661874974,56.639759576590215
baseline,38,6,32.12490870997988,15.332666867962244,58.14040123585539
baseline,39,6,33.0141572010362,15.958369758471909,59.721673855061134
baseline,40,6,34.01690781875607,16.617850359540476,61.151538012193576
baseline,41,6,34.90645479241962,17.299619026967378,62.50339657154035
baseline,42,6,35.85934986553371,17.890781560326687,63.82113163028672
baseline,43,6,36.886471872829205,18.487023747187507,65.02427301110552
baseline,44,6,38.10227047149566,19.1665858578504,66.25767324160047
baseline,45,6,39.05743958106251,20.136292614627155,67.63896538335385
baseline,46,6,40.08821690062021,20.660226152782037,68.80075042337887
baseline,47,6,40.98009584330468,21.42404388428386,70.04361243689043
baseline,48,6,42.06628288050744,22.50414566981752,72.0868040180453
baseline,49,6,43.34038418897984,23.401821483989252,73.00729481584908
baseline,50,6,44.69744200174533,24.3808111023082,74.66827463919377
baseline,51,6,45.862975518795096,25.3752746834856,76.46836892590669
baseline,52,6,46.98581386795604,26.28115959002369,78.34677434076968
baseline,53,6,47.982260020863094,27.2947787387608,80.08328590710306
baseline,54,6,49.30117333604484,28.220758381110524,82.03387701375239
baseline,55,6,50.56962019842973,29.074194542882744,83.625927849675
baseline,56,6,51.77382975316137,29.96574962189417,85.71806102005874
baseline,57,6,53.023922902890035,30.898870943725587,87.39765565516596
baseline,58,6,54.45922603402582,32.50720821002645,89.30357175178392
baseline,59,6,56.061033268292654,33.80993411630924,91.3269172636438
baseline,60,6,57.55703711392282,35.21014789304135,93.42878202830798
baseline,61,6,58.98652287266947,36.56597250005987,95.59403027871336
baseline,62,6,60.69561861593755,37.95888309641333,97.80735865904748
baseline,63,6,62.3591366076485,39.38487384858824,100.20988871145474
baseline,64,6,64.1068120940559,40.867816616529126,102.83604430561078
baseline,65,6,66.31625352599087,42.325276800658465,105.05178035408242
baseline,66,6,68.38296209631034,43.72159317665853,107.3365550692061
baseline,67,6,71.01603607373441,45.57057185186374,110.05010716642826
baseline,68,6,73.09747340822511,47.66816187893748,113.00863713885913
baseline,69,6,75.46646002834103,49.77544461585781,116.05317143034337
baseline,70,6,78.01844213105369,50.97766952547418,119.22202945638847
baseline,71,6,81.08775695956052,52.94492962847752,122.70941336244286
baseline,72,6,84.41370323031458,55.69926278282005,126.18402538248417
baseline,73,6,87.48586409369676,57.95078370712653,130.73195430964944
baseline,74,6,90.53240063229813,61.06802970647351,134.2453005753064
baseline,75,6,94.07808507434022,64.5240224695329,137.8917060016771
baseline,76,6,98.20629861071458,67.42804551271156,142.53874669729177
baseline,77,6,102.4504313515085,71.1106054274375,147.5368744143957
baseline,78,6,107.0716698087517,74.71424704674175,153.50633821429383
baseline,79,6,112.32722491154232,78.54962621476446,160.48102998199255
baseline,80,6,117.52196475075235,82.57146988370341,166.79199432733122
baseline,81,6,123.04348118637893,87.37413491550083,173.23356885661227
baseline,82,6,129.01263510429186,92.14970768773078,181.33111778961742
baseline,83,6,135.8831208003915,97.33672560417926,189.01795690427673
baseline,84,6,143.11113085520793,102.88911840338002,197.43165397086196
baseline,85,6,150.8224472506127,108.58080251789076,206.6869195772803
baseline,86,6,159.06587312697724,116.02533655721079,215.588886939885
baseline,87,6,167.26709524092072,124.04519525614458,225.1947213862543
baseline,88,6,175.87171719813762,131.336264978308,235.08272671914216
baseline,89,6,184.80412222653135,137.4826981459456,245.3817668203784
baseline,90,6,195.18557042600025,146.6721855319147,257.8526118032897
baseline,91,6,206.0682660776851,154.36714852334026,271.66435625124694
baseline,92,6,217.84873968932516,162.98116138474506,285.30398330388465
baseline,93,6,229.49259917327163,174.15828386371746,299.9732770222772
baseline,94,6,242.05739132779053,185.25969629342757,316.1033959645885
baseline,95,6,255.4734607054852,196.3603805304893,330.9089280770028
baseline,96,6,270.44442979552286,208.8961702736673,348.30496020519195
baseline,97,6,287.1283180332449,224.0437443042601,366.57533801886746
baseline,98,6,305.3297208896757,241.0482862542564,387.35546159091257
baseline,99,6,325.19463885997374,257.6014000087928,410.2126826722182
baseline,100,6,347.0200218455644,277.2523804012241,432.1549279998672
baseline,101,6,371.7627921674988,296.5048936653211,458.7833482624476
baseline,102,6,399.0027759330897,317.58549140970405,488.9566982404312
baseline,103,6,428.8983406079389,343.3690894987881,520.6661073849784
baseline,104,6,461.68524775034007,378.5016583591263,559.8979411182546
baseline,105,6,498.174753715572,408.7380423123916,600.8610017149937
baseline,106,6,539.0985553731673,448.19803794819467,648.6566920622655
baseline,107,6,583.2766564211211,487.89735501290914,702.9497533315289
baseline,108,6,633.3377692356828,534.4685177573051,758.0339550632923
baseline,109,6,690.1541396751777,588.548796777583,821.2177352674955
baseline,110,6,754.3226705130342,646.0123270966129,892.398692641505
baseline,111,6,823.7482001475328,708.0271639643952,973.2718630088293
baseline,112,6,899.2671016676613,776.5150136486537,1066.3561701495676
baseline,113,6,981.0590537692929,850.6460618157266,1156.1052137239408
baseline,114,6,1070.2656017278057,933.7394082150795,1260.140056479278
baseline,115,6,1167.5100830608685,1023.5769095908961,1369.560027188748
baseline,116,6,1273.1699170537165,1118.5757213831582,1475.3952812248983
baseline,117,6,1381.9622214722458,1220.025992492695,1595.0898167254506
baseline,118,6,1494.9941485200102,1328.3381729226712,1718.247333672928
baseline,119,6,1615.183814589937,1433.82403375762,1841.6393229553519
baseline,120,6,1733.2555988050913,1539.4696615213743,1966.6477905203342
baseline,121,6,1850.0139242477894,1638.8011651905986,2093.165051869626
baseline,122,6,1964.672535868866,1741.845934988364,2215.061964509199
baseline,123,6,2080.0060152308597,1844.7356355252168,2340.1089237144406
baseline,124,6,2191.7079963172937,1947.9754648136384,2463.2162492963757
baseline,125,6,2300.484046041922,2046.0548479644362,2585.7004301024517
baseline,126,6,2402.6295164598605,2144.8153467234115,2693.250366948477
baseline,127,6,2502.313474437743,2227.9708440962104,2796.269529731559
baseline,128,6,2595.4325822324636,2305.829440976544,2894.1192044677405
baseline,129,6,2682.433540822367,2378.4396962146734,2981.737010597382
baseline,130,6,2766.3050698159414,2453.3299537287157,3064.2604129854367
baseline,131,6,2846.0232948648354,2518.523643507631,3156.0145915139788
baseline,132,6,2919.9728319455903,2585.0324220911484,3242.4208774571116
baseline,133,6,2989.6293150670635,2648.412703827394,3320.1624868028152
baseline,134,6,3052.0605462074354,2707.706490944065,3386.0315577608058
baseline,135,6,3111.3925516960776,2763.7927845246354,3453.3697581410943
baseline,136,6,3167.2907619013586,2816.7052518109567,3512.240308083356
baseline,137,6,3217.009050184716,2866.2019072779,3561.5161125383174
baseline,138,6,3262.0279692084814,2911.56358355247,3613.0778883427715
baseline,139,6,3303.52575343322,2950.4287007957973,3661.276954575848
baseline,140,6,3343.751158437867,2985.7314802484457,3706.5159303433625
baseline,141,6,3380.3554191781627,3018.123378079719,3747.0778747854847
baseline,142,6,3413.508908950739,3047.847105375865,3783.2027670347575
baseline,143,6,3440.605068363033,3075.3467579305416,3815.7395101440547
baseline,144,6,3468.8392326960293,3100.8965963048395,3846.56516187162
baseline,145,6,3494.7419701177873,3124.6325134299204,3875.0317513966575
baseline,146,6,3518.2022441666413,3146.761057840317,3901.377670131361
baseline,147,6,3540.6067826072685,3167.5185813348844,3925.5538451721027
baseline,148,6,3560.0165538058845,3187.020339540024,3947.756397831655
baseline,149,6,3579.8377354144013,3205.8362998621733,3968.2751117364387
baseline,150,6,3598.210229854729,3226.083207921657,3989.4526102318764
baseline,151,6,3615.3641128329396,3245.2694407678755,4010.746831252545
baseline,152,6,3632.012323012136,3263.523886995919,4030.959193444479
baseline,153,6,3648.106782011915,3280.933798639973,4047.608085091233
baseline,154,6,3663.9798090515824,3297.381850029018,4061.5372485985317
baseline,155,6,3678.542765990647,3312.803572127016,4074.6815008561225
baseline,156,6,3692.945703437702,3327.3411944572617,4087.055029553562
baseline,157,6,3704.4569304675833,3340.779313096662,4098.842542459197
baseline,158,6,3715.9575677731827,3351.7464482258297,4110.258587320353
baseline,159,6,3727.6939312590735,3362.5658013244565,4121.3648288518425
baseline,160,6,3740.044995841781,3373.1143853747362,4132.186573186029
baseline,161,6,3751.0021642747115,3383.321132677161,4142.626838629076
baseline,162,6,3761.5107074216967,3393.1795291054427,4152.642735914264
baseline,163,6,3771.6117756043996,3402.8074820568168,4162.327893356645
baseline,164,6,3781.3653852093967,3412.270872767644,4171.745581652662
baseline,165,6,3791.6505179041997,3421.6011686072766,4180.928007663987
baseline,166,6,3801.6754760571457,3430.8612274109414,4189.9149874467175
baseline,167,6,3811.7192611995806,3440.10306407739,4198.72857569406
baseline,168,6,3820.509505734877,3449.2363560818717,4207.17114300624
baseline,169,6,3828.6016864971543,3459.047988042682,4215.202097020058
baseline,170,6,3835.7884767022733,3468.5264262181386,4222.9580398536955
baseline,171,6,3843.718412989462,3477.41131528449,4230.468288661476
baseline,172,6,3851.411122073353,3485.960203131154,4237.740114735924
baseline,173,6,3858.6770785920044,3494.0867525549234,4244.222693730196
baseline,174,6,3866.28872042659,3501.7628816951506,4249.324217680271
baseline,175,6,3873.553252102962,3509.782715562924,4254.187740560621
baseline,176,6,3880.213234527595,3517.651551238214,4258.790146158274
baseline,177,6,3888.6615253426144,3525.2773052542475,4263.178888326587
baseline,178,6,3895.3943343682477,3532.7373589657823,4267.405221302141
baseline,179,6,3902.5500796155457,3540.0623910988247,4271.489154699664
baseline,180,6,3909.5593832466316,3547.279452649792,4275.446954244231
baseline,181,6,3915.7016014356122,3554.40992437267,4283.15854621044
baseline,182,6,3922.2310725026377,3561.1659289682657,4291.878786617088
baseline,183,6,3928.2889573539505,3566.357241592155,4300.284495982179
baseline,184,6,3933.6325547527413,3571.4587804926073,4308.4970384081325
baseline,185,6,3938.5558009380393,3576.62541021719,4313.713575710213
baseline,186,6,3943.5914596849625,3581.7414606236416,4318.672455593373
baseline,187,6,3948.7700445845285,3586.798575021602,4323.437898171215
baseline,188,6,3954.104178619459,3591.788182962297,4328.152279416805
baseline,189,6,3959.9586927333994,3596.6376852048816,4332.755327433129
baseline,190,6,3965.2149346163856,3601.297065824794,4337.207515829861
baseline,191,6,3969.9158823431767,3605.683830107125,4341.540162059177
baseline,192,6,3974.60176722204,3609.960758913203,4345.775439983674
baseline,193,6,3979.817806366243,3614.1717486978173,4350.320465334825
baseline,194,6,3985.0899580791656,3618.347862714714,4354.892398647757
baseline,195,6,3989.9499514426243,3622.5319337246465,4359.292455881127
baseline,196,6,3994.4990554816804,3626.5911904445443,4362.968429632164
baseline,197,6,3998.2778522217177,3630.4496260827054,4366.416948190999
baseline,198,6,4001.6405971565573,3634.1723594827895,4369.732424425627
baseline,199,6,4005.2110659235923,3637.8042581666673,4372.991549022613
baseline,200,6,4008.6827351582815,3641.4041022370507,4376.735461299116
baseline,201,6,4012.023289193111,3644.98196046751,4381.110021629577
baseline,202,6,4015.6421270188603,3648.507688209255,4385.15822362684
baseline,203,6,4019.9995359567893,3651.9211293918534,4388.4233841589485
baseline,204,6,4023.3528740259194,3655.1821622960874,4391.550409734394
baseline,205,6,4026.6080297276367,3658.3223788768314,4394.581618715274
baseline,206,6,4030.1942585301813,3661.379380705497,4397.560300256531
baseline,207,6,4033.44806867131,3664.362521963904,4400.509444817808
baseline,208,6,4037.1308629867935,3667.253603490279,4403.434564348285
baseline,209,6,4040.6434853982955,3670.0627595049805,4406.356506384467
baseline,210,6,4044.04103314404,3672.792302496609,4409.2732961869815
baseline,211,6,4047.5572937775487,3675.4263358083253,4412.174220431002
baseline,212,6,4051.0125873864245,3677.9506380562234,4415.066838170263
baseline,213,6,4054.254002582429,3680.796622982856,4417.944680629919
baseline,214,6,4057.1614962596364,3683.5178467657283,4420.806728333001
baseline,215,6,4060.5680772384176,3686.1013228206175,4423.6722394185235
baseline,216,6,4064.01023597345,3688.560029012509,4426.537228294475
baseline,217,6,4067.1509973958136,3690.883275142208,4429.362553073197
baseline,218,6,4070.092994326245,3693.073380512756,4432.125136225922
baseline,219,6,4073.010447378393,3695.18245132666,4434.8648319575095
baseline,220,6,4075.936096022715,3697.2518488209935,4437.611584339331
baseline,221,6,4078.8909814577205,3699.3125611207497,4440.384475593483
baseline,222,6,4082.3124924895765,3701.378047431467,4443.186540370255
baseline,223,6,4085.8033855108406,3703.4432497307407,4446.001518278694
baseline,224,6,4088.8424370184293,3705.488569235216,4448.788100122331
baseline,225,6,4091.7441327292936,3707.5078074308326,4451.521871784319
baseline,226,6,4094.2306810114615,3709.5022127073466,4454.201433261944
baseline,227,6,4097.078983839523,3711.462063908232,4456.8227087825335
baseline,228,6,4100.0437087716655,3713.3767882389466,4459.3834620419875
baseline,229,6,4102.669230222935,3715.2383711708635,4461.975045286393
baseline,230,6,4105.494002542971,3717.042965555725,4464.616213549313
baseline,231,6,4108.30878735413,3718.774355017112,4467.197182622191
baseline,232,6,4111.08233834742,3720.4272660127353,4469.695405687937
baseline,233,6,4113.7090609323,3722.023669609348,4472.123276603212
baseline,234,6,4116.027763837807,3723.5750306925493,4474.4861960634435
baseline,235,6,4118.351397381699,3725.0720110282596,4476.776231557694
baseline,236,6,4120.57925166811,3726.5052875618608,4478.984764019032
baseline,237,6,4122.503475153122,3727.8708160905485,4481.103246372712
baseline,238,6,4124.383325272651,3729.15350264169,4483.106959093386
baseline,239,6,4126.182180270716,3730.38171528731,4484.981681427295
baseline,240,6,4128.159294757519,3731.524082383631,4486.73975188626
baseline,241,6,4130.2354792771475,3732.5810414427265,4488.384769662202
baseline,242,6,4131.9668401998115,3733.5603732477307,4489.939078340607
baseline,243,6,4133.381116745888,3734.9910774936593,4491.5971088886645
baseline,244,6,4134.76359608906,3736.959147269879,4494.369445361453
baseline,245,6,4136.4869839248795,3738.9684170410305,4497.164242999688
baseline,246,6,4138.231950576952,3740.9228240637826,4499.1282582613685
baseline,247,6,4139.931933913693,3742.8413717883204,4500.81706763325
baseline,248,6,4141.023549673711,3744.7339506949083,4502.533947141195
baseline,249,6,4142.311148970995,3746.608181521351,4504.292899704303
baseline,250,6,4144.084005592251,3748.4814859006874,4506.124577977055
no vax,1,6,0.25137748440021224,0.07496086635598778,0.7250405650004645
no vax,2,6,0.8561134991287889,0.2550121381607652,2.4673124224060516
no vax,3,6,1.604079177920592,0.475049583218837,4.58798114339615
no vax,4,6,2.4002770513908787,0.7073986820835781,6.796027475716105
no vax,5,6,3.2070025764050074,0.9409194439837006,8.97812714506274
no vax,6,6,3.994803015698425,1.173922419454808,11.083338470487552
no vax,7,6,4.785334821716732,1.411676595905974,13.081795365391269
no vax,8,6,5.538925600592723,1.6480460577254012,14.972140033675336
no vax,9,6,6.2849261227149675,1.8878536979735954,16.78772266081791
no vax,10,6,7.049840032352167,2.135449227404575,18.551510641124917
no vax,11,6,7.792863139044183,2.3944590998128383,20.17545451045752
no vax,12,6,8.581080303005603,2.667737334582039,21.886332594590908
no vax,13,6,9.39835585000769,2.9581036875887836,23.605313005100975
no vax,14,6,10.182333841697009,3.231984358582837,25.212792977287645
no vax,15,6,10.960155174773908,3.5041023015149197,26.762619211206896
no vax,16,6,11.765183493115503,3.7812448637500404,28.231667899222685
no vax,17,6,12.611119741615642,4.076910788886767,29.536342136329775
no vax,18,6,13.43175104312559,4.445324982893211,30.79417285015712
no vax,19,6,14.33151712151842,4.842866922234022,32.01138048384595
no vax,20,6,15.203947381267538,5.338851020417087,33.328843236875635
no vax,21,6,16.137845467187695,5.753075232029407,34.87287150806019
no vax,22,6,17.063219431239425,6.38915066977128,36.38869220117144
no vax,23,6,17.88972109534233,6.960577434173908,37.883808306323864
no vax,24,6,18.893465760497307,7.511649776426122,39.361853115265674
no vax,25,6,19.83549335473083,8.09479787668902,40.82406345424048
no vax,26,6,20.862744889194296,8.633142934309586,42.309863618985446
no vax,27,6,21.785551468206286,9.096663585701698,43.882831472939586
no vax,28,6,22.745940799597,9.652035866123075,45.29580107182176
no vax,29,6,23.730662926174706,10.272264511844616,46.263062503130946
no vax,30,6,24.569097421906207,10.907446556078323,47.720698137799985
no vax,31,6,25.532174377007593,11.40588702873638,49.14079078147721
no vax,32,6,26.537878095886267,11.89397330680736,50.43301890262066
no vax,33,6,27.52853739404523,12.230322224191948,51.744866671615746
no vax,34,6,28.515174818498778,12.63317477189939,53.06337084317137
no vax,35,6,29.529366048047994,13.204178389939672,54.23561720936576
no vax,36,6,30.484013979915446,13.938110149777673,55.52568426433897
no vax,37,6,31.330416319731466,14.744447824050136,56.72995399318264
no vax,38,6,32.23798842415354,15.395827823140655,58.27889229886198
no vax,39,6,33.124733020564975,16.034956980897658,59.84196217168119
no vax,40,6,34.151006530007635,16.71056870517558,61.39624107452641
no vax,41,6,35.04438735994532,17.39574657489853,62.79665429977278
no vax,42,6,36.08789890874493,18.00458839648016,64.081113958752
no vax,43,6,37.12369147078634,18.62481165920969,65.3106328963478
no vax,44,6,38.3679427551592,19.405738187339782,66.61088334660205
no vax,45,6,39.32591604672031,20.284121881366435,68.04745655889892
no vax,46,6,40.392797415349385,20.86024970062279,69.18429825903938
no vax,47,6,41.41058210597869,21.828775060913454,71.03698982563331
no vax,48,6,42.69619154914989,22.733738323170243,72.57345548689555
no vax,49,6,44.068905085735445,23.829258947786215,73.63260001951834
no vax,50,6,45.41779232819521,24.90453228698313,75.49389820729161
no vax,51,6,46.47502335633462,25.784779097221072,77.43547172682153
no vax,52,6,47.71094275918934,26.94524247066756,79.50397213698511
no vax,53,6,49.042616187434845,27.932553986020952,81.55160983663397
no vax,54,6,50.23612667908361,28.859245509084907,83.44698068660583
no vax,55,6,51.727315227120684,29.811158802967352,85.84689504200429
no vax,56,6,52.99788905392424,30.8045160787925,87.5053594364679
no vax,57,6,54.36135565319718,32.37800462943922,89.42293057906257
no vax,58,6,56.23728737458519,33.69111439827513,91.61315094877241
no vax,59,6,57.86044553267679,35.352272021043376,93.88959092829518
no vax,60,6,59.42773710554671,36.77726356507397,96.26033427083335
no vax,61,6,61.331388352601394,38.31165451404829,98.76607163006051
no vax,62,6,63.3016849640273,39.99417189347135,101.54137372968142
no vax,63,6,65.35579308669551,41.564521595028886,104.55866813381455
no vax,64,6,67.53085504249242,42.97418314444668,107.4665938299869
no vax,65,6,70.17763212481572,44.56190595966733,110.29197296218584
no vax,66,6,72.6521958521685,46.97906738807038,113.31496214960532
no vax,67,6,75.30945438975937,49.18724147405275,116.84205015467461
no vax,68,6,78.17915470113017,50.97869844825355,120.5799009620038
no vax,69,6,81.40152443207694,52.82377930602768,124.90517097732324
no vax,70,6,85.08146828579078,56.001026801108644,128.80007939467075
no vax,71,6,88.99132227167587,58.166734536589566,134.12772208856634
no vax,72,6,92.59560508614621,61.25223694161949,138.40609385117955
no vax,73,6,96.6235278923679,65.32891320297162,143.35485073083518
no vax,74,6,101.19157521950825,69.52525782915151,147.9508886943416
no vax,75,6,106.22277593022707,73.9771298500038,154.239072388352
no vax,76,6,112.28226161485736,78.17497136933125,162.6722600112105
no vax,77,6,118.80182689405135,82.69873328341319,170.8878836812128
no vax,78,6,125.1506765238826,87.73189406824784,178.50245666188263
no vax,79,6,131.71390068738668,92.8624084733855,186.75475494518724
no vax,80,6,139.96703531905058,98.78929327398288,197.37870834257976
no vax,81,6,148.78117116968969,105.4275447653388,206.9041629123913
no vax,82,6,158.6519056127447,113.35669587865075,216.70206637766557
no vax,83,6,169.14622478033047,120.79657502785716,228.84143707907828
no vax,84,6,180.38272228943333,130.56360476431976,241.65699058056603
no vax,85,6,192.87081290447253,140.43347138174124,258.01835905271105
no vax,86,6,206.0438276838692,150.73032370010674,276.1911302871152
no vax,87,6,220.1771467687597,161.85689947629925,296.69735435129155
no vax,88,6,236.90323669477337,175.80031121223203,318.581075262295
no vax,89,6,253.78464803211023,190.82388091150202,336.50713530092105
no vax,90,6,271.4041412760753,206.78387936692712,358.97581963645735
no vax,91,6,291.7768919863532,222.39199083385978,384.0440423832191
no vax,92,6,313.30157522462775,239.48254447564173,408.2937915452513
no vax,93,6,336.5668323721181,257.57526612174325,437.1004745635323
no vax,94,6,361.83093125638743,279.44548149517635,468.54914385434626
no vax,95,6,389.5314362549634,302.1386143711891,501.8349600540126
no vax,96,6,421.028782000721,330.08693444768795,538.6061762085435
no vax,97,6,458.3944036003062,361.0720984206505,587.797009454974
no vax,98,6,499.0600019931676,395.03575556737906,633.8056794209814
no vax,99,6,544.6483031779871,429.03224986228344,687.0676275399869
no vax,100,6,594.8891932510419,469.9946349883361,746.2760285682485
no vax,101,6,651.2698148905192,516.9427381284273,807.9563153791066
no vax,102,6,714.8992143055028,570.7980290932123,879.512934849201
no vax,103,6,789.6057224073242,635.3801230688426,967.4298457130393
no vax,104,6,876.5565660075966,715.5290848540865,1069.8528154097044
no vax,105,6,975.3009923538868,807.3085372894079,1179.0021491856041
no vax,106,6,1087.2704335230183,901.1299532997451,1306.4198463984549
no vax,107,6,1213.7346022294307,1017.8041426165204,1458.4841108750893
no vax,108,6,1359.2214691015415,1144.4050806588561,1638.720627709984
no vax,109,6,1527.0790594482373,1293.6865725684597,1834.5526384301554
no vax,110,6,1713.9364343663701,1463.5108311330316,2065.1163172587912
no vax,111,6,1928.829826993687,1659.934363013354,2327.4948496397014
no vax,112,6,2166.1042718000826,1877.672014299066,2608.334658617984
no vax,113,6,2434.9416792131324,2118.9374282297904,2921.1640848493344
no vax,114,6,2734.5864969790564,2383.96770572353,3257.2885308780806
no vax,115,6,3065.6032933892957,2677.873176138582,3619.142577103945
no vax,116,6,3426.177496219174,3000.3505453044927,4016.9449890781866
no vax,117,6,3812.608614087909,3358.923895076389,4447.490263451088
no vax,118,6,4214.201822343294,3730.7705738843147,4897.388576609939
no vax,119,6,4644.8584124279605,4088.4681493783746,5324.649412389279
no vax,120,6,5065.3556141092795,4463.526306399857,5784.182319120905
no vax,121,6,5481.346517662653,4832.455254193647,6235.7708842449665
no vax,122,6,5896.1510020051355,5209.462743450015,6696.3754262725215
no vax,123,6,6315.385386073298,5594.085310995937,7155.38754951112
no vax,124,6,6732.6873115917415,5934.863206467182,7600.95422855711
no vax,125,6,7124.1029769082215,6296.270583647859,8068.111483530884
no vax,126,6,7499.701163258543,6611.198711913649,8483.47338251878
no vax,127,6,7855.721605859599,6936.189175265774,8888.546708380603
no vax,128,6,8188.305380060612,7260.980898938606,9256.90675366464
no vax,129,6,8506.811484242047,7560.980074232818,9612.364811310767
no vax,130,6,8821.570570874534,7806.260234935265,9962.89861824609
no vax,131,6,9107.42217524253,8031.29030620312,10301.343714345065
no vax,132,6,9378.45284117591,8255.470319434691,10584.58591266909
no vax,133,6,9613.032092035995,8466.354129858872,10880.062319932504
no vax,134,6,9844.302392793103,8655.523757820289,11152.89951029106
no vax,135,6,10060.688029764788,8828.114050914823,11402.565560255398
no vax,136,6,10256.363292991562,9011.17105968953,11616.52350314217
no vax,137,6,10441.799674308531,9169.622608287194,11812.14077950331
no vax,138,6,10609.124100826706,9316.094351647424,11995.410815413836
no vax,139,6,10761.530380075497,9454.036814522378,12195.631218955097
no vax,140,6,10915.763645090272,9580.10126886021,12378.638477640556
no vax,141,6,11056.070281393933,9672.55924267344,12534.967681186663
no vax,142,6,11184.844119919599,9767.591791178667,12685.085153192736
no vax,143,6,11301.657157899377,9860.73159745165,12808.541817913469
no vax,144,6,11404.87591495307,9937.75673359305,12921.686070714575
no vax,145,6,11501.341882094994,10026.441219786517,13025.195510966576
no vax,146,6,11583.38487426773,10105.884793492458,13120.555082731136
no vax,147,6,11660.858272271395,10172.590030541985,13211.206506153248
no vax,148,6,11731.640794850468,10228.536352263056,13306.32049252857
no vax,149,6,11803.731846679235,10280.420095815174,13394.355435463409
no vax,150,6,11867.807105782478,10331.861969831209,13475.908585983741
no vax,151,6,11935.988374807073,10393.346163185925,13533.96500080251
no vax,152,6,11997.071988392236,10439.477131857306,13589.374964791628
no vax,153,6,12048.047626459636,10484.086608081681,13649.29362647857
no vax,154,6,12096.671805244543,10526.476955373684,13702.72068815506
no vax,155,6,12145.30013092096,10574.293934312955,13752.312003713465
no vax,156,6,12189.414927127535,10612.86043427379,13799.337478509833
no vax,157,6,12236.803319071023,10654.334254607258,13848.781139796283
no vax,158,6,12277.815889192663,10694.279474305997,13901.574215718269
no vax,159,6,12318.392010126503,10725.369761625036,13944.481551063694
no vax,160,6,12355.466102280872,10752.03923520826,13983.613003741453
no vax,161,6,12395.75839255973,10777.445562198795,14022.37269730292
no vax,162,6,12432.15933167992,10801.597748050412,14059.992176782249
no vax,163,6,12463.667865546431,10826.380376997156,14091.404055334406
no vax,164,6,12493.860005184877,10854.249515371976,14128.861613007772
no vax,165,6,12524.102341397756,10881.566815656339,14164.263106622098
no vax,166,6,12556.324508073896,10908.510073229207,14198.795213926722
no vax,167,6,12584.8234618942,10935.23364120295,14232.78858495999
no vax,168,6,12612.422902932274,10961.489465359818,14265.392043902773
no vax,169,6,12641.558038934782,10987.13671194031,14296.42085032964
no vax,170,6,12669.358530884954,11012.329426901977,14326.867865965127
no vax,171,6,12699.188144668342,11037.07647515472,14364.873406144749
no vax,172,6,12730.516489794936,11061.287031076443,14399.881516204696
no vax,173,6,12755.002074166492,11081.225016349747,14434.440459804659
no vax,174,6,12781.990168329736,11092.864847557048,14466.843831536993
no vax,175,6,12803.152760704226,11103.79276261386,14497.612465014106
no vax,176,6,12822.520484566221,11113.98695631044,14530.960274909523
no vax,177,6,12842.464365353098,11123.743148683452,14555.386987925753
no vax,178,6,12862.245421039243,11133.187590981544,14582.933537756324
no vax,179,6,12884.168456964118,11142.33145523336,14608.227535614813
no vax,180,6,12904.41928906403,11151.199190304544,14631.179021847767
no vax,181,6,12925.737011310312,11159.729224889206,14645.773674065209
no vax,182,6,12944.233920923849,11167.871275717707,14662.563189708668
no vax,183,6,12961.848299197154,11175.591625116342,14682.953200432527
no vax,184,6,12979.418598055858,11182.981991863619,14703.195673236329
no vax,185,6,12997.04419627405,11198.086309788188,14722.973468617958
no vax,186,6,13014.816885468048,11213.490373918885,14742.68463714793
no vax,187,6,13034.834476335938,11228.489415340016,14762.368155269647
no vax,188,6,13054.920298680216,11241.044664869734,14781.993423849482
no vax,189,6,13074.752848182467,11251.41015684412,14801.269121213098
no vax,190,6,13088.517590204905,11262.606562447894,14819.986065677267
no vax,191,6,13106.897249522252,11273.144172280086,14837.033424008852
no vax,192,6,13121.366952674907,11283.099518400002,14851.561417491996
no vax,193,6,13134.629280439422,11292.509938311365,14865.879102405488
no vax,194,6,13145.648787303631,11301.442161750805,14880.091670750076
no vax,195,6,13156.656861509777,11309.970093532893,14894.328671709462
no vax,196,6,13170.316462302271,11318.047741933613,14908.468283670989
no vax,197,6,13183.337594210061,11325.703224829216,14924.6500927858
no vax,198,6,13194.868587663557,11333.040424271492,14944.166121335762
no vax,199,6,13205.074359871069,11338.317467156385,14963.913823385352
no vax,200,6,13219.00759999053,11342.52085058605,14986.457059592962
no vax,201,6,13229.839269977525,11346.64233991947,15005.001544300465
no vax,202,6,13240.441868550908,11350.671428388783,15020.825411370357
no vax,203,6,13251.798560831267,11354.708483359243,15036.337737058473
no vax,204,6,13261.065303300882,11358.962752258689,15052.586029226362
no vax,205,6,13270.774439011646,11363.084533718235,15068.848001485414
no vax,206,6,13280.852202881086,11367.117473111137,15084.75148051562
no vax,207,6,13291.821869976948,11371.078530613044,15100.38607583132
no vax,208,6,13303.053130603035,11374.961617048395,15115.706200833532
no vax,209,6,13316.357953915398,11378.780741056646,15130.327325979504
no vax,210,6,13328.395496280873,11385.308802981426,15144.642299300302
no vax,211,6,13339.34459007283,11394.576735278948,15158.659466331677
no vax,212,6,13349.305941349403,11403.528386283648,15172.322513440648
no vax,213,6,13357.731215450174,11412.140254856029,15185.531174636344
no vax,214,6,13365.82206425447,11420.406579477665,15198.265290041756
no vax,215,6,13377.511907095377,11428.366037031416,15210.6440102614
no vax,216,6,13387.680745722113,11432.278148543877,15223.16997844375
no vax,217,6,13394.40197343691,11433.772410424413,15236.295493698624
no vax,218,6,13402.169879627478,11435.185692705347,15256.419717781671
no vax,219,6,13411.855404622376,11436.544486950703,15276.328977183975
no vax,220,6,13421.409535872514,11437.868823858766,15296.19466919644
no vax,221,6,13431.33229822658,11439.172134813398,15314.604498201537
no vax,222,6,13440.258487386349,11440.457430983064,15323.25187951336
no vax,223,6,13447.106893776447,11441.717498759337,15331.273247670253
no vax,224,6,13454.772540041906,11442.938208419599,15339.183813310114
no vax,225,6,13459.94596499229,11444.113206781134,15346.928804037669
no vax,226,6,13465.84489669172,11445.241234091529,15354.474933970354
no vax,227,6,13471.913535413121,11446.320387661708,15361.780352263897
no vax,228,6,13476.790673267984,11447.351173826199,15368.824625576044
no vax,229,6,13481.173768538207,11448.336204950718,15377.405854111139
no vax,230,6,13485.461906341538,11449.28016982458,15387.015697223442
no vax,231,6,13490.811859059671,11450.181265772024,15396.236688022733
no vax,232,6,13497.744425109973,11451.170049105684,15405.085417026889
no vax,233,6,13504.633020351219,11452.40525832987,15413.715153969582
no vax,234,6,13512.973314835324,11453.620117635875,15422.222208168283
no vax,235,6,13520.471993038254,11454.812530627965,15430.103571685573
no vax,236,6,13524.90023775024,11460.554182025415,15439.441093899572
no vax,237,6,13529.13945814488,11466.17838740225,15448.149181605842
no vax,238,6,13533.14659437903,11471.567909841746,15456.632054658747
no vax,239,6,13536.894358892587,11476.686166863848,15464.82145999595
no vax,240,6,13540.782595928911,11481.568715762758,15472.108962417866
no vax,241,6,13546.475277216297,11486.243266511323,15479.071172324242
no vax,242,6,13552.489137776625,11490.718504081917,15485.820447410095
no vax,243,6,13558.317954686814,11495.001788824879,15492.363929276096
no vax,244,6,13563.98691345382,11499.101864194517,15498.720541392957
no vax,245,6,13569.450781991665,11502.9836501539,15511.453124918298
no vax,246,6,13574.693792106556,11506.63234018535,15519.948591508859
no vax,247,6,13579.75363682528,11510.071321706693,15524.359961833747
no vax,248,6,13584.640296189431,11513.310578501007,15530.2424756544
no vax,249,6,13588.310465676195,11516.35632440147,15546.474504996064
no vax,250,6,13591.166628048506,11519.282239331944,15561.561832531355
Infection protection only,1,Total,0.31710655408892774,0.09307412432185319,0.9225322385827286
Infection protection only,2,Total,1.0822413508195088,0.3171503845229651,3.1375737862744786
Infection protection only,3,Total,2.031001666298512,0.5939008473766023,5.85399048637427
Infection protection only,4,Total,3.080613427179138,0.8950887944920519,8.736195759673732
Infection protection only,5,Total,4.151726511316149,1.2077480730549566,11.645950702696254
Infection protection only,6,Total,5.247574781374219,1.5267564618183393,14.517525722874675
Infection protection only,7,Total,6.3017003288395355,1.8430059364670746,17.265261109397894
Infection protection only,8,Total,7.343500730548648,2.154274721908098,19.84145061326407
Infection protection only,9,Total,8.40835385070971,2.4794672091554117,22.30919903721649
Infection protection only,10,Total,9.47721761106138,2.82671349576563,24.80813156221266
Infection protection only,11,Total,10.618238874174917,3.1967229510448516,27.352784586274165
Infection protection only,12,Total,11.783566718963922,3.5940913356305377,29.81248246654064
Infection protection only,13,Total,13.020694823224396,4.021540715939068,32.17060306289734
Infection protection only,14,Total,14.224404490650063,4.468092552605874,34.20961393391508
Infection protection only,15,Total,15.34718921206963,4.9166619303176775,36.080991117112205
Infection protection only,16,Total,16.615816075658692,5.312641381913485,37.985498906236785
Infection protection only,17,Total,17.868582721496942,5.792793064732817,40.021018050040716
Infection protection only,18,Total,19.15542371627842,6.3652828135610395,42.06025411075252
Infection protection only,19,Total,20.628765632941477,7.022637637464141,44.09168113030323
Infection protection only,20,Total,21.911170233273978,7.735228164089969,46.18182861268223
Infection protection only,21,Total,23.192654580775898,8.470649570661474,48.765206494380294
Infection protection only,22,Total,24.44979717113393,9.268467509405701,51.28925984922459
Infection protection only,23,Total,25.838436316091965,10.122882453806836,53.7547321739179
Infection protection only,24,Total,27.36546325330497,11.163326677840995,56.17328005922162
Infection protection only,25,Total,28.783994034383845,11.91599992197148,58.53927499206169
Infection protection only,26,Total,30.438556534773433,12.673333674013348,60.847696474723726
Infection protection only,27,Total,31.818756837913327,13.464387734116448,63.08955547840428
Infection protection only,28,Total,33.41630667606245,14.227644789485359,65.18710108195943
Infection protection only,29,Total,34.974715745405646,15.01400043038825,67.21157344394275
Infection protection only,30,Total,36.43888162625899,15.77790886486604,69.08648854574952
Infection protection only,31,Total,37.79539047299683,16.557663098266726,70.71839234619668
Infection protection only,32,Total,39.272869574296365,17.26885203334391,72.39854039673862
Infection protection only,33,Total,40.635583745001874,17.82918564449908,74.50390881871907
Infection protection only,34,Total,42.068250170950584,18.665256945408526,76.87248421259413
Infection protection only,35,Total,43.622556622431695,19.80559354922008,78.77273464977068
Infection protection only,36,Total,45.24723905702314,21.057446225777962,81.11842254906439
Infection protection only,37,Total,46.7385505711367,21.875489289801767,83.34709225782547
Infection protection only,38,Total,48.02083269324696,22.76605078811956,85.55682930695423
Infection protection only,39,Total,49.21281134700135,23.680532775352923,88.01698923824031
Infection protection only,40,Total,50.81730575104925,24.570473467487165,90.21173112804206
Infection protection only,41,Total,52.27049802472706,25.71390830880421,92.49608194181477
Infection protection only,42,Total,54.02004890662465,26.890357350429966,94.74320248189592
Infection protection only,43,Total,55.4349090506264,27.92492152716074,96.68565691943432
Infection protection only,44,Total,57.09121465010989,28.993478866580343,98.42785213181483
Infection protection only,45,Total,58.68463725748107,30.100868048578445,100.2660801321125
Infection protection only,46,Total,60.122352380263436,31.23600630898402,102.44237717043667
Infection protection only,47,Total,61.923230861855586,32.434358252883385,105.04763097175434
Infection protection only,48,Total,63.457988317441576,33.89398513947556,107.3573015774417
Infection protection only,49,Total,65.31273490285682,35.150608120729785,109.52037728216779
Infection protection only,50,Total,67.21006990408793,36.484669930197974,111.6577028162281
Infection protection only,51,Total,68.78678438314505,37.86013764478909,114.39489025378326
Infection protection only,52,Total,70.60068172765233,39.24429244207277,116.26362173318016
Infection protection only,53,Total,72.30151400087234,40.78294687973226,118.91538768171976
Infection protection only,54,Total,74.05177126956795,41.76990045982857,122.05996566742165
Infection protection only,55,Total,76.11219463669364,43.3744270088008,125.06031363259402
Infection protection only,56,Total,78.06326702887246,45.1807490472812,128.31055983345476
Infection protection only,57,Total,79.81777922762421,47.17053477770976,131.57607549939866
Infection protection only,58,Total,82.08150829179888,49.178334085211574,134.96194799543304
Infection protection only,59,Total,84.82914763955517,51.225407764181014,138.34668190767826
Infection protection only,60,Total,87.52484077829342,53.194982532095324,141.94256177676004
Infection protection only,61,Total,90.44416960956809,55.412055183321,145.5675039570584
Infection protection only,62,Total,93.29593969483756,57.78187252978354,149.26225442546973
Infection protection only,63,Total,96.38894537002822,60.05913672769692,152.79032881289214
Infection protection only,64,Total,99.37361123598723,62.25562795475539,156.888824730155
Infection protection only,65,Total,102.566126692181,64.5733488038521,160.96175827502904
Infection protection only,66,Total,105.46004438769316,67.47325954909768,164.58250645610946
Infection protection only,67,Total,109.27029204732779,70.36025478474471,170.23449339195327
Infection protection only,68,Total,112.8797161098602,73.33252704899022,175.32216254484894
Infection protection only,69,Total,117.14394376364868,76.82263130783127,180.66804770473036
Infection protection only,70,Total,121.79055718095861,79.48528092514678,186.11851742968778
Infection protection only,71,Total,126.14884729226316,82.5486231953045,191.87888504058847
Infection protection only,72,Total,130.79387039203826,86.0671135080917,198.15790424205915
Infection protection only,73,Total,136.3983119065221,89.9598976490192,204.1543770149322
Infection protection only,74,Total,141.95815114815827,95.40969157120222,211.00898964927526
Infection protection only,75,Total,148.01399477565764,101.64723168897703,217.10587748905562
Infection protection only,76,Total,155.04676673313705,106.7129493000601,224.1333903682629
Infection protection only,77,Total,162.06899076443483,112.16577448069734,232.90120037159988
Infection protection only,78,Total,169.65697796192865,117.82784273794583,241.7832178758833
Infection protection only,79,Total,177.43278335634602,124.3238877592859,250.1404077267805
Infection protection only,80,Total,186.20827279885864,131.03762739500561,260.9077950755743
Infection protection only,81,Total,195.58675417248492,139.2587083347307,271.97510849071926
Infection protection only,82,Total,206.40812582910854,147.50016929266116,284.1686005856209
Infection protection only,83,Total,217.05339513905682,155.63815541161702,298.0826686371962
Infection protection only,84,Total,229.41799147914014,165.14863410674556,312.6784916898962
Infection protection only,85,Total,241.7737868241965,176.20282769785103,328.192803855252
Infection protection only,86,Total,254.54515784933227,186.68409814232274,342.5072763376355
Infection protection only,87,Total,269.7066425607986,198.8010957796256,357.07803006988894
Infection protection only,88,Total,285.40049907355376,211.96116367682848,374.60858671324553
Infection protection only,89,Total,302.3463966783369,226.9697906670533,395.0154991419364
Infection protection only,90,Total,319.87880530684265,239.57672326757515,414.73903013875565
Infection protection only,91,Total,337.13246342149273,254.2255067405751,434.68510161185753
Infection protection only,92,Total,355.4810477754726,268.88955631743346,457.0509925209314
Infection protection only,93,Total,374.8779686739715,285.5753261638563,481.79187825117043
Infection protection only,94,Total,395.4043304959923,302.88500821476663,506.0964498935097
Infection protection only,95,Total,417.1384093112034,324.23526832469025,532.6780681816153
Infection protection only,96,Total,442.36929138391116,346.9748255921597,562.6916137426551
Infection protection only,97,Total,472.1349957733921,371.1914438096293,596.0322397203984
Infection protection only,98,Total,504.00909019738936,397.55477078924815,632.8847976640718
Infection protection only,99,Total,536.5722594368467,426.5244394866631,671.2444045831269
Infection protection only,100,Total,574.3414270863989,459.8680003704748,710.9816932747672
Infection protection only,101,Total,615.857531180619,495.5060847919909,758.5303675093944
Infection protection only,102,Total,662.217802065628,537.6466886214281,809.0754289859182
Infection protection only,103,Total,714.5051045715361,585.1520011531792,862.2716348642722
Infection protection only,104,Total,774.5256180598011,638.5709603836555,927.9731609900904
Infection protection only,105,Total,840.5579058275404,698.3778772803231,1003.9486272843762
Infection protection only,106,Total,909.6779172281992,759.9483123281392,1082.4398316526674
Infection protection only,107,Total,986.8255910154892,830.3024971481395,1168.3308701324531
Infection protection only,108,Total,1074.4531161686305,911.4297388522087,1273.1167501985562
Infection protection only,109,Total,1173.2718852874063,1003.8086051565613,1383.9461547042813
Infection protection only,110,Total,1284.2315306916512,1110.576813471466,1516.8080368750702
Infection protection only,111,Total,1406.5024333782776,1230.538778004008,1650.527659511149
Infection protection only,112,Total,1538.6562802485248,1355.6414832903329,1800.4419866517692
Infection protection only,113,Total,1683.4166797003984,1486.5857518586465,1960.7261913145237
Infection protection only,114,Total,1835.1225916367134,1628.7331432476267,2131.9248059544548
Infection protection only,115,Total,2006.0844793215206,1783.6873719192886,2314.2416716000025
Infection protection only,116,Total,2184.1248638494317,1944.5622382992062,2507.596012510321
Infection protection only,117,Total,2371.2051313675447,2114.1079776784636,2706.733272217377
Infection protection only,118,Total,2561.1630643086064,2286.1722491160594,2910.5250060797334
Infection protection only,119,Total,2756.9488846958275,2455.997070198271,3113.9694038257708
Infection protection only,120,Total,2952.6782982528052,2630.1808918283655,3314.522679740463
Infection protection only,121,Total,3146.1102042396865,2813.899105067574,3512.1888094970295
Infection protection only,122,Total,3338.9003550854372,2979.5858086159174,3708.6915597648285
Infection protection only,123,Total,3529.6982957078653,3154.113428410924,3911.797014614087
Infection protection only,124,Total,3711.475259962739,3308.568428229138,4101.096829893966
Infection protection only,125,Total,3887.5806640783776,3479.588115508844,4298.3182018285015
Infection protection only,126,Total,4060.041522213309,3640.2322031352664,4481.62597203947
Infection protection only,127,Total,4220.490775541175,3790.914624379697,4652.930268213762
Infection protection only,128,Total,4373.706276192457,3932.005307206471,4823.831930757882
Infection protection only,129,Total,4521.234207684434,4066.7538674528064,4968.420468204219
Infection protection only,130,Total,4661.373679660394,4194.436611748483,5109.763091884574
Infection protection only,131,Total,4794.6574601735065,4313.862429481907,5262.896208759847
Infection protection only,132,Total,4917.156873341208,4424.030833617912,5403.110788847317
Infection protection only,133,Total,5030.932292321388,4532.348919915421,5519.776077659487
Infection protection only,134,Total,5136.887269039599,4634.052298948676,5626.061789171774
Infection protection only,135,Total,5232.071193059826,4734.840999014787,5724.405512785992
Infection protection only,136,Total,5325.784791148848,4829.337653492086,5822.227120218858
Infection protection only,137,Total,5415.921065752434,4913.63592805483,5916.034564976443
Infection protection only,138,Total,5501.335238302616,4993.85262849526,5994.807118841603
Infection protection only,139,Total,5581.373122448778,5072.622995600463,6071.48267472681
Infection protection only,140,Total,5650.804576543647,5142.615584591308,6136.714538995449
Infection protection only,141,Total,5713.6831726330565,5206.259942105719,6200.889692331167
Infection protection only,142,Total,5769.200333235754,5259.988022977362,6261.165049744779
Infection protection only,143,Total,5823.6058310723165,5314.478524744771,6317.252101530349
Infection protection only,144,Total,5872.586885682697,5364.445199207398,6369.946887879946
Infection protection only,145,Total,5917.49920800418,5406.223616413385,6419.54875509355
Infection protection only,146,Total,5958.604871670785,5447.669719566068,6466.370197855132
Infection protection only,147,Total,5998.2376303113715,5485.274652113782,6510.074725476746
Infection protection only,148,Total,6034.961415298298,5519.569787917837,6550.516391286688
Infection protection only,149,Total,6069.245412142911,5551.505413103222,6588.303342120056
Infection protection only,150,Total,6101.435182407708,5581.639246169315,6624.132957870653
Infection protection only,151,Total,6131.429930517236,5610.3202642968,6658.46830263197
Infection protection only,152,Total,6160.501540501582,5637.7841987491865,6691.601916883705
Infection protection only,153,Total,6189.04356083648,5665.42081742223,6723.6787562753
Infection protection only,154,Total,6215.214072387813,5691.179981135291,6754.22009306012
Infection protection only,155,Total,6237.551510457038,5712.394239540577,6782.602009725626
Infection protection only,156,Total,6259.986712982739,5733.3850413051805,6808.546369530179
Infection protection only,157,Total,6282.880676069342,5753.942683034547,6831.563722933772
Infection protection only,158,Total,6305.939661381557,5774.021216642931,6853.38474828317
Infection protection only,159,Total,6326.132265393367,5795.831943466762,6873.586712771014
Infection protection only,160,Total,6346.835364537885,5817.468622206403,6893.004359776559
Infection protection only,161,Total,6366.907993432853,5838.481254483957,6911.23222329595
Infection protection only,162,Total,6383.770718175127,5858.77558286005,6928.266689827184
Infection protection only,163,Total,6402.5635144120115,5878.527691908853,6944.467183048322
Infection protection only,164,Total,6417.966126652866,5895.413037567953,6959.838100151674
Infection protection only,165,Total,6433.600755112302,5913.455066245453,6974.5530404043475
Infection protection only,166,Total,6448.3586129571595,5929.904274268142,6988.760298292687
Infection protection only,167,Total,6464.04527464461,5947.332116675845,7002.5118201251635
Infection protection only,168,Total,6480.082558025253,5965.763852458486,7017.4508796964565
Infection protection only,169,Total,6495.7281352964,5983.47815084066,7034.904757458591
Infection protection only,170,Total,6509.672589766769,6000.524027487773,7048.806584441743
Infection protection only,171,Total,6520.894149230626,6016.951853044082,7061.223031820789
Infection protection only,172,Total,6534.712017153444,6032.761601937372,7073.936171691389
Infection protection only,173,Total,6548.700523984664,6047.984910805017,7085.041734065844
Infection protection only,174,Total,6561.297836551996,6061.473241872807,7098.993474507578
Infection protection only,175,Total,6575.7784222595765,6073.6359278306045,7112.167902772249
Infection protection only,176,Total,6587.396600237504,6085.190170639412,7124.561741552016
Infection protection only,177,Total,6599.572034822531,6096.221385013837,7135.988842727773
Infection protection only,178,Total,6612.8098697419355,6108.193230594575,7146.393796994603
Infection protection only,179,Total,6625.45033063506,6120.455820585504,7156.546909825613
Infection protection only,180,Total,6636.1808891962955,6132.465390446011,7166.5666689149675
Infection protection only,181,Total,6646.619022578116,6144.0071804862955,7176.3991781950035
Infection protection only,182,Total,6656.92009914652,6153.813352613297,7185.537273142763
Infection protection only,183,Total,6666.923122576299,6163.126263174366,7194.726238627054
Infection protection only,184,Total,6676.940621334099,6172.133870304983,7203.732752712951
Infection protection only,185,Total,6686.024822299287,6180.940968243209,7212.016562229587
Infection protection only,186,Total,6694.015933483131,6189.5790949888315,7220.8923343093675
Infection protection only,187,Total,6702.448241742872,6198.172499433192,7229.835398601938
Infection protection only,188,Total,6710.832677113954,6207.698837133651,7238.5954525221205
Infection protection only,189,Total,6719.549666445565,6216.956744078865,7246.687472736483
Infection protection only,190,Total,6729.386722271523,6225.696801873712,7254.367524026496
Infection protection only,191,Total,6736.8854923236795,6232.930642176164,7261.759598850728
Infection protection only,192,Total,6746.014755253622,6239.928587071574,7268.9493212933985
Infection protection only,193,Total,6756.066440577413,6246.724354765891,7275.96345226467
Infection protection only,194,Total,6762.464871180262,6253.388172400232,7282.865057918534
Infection protection only,195,Total,6768.609827267608,6260.008590052896,7289.725142792377
Infection protection only,196,Total,6775.765758288645,6266.6488575468675,7296.427973201671
Infection protection only,197,Total,6782.093583302381,6274.93756218215,7302.855290542709
Infection protection only,198,Total,6789.7984167365175,6283.597945004466,7310.499454499813
Infection protection only,199,Total,6797.239353252035,6292.222431858791,7319.392477022917
Infection protection only,200,Total,6803.5659588962635,6300.927339651473,7328.216294157127
Infection protection only,201,Total,6810.502321720638,6309.751648229676,7336.294160571005
Infection protection only,202,Total,6816.757761169841,6316.199367044545,7341.755639744911
Infection protection only,203,Total,6823.090011169505,6322.262131369179,7347.03774358292
Infection protection only,204,Total,6831.196079627403,6328.105769528754,7352.075958838623
Infection protection only,205,Total,6838.360891504228,6333.837770536383,7356.966908794382
Infection protection only,206,Total,6845.473820954681,6339.533828605801,7361.803914175659
Infection protection only,207,Total,6853.169860372313,6345.225827158802,7367.885726441785
Infection protection only,208,Total,6859.756120997374,6350.889936002045,7374.364153653729
Infection protection only,209,Total,6866.814840585215,6356.533592166114,7380.736301792037
Infection protection only,210,Total,6873.448638197226,6362.086276236651,7387.01436418217
Infection protection only,211,Total,6878.376112530816,6366.826936469375,7393.238301065632
Infection protection only,212,Total,6884.049821564601,6371.093003742593,7399.465131332245
Infection protection only,213,Total,6889.799330386522,6375.332872837897,7405.700425829541
Infection protection only,214,Total,6895.348725348219,6380.862686501218,7411.940540018651
Infection protection only,215,Total,6900.71672658368,6387.38038498379,7418.225061141533
Infection protection only,216,Total,6907.009506475786,6392.157216510913,7423.374633925201
Infection protection only,217,Total,6913.42688190539,6396.636055515022,7426.671122193568
Infection protection only,218,Total,6918.910204479538,6400.9021600903525,7429.811687466355
Infection protection only,219,Total,6924.470762029492,6405.068288725979,7432.88219603592
Infection protection only,220,Total,6930.331446242153,6409.254632479559,7435.949127862939
Infection protection only,221,Total,6934.634604147382,6413.555416510934,7439.053991325523
Infection protection only,222,Total,6939.262354350449,6417.918606035622,7442.207032860098
Infection protection only,223,Total,6945.177399796641,6422.3092850985595,7445.3827334917905
Infection protection only,224,Total,6950.282065493977,6426.6257742946955,7448.508456037783
Infection protection only,225,Total,6954.653047359665,6430.818040936464,7454.098264286398
Infection protection only,226,Total,6958.961550527128,6434.912615419183,7460.1922633038985
Infection protection only,227,Total,6963.969011478353,6438.923714601292,7466.002785656615
Infection protection only,228,Total,6969.4686273423695,6442.8568403523395,7471.532849876388
Infection protection only,229,Total,6973.554099997649,6446.717938730949,7476.784722510121
Infection protection only,230,Total,6977.482215620406,6450.51181183302,7481.757347613792
Infection protection only,231,Total,6981.63983463115,6454.182956423821,7486.389152672896
Infection protection only,232,Total,6985.887313460809,6457.714177858829,7490.660932881444
Infection protection only,233,Total,6989.146654290342,6461.183216847127,7494.641042482741
Infection protection only,234,Total,6992.144660297349,6464.644462095108,7498.379042414659
Infection protection only,235,Total,6995.058136764012,6468.095785966138,7501.882052212603
Infection protection only,236,Total,6999.723631627659,6471.530370984029,7505.152150580279
Infection protection only,237,Total,7003.273460569162,6474.946375236281,7508.193750381838
Infection protection only,238,Total,7006.414059384282,6478.349143382326,7510.98067777895
Infection protection only,239,Total,7009.187023289058,6481.691700128263,7513.805726849365
Infection protection only,240,Total,7012.036794510167,6484.972234786681,7519.769398608031
Infection protection only,241,Total,7015.439152064497,6488.235114167829,7525.745031044889
Infection protection only,242,Total,7019.095170569555,6491.499781450508,7531.782354548333
Infection protection only,243,Total,7022.796953621155,6494.782725760124,7537.926629335254
Infection protection only,244,Total,7027.438825327914,6498.101798486083,7544.2136063476255
Infection protection only,245,Total,7030.810416525779,6501.395375981902,7550.523254680919
Infection protection only,246,Total,7034.24100440871,6504.638944811164,7556.804629065326
Infection protection only,247,Total,7036.277366701235,6507.886429059054,7560.576183167634
Infection protection only,248,Total,7037.806033591252,6511.168546468382,7563.803591272753
Infection protection only,249,Total,7039.277920036484,6514.509641256187,7567.061213631449
Infection protection only,250,Total,7041.635212624284,6517.92759613211,7570.218182481148
baseline,1,Total,0.3171065540889277,0.09307412432185318,0.9225322385827287
baseline,2,Total,1.0822413508195088,0.3171503845229651,3.1375737862744786
baseline,3,Total,2.031001666298512,0.5939008473766023,5.853990486374271
baseline,4,Total,3.080613427179138,0.8950887944920519,8.736195759673734
baseline,5,Total,4.151726511316149,1.2077480730549566,11.645950702696256
baseline,6,Total,5.247574781374219,1.5267564618183393,14.517525722874675
baseline,7,Total,6.301700328839536,1.8430059364670743,17.26526110939789
baseline,8,Total,7.343500730548648,2.154274721908098,19.841450613264065
baseline,9,Total,8.40835385070971,2.4794672091554117,22.309199037216487
baseline,10,Total,9.47721761106138,2.8267134957656306,24.80813156221266
baseline,11,Total,10.618238874174917,3.1967229510448516,27.352784586274158
baseline,12,Total,11.783566718963922,3.5940913356305377,29.812482466540633
baseline,13,Total,13.020694823224396,4.021540715939068,32.17060306289734
baseline,14,Total,14.224404490650064,4.468092552605874,34.20961393391508
baseline,15,Total,15.34718921206963,4.916661930317678,36.080991117112205
baseline,16,Total,16.615816075658692,5.312641381913486,37.985498906236785
baseline,17,Total,17.868582721496942,5.792793064732817,40.02101805004072
baseline,18,Total,19.15542371627842,6.365282813561039,42.06025411075252
baseline,19,Total,20.62876563294148,7.022637637464141,44.09168113030323
baseline,20,Total,21.9111662729603,7.735225200537822,46.18182305091426
baseline,21,Total,23.192604463474076,8.4706135682608,48.76510964837756
baseline,22,Total,24.449596431587008,9.268308648902314,51.28887465653327
baseline,23,Total,25.837742555099197,10.122371662990226,53.75372444651746
baseline,24,Total,27.364144395485745,11.162615025688734,56.171218151909386
baseline,25,Total,28.78086741746816,11.914779735404908,58.535661029401666
baseline,26,Total,30.43516312685854,12.671249848410383,60.841988338612566
baseline,27,Total,31.812275973980352,13.461336238421024,63.081191672450664
baseline,28,Total,33.40716889252967,14.223639813767917,65.17275262617943
baseline,29,Total,34.96360321845735,15.008102586444837,67.19638352619835
baseline,30,Total,36.424265877127056,15.770108248895788,69.06756479528744
baseline,31,Total,37.77743959263007,16.54753308470821,70.69633360381876
baseline,32,Total,39.24794934937735,17.260915085826532,72.36429808624783
baseline,33,Total,40.61264238110663,17.814054443895714,74.4585093834126
baseline,34,Total,42.030967204904805,18.64491938400656,76.81687651095314
baseline,35,Total,43.57404744815685,19.770612676017375,78.72922256119459
baseline,36,Total,45.198512543745295,21.028967631780212,81.03002290115467
baseline,37,Total,46.680333198546435,21.84330041629027,83.27728200774922
baseline,38,Total,47.96473102746549,22.723089005724958,85.43425420957377
baseline,39,Total,49.14683505075036,23.634969444848025,87.8903464785949
baseline,40,Total,50.72374441733321,24.50360937259619,90.0576046369872
baseline,41,Total,52.13915889228757,25.634885173777054,92.32106595243332
baseline,42,Total,53.885733442209215,26.799866645167466,94.54555609259542
baseline,43,Total,55.30331530446067,27.833403112669526,96.55393423462404
baseline,44,Total,56.93440035817119,28.885547414368265,98.19467310715375
baseline,45,Total,58.5297732517252,29.97160808887221,100.0072691083281
baseline,46,Total,59.927542391418754,31.094290843755523,102.16092555281728
baseline,47,Total,61.65215488749278,32.26914158174249,104.64222778547912
baseline,48,Total,63.18893162012321,33.67087808583135,106.96621054506926
baseline,49,Total,65.01266029785151,34.996971177462946,109.09385445590212
baseline,50,Total,66.83004612463748,36.2280772039802,111.1681931413208
baseline,51,Total,68.46172710871365,37.551693840661315,113.87290642543681
baseline,52,Total,70.15002540443004,38.92400962629321,115.70000998320633
baseline,53,Total,71.81115774710374,40.41278281081139,117.98890909151645
baseline,54,Total,73.4967643594193,41.41458106953342,121.19108141466259
baseline,55,Total,75.46124855802952,42.91315138269116,124.10831905696337
baseline,56,Total,77.33397365871443,44.65873606752164,127.24203713916512
baseline,57,Total,79.06337685936501,46.51953401935467,130.41559894406018
baseline,58,Total,81.18264175012675,48.541473414523665,133.69432238606393
baseline,59,Total,83.81228677216838,50.5670456632177,136.98094369618573
baseline,60,Total,86.42455256744535,52.45014953990569,140.2856153493371
baseline,61,Total,89.30327233005539,54.534441457402885,143.86162540844396
baseline,62,Total,91.9158985385987,56.8040695938821,147.15760182977473
baseline,63,Total,94.99107182942979,59.172546556078416,150.70068179180083
baseline,64,Total,97.86575438944676,61.211453069342944,154.59380026924202
baseline,65,Total,100.85375486145094,63.47902574248505,158.67817502155702
baseline,66,Total,103.73011217297605,66.28744305342315,161.8319919134726
baseline,67,Total,107.34738169304535,69.14143948281551,166.7858111874415
baseline,68,Total,110.70019282618617,71.94163557204638,172.12013035743527
baseline,69,Total,114.77281434981651,75.19313542402257,177.21853032729663
baseline,70,Total,119.00170795180773,78.0908604748679,182.37780883750364
baseline,71,Total,123.42105561002322,80.82406712589395,187.56419124051797
baseline,72,Total,127.92521704204187,83.7107504007955,192.93848612324652
baseline,73,Total,132.49618823246755,87.22900655839409,199.5298204575973
baseline,74,Total,138.2935948514124,91.84361014708405,205.19583660330414
baseline,75,Total,143.79570530528602,97.78849696679332,211.825972721169
baseline,76,Total,150.02492254038194,102.88621548899759,217.9247969026795
baseline,77,Total,156.8811276587585,108.56231610261172,225.58622620995433
baseline,78,Total,163.95226613231114,113.09651872106603,234.01533434532246
baseline,79,Total,170.91929871838738,119.60999572975216,241.76822396252967
baseline,80,Total,179.16804174617698,126.44736823081485,251.22941284126912
baseline,81,Total,188.10962346889198,133.1116507174823,262.05974592994136
baseline,82,Total,197.66559838570453,142.1074010514439,273.4539761566604
baseline,83,Total,207.498513538333,149.5321121278341,285.79698458752017
baseline,84,Total,218.77948082121856,157.62255463563977,299.4885822785815
baseline,85,Total,230.08309825185583,166.95226222887203,314.17283464116684
baseline,86,Total,241.7611208500116,177.49102784827144,326.0479296702456
baseline,87,Total,255.69091198733253,187.75626825264735,340.2891830324497
baseline,88,Total,269.34182212480187,199.63811771497876,355.50771975444064
baseline,89,Total,284.08345377574324,212.73181997625227,372.4874220078716
baseline,90,Total,300.0274396190035,224.9444130137834,390.48203911661744
baseline,91,Total,315.88481128895137,236.96688591751092,408.7973698699583
baseline,92,Total,331.97641880008234,250.38101070343762,428.9224142937338
baseline,93,Total,349.68216985374755,266.36113763881673,449.55731136418586
baseline,94,Total,367.6329538684401,282.4613346817834,471.26511172333613
baseline,95,Total,387.52671893318916,301.52897777044046,495.18641998704584
baseline,96,Total,410.2434436069684,320.9986110577657,522.8769333485938
baseline,97,Total,435.4621573530944,343.41379430070094,553.0150472382669
baseline,98,Total,464.7895865749837,366.2364574541752,585.1045402179593
baseline,99,Total,493.6688309535573,390.7224200244686,616.9444711102109
baseline,100,Total,526.3337831153376,421.51279117606947,651.7826971113312
baseline,101,Total,562.7987943575813,453.48147727358577,691.5130720783098
baseline,102,Total,604.3947300987452,490.40529109027557,734.1514486632127
baseline,103,Total,651.1923910875756,530.6863520098547,785.482479948572
baseline,104,Total,703.7582432730658,579.110575830483,842.4241390534197
baseline,105,Total,762.1534254891383,632.9120740064966,907.3785253122534
baseline,106,Total,823.2760767914962,687.8222856525791,978.6596303917343
baseline,107,Total,891.5727059830448,749.4332287823702,1053.5738533177048
baseline,108,Total,966.6824548199158,819.0963813939907,1145.3633858483586
baseline,109,Total,1053.971749697481,901.1393192581434,1242.0602509091752
baseline,110,Total,1148.9000778891236,991.403024718157,1357.3498724740014
baseline,111,Total,1258.1938022142554,1097.3190816228039,1474.1973987536505
baseline,112,Total,1371.4746419078983,1206.3691269729638,1602.1238951036512
baseline,113,Total,1498.6438804835097,1320.8392571406928,1737.1550312370366
baseline,114,Total,1631.993490642451,1444.3858012827702,1892.9933112358249
baseline,115,Total,1779.2162351224224,1578.635381390528,2048.675425119491
baseline,116,Total,1931.299263566077,1722.6156568157237,2213.4691561758787
baseline,117,Total,2091.9881773707875,1868.5799081947316,2386.2696691459164
baseline,118,Total,2258.3446597093753,2015.1268735185524,2558.0902427278265
baseline,119,Total,2422.158245333195,2161.244353040139,2733.6144166530667
baseline,120,Total,2586.2137616574505,2307.739136105135,2905.052861639974
baseline,121,Total,2754.810329582637,2462.3573767714497,3073.7486312852197
baseline,122,Total,2917.9093891557422,2609.9149487442496,3245.466247174008
baseline,123,Total,3083.0104191306423,2756.448732800839,3415.3429791248955
baseline,124,Total,3240.0741695808388,2888.80307576367,3578.399703790145
baseline,125,Total,3389.539275828039,3034.03494665173,3743.0445396231976
baseline,126,Total,3533.289816047233,3172.3457868698565,3902.148487667088
baseline,127,Total,3672.3163980884883,3299.5521157636217,4047.9178775489045
baseline,128,Total,3805.15582795042,3421.628816923553,4183.328867240125
baseline,129,Total,3931.116344942541,3540.5053062555016,4314.495027949375
baseline,130,Total,4049.292284943931,3651.0706087198096,4436.934190344925
baseline,131,Total,4162.516220707621,3754.0533800532876,4561.683600315978
baseline,132,Total,4270.9118621530715,3855.408709549441,4680.951498692516
baseline,133,Total,4368.195441144331,3947.8716687852693,4789.691307136488
baseline,134,Total,4460.764512850976,4035.7637554898733,4885.940526190823
baseline,135,Total,4542.789837739838,4118.614973970745,4970.922002970797
baseline,136,Total,4621.533082463045,4193.886311847627,5050.212561010665
baseline,137,Total,4698.825243151315,4265.982961620651,5124.32923272778
baseline,138,Total,4768.372781475409,4336.987710376455,5193.139653476171
baseline,139,Total,4834.474891910246,4406.899426852228,5258.839267472673
baseline,140,Total,4893.140043662404,4469.921605107818,5321.191282782234
baseline,141,Total,4949.255309069951,4521.279986786147,5372.482661739291
baseline,142,Total,4998.932183108827,4567.086903978001,5424.963098604742
baseline,143,Total,5044.3608895027555,4608.422725823885,5473.298269741377
baseline,144,Total,5085.892827219877,4643.424896507962,5518.170707379446
baseline,145,Total,5127.37678905714,4675.999372725295,5559.90551466594
baseline,146,Total,5165.384083870224,4714.848819921478,5598.8164121473565
baseline,147,Total,5200.528019074554,4745.091899187862,5634.67155342758
baseline,148,Total,5231.503506767976,4772.719279005147,5667.4102942648915
baseline,149,Total,5259.771203893457,4798.245913365158,5697.574399166766
baseline,150,Total,5286.218069222179,4822.163408216588,5725.711038444761
baseline,151,Total,5311.089469558059,4844.8068223513455,5752.258154414287
baseline,152,Total,5335.47312997959,4869.032100135802,5777.350818918325
baseline,153,Total,5358.235138778876,4892.962143144154,5801.200888328605
baseline,154,Total,5379.669352324505,4918.650347138425,5823.547919148719
baseline,155,Total,5398.7624849645,4943.057034618249,5847.692125287877
baseline,156,Total,5418.310958302467,4962.301048915458,5869.847649372788
baseline,157,Total,5437.133979841621,4979.680830879811,5889.423389548583
baseline,158,Total,5456.538876776464,4996.775695291675,5908.59299551919
baseline,159,Total,5474.850810604314,5013.7469062168175,5927.579631971959
baseline,160,Total,5491.315313781039,5032.603800562816,5944.026665055354
baseline,161,Total,5508.375034038781,5050.618008522093,5959.563978229507
baseline,162,Total,5523.677180187333,5065.7136227235105,5974.030684093064
baseline,163,Total,5538.526054278904,5081.74833117569,5987.539461574951
baseline,164,Total,5552.299872937249,5097.663809961642,6000.491559192906
baseline,165,Total,5566.712816096665,5113.415359862578,6017.808848442696
baseline,166,Total,5581.622427101553,5128.467552364258,6032.566213336773
baseline,167,Total,5594.545693926793,5143.959278876345,6048.143041094449
baseline,168,Total,5607.84519791254,5158.209509017895,6059.286081572196
baseline,169,Total,5620.748244327964,5170.150340236289,6069.557624543563
baseline,170,Total,5633.021364078841,5181.612497361659,6079.432654385482
baseline,171,Total,5643.343852698959,5192.673457028948,6088.983058883949
baseline,172,Total,5655.076490998023,5203.358942746529,6098.229337815274
baseline,173,Total,5667.12142834829,5213.764151558424,6107.200860421329
baseline,174,Total,5678.894669551517,5223.816506035621,6115.879226408821
baseline,175,Total,5688.8485120284095,5233.370143915918,6124.137412028165
baseline,176,Total,5697.811071775116,5242.6347528454235,6131.934239978943
baseline,177,Total,5708.034013680662,5252.322568620049,6139.4281873215305
baseline,178,Total,5717.239031043062,5261.87450501898,6148.259717408741
baseline,179,Total,5726.154433507555,5271.380868003994,6157.279971863269
baseline,180,Total,5736.245511339252,5280.993227669274,6166.31638243431
baseline,181,Total,5745.848539287741,5290.70671288659,6175.39369617404
baseline,182,Total,5754.364265795219,5300.270276076475,6184.309425333002
baseline,183,Total,5763.0542993029985,5309.609254719375,6192.977389000522
baseline,184,Total,5770.722413395263,5318.965984476576,6201.6110123207645
baseline,185,Total,5777.719638883098,5328.431096872768,6210.31014833904
baseline,186,Total,5784.710232247149,5337.981292022177,6218.235476048704
baseline,187,Total,5792.139142384925,5347.582166553325,6227.837639117596
baseline,188,Total,5798.91322309267,5357.160362626476,6236.295352272599
baseline,189,Total,5805.908310871118,5366.451377581928,6242.160649768739
baseline,190,Total,5814.039033161258,5375.286563514653,6248.047916442496
baseline,191,Total,5820.980174744134,5383.757804833214,6255.191746916933
baseline,192,Total,5827.465677347716,5391.919332286772,6262.832777257058
baseline,193,Total,5834.881944438668,5399.771899666042,6271.611361030143
baseline,194,Total,5841.494242108221,5407.393982470674,6280.2852515466275
baseline,195,Total,5848.428943904857,5414.762921247053,6288.883674976364
baseline,196,Total,5854.896724054512,5421.74740990497,6297.2304215907525
baseline,197,Total,5860.42763784138,5428.260754546873,6305.192610346828
baseline,198,Total,5865.750625298995,5433.860544351507,6311.270071261415
baseline,199,Total,5871.761995343693,5437.832582959784,6316.3968598608235
baseline,200,Total,5877.171615956424,5441.814558930319,6321.5432657711535
baseline,201,Total,5883.456244285264,5445.830566920418,6326.734201569148
baseline,202,Total,5888.9172849379975,5449.87345369528,6332.710248902764
baseline,203,Total,5894.446035625591,5453.822746777641,6339.884081256078
baseline,204,Total,5900.449655448161,5457.621285575219,6346.834211722925
baseline,205,Total,5905.61405022251,5461.337405486678,6352.690838290987
baseline,206,Total,5911.380723118021,5465.712967429982,6356.64205933584
baseline,207,Total,5917.198069872988,5472.238842136192,6360.594231534883
baseline,208,Total,5922.86018435854,5478.834218362995,6364.546568483451
baseline,209,Total,5927.883137400619,5485.521628994217,6368.514485417587
baseline,210,Total,5933.075523126163,5491.88770359517,6372.355082955068
baseline,211,Total,5937.6530448997855,5496.0337492411745,6376.034021996574
baseline,212,Total,5943.0522940939245,5500.1378960062775,6381.151360536302
baseline,213,Total,5948.225174164363,5504.2055875195065,6386.601949966903
baseline,214,Total,5953.219068546049,5508.24674807842,6390.703192422203
baseline,215,Total,5958.471370531829,5512.3102141347845,6393.62863003676
baseline,216,Total,5963.663170845259,5516.3879758213425,6396.850140037223
baseline,217,Total,5968.639650443894,5520.389478515978,6401.526171345346
baseline,218,Total,5973.242436769553,5524.2725670052705,6405.8592587868225
baseline,219,Total,5977.095291573049,5528.153887995047,6409.916551187076
baseline,220,Total,5981.201771585527,5532.125716076119,6413.788209431563
baseline,221,Total,5985.720333475834,5536.249500924549,6417.5772008380145
baseline,222,Total,5989.860421151176,5540.542969376873,6421.2959032170775
baseline,223,Total,5994.0780374403175,5544.969302991073,6424.916761027178
baseline,224,Total,5997.626786669185,5549.415952421466,6428.365243884498
baseline,225,Total,6001.135779763548,5553.825400698581,6431.609608899153
baseline,226,Total,6005.69743460877,5558.221464877055,6435.72645653376
baseline,227,Total,6009.065154365915,5562.480545235916,6440.584672102874
baseline,228,Total,6012.504507661859,5565.711435872654,6445.224755320249
baseline,229,Total,6016.437888179733,5568.891468410578,6449.64750057704
baseline,230,Total,6019.396223911845,5572.023320072595,6453.849707126093
baseline,231,Total,6021.726448482515,5575.055843048359,6457.772813770606
baseline,232,Total,6023.901472892323,5577.971382636067,6461.396494072793
baseline,233,Total,6027.023982078375,5580.8345880939605,6464.779402053691
baseline,234,Total,6030.62601765531,5583.691216184566,6467.964244047234
baseline,235,Total,6033.667792252861,5586.540088588764,6470.956437110209
baseline,236,Total,6036.265862666649,5589.375822589978,6473.7568505521585
baseline,237,Total,6038.512315853143,5592.233828596271,6476.368148463509
baseline,238,Total,6042.07364607184,5595.088316005174,6478.765230009952
baseline,239,Total,6044.88149565432,5597.843669416873,6480.939642806234
baseline,240,Total,6047.157404526803,5600.544621349283,6485.071625995949
baseline,241,Total,6049.119690077278,5603.230946389264,6490.022284453357
baseline,242,Total,6051.042210259271,5605.920352788339,6495.006686366838
baseline,243,Total,6053.279010006181,5608.627422583976,6500.026412642246
baseline,244,Total,6055.480563405802,5611.366907426496,6505.1682147563315
baseline,245,Total,6057.610261874583,5614.084006983558,6510.325637849481
baseline,246,Total,6059.655147940497,5616.851836344435,6515.452917084744
baseline,247,Total,6061.648414011837,5619.64744383222,6520.187136826421
baseline,248,Total,6063.6176645662945,5622.493648292897,6521.881032990476
baseline,249,Total,6065.705360232996,5625.406415128019,6523.504461931897
baseline,250,Total,6067.763138909146,5628.4370652727775,6525.026715106747
no vax,1,Total,0.3171065540889277,0.09307412432185319,0.9225322385827287
no vax,2,Total,1.0822413508195088,0.3171503845229651,3.1375737862744795
no vax,3,Total,2.031001666298512,0.5939008473766023,5.853990486374272
no vax,4,Total,3.080613427179138,0.8950887944920518,8.736195759673734
no vax,5,Total,4.151726511316149,1.2077480730549566,11.645950702696256
no vax,6,Total,5.247574781374219,1.5267564618183393,14.517525722874675
no vax,7,Total,6.3017003288395355,1.8430059364670746,17.26526110939789
no vax,8,Total,7.343500730548647,2.154274721908098,19.841450613264065
no vax,9,Total,8.40835385070971,2.4794672091554117,22.309199037216487
no vax,10,Total,9.47721761106138,2.82671349576563,24.80813156221266
no vax,11,Total,10.618238874174917,3.1967229510448516,27.352784586274158
no vax,12,Total,11.783566718963922,3.5940913356305377,29.812482466540633
no vax,13,Total,13.020694823224396,4.021540715939068,32.17060306289734
no vax,14,Total,14.224404490650063,4.468092552605874,34.20961393391508
no vax,15,Total,15.347189212069631,4.916661930317678,36.080991117112205
no vax,16,Total,16.615816075658692,5.312641381913486,37.985498906236785
no vax,17,Total,17.868582721496942,5.792793064732816,40.02101805004072
no vax,18,Total,19.15542371627842,6.3652828135610395,42.06025411075252
no vax,19,Total,20.628765632941477,7.02263763746414,44.09168113030323
no vax,20,Total,21.911172023811318,7.735229104004766,46.18183074038352
no vax,21,Total,23.19267756933542,8.470662216040935,48.765238967940526
no vax,22,Total,24.449882346401836,9.268524390382444,51.28940075221602
no vax,23,Total,25.838791561384276,10.123137966459538,53.75516542571041
no vax,24,Total,27.366223520764436,11.163758172544105,56.174299172304174
no vax,25,Total,28.785946396396085,11.916848747851981,58.54128404057341
no vax,26,Total,30.440843638695803,12.674941550577328,60.851215470802124
no vax,27,Total,31.823606676316928,13.466996932987898,63.09519364682042
no vax,28,Total,33.42359739775354,14.23087958986203,65.19924384758707
no vax,29,Total,34.98426524878552,15.019538920210143,67.22292478118489
no vax,30,Total,36.45165446815557,15.785521223624396,69.10100178850985
no vax,31,Total,37.81157714725653,16.56798268705402,70.7377671071002
no vax,32,Total,39.296834061580014,17.276528024274125,72.43245258559637
no vax,33,Total,40.65787282535739,17.844861166918793,74.55031768816305
no vax,34,Total,42.10678407505237,18.68794697838476,76.93247192612466
no vax,35,Total,43.67616573972678,19.8515445711196,78.81976526325927
no vax,36,Total,45.30085948287453,21.095773171855832,81.21746993604052
no vax,37,Total,46.809830038125845,21.917246771234208,83.42490206544399
no vax,38,Total,48.10571490902837,22.824469703026068,85.72341928535928
no vax,39,Total,49.33794884690117,23.742948822292423,88.17797979824763
no vax,40,Total,50.95065955044121,24.668142449905904,90.40629894140591
no vax,41,Total,52.457026149131046,25.834846501443646,92.72446281657534
no vax,42,Total,54.20067182812912,27.035213860177194,95.00870782989105
no vax,43,Total,55.62186192893794,28.073476933995945,96.84901665473544
no vax,44,Total,57.39582991711704,29.167260841030053,98.76171565568437
no vax,45,Total,58.94112323253931,30.331459370640857,100.70486134873585
no vax,46,Total,60.48962839331707,31.469734055013976,103.14895532891279
no vax,47,Total,62.24074018575577,32.71398111500222,105.63096851582785
no vax,48,Total,63.830057977294885,34.291154586768165,107.93482861052753
no vax,49,Total,65.93020229285533,35.44637447077912,110.1557176394512
no vax,50,Total,67.86954252615521,36.92877928698704,112.48265026729405
no vax,51,Total,69.40082385345211,38.38369009122112,115.18118799475026
no vax,52,Total,71.18622975269398,39.83274638508367,117.16147102437905
no vax,53,Total,73.10228283924341,41.17572394191348,120.21830539559076
no vax,54,Total,74.94900894401391,42.50654085608155,123.42717633007506
no vax,55,Total,77.15493661408473,44.25167965204996,126.73756154779137
no vax,56,Total,79.09339105227019,46.24021550335545,130.22383816788582
no vax,57,Total,81.28096726014888,48.43572601427872,133.74418411114996
no vax,58,Total,84.12106956747519,50.53038156696452,137.4277016387427
no vax,59,Total,86.78692727546266,52.63216767391499,141.10065256418326
no vax,60,Total,89.88242756296542,54.84537341572541,144.8989560114261
no vax,61,Total,92.78207490337027,57.323480517709584,148.94334618209558
no vax,62,Total,96.20060533749496,59.706661681348294,153.2049746858999
no vax,63,Total,99.39619998851032,62.29422746549443,157.4886430871947
no vax,64,Total,102.84299305849513,64.75494613050549,162.1581914365572
no vax,65,Total,106.56100350902673,67.6428743274364,167.00975100151985
no vax,66,Total,110.32809533426293,70.75856238004233,172.28323988007662
no vax,67,Total,114.23509237462252,73.61459431661798,177.64415638753138
no vax,68,Total,119.0331976369974,77.43214220982394,183.56832486582252
no vax,69,Total,124.31295298951909,80.90488155299143,189.99887967687368
no vax,70,Total,129.28814308960023,84.35086919868652,197.45983468706228
no vax,71,Total,135.0852264052542,89.09378259160124,204.94693024798497
no vax,72,Total,140.8280827272079,94.42499469856595,211.8632379672978
no vax,73,Total,147.636217855084,99.95013631717858,218.53896313520062
no vax,74,Total,154.76473166057184,105.99744442387225,226.61750038218747
no vax,75,Total,162.8116340067092,112.8103082541562,235.38499098397364
no vax,76,Total,171.67486255286116,119.22049875800332,245.7464132205086
no vax,77,Total,181.16114447586372,126.76834868752718,257.73758420892983
no vax,78,Total,191.27745694982013,134.29835299670646,269.6141715208475
no vax,79,Total,201.69822736883384,141.95816640485228,282.2826253252463
no vax,80,Total,213.62271220537525,150.83653831860474,296.77699137545096
no vax,81,Total,226.93858592004068,161.40554063381757,313.8849940772566
no vax,82,Total,241.65985799862727,172.87354271168493,330.0531801443752
no vax,83,Total,257.8503941574925,186.34558751104657,348.094108516416
no vax,84,Total,275.4268733830247,200.1168805919359,368.5521690762694
no vax,85,Total,294.2498535615056,214.00293494334306,390.07238769401533
no vax,86,Total,314.6290500531708,232.8169403734263,414.59099615250494
no vax,87,Total,338.447454063898,252.60847934528684,443.0964608533177
no vax,88,Total,362.02023704938625,270.472204163704,475.51308409171367
no vax,89,Total,388.1095631261777,288.92968285063193,508.8737357800984
no vax,90,Total,415.8337490818106,312.3210456007114,544.7662572651786
no vax,91,Total,444.88585625946297,339.2120995105088,582.1449827263862
no vax,92,Total,476.19136158585064,366.7048455842747,621.011403604708
no vax,93,Total,509.4812128398951,393.7092698044176,659.3697320785736
no vax,94,Total,546.1101515286455,422.25433322180106,701.8522268740484
no vax,95,Total,589.4397128182509,461.39673677731577,754.1049868461513
no vax,96,Total,638.8720619866829,500.4725843951494,810.5994471129767
no vax,97,Total,696.2009450038287,549.390343536431,877.4336002307906
no vax,98,Total,758.9803327014728,599.6237131184713,941.3602495780059
no vax,99,Total,826.1612199072946,655.2539219238188,1020.5985316264438
no vax,100,Total,901.510687450977,717.7993275421347,1109.7929647902401
no vax,101,Total,989.0804495990535,790.9655424268522,1204.0025459869107
no vax,102,Total,1091.361629354145,882.0263408513097,1323.3705462543523
no vax,103,Total,1208.969135524227,986.9310336753389,1450.3967726197782
no vax,104,Total,1344.739133031854,1108.1493051783127,1611.482970191141
no vax,105,Total,1496.6579999765072,1246.6542528675643,1779.9442654522757
no vax,106,Total,1665.2008400320224,1401.6822123985562,1984.3442384030786
no vax,107,Total,1855.5938642420372,1574.2279068795604,2210.4782931648742
no vax,108,Total,2076.6998958217464,1780.420320288539,2466.3268803833244
no vax,109,Total,2329.379398762553,2012.460082628793,2767.5215644569657
no vax,110,Total,2620.714501774306,2277.066990054717,3115.845975723381
no vax,111,Total,2958.02826136747,2583.696751289808,3505.0685634017336
no vax,112,Total,3325.0589535406107,2908.3672259535824,3927.876185109543
no vax,113,Total,3721.7625110721974,3273.555107301264,4396.095629969803
no vax,114,Total,4166.751520351097,3676.544350111437,4908.763016932844
no vax,115,Total,4659.3880492727085,4116.050869412747,5407.522251393289
no vax,116,Total,5173.066988567183,4583.725505997499,5954.107656751554
no vax,117,Total,5725.454881464453,5076.800469351681,6542.402143087001
no vax,118,Total,6313.394133177665,5596.34899828351,7156.2321608336
no vax,119,Total,6902.424472778592,6131.035220909842,7799.184105840332
no vax,120,Total,7498.144055869068,6669.756952775119,8427.87860614691
no vax,121,Total,8083.390553170919,7186.143027088654,9040.065128301998
no vax,122,Total,8665.662691253536,7711.985141252994,9668.244400619227
no vax,123,Total,9244.010528202123,8235.166193135416,10260.26839637862
no vax,124,Total,9811.616542717456,8749.827439054021,10885.534850089929
no vax,125,Total,10372.495739051503,9253.768569328791,11489.391276903949
no vax,126,Total,10894.953459090415,9740.765519409159,12056.300453937332
no vax,127,Total,11390.840066293229,10179.184641474967,12608.688025186919
no vax,128,Total,11859.046347912756,10604.110808223346,13120.964185991474
no vax,129,Total,12306.598014414834,10994.89336150025,13614.116949741576
no vax,130,Total,12715.501286106599,11367.837992137189,14080.101195841993
no vax,131,Total,13119.9432646643,11753.52829422948,14485.206179670478
no vax,132,Total,13505.358675779,12058.511341979192,14869.816230795872
no vax,133,Total,13865.733312309556,12351.521671305029,15221.381748676771
no vax,134,Total,14188.147777023149,12674.558472650093,15567.20832327581
no vax,135,Total,14490.985314034035,12920.210983161245,15889.363676413324
no vax,136,Total,14758.308208951476,13157.070661921502,16211.784265676877
no vax,137,Total,15028.520409565655,13398.425291326572,16515.102895547097
no vax,138,Total,15287.053625035169,13627.827077328735,16784.561147061097
no vax,139,Total,15513.578072381813,13846.178177864538,17063.48725548217
no vax,140,Total,15730.616941170254,14049.946723496649,17318.56258615935
no vax,141,Total,15927.558030091794,14218.483401710359,17547.620980483858
no vax,142,Total,16096.87452733944,14362.928301946979,17769.56133231392
no vax,143,Total,16265.17362417304,14473.986090839677,17955.387358796623
no vax,144,Total,16416.61565082809,14577.798027868215,18117.023519350096
no vax,145,Total,16557.316872589952,14678.0278286246,18283.235604556758
no vax,146,Total,16685.70157814006,14776.948769799761,18460.48525250761
no vax,147,Total,16795.52326911407,14885.824733816375,18588.064776819338
no vax,148,Total,16900.47980681448,15000.15019887656,18716.498363286773
no vax,149,Total,16996.07054683125,15101.408501262948,18861.635871405335
no vax,150,Total,17090.95395099667,15189.712714963589,18981.694635524895
no vax,151,Total,17185.806261437676,15257.36493454137,19065.951907301056
no vax,152,Total,17270.813911381825,15329.121725587282,19152.17289499197
no vax,153,Total,17351.103058724784,15383.514672099693,19238.423663935755
no vax,154,Total,17428.83467877985,15434.142280969745,19347.538924278386
no vax,155,Total,17501.295700209066,15482.7813392958,19445.284132047196
no vax,156,Total,17577.404707421025,15545.207459716845,19516.486645784586
no vax,157,Total,17640.856197600686,15610.395466124768,19583.694627790963
no vax,158,Total,17706.49510524144,15659.85838500501,19648.139255176797
no vax,159,Total,17775.3889206354,15704.649912980585,19710.430331087606
no vax,160,Total,17842.562426212506,15747.337077121047,19770.810364940706
no vax,161,Total,17897.9196613472,15787.459924636338,19831.279712091327
no vax,162,Total,17949.23277324203,15825.424281147425,19909.606273917798
no vax,163,Total,17998.99374496737,15861.82577990314,19977.94323547624
no vax,164,Total,18042.889864687997,15897.021784378368,20033.857076384433
no vax,165,Total,18086.44668384348,15931.11162599081,20088.120322849816
no vax,166,Total,18138.239192044006,15964.227643811022,20139.63803321117
no vax,167,Total,18189.1940209472,15996.39386694597,20188.707290371138
no vax,168,Total,18240.712962701138,16027.798548871848,20235.489150021
no vax,169,Total,18281.55427589886,16057.4822938982,20279.47213836428
no vax,170,Total,18322.391172780837,16085.433584156579,20320.996404894573
no vax,171,Total,18360.880874265706,16111.82664271848,20360.33988012505
no vax,172,Total,18399.520493765944,16136.754860374247,20397.640585436984
no vax,173,Total,18439.203196441274,16161.152455835723,20439.195205024414
no vax,174,Total,18488.00741775852,16181.493218744776,20491.436649691277
no vax,175,Total,18528.139960991168,16197.955413536003,20542.060627917617
no vax,176,Total,18558.982541159687,16213.89507307276,20587.410840834887
no vax,177,Total,18586.031493870913,16241.593793983417,20620.554917938527
no vax,178,Total,18612.15649996048,16261.051637172724,20641.382823424505
no vax,179,Total,18646.016419740743,16280.634321344623,20674.034058508852
no vax,180,Total,18671.096602950936,16308.689246242551,20703.966685783857
no vax,181,Total,18703.221718348068,16336.182385117685,20729.37913984359
no vax,182,Total,18728.957498759446,16356.572444112526,20753.538360747356
no vax,183,Total,18750.25454669878,16369.490518982411,20782.228433793793
no vax,184,Total,18777.914711648646,16381.892727524695,20822.82835206012
no vax,185,Total,18800.473981769603,16393.932181739045,20851.05710825316
no vax,186,Total,18827.263605919645,16405.653297416913,20875.21683561584
no vax,187,Total,18846.844738109794,16417.090004926715,20899.12813694825
no vax,188,Total,18864.50321493691,16428.233604327535,20921.423074664617
no vax,189,Total,18886.528426125726,16438.86742525717,20954.62915020603
no vax,190,Total,18913.721847715962,16448.877040591207,20987.946139453405
no vax,191,Total,18937.38479392296,16458.494534340647,21014.410594030065
no vax,192,Total,18958.33300640776,16468.049284714776,21034.776207544757
no vax,193,Total,18982.486232205403,16477.300057707947,21067.4656689749
no vax,194,Total,19005.18100071654,16486.32322733673,21099.60487043541
no vax,195,Total,19023.681705896288,16495.192864461114,21131.289302548317
no vax,196,Total,19037.71610545234,16505.53668888235,21161.864145128162
no vax,197,Total,19051.588983823203,16517.168881285703,21190.461641546375
no vax,198,Total,19066.359022073117,16528.15648740205,21214.30539363959
no vax,199,Total,19081.868077218613,16538.675856603983,21237.1222571483
no vax,200,Total,19096.45817215017,16548.868971866996,21259.417941285614
no vax,201,Total,19114.4532878194,16558.803071265498,21281.374984806756
no vax,202,Total,19126.004410137608,16568.464444427405,21302.88314329756
no vax,203,Total,19136.037542040132,16577.67312236704,21323.478988056402
no vax,204,Total,19152.430975228977,16586.342708110067,21342.928802014092
no vax,205,Total,19164.993742530758,16594.637787453765,21367.97051128547
no vax,206,Total,19177.284403271533,16602.7060592472,21396.56729051459
no vax,207,Total,19189.40063967314,16610.61799813028,21425.460560361673
no vax,208,Total,19204.174303108422,16618.395442372253,21458.5462893823
no vax,209,Total,19221.341789442024,16626.059681075563,21485.349822058135
no vax,210,Total,19239.044527180708,16633.50105915835,21516.4041009874
no vax,211,Total,19264.221253796364,16640.651164791576,21546.221994790438
no vax,212,Total,19288.99743268497,16647.600053382797,21571.31972641413
no vax,213,Total,19302.614825158227,16654.402478577096,21589.49132297147
no vax,214,Total,19314.062141340124,16661.0870227967,21607.638877128786
no vax,215,Total,19328.541341583543,16667.697528539145,21641.336978504307
no vax,216,Total,19339.280029055884,16674.221813809025,21675.796022198552
no vax,217,Total,19350.670982468117,16680.52177458068,21709.238432802944
no vax,218,Total,19362.703378055026,16686.69742298824,21740.87368945596
no vax,219,Total,19374.412962194147,16692.763562969558,21771.836005768015
no vax,220,Total,19385.98609472153,16698.759409581762,21789.992025152373
no vax,221,Total,19395.936537559886,16704.737509347335,21807.01020060982
no vax,222,Total,19404.935074085784,16710.71422440259,21824.741870888807
no vax,223,Total,19413.917343766825,16716.658813929273,21843.122982432174
no vax,224,Total,19424.86873374358,16722.43673749087,21861.76531961342
no vax,225,Total,19436.44041307412,16727.977884500797,21880.51237397544
no vax,226,Total,19447.393123604976,16733.34191239116,21899.552123161564
no vax,227,Total,19457.784161031803,16738.57576992414,21918.9323126308
no vax,228,Total,19467.648325989463,16743.704072268923,21938.621469512178
no vax,229,Total,19477.0177742006,16748.745833093923,21958.372579929382
no vax,230,Total,19485.91383980962,16753.705960645228,21974.865393198066
no vax,231,Total,19492.187587935914,16758.49886600974,21990.897467170253
no vax,232,Total,19498.133628453965,16763.083063440354,22006.328396668363
no vax,233,Total,19505.336663040936,16767.52006731413,22020.925096416726
no vax,234,Total,19512.378814797867,16771.85662309271,22035.414309500065
no vax,235,Total,19519.261362100515,16776.098287295797,22049.84468516009
no vax,236,Total,19525.977891632243,16780.245055710016,22064.247180125654
no vax,237,Total,19533.1164561394,16784.294272488798,22075.196114138354
no vax,238,Total,19540.40585515517,16788.18943266909,22085.665065742935
no vax,239,Total,19546.563034453626,16791.902579259004,22095.66188823619
no vax,240,Total,19552.269031182102,16795.49639494015,22105.441288678263
no vax,241,Total,19559.43376883132,16799.026374191602,22127.225640770215
no vax,242,Total,19567.199364465567,16802.52497683583,22148.13085766136
no vax,243,Total,19574.880506063324,16806.020361289306,22157.576305151208
no vax,244,Total,19582.492943386424,16809.532846786264,22166.280256188737
no vax,245,Total,19589.959512114852,16813.001730994052,22175.487775764203
no vax,246,Total,19596.958340485544,16816.40274520498,22184.84756690659
no vax,247,Total,19602.390373056383,16819.805165650185,22194.025674385273
no vax,248,Total,19607.345457219057,16823.257572496434,22203.08793046521
no vax,249,Total,19611.469168525997,16826.7934169027,22211.903222362263
no vax,250,Total,19615.433107312703,16830.46329953063,22220.76405471295
