scenario,day,median_value,p_lo,p_hi,date
70% coverage (all ages),1,0.17165393748457872,0.02087041531007663,1.0364537932405673,2025-09-01
70% coverage (all ages),2,0.41703985500563073,0.051413319108094505,2.5010962544719875,2025-09-02
70% coverage (all ages),3,0.5342921460233376,0.06890764706130828,3.157776124181161,2025-09-03
70% coverage (all ages),4,0.6039519822121229,0.08218117203693016,3.509888552864952,2025-09-04
70% coverage (all ages),5,0.6514976584326584,0.0934394844657708,3.706990942094839,2025-09-05
70% coverage (all ages),6,0.6868708711142876,0.10366506770637461,3.7667001174883983,2025-09-06
70% coverage (all ages),7,0.696942545971185,0.1078034312309873,3.6492828684801553,2025-09-07
70% coverage (all ages),8,0.6699606173168352,0.10953362128512664,3.4234322944302975,2025-09-08
70% coverage (all ages),9,0.6727850128335995,0.1186613885913849,3.322147982204647,2025-09-09
70% coverage (all ages),10,0.7018051931204591,0.1315923470949823,3.281664247768177,2025-09-10
70% coverage (all ages),11,0.7519282514832341,0.14744945580737265,3.300023721935689,2025-09-11
70% coverage (all ages),12,0.8008462836785808,0.16594701223813768,3.404640015681988,2025-09-12
70% coverage (all ages),13,0.8449063799102247,0.1823611016250272,3.487030483217666,2025-09-13
70% coverage (all ages),14,0.8490080039270099,0.18768985193431653,3.3419265127243296,2025-09-14
70% coverage (all ages),15,0.8226823453530484,0.18845071886617398,3.1745781179432755,2025-09-15
70% coverage (all ages),16,0.837691349856901,0.20143347111944443,3.052506271009381,2025-09-16
70% coverage (all ages),17,0.8899703346701402,0.21527836085546592,2.9934094165167213,2025-09-17
70% coverage (all ages),18,0.9424583785988356,0.23163969975153664,3.0258069326197123,2025-09-18
70% coverage (all ages),19,1.0158183553997613,0.25315139150309873,3.052467769387146,2025-09-19
70% coverage (all ages),20,1.0783518259482765,0.2747911820267455,3.1016112429335703,2025-09-20
70% coverage (all ages),21,1.086021076341304,0.28034213882991854,3.092041867055929,2025-09-21
70% coverage (all ages),22,1.0651892331466988,0.27403698857096137,3.0653769599383733,2025-09-22
70% coverage (all ages),23,1.0837113980415694,0.27647622894562446,3.070037701430664,2025-09-23
70% coverage (all ages),24,1.121852440605614,0.2970410583150233,3.11307469805151,2025-09-24
70% coverage (all ages),25,1.1547986033483608,0.3180993862915607,3.175322456415734,2025-09-25
70% coverage (all ages),26,1.2200199672880094,0.3436223453701747,3.2437973704009866,2025-09-26
70% coverage (all ages),27,1.2640824616925497,0.35966231920533875,3.222831805751891,2025-09-27
70% coverage (all ages),28,1.2457697533347059,0.36049793714174444,3.0769471444924097,2025-09-28
70% coverage (all ages),29,1.1830922909747672,0.35616895259910497,2.907898529689272,2025-09-29
70% coverage (all ages),30,1.1591634336673677,0.36478080054668555,2.8332868487121097,2025-09-30
70% coverage (all ages),31,1.1842170196528936,0.3788856359752644,2.8592728035330612,2025-10-01
70% coverage (all ages),32,1.2527946075448975,0.40912241479707767,2.961758416436152,2025-10-02
70% coverage (all ages),33,1.3398271518278142,0.44824442054399305,3.114988978338305,2025-10-03
70% coverage (all ages),34,1.408383718201545,0.47445331033061333,3.209836426572673,2025-10-04
70% coverage (all ages),35,1.4020098475376552,0.4800295037098729,3.1773607621739046,2025-10-05
70% coverage (all ages),36,1.3604393560209629,0.4778320325601263,3.054006876830634,2025-10-06
70% coverage (all ages),37,1.3523552495887414,0.49320003548411256,3.004474228141362,2025-10-07
70% coverage (all ages),38,1.3809217620457808,0.5213330675284703,3.059410035356775,2025-10-08
70% coverage (all ages),39,1.4377706742433911,0.5421002122311905,3.1169137100347255,2025-10-09
70% coverage (all ages),40,1.5431988485053798,0.5749451990969167,3.2479513395832726,2025-10-10
70% coverage (all ages),41,1.6407395944798784,0.6194957647534568,3.365710085281527,2025-10-11
70% coverage (all ages),42,1.6472249619838184,0.6300581335997609,3.3434114898657485,2025-10-12
70% coverage (all ages),43,1.597515964667744,0.6340310614638496,3.2380725807279314,2025-10-13
70% coverage (all ages),44,1.5639305979701317,0.6556111428208812,3.204878618015078,2025-10-14
70% coverage (all ages),45,1.5963706318153876,0.6918833454470749,3.2885296928369194,2025-10-15
70% coverage (all ages),46,1.6887554157248355,0.7300165320872442,3.481663096533808,2025-10-16
70% coverage (all ages),47,1.8134000259318515,0.7829176768596191,3.683159041179166,2025-10-17
70% coverage (all ages),48,1.9085369365029266,0.8315324467711235,3.9808376059688566,2025-10-18
70% coverage (all ages),49,1.9297405655378936,0.8251105265295058,4.019424202058997,2025-10-19
70% coverage (all ages),50,1.865040618896624,0.806021541998679,3.9073773382614396,2025-10-20
70% coverage (all ages),51,1.8902722663510987,0.8162819703775671,4.025404924251204,2025-10-21
70% coverage (all ages),52,1.9666541888025098,0.8496615550453984,4.227079397296931,2025-10-22
70% coverage (all ages),53,2.058452952977248,0.9042851210153766,4.5176105147360905,2025-10-23
70% coverage (all ages),54,2.1696824588530723,0.9637438344102852,4.894991985613857,2025-10-24
70% coverage (all ages),55,2.3023771339217434,1.0380954915087766,5.328581707556335,2025-10-25
70% coverage (all ages),56,2.328113087925958,1.0670917909852153,5.451711805875896,2025-10-26
70% coverage (all ages),57,2.2985744952926517,1.0689743344189695,5.236489965133961,2025-10-27
70% coverage (all ages),58,2.351114897725598,1.0960706036991381,5.053414697839385,2025-10-28
70% coverage (all ages),59,2.4694698668758703,1.1661996341302188,5.283327658060518,2025-10-29
70% coverage (all ages),60,2.604106770643263,1.2678459120716166,5.710532964611722,2025-10-30
70% coverage (all ages),61,2.753392178978917,1.3649493739804388,6.1811790547024055,2025-10-31
70% coverage (all ages),62,2.8878360013116646,1.4522063906527802,6.8560152092057045,2025-11-01
70% coverage (all ages),63,2.897319843967164,1.4660573872473073,7.069475514631681,2025-11-02
70% coverage (all ages),64,2.8482306325663256,1.439923120108665,7.0091060501197795,2025-11-03
70% coverage (all ages),65,2.903766738788332,1.4925455205851803,7.176841835715662,2025-11-04
70% coverage (all ages),66,3.1164950877985516,1.5824372989864115,7.526931655437853,2025-11-05
70% coverage (all ages),67,3.3710609883539564,1.6918572684146214,8.37590574797824,2025-11-06
70% coverage (all ages),68,3.65338160901182,1.8427435419811642,9.318281284039827,2025-11-07
70% coverage (all ages),69,3.943716229873001,1.9684019652296882,9.987372174091321,2025-11-08
70% coverage (all ages),70,4.025093177000464,2.006402245848435,10.43377084988262,2025-11-09
70% coverage (all ages),71,4.02922461175838,1.9796836304305412,10.562331163368395,2025-11-10
70% coverage (all ages),72,4.09835916317955,2.008304075301774,10.839350105457978,2025-11-11
70% coverage (all ages),73,4.317999528717541,2.109525902112094,11.516314006837584,2025-11-12
70% coverage (all ages),74,4.722823133799606,2.2726598391272965,12.75310136311989,2025-11-13
70% coverage (all ages),75,5.170015507998095,2.522668378439712,14.425666216454838,2025-11-14
70% coverage (all ages),76,5.624841962072627,2.700929973965864,16.229993701800424,2025-11-15
70% coverage (all ages),77,5.799155362061771,2.7522840104675224,17.14096949320815,2025-11-16
70% coverage (all ages),78,5.78155031017571,2.7649449028057687,17.517045294363587,2025-11-17
70% coverage (all ages),79,6.0724811923247834,2.96454091245678,18.749976857785573,2025-11-18
70% coverage (all ages),80,6.6228231837449645,3.295258190171832,20.029206995673185,2025-11-19
70% coverage (all ages),81,7.302057191598392,3.760804888175495,21.34486296334836,2025-11-20
70% coverage (all ages),82,8.064536038980275,4.292540555733485,22.75717304783915,2025-11-21
70% coverage (all ages),83,8.786812284726878,4.807663631467495,24.246126372144488,2025-11-22
70% coverage (all ages),84,9.008909295752582,5.001990047915565,24.956834424623224,2025-11-23
70% coverage (all ages),85,8.981757579677396,5.080136781679986,25.127429627978067,2025-11-24
70% coverage (all ages),86,9.625503071434657,5.415065486368598,26.34509813071554,2025-11-25
70% coverage (all ages),87,10.49537793108848,5.934685928927622,28.092306034889624,2025-11-26
70% coverage (all ages),88,11.355749589662178,6.382741373504707,29.429080781555427,2025-11-27
70% coverage (all ages),89,11.804049547573008,6.562311841958828,30.147431247440938,2025-11-28
70% coverage (all ages),90,12.27736423502163,6.88873974382016,30.075240286261245,2025-11-29
70% coverage (all ages),91,12.387339774069485,6.914309481117093,29.850100195852757,2025-11-30
70% coverage (all ages),92,12.438442357967421,6.852626878340167,29.26795607815983,2025-12-01
70% coverage (all ages),93,13.214582579362997,7.2245327625320845,30.12513711629644,2025-12-02
70% coverage (all ages),94,14.509500250152962,8.040055058762,32.07162663967928,2025-12-03
70% coverage (all ages),95,16.358980472201544,9.12219887574647,35.72976662084358,2025-12-04
70% coverage (all ages),96,18.613551281591743,10.30920210403637,38.88321492188293,2025-12-05
70% coverage (all ages),97,21.118280409202317,11.999629174877596,42.11812224772565,2025-12-06
70% coverage (all ages),98,22.409266972129526,12.843539372374266,43.65500184418445,2025-12-07
70% coverage (all ages),99,23.23315085449318,13.5222958397717,44.60235794090791,2025-12-08
70% coverage (all ages),100,25.65164446524102,14.880252958269589,47.983185906314326,2025-12-09
70% coverage (all ages),101,29.04292744191516,17.01913410895829,53.427679251579704,2025-12-10
70% coverage (all ages),102,32.98054536210944,19.919702166763443,58.5264346823613,2025-12-11
70% coverage (all ages),103,37.40237543713255,23.16256789230954,64.96348357490828,2025-12-12
70% coverage (all ages),104,42.120109124938324,26.231189329101763,71.23838681469212,2025-12-13
70% coverage (all ages),105,44.253664005008915,27.921681730981216,73.18438096918572,2025-12-14
70% coverage (all ages),106,45.12869698032717,28.38315403730112,72.86857546258365,2025-12-15
70% coverage (all ages),107,48.549607549792015,30.402546350116015,75.00058226506928,2025-12-16
70% coverage (all ages),108,53.52900092258253,33.69574049782978,79.87893686043937,2025-12-17
70% coverage (all ages),109,59.345212534902075,37.76958100778077,86.18366583146951,2025-12-18
70% coverage (all ages),110,65.35541448763095,42.2326187207468,93.72028728696385,2025-12-19
70% coverage (all ages),111,70.99919928007346,45.38430065179717,99.93653749352836,2025-12-20
70% coverage (all ages),112,72.61268792204473,46.594430524542936,101.80533096558017,2025-12-21
70% coverage (all ages),113,72.02669302519664,46.472598901387,99.41419296505892,2025-12-22
70% coverage (all ages),114,72.43235092759052,46.89886564673915,99.70403263109337,2025-12-23
70% coverage (all ages),115,73.55822149735192,48.78059237018061,101.42465350235119,2025-12-24
70% coverage (all ages),116,74.32680150739445,49.73161747270596,102.13677129912625,2025-12-25
70% coverage (all ages),117,73.06114439995794,49.66245877833209,101.80890746524065,2025-12-26
70% coverage (all ages),118,72.31911349208295,49.625062442220866,101.91464244994235,2025-12-27
70% coverage (all ages),119,70.23270143005354,48.0994492716972,98.80493049933257,2025-12-28
70% coverage (all ages),120,66.73323581714983,46.15150233177362,94.85355868754725,2025-12-29
70% coverage (all ages),121,64.29858150483682,44.6120429509892,92.28281630785938,2025-12-30
70% coverage (all ages),122,63.07087197364237,44.21923249104051,90.50089228319766,2025-12-31
70% coverage (all ages),123,61.82147526725857,43.01759153614724,88.38236658181654,2026-01-01
70% coverage (all ages),124,59.51787479349039,40.86563959722476,84.74740044694455,2026-01-02
70% coverage (all ages),125,56.87803737801035,38.7167819843398,81.51384258532255,2026-01-03
70% coverage (all ages),126,53.366515322172155,36.10621933826472,75.85814276046506,2026-01-04
70% coverage (all ages),127,49.941154209270664,33.3858847070419,70.36707121139086,2026-01-05
70% coverage (all ages),128,47.820452983400784,31.774314280572675,67.49922125355829,2026-01-06
70% coverage (all ages),129,47.30495891227203,31.226055675599067,66.69767317062959,2026-01-07
70% coverage (all ages),130,47.04811435828264,30.507932917360666,66.94634072343464,2026-01-08
70% coverage (all ages),131,46.50003158481864,30.110396919153388,68.38696819216584,2026-01-09
70% coverage (all ages),132,45.996839548519674,29.88466470006562,69.40857775234419,2026-01-10
70% coverage (all ages),133,43.33576384952714,28.335568374152807,67.13449062418795,2026-01-11
70% coverage (all ages),134,39.8928876704305,26.1233217782207,62.612399645659494,2026-01-12
70% coverage (all ages),135,37.568039216824744,24.76123766680343,59.55243432338247,2026-01-13
70% coverage (all ages),136,36.256999071037676,24.112626213837565,57.67628662185106,2026-01-14
70% coverage (all ages),137,35.24248309282237,23.82423188297908,56.16250276303684,2026-01-15
70% coverage (all ages),138,34.271813258192765,22.896699305800677,55.666328339138445,2026-01-16
70% coverage (all ages),139,33.09994000328144,21.936633867995347,55.12371862819342,2026-01-17
70% coverage (all ages),140,30.952415101937355,20.710345408982384,52.275230238272826,2026-01-18
70% coverage (all ages),141,28.010100740847307,18.637896554739946,48.40971082624367,2026-01-19
70% coverage (all ages),142,25.571491669253952,16.938993402666767,45.17474390789073,2026-01-20
70% coverage (all ages),143,23.95696065913067,15.73656609237287,43.09854179766704,2026-01-21
70% coverage (all ages),144,22.86394123437099,15.071700620388107,41.150226800628644,2026-01-22
70% coverage (all ages),145,21.875108582551,14.407789524330758,40.357087217183164,2026-01-23
70% coverage (all ages),146,20.989903121389624,13.805736462764365,39.611535985735394,2026-01-24
70% coverage (all ages),147,19.481276807228262,12.615809973851574,37.381148250485865,2026-01-25
70% coverage (all ages),148,17.799893086600513,11.357205800220648,34.4694995088765,2026-01-26
70% coverage (all ages),149,16.54859912495894,10.39541957859351,32.55816696363311,2026-01-27
70% coverage (all ages),150,15.806885316581798,9.882229571099218,31.483161015302237,2026-01-28
70% coverage (all ages),151,15.24927052182166,9.421483271065464,30.674987606569356,2026-01-29
70% coverage (all ages),152,14.853324591345789,8.993391098049855,30.27439103464406,2026-01-30
70% coverage (all ages),153,14.397125854452684,8.675302703733353,29.587986881794894,2026-01-31
70% coverage (all ages),154,13.481783466316944,8.104099130667771,27.793582013333236,2026-02-01
70% coverage (all ages),155,12.276683384635916,7.35936029903917,25.391486850156333,2026-02-02
70% coverage (all ages),156,11.51787471876194,6.7312534355045806,23.987448967213194,2026-02-03
70% coverage (all ages),157,11.050259942036005,6.385949011936135,23.417850909789916,2026-02-04
70% coverage (all ages),158,10.778097302121115,6.0543164856963685,22.720196556342767,2026-02-05
70% coverage (all ages),159,10.505189834207087,5.822804041141263,22.316867250629976,2026-02-06
70% coverage (all ages),160,10.127880218086208,5.599284410949021,22.147061262981687,2026-02-07
70% coverage (all ages),161,9.48849863600154,5.188442773894595,21.268494280722958,2026-02-08
70% coverage (all ages),162,8.735909517697465,4.7153057273098655,19.755624707644113,2026-02-09
70% coverage (all ages),163,8.248467630432124,4.423033072247955,18.833906565584464,2026-02-10
70% coverage (all ages),164,7.95404714089697,4.260225552444584,18.433854667311635,2026-02-11
70% coverage (all ages),165,7.7948288659625575,4.171742364866143,18.117408298851682,2026-02-12
70% coverage (all ages),166,7.649087545273345,4.143847489754617,17.942293390747512,2026-02-13
70% coverage (all ages),167,7.424116714226563,4.076151733979881,17.718900816095683,2026-02-14
70% coverage (all ages),168,7.039515632222072,3.897212856326915,16.863423875627877,2026-02-15
70% coverage (all ages),169,6.470852210930113,3.6018372480736285,15.60648684868835,2026-02-16
70% coverage (all ages),170,5.986787771386407,3.4008656465773472,14.515877114135963,2026-02-17
70% coverage (all ages),171,5.620363344907451,3.1985621431705233,13.650123891489311,2026-02-18
70% coverage (all ages),172,5.270436076152601,3.004218037609846,12.916647893950575,2026-02-19
70% coverage (all ages),173,4.9493917652861334,2.8335247738205056,12.281282666372496,2026-02-20
70% coverage (all ages),174,4.671127799145065,2.6719684771866814,11.669057750798773,2026-02-21
70% coverage (all ages),175,4.3688497590086115,2.4144945182750637,10.843518928568436,2026-02-22
70% coverage (all ages),176,4.034854293337128,2.1939125691927646,9.95750136249578,2026-02-23
70% coverage (all ages),177,3.8322657413362333,2.091884962228512,9.56520045313765,2026-02-24
70% coverage (all ages),178,3.754391700437272,2.048746099466935,9.46306714734978,2026-02-25
70% coverage (all ages),179,3.747841208704614,2.021413283556343,9.313331714747015,2026-02-26
70% coverage (all ages),180,3.733908384972482,2.006755596255753,9.291825626435685,2026-02-27
70% coverage (all ages),181,3.7118219759225632,1.977396042584722,9.466375219233376,2026-02-28
70% coverage (all ages),182,3.5421791843774253,1.8864907777081548,9.099317871401299,2026-03-01
70% coverage (all ages),183,3.3135112964994073,1.7649642998645039,8.641468496073436,2026-03-02
70% coverage (all ages),184,3.204680508395848,1.701592377571569,8.606738369976854,2026-03-03
70% coverage (all ages),185,3.1664959360984044,1.6820764733311664,8.798725076566502,2026-03-04
70% coverage (all ages),186,3.162448647647835,1.6781372102741674,9.019528277390704,2026-03-05
70% coverage (all ages),187,3.166846354629981,1.6644827089835919,9.320839442591822,2026-03-06
70% coverage (all ages),188,3.1625206104335817,1.6136225745564352,9.453471841095876,2026-03-07
70% coverage (all ages),189,3.020495045228838,1.5296653212101388,9.131309313102618,2026-03-08
70% coverage (all ages),190,2.8047256351380208,1.4344429715169296,8.520916568850845,2026-03-09
70% coverage (all ages),191,2.6896687490982316,1.3674929014086432,8.22015472723469,2026-03-10
70% coverage (all ages),192,2.6312863995389293,1.3545930156064285,8.184330911380965,2026-03-11
70% coverage (all ages),193,2.6083718290287368,1.3496811321552684,8.398805743112105,2026-03-12
70% coverage (all ages),194,2.6162081510907256,1.3398053923540716,8.729691808650264,2026-03-13
70% coverage (all ages),195,2.620540971056103,1.3411123361629733,9.06213749494886,2026-03-14
70% coverage (all ages),196,2.5146659794460877,1.3208728275163713,9.066815641015003,2026-03-15
70% coverage (all ages),197,2.339433034797108,1.2584854573280349,8.824943010375149,2026-03-16
70% coverage (all ages),198,2.2560189911670068,1.195753897436698,8.849336750758976,2026-03-17
70% coverage (all ages),199,2.2546923073178133,1.1856899163529107,9.106093670827981,2026-03-18
70% coverage (all ages),200,2.313326664475994,1.1859585020560452,9.450137014141411,2026-03-19
70% coverage (all ages),201,2.3574848137078828,1.1778541780501184,9.957308724648943,2026-03-20
70% coverage (all ages),202,2.378496488416942,1.1940186885514552,10.285074418048467,2026-03-21
70% coverage (all ages),203,2.284519571395971,1.1464949462620437,10.055763687029522,2026-03-22
70% coverage (all ages),204,2.13897897135927,1.0720295511514497,9.578208140716733,2026-03-23
70% coverage (all ages),205,2.065484913723421,1.0357749930551863,9.515498719179007,2026-03-24
70% coverage (all ages),206,2.074905573212428,1.0213726587784862,9.671405546257827,2026-03-25
70% coverage (all ages),207,2.1081391918919072,1.020164498826249,9.945767729324956,2026-03-26
70% coverage (all ages),208,2.1266620615245277,1.0253778771163793,10.159207234185146,2026-03-27
70% coverage (all ages),209,2.120278946722619,1.0248927067935172,10.536647709753844,2026-03-28
70% coverage (all ages),210,2.0550715865547704,0.9897576893963991,10.426340485612318,2026-03-29
70% coverage (all ages),211,1.9195475906617012,0.9419216066444358,10.078494815957386,2026-03-30
70% coverage (all ages),212,1.8610398283923186,0.9134756017276487,10.19984161058334,2026-03-31
70% coverage (all ages),213,1.8284613817110453,0.8863148838093732,10.455213103956444,2026-04-01
70% coverage (all ages),214,1.808397959749962,0.8712883446961907,10.740751117322615,2026-04-02
70% coverage (all ages),215,1.8189571109339941,0.8655548224475104,11.082626078478304,2026-04-03
70% coverage (all ages),216,1.8104682739904228,0.8519293228467756,11.342213503390523,2026-04-04
70% coverage (all ages),217,1.7340050300412901,0.80415795507108,11.080275588656084,2026-04-05
70% coverage (all ages),218,1.6132771089142353,0.742612136138856,10.546795738555314,2026-04-06
70% coverage (all ages),219,1.5409257272096317,0.7167444729309332,10.375207683012308,2026-04-07
70% coverage (all ages),220,1.5316385580126615,0.7094889297862274,10.488352552880464,2026-04-08
70% coverage (all ages),221,1.5572223045838836,0.7059204995858622,10.718736145084828,2026-04-09
70% coverage (all ages),222,1.5603292122858843,0.7217331832947181,10.98183634309662,2026-04-10
70% coverage (all ages),223,1.562106467571109,0.7349424436950132,11.149819049004957,2026-04-11
70% coverage (all ages),224,1.4961536069439458,0.6839821634503421,10.820193762254336,2026-04-12
70% coverage (all ages),225,1.4005891608771956,0.6308820337333398,10.232588926643187,2026-04-13
70% coverage (all ages),226,1.347735833530514,0.6085661540041396,9.838069819927831,2026-04-14
70% coverage (all ages),227,1.3265863036338574,0.5793125504434756,9.677922033392361,2026-04-15
70% coverage (all ages),228,1.31797671874304,0.5665116019490777,9.64889002318335,2026-04-16
70% coverage (all ages),229,1.314756457665846,0.5624562114254834,9.677154402113684,2026-04-17
70% coverage (all ages),230,1.3140986373842485,0.5444368069505559,9.632186322668248,2026-04-18
70% coverage (all ages),231,1.2606514647960565,0.5045700244020173,9.197331197551332,2026-04-19
70% coverage (all ages),232,1.1760854290317775,0.45314071986587784,8.540423091146518,2026-04-20
70% coverage (all ages),233,1.109920667645628,0.4172149746991501,7.987122703602166,2026-04-21
70% coverage (all ages),234,1.0584786115708762,0.39582964561905654,7.53826743778644,2026-04-22
70% coverage (all ages),235,1.0103084816827526,0.37575758540880677,7.130189661982863,2026-04-23
70% coverage (all ages),236,0.976042652282361,0.34534142201457013,6.741179260574151,2026-04-24
70% coverage (all ages),237,0.924759411303906,0.31914330182048245,6.345073567083177,2026-04-25
70% coverage (all ages),238,0.8558805371217035,0.2860176345697095,5.8387807627127835,2026-04-26
70% coverage (all ages),239,0.7875038770875045,0.2536351591243602,5.306718128456124,2026-04-27
70% coverage (all ages),240,0.7692092863638389,0.23361189056423184,4.9643305170030585,2026-04-28
70% coverage (all ages),241,0.7607373960641248,0.21402282590654367,4.794722379812211,2026-04-29
70% coverage (all ages),242,0.7817902239858603,0.20180710736743868,4.706882170105392,2026-04-30
70% coverage (all ages),243,0.7852066187551494,0.18967381363821545,4.660653656061571,2026-05-01
70% coverage (all ages),244,0.800763241999062,0.1776956046122889,4.68653767912028,2026-05-02
70% coverage (all ages),245,0.7674728704165311,0.16060811105835796,4.446050138153528,2026-05-03
70% coverage (all ages),246,0.731348414571579,0.14248118976660473,4.266090872167732,2026-05-04
70% coverage (all ages),247,0.705511525675208,0.12841168450793988,4.308963495167994,2026-05-05
70% coverage (all ages),248,0.6987046666993381,0.11821194417373508,4.30087259482957,2026-05-06
70% coverage (all ages),249,0.7039344095289526,0.11042292686013348,4.318646574402366,2026-05-07
70% coverage (all ages),250,0.709629372541071,0.10105207897916806,4.348306749460176,2026-05-08
High VE,1,0.17165393748457872,0.02087041531007663,1.0364537932405673,2025-09-01
High VE,2,0.41703985500563073,0.051413319108094505,2.5010962544719875,2025-09-02
High VE,3,0.5342921460233376,0.06890764706130828,3.157776124181161,2025-09-03
High VE,4,0.6039519822121229,0.08218117203693016,3.509888552864952,2025-09-04
High VE,5,0.6514976584326584,0.0934394844657708,3.706990942094839,2025-09-05
High VE,6,0.6868708711142876,0.10366506770637461,3.7667001174883983,2025-09-06
High VE,7,0.696942545971185,0.1078034312309873,3.6492828684801553,2025-09-07
High VE,8,0.6699606173168352,0.10953362128512664,3.4234322944302975,2025-09-08
High VE,9,0.6727850128335995,0.1186613885913849,3.322147982204647,2025-09-09
High VE,10,0.7018051931204591,0.1315923470949823,3.281664247768177,2025-09-10
High VE,11,0.7519282514832341,0.14744945580737265,3.300023721935689,2025-09-11
High VE,12,0.8008462836785808,0.16594701223813768,3.404640015681988,2025-09-12
High VE,13,0.8449063799102247,0.1823611016250272,3.487030483217666,2025-09-13
High VE,14,0.8490080039270099,0.18768985193431653,3.3419265127243296,2025-09-14
High VE,15,0.8226823453530484,0.18845071886617398,3.1745781179432755,2025-09-15
High VE,16,0.837691349856901,0.20143347111944443,3.052506271009381,2025-09-16
High VE,17,0.8899703346701402,0.21527836085546592,2.9934094165167213,2025-09-17
High VE,18,0.9424583785988356,0.23163969975153664,3.0258069326197123,2025-09-18
High VE,19,1.0158183553997613,0.25315139150309873,3.052467769387146,2025-09-19
High VE,20,1.078353073526901,0.2747915029324455,3.101614163627992,2025-09-20
High VE,21,1.0860319169807966,0.28034559436751355,3.0920785947737954,2025-09-21
High VE,22,1.0652387033493855,0.2740482835317032,3.0655209415102855,2025-09-22
High VE,23,1.0838430759176156,0.27651485980043755,3.070369818222871,2025-09-23
High VE,24,1.1221110738987563,0.29711389052618215,3.1137518663769974,2025-09-24
High VE,25,1.1551722617217186,0.31822188011623137,3.176400568777729,2025-09-25
High VE,26,1.2206378123402355,0.3438049704475592,3.2453886377316103,2025-09-26
High VE,27,1.264932381834996,0.3599133708179843,3.224752819148154,2025-09-27
High VE,28,1.2467248755530462,0.36079983558084544,3.07928031546349,2025-09-28
High VE,29,1.1841433526817382,0.35654419963690537,2.9106065181276537,2025-09-29
High VE,30,1.160527278990692,0.36521711087187136,2.836510848708832,2025-09-30
High VE,31,1.185966436020656,0.37946770106421507,2.863410991876351,2025-10-01
High VE,32,1.255013542424776,0.4098779470539848,2.9668716294061324,2025-10-02
High VE,33,1.3425590360951345,0.4492162826213692,3.12159498144531,2025-10-03
High VE,34,1.4117372125290566,0.4755430506890065,3.217280919444498,2025-10-04
High VE,35,1.4058206998571214,0.4813402848526492,3.1854157183905336,2025-10-05
High VE,36,1.3642988581157567,0.4792751525621223,3.0627424643222745,2025-10-06
High VE,37,1.3566838945542308,0.4948663573529069,3.0141104664373937,2025-10-07
High VE,38,1.3857998056439438,0.5232831592923093,3.0706682241228154,2025-10-08
High VE,39,1.4439001193593788,0.5443237034587343,3.129708337013859,2025-10-09
High VE,40,1.5498140476995304,0.5775779688026906,3.2629954507305357,2025-10-10
High VE,41,1.6495197852621006,0.6227605545785382,3.3829981885171296,2025-10-11
High VE,42,1.6564594768057916,0.6336798824041668,3.362369066281744,2025-10-12
High VE,43,1.6069339189492962,0.6381544095955597,3.2581655364579456,2025-10-13
High VE,44,1.5743196319660622,0.6603821674964546,3.2271632783015276,2025-10-14
High VE,45,1.6084538441774023,0.69747296485605,3.3148014487945936,2025-10-15
High VE,46,1.7044773447405637,0.7367060661690413,3.5132776739202423,2025-10-16
High VE,47,1.8328439548262891,0.7908169946197097,3.7202197923225633,2025-10-17
High VE,48,1.9296158430363466,0.8400603989368672,4.025616448166392,2025-10-18
High VE,49,1.9528615327913543,0.8348485723690194,4.068535266418077,2025-10-19
High VE,50,1.8900681244064903,0.8162267783019207,3.960139293289235,2025-10-20
High VE,51,1.9168882239311507,0.8275163526141202,4.083533210758803,2025-10-21
High VE,52,1.9974921920210198,0.8626778523637103,4.2940834909970285,2025-10-22
High VE,53,2.093393816008447,0.9190738261619761,4.5956895897811485,2025-10-23
High VE,54,2.208287772808404,0.9808133538453225,4.986102727566327,2025-10-24
High VE,55,2.3457405467908052,1.0574887492313227,5.435016773004392,2025-10-25
High VE,56,2.3748619814511214,1.0900414009343597,5.56627373884501,2025-10-26
High VE,57,2.347237044043571,1.0917597775188899,5.345056971438225,2025-10-27
High VE,58,2.402682346836622,1.1196985301204763,5.171707606360632,2025-10-28
High VE,59,2.5269876438859957,1.195397395965793,5.419262903543147,2025-10-29
High VE,60,2.670874578642497,1.3008098900864578,5.867005013220251,2025-10-30
High VE,61,2.8282742745840874,1.4027937652918119,6.363768189187181,2025-10-31
High VE,62,2.9741655116927386,1.494572375130427,7.076254293312317,2025-11-01
High VE,63,2.990202445048933,1.5100457560949605,7.299874688527258,2025-11-02
High VE,64,2.942950308220682,1.4838173945210054,7.242616500560434,2025-11-03
High VE,65,3.002727176265528,1.5419297507987182,7.425739791316075,2025-11-04
High VE,66,3.227614242309548,1.6381025197766101,7.808938641500301,2025-11-05
High VE,67,3.5011915807988396,1.7556226264497314,8.711705445296834,2025-11-06
High VE,68,3.8103255916904644,1.9153110554241257,9.703272754172342,2025-11-07
High VE,69,4.115133150917031,2.0526009049681004,10.429982338578498,2025-11-08
High VE,70,4.209934805708565,2.093727061674008,10.913004552514606,2025-11-09
High VE,71,4.215420315532644,2.0686515141956887,11.067345223389507,2025-11-10
High VE,72,4.291227248687199,2.102709875713157,11.408357674054137,2025-11-11
High VE,73,4.537332702017739,2.212297089604227,12.130861347441597,2025-11-12
High VE,74,4.985868387356916,2.395238233250527,13.486727536787756,2025-11-13
High VE,75,5.466957764085899,2.66274577620546,15.298434066472826,2025-11-14
High VE,76,5.962759018052937,2.859282818673067,17.269381714659346,2025-11-15
High VE,77,6.156046014587283,2.9203069513324014,18.280016488468736,2025-11-16
High VE,78,6.158940659367662,2.944737359455334,18.724851945120218,2025-11-17
High VE,79,6.479206677375043,3.167791203942409,20.074789909272255,2025-11-18
High VE,80,7.107362011731395,3.5383580121121283,21.49915344776252,2025-11-19
High VE,81,7.874318488171761,4.050739024320633,22.995735147230693,2025-11-20
High VE,82,8.72272603208357,4.64405715988659,24.620474210638243,2025-11-21
High VE,83,9.559868612091869,5.217840022925996,26.366301419143337,2025-11-22
High VE,84,9.838238804905975,5.4527940052154635,27.282920950380102,2025-11-23
High VE,85,9.806203080366185,5.556190923702153,27.506612567061545,2025-11-24
High VE,86,10.574694953142398,5.946938384215953,29.00594623498482,2025-11-25
High VE,87,11.584102057198827,6.5359109007905545,30.99423169990409,2025-11-26
High VE,88,12.587756191127237,7.049545303240426,32.53581810357187,2025-11-27
High VE,89,13.134618220913142,7.280410376822976,33.38891796886105,2025-11-28
High VE,90,13.689595462132283,7.652246578341501,33.50086639752775,2025-11-29
High VE,91,13.839821950001463,7.726103407904289,33.3178971651177,2025-11-30
High VE,92,13.9558624095748,7.645611788264247,32.788090521870124,2025-12-01
High VE,93,14.837439002472644,8.105279433956234,33.60895076510313,2025-12-02
High VE,94,16.446149732183546,9.082323240890055,36.32237026184918,2025-12-03
High VE,95,18.64730215948608,10.337727309483904,40.28572244635035,2025-12-04
High VE,96,21.260641131268308,11.725752137680185,44.367343975498024,2025-12-05
High VE,97,24.237039281261822,13.726705438030686,47.94033343930593,2025-12-06
High VE,98,25.76422821934942,14.754734590198694,49.954368906290526,2025-12-07
High VE,99,26.917900054964672,15.570994520897665,51.36686794056783,2025-12-08
High VE,100,29.74142634344864,17.20502325880504,55.492798687188056,2025-12-09
High VE,101,33.87755154676455,19.756191479862487,61.95914146425119,2025-12-10
High VE,102,38.57439717470308,23.23799615401066,67.97017256953242,2025-12-11
High VE,103,43.98841430414292,27.20529124936719,76.06672179504497,2025-12-12
High VE,104,49.66261983401411,30.85262520799873,83.49685797873038,2025-12-13
High VE,105,52.421496478461,32.99227972685343,86.20732797203793,2025-12-14
High VE,106,53.64598235677686,33.60021514381449,85.59677443378932,2025-12-15
High VE,107,58.02496654251429,36.132290470757525,88.67052696689805,2025-12-16
High VE,108,64.32890359552357,40.18378306847093,95.25741099733385,2025-12-17
High VE,109,71.55673123675088,45.5293150933832,103.97948412700038,2025-12-18
High VE,110,79.0536315597671,50.9854413257338,113.61304950251343,2025-12-19
High VE,111,86.15939746912042,55.03166046666158,121.6795130831164,2025-12-20
High VE,112,88.82303651953016,56.54727134111704,123.81605107904176,2025-12-21
High VE,113,87.3706902457842,56.56127542972794,121.69973772691334,2025-12-22
High VE,114,88.63109799192141,57.68113546012682,122.61291556050139,2025-12-23
High VE,115,90.39482246466635,60.18015536207452,125.05943078963628,2025-12-24
High VE,116,91.52646943810403,61.60164004090829,127.02064846053766,2025-12-25
High VE,117,90.5338560834353,61.509964819917236,126.83426257054903,2025-12-26
High VE,118,89.54299899139296,61.35958961509727,126.53744944022611,2025-12-27
High VE,119,86.93508173382762,59.11756700302313,123.21571341487471,2025-12-28
High VE,120,83.48512882353668,57.32605454010587,118.46359273460311,2025-12-29
High VE,121,80.29032435986099,55.70419874901352,115.4366455453684,2025-12-30
High VE,122,79.3407498741607,54.50662762850018,113.61381103420541,2025-12-31
High VE,123,77.69986357702575,53.58432096392321,111.70081000528963,2026-01-01
High VE,124,74.79819835957886,51.291080622008714,106.79177814957188,2026-01-02
High VE,125,71.87032917829825,48.74810439777833,103.16160645358045,2026-01-03
High VE,126,67.80454196816531,45.60724434949832,96.93865730978672,2026-01-04
High VE,127,63.5363953182046,41.97081827805595,90.23360754075112,2026-01-05
High VE,128,61.49278362774814,40.39642329783208,86.53877796717701,2026-01-06
High VE,129,60.863344389612344,39.54238554504056,85.94393931687529,2026-01-07
High VE,130,60.3331920333699,39.0625269400228,85.27598040576005,2026-01-08
High VE,131,60.219012185804004,39.073247963993474,85.53067184361385,2026-01-09
High VE,132,59.33240724256061,38.520736415443324,84.64730938823746,2026-01-10
High VE,133,56.28998789561176,36.50254493504344,80.37033197511802,2026-01-11
High VE,134,51.859878215553806,33.763049725212205,75.59550290739216,2026-01-12
High VE,135,48.91388174533589,32.487525401656455,72.558160956942,2026-01-13
High VE,136,47.427649689392744,31.7563308996548,71.81573962560915,2026-01-14
High VE,137,46.207928680506384,30.627408755921724,71.11181630657626,2026-01-15
High VE,138,45.13692604747573,29.885369744962397,70.64520803262464,2026-01-16
High VE,139,43.80107961642014,28.89789492082218,68.36923232384898,2026-01-17
High VE,140,40.958660504519244,27.31507255888091,63.88049304136872,2026-01-18
High VE,141,37.038633785670335,25.058621674481305,58.87366091607412,2026-01-19
High VE,142,33.732583637436434,22.634207751967576,54.774218667992336,2026-01-20
High VE,143,31.717199305957045,21.302188839459205,51.770636102082285,2026-01-21
High VE,144,30.39033862714716,20.37153831837828,50.196013336932864,2026-01-22
High VE,145,29.300454584633066,19.35285396255529,49.121023518126016,2026-01-23
High VE,146,28.276146492567264,18.491571138698585,48.22557631833746,2026-01-24
High VE,147,26.250868138064924,16.97893938191002,45.13377383313842,2026-01-25
High VE,148,23.911837285566847,15.297675344872257,41.06930474127954,2026-01-26
High VE,149,22.301439139663472,14.099774932661399,38.813637651155354,2026-01-27
High VE,150,21.357198056466473,13.408698084087293,38.00419104082325,2026-01-28
High VE,151,20.667048583251837,12.852131623624805,37.386824084153155,2026-01-29
High VE,152,20.127824255134296,12.308436901570875,36.76728878266494,2026-01-30
High VE,153,19.581341205529085,11.864784624561485,35.693722809032884,2026-01-31
High VE,154,18.371057115309732,11.054872419164493,34.10486257435548,2026-02-01
High VE,155,16.74495517134282,10.07992111856661,31.568082261541388,2026-02-02
High VE,156,15.758007853070717,9.357889240920274,29.9636328762222,2026-02-03
High VE,157,15.21533945124048,8.851710594358522,28.914348966844496,2026-02-04
High VE,158,14.691810447968109,8.44611846085075,28.101505929800638,2026-02-05
High VE,159,14.402256845308814,8.095301222108285,27.63243586749405,2026-02-06
High VE,160,14.032142014451177,7.723809911311214,27.018241764414974,2026-02-07
High VE,161,13.197439454814331,7.223744526350111,25.586818005559962,2026-02-08
High VE,162,12.154813398830559,6.601480582316182,23.606286932070077,2026-02-09
High VE,163,11.564455394616427,6.247990806952293,22.5580162259267,2026-02-10
High VE,164,11.184714355894144,6.04075769847137,22.417422595745837,2026-02-11
High VE,165,10.930187713109419,5.928789168221664,22.284943347888515,2026-02-12
High VE,166,10.77179667029645,5.901596398496728,22.20546047959678,2026-02-13
High VE,167,10.554987558480107,5.866754255178531,22.08112456067093,2026-02-14
High VE,168,9.99685447026324,5.599279806533993,21.02080589173217,2026-02-15
High VE,169,9.216191567363397,5.174166486283735,19.48213375241043,2026-02-16
High VE,170,8.55259079821008,4.839683201378626,18.185635248960235,2026-02-17
High VE,171,8.002884541880846,4.61246176946943,17.126712067516895,2026-02-18
High VE,172,7.534819498643522,4.395446555520085,16.302220459207362,2026-02-19
High VE,173,7.130913031634829,4.1377480237644555,15.491762421020189,2026-02-20
High VE,174,6.7328911475329845,3.8957747027028073,14.675578785718871,2026-02-21
High VE,175,6.239570812091644,3.557252841474078,13.611773280776344,2026-02-22
High VE,176,5.764225642006843,3.2967162141746846,12.495129969411943,2026-02-23
High VE,177,5.519057099468883,3.162868655109767,11.972255313318263,2026-02-24
High VE,178,5.4443468305924005,3.1032114018926378,11.74907314031147,2026-02-25
High VE,179,5.391048863025586,3.067488264298683,11.65110445548538,2026-02-26
High VE,180,5.390200526110343,3.0717966277377617,11.610369525156406,2026-02-27
High VE,181,5.415032177378939,3.0332653816548474,11.536672990387643,2026-02-28
High VE,182,5.168479755150448,2.9122905398313605,11.0096792925522,2026-03-01
High VE,183,4.87919683459561,2.7122119051851166,10.33237508605613,2026-03-02
High VE,184,4.710747455736438,2.6296694032925423,9.996064426574138,2026-03-03
High VE,185,4.6665768098116835,2.5644021960638406,9.781694013930329,2026-03-04
High VE,186,4.674921598259548,2.516790454834657,9.571353857881467,2026-03-05
High VE,187,4.69364079497859,2.545416760688325,9.565031902007224,2026-03-06
High VE,188,4.661013817100255,2.4938069248926107,9.573720885765749,2026-03-07
High VE,189,4.449208880578521,2.349914644124795,9.266230554369619,2026-03-08
High VE,190,4.144509696959323,2.2120744962754055,8.738668917882574,2026-03-09
High VE,191,3.983592832323955,2.1349681858981424,8.548603480987587,2026-03-10
High VE,192,3.953041581593078,2.134684365849997,8.640660359312145,2026-03-11
High VE,193,3.9151778136733064,2.149884722037132,8.722370810333642,2026-03-12
High VE,194,3.9215669933057864,2.1534888559639382,9.036303046316915,2026-03-13
High VE,195,3.968409096538701,2.1689817910998124,9.018714013414831,2026-03-14
High VE,196,3.8082021791302205,2.0921752604954116,8.790136662908587,2026-03-15
High VE,197,3.613471040394127,1.9955173621769025,8.462882160887098,2026-03-16
High VE,198,3.4799054940595977,1.915193973967312,8.399125462549751,2026-03-17
High VE,199,3.467912490129369,1.898669596614562,8.502024235552566,2026-03-18
High VE,200,3.5764790834567117,1.9330132066609969,8.795174046026553,2026-03-19
High VE,201,3.6478036673506153,1.944976982619415,9.058077957832666,2026-03-20
High VE,202,3.714194826825228,1.9629235561750924,9.368946983463168,2026-03-21
High VE,203,3.59056942006834,1.8939725366915385,9.260468486050428,2026-03-22
High VE,204,3.366878544955597,1.7763641775457386,8.839376513951398,2026-03-23
High VE,205,3.2856206240029016,1.7111976720858475,8.722278440985633,2026-03-24
High VE,206,3.298013007045041,1.6955371021195822,8.869220965166704,2026-03-25
High VE,207,3.3024912303377314,1.6913150572010127,9.12834481671718,2026-03-26
High VE,208,3.3313068426013492,1.7243477134388356,9.434437624386366,2026-03-27
High VE,209,3.3424198643051892,1.7178568773831153,9.691745549935895,2026-03-28
High VE,210,3.2276057580810367,1.671486798281215,9.517498583257,2026-03-29
High VE,211,3.065359324582765,1.5745737360659058,9.133162416036207,2026-03-30
High VE,212,2.9684199813178775,1.5254076994994819,9.049259385904627,2026-03-31
High VE,213,2.9393918037449014,1.4982323576977497,9.219838039944221,2026-04-01
High VE,214,2.933469548371198,1.4867095337510372,9.522049189001983,2026-04-02
High VE,215,2.974396471635336,1.4767644198360814,9.78293932452134,2026-04-03
High VE,216,2.9743944479731725,1.4501265171438877,9.998683027607752,2026-04-04
High VE,217,2.8542975937545707,1.3760438678206233,9.760389249558793,2026-04-05
High VE,218,2.647035098801909,1.271860413939427,9.27194868988999,2026-04-06
High VE,219,2.569636848973216,1.2271159532270628,9.072220267792217,2026-04-07
High VE,220,2.5595807597894993,1.2335536789038917,9.100730735069885,2026-04-08
High VE,221,2.5623467165668137,1.248382584036242,9.255571782418869,2026-04-09
High VE,222,2.6009069992821408,1.266523843577715,9.413230453590003,2026-04-10
High VE,223,2.6010279801874407,1.2695791665943996,9.492691674106494,2026-04-11
High VE,224,2.517020493047965,1.2275216472909998,9.1932276196246,2026-04-12
High VE,225,2.358782631400137,1.1382601954059925,8.677687270402062,2026-04-13
High VE,226,2.2909395669535706,1.0731814752490352,8.414131429027918,2026-04-14
High VE,227,2.2482303124008935,1.0471993884092616,8.342786642849587,2026-04-15
High VE,228,2.2467697559634816,1.0260886117783574,8.337674440931313,2026-04-16
High VE,229,2.2369361659667284,1.0312409160880547,8.346653116625134,2026-04-17
High VE,230,2.230560794803406,0.980864143210322,8.294938636973217,2026-04-18
High VE,231,2.1165648767447416,0.9102052139392764,7.911591824089243,2026-04-19
High VE,232,1.9778485336158738,0.8404547935825755,7.340489524136438,2026-04-20
High VE,233,1.8750349185242423,0.7879574293180154,6.86063046375862,2026-04-21
High VE,234,1.7992665614425989,0.7409999074975098,6.472352178375254,2026-04-22
High VE,235,1.7334037497569812,0.6908525952898819,6.120508396526351,2026-04-23
High VE,236,1.650351227109931,0.6374364215369542,5.8333972576192155,2026-04-24
High VE,237,1.579459429356064,0.585211436915757,5.691764399198264,2026-04-25
High VE,238,1.4804644902519517,0.5237720013192462,5.305294153116025,2026-04-26
High VE,239,1.3704995853234185,0.46887929578465737,4.894666872601992,2026-04-27
High VE,240,1.3379961033545749,0.4283457309213888,4.749847656094702,2026-04-28
High VE,241,1.322082309085845,0.40676930430013486,4.790910225990667,2026-04-29
High VE,242,1.3413244527239048,0.38063372188834044,4.8625611749466,2026-04-30
High VE,243,1.3646330004574587,0.3553523359448061,4.9709681569920345,2026-05-01
High VE,244,1.3562600841635088,0.3329035403690847,5.128620636704495,2026-05-02
High VE,245,1.320384673532471,0.30325464813796377,4.956723228119577,2026-05-03
High VE,246,1.2381098590998794,0.27065401677380657,4.727188988198747,2026-05-04
High VE,247,1.2036050085020378,0.24680067508377995,4.561839601000314,2026-05-05
High VE,248,1.196936892466681,0.2274963412532876,4.547522937441452,2026-05-06
High VE,249,1.1792481484477557,0.21375522525556434,4.747449191867699,2026-05-07
High VE,250,1.171464680148539,0.19949455349404194,4.968507337139611,2026-05-08
Infection protection only,1,0.17165393748457872,0.02087041531007663,1.0364537932405673,2025-09-01
Infection protection only,2,0.41703985500563073,0.051413319108094505,2.5010962544719875,2025-09-02
Infection protection only,3,0.5342921460233376,0.06890764706130828,3.157776124181161,2025-09-03
Infection protection only,4,0.6039519822121229,0.08218117203693016,3.509888552864952,2025-09-04
Infection protection only,5,0.6514976584326584,0.0934394844657708,3.706990942094839,2025-09-05
Infection protection only,6,0.6868708711142876,0.10366506770637461,3.7667001174883983,2025-09-06
Infection protection only,7,0.696942545971185,0.1078034312309873,3.6492828684801553,2025-09-07
Infection protection only,8,0.6699606173168352,0.10953362128512664,3.4234322944302975,2025-09-08
Infection protection only,9,0.6727850128335995,0.1186613885913849,3.322147982204647,2025-09-09
Infection protection only,10,0.7018051931204591,0.1315923470949823,3.281664247768177,2025-09-10
Infection protection only,11,0.7519282514832341,0.14744945580737265,3.300023721935689,2025-09-11
Infection protection only,12,0.8008462836785808,0.16594701223813768,3.404640015681988,2025-09-12
Infection protection only,13,0.8449063799102247,0.1823611016250272,3.487030483217666,2025-09-13
Infection protection only,14,0.8490080039270099,0.18768985193431653,3.3419265127243296,2025-09-14
Infection protection only,15,0.8226823453530484,0.18845071886617398,3.1745781179432755,2025-09-15
Infection protection only,16,0.837691349856901,0.20143347111944443,3.052506271009381,2025-09-16
Infection protection only,17,0.8899703346701402,0.21527836085546592,2.9934094165167213,2025-09-17
Infection protection only,18,0.9424583785988356,0.23163969975153664,3.0258069326197123,2025-09-18
Infection protection only,19,1.0158183553997613,0.25315139150309873,3.052467769387146,2025-09-19
Infection protection only,20,1.078355564237151,0.2747921435368953,3.1016199947924603,2025-09-20
Infection protection only,21,1.0860535672172122,0.28035249365169496,3.0921519293456066,2025-09-21
Infection protection only,22,1.0653375432956604,0.2740708409606649,3.0658085642427704,2025-09-22
Infection protection only,23,1.0841063271096023,0.2765920803874372,3.071033637763391,2025-09-23
Infection protection only,24,1.1226284417269512,0.29725959009992214,3.1151062781902246,2025-09-24
Infection protection only,25,1.1559198653542957,0.3184671858547551,3.1785586623666466,2025-09-25
Infection protection only,26,1.2218763709278657,0.3441710814814312,3.2486316225789067,2025-09-26
Infection protection only,27,1.2666379982354101,0.3604171461213855,3.2286042460419635,2025-09-27
Infection protection only,28,1.248642111925926,0.36140615337477927,3.083962659070765,2025-09-28
Infection protection only,29,1.1862537339319472,0.3572989574838187,2.9160471050906747,2025-09-29
Infection protection only,30,1.1632711361270194,0.36609495026148936,2.842994704271597,2025-09-30
Infection protection only,31,1.189490475534189,0.3806409101688277,2.8717472736445875,2025-10-01
Infection protection only,32,1.259488841325306,0.4114025563548171,2.9771846843984484,2025-10-02
Infection protection only,33,1.3480756326333865,0.45118002769737237,3.1349407382707675,2025-10-03
Infection protection only,34,1.4185174531896825,0.47774505011052365,3.2323304172788876,2025-10-04
Infection protection only,35,1.4134789026592705,0.48399454370701056,3.201705880899979,2025-10-05
Infection protection only,36,1.3721129213121304,0.48215962152570596,3.0804351801890837,2025-10-06
Infection protection only,37,1.36545600472893,0.49824624173104864,3.03364564267981,2025-10-07
Infection protection only,38,1.3956863649199127,0.5272411413668439,3.0935205975218047,2025-10-08
Infection protection only,39,1.4563574154964074,0.5488387750161289,3.1556906118310035,2025-10-09
Infection protection only,40,1.5632417584017564,0.5829288317604833,3.293590200618393,2025-10-10
Infection protection only,41,1.6674137987660942,0.6294077153219801,3.4181878039530647,2025-10-11
Infection protection only,42,1.6752763287639882,0.6410609452786288,3.4010068054293976,2025-10-12
Infection protection only,43,1.626124791722212,0.6465723189603261,3.299309097718583,2025-10-13
Infection protection only,44,1.5948258098678085,0.6701320551580413,3.2726732482246104,2025-10-14
Infection protection only,45,1.6331304576893215,0.7089077898142117,3.3685341333728642,2025-10-15
Infection protection only,46,1.7366740093931574,0.7501216718078264,3.5780002015581247,2025-10-16
Infection protection only,47,1.8701037482279181,0.8070020218678453,3.7961603246623343,2025-10-17
Infection protection only,48,1.9740992094456649,0.8575112400962056,4.117496945705871,2025-10-18
Infection protection only,49,1.996579693599893,0.8548237865672981,4.169431536996078,2025-10-19
Infection protection only,50,1.9412799284376678,0.8371862402127673,4.068894633478852,2025-10-20
Infection protection only,51,1.9717015326133223,0.8506281850766921,4.203374094333801,2025-10-21
Infection protection only,52,2.0597349493713235,0.8895361629389519,4.432633899517603,2025-10-22
Infection protection only,53,2.1657133774265196,0.9496164451666566,4.757518025051926,2025-10-23
Infection protection only,54,2.290064784315922,1.0161450431340786,5.175247788522153,2025-10-24
Infection protection only,55,2.4390300880628697,1.0976776336990604,5.656487246031901,2025-10-25
Infection protection only,56,2.472042897640186,1.1378923938679013,5.805049593327641,2025-10-26
Infection protection only,57,2.4550508559082562,1.1406178292195306,5.571168085007515,2025-10-27
Infection protection only,58,2.5101362959779214,1.1709790504752602,5.419435137647778,2025-10-28
Infection protection only,59,2.650150687650976,1.2565850296773429,5.70510473978396,2025-10-29
Infection protection only,60,2.8122859300961434,1.3699740823214668,6.196894020860583,2025-10-30
Infection protection only,61,2.98563652745039,1.4824091905248071,6.760655147111125,2025-10-31
Infection protection only,62,3.157706150679044,1.5838956762954204,7.544000261920849,2025-11-01
Infection protection only,63,3.1767175569737165,1.602858134600069,7.789523579203452,2025-11-02
Infection protection only,64,3.1441530707575165,1.5791815971039467,7.739236585336775,2025-11-03
Infection protection only,65,3.206223378800655,1.6456581597313653,7.955596720635172,2025-11-04
Infection protection only,66,3.4641226490730648,1.755439177721903,8.412438710144464,2025-11-05
Infection protection only,67,3.782227985154476,1.8911860899436495,9.43368032770734,2025-11-06
Infection protection only,68,4.125724623789919,2.070506936540098,10.53145031056418,2025-11-07
Infection protection only,69,4.495024363871522,2.231521767926526,11.387144434057657,2025-11-08
Infection protection only,70,4.597273355199496,2.2815944348640604,11.951023911735714,2025-11-09
Infection protection only,71,4.62572432790464,2.2604064271573097,12.164245342886737,2025-11-10
Infection protection only,72,4.7177986549897195,2.311072541917648,12.63551171917404,2025-11-11
Infection protection only,73,5.039409419314278,2.434833023559375,13.477444417411157,2025-11-12
Infection protection only,74,5.543407418046595,2.662869165134848,15.105069795222832,2025-11-13
Infection protection only,75,6.109697109868961,2.9679085599628254,17.23202040923715,2025-11-14
Infection protection only,76,6.7078347094393935,3.2070389316371117,19.583649726158374,2025-11-15
Infection protection only,77,6.9510384411849016,3.2905046887494644,20.824831183945637,2025-11-16
Infection protection only,78,6.985152791329554,3.3431067498502007,21.432500464170296,2025-11-17
Infection protection only,79,7.38719180826496,3.619927555888788,23.033790251575837,2025-11-18
Infection protection only,80,8.185927935798677,4.082211161238582,24.804966931711718,2025-11-19
Infection protection only,81,9.142093039464513,4.702200833001446,26.726005198462595,2025-11-20
Infection protection only,82,10.194596068525131,5.438406646021243,28.8591291129935,2025-11-21
Infection protection only,83,11.246260155305459,6.156280941468662,31.234660652569698,2025-11-22
Infection protection only,84,11.666779439134377,6.481809238188638,32.64443355258324,2025-11-23
Infection protection only,85,11.693661201040682,6.658895191770003,33.007982437236144,2025-11-24
Infection protection only,86,12.756434087341756,7.169461641341167,35.131028740896845,2025-11-25
Infection protection only,87,14.065292038294851,7.922816656793897,37.610434100039924,2025-11-26
Infection protection only,88,15.448907727684837,8.621415714364906,39.81901980620549,2025-11-27
Infection protection only,89,16.217503926821536,8.948870231244369,40.98934269606871,2025-11-28
Infection protection only,90,16.98277682597878,9.443175092015688,41.65275186729186,2025-11-29
Infection protection only,91,17.305620968064428,9.612994869618277,41.52942913518809,2025-11-30
Infection protection only,92,17.63158633226074,9.516539456846285,41.160461065508095,2025-12-01
Infection protection only,93,18.746061205643286,10.20159494436038,41.94515996884693,2025-12-02
Infection protection only,94,21.135738338727496,11.591305516752405,46.66185817377438,2025-12-03
Infection protection only,95,24.238928186683786,13.275712468388797,51.89507997691729,2025-12-04
Infection protection only,96,27.755987103747504,15.172344471707374,57.1497395150872,2025-12-05
Infection protection only,97,31.953243557540226,17.945546649951567,62.261732919091415,2025-12-06
Infection protection only,98,34.223996936372245,19.47787441609148,66.36990615651519,2025-12-07
Infection protection only,99,35.989227102254674,20.599977095693994,68.51592693397359,2025-12-08
Infection protection only,100,40.07829294033321,22.966337066712825,74.61741101708448,2025-12-09
Infection protection only,101,46.18097372042183,26.639961088744837,83.49410692681579,2025-12-10
Infection protection only,102,53.01982148688938,31.638046630018327,92.05191817315777,2025-12-11
Infection protection only,103,60.839381523034824,37.39455821467813,103.75451480866803,2025-12-12
Infection protection only,104,69.52993500056063,42.71441379433815,114.930903072086,2025-12-13
Infection protection only,105,74.01602019341092,46.10050566201649,119.50313856052708,2025-12-14
Infection protection only,106,76.02697270534337,47.03276876343222,118.74871464319921,2025-12-15
Infection protection only,107,82.52483371363569,51.056967977173905,124.02741116873894,2025-12-16
Infection protection only,108,92.5580045921014,57.246709735570576,136.5479989800497,2025-12-17
Infection protection only,109,104.00714452341913,66.1097721677731,151.6081140630213,2025-12-18
Infection protection only,110,116.19728785460758,74.39470138053959,165.5073170877371,2025-12-19
Infection protection only,111,127.30002653077537,81.00220006177288,178.84670298753906,2025-12-20
Infection protection only,112,131.31343329998816,83.53321694722311,184.9293059770453,2025-12-21
Infection protection only,113,130.14989340584805,84.06562713879222,182.88609468856768,2025-12-22
Infection protection only,114,132.78555177503654,87.18521827657221,186.58890376803302,2025-12-23
Infection protection only,115,136.69049493166446,91.7432151685072,190.04190636885167,2025-12-24
Infection protection only,116,139.2466323648122,94.45173436690044,197.6363426461302,2025-12-25
Infection protection only,117,138.58932318924036,93.62190369136673,197.86763981769414,2025-12-26
Infection protection only,118,137.55978199382503,92.63503937101902,196.95213727357677,2025-12-27
Infection protection only,119,134.4949382149,91.7016142994517,193.84444075795068,2025-12-28
Infection protection only,120,129.30110696501998,87.05972554409604,186.57594381285614,2025-12-29
Infection protection only,121,126.45771379238897,83.99753882116818,181.83773418407566,2025-12-30
Infection protection only,122,124.70147873940721,80.7757832570625,179.20207544985882,2025-12-31
Infection protection only,123,123.17213019245321,78.2451141811324,177.8836914346911,2026-01-01
Infection protection only,124,118.77661835066543,74.52086533031792,171.37277155631136,2026-01-02
Infection protection only,125,115.01136098662465,70.99896283947515,167.33487834884548,2026-01-03
Infection protection only,126,109.55704447520654,67.121046086267,158.64769506935784,2026-01-04
Infection protection only,127,103.14461592236844,63.94839122127404,148.84113493000936,2026-01-05
Infection protection only,128,100.273928623063,63.17846856270146,144.0890305697233,2026-01-06
Infection protection only,129,99.97349270137103,62.29239211164549,142.94422386579757,2026-01-07
Infection protection only,130,99.85984246665465,61.83911993997179,144.22224851264372,2026-01-08
Infection protection only,131,99.70243184310289,60.83206109777205,144.53350207375064,2026-01-09
Infection protection only,132,98.66910991316169,60.842617935206206,145.23647603506944,2026-01-10
Infection protection only,133,93.88759773499655,58.46018250507065,138.5718372729615,2026-01-11
Infection protection only,134,87.31174132523333,54.70939429971673,127.86525979827546,2026-01-12
Infection protection only,135,82.75836905113576,52.45770916657707,122.82674857768833,2026-01-13
Infection protection only,136,80.11284532937339,52.15073245083494,118.72799812826867,2026-01-14
Infection protection only,137,78.76779453862072,50.98078934780651,118.32826947234146,2026-01-15
Infection protection only,138,77.16912632007354,51.14088768601504,116.25130953074468,2026-01-16
Infection protection only,139,75.29354622970789,49.83303438442835,113.58065618277536,2026-01-17
Infection protection only,140,70.51516621706209,46.249703580112154,106.87413966784985,2026-01-18
Infection protection only,141,64.34288087594798,42.786187089197064,98.08578698623882,2026-01-19
Infection protection only,142,59.368521336150216,38.825096505882726,91.31791615328973,2026-01-20
Infection protection only,143,55.74160448987475,36.30548946296083,87.07917196422878,2026-01-21
Infection protection only,144,53.650009814807404,34.9504693723258,83.61501270474453,2026-01-22
Infection protection only,145,52.34523277685203,33.53195549779116,81.28916710876712,2026-01-23
Infection protection only,146,50.57363641695735,31.792888453253166,79.45057675527772,2026-01-24
Infection protection only,147,47.52448577019179,29.307058856903154,75.7544187454958,2026-01-25
Infection protection only,148,43.235349980416004,26.523806341699505,70.63257330933476,2026-01-26
Infection protection only,149,40.46887168555515,24.909966693019626,66.78249582211697,2026-01-27
Infection protection only,150,38.74732927179174,23.768106289217787,64.52760341722912,2026-01-28
Infection protection only,151,37.79433542836966,22.874344577970255,63.00162988267768,2026-01-29
Infection protection only,152,36.89155773033629,22.23414710892838,61.49247651270088,2026-01-30
Infection protection only,153,36.04291903910732,21.597407222365305,60.29823484473014,2026-01-31
Infection protection only,154,33.786251981598674,20.29572792514259,56.92409148213554,2026-02-01
Infection protection only,155,31.11861206755313,18.477565178572682,53.188325225214044,2026-02-02
Infection protection only,156,29.134745094989874,16.997748937591957,50.47937414899705,2026-02-03
Infection protection only,157,28.177544339576546,16.245663714418907,49.299811492369265,2026-02-04
Infection protection only,158,27.28121488125563,15.84529379521767,48.80842013953215,2026-02-05
Infection protection only,159,26.9479963969656,15.287697564701899,49.24430627982495,2026-02-06
Infection protection only,160,26.165316677152294,14.94399960590115,49.43442249185408,2026-02-07
Infection protection only,161,24.663009579002185,13.732191255130102,47.03394338036023,2026-02-08
Infection protection only,162,22.739368577031268,12.724304616240445,43.13072001406076,2026-02-09
Infection protection only,163,21.524944399183973,12.223323908559848,41.375658295527614,2026-02-10
Infection protection only,164,20.88717187329226,11.988449209769053,40.039600585157196,2026-02-11
Infection protection only,165,20.502356894623617,11.920825018351945,40.43826815102545,2026-02-12
Infection protection only,166,20.35588840345064,11.768714558844206,40.80197809250386,2026-02-13
Infection protection only,167,20.188295865652524,11.648662268538542,40.538310622817455,2026-02-14
Infection protection only,168,19.16451176288294,11.22667372438238,38.676969208333254,2026-02-15
Infection protection only,169,17.847296260476355,10.532119646678874,35.93548068493318,2026-02-16
Infection protection only,170,16.736710528993207,9.891580274481448,33.43342592959618,2026-02-17
Infection protection only,171,15.879970406590585,9.446910169560644,31.160611162708115,2026-02-18
Infection protection only,172,14.96630807633599,8.904476772079752,29.36180586581575,2026-02-19
Infection protection only,173,14.25963428712975,8.453412834922569,27.969832235454486,2026-02-20
Infection protection only,174,13.44951245869742,8.049204311070607,26.6029061963585,2026-02-21
Infection protection only,175,12.475907340202795,7.521334922163884,24.766925377660677,2026-02-22
Infection protection only,176,11.448743520032856,6.908122998160026,22.679654254608128,2026-02-23
Infection protection only,177,10.954817289862548,6.59538177618422,21.44278602405061,2026-02-24
Infection protection only,178,10.890138550772722,6.5063701117876445,20.9036429977882,2026-02-25
Infection protection only,179,10.913639983696916,6.4822210984699975,20.815783346538876,2026-02-26
Infection protection only,180,10.897140188785748,6.4507875237251655,20.832396363907655,2026-02-27
Infection protection only,181,10.925270633033348,6.432238852266109,20.75446059043904,2026-02-28
Infection protection only,182,10.475179172467033,6.139723664250557,19.913099121664366,2026-03-01
Infection protection only,183,9.83332154673628,5.66746689775384,18.755104965802648,2026-03-02
Infection protection only,184,9.519527506317173,5.423409917685402,18.153592572273766,2026-03-03
Infection protection only,185,9.455498808730995,5.426862274828679,17.73462232974275,2026-03-04
Infection protection only,186,9.527735739819775,5.460875455934053,17.539262933134196,2026-03-05
Infection protection only,187,9.659995012469915,5.468776471855974,17.643660092913112,2026-03-06
Infection protection only,188,9.699113424586407,5.353609282199986,17.66362233933929,2026-03-07
Infection protection only,189,9.334833621965739,5.080873253463291,17.03558162680113,2026-03-08
Infection protection only,190,8.77080190817008,4.749143974931934,16.070950196256607,2026-03-09
Infection protection only,191,8.479573540544527,4.559425949507451,15.908784149610582,2026-03-10
Infection protection only,192,8.368744469637926,4.545974989384888,15.82233187086345,2026-03-11
Infection protection only,193,8.434397104876817,4.543071813132839,15.895650475536183,2026-03-12
Infection protection only,194,8.518687591869341,4.633115444978761,15.603387746823211,2026-03-13
Infection protection only,195,8.681718966023993,4.681161539856186,15.468572476684491,2026-03-14
Infection protection only,196,8.429971518417124,4.509212117747462,14.884001104449728,2026-03-15
Infection protection only,197,7.9381885328617,4.290139100572768,14.000774301110408,2026-03-16
Infection protection only,198,7.765412076549179,4.243839872912711,13.416357127667625,2026-03-17
Infection protection only,199,7.877296527490749,4.320776157012482,13.395268748832635,2026-03-18
Infection protection only,200,8.068721789410638,4.452956918568559,13.78371881780282,2026-03-19
Infection protection only,201,8.307273560693972,4.62331346716744,14.172471150705432,2026-03-20
Infection protection only,202,8.489503398619208,4.64854609503134,14.820645939196199,2026-03-21
Infection protection only,203,8.215469340873838,4.449521655106151,14.445484204288116,2026-03-22
Infection protection only,204,7.76545396791763,4.156740120621046,13.665213302301416,2026-03-23
Infection protection only,205,7.506638769997248,3.9980517625157894,13.521995114136468,2026-03-24
Infection protection only,206,7.486639443803314,4.023299211010652,13.436533188690504,2026-03-25
Infection protection only,207,7.588593876967653,4.123096600975187,13.550758613187725,2026-03-26
Infection protection only,208,7.670257325807125,4.261718676615696,14.106989914203577,2026-03-27
Infection protection only,209,7.759813904601364,4.433287323770872,14.378426102063633,2026-03-28
Infection protection only,210,7.552752288517048,4.415941770146769,13.98981362213537,2026-03-29
Infection protection only,211,7.181143351452882,4.183331361936616,13.289610888179482,2026-03-30
Infection protection only,212,6.976049129325997,4.025867823764268,13.176316283520809,2026-03-31
Infection protection only,213,6.967147337877485,3.990508843959336,13.263874545872307,2026-04-01
Infection protection only,214,6.933960025364518,3.926657321851951,13.438085490134304,2026-04-02
Infection protection only,215,6.978578062535585,3.871619293151719,13.606613586324377,2026-04-03
Infection protection only,216,6.989400390662917,3.9160846936772122,13.865143493322,2026-04-04
Infection protection only,217,6.751498332592761,3.797755703814414,13.26086624603936,2026-04-05
Infection protection only,218,6.341441576815492,3.5826170937013555,12.351336154524407,2026-04-06
Infection protection only,219,6.117379699563884,3.4689671233254713,11.881451814373372,2026-04-07
Infection protection only,220,6.096256470147685,3.4454381193163934,11.846302229856583,2026-04-08
Infection protection only,221,6.243125491554952,3.5231650368154788,12.310414032726607,2026-04-09
Infection protection only,222,6.406994454228768,3.5951985406765887,12.642848864116838,2026-04-10
Infection protection only,223,6.5260439649078155,3.622416970423873,12.952609496327806,2026-04-11
Infection protection only,224,6.373482719177639,3.487253323203332,12.372647950161616,2026-04-12
Infection protection only,225,5.995289953368769,3.2906462789226416,11.597246149180567,2026-04-13
Infection protection only,226,5.826624344194486,3.2028649899780355,11.101895817040143,2026-04-14
Infection protection only,227,5.768144739610397,3.1350328755049626,10.859649794009748,2026-04-15
Infection protection only,228,5.75105811989147,3.1391758976081383,10.822053315045412,2026-04-16
Infection protection only,229,5.737993270111206,3.1312107367920525,10.907022408671356,2026-04-17
Infection protection only,230,5.714178649897068,3.0250208219980768,11.059603780850907,2026-04-18
Infection protection only,231,5.454629024595355,2.8370059260862748,10.643771141247349,2026-04-19
Infection protection only,232,5.108449303211425,2.5672035379950606,10.003909836629854,2026-04-20
Infection protection only,233,4.84975724373434,2.3513303218887067,9.53260685711443,2026-04-21
Infection protection only,234,4.675699966562777,2.2484723017553008,9.171139597072221,2026-04-22
Infection protection only,235,4.516888937898591,2.145412430353494,8.995762455970462,2026-04-23
Infection protection only,236,4.366851785338554,2.0312872684822905,8.817664291379007,2026-04-24
Infection protection only,237,4.182798365933735,1.8959856873317684,8.619012530894901,2026-04-25
Infection protection only,238,3.9666084143207794,1.6976043469135749,8.162602283790168,2026-04-26
Infection protection only,239,3.718417958641326,1.5356039405047863,7.714812061692338,2026-04-27
Infection protection only,240,3.5770129350962687,1.3983307780633711,7.616548985419504,2026-04-28
Infection protection only,241,3.50826228619003,1.3222707553690052,7.820264525526336,2026-04-29
Infection protection only,242,3.4916321041560163,1.2514313014538636,7.956574751280127,2026-04-30
Infection protection only,243,3.5742845835603374,1.201992871422013,8.63467427628722,2026-05-01
Infection protection only,244,3.5792478892951127,1.1713475720740225,9.285199456667733,2026-05-02
Infection protection only,245,3.497975575455272,1.0671035702372629,9.26642517526619,2026-05-03
Infection protection only,246,3.2925186088402514,0.9523826437000105,9.154840052584118,2026-05-04
Infection protection only,247,3.17244457225191,0.867151848864984,9.044164710892193,2026-05-05
Infection protection only,248,3.1915086015678553,0.8018297257007222,9.18756565809159,2026-05-06
Infection protection only,249,3.118517852856666,0.7534611296148946,10.04009515124388,2026-05-07
Infection protection only,250,3.139969795492051,0.6939436699672291,10.57508868849147,2026-05-08
Low VE,1,0.17165393748457872,0.02087041531007663,1.0364537932405673,2025-09-01
Low VE,2,0.41703985500563073,0.051413319108094505,2.5010962544719875,2025-09-02
Low VE,3,0.5342921460233376,0.06890764706130828,3.157776124181161,2025-09-03
Low VE,4,0.6039519822121229,0.08218117203693016,3.509888552864952,2025-09-04
Low VE,5,0.6514976584326584,0.0934394844657708,3.706990942094839,2025-09-05
Low VE,6,0.6868708711142876,0.10366506770637461,3.7667001174883983,2025-09-06
Low VE,7,0.696942545971185,0.1078034312309873,3.6492828684801553,2025-09-07
Low VE,8,0.6699606173168352,0.10953362128512664,3.4234322944302975,2025-09-08
Low VE,9,0.6727850128335995,0.1186613885913849,3.322147982204647,2025-09-09
Low VE,10,0.7018051931204591,0.1315923470949823,3.281664247768177,2025-09-10
Low VE,11,0.7519282514832341,0.14744945580737265,3.300023721935689,2025-09-11
Low VE,12,0.8008462836785808,0.16594701223813768,3.404640015681988,2025-09-12
Low VE,13,0.8449063799102247,0.1823611016250272,3.487030483217666,2025-09-13
Low VE,14,0.8490080039270099,0.18768985193431653,3.3419265127243296,2025-09-14
Low VE,15,0.8226823453530484,0.18845071886617398,3.1745781179432755,2025-09-15
Low VE,16,0.837691349856901,0.20143347111944443,3.052506271009381,2025-09-16
Low VE,17,0.8899703346701402,0.21527836085546592,2.9934094165167213,2025-09-17
Low VE,18,0.9424583785988356,0.23163969975153664,3.0258069326197123,2025-09-18
Low VE,19,1.0158183553997613,0.25315139150309873,3.052467769387146,2025-09-19
Low VE,20,1.0783551242107803,0.27479203036567235,3.101618964304662,2025-09-20
Low VE,21,1.08604980146837,0.2803512992175213,3.092139221408839,2025-09-21
Low VE,22,1.0653212840334056,0.2740670945646088,3.065761311441538,2025-09-22
Low VE,23,1.084066667714114,0.2765808325285471,3.070931475261355,2025-09-23
Low VE,24,1.1225595490248566,0.2972407486784444,3.114921566596055,2025-09-24
Low VE,25,1.1558287297743848,0.3184410666091981,3.1783054404334607,2025-09-25
Low VE,26,1.2217631373406792,0.34414038367341626,3.248332066422167,2025-09-26
Low VE,27,1.2665208491980122,0.36038590414370286,3.2282753420267953,2025-09-27
Low VE,28,1.248523096959369,0.36137887910955147,3.0836611457177185,2025-09-28
Low VE,29,1.1861430241518873,0.3572880109389628,2.9158216260669616,2025-09-29
Low VE,30,1.1632323844762942,0.36608643646234706,2.842853802811265,2025-09-30
Low VE,31,1.1895264810213964,0.3806698096643804,2.8718151412112642,2025-10-01
Low VE,32,1.2596111504753735,0.4114737449684097,2.977503668379374,2025-10-02
Low VE,33,1.3483783212603315,0.45131874724364923,3.135811335851354,2025-10-03
Low VE,34,1.419042641076009,0.47788966685255263,3.2333820664831907,2025-10-04
Low VE,35,1.4139843739077496,0.4842802906509453,3.203007324682803,2025-10-05
Low VE,36,1.3728771399303534,0.4824939873713198,3.0822713604808745,2025-10-06
Low VE,37,1.366429466594233,0.49869159728582135,3.0359397183326235,2025-10-07
Low VE,38,1.3967771906592488,0.527789372745137,3.0966546818780634,2025-10-08
Low VE,39,1.4582837483768087,0.5494787825113456,3.159404989175882,2025-10-09
Low VE,40,1.5649795274337464,0.5837390409810826,3.298521408102982,2025-10-10
Low VE,41,1.6707245081181072,0.6305834910443849,3.4242193463114567,2025-10-11
Low VE,42,1.678788773059355,0.642493782532942,3.4084721663845774,2025-10-12
Low VE,43,1.6295844889150557,0.6483357205876662,3.3076529817364784,2025-10-13
Low VE,44,1.5983689845426605,0.6722229727383484,3.2820068016522357,2025-10-14
Low VE,45,1.6379405809652212,0.7113931299184459,3.38002392645095,2025-10-15
Low VE,46,1.7436365169515844,0.7529243183439062,3.5918414852063933,2025-10-16
Low VE,47,1.8774676990329209,0.8104773943810376,3.8124222124673484,2025-10-17
Low VE,48,1.9832635942496513,0.8608013220456839,4.137838079365494,2025-10-18
Low VE,49,2.0049510505535095,0.8590374030572848,4.192443097757785,2025-10-19
Low VE,50,1.9537347354564838,0.8417687132059577,4.093521331888661,2025-10-20
Low VE,51,1.9848270858804007,0.8559458692536617,4.2335395564361695,2025-10-21
Low VE,52,2.0725728659272424,0.8963830083187413,4.469657070942668,2025-10-22
Low VE,53,2.1858086275253052,0.9574309249738925,4.803099946285169,2025-10-23
Low VE,54,2.3141044057498217,1.025726601584788,5.2311717474586095,2025-10-24
Low VE,55,2.468573240567479,1.1088215752459918,5.725255629782131,2025-10-25
Low VE,56,2.5056976401658937,1.1535646508184638,5.881967049852448,2025-10-26
Low VE,57,2.487827492842169,1.15773936822908,5.641245478032597,2025-10-27
Low VE,58,2.543434198908381,1.1873094229346106,5.505314809909289,2025-10-28
Low VE,59,2.692102466567425,1.277772840353183,5.810162647237766,2025-10-29
Low VE,60,2.859695666761011,1.3941192604072248,6.321731577594058,2025-10-30
Low VE,61,3.0425891894508696,1.5111921631424399,6.922147632325424,2025-10-31
Low VE,62,3.2283704295308224,1.6168336145843127,7.739182515492155,2025-11-01
Low VE,63,3.249008870930498,1.6370680550333894,7.995854504893736,2025-11-02
Low VE,64,3.2149918361674836,1.6151739114315462,7.943098252429585,2025-11-03
Low VE,65,3.2943416589916814,1.6851153939192194,8.175285009725657,2025-11-04
Low VE,66,3.5596822716881076,1.8005680148953456,8.670756640412423,2025-11-05
Low VE,67,3.9020148064853903,1.9462289978509215,9.750807030017441,2025-11-06
Low VE,68,4.268371091031342,2.1349311073195545,10.896502876353885,2025-11-07
Low VE,69,4.6671335557023435,2.307962960887694,11.821254735414735,2025-11-08
Low VE,70,4.778495438420328,2.3629891310033884,12.42786477680163,2025-11-09
Low VE,71,4.810190838388145,2.344282993472038,12.675622841695597,2025-11-10
Low VE,72,4.929509848366694,2.407723863460532,13.23189655726098,2025-11-11
Low VE,73,5.283772811144877,2.533827932249595,14.147466614920948,2025-11-12
Low VE,74,5.820879780341867,2.7896950231017175,15.921470320592558,2025-11-13
Low VE,75,6.41883189227047,3.1100974436101065,18.22241867989296,2025-11-14
Low VE,76,7.074952516682487,3.37522665127198,20.7971008550337,2025-11-15
Low VE,77,7.3423462237981285,3.472105384723557,22.172610533155826,2025-11-16
Low VE,78,7.399478299912993,3.5440287505534096,22.876595609005204,2025-11-17
Low VE,79,7.862499174796933,3.8485677098307134,24.577731755571058,2025-11-18
Low VE,80,8.74249399019943,4.363985136098134,26.538507993478053,2025-11-19
Low VE,81,9.813201511406453,5.037598650832823,28.690153204849008,2025-11-20
Low VE,82,10.966585780382855,5.852383375493582,31.103772186886328,2025-11-21
Low VE,83,12.178432401748928,6.6552242758403795,33.86213755980518,2025-11-22
Low VE,84,12.6235781875478,7.032269512671532,35.6068138050411,2025-11-23
Low VE,85,12.715766709964806,7.252679319404263,36.099700068429414,2025-11-24
Low VE,86,13.988403513084911,7.852517794535207,38.4071368754199,2025-11-25
Low VE,87,15.441405903017708,8.721033908741532,41.16240999318425,2025-11-26
Low VE,88,17.077749464174843,9.496448532791607,44.003516546506944,2025-11-27
Low VE,89,18.015274694954133,9.930711346478558,45.312226558683584,2025-11-28
Low VE,90,18.976488447478207,10.49208653384699,46.36176142887319,2025-11-29
Low VE,91,19.431645590614178,10.692743841973101,46.39312914441794,2025-11-30
Low VE,92,19.820069283021137,10.618672984345926,45.61885384097933,2025-12-01
Low VE,93,21.260085278446642,11.524911546753879,47.45992820728177,2025-12-02
Low VE,94,24.129875802575185,13.172890158874369,52.76352317440477,2025-12-03
Low VE,95,27.905114692319763,15.14065691277296,58.67619094699787,2025-12-04
Low VE,96,32.13164156134565,17.460493399371366,64.7757980180731,2025-12-05
Low VE,97,37.23153380010129,20.738252445587854,72.69841143793882,2025-12-06
Low VE,98,40.046328137557055,22.69878206698431,77.83514688240867,2025-12-07
Low VE,99,42.30740650942299,24.031866123678554,80.43765662237604,2025-12-08
Low VE,100,47.48200258239765,26.984087483750518,88.1017002831925,2025-12-09
Low VE,101,55.06500651792805,31.632427639007638,98.69814364204619,2025-12-10
Low VE,102,63.74313885537704,37.71789180390301,110.64104826213914,2025-12-11
Low VE,103,73.81787180933202,44.84090896661269,123.70906491633117,2025-12-12
Low VE,104,84.64893349349875,51.895391496764475,137.45009489755338,2025-12-13
Low VE,105,90.6004961911607,56.00900712456003,142.29953722454965,2025-12-14
Low VE,106,93.48357359716596,57.26982499984832,142.56405587482777,2025-12-15
Low VE,107,101.89536026014653,62.57468266960232,153.68378021967396,2025-12-16
Low VE,108,114.86164999292221,70.65283876652292,168.9822579193306,2025-12-17
Low VE,109,129.7492205174849,82.51683845452347,189.24516095909266,2025-12-18
Low VE,110,146.44208256563147,93.14691360692018,206.38044202291576,2025-12-19
Low VE,111,160.5023795847909,102.35918421196958,227.944693553403,2025-12-20
Low VE,112,166.03471025127206,105.7610478284004,236.00071480676766,2025-12-21
Low VE,113,166.68782201555447,107.62089203688956,233.90509026958017,2025-12-22
Low VE,114,170.29053184701294,112.50842232860256,238.8655077781047,2025-12-23
Low VE,115,176.19100805022936,117.84517836727068,248.05492852765173,2025-12-24
Low VE,116,180.58612691304674,119.87136287666542,255.55508829880512,2025-12-25
Low VE,117,179.87643969920106,118.50916543951902,258.53961440938576,2025-12-26
Low VE,118,180.1480141485239,117.09310399049455,258.55608764356896,2025-12-27
Low VE,119,177.05247511763176,111.3015526788967,254.85246423289271,2025-12-28
Low VE,120,170.73405179947665,104.8500173049502,247.37588168066216,2025-12-29
Low VE,121,167.46834960257866,99.62240001321939,242.23578602168544,2025-12-30
Low VE,122,165.70520951010505,96.40501488421343,241.582230360772,2025-12-31
Low VE,123,164.19191855733686,94.21219145976907,239.2220333279493,2026-01-01
Low VE,124,158.56551928123847,90.95975341668765,231.97642004515578,2026-01-02
Low VE,125,154.1427871587035,87.8401201620765,226.78091266785725,2026-01-03
Low VE,126,147.7674627572706,84.2672888795058,217.4605553544903,2026-01-04
Low VE,127,139.5697833547688,80.22902390444855,205.76922772427943,2026-01-05
Low VE,128,136.16215932287722,77.02818719783623,198.3723274481241,2026-01-06
Low VE,129,136.13560118331864,75.64756359083468,197.86885886883923,2026-01-07
Low VE,130,136.95130166709606,76.25414804732227,201.14337064379166,2026-01-08
Low VE,131,137.14743714747584,77.5108434049401,205.37800476826786,2026-01-09
Low VE,132,135.62420149773615,78.7246843421627,204.90034041870965,2026-01-10
Low VE,133,128.41273626409384,76.12447320722441,197.68178760415086,2026-01-11
Low VE,134,118.3780645101957,70.98761309418474,183.6391136552404,2026-01-12
Low VE,135,113.22205217374506,69.0362108540127,175.24095117618072,2026-01-13
Low VE,136,110.47037849139666,68.400773957212,172.03770181599458,2026-01-14
Low VE,137,108.16499980738516,67.17337094738242,169.18052075379325,2026-01-15
Low VE,138,105.84944349072182,66.63625703381818,167.39219328825348,2026-01-16
Low VE,139,103.65098150941742,65.5895115959127,164.36675113687846,2026-01-17
Low VE,140,97.75188263438326,62.368895705582645,157.0975284688038,2026-01-18
Low VE,141,89.5794606563463,56.17855585515475,144.99107203504977,2026-01-19
Low VE,142,82.58005626370296,51.37394992597964,133.21628901619104,2026-01-20
Low VE,143,78.62128428145971,47.59551818138107,124.43453966134896,2026-01-21
Low VE,144,76.13669728218271,44.839353092261476,121.22785954323199,2026-01-22
Low VE,145,73.7240948640249,43.11996966243133,121.34694578679729,2026-01-23
Low VE,146,70.6028270506337,40.54060956018222,118.5000898034409,2026-01-24
Low VE,147,65.72065386715073,37.54371373681923,111.59698003026575,2026-01-25
Low VE,148,59.956873139732096,34.01487820827059,104.7429400890951,2026-01-26
Low VE,149,56.826029992187635,31.485036716301856,98.098906072383,2026-01-27
Low VE,150,55.07756921432269,29.95218634515116,93.31643445112906,2026-01-28
Low VE,151,54.17986641991769,28.967444321020714,90.74834465254004,2026-01-29
Low VE,152,53.19351122354733,28.166984601123264,92.0801715560902,2026-01-30
Low VE,153,51.78961944906432,27.539348414919257,92.36002584918704,2026-01-31
Low VE,154,48.68552167792464,25.896856323191777,89.792939018175,2026-02-01
Low VE,155,44.920394812170365,23.4671005032818,83.19072239948866,2026-02-02
Low VE,156,41.976952472111364,22.28113767605724,78.64384746273474,2026-02-03
Low VE,157,40.473513423928445,21.26939818128175,75.60878124198975,2026-02-04
Low VE,158,39.48843298684346,20.199145328732474,73.7677983117846,2026-02-05
Low VE,159,38.90658184036629,19.752495924416923,72.18300101290869,2026-02-06
Low VE,160,37.74074792540496,19.2757427864268,72.15846970393746,2026-02-07
Low VE,161,35.49014747064391,18.226268890147953,69.27303976726807,2026-02-08
Low VE,162,32.86106046326032,16.86798503851549,65.10275502331294,2026-02-09
Low VE,163,31.249207912820083,15.954753002826079,63.162444269643565,2026-02-10
Low VE,164,30.52172755491906,15.143682857943093,62.332862603283125,2026-02-11
Low VE,165,30.128746792033652,14.642280080906549,62.29997079691425,2026-02-12
Low VE,166,29.580408905142683,14.41923521448426,62.776834154950166,2026-02-13
Low VE,167,29.395905712400047,14.371813297253409,63.01212090140926,2026-02-14
Low VE,168,28.1200657583618,13.652341083759245,60.537363803510615,2026-02-15
Low VE,169,26.118511739039324,12.62789213199058,56.629806739672524,2026-02-16
Low VE,170,24.462004860952614,11.728428233855634,53.88681259304105,2026-02-17
Low VE,171,23.298764826733553,10.983914446916964,51.83483216465616,2026-02-18
Low VE,172,22.178950644313318,10.24306799407917,49.153699559880025,2026-02-19
Low VE,173,20.99156601321155,9.59416777022294,46.79442003566708,2026-02-20
Low VE,174,20.024076202596177,9.084442555516477,44.73169437613383,2026-02-21
Low VE,175,18.727463001093234,8.326712698428748,41.78144769660107,2026-02-22
Low VE,176,17.326621402712902,7.579970950821714,38.55408589711085,2026-02-23
Low VE,177,16.62100068776906,7.163375783195437,36.76702397321823,2026-02-24
Low VE,178,16.4085237582416,6.963816748928567,36.14923314555912,2026-02-25
Low VE,179,16.48653367457972,6.879481696620459,35.94938528475595,2026-02-26
Low VE,180,16.62772361468354,6.878881990427137,35.89231162992486,2026-02-27
Low VE,181,16.86079232901363,6.896938781484726,35.83805200097102,2026-02-28
Low VE,182,16.25734218273771,6.594672286123387,34.42498840129084,2026-03-01
Low VE,183,15.285143498777304,6.1057820359134976,32.610167267985204,2026-03-02
Low VE,184,15.022247692755135,5.914304144231614,31.924216082045668,2026-03-03
Low VE,185,15.01758707939268,5.948118264253414,31.9832987707621,2026-03-04
Low VE,186,15.049049405047782,5.962333671757985,32.18926268759089,2026-03-05
Low VE,187,15.211683633619682,6.079636314946959,31.913870651536214,2026-03-06
Low VE,188,15.422212310512865,6.171769774010115,32.05387323728609,2026-03-07
Low VE,189,14.770698746122608,5.922538046378052,30.52655156013846,2026-03-08
Low VE,190,13.857692493208393,5.5421280723320585,28.876630579448328,2026-03-09
Low VE,191,13.283386284537352,5.382775728357259,28.569432014721396,2026-03-10
Low VE,192,13.213081533374472,5.317500857488787,28.53076398149962,2026-03-11
Low VE,193,13.113154708643776,5.363020341765055,28.290535923406363,2026-03-12
Low VE,194,13.143759995378938,5.403668886331862,28.447709220736137,2026-03-13
Low VE,195,13.25657155721672,5.39643420017076,28.704343106674056,2026-03-14
Low VE,196,12.916974032522635,5.246099907950361,27.74767041648221,2026-03-15
Low VE,197,12.442297982503781,4.960528198798337,26.223892907668727,2026-03-16
Low VE,198,12.060522966666753,4.807308944816825,25.961710632431412,2026-03-17
Low VE,199,12.113839051113857,4.814459652633506,25.40983888924519,2026-03-18
Low VE,200,12.304433011513344,4.893712002645671,25.416429925537823,2026-03-19
Low VE,201,12.718995413313884,4.970294871758769,25.584059777826358,2026-03-20
Low VE,202,13.043472793200623,5.016250523409584,26.43372958196079,2026-03-21
Low VE,203,12.713377153166876,4.84962038857148,25.958218559296967,2026-03-22
Low VE,204,12.071242531102081,4.576031042680383,25.135729554426206,2026-03-23
Low VE,205,11.757428841631912,4.476645758248608,24.76680188045355,2026-03-24
Low VE,206,11.924919592652927,4.5244042146305405,25.2589610153809,2026-03-25
Low VE,207,12.166474836375523,4.593380632754485,25.790046759989988,2026-03-26
Low VE,208,12.278959152111593,4.73699366110025,26.58849431647462,2026-03-27
Low VE,209,12.572255041928864,4.851722694570822,27.395114381767446,2026-03-28
Low VE,210,12.245506225967103,4.767496364025215,27.090859672422933,2026-03-29
Low VE,211,11.602199062162697,4.462947642666734,26.185507425287778,2026-03-30
Low VE,212,11.284961169118144,4.384774162814444,25.58298729737882,2026-03-31
Low VE,213,11.296658401228349,4.295189932387144,25.392715983643956,2026-04-01
Low VE,214,11.285176540249338,4.300058631042314,25.507695882261554,2026-04-02
Low VE,215,11.399484988751475,4.376726203222892,25.863852558979712,2026-04-03
Low VE,216,11.496896744565525,4.4358048720554,25.97008323436665,2026-04-04
Low VE,217,11.048458224397953,4.2191211762329734,25.020356405040452,2026-04-05
Low VE,218,10.34483856398678,3.9842776710530736,23.823145029655812,2026-04-06
Low VE,219,10.095528320564657,3.8463580075726846,23.039896195950984,2026-04-07
Low VE,220,10.291225724720853,3.7933612890129207,23.280667269986512,2026-04-08
Low VE,221,10.48881355559104,3.8866354239925713,23.43388496960635,2026-04-09
Low VE,222,10.709571070671553,3.94151970913763,23.578455116361862,2026-04-10
Low VE,223,11.021411658099993,3.951625569096037,24.264169539072814,2026-04-11
Low VE,224,10.602316408404215,3.7960305526666307,23.67520830255938,2026-04-12
Low VE,225,9.95196512481244,3.561906265163432,22.612746932530403,2026-04-13
Low VE,226,9.64180018104567,3.4451776713074977,21.787745756631217,2026-04-14
Low VE,227,9.562518339911508,3.307534413890803,21.892288062497762,2026-04-15
Low VE,228,9.650474807372449,3.322585681520397,22.152631237324254,2026-04-16
Low VE,229,9.583468066189909,3.285279993286686,22.475961548416503,2026-04-17
Low VE,230,9.562330584371452,3.1743739928266,22.571319980883533,2026-04-18
Low VE,231,9.221370982813543,2.9841311731303755,21.62411613447892,2026-04-19
Low VE,232,8.684802711186308,2.8170927581904954,20.339940428904278,2026-04-20
Low VE,233,8.236279750602124,2.613032592874511,19.219037578751692,2026-04-21
Low VE,234,7.966068793025503,2.4368221811247297,18.254121739947617,2026-04-22
Low VE,235,7.6718453083398845,2.2759650688516206,17.597737934976966,2026-04-23
Low VE,236,7.359213212959261,2.1706137120696924,16.777589958646253,2026-04-24
Low VE,237,6.9906958835270405,2.0300412664299334,16.368170298418274,2026-04-25
Low VE,238,6.642287116564308,1.9316390923721316,16.014827623960386,2026-04-26
Low VE,239,6.193767420974509,1.78965619406477,14.861035668085362,2026-04-27
Low VE,240,6.0450230375397895,1.7822961671662478,14.563662316495613,2026-04-28
Low VE,241,5.874695143481521,1.7164024772965363,14.532411360444275,2026-04-29
Low VE,242,6.021113986264366,1.6544749849483,14.849296095901478,2026-04-30
Low VE,243,6.066597977638266,1.6017348866965442,15.976606364321066,2026-05-01
Low VE,244,6.161626505898967,1.5400026696474785,17.13673392876099,2026-05-02
Low VE,245,5.96679165022496,1.4105777663631431,17.568644854023717,2026-05-03
Low VE,246,5.645228205621643,1.3052569602190023,17.39107034015853,2026-05-04
Low VE,247,5.439222828566056,1.2536578990438223,17.70283985646688,2026-05-05
Low VE,248,5.532398058353169,1.1873324718983396,18.74828485925427,2026-05-06
Low VE,249,5.602716829846275,1.1215829247318787,20.050775186082213,2026-05-07
Low VE,250,5.593073851021819,1.057205338302732,22.362258978350805,2026-05-08
baseline,1,0.17165393748457872,0.02087041531007663,1.0364537932405673,2025-09-01
baseline,2,0.41703985500563073,0.051413319108094505,2.5010962544719875,2025-09-02
baseline,3,0.5342921460233376,0.06890764706130828,3.157776124181161,2025-09-03
baseline,4,0.6039519822121229,0.08218117203693016,3.509888552864952,2025-09-04
baseline,5,0.6514976584326584,0.0934394844657708,3.706990942094839,2025-09-05
baseline,6,0.6868708711142876,0.10366506770637461,3.7667001174883983,2025-09-06
baseline,7,0.696942545971185,0.1078034312309873,3.6492828684801553,2025-09-07
baseline,8,0.6699606173168352,0.10953362128512664,3.4234322944302975,2025-09-08
baseline,9,0.6727850128335995,0.1186613885913849,3.322147982204647,2025-09-09
baseline,10,0.7018051931204591,0.1315923470949823,3.281664247768177,2025-09-10
baseline,11,0.7519282514832341,0.14744945580737265,3.300023721935689,2025-09-11
baseline,12,0.8008462836785808,0.16594701223813768,3.404640015681988,2025-09-12
baseline,13,0.8449063799102247,0.1823611016250272,3.487030483217666,2025-09-13
baseline,14,0.8490080039270099,0.18768985193431653,3.3419265127243296,2025-09-14
baseline,15,0.8226823453530484,0.18845071886617398,3.1745781179432755,2025-09-15
baseline,16,0.837691349856901,0.20143347111944443,3.052506271009381,2025-09-16
baseline,17,0.8899703346701402,0.21527836085546592,2.9934094165167213,2025-09-17
baseline,18,0.9424583785988356,0.23163969975153664,3.0258069326197123,2025-09-18
baseline,19,1.0158183553997613,0.25315139150309873,3.052467769387146,2025-09-19
baseline,20,1.0783541980952727,0.27479179216976185,3.101616796273635,2025-09-20
baseline,21,1.0860417213464677,0.28034872148845236,3.0921118280013844,2025-09-21
baseline,22,1.0652839232586957,0.2740585860952781,3.065652561122973,2025-09-22
baseline,23,1.0839653127740547,0.2765509062059227,3.0706769900403676,2025-09-23
baseline,24,1.1223557679502854,0.2971830764853294,3.1143902992154233,2025-09-24
baseline,25,1.1555299933095728,0.31834112553784977,3.1774380862448472,2025-09-25
baseline,26,1.2212490675147112,0.34398702105867796,3.2469876106503657,2025-09-26
baseline,27,1.265793237221548,0.3601692907798814,3.226664994035697,2025-09-27
baseline,28,1.247698768355108,0.3611129290806339,3.0816534502923223,2025-09-28
baseline,29,1.1852253261847463,0.3569452643788979,2.9134253807983113,2025-09-29
baseline,30,1.1619857637743163,0.36568563314685687,2.8399330415783726,2025-09-30
baseline,31,1.1878817350244082,0.3801136518589366,2.8679332945723726,2025-10-01
baseline,32,1.2574961297077338,0.41073385368258103,2.972581603535576,2025-10-02
baseline,33,1.3456780665022494,0.45034175140995625,3.1292083804126434,2025-10-03
baseline,34,1.4156456450965442,0.4767996240428398,3.2259179006041254,2025-10-04
baseline,35,1.4103814196076034,0.4829095474868339,3.19482506244816,2025-10-05
baseline,36,1.3688806836690322,0.48099448794881655,3.073168879767149,2025-10-06
baseline,37,1.3618835140975212,0.49690415566161206,3.0257521450953844,2025-10-07
baseline,38,1.391656090013155,0.5256822555633333,3.084505441233674,2025-10-08
baseline,39,1.4515481539364785,0.5470672503745754,3.145511719999885,2025-10-09
baseline,40,1.5578914105091504,0.5808541407505016,3.281874223529712,2025-10-10
baseline,41,1.6607677002242522,0.62691224082897,3.404883804200776,2025-10-11
baseline,42,1.6682640167786815,0.6383291334960443,3.3867064760378565,2025-10-12
baseline,43,1.6189488925597646,0.6435435676700735,3.2842113822763572,2025-10-13
baseline,44,1.5870797898552387,0.6666454385150536,3.2561948450700124,2025-10-14
baseline,45,1.6240683124707858,0.704832032583028,3.349291270435957,2025-10-15
baseline,46,1.7251693113993478,0.7453449454397214,3.5548019684924688,2025-10-16
baseline,47,1.8572681534827487,0.8012029579359152,3.768930383009768,2025-10-17
baseline,48,1.9587106125271598,0.8510348491025651,4.084844228948687,2025-10-18
baseline,49,1.9804100015444317,0.8476204298277832,4.133875152920814,2025-10-19
baseline,50,1.9235450158320928,0.8297011269028138,4.031536319324135,2025-10-20
baseline,51,1.9526571519152727,0.8424951088714779,4.162434574617077,2025-10-21
baseline,52,2.0391147110451975,0.8803946628822876,4.386287542851196,2025-10-22
baseline,53,2.1418616223108606,0.9392252114404565,4.704441231151067,2025-10-23
baseline,54,2.2634923706235544,1.0043708344264042,5.114393467241378,2025-10-24
baseline,55,2.408933027681227,1.0843552522010038,5.586712042695472,2025-10-25
baseline,56,2.4409837777000076,1.1231803360553758,5.731065687899835,2025-10-26
baseline,57,2.4222578650050117,1.12540119275819,5.4998114567062135,2025-10-27
baseline,58,2.476069232858906,1.1549721146735714,5.345367280172483,2025-10-28
baseline,59,2.6117633901481767,1.2382413149448186,5.622254148093245,2025-10-29
baseline,60,2.769544995012748,1.3493065087018912,6.102774253929647,2025-10-30
baseline,61,2.9388382459628772,1.4590377725651429,6.652076344431158,2025-10-31
baseline,62,3.105706600335684,1.5579910833283233,7.418237998818754,2025-11-01
baseline,63,3.12355571643902,1.575845476735753,7.656658579589224,2025-11-02
baseline,64,3.089202037633438,1.5516719037247415,7.603924013833803,2025-11-03
baseline,65,3.147773182937762,1.6159351422121377,7.811894387277262,2025-11-04
baseline,66,3.3987106207371216,1.7224526161847957,8.251942421996775,2025-11-05
baseline,67,3.7068693766786187,1.853830681830496,9.2447583086991,2025-11-06
baseline,68,4.040561175166623,2.028156042829958,10.314817453944595,2025-11-07
baseline,69,4.398759499456604,2.1840488750637217,11.141363673732585,2025-11-08
baseline,70,4.49541912239953,2.2316018244362623,11.68649603678275,2025-11-09
baseline,71,4.520796885998184,2.209631324760705,11.887294752063468,2025-11-10
baseline,72,4.607405172092255,2.25642601343662,12.340103117035301,2025-11-11
baseline,73,4.915991373300561,2.37630556263354,13.147562655538525,2025-11-12
baseline,74,5.403278768638766,2.595452850722437,14.718162309447104,2025-11-13
baseline,75,5.949422147638117,2.8908943276262167,16.77409228843494,2025-11-14
baseline,76,6.524711692313055,3.1202816905289996,19.04458810400265,2025-11-15
baseline,77,6.755424051108596,3.198925201084784,20.235534874287882,2025-11-16
baseline,78,6.7842875530994675,3.246333442319232,20.807116659909035,2025-11-17
baseline,79,7.164408834356805,3.5097675198642473,22.33389013378587,2025-11-18
baseline,80,7.92341608346103,3.9512050710316373,24.021110016858675,2025-11-19
baseline,81,8.84073878698532,4.543554042627336,25.838891953420386,2025-11-20
baseline,82,9.84050984799836,5.24553638429838,27.850157924501612,2025-11-21
baseline,83,10.834501208245227,5.928903236140992,30.084528230792063,2025-11-22
baseline,84,11.226346688760323,6.234532651488234,31.394712675400434,2025-11-23
baseline,85,11.239229008912428,6.397980534033524,31.716562986941966,2025-11-24
baseline,86,12.24080120428182,6.878046162052765,33.718115276240404,2025-11-25
baseline,87,13.479968787160065,7.593191894752281,36.056287522142505,2025-11-26
baseline,88,14.791586637736868,8.255402722690262,38.124991193197765,2025-11-27
baseline,89,15.51428756418176,8.55960951300882,39.22458816235837,2025-11-28
baseline,90,16.228774795411475,9.027792102247364,39.81104946398904,2025-11-29
baseline,91,16.532753298913484,9.184371558077578,39.665958738717045,2025-11-30
baseline,92,16.824003095077735,9.087378577741001,39.29177760737943,2025-12-01
baseline,93,17.88130364672137,9.730740376204823,40.0012184880166,2025-12-02
baseline,94,20.134522777493736,11.045405836648268,44.450781763445164,2025-12-03
baseline,95,23.073958530583532,12.639936784367729,49.397412734236035,2025-12-04
baseline,96,26.40086302331916,14.43482598519978,54.374701055506826,2025-12-05
baseline,97,30.374738560882488,17.060601405057376,59.19677927360908,2025-12-06
baseline,98,32.514998844984916,18.507151707551596,63.05919119168191,2025-12-07
baseline,99,34.1761013730894,19.567728759897978,65.06603096326798,2025-12-08
baseline,100,38.03802078264971,21.7998679927729,70.81649380924358,2025-12-09
baseline,101,43.80330932362344,25.267507231674436,79.18134269813994,2025-12-10
baseline,102,50.264856024339096,29.98989745195024,87.24902812964224,2025-12-11
baseline,103,57.63975679978422,35.43404192341642,98.278536670897,2025-12-12
baseline,104,65.84204515296531,40.45065912919622,108.82007588203098,2025-12-13
baseline,105,70.06411935180218,43.63975574788694,113.0845651682181,2025-12-14
baseline,106,71.92161485464644,44.497723705452444,112.31793291226641,2025-12-15
baseline,107,78.00726702330266,48.268230054637755,117.23967126746547,2025-12-16
baseline,108,87.42076166791588,54.07528200718757,128.96667169470618,2025-12-17
baseline,109,98.1565226187332,62.38558199759096,143.07264470265775,2025-12-18
baseline,110,109.5650674274679,70.1585153536001,156.03336967956847,2025-12-19
baseline,111,119.92719691707153,76.32723574687193,168.46557950712733,2025-12-20
baseline,112,123.61896499521683,78.65785762317476,174.12530274596244,2025-12-21
baseline,113,122.48519274329679,79.11175958341697,172.1233956881751,2025-12-22
baseline,114,124.92220332042479,82.00466120180212,175.47934892081892,2025-12-23
baseline,115,128.4770268715942,86.24863630833622,178.5844410566255,2025-12-24
baseline,116,130.8306984400853,88.76415718506394,185.63264983127758,2025-12-25
baseline,117,130.10791036951815,87.94741571468941,185.80331669644457,2025-12-26
baseline,118,129.16462719494774,86.95936004357205,184.921102196497,2025-12-27
baseline,119,126.2382915351005,86.04382960735637,181.88995098553858,2025-12-28
baseline,120,121.3105648674269,81.61537277621754,175.03222090030724,2025-12-29
baseline,121,118.60118369559446,78.69669311474723,170.4965228203784,2025-12-30
baseline,122,116.91621679408308,75.60688749829698,167.90527422244193,2025-12-31
baseline,123,115.4439486034441,73.20772165870149,166.69214401094357,2026-01-01
baseline,124,111.29399633335872,69.69805899355686,160.51821526029732,2026-01-02
baseline,125,107.72640784957794,66.36254188715765,156.70223804300505,2026-01-03
baseline,126,102.54124369183768,62.812882250367075,148.55621407714924,2026-01-04
baseline,127,96.56811962689257,59.82791431160294,139.3115849994372,2026-01-05
baseline,128,93.86397367758035,59.06793968080259,134.86390917409756,2026-01-06
baseline,129,93.56264999038129,58.26504356850484,133.74361371991697,2026-01-07
baseline,130,93.42059125572868,57.77108625213846,134.90850958963014,2026-01-08
baseline,131,93.23754277518016,56.88695479948162,135.16045367335218,2026-01-09
baseline,132,92.27232468768867,56.80250882000007,135.8073110534784,2026-01-10
baseline,133,87.61133350568863,54.5818523714515,129.54749981894045,2026-01-11
baseline,134,81.60061193192503,51.07620260487805,119.46919116755524,2026-01-12
baseline,135,77.32442824901622,48.96994565627101,114.79054236014693,2026-01-13
baseline,136,74.78544964298857,48.671195312480734,110.92737888959611,2026-01-14
baseline,137,73.57335370000025,47.561930337460346,110.52983798426047,2026-01-15
baseline,138,72.06282434075268,47.724359297189395,108.57315463307698,2026-01-16
baseline,139,70.25772396486232,46.51390296458089,106.03204262562465,2026-01-17
baseline,140,65.8256211612138,43.17071029244691,99.74323038364368,2026-01-18
baseline,141,60.020305999717046,39.91832689529882,91.4953434016631,2026-01-19
baseline,142,55.398798736915914,36.22601571450617,85.14616325914955,2026-01-20
baseline,143,51.987904485107435,33.85683234469711,81.21491033796285,2026-01-21
baseline,144,49.96491203486801,32.55858926335003,77.96086855672851,2026-01-22
baseline,145,48.762899105028076,31.248481208676505,75.76686835277602,2026-01-23
baseline,146,47.13798091797682,29.6099477265563,74.00824947519096,2026-01-24
baseline,147,44.279927035255696,27.287000526106475,70.52689641708557,2026-01-25
baseline,148,40.25986234541138,24.689356619378835,65.79621248544548,2026-01-26
baseline,149,37.686618409180454,23.147247367030047,62.16287625190865,2026-01-27
baseline,150,36.0771175008619,22.107953211839412,60.07492740986669,2026-01-28
baseline,151,35.17248705853977,21.270390367587385,58.63907464900347,2026-01-29
baseline,152,34.30469231015255,20.687878332609085,57.173346897623055,2026-01-30
baseline,153,33.52727248982916,20.075290349842273,56.09751495447062,2026-01-31
baseline,154,31.39951921972292,18.87190104934177,52.94769132975094,2026-02-01
baseline,155,28.9355070614467,17.17400882514483,49.42595382603133,2026-02-02
baseline,156,27.073396217569247,15.790797397282333,46.916384313583706,2026-02-03
baseline,157,26.186837088042864,15.089015493761702,45.8184087382358,2026-02-04
baseline,158,25.360346236200137,14.713569427896216,45.342513222288154,2026-02-05
baseline,159,25.040090720370806,14.196303659153713,45.75036465828003,2026-02-06
baseline,160,24.314150222511262,13.881284650793427,45.91902770272656,2026-02-07
baseline,161,22.907969072560682,12.750797260272623,43.68557290382876,2026-02-08
baseline,162,21.120310311010964,11.81788339093257,40.04308710277423,2026-02-09
baseline,163,19.975737301114528,11.351331688287242,38.369736579707634,2026-02-10
baseline,164,19.395558248485102,11.123313191392635,37.11564387099739,2026-02-11
baseline,165,18.962436785372468,11.067117972937389,37.54066235514698,2026-02-12
baseline,166,18.89210468364012,10.924552140818008,37.864726944871485,2026-02-13
baseline,167,18.726749857123497,10.810254932956509,37.59891829768064,2026-02-14
baseline,168,17.777691154639875,10.416068714692964,35.86788588940585,2026-02-15
baseline,169,16.555265775327612,9.771887521427232,33.321110646279834,2026-02-16
baseline,170,15.528950502366826,9.156188115103975,31.0163119879961,2026-02-17
baseline,171,14.722305000140238,8.76428058206268,28.89723836378326,2026-02-18
baseline,172,13.882643345661156,8.2594297447158,27.222751921182322,2026-02-19
baseline,173,13.213668499132648,7.835767118958447,25.92622855566478,2026-02-20
baseline,174,12.462362804342725,7.461544755518918,24.657416795579536,2026-02-21
baseline,175,11.563355877467355,6.965709771927628,22.940104243567664,2026-02-22
baseline,176,10.602815722973006,6.401356433914293,21.00278899913501,2026-02-23
baseline,177,10.143402542964896,6.109647660364117,19.85282444640504,2026-02-24
baseline,178,10.085979917780023,6.025022350477359,19.36229006812045,2026-02-25
baseline,179,10.103752358960524,5.998733667750839,19.276595874692593,2026-02-26
baseline,180,10.086238459058887,5.969370301149579,19.288320263383568,2026-02-27
baseline,181,10.113500481787321,5.949718941035691,19.212700586740738,2026-02-28
baseline,182,9.688072885573668,5.670409532642967,18.42968314483478,2026-03-01
baseline,183,9.088321841491478,5.241647883162678,17.354347194165946,2026-03-02
baseline,184,8.808744302359244,5.016783414960079,16.794136765521607,2026-03-03
baseline,185,8.74431169785203,5.019050994437243,16.403974597656514,2026-03-04
baseline,186,8.802049183570073,5.045974417633826,16.22269603119516,2026-03-05
baseline,187,8.926212005575,5.053896292371961,16.313688983604052,2026-03-06
baseline,188,8.963561056308134,4.946193596504037,16.329924247977925,2026-03-07
baseline,189,8.624728153413127,4.694307136636275,15.745856006188394,2026-03-08
baseline,190,8.106114058010153,4.387351158935464,14.851170718637272,2026-03-09
baseline,191,7.837192824080512,4.2112990901539415,14.699539550414475,2026-03-10
baseline,192,7.7255133887632725,4.196788069541269,14.615694854128597,2026-03-11
baseline,193,7.794797894348053,4.195789940739412,14.686928979871434,2026-03-12
baseline,194,7.858071826425597,4.27525904144344,14.40857476183968,2026-03-13
baseline,195,8.013194025993146,4.318992522075854,14.28236800317807,2026-03-14
baseline,196,7.7842064908090975,4.159584454315293,13.74121791946988,2026-03-15
baseline,197,7.327607641172597,3.9570675722407165,12.929222161268035,2026-03-16
baseline,198,7.1610932601340025,3.915086874929839,12.392045818500735,2026-03-17
baseline,199,7.269706446040134,3.988066544891624,12.36120290457763,2026-03-18
baseline,200,7.448028766818905,4.103794804951572,12.716656998962241,2026-03-19
baseline,201,7.667327513161377,4.260880858677971,13.047514653983127,2026-03-20
baseline,202,7.831615250036514,4.286390505970406,13.667912775823908,2026-03-21
baseline,203,7.559379688702721,4.105235619443192,13.323867052168188,2026-03-22
baseline,204,7.157159475853305,3.834615444563021,12.604921056790303,2026-03-23
baseline,205,6.921719822931145,3.6822178475314717,12.471088877970976,2026-03-24
baseline,206,6.900454673181105,3.707114920384498,12.38802481216158,2026-03-25
baseline,207,6.996513763719339,3.7990433237541446,12.46260997896637,2026-03-26
baseline,208,7.070488981201813,3.926617376710249,12.973048813308813,2026-03-27
baseline,209,7.150450607064896,4.084015107029203,13.24813083248992,2026-03-28
baseline,210,6.955763131084932,4.06791745093148,12.889120227914258,2026-03-29
baseline,211,6.609859747098074,3.8561545071556567,12.24680130345365,2026-03-30
baseline,212,6.428949348870031,3.7095189814346177,12.105135273202412,2026-03-31
baseline,213,6.417351422778535,3.677701155765119,12.188232337833883,2026-04-01
baseline,214,6.389419549134458,3.6141493917465186,12.363010238676855,2026-04-02
baseline,215,6.425655556816177,3.5667690219728923,12.496679684944477,2026-04-03
baseline,216,6.4344266531056,3.60529557450405,12.738850447632013,2026-04-04
baseline,217,6.221060564770344,3.4953509059566428,12.176941957146868,2026-04-05
baseline,218,5.842949816856482,3.297920175623449,11.372757204689387,2026-04-06
baseline,219,5.631460039047047,3.1899861390518076,10.930355155724179,2026-04-07
baseline,220,5.615718439327363,3.1720459728418833,10.906447523851194,2026-04-08
baseline,221,5.743033432088956,3.241306654019529,11.333067908926276,2026-04-09
baseline,222,5.90003783035411,3.3087642393572105,11.637382299611888,2026-04-10
baseline,223,6.0110042625599815,3.3336491599196827,11.873224812871593,2026-04-11
baseline,224,5.868313055310667,3.2094002105382926,11.374349327584529,2026-04-12
baseline,225,5.519143085171876,3.027450200899197,10.674292232994322,2026-04-13
baseline,226,5.3634994462206755,2.9485973462893385,10.22371052032412,2026-04-14
baseline,227,5.301305701562319,2.8852318251738978,9.992068195853273,2026-04-15
baseline,228,5.278777707212976,2.887742870586409,9.961837286488235,2026-04-16
baseline,229,5.282959177572774,2.8820531938900165,10.041579665596437,2026-04-17
baseline,230,5.256967944749364,2.7805178717704635,10.17660656886638,2026-04-18
baseline,231,5.015927732959008,2.6095597908383374,9.788516617862815,2026-04-19
baseline,232,4.702563471019742,2.3592243879483967,9.20820940766431,2026-04-20
baseline,233,4.462167616073529,2.1643044872305714,8.773433540661523,2026-04-21
baseline,234,4.288262437121899,2.0683578149605277,8.441025211898356,2026-04-22
baseline,235,4.157047172459987,1.9738681039641237,8.27246945794025,2026-04-23
baseline,236,4.016940186918428,1.8695090594718973,8.111841939241872,2026-04-24
baseline,237,3.8485054411653685,1.744815006521872,7.9298209644083135,2026-04-25
baseline,238,3.6492344558443,1.5621517754297811,7.510302756554517,2026-04-26
baseline,239,3.422108654182312,1.412962729200558,7.096757646351279,2026-04-27
baseline,240,3.2882546360818075,1.2866727110483085,7.006404447858813,2026-04-28
baseline,241,3.222162968313489,1.216443842219673,7.193851484437175,2026-04-29
baseline,242,3.210679224825718,1.1511744941829307,7.318631818872243,2026-04-30
baseline,243,3.286256587320853,1.1054161669904887,7.938086124391852,2026-05-01
baseline,244,3.2871944000281177,1.0767951375543763,8.53201735636922,2026-05-02
baseline,245,3.216562697260684,0.9811382294221032,8.514304632687601,2026-05-03
baseline,246,3.0279129016109847,0.8743000645914485,8.416023378558158,2026-05-04
baseline,247,2.917178742046921,0.7967079254681465,8.30814258207383,2026-05-05
baseline,248,2.931534806661759,0.7362885334563369,8.436442978689017,2026-05-06
baseline,249,2.867302522294092,0.6923097738466325,9.21868880873509,2026-05-07
baseline,250,2.8867747006007765,0.6377492758412092,9.706293192508829,2026-05-08
no vax,1,0.17165393748457872,0.02087041531007663,1.0364537932405673,2025-09-01
no vax,2,0.41703985500563073,0.051413319108094505,2.5010962544719875,2025-09-02
no vax,3,0.5342921460233376,0.06890764706130828,3.157776124181161,2025-09-03
no vax,4,0.6039519822121229,0.08218117203693016,3.509888552864952,2025-09-04
no vax,5,0.6514976584326584,0.0934394844657708,3.706990942094839,2025-09-05
no vax,6,0.6868708711142876,0.10366506770637461,3.7667001174883983,2025-09-06
no vax,7,0.696942545971185,0.1078034312309873,3.6492828684801553,2025-09-07
no vax,8,0.6699606173168352,0.10953362128512664,3.4234322944302975,2025-09-08
no vax,9,0.6727850128335995,0.1186613885913849,3.322147982204647,2025-09-09
no vax,10,0.7018051931204591,0.1315923470949823,3.281664247768177,2025-09-10
no vax,11,0.7519282514832341,0.14744945580737265,3.300023721935689,2025-09-11
no vax,12,0.8008462836785808,0.16594701223813768,3.404640015681988,2025-09-12
no vax,13,0.8449063799102247,0.1823611016250272,3.487030483217666,2025-09-13
no vax,14,0.8490080039270099,0.18768985193431653,3.3419265127243296,2025-09-14
no vax,15,0.8226823453530484,0.18845071886617398,3.1745781179432755,2025-09-15
no vax,16,0.837691349856901,0.20143347111944443,3.052506271009381,2025-09-16
no vax,17,0.8899703346701402,0.21527836085546592,2.9934094165167213,2025-09-17
no vax,18,0.9424583785988356,0.23163969975153664,3.0258069326197123,2025-09-18
no vax,19,1.0158183553997613,0.25315139150309873,3.052467769387146,2025-09-19
no vax,20,1.0783570466813504,0.2747925248208064,3.1016234651080246,2025-09-20
no vax,21,1.0860665159798994,0.28035662597249805,3.092195840321666,2025-09-21
no vax,22,1.065397648526842,0.27408452042317877,3.0659835342541975,2025-09-22
no vax,23,1.0842702856847701,0.27664058474521647,3.0714447857468734,2025-09-23
no vax,24,1.1229602902182474,0.2973536400601979,3.115970390634258,2025-09-24
no vax,25,1.1564083557020841,0.3186314947411181,3.1799792552318045,2025-09-25
no vax,26,1.2227258500302027,0.3444251326283862,3.2508525733101084,2025-09-26
no vax,27,1.267849165419819,0.36077845449673035,3.2312706056414457,2025-09-27
no vax,28,1.2500171051354152,0.3618520316825627,3.0873091412105964,2025-09-28
no vax,29,1.1877890012415693,0.35787856223037545,2.9200688659756047,2025-09-29
no vax,30,1.1653796797299028,0.3667736820202135,2.847924615007804,2025-09-30
no vax,31,1.192290592275735,0.3815911885297395,2.878352183571646,2025-10-01
no vax,32,1.2629740405100582,0.41267369410168303,2.9856083403752915,2025-10-02
no vax,33,1.352723925642031,0.4528679837602583,3.1463345921733437,2025-10-03
no vax,34,1.424395923829106,0.4796264481897606,3.245026339129946,2025-10-04
no vax,35,1.4195268648642025,0.4863822878712929,3.215874316452386,2025-10-05
no vax,36,1.3790609543066765,0.484776609023682,3.0962795971861827,2025-10-06
no vax,37,1.3733830595100607,0.501376370209983,3.0514327559194943,2025-10-07
no vax,38,1.4047665684332,0.5309369537985456,3.114821895835266,2025-10-08
no vax,39,1.468211524807137,0.5530723200991434,3.1800859128498327,2025-10-09
no vax,40,1.5758849715601597,0.5880044408426766,3.322931400239394,2025-10-10
no vax,41,1.6850461307930404,0.6359001332383725,3.452344423974037,2025-10-11
no vax,42,1.694068690847212,0.6487442481932406,3.43924480050282,2025-10-12
no vax,43,1.6449540016548316,0.655102836477083,3.340970796070107,2025-10-13
no vax,44,1.6147948198091417,0.6800755133739897,3.318605628025902,2025-10-14
no vax,45,1.6577871723888817,0.7204874462009119,3.423350769916699,2025-10-15
no vax,46,1.7696615474287354,0.7636445524963137,3.644124951486214,2025-10-16
no vax,47,1.9061415521256961,0.8235752436469216,3.8738685351306863,2025-10-17
no vax,48,2.0179977689925206,0.8748896581992053,4.212384341697939,2025-10-18
no vax,49,2.0402933759730564,0.8752398921366685,4.274490740192208,2025-10-19
no vax,50,1.9956103115071102,0.8588079821431538,4.178222930787074,2025-10-20
no vax,51,2.0304229741261164,0.8747949909463886,4.331628970949066,2025-10-21
no vax,52,2.1241329257768697,0.9184114953350733,4.583518088523417,2025-10-22
no vax,53,2.244504607962752,0.9825275832587071,4.936657863738666,2025-10-23
no vax,54,2.382198086850148,1.0548822770258595,5.387970697963977,2025-10-24
no vax,55,2.5480102602712127,1.1436834965479261,5.909660102028657,2025-10-25
no vax,56,2.5923493496254975,1.1936189753047215,6.076510392197053,2025-10-26
no vax,57,2.573060364910563,1.2000824723132368,5.829758668732345,2025-10-27
no vax,58,2.6387578127826883,1.2302627666893509,5.713990481234434,2025-10-28
no vax,59,2.7999695332247128,1.329483638184055,6.052699407486099,2025-10-29
no vax,60,2.982095498397529,1.4527098133080298,6.603022357957838,2025-10-30
no vax,61,3.182866886193791,1.5789894704799867,7.264570283299859,2025-10-31
no vax,62,3.385952593677377,1.6915411241945844,8.144441767642048,2025-11-01
no vax,63,3.4080693068558934,1.7165394049049159,8.417334945507688,2025-11-02
no vax,64,3.381352165383596,1.6973503640021792,8.37485016643345,2025-11-03
no vax,65,3.480443159773289,1.7746027187863358,8.636742823900175,2025-11-04
no vax,66,3.776254807024724,1.9008602193707682,9.200280155988064,2025-11-05
no vax,67,4.1472521061207255,2.0646217475313664,10.38861972430432,2025-11-06
no vax,68,4.560887350634508,2.2714386578374706,11.636769944433516,2025-11-07
no vax,69,4.979028574389802,2.4656168612716063,12.67647242457301,2025-11-08
no vax,70,5.135673161518634,2.530173252250546,13.359857539479183,2025-11-09
no vax,71,5.175858682098997,2.5142321054312173,13.665658072952356,2025-11-10
no vax,72,5.317951426306989,2.5993020177843214,14.343434878574413,2025-11-11
no vax,73,5.740281687013251,2.734561897598253,15.396167040425595,2025-11-12
no vax,74,6.329754474859219,3.0351759710471766,17.423097965083226,2025-11-13
no vax,75,7.035245294883542,3.3881834323600692,20.050023823702126,2025-11-14
no vax,76,7.769308940524057,3.6980304729317033,22.98309197644236,2025-11-15
no vax,77,8.092960471402995,3.817992089716961,24.5908056240379,2025-11-16
no vax,78,8.177870849709759,3.920581946398407,25.46483977138222,2025-11-17
no vax,79,8.727707446379085,4.284666032978797,27.404509594368587,2025-11-18
no vax,80,9.7739954048527,4.893872653977483,29.72526983427461,2025-11-19
no vax,81,11.064164265895151,5.673408767104441,32.316503718560966,2025-11-20
no vax,82,12.40922276205551,6.633380115630492,35.2578774027222,2025-11-21
no vax,83,13.886010022250959,7.582666526675262,38.70876244510997,2025-11-22
no vax,84,14.450177280196069,8.06469297463458,41.024226313088825,2025-11-23
no vax,85,14.667636025410133,8.358584998038555,41.80395093287344,2025-11-24
no vax,86,16.250446895599026,9.1441247476443,44.5290236079322,2025-11-25
no vax,87,17.982605259333774,10.1844738398021,47.77100006699356,2025-11-26
no vax,88,19.980785200117626,11.108108533338633,51.737458417921275,2025-11-27
no vax,89,21.275012503945625,11.695775310329399,53.41975315453641,2025-11-28
no vax,90,22.55161911263884,12.387818995742032,54.888761571890285,2025-11-29
no vax,91,23.223763376246243,12.675714553613819,55.22215354744103,2025-11-30
no vax,92,23.76163063822396,12.657917321611901,53.84184019829403,2025-12-01
no vax,93,25.61714786746096,13.888539303799305,57.356003424710124,2025-12-02
no vax,94,29.367754380935576,15.976493564569026,63.79600541707247,2025-12-03
no vax,95,34.158359075590084,18.444915594052862,70.99383762291689,2025-12-04
no vax,96,39.834452133930256,21.500842126511415,80.00483687173488,2025-12-05
no vax,97,46.307257538874346,25.584823681915257,90.84779954894958,2025-12-06
no vax,98,49.981687257470305,28.27493672247352,97.25825844964633,2025-12-07
no vax,99,53.26576443773745,29.97520429390688,100.8098122981377,2025-12-08
no vax,100,59.93002798985543,33.91124088768269,110.69047172389001,2025-12-09
no vax,101,70.24718740958846,40.16556468814266,124.29904932997934,2025-12-10
no vax,102,81.72691251987348,48.095862986404875,139.30387783016263,2025-12-11
no vax,103,95.30778557758971,57.446123309446634,157.26639746506362,2025-12-12
no vax,104,109.94078397709339,67.53774058129582,175.24607418732165,2025-12-13
no vax,105,117.73058730348319,72.33231962218501,181.14884619086757,2025-12-14
no vax,106,122.45644659852313,74.56985897555008,186.87950453234401,2025-12-15
no vax,107,134.73342449754196,82.0289648702696,200.72493297477286,2025-12-16
no vax,108,152.9562773890712,93.71252611263593,224.9527919272796,2025-12-17
no vax,109,174.4100385559949,109.13830731903973,253.58018517511823,2025-12-18
no vax,110,196.96586152194118,124.06487325533828,279.76273291592776,2025-12-19
no vax,111,217.6389515467187,137.61576411567722,309.80069014352824,2025-12-20
no vax,112,225.94008063260438,143.4575291683601,322.7052407497398,2025-12-21
no vax,113,228.91118070168457,146.44977271730446,319.21365101032234,2025-12-22
no vax,114,234.40176044575384,150.16201404216008,328.77454368681015,2025-12-23
no vax,115,242.37127737540544,158.17188101831468,341.35141721187404,2025-12-24
no vax,116,250.2904864441412,158.0827764469389,357.14470497429403,2025-12-25
no vax,117,250.6994429029432,154.82076285868914,358.9301556660128,2025-12-26
no vax,118,252.18550734116423,151.83185427048824,363.5599431251111,2025-12-27
no vax,119,249.13408483374042,146.1977971610317,361.9754295283758,2025-12-28
no vax,120,241.61536288353045,139.33703547203646,352.38119159628303,2025-12-29
no vax,121,236.90167667069193,134.25102867085644,347.28572518058684,2025-12-30
no vax,122,235.08348099878083,130.73399416921228,347.0630381960814,2025-12-31
no vax,123,233.4239711650445,129.0297942122204,345.1519732843181,2026-01-01
no vax,124,227.57841764415397,121.6607681662893,334.65354220511443,2026-01-02
no vax,125,222.80574211200707,118.78329220572655,328.6056297812656,2026-01-03
no vax,126,213.1316998642548,111.82203456600529,316.60397764521656,2026-01-04
no vax,127,199.9992697036927,103.87051671819837,300.3884598384913,2026-01-05
no vax,128,196.89116973221107,100.39237444059837,292.3815810964745,2026-01-06
no vax,129,198.8027486454916,100.15259353909377,294.22190454176643,2026-01-07
no vax,130,198.00448362057898,101.28348034617412,298.3433140011926,2026-01-08
no vax,131,197.0336643744594,101.56326229736919,301.52499332166803,2026-01-09
no vax,132,195.28814380517662,100.37411912898051,303.9157795612375,2026-01-10
no vax,133,186.46211581457771,95.31592030655374,292.36089840417793,2026-01-11
no vax,134,173.17825643342164,88.49319435699006,277.22277438843867,2026-01-12
no vax,135,165.21953999756266,84.49141598997585,264.3614739437669,2026-01-13
no vax,136,161.25542228991213,83.7156408905005,260.0760908335972,2026-01-14
no vax,137,159.16366372740026,83.44879170422546,259.53996345422104,2026-01-15
no vax,138,156.51074386226043,82.32699259720853,259.44937660351735,2026-01-16
no vax,139,152.8252107532765,81.4958166132475,258.3683685372387,2026-01-17
no vax,140,144.8889737774794,76.02306140136955,246.40253668219407,2026-01-18
no vax,141,132.78161041466706,68.60702221259119,226.15153643032818,2026-01-19
no vax,142,123.05416189738776,62.20414652130894,207.79481856334237,2026-01-20
no vax,143,117.55598461061126,57.69264504337124,196.8047511577822,2026-01-21
no vax,144,114.65123024552635,54.73252844192937,195.00005139116908,2026-01-22
no vax,145,111.1749271755372,52.81553166971066,188.79560628939058,2026-01-23
no vax,146,106.08632845639355,50.749945667602695,186.88758184507307,2026-01-24
no vax,147,100.10524857475528,46.947800255317794,181.5247523248423,2026-01-25
no vax,148,92.08783530939742,42.399219388221375,168.57423475218653,2026-01-26
no vax,149,85.87054153743998,38.98514523882388,157.10079914399967,2026-01-27
no vax,150,82.51781991009591,36.79304313385526,149.9972709957207,2026-01-28
no vax,151,80.68875988653515,35.34803617351452,150.3436226513056,2026-01-29
no vax,152,78.63381041470215,33.93342431142324,152.96532675923376,2026-01-30
no vax,153,76.8530085707652,32.31399790704376,153.38817741004564,2026-01-31
no vax,154,72.06193992246398,29.83496269746923,148.2642094348101,2026-02-01
no vax,155,66.63308037043302,27.199463373997634,137.66403207337046,2026-02-02
no vax,156,62.955184294055314,25.1536611782307,131.26451204767127,2026-02-03
no vax,157,60.82766811697893,23.934289196924794,127.86007876978437,2026-02-04
no vax,158,59.1850067571725,22.88283896591447,124.3952399320996,2026-02-05
no vax,159,57.979159725718596,22.20590666852412,123.5375660961643,2026-02-06
no vax,160,56.94554705097815,21.22986175044839,123.83269702712903,2026-02-07
no vax,161,53.682931951215906,19.689009643344665,118.98370878966641,2026-02-08
no vax,162,49.44419089637606,17.887943097477,111.30524559780265,2026-02-09
no vax,163,47.252754433454214,16.577657248827148,108.8490996237205,2026-02-10
no vax,164,45.511396255719056,15.690928325708857,106.1309968089247,2026-02-11
no vax,165,44.90075105433306,14.985124602282188,107.28168272830075,2026-02-12
no vax,166,44.51515103633105,14.337109961856697,109.16320830842534,2026-02-13
no vax,167,43.9668599040702,13.77724513162918,110.69177125304837,2026-02-14
no vax,168,42.04908742610343,13.069428556465686,107.51353037058233,2026-02-15
no vax,169,39.16569789207177,11.930165162304357,101.58539162989123,2026-02-16
no vax,170,37.103429796636966,10.836588837348184,96.79193865221714,2026-02-17
no vax,171,35.27634525676659,9.930267517218734,92.32983429661051,2026-02-18
no vax,172,33.6576895253245,9.188701483422433,86.68240703256826,2026-02-19
no vax,173,31.957286285863013,8.675762258864362,81.75476318791542,2026-02-20
no vax,174,30.81039573590897,8.21775337632255,77.33421995625869,2026-02-21
no vax,175,28.69458031324218,7.567675717116108,71.72292891538349,2026-02-22
no vax,176,26.424853439388126,6.913543913642407,65.76590045716603,2026-02-23
no vax,177,25.552919683658516,6.5487363618935275,62.55536617042788,2026-02-24
no vax,178,25.113599952681106,6.400608115579229,61.60709790457819,2026-02-25
no vax,179,25.283083717684132,6.337742668564301,62.39382869685934,2026-02-26
no vax,180,25.585260164581026,6.292916729218107,63.77715183867062,2026-02-27
no vax,181,25.754895280897276,6.143269226377448,64.87540011819557,2026-02-28
no vax,182,24.899037261075954,5.758578974267465,63.16184336205926,2026-03-01
no vax,183,23.497701916828515,5.278198675701084,60.03601993478037,2026-03-02
no vax,184,23.039753294427683,5.0957588738069095,59.01356335018677,2026-03-03
no vax,185,23.268943822360075,5.168741914727328,59.51518130561345,2026-03-04
no vax,186,23.176672824749417,5.224237782743806,59.983431459332955,2026-03-05
no vax,187,23.512853087393243,5.281030407633539,60.58391343660724,2026-03-06
no vax,188,23.594614917269915,5.335194370070107,60.76625503192083,2026-03-07
no vax,189,22.8050437201872,5.187742634164164,58.53367947783797,2026-03-08
no vax,190,21.502441158982318,4.922923496513662,55.106908486499314,2026-03-09
no vax,191,20.786605931273748,4.7950487717103565,53.56165687868096,2026-03-10
no vax,192,20.62517160242297,4.724062442355131,52.83460257102821,2026-03-11
no vax,193,20.94450224474109,4.628425516147223,53.66970680632605,2026-03-12
no vax,194,21.28111477996277,4.653970985204298,55.27131052509633,2026-03-13
no vax,195,21.773198291020538,4.721925821659805,54.5562464947008,2026-03-14
no vax,196,21.09558960044241,4.593661784043378,53.02903812441686,2026-03-15
no vax,197,20.004351707277564,4.340085328151295,50.02575966394251,2026-03-16
no vax,198,19.40526334676855,4.191956707293311,47.72288785089923,2026-03-17
no vax,199,19.649644163222717,4.184835307507735,47.6247547051676,2026-03-18
no vax,200,20.21478271193984,4.272205098375825,48.76917130005283,2026-03-19
no vax,201,20.7824427299505,4.359266568160812,50.915852854344195,2026-03-20
no vax,202,21.0932258014426,4.375523979286425,52.386713617797284,2026-03-21
no vax,203,20.492874699995777,4.1971702590583595,51.6912654950772,2026-03-22
no vax,204,19.529026091500107,3.9267508183134994,49.527115428081174,2026-03-23
no vax,205,19.201798524582387,3.823334483399458,49.70674322100805,2026-03-24
no vax,206,19.15601756584975,3.912860493048294,51.479011656239436,2026-03-25
no vax,207,19.64438557020386,4.047686134206111,53.98397993606091,2026-03-26
no vax,208,19.945688232281768,4.1463273937223954,56.25174136356673,2026-03-27
no vax,209,20.104288456803754,4.223874633250385,57.567325812008136,2026-03-28
no vax,210,19.55629018034589,4.062426673798103,56.64292627305168,2026-03-29
no vax,211,18.58970478016966,3.825301982291064,54.85531966149486,2026-03-30
no vax,212,17.96841251977103,3.861375981914887,54.05119798901101,2026-03-31
no vax,213,18.06812151520533,3.8514784197263556,53.35580935354903,2026-04-01
no vax,214,18.067486899872343,3.762465113711874,52.825391367332564,2026-04-02
no vax,215,18.341983175205335,3.7427650646871986,53.271347275403066,2026-04-03
no vax,216,18.277390420873495,3.6603347716605206,53.670665586081014,2026-04-04
no vax,217,17.75825496459278,3.4410411900365916,51.92912185870696,2026-04-05
no vax,218,16.880668258916753,3.1893629796565093,49.6159381369266,2026-04-06
no vax,219,16.568069370008956,3.058145221735465,49.351335721580206,2026-04-07
no vax,220,16.34732913461087,3.031638681726775,49.82919339637938,2026-04-08
no vax,221,16.379940135219346,3.0486372122285483,50.5703429828306,2026-04-09
no vax,222,16.897114388541155,3.0853096263151296,52.04963435328084,2026-04-10
no vax,223,17.215630645878367,3.1027391069898655,51.29685619091287,2026-04-11
no vax,224,16.677903531192385,3.0290791005634277,48.88753361899192,2026-04-12
no vax,225,15.941374047877959,2.907986335168171,46.56064614966316,2026-04-13
no vax,226,15.309041733295091,2.874205880312733,46.06023856017553,2026-04-14
no vax,227,15.166627004201771,2.7804241865109502,45.8569207939325,2026-04-15
no vax,228,15.1963637160958,2.579066098871333,46.374943303271074,2026-04-16
no vax,229,15.365519701883422,2.397605161392271,45.37769683594068,2026-04-17
no vax,230,15.303703050026726,2.2606982658659422,45.13958367095192,2026-04-18
no vax,231,14.814578361071465,2.1342359918850016,44.33914877339066,2026-04-19
no vax,232,14.087927398460169,1.9624012187153048,41.221870778833555,2026-04-20
no vax,233,13.232882685089367,1.8221044560151347,39.26848592367849,2026-04-21
no vax,234,12.914020900541363,1.722649732902776,38.39274739545264,2026-04-22
no vax,235,12.582040103034764,1.641312632322218,37.66557559529945,2026-04-23
no vax,236,12.35639975408406,1.545826142993604,35.97993567235719,2026-04-24
no vax,237,11.909444804710086,1.450982562948374,35.10777928410575,2026-04-25
no vax,238,11.227129038415612,1.3353382615479077,33.210273245874674,2026-04-26
no vax,239,10.51467388488247,1.2630688646835924,30.999619969564232,2026-04-27
no vax,240,10.074035920075545,1.245569004591481,30.371904998037948,2026-04-28
no vax,241,9.98452994318224,1.2330303046512796,31.345324455769077,2026-04-29
no vax,242,9.913221493470962,1.217607173655678,33.163071117491384,2026-04-30
no vax,243,9.915089845075995,1.179941966448595,33.761027946977705,2026-05-01
no vax,244,9.922431423961054,1.1376317946424177,34.10918049665331,2026-05-02
no vax,245,9.626636746205147,1.058082043724536,33.787666013524806,2026-05-03
no vax,246,9.044536392603716,0.9618716713184486,33.686284822910224,2026-05-04
no vax,247,8.866809857375284,0.8913766069129105,36.11597972691433,2026-05-05
no vax,248,8.683455083777979,0.839964281972889,38.930331897769555,2026-05-06
no vax,249,8.83365624034891,0.7965655318198247,41.16712871044672,2026-05-07
no vax,250,8.857145133725302,0.7777542557250556,45.13155701524659,2026-05-08
