scenario,day,median_value,p_lo,p_hi,date
70% coverage (all ages),1,0.3500406615864128,0.10141796394139892,0.8119859946699711,2025-09-01
70% coverage (all ages),2,0.8374864701563224,0.24408643167038332,1.9408580612793755,2025-09-02
70% coverage (all ages),3,1.0259217400583363,0.30004771645642997,2.3607472619446637,2025-09-03
70% coverage (all ages),4,1.092157826951267,0.32227603352786255,2.4721324265030074,2025-09-04
70% coverage (all ages),5,1.0940865389197922,0.3256528626176687,2.5031719879029803,2025-09-05
70% coverage (all ages),6,1.0827520850363175,0.33271324140272196,2.4619374357729322,2025-09-06
70% coverage (all ages),7,1.0471989249381812,0.3257256061132144,2.333686353097345,2025-09-07
70% coverage (all ages),8,1.0028987977662462,0.3167106320145531,2.1856754742579354,2025-09-08
70% coverage (all ages),9,0.9832357022026187,0.3202462794039372,2.0906089328612008,2025-09-09
70% coverage (all ages),10,0.9752875758988342,0.3243745239426034,2.039534387274811,2025-09-10
70% coverage (all ages),11,0.9858547187496829,0.3417639879642746,2.0206950360263205,2025-09-11
70% coverage (all ages),12,1.0110044960906506,0.36285960539322654,2.0447653135679826,2025-09-12
70% coverage (all ages),13,1.0403040024608055,0.39956296263844815,2.1130643318047087,2025-09-13
70% coverage (all ages),14,1.0352563966300667,0.40422465236330685,2.093105502891866,2025-09-14
70% coverage (all ages),15,1.0279364321502227,0.4090185980022253,2.0283616092546333,2025-09-15
70% coverage (all ages),16,1.041576266188399,0.4253722787724157,2.0012804973731755,2025-09-16
70% coverage (all ages),17,1.0649161739446429,0.4461657167380105,2.023431105556412,2025-09-17
70% coverage (all ages),18,1.098636330716559,0.47726708153754244,2.0607312632837846,2025-09-18
70% coverage (all ages),19,1.142132932004177,0.5035436073570791,2.1334002731983475,2025-09-19
70% coverage (all ages),20,1.1893508195842608,0.5356565376096079,2.2141864447295228,2025-09-20
70% coverage (all ages),21,1.2092027432537615,0.554420458780062,2.2928594895194645,2025-09-21
70% coverage (all ages),22,1.2119213614262772,0.5587244090441978,2.28685975283402,2025-09-22
70% coverage (all ages),23,1.2272837841741402,0.5695198076230545,2.3234133369645225,2025-09-23
70% coverage (all ages),24,1.2520387209125092,0.5839125794009653,2.343066802069465,2025-09-24
70% coverage (all ages),25,1.2804119259017253,0.6115089752344085,2.401595900207438,2025-09-25
70% coverage (all ages),26,1.3186541359378356,0.6213886522540836,2.4553245671071493,2025-09-26
70% coverage (all ages),27,1.3454918770217767,0.6496475509562349,2.504295023123373,2025-09-27
70% coverage (all ages),28,1.337526408217997,0.6556688025205968,2.471042803981565,2025-09-28
70% coverage (all ages),29,1.3137272568521385,0.6512052153325373,2.4118333961077427,2025-09-29
70% coverage (all ages),30,1.3101405349286024,0.6481758959993571,2.385403094978904,2025-09-30
70% coverage (all ages),31,1.33147298354667,0.6620060699026523,2.416787292135584,2025-10-01
70% coverage (all ages),32,1.3729353830332431,0.6809415657249698,2.4600793398460605,2025-10-02
70% coverage (all ages),33,1.42358585048397,0.7085983789602495,2.5691790805258736,2025-10-03
70% coverage (all ages),34,1.4812017417009742,0.7266859671243099,2.698005384511081,2025-10-04
70% coverage (all ages),35,1.4924816131477687,0.7498747560153701,2.7133766674595168,2025-10-05
70% coverage (all ages),36,1.4719155178266334,0.7365869633869078,2.6724871515039337,2025-10-06
70% coverage (all ages),37,1.4845383513389605,0.73538108816483,2.660665751540716,2025-10-07
70% coverage (all ages),38,1.5106893565988275,0.7356706110651267,2.7146005613575164,2025-10-08
70% coverage (all ages),39,1.549594959214914,0.7464055011797984,2.7783176969300407,2025-10-09
70% coverage (all ages),40,1.623405213163523,0.7832275687566527,2.8611404926471433,2025-10-10
70% coverage (all ages),41,1.6993376895522798,0.8265819227678517,2.9763921253824153,2025-10-11
70% coverage (all ages),42,1.720835491142476,0.8523207307427008,2.9896716450981655,2025-10-12
70% coverage (all ages),43,1.706230715900426,0.8631954194014989,2.9251621464555586,2025-10-13
70% coverage (all ages),44,1.69872717356459,0.8666143506130806,2.862766802414133,2025-10-14
70% coverage (all ages),45,1.716480333275351,0.8698406288866758,2.8997182434465087,2025-10-15
70% coverage (all ages),46,1.7491728172813752,0.8887371256147255,2.987577821234026,2025-10-16
70% coverage (all ages),47,1.8209000136354556,0.9180591224225736,3.135946595544009,2025-10-17
70% coverage (all ages),48,1.9084926459160934,0.9542796394892306,3.2289945366588144,2025-10-18
70% coverage (all ages),49,1.9261752191265518,0.9646611250553455,3.2644445726752216,2025-10-19
70% coverage (all ages),50,1.883526540027444,0.9560441281151677,3.2303048354752026,2025-10-20
70% coverage (all ages),51,1.8807260111808617,0.9582241001371838,3.240354634848688,2025-10-21
70% coverage (all ages),52,1.9017109953988154,0.9824233162846024,3.207709109603401,2025-10-22
70% coverage (all ages),53,1.9488378059557847,1.008950971525647,3.2571034317246768,2025-10-23
70% coverage (all ages),54,2.0194497911851834,1.0274125795515536,3.34416056046103,2025-10-24
70% coverage (all ages),55,2.0820769381867734,1.0593420319922486,3.433974573929004,2025-10-25
70% coverage (all ages),56,2.094366322977511,1.0850287692440517,3.399328922348688,2025-10-26
70% coverage (all ages),57,2.0865468007730192,1.093266340575113,3.3596728924972608,2025-10-27
70% coverage (all ages),58,2.1109870176938803,1.1423520609982738,3.411670137765794,2025-10-28
70% coverage (all ages),59,2.1720328648905785,1.2149625722308468,3.462523939914601,2025-10-29
70% coverage (all ages),60,2.240011351175567,1.2921189865492242,3.552929176510522,2025-10-30
70% coverage (all ages),61,2.304414834476156,1.350605194278703,3.589270972985234,2025-10-31
70% coverage (all ages),62,2.373395348386919,1.4050791763409867,3.700299848007202,2025-11-01
70% coverage (all ages),63,2.4041816625856867,1.430096681290398,3.7621639541601706,2025-11-02
70% coverage (all ages),64,2.418482839417837,1.4346940966011785,3.7635829887426993,2025-11-03
70% coverage (all ages),65,2.4868427809026765,1.4863210181638717,3.8519936508515564,2025-11-04
70% coverage (all ages),66,2.6178165744241295,1.5752125566635735,4.045419646439752,2025-11-05
70% coverage (all ages),67,2.7855091978992315,1.6729183635064575,4.276473656075509,2025-11-06
70% coverage (all ages),68,2.9940783949641903,1.792885667714592,4.574381799555025,2025-11-07
70% coverage (all ages),69,3.2323656233039317,1.9543743343532562,4.887893795634688,2025-11-08
70% coverage (all ages),70,3.3679368979525495,2.0517981451637306,4.998665334325665,2025-11-09
70% coverage (all ages),71,3.435480390807875,2.090715982722584,5.096707134944748,2025-11-10
70% coverage (all ages),72,3.57632974312331,2.156616862444761,5.254837434269692,2025-11-11
70% coverage (all ages),73,3.8181944887901134,2.274002302495192,5.495407278491037,2025-11-12
70% coverage (all ages),74,4.132342444906481,2.4762306497307986,5.823901848810692,2025-11-13
70% coverage (all ages),75,4.498771758531054,2.746340442165744,6.320866911065457,2025-11-14
70% coverage (all ages),76,4.883585775701386,2.9897606634019667,6.824650437001301,2025-11-15
70% coverage (all ages),77,5.1240546185723534,3.1685103064301563,7.158119435407605,2025-11-16
70% coverage (all ages),78,5.267081401442944,3.302694645649891,7.3886305105293415,2025-11-17
70% coverage (all ages),79,5.597203194261035,3.5519821769373787,7.7815571547870555,2025-11-18
70% coverage (all ages),80,6.019795305293945,3.9047677715460547,8.316999292318435,2025-11-19
70% coverage (all ages),81,6.541440373505448,4.331776935474815,8.979285271099647,2025-11-20
70% coverage (all ages),82,7.128171123572454,4.869547941025826,9.706302227799194,2025-11-21
70% coverage (all ages),83,7.71580469584571,5.328404653205214,10.379064163897743,2025-11-22
70% coverage (all ages),84,8.060348089899392,5.639446577917632,10.714024582964637,2025-11-23
70% coverage (all ages),85,8.286322576236865,5.947701190658613,11.002606378623993,2025-11-24
70% coverage (all ages),86,8.722163868608643,6.424140865820601,11.60099604579204,2025-11-25
70% coverage (all ages),87,9.25260996345958,6.8859170658480275,12.491821961975738,2025-11-26
70% coverage (all ages),88,9.804792910640131,7.22169847704409,13.155715565997408,2025-11-27
70% coverage (all ages),89,10.207950737932196,7.513433136559683,13.726853194378606,2025-11-28
70% coverage (all ages),90,10.725342617773538,7.888151575588172,14.562694631374983,2025-11-29
70% coverage (all ages),91,11.136083380473,8.23977452971363,15.026951259455213,2025-11-30
70% coverage (all ages),92,11.396025321161055,8.437715912650749,15.451721461137538,2025-12-01
70% coverage (all ages),93,12.001397305639614,8.883752470515429,16.276389617282714,2025-12-02
70% coverage (all ages),94,12.786028824782502,9.584349001763188,17.236587601214932,2025-12-03
70% coverage (all ages),95,13.859665815156067,10.381624809236412,18.710586719525406,2025-12-04
70% coverage (all ages),96,15.250557108135595,11.63680401469946,20.47045796435497,2025-12-05
70% coverage (all ages),97,16.89967651347459,13.066271740048816,22.4061919619526,2025-12-06
70% coverage (all ages),98,18.08542675654968,14.186833747130217,23.649834648096395,2025-12-07
70% coverage (all ages),99,19.115866325546,15.113521637889418,24.84306230250234,2025-12-08
70% coverage (all ages),100,20.895252210802248,16.714126513333536,26.861002758528738,2025-12-09
70% coverage (all ages),101,23.34174127982449,18.84430376333881,29.469347612278753,2025-12-10
70% coverage (all ages),102,25.980609267986765,21.005226778914974,32.88683436804894,2025-12-11
70% coverage (all ages),103,29.092801215134198,23.558241538697366,36.57854700614009,2025-12-12
70% coverage (all ages),104,32.55597243772078,26.391148494372327,40.65326319968508,2025-12-13
70% coverage (all ages),105,35.177449324527366,28.51100705761029,43.713054961854546,2025-12-14
70% coverage (all ages),106,37.330352572971094,30.30188563166414,46.030411005558165,2025-12-15
70% coverage (all ages),107,40.610317692499244,33.08302684715103,49.88399958189345,2025-12-16
70% coverage (all ages),108,44.80840221885036,36.756891016844065,54.68367968740258,2025-12-17
70% coverage (all ages),109,49.39520189076781,40.81792813138771,60.18478211437871,2025-12-18
70% coverage (all ages),110,54.38972760669661,45.1713017188279,65.72741875098961,2025-12-19
70% coverage (all ages),111,59.21747448131096,50.0706880368976,71.49244330703043,2025-12-20
70% coverage (all ages),112,63.06725477163063,53.37678023410023,75.24866226620678,2025-12-21
70% coverage (all ages),113,65.91992566433322,56.52985228601303,77.67331697921982,2025-12-22
70% coverage (all ages),114,69.44074599061145,60.23633825422012,81.81773138697832,2025-12-23
70% coverage (all ages),115,73.49475868419947,63.82426541972209,85.86490397587094,2025-12-24
70% coverage (all ages),116,76.69792874501462,66.57406157277074,88.97964253520601,2025-12-25
70% coverage (all ages),117,78.32673508877093,67.55487722706368,90.18858460472765,2025-12-26
70% coverage (all ages),118,79.87432632983814,68.72856417735728,91.59536024205163,2025-12-27
70% coverage (all ages),119,79.7779489463096,68.21210755289403,91.51654738055193,2025-12-28
70% coverage (all ages),120,78.0987821933029,65.98776142358652,89.2823361839186,2025-12-29
70% coverage (all ages),121,76.17737714603433,64.2733721291699,87.77848271571109,2025-12-30
70% coverage (all ages),122,75.07756794395634,62.45026909119507,86.41531600325774,2025-12-31
70% coverage (all ages),123,73.60065299526784,61.174172205563536,84.57819226194565,2026-01-01
70% coverage (all ages),124,70.96746330757853,58.8392877085759,81.2910884081394,2026-01-02
70% coverage (all ages),125,68.10402930087668,56.040294306185146,77.95849788288481,2026-01-03
70% coverage (all ages),126,64.50602291438571,52.83323406059901,73.52354341055661,2026-01-04
70% coverage (all ages),127,60.27225117539071,49.27792224344849,68.62373577452261,2026-01-05
70% coverage (all ages),128,56.41123094585368,46.397539635668295,64.53961341309301,2026-01-06
70% coverage (all ages),129,53.125878806197846,43.978548567281415,61.02813854009704,2026-01-07
70% coverage (all ages),130,50.093524892186124,41.28983332480662,57.826081890041436,2026-01-08
70% coverage (all ages),131,47.34477134288322,39.0959323760357,54.75816954582146,2026-01-09
70% coverage (all ages),132,44.54290759006044,36.932332527768686,51.738511704990344,2026-01-10
70% coverage (all ages),133,41.09385787956118,34.22771543905033,48.02471788503506,2026-01-11
70% coverage (all ages),134,37.57610285520414,31.27894835418974,44.05541013921863,2026-01-12
70% coverage (all ages),135,34.71792983670831,28.874536859774523,40.70737324010244,2026-01-13
70% coverage (all ages),136,32.383798541386135,26.83131061251321,37.81126061952672,2026-01-14
70% coverage (all ages),137,30.113211697791765,24.931825694760533,35.15347977429487,2026-01-15
70% coverage (all ages),138,27.991643618661364,23.24992119477389,32.77414763188848,2026-01-16
70% coverage (all ages),139,26.11329968464146,21.78533041823785,30.705596279961604,2026-01-17
70% coverage (all ages),140,23.9629589373694,20.107207712740408,28.071093254376596,2026-01-18
70% coverage (all ages),141,21.64333424148772,18.151261934100024,25.49483826190954,2026-01-19
70% coverage (all ages),142,19.648998950202586,16.534163923077184,23.359915770714025,2026-01-20
70% coverage (all ages),143,18.0472632412824,15.118552353071623,21.727331711340188,2026-01-21
70% coverage (all ages),144,16.75074641180865,13.903351285382463,20.467900782555173,2026-01-22
70% coverage (all ages),145,15.512076747412003,12.953995987626401,19.32914639585673,2026-01-23
70% coverage (all ages),146,14.399607009596046,12.040513933739932,18.190080166796488,2026-01-24
70% coverage (all ages),147,13.26556196954606,10.939983731810791,16.87069135798935,2026-01-25
70% coverage (all ages),148,12.088318306996133,9.884711238704224,15.41798444741949,2026-01-26
70% coverage (all ages),149,11.161056122491551,9.046072741944348,14.273603957646687,2026-01-27
70% coverage (all ages),150,10.357825099857697,8.396544856848816,13.316418185526667,2026-01-28
70% coverage (all ages),151,9.69965583559111,7.8620678809928695,12.4857639723594,2026-01-29
70% coverage (all ages),152,9.183371666682145,7.39387218279124,11.794529668528822,2026-01-30
70% coverage (all ages),153,8.703212241468735,6.963852680570412,11.110448876635658,2026-01-31
70% coverage (all ages),154,8.1166055902845,6.461521152845571,10.36003597996504,2026-02-01
70% coverage (all ages),155,7.4725217150517675,5.919781957531608,9.47704861532934,2026-02-02
70% coverage (all ages),156,6.926386824437027,5.492758703930829,8.788866653569432,2026-02-03
70% coverage (all ages),157,6.5364360623815845,5.1185718689146045,8.50659730455055,2026-02-04
70% coverage (all ages),158,6.181901201637326,4.812514232440116,8.189784055991872,2026-02-05
70% coverage (all ages),159,5.9004089489471525,4.545533347073908,7.888319088533936,2026-02-06
70% coverage (all ages),160,5.668730863286165,4.323046594904497,7.6173502747538935,2026-02-07
70% coverage (all ages),161,5.337802753962036,4.018079764429342,7.249075218049846,2026-02-08
70% coverage (all ages),162,5.026386136973036,3.733891436520477,6.876905060288196,2026-02-09
70% coverage (all ages),163,4.790400846430954,3.536691326384189,6.598146717302768,2026-02-10
70% coverage (all ages),164,4.633505411942697,3.414143897826208,6.375754057250539,2026-02-11
70% coverage (all ages),165,4.508271677972344,3.3184331713253834,6.243689160927141,2026-02-12
70% coverage (all ages),166,4.40841952257382,3.2429577572875385,6.147777432964981,2026-02-13
70% coverage (all ages),167,4.3410560215768665,3.1838456561144106,6.105370299065221,2026-02-14
70% coverage (all ages),168,4.207840453044174,3.0749588556244434,5.864536110239863,2026-02-15
70% coverage (all ages),169,4.004548868318877,2.947397400151922,5.579522014631529,2026-02-16
70% coverage (all ages),170,3.8604806786678982,2.853670318659878,5.382759161212062,2026-02-17
70% coverage (all ages),171,3.7345827674433325,2.7599778952045892,5.249846925033088,2026-02-18
70% coverage (all ages),172,3.6005249025887975,2.654265195144761,5.1266699949266785,2026-02-19
70% coverage (all ages),173,3.470757864058692,2.530314848094214,4.995024979926136,2026-02-20
70% coverage (all ages),174,3.3461085701113973,2.405222475078786,4.8111152442601615,2026-02-21
70% coverage (all ages),175,3.1643789207788418,2.2552064361580557,4.554946155093398,2026-02-22
70% coverage (all ages),176,2.9519022592822033,2.117583167453751,4.260741393724714,2026-02-23
70% coverage (all ages),177,2.789753128201718,2.0198109879964448,4.045588245698323,2026-02-24
70% coverage (all ages),178,2.6866130758951163,1.9562040252090203,3.872709908346281,2026-02-25
70% coverage (all ages),179,2.598833120193089,1.885170614367362,3.7529129222419617,2026-02-26
70% coverage (all ages),180,2.5312560805356084,1.8094606648488112,3.6710933458928117,2026-02-27
70% coverage (all ages),181,2.4600711149395202,1.7564434800642355,3.561732438702162,2026-02-28
70% coverage (all ages),182,2.323089415556198,1.667125411693515,3.3811804254306823,2026-03-01
70% coverage (all ages),183,2.170131119730156,1.5529972689982745,3.2025443749021867,2026-03-02
70% coverage (all ages),184,2.075675316197797,1.4739152202880814,3.0638079308245785,2026-03-03
70% coverage (all ages),185,2.009357216774615,1.4187427813441742,2.9666549634949417,2026-03-04
70% coverage (all ages),186,1.9468450555400536,1.3672164090003247,2.885314797523072,2026-03-05
70% coverage (all ages),187,1.8864000669374996,1.3249150552683322,2.771342233282386,2026-03-06
70% coverage (all ages),188,1.8288902708216863,1.2724772009284013,2.694070784201193,2026-03-07
70% coverage (all ages),189,1.7345289844134872,1.1943716048285795,2.5337148079196905,2026-03-08
70% coverage (all ages),190,1.6329173301922488,1.1059165241030247,2.388047300513941,2026-03-09
70% coverage (all ages),191,1.5539105415342904,1.0445337272024575,2.2718582078483776,2026-03-10
70% coverage (all ages),192,1.498604663182264,1.00176421308547,2.181351139508487,2026-03-11
70% coverage (all ages),193,1.4426022512217629,0.9680850009176503,2.1124774878511245,2026-03-12
70% coverage (all ages),194,1.3953750741080522,0.9393118849757344,2.060511619032417,2026-03-13
70% coverage (all ages),195,1.361253500915838,0.9194482285284242,2.00594588499666,2026-03-14
70% coverage (all ages),196,1.3097469874036927,0.8858978409728419,1.9312257849499945,2026-03-15
70% coverage (all ages),197,1.243149123904526,0.8470229891066023,1.835151909283047,2026-03-16
70% coverage (all ages),198,1.1899216005259277,0.8088050804362603,1.7673046973752184,2026-03-17
70% coverage (all ages),199,1.161492689088028,0.7794277949946935,1.742910248397166,2026-03-18
70% coverage (all ages),200,1.1471401175011708,0.7645374890578239,1.7384184335476087,2026-03-19
70% coverage (all ages),201,1.144728101770899,0.7613275336788693,1.7554741543017511,2026-03-20
70% coverage (all ages),202,1.1348085388898728,0.7400298415365467,1.7448569350430143,2026-03-21
70% coverage (all ages),203,1.0955581964244607,0.704880177992982,1.7052767003959297,2026-03-22
70% coverage (all ages),204,1.0432051576414856,0.6727650127079445,1.6335020389616595,2026-03-23
70% coverage (all ages),205,1.0124854182306873,0.6553275393441521,1.5931320194161733,2026-03-24
70% coverage (all ages),206,0.9986971063985831,0.6433690022038074,1.5728615106947619,2026-03-25
70% coverage (all ages),207,0.9916042213865413,0.6370052970429695,1.556313168724699,2026-03-26
70% coverage (all ages),208,0.9839354288724739,0.630505919805468,1.54676848073825,2026-03-27
70% coverage (all ages),209,0.9773064256544886,0.6258158576659049,1.539948051014264,2026-03-28
70% coverage (all ages),210,0.964096401195675,0.6159637218481819,1.5089176044091681,2026-03-29
70% coverage (all ages),211,0.9374398912752515,0.5949185465230675,1.4581640536491234,2026-03-30
70% coverage (all ages),212,0.9172979501056241,0.5789786455521476,1.4257392097133266,2026-03-31
70% coverage (all ages),213,0.9005921091856361,0.5718236313840007,1.3954585279138527,2026-04-01
70% coverage (all ages),214,0.8842204903075457,0.5601433726648496,1.3820340586435684,2026-04-02
70% coverage (all ages),215,0.8762064846327918,0.5482248356961343,1.3817406402149546,2026-04-03
70% coverage (all ages),216,0.8650950165983282,0.5365620498303599,1.3529912321849387,2026-04-04
70% coverage (all ages),217,0.8273803879972912,0.5184171282654861,1.306922432874252,2026-04-05
70% coverage (all ages),218,0.7899558437308632,0.48407864219911617,1.245291425974421,2026-04-06
70% coverage (all ages),219,0.762411108129485,0.46442342144099413,1.1990008436535922,2026-04-07
70% coverage (all ages),220,0.755848375751859,0.45645236097739406,1.1658210863670213,2026-04-08
70% coverage (all ages),221,0.7486688283022218,0.45368167701053136,1.159388842816877,2026-04-09
70% coverage (all ages),222,0.748013738747572,0.44799034204612104,1.1532565731302675,2026-04-10
70% coverage (all ages),223,0.7366168664830928,0.43812144901692746,1.140250061070507,2026-04-11
70% coverage (all ages),224,0.7109573538703882,0.41796406290032184,1.120049976186445,2026-04-12
70% coverage (all ages),225,0.6754752642540128,0.39375897503094137,1.075615406563612,2026-04-13
70% coverage (all ages),226,0.6453916861742882,0.3732155952078422,1.0285408720069162,2026-04-14
70% coverage (all ages),227,0.6145374719385902,0.35565378232915273,0.9652922223219496,2026-04-15
70% coverage (all ages),228,0.5908909663980288,0.3353531129254932,0.9280824238298501,2026-04-16
70% coverage (all ages),229,0.5630254431482086,0.3215281021523726,0.9135922123743121,2026-04-17
70% coverage (all ages),230,0.5358103706003631,0.3054194982722205,0.8891256855055466,2026-04-18
70% coverage (all ages),231,0.5074313081358809,0.28800898761462423,0.858464924610819,2026-04-19
70% coverage (all ages),232,0.4764191468918041,0.2716001981462688,0.8149004084142827,2026-04-20
70% coverage (all ages),233,0.45214028358831726,0.25608410359397643,0.7841955617479709,2026-04-21
70% coverage (all ages),234,0.43581746377113817,0.24745349935111866,0.7511228402954129,2026-04-22
70% coverage (all ages),235,0.42051236447386725,0.2329051422440625,0.7284396014759067,2026-04-23
70% coverage (all ages),236,0.40255174711430897,0.22021493699009084,0.7138811137349358,2026-04-24
70% coverage (all ages),237,0.38629025508705106,0.21085821502348628,0.692257165145939,2026-04-25
70% coverage (all ages),238,0.36293309159231796,0.19446718262529558,0.6665365061068054,2026-04-26
70% coverage (all ages),239,0.3401853955486991,0.18109379777145967,0.6391137724301711,2026-04-27
70% coverage (all ages),240,0.32313887496864313,0.16708906491002135,0.6120814376301454,2026-04-28
70% coverage (all ages),241,0.3103601324957906,0.15561363372366235,0.5978453222116862,2026-04-29
70% coverage (all ages),242,0.29767983723937097,0.14646154612390577,0.5928167638815665,2026-04-30
70% coverage (all ages),243,0.2865646548717355,0.136996967399339,0.5851343941581106,2026-05-01
70% coverage (all ages),244,0.27636859407426156,0.12973890749067524,0.5874931970985106,2026-05-02
70% coverage (all ages),245,0.260517913338698,0.11940525612610654,0.5743287373427148,2026-05-03
70% coverage (all ages),246,0.2442664184799878,0.10727897911132628,0.5550515879865812,2026-05-04
70% coverage (all ages),247,0.22797570647698373,0.09616541326135197,0.5433126839782821,2026-05-05
70% coverage (all ages),248,0.2211246462106909,0.08748220102239676,0.5320440076522702,2026-05-06
70% coverage (all ages),249,0.21037816214966126,0.08171385282286714,0.5279255323402481,2026-05-07
70% coverage (all ages),250,0.20130793205461456,0.07645825980858521,0.5428059770634602,2026-05-08
High VE,1,0.3500406615864128,0.10141796394139892,0.8119859946699711,2025-09-01
High VE,2,0.8374864701563224,0.24408643167038332,1.9408580612793755,2025-09-02
High VE,3,1.0259217400583363,0.30004771645642997,2.3607472619446637,2025-09-03
High VE,4,1.092157826951267,0.32227603352786255,2.4721324265030074,2025-09-04
High VE,5,1.0940865389197922,0.3256528626176687,2.5031719879029803,2025-09-05
High VE,6,1.0827520850363175,0.33271324140272196,2.4619374357729322,2025-09-06
High VE,7,1.0471989249381812,0.3257256061132144,2.333686353097345,2025-09-07
High VE,8,1.0028987977662462,0.3167106320145531,2.1856754742579354,2025-09-08
High VE,9,0.9832357022026187,0.3202462794039372,2.0906089328612008,2025-09-09
High VE,10,0.9752875758988342,0.3243745239426034,2.039534387274811,2025-09-10
High VE,11,0.9858547187496829,0.3417639879642746,2.0206950360263205,2025-09-11
High VE,12,1.0110044960906506,0.36285960539322654,2.0447653135679826,2025-09-12
High VE,13,1.0403040024608055,0.39956296263844815,2.1130643318047087,2025-09-13
High VE,14,1.0352563966300667,0.40422465236330685,2.093105502891866,2025-09-14
High VE,15,1.0279364321502227,0.4090185980022253,2.0283616092546333,2025-09-15
High VE,16,1.041576266188399,0.4253722787724157,2.0012804973731755,2025-09-16
High VE,17,1.0649161739446429,0.4461657167380105,2.023431105556412,2025-09-17
High VE,18,1.098636330716559,0.47726708153754244,2.0607312632837846,2025-09-18
High VE,19,1.142132932004177,0.5035436073570791,2.1334002731983475,2025-09-19
High VE,20,1.1893506222568102,0.5356564464113074,2.2141861259540128,2025-09-20
High VE,21,1.209200933410014,0.5544193808742852,2.292855931251467,2025-09-21
High VE,22,1.2119164528323603,0.5587220786112619,2.286853320633092,2025-09-22
High VE,23,1.2272792415417353,0.5695189097535627,2.3234021362817026,2025-09-23
High VE,24,1.2520488020980185,0.5839181214272487,2.3430891063329584,2025-09-24
High VE,25,1.2804453016489858,0.6115332685888879,2.401701037121918,2025-09-25
High VE,26,1.3187500879727558,0.6214256820428108,2.455540640460731,2025-09-26
High VE,27,1.3456736601650947,0.6497503919610994,2.5046692559903403,2025-09-27
High VE,28,1.3377597117332747,0.6558016363566136,2.4715424953126894,2025-09-28
High VE,29,1.3142017382251558,0.6514231973138959,2.41255663271545,2025-09-29
High VE,30,1.3106795444151138,0.6484339550469501,2.386292134771623,2025-09-30
High VE,31,1.3320643580140288,0.6623047264210941,2.418068729656462,2025-10-01
High VE,32,1.3737811264474453,0.681473166625563,2.4617930733467217,2025-10-02
High VE,33,1.4247755887153906,0.7092136828755002,2.5718286276889932,2025-10-03
High VE,34,1.4828602424568547,0.7276868624216613,2.7017270914917764,2025-10-04
High VE,35,1.4945529717620287,0.7509137046177726,2.7173744868050673,2025-10-05
High VE,36,1.4742760354779159,0.7378209474481742,2.6767725495866928,2025-10-06
High VE,37,1.4874883254306392,0.7368376848651366,2.666423432058895,2025-10-07
High VE,38,1.5141886737610113,0.7371029337660614,2.721775775483605,2025-10-08
High VE,39,1.5542405693091723,0.7482671314032981,2.7863826984847875,2025-10-09
High VE,40,1.6293349439993128,0.7854866963925727,2.870532031931873,2025-10-10
High VE,41,1.7064496765383814,0.8297631679844532,2.989063918514194,2025-10-11
High VE,42,1.7291540147812183,0.8561969112122136,3.0031350111438955,2025-10-12
High VE,43,1.7132587623448994,0.8672941447517195,2.940207105088591,2025-10-13
High VE,44,1.7069948480007622,0.8706708404986163,2.877945425805448,2025-10-14
High VE,45,1.7256498832810923,0.8743954365793856,2.9186828463067522,2025-10-15
High VE,46,1.7600953966620678,0.8944180602718695,3.010054757318272,2025-10-16
High VE,47,1.8339672291131475,0.9253793188729357,3.161996961278392,2025-10-17
High VE,48,1.9253071005957847,0.9623004476500442,3.2575373288963894,2025-10-18
High VE,49,1.9435804678487072,0.9736392628658382,3.2949243216094186,2025-10-19
High VE,50,1.9019763963857388,0.9649187415074763,3.2649437291338255,2025-10-20
High VE,51,1.8990098605230759,0.9681661324703945,3.2771094670250527,2025-10-21
High VE,52,1.9261773681044427,0.9936747135240289,3.249222031655002,2025-10-22
High VE,53,1.9749323504685812,1.0223068870319019,3.3055929951096896,2025-10-23
High VE,54,2.051042539247621,1.0427004850192845,3.401892397865541,2025-10-24
High VE,55,2.1185095984199473,1.0770361089159772,3.496745717777605,2025-10-25
High VE,56,2.137075312432935,1.104784695506438,3.4632794705158756,2025-10-26
High VE,57,2.1292459730800815,1.115128772017944,3.43407268490006,2025-10-27
High VE,58,2.155529113197473,1.1675199545870087,3.492920391241152,2025-10-28
High VE,59,2.226370678571138,1.244498022385394,3.5503891603305537,2025-10-29
High VE,60,2.2985155719332733,1.327327049934793,3.6469011815079146,2025-10-30
High VE,61,2.3709896790417506,1.3898319396194747,3.703795066667881,2025-10-31
High VE,62,2.448009615673988,1.447353869317974,3.8312208494192106,2025-11-01
High VE,63,2.486481909089256,1.478209910107124,3.8993621312062547,2025-11-02
High VE,64,2.5084591059043553,1.4858830797946165,3.904274026129156,2025-11-03
High VE,65,2.5871703887514457,1.5479121231825388,4.010846989478206,2025-11-04
High VE,66,2.728194839825201,1.6426621944906634,4.223404943884582,2025-11-05
High VE,67,2.909222153930428,1.750108618382341,4.476575866076749,2025-11-06
High VE,68,3.145600597720198,1.882676970666376,4.811930033331384,2025-11-07
High VE,69,3.4068638568637937,2.059446913750866,5.162045452400774,2025-11-08
High VE,70,3.566161503461435,2.169005676478917,5.298619979096648,2025-11-09
High VE,71,3.643440351060601,2.2102084930478774,5.424567584550882,2025-11-10
High VE,72,3.8059863290421774,2.291332292871893,5.624816826327997,2025-11-11
High VE,73,4.0870767529872385,2.4233260286201683,5.904939331263524,2025-11-12
High VE,74,4.4320427181643485,2.6530024264766126,6.262715539496099,2025-11-13
High VE,75,4.8554802444383744,2.9511294066850846,6.823455348032163,2025-11-14
High VE,76,5.288798423684938,3.234854975723194,7.3930366691448155,2025-11-15
High VE,77,5.569785437097166,3.441615434965857,7.794036483338519,2025-11-16
High VE,78,5.748745983025783,3.6003636083017536,8.079006675162187,2025-11-17
High VE,79,6.12978889421356,3.890927697912103,8.555051521545293,2025-11-18
High VE,80,6.638368311616874,4.3017818104153696,9.178398956166712,2025-11-19
High VE,81,7.259687689927666,4.811088199158686,9.966509537866989,2025-11-20
High VE,82,7.956639621078522,5.428327804838564,10.842669735333894,2025-11-21
High VE,83,8.670429904380711,5.971362314045214,11.720242448095926,2025-11-22
High VE,84,9.096269617099347,6.351829313188371,12.168974371280784,2025-11-23
High VE,85,9.403871488771474,6.76218278671223,12.55631564386834,2025-11-24
High VE,86,9.956027676707947,7.355769115831689,13.309260561170216,2025-11-25
High VE,87,10.652457989628987,7.8784401599527225,14.385303906166529,2025-11-26
High VE,88,11.363317020491245,8.336742819612848,15.252388341366382,2025-11-27
High VE,89,11.890067360875314,8.747423652738266,16.022616112382774,2025-11-28
High VE,90,12.554744758750921,9.233709906280735,17.08378090638633,2025-11-29
High VE,91,13.108130068249817,9.685983123572496,17.86499493774333,2025-11-30
High VE,92,13.501373730615366,9.931779158560051,18.436950228866845,2025-12-01
High VE,93,14.313663748481295,10.554029943661217,19.487112121240454,2025-12-02
High VE,94,15.371892750734922,11.451246718675211,20.855362927804467,2025-12-03
High VE,95,16.826895518039713,12.50539390868393,22.847325925343423,2025-12-04
High VE,96,18.669238891143603,14.202250759167923,25.259820166694713,2025-12-05
High VE,97,20.863076966853473,16.15216940648757,27.903811591790646,2025-12-06
High VE,98,22.546999701893004,17.629804680362763,29.705869337843737,2025-12-07
High VE,99,23.983333614391274,18.8903505401239,31.248973108903726,2025-12-08
High VE,100,26.5414229057754,21.08897590588698,34.20534301524436,2025-12-09
High VE,101,29.906925022199307,24.003382284909048,37.848669854638054,2025-12-10
High VE,102,33.67112895165812,27.146216822853454,42.61510810005826,2025-12-11
High VE,103,38.18297969813942,30.704688886655475,47.845819520331546,2025-12-12
High VE,104,43.184313481565994,34.85258465841901,53.854367919444734,2025-12-13
High VE,105,47.056156444951576,37.84339106225297,58.49220363058625,2025-12-14
High VE,106,50.20393139908634,40.59096006755521,62.24279559012668,2025-12-15
High VE,107,55.26770869352346,44.93898416123169,68.06208005956715,2025-12-16
High VE,108,61.72673598237202,50.419943815968665,75.49170831631822,2025-12-17
High VE,109,68.742855569346,56.52712471416524,83.82022060985773,2025-12-18
High VE,110,76.61914038656357,63.243509322879056,92.50239312399668,2025-12-19
High VE,111,84.36852158802671,71.29778966644969,101.49312835916625,2025-12-20
High VE,112,90.54084754204736,76.40779264352406,107.86953377108401,2025-12-21
High VE,113,95.35767640424451,81.61026890399079,112.85805765348786,2025-12-22
High VE,114,101.34576730622757,87.6250068999934,118.87047848420198,2025-12-23
High VE,115,108.02787784639303,93.76923148688502,126.42532418373291,2025-12-24
High VE,116,113.49896333833206,98.4635758371304,132.00196313162652,2025-12-25
High VE,117,116.48992680109755,100.54812575720901,134.15661161764135,2025-12-26
High VE,118,119.4073593279561,102.73876615832161,137.42857538116712,2025-12-27
High VE,119,119.69643846528722,102.10538564124745,137.42884037421294,2025-12-28
High VE,120,117.54137649002756,99.2871715571974,134.38841551447882,2025-12-29
High VE,121,115.40167613583387,96.7900037473572,132.6610819946465,2025-12-30
High VE,122,114.09527548458962,95.12053238428027,131.27338057440002,2025-12-31
High VE,123,112.47124405483818,93.44994035840826,129.16654114327042,2026-01-01
High VE,124,108.72156856316084,89.82003791951281,124.35647095708157,2026-01-02
High VE,125,104.87340308977095,86.08347342498739,119.91574186360637,2026-01-03
High VE,126,99.67322313022511,81.35930232906072,113.43162281204575,2026-01-04
High VE,127,93.11042042336493,76.03712429418923,105.93403379346982,2026-01-05
High VE,128,87.70840742655396,71.80950832255681,100.04789023328165,2026-01-06
High VE,129,83.15797418188671,68.31937961339536,94.99260141950192,2026-01-07
High VE,130,78.85737750078205,64.92331478951044,90.79084595001459,2026-01-08
High VE,131,74.87149094064303,61.80054327230473,86.4089342700624,2026-01-09
High VE,132,70.73640111424253,58.66357889683988,81.77349183126306,2026-01-10
High VE,133,65.6512900726305,54.572689974704446,76.28706492029929,2026-01-11
High VE,134,60.20046832016874,50.202533828289226,70.31534867382422,2026-01-12
High VE,135,55.912569912700235,46.68196444921647,65.38375800945438,2026-01-13
High VE,136,52.28022534375537,43.546640749687846,61.28853129989051,2026-01-14
High VE,137,48.96685171589454,40.74430076694094,57.526073570316505,2026-01-15
High VE,138,45.83706990384479,38.13455968926156,54.18676880054212,2026-01-16
High VE,139,43.08787451524293,36.22552318712128,50.904347193756216,2026-01-17
High VE,140,39.889693326852594,33.52969553436116,46.75117058841282,2026-01-18
High VE,141,36.12969484709224,30.55945066285631,42.54288253254566,2026-01-19
High VE,142,32.94965110517849,27.87314068990883,39.26993985113252,2026-01-20
High VE,143,30.500871392705548,25.47853105669498,36.67425461493175,2026-01-21
High VE,144,28.437309171349376,23.77981534230859,34.91610682459365,2026-01-22
High VE,145,26.468285660693155,22.156736048242948,32.80897867157732,2026-01-23
High VE,146,24.752186412604743,20.598891163318363,31.122109194090555,2026-01-24
High VE,147,22.821772341567403,18.83519302303885,28.954660735873524,2026-01-25
High VE,148,20.95074105856789,17.11423163211082,26.590762964778822,2026-01-26
High VE,149,19.351378184445778,15.756804558842466,24.72492941903427,2026-01-27
High VE,150,18.145523502851173,14.711421132968326,23.26595996629413,2026-01-28
High VE,151,17.222994372694828,13.903802235757498,22.055396293839458,2026-01-29
High VE,152,16.35424803008176,13.235944825979008,20.925004837754816,2026-01-30
High VE,153,15.546267945291294,12.494972292481163,19.81268816828349,2026-01-31
High VE,154,14.591228762625441,11.690793013336176,18.62701998763473,2026-02-01
High VE,155,13.529986296001512,10.80386505673145,17.302901008226527,2026-02-02
High VE,156,12.671054508648801,10.098574729317376,16.21220365246319,2026-02-03
High VE,157,11.981969094621656,9.439678810132323,15.423613170174763,2026-02-04
High VE,158,11.469877867341705,8.957536548390774,14.901857687205181,2026-02-05
High VE,159,10.989924879989797,8.487011777609595,14.486270192260035,2026-02-06
High VE,160,10.566553672585071,8.135118255269617,14.115646092209806,2026-02-07
High VE,161,10.043044971335656,7.650520796570033,13.48088079444644,2026-02-08
High VE,162,9.487594147093109,7.148311023594684,12.781000775381173,2026-02-09
High VE,163,9.122728194080015,6.852754112295943,12.346978844036235,2026-02-10
High VE,164,8.863596270924557,6.657111097924267,12.130167036851873,2026-02-11
High VE,165,8.687109140736919,6.526463532249363,11.928763721578743,2026-02-12
High VE,166,8.573864450908616,6.449825326631737,11.81883081716957,2026-02-13
High VE,167,8.53105964529304,6.3593857313224325,11.75643933966466,2026-02-14
High VE,168,8.313879322933952,6.187784729390004,11.400521241451017,2026-02-15
High VE,169,8.012051739208477,5.969602319590957,10.964056101977452,2026-02-16
High VE,170,7.762840211173703,5.774048488196526,10.621577509351637,2026-02-17
High VE,171,7.564807806408551,5.636025032636122,10.431310953125564,2026-02-18
High VE,172,7.349351098408391,5.429494770221632,10.263521051117362,2026-02-19
High VE,173,7.160762987458851,5.235290930641482,10.166039657522067,2026-02-20
High VE,174,6.915729518817791,4.989601087710686,9.896918936245056,2026-02-21
High VE,175,6.563897658007621,4.713593126002763,9.473606664484327,2026-02-22
High VE,176,6.151934401299031,4.41073611140294,8.871473054953238,2026-02-23
High VE,177,5.868979590406937,4.2289086683974295,8.43794468119877,2026-02-24
High VE,178,5.6667965715685265,4.089465058013471,8.115504850509957,2026-02-25
High VE,179,5.532598572299738,3.967884919043634,7.8564008227518904,2026-02-26
High VE,180,5.397739330644029,3.8974663922872987,7.653254317115367,2026-02-27
High VE,181,5.2519101780666215,3.785608635246777,7.494349311573354,2026-02-28
High VE,182,5.003745817831352,3.5927268007414095,7.091092623632797,2026-03-01
High VE,183,4.725740148709291,3.356256760622557,6.685504407969679,2026-03-02
High VE,184,4.551743520106139,3.2325986344331445,6.389781579181458,2026-03-03
High VE,185,4.4521699940763675,3.149642296369431,6.213224889548334,2026-03-04
High VE,186,4.33556658643698,3.0787598272849905,6.039756238806069,2026-03-05
High VE,187,4.236844394247855,2.9834084921888744,5.961778473210576,2026-03-06
High VE,188,4.147888145558383,2.881268407088718,5.863945368865715,2026-03-07
High VE,189,3.961544033300424,2.7509406173145265,5.600338062155054,2026-03-08
High VE,190,3.7391376401017635,2.577653560955261,5.2788228564584125,2026-03-09
High VE,191,3.5811316975405454,2.4481432674976453,5.058080519047191,2026-03-10
High VE,192,3.458798149207353,2.3454135636441635,4.945837632368477,2026-03-11
High VE,193,3.3766660452380366,2.3042815131067207,4.762439856294977,2026-03-12
High VE,194,3.3085414730958167,2.288210666682923,4.6626815807644935,2026-03-13
High VE,195,3.25740609002012,2.256594723127652,4.552060511006539,2026-03-14
High VE,196,3.1363742598927056,2.1994107639143183,4.388538337649621,2026-03-15
High VE,197,2.9890258311424294,2.092003876502578,4.206175501963266,2026-03-16
High VE,198,2.877963091556436,1.9817848676005576,4.052135953019492,2026-03-17
High VE,199,2.832796674321746,1.9358297868144454,4.01270821698185,2026-03-18
High VE,200,2.8398060348231766,1.905206170893024,4.003614023525303,2026-03-19
High VE,201,2.8471450671240714,1.9069741015342194,4.082683346896063,2026-03-20
High VE,202,2.8456070630975967,1.899425798938823,4.123084292702908,2026-03-21
High VE,203,2.7535725344827693,1.8400272812295746,3.988845291531332,2026-03-22
High VE,204,2.6561054105372053,1.768092250608393,3.832046356599645,2026-03-23
High VE,205,2.593963570966718,1.7290782186914835,3.7856295638477917,2026-03-24
High VE,206,2.5806319463042033,1.7079667018559979,3.7685576352958012,2026-03-25
High VE,207,2.601414624394378,1.6956152080570996,3.779380404322655,2026-03-26
High VE,208,2.6049102746205257,1.6818242557308352,3.782986228414788,2026-03-27
High VE,209,2.6198721209586853,1.6707433331758956,3.8420136424480873,2026-03-28
High VE,210,2.593425578281104,1.6562884407926646,3.780002688028834,2026-03-29
High VE,211,2.5437460407595363,1.6428967712117082,3.7079133706650445,2026-03-30
High VE,212,2.5224860525405743,1.6312568736838253,3.6649350452557936,2026-03-31
High VE,213,2.4916777608476908,1.6059384499245828,3.6527700682624555,2026-04-01
High VE,214,2.47459170855349,1.5867262196021372,3.6312344210426213,2026-04-02
High VE,215,2.459083908800149,1.586902505204828,3.6540441278259483,2026-04-03
High VE,216,2.4340159521307845,1.57717264449769,3.6900037761306117,2026-04-04
High VE,217,2.3547692073052406,1.5402522398287426,3.6016552716446015,2026-04-05
High VE,218,2.256983304377405,1.4691165548058225,3.4486911229182864,2026-04-06
High VE,219,2.2049839864813685,1.4163454914724185,3.4073056196441844,2026-04-07
High VE,220,2.1949005048345196,1.3981440296737422,3.3939930934235423,2026-04-08
High VE,221,2.201233555075906,1.4097594636478887,3.3502717024109234,2026-04-09
High VE,222,2.1949097925077,1.423380639746548,3.328725571960145,2026-04-10
High VE,223,2.1820322187599155,1.387981116602063,3.3090428916346197,2026-04-11
High VE,224,2.1113919932819627,1.3438584919905248,3.2043292562127554,2026-04-12
High VE,225,2.0320609149937967,1.2807034775032347,3.0374224571839696,2026-04-13
High VE,226,1.9620525384326237,1.2267509745459177,2.9253965154344335,2026-04-14
High VE,227,1.8916061302682379,1.1594929639185971,2.8542963491206463,2026-04-15
High VE,228,1.824771166158324,1.1105806808241812,2.741337825743977,2026-04-16
High VE,229,1.7683682947034263,1.0726444579986636,2.6431910678532,2026-04-17
High VE,230,1.7088701884762443,1.0268010235575749,2.59629147732074,2026-04-18
High VE,231,1.6139920322324133,0.9723744483659026,2.540993870433588,2026-04-19
High VE,232,1.5238592432523514,0.9101497909814273,2.4163783526987754,2026-04-20
High VE,233,1.44398694147191,0.8642988280708058,2.37883996834253,2026-04-21
High VE,234,1.4045715048441485,0.8236634323914452,2.3590398847227734,2026-04-22
High VE,235,1.3594773014341963,0.7707272124452925,2.332034669454333,2026-04-23
High VE,236,1.3181219205859853,0.7338222625421675,2.275021019795827,2026-04-24
High VE,237,1.2746177960877456,0.7137016566848491,2.2323482478309256,2026-04-25
High VE,238,1.2093400571654858,0.6606381646404026,2.1453088755017196,2026-04-26
High VE,239,1.1316487960352843,0.6050552521023598,2.054544946052508,2026-04-27
High VE,240,1.0873137548018263,0.5739074890202964,1.9733989935842873,2026-04-28
High VE,241,1.0474378660032075,0.546140371060183,1.919809580326084,2026-04-29
High VE,242,1.0107957897014543,0.5248910766980198,1.9042372804796348,2026-04-30
High VE,243,0.9760848111076217,0.4925172306282735,1.8706072797320863,2026-05-01
High VE,244,0.9490971196767065,0.4575994822258355,1.879970001333495,2026-05-02
High VE,245,0.9085038518583677,0.41738240520315195,1.8352933049112827,2026-05-03
High VE,246,0.8525411395100522,0.37574870185358367,1.8185013705507336,2026-05-04
High VE,247,0.8148188525460144,0.34178035126165923,1.8343721257959817,2026-05-05
High VE,248,0.7765760089807963,0.31961130657499687,1.8459015694638976,2026-05-06
High VE,249,0.7463265003286645,0.2936913096577931,1.8914142987383045,2026-05-07
High VE,250,0.7278507120668708,0.27279047657660144,1.9421069862945104,2026-05-08
Infection protection only,1,0.3500406615864128,0.10141796394139892,0.8119859946699711,2025-09-01
Infection protection only,2,0.8374864701563224,0.24408643167038332,1.9408580612793755,2025-09-02
Infection protection only,3,1.0259217400583363,0.30004771645642997,2.3607472619446637,2025-09-03
Infection protection only,4,1.092157826951267,0.32227603352786255,2.4721324265030074,2025-09-04
Infection protection only,5,1.0940865389197922,0.3256528626176687,2.5031719879029803,2025-09-05
Infection protection only,6,1.0827520850363175,0.33271324140272196,2.4619374357729322,2025-09-06
Infection protection only,7,1.0471989249381812,0.3257256061132144,2.333686353097345,2025-09-07
Infection protection only,8,1.0028987977662462,0.3167106320145531,2.1856754742579354,2025-09-08
Infection protection only,9,0.9832357022026187,0.3202462794039372,2.0906089328612008,2025-09-09
Infection protection only,10,0.9752875758988342,0.3243745239426034,2.039534387274811,2025-09-10
Infection protection only,11,0.9858547187496829,0.3417639879642746,2.0206950360263205,2025-09-11
Infection protection only,12,1.0110044960906506,0.36285960539322654,2.0447653135679826,2025-09-12
Infection protection only,13,1.0403040024608055,0.39956296263844815,2.1130643318047087,2025-09-13
Infection protection only,14,1.0352563966300667,0.40422465236330685,2.093105502891866,2025-09-14
Infection protection only,15,1.0279364321502227,0.4090185980022253,2.0283616092546333,2025-09-15
Infection protection only,16,1.041576266188399,0.4253722787724157,2.0012804973731755,2025-09-16
Infection protection only,17,1.0649161739446429,0.4461657167380105,2.023431105556412,2025-09-17
Infection protection only,18,1.098636330716559,0.47726708153754244,2.0607312632837846,2025-09-18
Infection protection only,19,1.142132932004177,0.5035436073570791,2.1334002731983475,2025-09-19
Infection protection only,20,1.189355724850902,0.5356589572736193,2.214194877100485,2025-09-20
Infection protection only,21,1.209252824636851,0.5544484719354034,2.2929635683492573,2025-09-21
Infection protection only,22,1.2121025273773962,0.5588046298987613,2.2872162851329514,2025-09-22
Infection protection only,23,1.2277033307720284,0.56970683601957,2.3241822712929294,2025-09-23
Infection protection only,24,1.2527951086459623,0.5842847519993671,2.3445113014692844,2025-09-24
Infection protection only,25,1.2816515131298718,0.6121332720593536,2.403952682046209,2025-09-25
Infection protection only,26,1.3205630468985654,0.6222058173476112,2.458860839795415,2025-09-26
Infection protection only,27,1.3479191551764864,0.6509490189888619,2.5089557029633394,2025-09-27
Infection protection only,28,1.3404596394811563,0.6572509369973879,2.476847893591545,2025-09-28
Infection protection only,29,1.3178182941602172,0.6532714821739188,2.4189798868187147,2025-09-29
Infection protection only,30,1.315274364729044,0.6505904787835544,2.3940081195782565,2025-09-30
Infection protection only,31,1.3374518690611479,0.6648342874031137,2.4274315799946455,2025-10-01
Infection protection only,32,1.3802794952081918,0.6847667423475728,2.473109604182626,2025-10-02
Infection protection only,33,1.4327443983761923,0.7131833019010493,2.5868891873594624,2025-10-03
Infection protection only,34,1.4922525466723617,0.7327484376752157,2.719793130416952,2025-10-04
Infection protection only,35,1.505849146968899,0.7562744359132325,2.7367559944095365,2025-10-05
Infection protection only,36,1.4862666963657132,0.7438070399988427,2.698354638769708,2025-10-06
Infection protection only,37,1.5019138144540953,0.743579527492368,2.6911292510328853,2025-10-07
Infection protection only,38,1.5298756617494749,0.744475297233247,2.7505695590867383,2025-10-08
Infection protection only,39,1.5732238490286161,0.7566759774855366,2.8183808299464026,2025-10-09
Infection protection only,40,1.6514666054179858,0.7953531276844988,2.9074747088898465,2025-10-10
Infection protection only,41,1.7312399999001022,0.8419044438021471,3.0321746373373153,2025-10-11
Infection protection only,42,1.757975060030229,0.8699931858828193,3.051347580245392,2025-10-12
Infection protection only,43,1.7438166795354353,0.8826006971454213,2.9914933486091178,2025-10-13
Infection protection only,44,1.741521313381976,0.8873106258456639,2.934027059175132,2025-10-14
Infection protection only,45,1.7633647845261335,0.8933319936845613,2.983961968178765,2025-10-15
Infection protection only,46,1.8030151042303395,0.9165310661464586,3.0872514760701897,2025-10-16
Infection protection only,47,1.8842515438752945,0.951111965975013,3.2488173937730926,2025-10-17
Infection protection only,48,1.9813815340123992,0.9909947309193942,3.358530552146134,2025-10-18
Infection protection only,49,2.0074470489905067,1.0062760192402422,3.401829066228036,2025-10-19
Infection protection only,50,1.9688652745282236,0.9986792866804991,3.3837854140272183,2025-10-20
Infection protection only,51,1.9715644786381286,1.005518816961219,3.4049802997178515,2025-10-21
Infection protection only,52,2.006419552046676,1.0342897618115083,3.388377465434715,2025-10-22
Infection protection only,53,2.0632491068311722,1.0669783111477729,3.456333705855679,2025-10-23
Infection protection only,54,2.146631215504417,1.0911787112746771,3.565581684090351,2025-10-24
Infection protection only,55,2.224042603955792,1.130594639391464,3.6706347647121778,2025-10-25
Infection protection only,56,2.2523946398769983,1.162690087894191,3.6445430503599443,2025-10-26
Infection protection only,57,2.249733344675841,1.1777858887622066,3.630857780704042,2025-10-27
Infection protection only,58,2.2852139906081437,1.2370209043732667,3.7059638175850673,2025-10-28
Infection protection only,59,2.367060807253037,1.3228825211514041,3.775835086041288,2025-10-29
Infection protection only,60,2.4531374371276593,1.4152791954642108,3.8820409854687608,2025-10-30
Infection protection only,61,2.5315158355025313,1.4860755547384021,3.9593554826945434,2025-10-31
Infection protection only,62,2.621793154989059,1.5520144051143085,4.113996011130381,2025-11-01
Infection protection only,63,2.6722493031529266,1.5880994648737696,4.199409480754801,2025-11-02
Infection protection only,64,2.708902560488277,1.6037987759517744,4.222876427949423,2025-11-03
Infection protection only,65,2.8072560449859782,1.6790410416686687,4.35773958730122,2025-11-04
Infection protection only,66,2.9756035003756125,1.7884371186325911,4.608874399028624,2025-11-05
Infection protection only,67,3.1797168103899773,1.911426082126748,4.89286410441598,2025-11-06
Infection protection only,68,3.453659924272749,2.064421751951471,5.295424369224399,2025-11-07
Infection protection only,69,3.7518106776924,2.2654788363129943,5.7043997583738255,2025-11-08
Infection protection only,70,3.945706735201085,2.403654387028859,5.875677702782557,2025-11-09
Infection protection only,71,4.060006547791028,2.4507666934673638,6.037127012799243,2025-11-10
Infection protection only,72,4.245110077546201,2.5585955607225266,6.299107856267831,2025-11-11
Infection protection only,73,4.595897560114266,2.7161729100258287,6.641954585742237,2025-11-12
Infection protection only,74,5.011423436193607,2.9917485141155358,7.075798979891989,2025-11-13
Infection protection only,75,5.501512202847334,3.3368631025861464,7.738032954154994,2025-11-14
Infection protection only,76,6.0402656944336055,3.688420178101289,8.442027007427122,2025-11-15
Infection protection only,77,6.372672275011357,3.9472503269708725,8.964143684664721,2025-11-16
Infection protection only,78,6.646145879517393,4.156384766799296,9.347856777546443,2025-11-17
Infection protection only,79,7.106642345722947,4.523483124990841,9.946212576762843,2025-11-18
Infection protection only,80,7.768240331169951,5.038471718112615,10.7608320627322,2025-11-19
Infection protection only,81,8.579974281550221,5.686133914820224,11.753565745531002,2025-11-20
Infection protection only,82,9.448683913874062,6.458917674062713,12.897409061155747,2025-11-21
Infection protection only,83,10.384859796719255,7.162939703115453,14.061435418443756,2025-11-22
Infection protection only,84,10.977257306889593,7.678431191623002,14.72892842463991,2025-11-23
Infection protection only,85,11.44040467768706,8.25202621246973,15.316324206173693,2025-11-24
Infection protection only,86,12.203143000729973,9.021655562834425,16.35900573750396,2025-11-25
Infection protection only,87,13.183837221975462,9.712518769009778,17.776238167988645,2025-11-26
Infection protection only,88,14.103236650641334,10.39880498241039,18.95177063365372,2025-11-27
Infection protection only,89,14.893944514809043,10.957863143103735,20.191119993812382,2025-11-28
Infection protection only,90,15.845330494155299,11.64876582816201,21.61259308503841,2025-11-29
Infection protection only,91,16.646314434310728,12.310684176382994,22.793871411935257,2025-11-30
Infection protection only,92,17.27677794011825,12.711534681378396,23.6874776080676,2025-12-01
Infection protection only,93,18.42173833224712,13.623784447772518,25.13632657664398,2025-12-02
Infection protection only,94,19.976725767816767,14.829617325250748,27.16566711079669,2025-12-03
Infection protection only,95,21.95172044072231,16.333077708120246,29.890688069333123,2025-12-04
Infection protection only,96,24.482717329476387,18.678296804659084,33.28440809439848,2025-12-05
Infection protection only,97,27.646304851456996,21.383151118860127,37.03654158976119,2025-12-06
Infection protection only,98,30.09099470391692,23.515127014029385,39.79569669989178,2025-12-07
Infection protection only,99,32.25715804612419,25.297758040396985,42.034870228602415,2025-12-08
Infection protection only,100,36.00100646183695,28.58390839633494,46.382063549836644,2025-12-09
Infection protection only,101,40.84325115438259,32.76051948108103,51.7580652681496,2025-12-10
Infection protection only,102,46.246796763065134,37.26085636788203,58.67956683486082,2025-12-11
Infection protection only,103,52.7975694749058,42.25802596072376,66.1956134451477,2025-12-12
Infection protection only,104,60.07315205070011,48.302838617546556,75.0410512573218,2025-12-13
Infection protection only,105,66.08629758860374,53.03675111880476,82.30931202614,2025-12-14
Infection protection only,106,71.2187005687989,57.2261138614128,88.48201071770758,2025-12-15
Infection protection only,107,78.95965387692189,63.995209269618336,97.49976070590881,2025-12-16
Infection protection only,108,88.79434687689022,72.4243154728124,108.92635483295915,2025-12-17
Infection protection only,109,99.84642974672997,81.6710337697,122.07553411636843,2025-12-18
Infection protection only,110,112.0225211695323,92.19688508193495,135.55953530186557,2025-12-19
Infection protection only,111,124.04534730642946,104.23853171111789,149.45330787768836,2025-12-20
Infection protection only,112,134.2100299345599,113.02465911906148,160.44456475141746,2025-12-21
Infection protection only,113,142.31900171177344,122.02061865963901,169.01124981588157,2025-12-22
Infection protection only,114,153.0109386033456,131.67890948744005,180.1382241406564,2025-12-23
Infection protection only,115,163.78569486625105,142.1055142753833,192.1674233335837,2025-12-24
Infection protection only,116,173.33124216932475,150.03384385999559,202.40717920128384,2025-12-25
Infection protection only,117,179.24198557344968,154.5209507385549,207.1368540739419,2025-12-26
Infection protection only,118,184.8653186800658,158.3237793856204,212.86274796488317,2025-12-27
Infection protection only,119,186.47708054048718,158.46704722180786,214.09583051761928,2025-12-28
Infection protection only,120,184.26111258713627,154.82324083156365,211.74306705005094,2025-12-29
Infection protection only,121,181.83168648198333,151.8666602726459,209.84599343838332,2025-12-30
Infection protection only,122,180.8336739062171,150.40442687462317,207.7565883490734,2025-12-31
Infection protection only,123,179.22833294827458,148.26878914235567,205.58036073805812,2026-01-01
Infection protection only,124,174.3049149197863,143.02008681361923,199.59793299084384,2026-01-02
Infection protection only,125,168.84695714069522,137.780322305272,193.5705434934056,2026-01-03
Infection protection only,126,161.04231842723698,131.08693152210034,184.08003039785203,2026-01-04
Infection protection only,127,151.41680249743757,123.07475634130066,172.32998275338846,2026-01-05
Infection protection only,128,143.0968626454938,116.65242084358974,163.5049579706765,2026-01-06
Infection protection only,129,136.14115574253222,111.28378190221878,156.09054025725231,2026-01-07
Infection protection only,130,129.77053275487606,106.61210169071344,148.69494718529717,2026-01-08
Infection protection only,131,123.4201126781917,101.42769595212778,142.252425788011,2026-01-09
Infection protection only,132,117.01520204771134,96.67916278362358,136.17901307297498,2026-01-10
Infection protection only,133,108.71414159348902,89.94876888106299,127.14894151657775,2026-01-11
Infection protection only,134,100.29997981279143,83.52780710422613,117.63300583106349,2026-01-12
Infection protection only,135,93.54897378546704,77.96972542654555,109.82100736473271,2026-01-13
Infection protection only,136,87.74865874199793,73.12220029844958,103.31070248289161,2026-01-14
Infection protection only,137,82.42456711728326,68.67785358011136,97.60765853593331,2026-01-15
Infection protection only,138,77.40847382228583,64.49838221472932,91.97439021376518,2026-01-16
Infection protection only,139,72.91403490010744,60.96013929578467,86.6196453718147,2026-01-17
Infection protection only,140,67.6110228418508,56.756606202484704,79.95367085756408,2026-01-18
Infection protection only,141,61.611752739018954,52.1452505602226,72.70841769438277,2026-01-19
Infection protection only,142,56.40535602334216,47.69377028429687,67.58419887377136,2026-01-20
Infection protection only,143,52.3333864559272,44.10229463455678,63.34808529924966,2026-01-21
Infection protection only,144,48.962255909076674,41.08861298677099,60.066855132932695,2026-01-22
Infection protection only,145,45.68419849246109,38.100246711828696,57.215204989690605,2026-01-23
Infection protection only,146,42.84706926937458,35.61764300075668,54.24127552204065,2026-01-24
Infection protection only,147,39.71980235550916,32.82808101758259,50.65776912037933,2026-01-25
Infection protection only,148,36.45401596070074,29.957857832252085,46.65714774372942,2026-01-26
Infection protection only,149,33.89731178904389,27.549146664085153,43.33538161779244,2026-01-27
Infection protection only,150,32.01304153870223,25.818107613051136,40.824163644646035,2026-01-28
Infection protection only,151,30.399488192885517,24.44842047531446,38.684247116269226,2026-01-29
Infection protection only,152,29.011280394498264,23.28125018184402,36.795807356599354,2026-01-30
Infection protection only,153,27.698750865088414,22.268205014396493,35.12085425445948,2026-01-31
Infection protection only,154,26.004766902258574,20.954033253411676,32.86150714726702,2026-02-01
Infection protection only,155,24.209587143241055,19.352981692100595,30.92043543411478,2026-02-02
Infection protection only,156,22.782295069440632,18.22795846455573,29.202709787243812,2026-02-03
Infection protection only,157,21.65171165408581,17.03112267994542,27.928688455558913,2026-02-04
Infection protection only,158,20.62347845500132,16.18849429503839,27.090868146585258,2026-02-05
Infection protection only,159,19.882434036928885,15.516764424450477,26.49965998283107,2026-02-06
Infection protection only,160,19.21604199607951,14.888994274150274,25.81160256868315,2026-02-07
Infection protection only,161,18.28320756761945,14.108279540522064,24.735459656305792,2026-02-08
Infection protection only,162,17.354826798089874,13.185991114334463,23.55410813201837,2026-02-09
Infection protection only,163,16.76202132427266,12.691916724272406,22.96187670828311,2026-02-10
Infection protection only,164,16.388870017256785,12.320853570789168,22.540803331928565,2026-02-11
Infection protection only,165,16.084991370602058,12.172261456048364,22.321408370718434,2026-02-12
Infection protection only,166,15.985044464307522,12.082668202311588,22.085522047257957,2026-02-13
Infection protection only,167,15.930799587851896,11.937920585015771,21.991555732172028,2026-02-14
Infection protection only,168,15.571036478905139,11.650714503300794,21.444490361218435,2026-02-15
Infection protection only,169,15.060812761675178,11.242552736443002,20.718340783518045,2026-02-16
Infection protection only,170,14.729681372199002,10.924273978558041,20.232362439537106,2026-02-17
Infection protection only,171,14.401084099696392,10.81194152944637,19.91436277207119,2026-02-18
Infection protection only,172,14.039236115850073,10.519387155999121,19.67379770260285,2026-02-19
Infection protection only,173,13.734058085951052,10.174600646918744,19.291696314539752,2026-02-20
Infection protection only,174,13.391911672479825,9.777416251401569,19.012980659068788,2026-02-21
Infection protection only,175,12.744918922764498,9.24157672351442,18.171255069567795,2026-02-22
Infection protection only,176,12.037163092340176,8.619547519217546,17.29098120633493,2026-02-23
Infection protection only,177,11.551408058958476,8.248105802376106,16.478727385981085,2026-02-24
Infection protection only,178,11.192762745494884,8.028886896493951,15.855957334744476,2026-02-25
Infection protection only,179,10.892837423800877,7.861318342098038,15.452681156026724,2026-02-26
Infection protection only,180,10.662739176169449,7.686747981955858,15.124350394858096,2026-02-27
Infection protection only,181,10.457442897837469,7.506631039663045,14.826210075771376,2026-02-28
Infection protection only,182,10.043054093420901,7.126647618639998,14.300941654406897,2026-03-01
Infection protection only,183,9.51973481658045,6.798338457717198,13.593482361083256,2026-03-02
Infection protection only,184,9.168769903827467,6.5732835290479,13.043045845410019,2026-03-03
Infection protection only,185,8.993324825334273,6.420887180888422,12.516903365938058,2026-03-04
Infection protection only,186,8.824957957003697,6.26547646597496,12.24562491389496,2026-03-05
Infection protection only,187,8.663639502889815,6.0854479876551615,12.065198343372499,2026-03-06
Infection protection only,188,8.462231121994439,5.8520491472531955,11.934865122617163,2026-03-07
Infection protection only,189,8.12831844692899,5.6119132169933374,11.48061872667233,2026-03-08
Infection protection only,190,7.6803944815733605,5.300521816050775,10.858632358159415,2026-03-09
Infection protection only,191,7.380615997727588,5.0796559092818185,10.360642533334595,2026-03-10
Infection protection only,192,7.194387870062123,4.9313346469714325,10.038124576291175,2026-03-11
Infection protection only,193,7.032991516768533,4.782748014606118,9.814100705145279,2026-03-12
Infection protection only,194,6.882053888608491,4.713219477183293,9.65103876126891,2026-03-13
Infection protection only,195,6.809031482234432,4.680864942723927,9.579237987926636,2026-03-14
Infection protection only,196,6.633670394134807,4.522808470405148,9.290553668882067,2026-03-15
Infection protection only,197,6.34931147349717,4.3142505198274295,8.823454918491084,2026-03-16
Infection protection only,198,6.143148823331068,4.199520140500171,8.620282518731397,2026-03-17
Infection protection only,199,6.01246396011082,4.139386151491171,8.34747716368564,2026-03-18
Infection protection only,200,6.031102768231127,4.134809294542662,8.489953411280185,2026-03-19
Infection protection only,201,6.101697383996802,4.169607977395395,8.727355605588725,2026-03-20
Infection protection only,202,6.127782652287734,4.130587949585271,8.77929921390232,2026-03-21
Infection protection only,203,5.993270236167509,4.028376841727439,8.472975754400258,2026-03-22
Infection protection only,204,5.775342951260235,3.852569283545406,8.294736026879908,2026-03-23
Infection protection only,205,5.670090882626142,3.7345927773150027,8.074442528760482,2026-03-24
Infection protection only,206,5.670020000693319,3.679533225725391,8.052122178253448,2026-03-25
Infection protection only,207,5.712412141738163,3.691457954557362,8.11793943645491,2026-03-26
Infection protection only,208,5.75237858409279,3.6861394727410457,8.091327216278188,2026-03-27
Infection protection only,209,5.803630671943629,3.6929656700569353,8.235171349751898,2026-03-28
Infection protection only,210,5.8001581286257595,3.670057753317979,8.251614460140614,2026-03-29
Infection protection only,211,5.7143002602834585,3.6430898903701614,8.196824431661181,2026-03-30
Infection protection only,212,5.6309552179686175,3.6892615401803104,8.076388564503665,2026-03-31
Infection protection only,213,5.5637561001809726,3.6761712458581486,8.093443222905995,2026-04-01
Infection protection only,214,5.535678261481307,3.6380533127365333,8.100728163397665,2026-04-02
Infection protection only,215,5.520658256301261,3.5956162612610445,8.132310477052721,2026-04-03
Infection protection only,216,5.487900636997702,3.5753859839315383,8.25595946534044,2026-04-04
Infection protection only,217,5.347310161615974,3.473250824442704,8.108535613151536,2026-04-05
Infection protection only,218,5.128438633210319,3.3564312372449048,7.825125228027641,2026-04-06
Infection protection only,219,5.018682473877721,3.3101250944217213,7.635049413229571,2026-04-07
Infection protection only,220,5.000597937745697,3.319064992983469,7.610173335231438,2026-04-08
Infection protection only,221,4.997904951229697,3.3446053968100973,7.614659931862716,2026-04-09
Infection protection only,222,5.027915627914266,3.403336650866968,7.587068656646272,2026-04-10
Infection protection only,223,5.039562913682872,3.361123509289193,7.575553328071943,2026-04-11
Infection protection only,224,4.919303398886806,3.2521250031114453,7.350474674913225,2026-04-12
Infection protection only,225,4.742872635037859,3.1008792816241493,7.085009796286912,2026-04-13
Infection protection only,226,4.5729222124327915,2.935028794444699,6.81280188660179,2026-04-14
Infection protection only,227,4.436471360163877,2.8172616319294375,6.623536190456348,2026-04-15
Infection protection only,228,4.298795159705901,2.684047978508444,6.531924775157975,2026-04-16
Infection protection only,229,4.19508310035458,2.5649888197883475,6.438808948722519,2026-04-17
Infection protection only,230,4.070839090160028,2.4440203149371946,6.311628684350719,2026-04-18
Infection protection only,231,3.902976516030381,2.3139740249929255,6.098247193292709,2026-04-19
Infection protection only,232,3.668300337343241,2.1715632060505023,5.892503027554943,2026-04-20
Infection protection only,233,3.5082289165507197,2.036621643001186,5.784956078599009,2026-04-21
Infection protection only,234,3.4215592350839774,1.9682772187452453,5.6915885286606684,2026-04-22
Infection protection only,235,3.3298763198201975,1.9216057533513535,5.624975175771119,2026-04-23
Infection protection only,236,3.2502854965398003,1.8614464107844289,5.5096776847045605,2026-04-24
Infection protection only,237,3.14828234974086,1.7791380314091643,5.4693207633333785,2026-04-25
Infection protection only,238,3.010090718899577,1.673987706745358,5.299817478399114,2026-04-26
Infection protection only,239,2.8373881387622557,1.5414474684215163,5.0556464515840505,2026-04-27
Infection protection only,240,2.7121130322613682,1.4419064165965807,4.92107976739861,2026-04-28
Infection protection only,241,2.60575289129588,1.3820904033376649,4.748739943062163,2026-04-29
Infection protection only,242,2.5177198078975693,1.303740639385879,4.710643527396865,2026-04-30
Infection protection only,243,2.443365257043525,1.2293326171669645,4.665561320266717,2026-05-01
Infection protection only,244,2.4030383903249293,1.142447471948469,4.685081259557413,2026-05-02
Infection protection only,245,2.312049337952316,1.0486179514602312,4.670273775907788,2026-05-03
Infection protection only,246,2.190901687119675,0.9556441195901054,4.687793358794339,2026-05-04
Infection protection only,247,2.0999320935692296,0.8708890250606858,4.672422976680746,2026-05-05
Infection protection only,248,2.00676992158418,0.7959499633091422,4.731070906599571,2026-05-06
Infection protection only,249,1.9155983282687274,0.7242259069274252,4.7351652411241005,2026-05-07
Infection protection only,250,1.8378271592767745,0.6664277161500153,5.040885494264064,2026-05-08
Low VE,1,0.3500406615864128,0.10141796394139892,0.8119859946699711,2025-09-01
Low VE,2,0.8374864701563224,0.24408643167038332,1.9408580612793755,2025-09-02
Low VE,3,1.0259217400583363,0.30004771645642997,2.3607472619446637,2025-09-03
Low VE,4,1.092157826951267,0.32227603352786255,2.4721324265030074,2025-09-04
Low VE,5,1.0940865389197922,0.3256528626176687,2.5031719879029803,2025-09-05
Low VE,6,1.0827520850363175,0.33271324140272196,2.4619374357729322,2025-09-06
Low VE,7,1.0471989249381812,0.3257256061132144,2.333686353097345,2025-09-07
Low VE,8,1.0028987977662462,0.3167106320145531,2.1856754742579354,2025-09-08
Low VE,9,0.9832357022026187,0.3202462794039372,2.0906089328612008,2025-09-09
Low VE,10,0.9752875758988342,0.3243745239426034,2.039534387274811,2025-09-10
Low VE,11,0.9858547187496829,0.3417639879642746,2.0206950360263205,2025-09-11
Low VE,12,1.0110044960906506,0.36285960539322654,2.0447653135679826,2025-09-12
Low VE,13,1.0403040024608055,0.39956296263844815,2.1130643318047087,2025-09-13
Low VE,14,1.0352563966300667,0.40422465236330685,2.093105502891866,2025-09-14
Low VE,15,1.0279364321502227,0.4090185980022253,2.0283616092546333,2025-09-15
Low VE,16,1.041576266188399,0.4253722787724157,2.0012804973731755,2025-09-16
Low VE,17,1.0649161739446429,0.4461657167380105,2.023431105556412,2025-09-17
Low VE,18,1.098636330716559,0.47726708153754244,2.0607312632837846,2025-09-18
Low VE,19,1.142132932004177,0.5035436073570791,2.1334002731983475,2025-09-19
Low VE,20,1.189353612851456,0.5356579451326021,2.2141912723925645,2025-09-20
Low VE,21,1.2092318818467391,0.5544363827338895,2.2929212210868437,2025-09-21
Low VE,22,1.2120282533868116,0.5587708451862234,2.287078450309365,2025-09-22
Low VE,23,1.2275553152740832,0.5696384411260917,2.3238965519077888,2025-09-23
Low VE,24,1.2525430117311946,0.584162104867769,2.3440452718700473,2025-09-24
Low VE,25,1.2812638637466298,0.6119464640230361,2.4032856695024187,2025-09-25
Low VE,26,1.320044411148217,0.6219677400975168,2.457936307218185,2025-09-26
Low VE,27,1.3473201690321754,0.6506079768737303,2.5078356430567488,2025-09-27
Low VE,28,1.3397697779742421,0.6568625814288797,2.475465998052204,2025-09-28
Low VE,29,1.3169638673473476,0.6528185428653321,2.417403806917346,2025-09-29
Low VE,30,1.314151921480408,0.6500766201200946,2.392073629287964,2025-09-30
Low VE,31,1.3361416810521751,0.6641986391729172,2.42530224259909,2025-10-01
Low VE,32,1.378788022790191,0.68408431529547,2.470637833921903,2025-10-02
Low VE,33,1.4310375171971135,0.7123227992041096,2.583942728490606,2025-10-03
Low VE,34,1.4903820892706925,0.7317962633687825,2.7166600169313813,2025-10-04
Low VE,35,1.503417118555009,0.7553020216342993,2.7334313076798487,2025-10-05
Low VE,36,1.4839661939661166,0.7427603272059703,2.694339121953055,2025-10-06
Low VE,37,1.4991610064199148,0.7424433614942612,2.687073114009543,2025-10-07
Low VE,38,1.5272862891789032,0.7431128513474897,2.746136023626879,2025-10-08
Low VE,39,1.5702300203930357,0.7552171706502753,2.8137049393033227,2025-10-09
Low VE,40,1.6481609200156244,0.7936802693246577,2.9023873000485882,2025-10-10
Low VE,41,1.7282842580352875,0.8403246680817291,3.0270472972613436,2025-10-11
Low VE,42,1.75439315231523,0.868351535962595,3.0454057106534997,2025-10-12
Low VE,43,1.739545364717659,0.8806151373613968,2.9852179929044826,2025-10-13
Low VE,44,1.7357474852720314,0.8846954572190248,2.9270133837425645,2025-10-14
Low VE,45,1.7580472941888285,0.8902339326409248,2.976087367701901,2025-10-15
Low VE,46,1.7982970261219187,0.9132990410122079,3.0780315445268287,2025-10-16
Low VE,47,1.876631981318979,0.9482511233644767,3.23979959105063,2025-10-17
Low VE,48,1.9746179389946867,0.9877248939102263,3.346667567173141,2025-10-18
Low VE,49,1.9991794630769777,1.0021344627830575,3.3897611755304466,2025-10-19
Low VE,50,1.9610523948959238,0.9941809456213968,3.370140162531375,2025-10-20
Low VE,51,1.9637956652587036,1.000944097017097,3.391334244370501,2025-10-21
Low VE,52,1.9986923943740678,1.0297208464857257,3.3751321614371226,2025-10-22
Low VE,53,2.0554024757094567,1.0630986822278317,3.4448035086107667,2025-10-23
Low VE,54,2.140630179576087,1.08777845963869,3.5559760125047535,2025-10-24
Low VE,55,2.219078180879727,1.127332911376577,3.663831814554045,2025-10-25
Low VE,56,2.2460247314062998,1.1596308026123143,3.6379473358220813,2025-10-26
Low VE,57,2.245387125931745,1.175184106774346,3.6272818054560148,2025-10-27
Low VE,58,2.27903392096795,1.2351600192657282,3.702858886315807,2025-10-28
Low VE,59,2.366781293005408,1.3221133175794764,3.774856542105669,2025-10-29
Low VE,60,2.4522372416117895,1.416419605936388,3.8826512782683467,2025-10-30
Low VE,61,2.536465573310358,1.4867747139262635,3.9712987804819955,2025-10-31
Low VE,62,2.6286690332522773,1.5543356885766333,4.132376869159389,2025-11-01
Low VE,63,2.6801962417126677,1.5922346661528002,4.218252629819723,2025-11-02
Low VE,64,2.720922512529391,1.6096935937689267,4.243757597692386,2025-11-03
Low VE,65,2.8253668917260777,1.6873021565375192,4.380033745253685,2025-11-04
Low VE,66,2.9921520159879695,1.7993654486502977,4.636361063515325,2025-11-05
Low VE,67,3.2010063669392963,1.9266526458322517,4.943106431237938,2025-11-06
Low VE,68,3.4871824054514793,2.0847053537590794,5.3458476343025545,2025-11-07
Low VE,69,3.795605775692175,2.292003613522252,5.769678396107104,2025-11-08
Low VE,70,3.9920985463746272,2.4309734263309193,5.954347385588386,2025-11-09
Low VE,71,4.112035402876647,2.4782339198701893,6.130295585752913,2025-11-10
Low VE,72,4.308890161737051,2.594857890149324,6.40818462110924,2025-11-11
Low VE,73,4.67134704916164,2.7576370651854467,6.779439524377985,2025-11-12
Low VE,74,5.107657473839926,3.0457502817250752,7.227964310980543,2025-11-13
Low VE,75,5.623445787620938,3.4035204159521455,7.9094126278537535,2025-11-14
Low VE,76,6.187229320054694,3.771698020997791,8.643249952963968,2025-11-15
Low VE,77,6.529513631951374,4.042428250146923,9.19309861368237,2025-11-16
Low VE,78,6.8218051569501545,4.261109899876933,9.603777347865138,2025-11-17
Low VE,79,7.321365150536298,4.647039988080476,10.240903456737815,2025-11-18
Low VE,80,8.005010194453455,5.189714192880085,11.089181695922775,2025-11-19
Low VE,81,8.857608299736826,5.878144084821729,12.167072718268042,2025-11-20
Low VE,82,9.799797667669717,6.691702774112542,13.400520213500714,2025-11-21
Low VE,83,10.796059073435204,7.447791369665554,14.614075141769172,2025-11-22
Low VE,84,11.422498387784454,7.987205411402864,15.368671789406577,2025-11-23
Low VE,85,11.955979610870962,8.620101947678613,16.059513105291284,2025-11-24
Low VE,86,12.791155884253905,9.447290179854688,17.20519201982273,2025-11-25
Low VE,87,13.862060872228474,10.198550035712813,18.70700298155451,2025-11-26
Low VE,88,14.888129147512732,10.972899069568887,20.023155408165124,2025-11-27
Low VE,89,15.772288527590113,11.600345148289879,21.492334099147605,2025-11-28
Low VE,90,16.82773661196291,12.344827494043084,23.02588516796081,2025-11-29
Low VE,91,17.720004451163714,13.091693352245194,24.421950937754946,2025-11-30
Low VE,92,18.488789378650715,13.558757117472192,25.391789723480795,2025-12-01
Low VE,93,19.775156164823567,14.571090518920517,27.019589770313313,2025-12-02
Low VE,94,21.608265535216958,15.938607886248175,29.44970647024729,2025-12-03
Low VE,95,23.815586435987775,17.676353960111285,32.604237839366036,2025-12-04
Low VE,96,26.785467465620563,20.388299560481432,36.49194805421585,2025-12-05
Low VE,97,30.40505162559497,23.53367788646885,40.9172180405195,2025-12-06
Low VE,98,33.26777613050707,25.928568436646344,44.175070712979384,2025-12-07
Low VE,99,35.841439107935145,28.046605478064226,46.90562814488726,2025-12-08
Low VE,100,40.218723857280125,31.794897774039235,51.96226386354971,2025-12-09
Low VE,101,46.02398918959079,36.58896301444498,58.32886371980345,2025-12-10
Low VE,102,52.48981585955276,42.153552722232995,66.44938161906609,2025-12-11
Low VE,103,60.29031770669921,48.16959119644903,75.93266860209823,2025-12-12
Low VE,104,69.13094548539868,55.35572682994702,86.4875490869616,2025-12-13
Low VE,105,76.26381764425238,61.21813755598803,95.42414453832329,2025-12-14
Low VE,106,82.49119808496579,66.17239271693799,103.0065461871445,2025-12-15
Low VE,107,92.01107667167949,74.11434396435227,113.83781727024575,2025-12-16
Low VE,108,104.26007591356222,84.68633296059774,128.18354369670612,2025-12-17
Low VE,109,117.99632081709964,96.07756558576851,144.0797613550926,2025-12-18
Low VE,110,132.99457253461446,109.34965489887401,160.87850202414427,2025-12-19
Low VE,111,148.5679978388515,124.6290432833919,178.59157459039994,2025-12-20
Low VE,112,161.25221873061986,135.82134867331806,192.62418760531492,2025-12-21
Low VE,113,171.63009930248614,146.5658405137331,203.80839885173367,2025-12-22
Low VE,114,185.02356453702203,159.50441420102,218.97887117082303,2025-12-23
Low VE,115,198.85357303198577,172.43309507452122,234.21362088841786,2025-12-24
Low VE,116,211.59076233228654,183.5265143276658,247.15780094633942,2025-12-25
Low VE,117,219.52937318842567,189.37338897708,253.92979353426884,2025-12-26
Low VE,118,227.50874126229138,194.5395303668294,262.5214537811365,2025-12-27
Low VE,119,230.44789917280897,194.88302915734087,265.83198848642337,2025-12-28
Low VE,120,227.99932938565715,191.12826108357484,263.16475432778697,2025-12-29
Low VE,121,225.82958100307366,187.78003311407468,259.2398371759019,2025-12-30
Low VE,122,225.31127148061032,185.59772574183796,258.56733378747435,2025-12-31
Low VE,123,224.25793001081917,183.28327894250413,256.91409497021476,2026-01-01
Low VE,124,218.43653971757018,177.1738738072023,250.31152658736718,2026-01-02
Low VE,125,212.16197988220267,171.6417084358465,242.30331661452286,2026-01-03
Low VE,126,202.70492126138402,165.06517760816428,230.93612873546013,2026-01-04
Low VE,127,191.25896703858194,154.3856270065193,217.0938226986237,2026-01-05
Low VE,128,181.35435473571255,146.30727744617988,208.2611898971751,2026-01-06
Low VE,129,173.2132468829071,140.74559321327033,199.2263264374204,2026-01-07
Low VE,130,165.4219761712086,135.93422655762498,189.8675945880175,2026-01-08
Low VE,131,158.1018667141757,130.39586082514336,183.2287321411862,2026-01-09
Low VE,132,150.32213857228243,124.04317184518962,175.4754333635822,2026-01-10
Low VE,133,140.25503398524518,116.02173047641999,164.64884123765785,2026-01-11
Low VE,134,129.31255876576546,107.22032507747092,152.65388052409202,2026-01-12
Low VE,135,120.90807771209384,100.54036434394355,142.77347993263393,2026-01-13
Low VE,136,113.81803193201787,94.34919678482342,135.07018355256204,2026-01-14
Low VE,137,107.20004697227841,89.11309881066354,128.41734135211678,2026-01-15
Low VE,138,101.42674600457363,83.6556006857569,121.38286302234121,2026-01-16
Low VE,139,95.7341694824083,79.50299561808747,113.61136674075004,2026-01-17
Low VE,140,89.03743785449986,73.81982319707636,105.62663070484085,2026-01-18
Low VE,141,81.20329326756242,67.47141004660207,96.59966870969521,2026-01-19
Low VE,142,74.3643915222529,61.73149090516277,88.9838093150518,2026-01-20
Low VE,143,69.11469555308253,57.00826373353911,83.63712069509937,2026-01-21
Low VE,144,64.64535332691558,53.294163059738864,79.8552066335006,2026-01-22
Low VE,145,60.722355015372685,49.89002374739563,76.14749813077677,2026-01-23
Low VE,146,57.28260089986058,46.395205470393925,72.5723813952664,2026-01-24
Low VE,147,53.20978756603337,42.99754389592472,67.86417835580355,2026-01-25
Low VE,148,48.98276875838259,39.45193431021166,62.94407419014658,2026-01-26
Low VE,149,45.62308592369843,36.4729567315173,58.63334753534885,2026-01-27
Low VE,150,43.17446144094028,34.186661215238225,55.11687325996215,2026-01-28
Low VE,151,41.048588513486706,32.29406371916007,52.16825833636138,2026-01-29
Low VE,152,39.190751718067965,30.903657348202586,49.72296723109712,2026-01-30
Low VE,153,37.61426113357124,29.86953707758602,47.257270661497145,2026-01-31
Low VE,154,35.324541265235986,28.004431033306034,44.5410371599252,2026-02-01
Low VE,155,32.78928194865176,25.843258915154813,41.879612468792494,2026-02-02
Low VE,156,30.865133099393663,24.5678481557379,40.07554396370111,2026-02-03
Low VE,157,29.371656732921863,23.10535145647963,38.15035060005323,2026-02-04
Low VE,158,28.247847073551746,21.97300058320656,37.17553707644596,2026-02-05
Low VE,159,27.24870868243627,21.054621757131873,36.3310848969619,2026-02-06
Low VE,160,26.38428095324563,20.261341258104913,35.227855995024356,2026-02-07
Low VE,161,25.228266775623638,19.32078982741367,34.060062905145024,2026-02-08
Low VE,162,23.900279000429354,18.10600113747812,32.56922389821146,2026-02-09
Low VE,163,23.12902162181001,17.393866302364156,31.894601112748592,2026-02-10
Low VE,164,22.726331650946364,16.996912819884656,31.457325293933817,2026-02-11
Low VE,165,22.405444614406257,16.70717290938098,31.32794527003947,2026-02-12
Low VE,166,22.223245854250237,16.638671462000026,31.07654742381479,2026-02-13
Low VE,167,22.1569825820168,16.465970207435873,31.087201215158053,2026-02-14
Low VE,168,21.76576380061302,16.101764995998963,30.533591947822234,2026-02-15
Low VE,169,21.01251022390292,15.57623362523825,29.471410071690055,2026-02-16
Low VE,170,20.616415654292368,15.286130870397177,28.476280932133676,2026-02-17
Low VE,171,20.241717111640874,14.879846749691465,28.389967274113907,2026-02-18
Low VE,172,19.879501855460923,14.600632111808386,27.857712147484083,2026-02-19
Low VE,173,19.50190364455355,14.207702001653768,27.627506953056894,2026-02-20
Low VE,174,19.0022261977201,13.71994270713674,26.90946344955293,2026-02-21
Low VE,175,18.119330663395544,12.928078283749851,25.748425058159302,2026-02-22
Low VE,176,17.09819093891928,12.157237200069087,24.202654507492017,2026-02-23
Low VE,177,16.354775165028116,11.659673273653645,23.07488459430179,2026-02-24
Low VE,178,15.917757832687634,11.409637303310458,22.5179978683795,2026-02-25
Low VE,179,15.646339799914646,11.062382608855863,22.305284223799397,2026-02-26
Low VE,180,15.387286445100914,10.845319267555439,22.13617079901384,2026-02-27
Low VE,181,15.109341879329417,10.6316815473603,21.74708785384695,2026-02-28
Low VE,182,14.524938924321681,10.21817149316716,20.76653061141372,2026-03-01
Low VE,183,13.743635293741765,9.6547391157652,19.61507614678649,2026-03-02
Low VE,184,13.30261234356603,9.356189376524267,18.96457246839658,2026-03-03
Low VE,185,13.064827818296836,9.07748447116029,18.353327881797966,2026-03-04
Low VE,186,12.805020126347188,8.876635046870648,17.773380480488953,2026-03-05
Low VE,187,12.580283234817564,8.656022889124253,17.78574306940788,2026-03-06
Low VE,188,12.386543111697987,8.398273055832494,17.50778791262069,2026-03-07
Low VE,189,11.931501945391112,8.03731778756111,16.91341266180571,2026-03-08
Low VE,190,11.266402697437664,7.534273453604803,16.04088305899686,2026-03-09
Low VE,191,10.787500768698933,7.151831642933372,15.482978841546194,2026-03-10
Low VE,192,10.529988254330053,6.929447762201413,15.025693569440207,2026-03-11
Low VE,193,10.288515302789236,6.808873025999759,14.770652939739847,2026-03-12
Low VE,194,10.159446174467842,6.683135226187439,14.473932911915112,2026-03-13
Low VE,195,10.066434346363266,6.6500004552086045,14.320581646374057,2026-03-14
Low VE,196,9.799045411241293,6.494135485441286,13.864319546862967,2026-03-15
Low VE,197,9.423418759301653,6.220839526413172,13.150325026773396,2026-03-16
Low VE,198,9.14592699532183,6.023937044658954,12.776230810873464,2026-03-17
Low VE,199,9.063383151206708,5.928985114731987,12.752345901278321,2026-03-18
Low VE,200,9.071116242480887,5.879927675937163,12.906502661192064,2026-03-19
Low VE,201,9.140683310174653,5.936824314499482,13.095025701315503,2026-03-20
Low VE,202,9.235602012288336,5.954330088117803,13.230276606633366,2026-03-21
Low VE,203,9.061172114639914,5.781986628936938,13.014792910736437,2026-03-22
Low VE,204,8.773308073574555,5.525993065199115,12.694737502390785,2026-03-23
Low VE,205,8.573111798183835,5.418349011470432,12.538568404403833,2026-03-24
Low VE,206,8.584082102995442,5.406056303662933,12.569220016037223,2026-03-25
Low VE,207,8.679549066074692,5.51421538355354,12.652767523050283,2026-03-26
Low VE,208,8.785877840324806,5.624642710497893,12.854010080262903,2026-03-27
Low VE,209,8.900652655990697,5.654644856128775,13.058553963308949,2026-03-28
Low VE,210,8.924480482092356,5.5822770509368125,12.93760350973481,2026-03-29
Low VE,211,8.796432864280227,5.4742712086716505,12.859789169490895,2026-03-30
Low VE,212,8.74178592117197,5.442439515008136,12.868873481387979,2026-03-31
Low VE,213,8.678697340511874,5.487486794403892,12.885859218335288,2026-04-01
Low VE,214,8.607664035245968,5.52046743355882,12.956659411430046,2026-04-02
Low VE,215,8.61151106254352,5.533511425490658,13.074076577142694,2026-04-03
Low VE,216,8.553167091071568,5.502421832526546,13.124723816483307,2026-04-04
Low VE,217,8.30339999872826,5.312199075566158,12.884613720367907,2026-04-05
Low VE,218,7.929832289478801,5.097656991938729,12.291268524997262,2026-04-06
Low VE,219,7.792758300838666,4.963984036600265,12.001034832593234,2026-04-07
Low VE,220,7.810399747727072,5.057923534585397,12.140007671987489,2026-04-08
Low VE,221,7.885394880047025,5.150104951340376,12.323216582045038,2026-04-09
Low VE,222,8.003969173478225,5.198412436647497,12.470431671231044,2026-04-10
Low VE,223,8.003681485416019,5.195801507635368,12.398520408610999,2026-04-11
Low VE,224,7.883977472292944,5.042677422615842,12.092714277054803,2026-04-12
Low VE,225,7.540321614228926,4.741639808337798,11.499898305847369,2026-04-13
Low VE,226,7.291725060777743,4.573707462823143,11.094354390051961,2026-04-14
Low VE,227,7.059382139806612,4.284083944117882,10.739990956940979,2026-04-15
Low VE,228,6.846911783302266,4.12091011511618,10.530439190051606,2026-04-16
Low VE,229,6.675234347796002,3.923001936203107,10.449167427319612,2026-04-17
Low VE,230,6.46881252145996,3.7500924219102094,10.342442682273942,2026-04-18
Low VE,231,6.183476533561459,3.552957473072926,10.168953940045162,2026-04-19
Low VE,232,5.904615266050542,3.33383916207235,9.796370438243578,2026-04-20
Low VE,233,5.679780710489132,3.163417759943155,9.52118922995263,2026-04-21
Low VE,234,5.55080232924006,3.0589887052879137,9.512080878413677,2026-04-22
Low VE,235,5.398276120355707,2.914912879895131,9.330415776721416,2026-04-23
Low VE,236,5.269376097219421,2.828684063052917,9.123437529282004,2026-04-24
Low VE,237,5.1220713633068975,2.722285665136902,9.060267426545918,2026-04-25
Low VE,238,4.869167807337636,2.553917038676093,8.630839577180899,2026-04-26
Low VE,239,4.604733637301106,2.3885152170177277,8.32869805947646,2026-04-27
Low VE,240,4.356861218936536,2.2225480294222177,8.239118568853346,2026-04-28
Low VE,241,4.209035052563507,2.0831848655080787,8.174415003266589,2026-04-29
Low VE,242,4.093109368752255,1.9341478872364026,8.273562019500032,2026-04-30
Low VE,243,4.051132366752244,1.7918773132812889,8.23446068935122,2026-05-01
Low VE,244,3.9507323016781406,1.6787419385986653,8.285237646264715,2026-05-02
Low VE,245,3.7644794260161967,1.5512958793325684,8.242581303256829,2026-05-03
Low VE,246,3.550253888360922,1.4311692180512188,8.209238274289556,2026-05-04
Low VE,247,3.4192011754153797,1.3264514761519632,8.11011831320274,2026-05-05
Low VE,248,3.3096292843507724,1.2147685897134188,8.369219351089681,2026-05-06
Low VE,249,3.2023972968299614,1.122980863955793,8.69464786336276,2026-05-07
Low VE,250,3.1062644940291895,1.0547373486455607,9.009267623455335,2026-05-08
baseline,1,0.3500406615864128,0.10141796394139892,0.8119859946699711,2025-09-01
baseline,2,0.8374864701563224,0.24408643167038332,1.9408580612793755,2025-09-02
baseline,3,1.0259217400583363,0.30004771645642997,2.3607472619446637,2025-09-03
baseline,4,1.092157826951267,0.32227603352786255,2.4721324265030074,2025-09-04
baseline,5,1.0940865389197922,0.3256528626176687,2.5031719879029803,2025-09-05
baseline,6,1.0827520850363175,0.33271324140272196,2.4619374357729322,2025-09-06
baseline,7,1.0471989249381812,0.3257256061132144,2.333686353097345,2025-09-07
baseline,8,1.0028987977662462,0.3167106320145531,2.1856754742579354,2025-09-08
baseline,9,0.9832357022026187,0.3202462794039372,2.0906089328612008,2025-09-09
baseline,10,0.9752875758988342,0.3243745239426034,2.039534387274811,2025-09-10
baseline,11,0.9858547187496829,0.3417639879642746,2.0206950360263205,2025-09-11
baseline,12,1.0110044960906506,0.36285960539322654,2.0447653135679826,2025-09-12
baseline,13,1.0403040024608055,0.39956296263844815,2.1130643318047087,2025-09-13
baseline,14,1.0352563966300667,0.40422465236330685,2.093105502891866,2025-09-14
baseline,15,1.0279364321502227,0.4090185980022253,2.0283616092546333,2025-09-15
baseline,16,1.041576266188399,0.4253722787724157,2.0012804973731755,2025-09-16
baseline,17,1.0649161739446429,0.4461657167380105,2.023431105556412,2025-09-17
baseline,18,1.098636330716559,0.47726708153754244,2.0607312632837846,2025-09-18
baseline,19,1.142132932004177,0.5035436073570791,2.1334002731983475,2025-09-19
baseline,20,1.189352095096082,0.535657189773303,2.2141886683274183,2025-09-20
baseline,21,1.2092162139066405,0.5544277220792677,2.292888526293681,2025-09-21
baseline,22,1.2119717510378651,0.5587460099462457,2.2869657778309205,2025-09-22
baseline,23,1.2274205991386267,0.5695790573578795,2.323651446142802,2025-09-23
baseline,24,1.252300521667047,0.5840418746611452,2.343577270578273,2025-09-24
baseline,25,1.280864580734959,0.6117425374330291,2.402513908685681,2025-09-25
baseline,26,1.3194157339828936,0.6217005870414455,2.456767358263225,2025-09-26
baseline,27,1.3465129950903794,0.6501819530839287,2.506293879642947,2025-09-27
baseline,28,1.3387832244416251,0.6563390040768966,2.4735492508363532,2025-09-28
baseline,29,1.3156019643108467,0.6521340054594443,2.4150290735748885,2025-09-29
baseline,30,1.312441733164147,0.6492710145047663,2.3892269250719114,2025-09-30
baseline,31,1.3340483934042435,0.6632634657071979,2.421729289119278,2025-10-01
baseline,32,1.3763226901671974,0.682800117721489,2.4662627790870775,2025-10-02
baseline,33,1.427951016651389,0.7107858108581218,2.577971582262496,2025-10-03
baseline,34,1.4866776203054064,0.7297563536923759,2.7092676195263956,2025-10-04
baseline,35,1.4989689077893356,0.7531421043526046,2.7254837561345053,2025-10-05
baseline,36,1.479144551915562,0.7403241654051586,2.6856137687305144,2025-10-06
baseline,37,1.4933359726359845,0.7396741177526022,2.6767459983263047,2025-10-07
baseline,38,1.5207790245144897,0.7401452818931171,2.7339432541784587,2025-10-08
baseline,39,1.5622354580512305,0.7517613118048202,2.8000860052913383,2025-10-09
baseline,40,1.6386283586355566,0.7895916049158167,2.8866574481187257,2025-10-10
baseline,41,1.7173916508287934,0.8350826373668901,3.0080018426861703,2025-10-11
baseline,42,1.7419934080088548,0.8622935108236945,3.0244219960678143,2025-10-12
baseline,43,1.7259100421487796,0.8739773923125713,2.9625727936552897,2025-10-13
baseline,44,1.7213500510699657,0.8776537674876884,2.901989712585421,2025-10-14
baseline,45,1.7408723915814,0.8822555124839216,2.9472185638366386,2025-10-15
baseline,46,1.7788850288753948,0.9037818750123979,3.043797510747261,2025-10-16
baseline,47,1.85601043762575,0.9367302708376076,3.2006995283982898,2025-10-17
baseline,48,1.9498765169916377,0.9749306248099807,3.301760976844081,2025-10-18
baseline,49,1.971055377358897,0.9877266368690337,3.3419463140990118,2025-10-19
baseline,50,1.9312276137561022,0.9794324891990018,3.317051705812386,2025-10-20
baseline,51,1.930402813252057,0.9844143443327222,3.3339572959591015,2025-10-21
baseline,52,1.9616163893698844,1.0115513249718011,3.311452148880566,2025-10-22
baseline,53,2.0145767234122327,1.0425908167951283,3.374424448566826,2025-10-23
baseline,54,2.095461009687389,1.0650936339000607,3.4786319808338053,2025-10-24
baseline,55,2.168246549094225,1.1019055112070177,3.5795073423547463,2025-10-25
baseline,56,2.1910705158805692,1.1318435867043215,3.5494562193319545,2025-10-26
baseline,57,2.1868511449696744,1.1447500291196786,3.528997266021143,2025-10-27
baseline,58,2.2162702034085666,1.200827812069617,3.5960731235807666,2025-10-28
baseline,59,2.2953802653508104,1.2826510479166071,3.6603824726767247,2025-10-29
baseline,60,2.3742044375667444,1.3711187205312347,3.762598261261638,2025-10-30
baseline,61,2.4522988142127233,1.4377054316864069,3.8347167181234165,2025-10-31
baseline,62,2.5364561418223177,1.4993813329124344,3.9786263970998017,2025-11-01
baseline,63,2.58006273859312,1.5339531325494213,4.05458450681308,2025-11-02
baseline,64,2.612309124325523,1.54590416761911,4.069416930610258,2025-11-03
baseline,65,2.7032531356027034,1.6158364733042663,4.190103333220563,2025-11-04
baseline,66,2.8560932145604614,1.718825120933812,4.423287991235254,2025-11-05
baseline,67,3.050719642126036,1.8355203513881853,4.696714269744407,2025-11-06
baseline,68,3.308903807945319,1.9801860164814087,5.069419176430829,2025-11-07
baseline,69,3.5947972851707446,2.1716872467894617,5.454076183493728,2025-11-08
baseline,70,3.7710715187464436,2.2956637931393495,5.613237064382161,2025-11-09
baseline,71,3.86915473223238,2.3387944192757475,5.7631861642484115,2025-11-10
baseline,72,4.0456230073577055,2.437315980593071,5.999981636831171,2025-11-11
baseline,73,4.365953507947044,2.5834515640831577,6.322191343036319,2025-11-12
baseline,74,4.754952908699138,2.8404898614957257,6.725388966167641,2025-11-13
baseline,75,5.22415479418904,3.166459888390313,7.342191752755709,2025-11-14
baseline,76,5.724587532062966,3.4897158900595215,7.986327902957272,2025-11-15
baseline,77,6.023945953103871,3.72628950266158,8.456424144955195,2025-11-16
baseline,78,6.260384176842284,3.9128765711091757,8.800438280864219,2025-11-17
baseline,79,6.68203019507691,4.247709197867012,9.350412020462114,2025-11-18
baseline,80,7.287202408051673,4.719447893855372,10.084957777321387,2025-11-19
baseline,81,8.015542285165607,5.313897272550056,10.999181133196329,2025-11-20
baseline,82,8.813784466664572,6.020549821196666,12.032092782097557,2025-11-21
baseline,83,9.670613316412192,6.659513952775732,13.080695347340617,2025-11-22
baseline,84,10.179722820027331,7.109449901217229,13.661517040249192,2025-11-23
baseline,85,10.583848282648184,7.626755832717046,14.177518964685612,2025-11-24
baseline,86,11.280923362877388,8.31875635595412,15.097943312072395,2025-11-25
baseline,87,12.12259595969374,8.940841005893754,16.381935014021018,2025-11-26
baseline,88,12.978856220055722,9.546796639691138,17.444530725024276,2025-11-27
baseline,89,13.672767693155667,10.055061979671352,18.522791131670516,2025-11-28
baseline,90,14.504898364929875,10.656082439520247,19.769779585706633,2025-11-29
baseline,91,15.187718293570487,11.24680342193607,20.833380587934418,2025-11-30
baseline,92,15.75724051728798,11.581157151433468,21.605495241732296,2025-12-01
baseline,93,16.77387506119913,12.376759355487135,22.913027213859596,2025-12-02
baseline,94,18.180283030141325,13.484870236541106,24.74438472876841,2025-12-03
baseline,95,19.99554972698935,14.823369309853755,27.24308055740005,2025-12-04
baseline,96,22.310947971416866,16.974505587162003,30.31622271183978,2025-12-05
baseline,97,25.14247640766898,19.44841537948286,33.69392622806451,2025-12-06
baseline,98,27.325086141992376,21.320593647037615,36.178730133245026,2025-12-07
baseline,99,29.22650852427123,22.953373504435124,38.180792153412774,2025-12-08
baseline,100,32.576691062522954,25.82109130369796,42.0473008663753,2025-12-09
baseline,101,36.96210285160218,29.54006134921536,46.885096966874336,2025-12-10
baseline,102,41.89540072571751,33.72981331725905,53.042905371919154,2025-12-11
baseline,103,47.76135412141713,38.35831439445637,59.96199496623907,2025-12-12
baseline,104,54.41503151139016,43.796732296086034,67.96298911510654,2025-12-13
baseline,105,59.73409889359532,47.937020774276746,74.37978483369186,2025-12-14
baseline,106,64.21185572602229,51.60056081502484,79.67307207511652,2025-12-15
baseline,107,71.02037810869854,57.54536697810427,87.60829335930038,2025-12-16
baseline,108,79.84504685890037,65.05060989431028,97.82236789624928,2025-12-17
baseline,109,89.7645337888006,73.41787102568846,109.50735278605717,2025-12-18
baseline,110,100.53166963500664,82.71816674740813,121.42429389103793,2025-12-19
baseline,111,111.43891107037302,93.89203888685572,133.8979875830617,2025-12-20
baseline,112,120.27384809514278,101.40421553249885,143.37031761276694,2025-12-21
baseline,113,127.30449131260465,109.12600071172427,150.69050845957628,2025-12-22
baseline,114,136.36444783979096,117.65562042402456,160.1657225565751,2025-12-23
baseline,115,145.77083066871782,126.45809803827865,170.86904717596013,2025-12-24
baseline,116,154.28511906471348,133.96112205475865,179.62980019704287,2025-12-25
baseline,117,159.08722004404234,137.41923420275273,183.7682480121832,2025-12-26
baseline,118,164.02198820055017,140.76768024596473,188.8274998107816,2025-12-27
baseline,119,165.2352252518985,140.6028052997777,189.40637826347952,2025-12-28
baseline,120,163.03406642110554,137.14283734541218,187.0302664164429,2025-12-29
baseline,121,160.8113296601419,134.48601520869698,185.04378384911743,2025-12-30
baseline,122,159.8126690625455,132.91000482201784,183.52139137650937,2025-12-31
baseline,123,158.18829039821645,131.11534648241738,181.64451668256493,2026-01-01
baseline,124,153.849353858205,126.43655943048813,175.9789453725977,2026-01-02
baseline,125,148.84609637848328,121.74090405493772,170.4776744238332,2026-01-03
baseline,126,141.91921010098287,115.79832144016876,161.84172279278724,2026-01-04
baseline,127,133.638018813126,108.63154070209066,151.14038372693864,2026-01-05
baseline,128,126.0379013488631,102.88948904672367,144.10690443086256,2026-01-06
baseline,129,119.96803359612609,98.0495318578234,137.47492458820383,2026-01-07
baseline,130,114.51744604557642,93.97234700943336,130.82158705319299,2026-01-08
baseline,131,108.98928661288689,89.89698712411933,125.30550737012052,2026-01-09
baseline,132,103.32679705089166,85.60930462955218,120.1439435478391,2026-01-10
baseline,133,96.06654062365735,79.63895994255,112.07378896853155,2026-01-11
baseline,134,88.5132236501245,73.68305207450011,103.64221074214238,2026-01-12
baseline,135,82.49392413935648,68.72052945915561,96.84931386441149,2026-01-13
baseline,136,77.51040242532196,64.39610162495553,91.18079380236856,2026-01-14
baseline,137,72.75858492475243,60.71305377060618,86.12990153350458,2026-01-15
baseline,138,68.37813933793183,56.94275536037914,81.37996495022068,2026-01-16
baseline,139,64.4923080358063,53.95763738514393,76.62539689614516,2026-01-17
baseline,140,59.7588866834315,50.143981963392825,70.46952042022427,2026-01-18
baseline,141,54.39139360639396,46.08213551633531,64.24342536023043,2026-01-19
baseline,142,49.71844344264088,42.11024997006609,59.53798809032707,2026-01-20
baseline,143,46.09310810605422,38.847536648834975,55.8512484454226,2026-01-21
baseline,144,43.13924046695742,36.25419604220564,53.095683196233296,2026-01-22
baseline,145,40.28316874011519,33.57708516278851,50.3862800874807,2026-01-23
baseline,146,37.860267891479005,31.458788765621787,47.604943209949056,2026-01-24
baseline,147,35.03544438443093,28.94940900667492,44.66951529816406,2026-01-25
baseline,148,32.15841480471839,26.424601290432054,41.11581756905332,2026-01-26
baseline,149,29.81003861754968,24.24572383205654,38.023145427777436,2026-01-27
baseline,150,28.16766946568162,22.75684579387129,35.920837078268384,2026-01-28
baseline,151,26.762258781613973,21.494351061670827,33.986049104806405,2026-01-29
baseline,152,25.575314624393506,20.567463289391856,32.30974348630431,2026-01-30
baseline,153,24.396951279103305,19.612913427721185,30.869032957749507,2026-01-31
baseline,154,22.8772420998304,18.442759266358806,28.929998012072236,2026-02-01
baseline,155,21.245090811696684,17.02143950437468,27.08051742001835,2026-02-02
baseline,156,20.017740929939265,16.039633978720072,25.628863017684992,2026-02-03
baseline,157,19.000224029051353,15.042548590107332,24.508998955529268,2026-02-04
baseline,158,18.09059623674343,14.249945199522857,23.81464998563287,2026-02-05
baseline,159,17.46587574668097,13.60255951523467,23.300527784931003,2026-02-06
baseline,160,16.888566497627,13.067800833297943,22.767898741894122,2026-02-07
baseline,161,16.04326799556101,12.360936474950712,21.673047709686024,2026-02-08
baseline,162,15.1843864296422,11.578475662632457,20.649900731205562,2026-02-09
baseline,163,14.68194592762645,11.107835293917699,20.11890585689069,2026-02-10
baseline,164,14.34263313493716,10.779774387736818,19.75455175292107,2026-02-11
baseline,165,14.098928451824017,10.688604113092856,19.543802772853812,2026-02-12
baseline,166,14.000973593732029,10.593878465931096,19.38970371534474,2026-02-13
baseline,167,14.009854211084392,10.467410415531583,19.25762034692789,2026-02-14
baseline,168,13.628555156009744,10.227577878544004,18.785078974744255,2026-02-15
baseline,169,13.182179955758656,9.855573265869578,18.16940225140029,2026-02-16
baseline,170,12.880609881549068,9.532049032529336,17.737388057689824,2026-02-17
baseline,171,12.587085779556482,9.459068517047825,17.389781844865837,2026-02-18
baseline,172,12.242854185952135,9.169240690295453,17.115533768813183,2026-02-19
baseline,173,11.987980952014492,8.854164488295055,16.824094611860104,2026-02-20
baseline,174,11.672212235316993,8.49155593585324,16.52895168866923,2026-02-21
baseline,175,11.094132620117769,8.013444142211076,15.791655881994357,2026-02-22
baseline,176,10.463100864606115,7.4925111284125885,15.006530437619514,2026-02-23
baseline,177,10.021646500335763,7.14873236777888,14.316843977062257,2026-02-24
baseline,178,9.729003382628592,6.964481028611149,13.769317100095186,2026-02-25
baseline,179,9.455274923689675,6.825395100799441,13.43528188660938,2026-02-26
baseline,180,9.280894751031138,6.676603266409488,13.152368670238573,2026-02-27
baseline,181,9.123649383931943,6.542333172594131,12.919330766527342,2026-02-28
baseline,182,8.743385380091409,6.207573479615542,12.427585007770448,2026-03-01
baseline,183,8.262715898767478,5.90384438202279,11.821479741393578,2026-03-02
baseline,184,7.971537575609995,5.719610913785094,11.367980765730325,2026-03-03
baseline,185,7.830729737738229,5.600532891080379,10.89651757427857,2026-03-04
baseline,186,7.685397348284177,5.452460363204817,10.674803387375382,2026-03-05
baseline,187,7.537803295706064,5.288824026699162,10.49831089582984,2026-03-06
baseline,188,7.384239461022702,5.087635144302082,10.400337417560326,2026-03-07
baseline,189,7.096350303505218,4.859444130373507,9.998253533396406,2026-03-08
baseline,190,6.680733174088823,4.604249984384541,9.46731450729164,2026-03-09
baseline,191,6.4355564948857715,4.4133931775882935,9.012776853537396,2026-03-10
baseline,192,6.271723525192474,4.292281453788718,8.75590266674577,2026-03-11
baseline,193,6.143716562032952,4.153743227602495,8.568457408895823,2026-03-12
baseline,194,6.000517498690022,4.106408514653038,8.426673966419495,2026-03-13
baseline,195,5.935889933135964,4.085843663993979,8.385511696191362,2026-03-14
baseline,196,5.78425911525898,3.939280650196253,8.120940703602724,2026-03-15
baseline,197,5.527842628369397,3.7519032064297773,7.692583974712436,2026-03-16
baseline,198,5.3372619957085154,3.6505282081194377,7.487831612754883,2026-03-17
baseline,199,5.233509931002513,3.5875457516384652,7.241708316120473,2026-03-18
baseline,200,5.249561872501027,3.5960434383572175,7.406291632173479,2026-03-19
baseline,201,5.309988658048254,3.6402473246223948,7.611193132336579,2026-03-20
baseline,202,5.344385893775774,3.5936404568058458,7.632539911130069,2026-03-21
baseline,203,5.200571064838516,3.4987625142968835,7.370105405714016,2026-03-22
baseline,204,5.021870016467378,3.344551252353648,7.208599024706441,2026-03-23
baseline,205,4.919187130203486,3.2463724067669877,7.018674307502339,2026-03-24
baseline,206,4.932794768366331,3.1891538478487114,6.996047524141325,2026-03-25
baseline,207,4.967394985185372,3.208961756572614,7.050445180499585,2026-03-26
baseline,208,5.000351451178554,3.2094350639562643,7.062080739856042,2026-03-27
baseline,209,5.049352851229232,3.2084957407923533,7.167790152761465,2026-03-28
baseline,210,5.038865717516031,3.184929231799332,7.168661611617794,2026-03-29
baseline,211,4.954855213853083,3.162948512960162,7.115625203057343,2026-03-30
baseline,212,4.88021661849886,3.2044959325393436,7.021782546893182,2026-03-31
baseline,213,4.8152277865457425,3.1966845023477504,7.021642003918825,2026-04-01
baseline,214,4.7997002004647555,3.1615982064603108,7.042159531653811,2026-04-02
baseline,215,4.795005022020473,3.129632992903491,7.073792006493026,2026-04-03
baseline,216,4.780313748233471,3.1118532369368954,7.159109380072551,2026-04-04
baseline,217,4.654068131260526,3.0202448045217767,7.0418135904142485,2026-04-05
baseline,218,4.450327361652791,2.912255632236442,6.787515310036108,2026-04-06
baseline,219,4.365881661790766,2.8717545258927033,6.6122518055164745,2026-04-07
baseline,220,4.34692087769529,2.880421716819463,6.607266305667041,2026-04-08
baseline,221,4.339558174211668,2.906506387593056,6.615159970008145,2026-04-09
baseline,222,4.376719574060081,2.9619923837892523,6.59893489821993,2026-04-10
baseline,223,4.384664700184649,2.926212535362063,6.563380928045605,2026-04-11
baseline,224,4.276884374476091,2.8249896598118074,6.3722621118007865,2026-04-12
baseline,225,4.11943969978333,2.6870491613944476,6.155304255597164,2026-04-13
baseline,226,3.967947516698329,2.5444656563735495,5.897134502107905,2026-04-14
baseline,227,3.845907974324578,2.441799144552493,5.742770799154154,2026-04-15
baseline,228,3.737540197172335,2.331195782034548,5.69026308855413,2026-04-16
baseline,229,3.64243366677182,2.2263871033030767,5.569293107762902,2026-04-17
baseline,230,3.5378085297514037,2.113489639558177,5.465010274096608,2026-04-18
baseline,231,3.3870151221047227,2.0046265313694143,5.276179519601853,2026-04-19
baseline,232,3.175070177516561,1.8780160382660156,5.092870048024028,2026-04-20
baseline,233,3.0397564536547237,1.7602162513884725,5.0084216298576205,2026-04-21
baseline,234,2.9597341186544845,1.701385276634065,4.926158554313601,2026-04-22
baseline,235,2.8799450099147474,1.6573876387050197,4.868132158906531,2026-04-23
baseline,236,2.8091504017198985,1.6066053241801541,4.7604748911668535,2026-04-24
baseline,237,2.7260725233641607,1.5332234889416583,4.713773412062589,2026-04-25
baseline,238,2.5967359831618717,1.4420581481855397,4.5692482350190655,2026-04-26
baseline,239,2.4475299847840764,1.3264978938171932,4.3500270657197415,2026-04-27
baseline,240,2.3345479476247153,1.241321494811058,4.234835114716085,2026-04-28
baseline,241,2.2432155749934823,1.1892996614731226,4.087565441226694,2026-04-29
baseline,242,2.1719519948392336,1.125565662432916,4.050639013990178,2026-04-30
baseline,243,2.1153333134839403,1.059702456187248,4.02449555405344,2026-05-01
baseline,244,2.0777654376144987,0.9864678476303975,4.027512434856545,2026-05-02
baseline,245,1.99749762798479,0.9066426014058795,4.033763425847577,2026-05-03
baseline,246,1.8917831166378922,0.8246460460067045,4.042165066703375,2026-05-04
baseline,247,1.822105632267094,0.751615009851299,4.034234080373117,2026-05-05
baseline,248,1.7263186066711627,0.6867607938494347,4.085854780583068,2026-05-06
baseline,249,1.6568444529676696,0.6252170182065582,4.090004895662972,2026-05-07
baseline,250,1.5889072315971629,0.5741198748673942,4.350722905714332,2026-05-08
no vax,1,0.3500406615864128,0.10141796394139892,0.8119859946699711,2025-09-01
no vax,2,0.8374864701563224,0.24408643167038332,1.9408580612793755,2025-09-02
no vax,3,1.0259217400583363,0.30004771645642997,2.3607472619446637,2025-09-03
no vax,4,1.092157826951267,0.32227603352786255,2.4721324265030074,2025-09-04
no vax,5,1.0940865389197922,0.3256528626176687,2.5031719879029803,2025-09-05
no vax,6,1.0827520850363175,0.33271324140272196,2.4619374357729322,2025-09-06
no vax,7,1.0471989249381812,0.3257256061132144,2.333686353097345,2025-09-07
no vax,8,1.0028987977662462,0.3167106320145531,2.1856754742579354,2025-09-08
no vax,9,0.9832357022026187,0.3202462794039372,2.0906089328612008,2025-09-09
no vax,10,0.9752875758988342,0.3243745239426034,2.039534387274811,2025-09-10
no vax,11,0.9858547187496829,0.3417639879642746,2.0206950360263205,2025-09-11
no vax,12,1.0110044960906506,0.36285960539322654,2.0447653135679826,2025-09-12
no vax,13,1.0403040024608055,0.39956296263844815,2.1130643318047087,2025-09-13
no vax,14,1.0352563966300667,0.40422465236330685,2.093105502891866,2025-09-14
no vax,15,1.0279364321502227,0.4090185980022253,2.0283616092546333,2025-09-15
no vax,16,1.041576266188399,0.4253722787724157,2.0012804973731755,2025-09-16
no vax,17,1.0649161739446429,0.4461657167380105,2.023431105556412,2025-09-17
no vax,18,1.098636330716559,0.47726708153754244,2.0607312632837846,2025-09-18
no vax,19,1.142132932004177,0.5035436073570791,2.1334002731983475,2025-09-19
no vax,20,1.189356522520353,0.5356593846700114,2.21419627623185,2025-09-20
no vax,21,1.2092615240691662,0.554452930172919,2.2929833194463374,2025-09-21
no vax,22,1.2121349615887622,0.5588178734316198,2.2872883216106943,2025-09-22
no vax,23,1.2278082006108149,0.5697485222230505,2.324354436027145,2025-09-23
no vax,24,1.2529913453944745,0.5843819734253404,2.3449024753158914,2025-09-24
no vax,25,1.2820075779808358,0.6123139263703776,2.404680690225043,2025-09-25
no vax,26,1.3211986606310004,0.6224526732217991,2.4600267931291957,2025-09-26
no vax,27,1.348763035171375,0.6513760814110588,2.5106219456496603,2025-09-27
no vax,28,1.341527660894551,0.657810224534437,2.478962887335851,2025-09-28
no vax,29,1.3194098924755397,0.6540687401898234,2.4217176222495813,2025-09-29
no vax,30,1.3172934976650144,0.6515470848185823,2.3972792583125977,2025-09-30
no vax,31,1.3399262443223787,0.6659128234517556,2.4317472059656997,2025-10-01
no vax,32,1.3836731481662294,0.6864268681749437,2.4785521350001947,2025-10-02
no vax,33,1.4366862641188118,0.7151364485464548,2.594896579909634,2025-10-03
no vax,34,1.4972147224639079,0.7355545201576906,2.730157934358403,2025-10-04
no vax,35,1.5108462379438454,0.7592800674126977,2.7479084822393967,2025-10-05
no vax,36,1.4928703029641361,0.7472747522970853,2.7104245565769305,2025-10-06
no vax,37,1.5100260604077143,0.7475871684767292,2.706006130407332,2025-10-07
no vax,38,1.5392980289177034,0.7486547983540732,2.7686232478012234,2025-10-08
no vax,39,1.5850961211687424,0.7616485976409216,2.838872178396073,2025-10-09
no vax,40,1.6662715306425957,0.8012689491582384,2.9319276442671685,2025-10-10
no vax,41,1.748616056583261,0.8500992170520556,3.0622777617354737,2025-10-11
no vax,42,1.7773404399495765,0.8796045074179892,3.0850914505521083,2025-10-12
no vax,43,1.7649733241322112,0.8930116174211947,3.02736698542932,2025-10-13
no vax,44,1.762928486004886,0.8977606650041565,2.973881715131435,2025-10-14
no vax,45,1.789916499337461,0.9050532969524677,3.0297537259798832,2025-10-15
no vax,46,1.8331412594473553,0.93059137313883,3.141703546394593,2025-10-16
no vax,47,1.9149560275098965,0.9693130725078831,3.3119578044641877,2025-10-17
no vax,48,2.0204481471534317,1.0110824735809507,3.4290231161741915,2025-10-18
no vax,49,2.0506786751723647,1.028556162927366,3.477030061079377,2025-10-19
no vax,50,2.0151534161426246,1.0212650760929853,3.4669181248782666,2025-10-20
no vax,51,2.024619058034622,1.0311188479884437,3.4945146358676924,2025-10-21
no vax,52,2.066045040929746,1.0626760134501556,3.4918600077952044,2025-10-22
no vax,53,2.131033951080421,1.1003984486489526,3.5737715917909116,2025-10-23
no vax,54,2.2217687981362744,1.1289093194607653,3.6949689367363,2025-10-24
no vax,55,2.31131727107616,1.1733027932408278,3.814545657032422,2025-10-25
no vax,56,2.3472457526017907,1.209991155284645,3.799391560772568,2025-10-26
no vax,57,2.3536275786554723,1.2302041344376717,3.8045575742168727,2025-10-27
no vax,58,2.3949003038748433,1.2975891878463262,3.897081523726084,2025-10-28
no vax,59,2.4954264433402673,1.3930203308354345,3.9849914102467396,2025-10-29
no vax,60,2.5929749222860177,1.4981217733087435,4.100583677596657,2025-10-30
no vax,61,2.6876089594734647,1.5767705127806646,4.216683659812724,2025-10-31
no vax,62,2.794596477900864,1.6544754519216291,4.406811544640329,2025-11-01
no vax,63,2.865577700508631,1.6969177559746151,4.513024148804491,2025-11-02
no vax,64,2.9153897278764433,1.7258663565810335,4.553547249917821,2025-11-03
no vax,65,3.039744550210948,1.8171604335929754,4.725693209962444,2025-11-04
no vax,66,3.2386220424931196,1.9450928758461938,5.023357374345581,2025-11-05
no vax,67,3.4862886166854987,2.090367919314359,5.393581036041006,2025-11-06
no vax,68,3.8158228469556352,2.27241510785409,5.849068501498538,2025-11-07
no vax,69,4.169082179559844,2.5091876719193884,6.34318777036296,2025-11-08
no vax,70,4.40045657397493,2.6698112533124294,6.5787859798300765,2025-11-09
no vax,71,4.5489178601426286,2.7356871999376353,6.795271399715035,2025-11-10
no vax,72,4.796703671213116,2.8843409359357812,7.158258620489811,2025-11-11
no vax,73,5.226589301930181,3.0785447683646754,7.61647143051536,2025-11-12
no vax,74,5.733519590487044,3.417152559289462,8.143491726978196,2025-11-13
no vax,75,6.3477475174958435,3.8440179664335488,8.946153895681414,2025-11-14
no vax,76,7.022163076595449,4.283061447572006,9.837449168625927,2025-11-15
no vax,77,7.4934673287611995,4.616986286666349,10.535912412859593,2025-11-16
no vax,78,7.865736826687573,4.896147749463421,11.07103172470321,2025-11-17
no vax,79,8.46474594828352,5.376274712516731,11.872218374182241,2025-11-18
no vax,80,9.329901776252871,6.055641986396244,12.931938480669984,2025-11-19
no vax,81,10.398533152506786,6.913461610740449,14.301473423220896,2025-11-20
no vax,82,11.610276266790976,7.920837704131887,15.93691613866624,2025-11-21
no vax,83,12.861598652531475,8.894965750355999,17.53536113383625,2025-11-22
no vax,84,13.745325663268966,9.616043997082727,18.552000436145143,2025-11-23
no vax,85,14.499922060288673,10.434538627264827,19.551802993174007,2025-11-24
no vax,86,15.594836129306616,11.545087462280593,21.129348537762986,2025-11-25
no vax,87,17.1043967748408,12.485216055523143,23.043758332618044,2025-11-26
no vax,88,18.530035392107074,13.606557800063733,24.884230029377054,2025-11-27
no vax,89,19.75325963946093,14.48864776867087,26.945952412195936,2025-11-28
no vax,90,21.232564050299953,15.534401484121227,29.19658455104775,2025-11-29
no vax,91,22.524350541655647,16.560219039846128,31.13287646673842,2025-11-30
no vax,92,23.625560007786312,17.252497765770375,32.528187244634516,2025-12-01
no vax,93,25.515571733193738,18.647224485365623,34.87752430622175,2025-12-02
no vax,94,28.0419798609366,20.58256782516919,38.33274742778021,2025-12-03
no vax,95,31.184543987048006,23.116642429259333,42.72643284841898,2025-12-04
no vax,96,35.39387199640689,26.854862625137788,48.28581265581656,2025-12-05
no vax,97,40.43826688184672,31.293743128717647,54.59022818492364,2025-12-06
no vax,98,44.695584999698404,34.83407059550636,59.63848764760979,2025-12-07
no vax,99,48.510328528982825,37.897806690358834,63.802492900524214,2025-12-08
no vax,100,55.11298776893544,43.556124366756926,71.28993755170484,2025-12-09
no vax,101,63.57716697762996,50.438369837831075,80.5439929022782,2025-12-10
no vax,102,73.24875789377431,58.59325592816627,92.74888516650526,2025-12-11
no vax,103,84.82986020522664,67.38114307121668,106.96309377196631,2025-12-12
no vax,104,98.25929244919132,78.30683424111301,123.46302629526404,2025-12-13
no vax,105,109.3582392389316,87.58593811201189,137.58707973779153,2025-12-14
no vax,106,119.58224183697149,95.45341618338911,149.81811359924347,2025-12-15
no vax,107,134.58190974868552,108.2794763617347,167.49222684970982,2025-12-16
no vax,108,154.23093502225214,124.40424288268929,190.50235423226917,2025-12-17
no vax,109,175.94785171401895,142.7454262167977,215.28621170845798,2025-12-18
no vax,110,200.3264454153178,164.3880378786661,242.33101688205565,2025-12-19
no vax,111,225.54112405675318,188.67261887087017,271.735581205713,2025-12-20
no vax,112,246.6595632382694,207.96624920186153,295.98320636201237,2025-12-21
no vax,113,264.39639389925867,225.65066771629392,316.40673101962363,2025-12-22
no vax,114,287.30248102809213,247.73277260168268,341.9150059133408,2025-12-23
no vax,115,311.72408588278404,269.4319149966269,368.2339782559509,2025-12-24
no vax,116,331.84754129657176,287.3185232091436,387.7802603382407,2025-12-25
no vax,117,346.42621933775314,297.5994096710494,401.30389589701684,2025-12-26
no vax,118,359.7549240839997,306.30382473994524,415.451137526018,2025-12-27
no vax,119,365.12797082082335,306.147956161903,420.76931163103916,2025-12-28
no vax,120,363.03853235391773,302.0894027635354,418.37758411717454,2025-12-29
no vax,121,360.4621209407552,295.75419831500915,416.8251701388728,2025-12-30
no vax,122,359.9916416601235,292.32964056521195,415.89457867292504,2025-12-31
no vax,123,357.94725077992734,287.82596197544734,414.01441323655325,2026-01-01
no vax,124,349.11485016281244,279.2073678457422,402.3915786851063,2026-01-02
no vax,125,340.02265497210766,272.1429551312026,391.3213358318518,2026-01-03
no vax,126,325.12340597231497,259.18691781749425,371.88075402595877,2026-01-04
no vax,127,306.00933110352884,245.64186720329565,351.8787471767721,2026-01-05
no vax,128,291.28817331169466,234.04465771981677,336.45890558084517,2026-01-06
no vax,129,278.3157733765569,224.947261005559,322.91399673817466,2026-01-07
no vax,130,265.607641111922,214.89200816220148,309.342620323961,2026-01-08
no vax,131,253.69266572203264,206.84036633433166,297.46275109113304,2026-01-09
no vax,132,241.0782159350533,197.52416926141473,284.5191047677615,2026-01-10
no vax,133,224.78661615801667,183.9588365421778,267.52224519704475,2026-01-11
no vax,134,207.41693125439272,169.2779250414927,248.17434903484704,2026-01-12
no vax,135,193.91697111223164,158.44655452817418,233.40667993105998,2026-01-13
no vax,136,182.35191546874628,148.66467600951418,221.17365787097964,2026-01-14
no vax,137,171.43955061800943,141.04164764426815,209.18487927973024,2026-01-15
no vax,138,161.76580878370396,133.0740677880725,197.3525018136982,2026-01-16
no vax,139,154.0313037751024,126.58821994791988,185.1023106873916,2026-01-17
no vax,140,143.0841116936868,117.4022871732045,172.20348782023362,2026-01-18
no vax,141,130.832017699593,107.67790493485536,157.57111601504138,2026-01-19
no vax,142,120.32217557641863,97.65895205589032,145.89975139695954,2026-01-20
no vax,143,111.8412438062407,90.05971396268544,137.50276460306233,2026-01-21
no vax,144,104.74446694602578,83.54763947366341,131.18888554400772,2026-01-22
no vax,145,98.2789871698889,77.36894481292323,125.34442215206563,2026-01-23
no vax,146,92.55590331419543,71.98179011682836,119.37174241347498,2026-01-24
no vax,147,86.14172402261634,66.47515139343247,111.14380809553639,2026-01-25
no vax,148,79.4856654821797,60.61636081240475,102.2910366721207,2026-01-26
no vax,149,74.04053562510047,56.35233057053481,95.57150621390016,2026-01-27
no vax,150,69.97113269942125,52.964468209376676,91.12720417954858,2026-01-28
no vax,151,66.50774214692188,50.17822692564429,86.6011737581294,2026-01-29
no vax,152,63.51834182537249,47.83471243763483,81.86985640808756,2026-01-30
no vax,153,60.80408732809519,45.796445329979996,78.19554690127411,2026-01-31
no vax,154,57.44678283072059,42.99019403524203,73.94299103732129,2026-02-01
no vax,155,53.456305386454545,39.723407389726,69.77106904749995,2026-02-02
no vax,156,50.399116490733505,37.57525441875223,66.74204912638808,2026-02-03
no vax,157,47.97631080626063,35.91043637435726,64.06857306533507,2026-02-04
no vax,158,46.181922585784434,34.24585585193449,61.915022572683405,2026-02-05
no vax,159,44.64442810475303,32.96852188306281,60.877752741679124,2026-02-06
no vax,160,43.23824061888549,31.71467777384527,59.55026002993772,2026-02-07
no vax,161,41.182444138474395,30.195013783738332,57.13315353152173,2026-02-08
no vax,162,39.07651633156891,28.478514469978734,54.62286347914682,2026-02-09
no vax,163,37.9655058409026,27.313767175774643,53.21085111626298,2026-02-10
no vax,164,37.339867639982046,26.571144512705498,52.92461057279258,2026-02-11
no vax,165,36.90239675779287,25.737443347318987,52.20965017288078,2026-02-12
no vax,166,36.76183610254556,25.383935654591234,52.4079314813923,2026-02-13
no vax,167,36.70692175311629,25.354895354697494,52.08513209260602,2026-02-14
no vax,168,36.06953975150335,24.821265696925295,50.776689429728236,2026-02-15
no vax,169,34.84183455272198,23.877624008548057,49.54485195122035,2026-02-16
no vax,170,33.95933135892095,23.157973620521986,48.43000016005658,2026-02-17
no vax,171,33.255414858294955,22.434096999939072,48.18027429328467,2026-02-18
no vax,172,32.55313154638998,21.421212089660237,47.394335746817426,2026-02-19
no vax,173,31.891195712208145,20.78319890874779,46.15858567503326,2026-02-20
no vax,174,30.94037477791131,19.966602380717973,44.58218922217948,2026-02-21
no vax,175,29.533581580768306,19.077120295083038,42.87324337464107,2026-02-22
no vax,176,27.850119424128703,17.872167620714812,40.6529399940441,2026-02-23
no vax,177,26.691836248796687,16.84490907529739,38.81790095839491,2026-02-24
no vax,178,25.923517365774877,16.30463078554001,37.93657055670872,2026-02-25
no vax,179,25.45884888451682,16.094279232875433,37.541018166401,2026-02-26
no vax,180,25.103214944656365,15.962775994301149,37.141931599929016,2026-02-27
no vax,181,24.54247378830403,15.483473370262908,36.51809125123096,2026-02-28
no vax,182,23.603494425708774,14.597296229921676,35.04451223096746,2026-03-01
no vax,183,22.48492813820588,13.777521153956297,32.996100086317554,2026-03-02
no vax,184,21.669906277720756,13.259798588349183,31.84699798620869,2026-03-03
no vax,185,21.2140055312873,13.068556604371043,31.03161024193396,2026-03-04
no vax,186,20.81308142555165,12.525433395929868,30.478943355401395,2026-03-05
no vax,187,20.45619400977282,12.015196135558664,29.941098396139566,2026-03-06
no vax,188,20.04927375410808,11.700499334399765,30.088950936900094,2026-03-07
no vax,189,19.227617607160923,11.159089751368176,29.169769398875307,2026-03-08
no vax,190,18.128987007065863,10.523830436808343,27.787316765620208,2026-03-09
no vax,191,17.380477635672435,10.003998971700945,26.99377421406819,2026-03-10
no vax,192,16.903648932423078,9.594895207349078,26.139078661153633,2026-03-11
no vax,193,16.37977140370934,9.313624284440346,25.391631536654387,2026-03-12
no vax,194,16.145654178183023,9.050690575420166,24.997767910453454,2026-03-13
no vax,195,16.091837278696943,8.9443683968956,24.593441393768952,2026-03-14
no vax,196,15.706931081712202,8.685425361087205,23.937752322869336,2026-03-15
no vax,197,15.184117119848153,8.342227489149952,23.10355488333521,2026-03-16
no vax,198,14.729607342447798,8.030749212896279,22.327124688516,2026-03-17
no vax,199,14.618905438866726,7.976800505636944,22.4078928004416,2026-03-18
no vax,200,14.59180194269316,8.053397974556235,22.73748349924304,2026-03-19
no vax,201,14.825057951779822,8.147999042601995,23.13035058965203,2026-03-20
no vax,202,14.901084717657373,8.235574057296843,23.313357208017177,2026-03-21
no vax,203,14.605376522672302,7.956259103708205,22.933144486390905,2026-03-22
no vax,204,14.087254437801393,7.510906120323763,21.905263150878852,2026-03-23
no vax,205,13.90479716709925,7.431482942606219,21.499552678928975,2026-03-24
no vax,206,13.90226233591853,7.483889351649317,21.588354551703297,2026-03-25
no vax,207,14.085920340390452,7.549864236057441,22.019282420779106,2026-03-26
no vax,208,14.194579949941106,7.597249204559297,22.519113776916413,2026-03-27
no vax,209,14.388157422319676,7.772817410501033,22.946300494225284,2026-03-28
no vax,210,14.37049154807401,7.755229577730231,22.98727220400545,2026-03-29
no vax,211,14.17961373146319,7.598580679817377,23.15379261568639,2026-03-30
no vax,212,14.175878446361025,7.58820477785244,23.147835709946545,2026-03-31
no vax,213,14.092723759761398,7.5237068893601755,23.061222114885407,2026-04-01
no vax,214,14.025262644151729,7.421738255547127,23.11274658686652,2026-04-02
no vax,215,14.04597490458216,7.359755032286282,23.019778975309144,2026-04-03
no vax,216,13.981881256179156,7.28739077676715,23.513574178566554,2026-04-04
no vax,217,13.546030358392024,7.053807633161535,22.933335149081604,2026-04-05
no vax,218,13.032185971700816,6.716860878928874,22.092251278765684,2026-04-06
no vax,219,12.829052096654948,6.549441807928218,22.160688901499338,2026-04-07
no vax,220,12.794251736427027,6.473333298635987,22.227730274279715,2026-04-08
no vax,221,13.010636469016568,6.488970085928936,22.39486041450184,2026-04-09
no vax,222,13.15681628866734,6.519264340408566,22.76150382241792,2026-04-10
no vax,223,13.26384662878191,6.5756555182878005,22.8676009991032,2026-04-11
no vax,224,12.909954808315943,6.436617700291019,22.39676439797328,2026-04-12
no vax,225,12.462771003973272,6.177173606684388,21.88728809217444,2026-04-13
no vax,226,12.05797597642686,5.999969870062621,21.009780710683565,2026-04-14
no vax,227,11.579043622927184,5.748980562976859,20.726866560459783,2026-04-15
no vax,228,11.309610051791608,5.551196969479654,19.887031823160935,2026-04-16
no vax,229,11.003994126443045,5.299391411262458,19.545587941072434,2026-04-17
no vax,230,10.579269815207407,5.056721284068339,18.849210385795885,2026-04-18
no vax,231,10.172237650385615,4.747552958600256,18.24601200753329,2026-04-19
no vax,232,9.6190459359795,4.425689307484182,17.31875465251666,2026-04-20
no vax,233,9.266079150487037,4.180242812992391,17.068562894732,2026-04-21
no vax,234,9.007831001488013,4.00402750389433,16.87957139008656,2026-04-22
no vax,235,8.73543432973149,3.853603922969676,16.86212459558735,2026-04-23
no vax,236,8.447693540801914,3.725062048850021,16.463108992018928,2026-04-24
no vax,237,8.167340657762178,3.5175505097109268,16.14859683312445,2026-04-25
no vax,238,7.7761627803071125,3.286783634188573,15.72474652894212,2026-04-26
no vax,239,7.323251017878247,3.047438864260892,15.054666241800309,2026-04-27
no vax,240,6.927164086914245,2.8459122482976684,14.574841076687772,2026-04-28
no vax,241,6.755722507899708,2.664125413815643,14.769391496425333,2026-04-29
no vax,242,6.550771121623235,2.464794389106807,14.755161018566074,2026-04-30
no vax,243,6.4115001548516695,2.317648545632395,14.781400416538565,2026-05-01
no vax,244,6.282754791272792,2.2122965520622406,14.960863725004677,2026-05-02
no vax,245,5.990646648143207,2.038597817276568,14.623463372006203,2026-05-03
no vax,246,5.649881661067598,1.8801761311123317,14.41665863668976,2026-05-04
no vax,247,5.438629855951597,1.7305716851514175,14.519328673982995,2026-05-05
no vax,248,5.2692022141020445,1.5931304009581309,14.631587644825588,2026-05-06
no vax,249,5.067974182837946,1.4777083347395936,15.092990365068273,2026-05-07
no vax,250,4.9411278729295836,1.3719468321566215,16.330625084961977,2026-05-08
