scenario,day,median_value,p_lo,p_hi,date
70% coverage (all ages),1,0.06103246298091284,0.016976023222543993,0.2342231691336314,2025-09-01
70% coverage (all ages),2,0.14895059616156853,0.041523738067137536,0.5672040743435705,2025-09-02
70% coverage (all ages),3,0.19440237439701985,0.05455712886119083,0.7233912818949171,2025-09-03
70% coverage (all ages),4,0.2256008844419581,0.06430496230641317,0.8166140383443421,2025-09-04
70% coverage (all ages),5,0.25341764186269095,0.07346504665716774,0.885144204660566,2025-09-05
70% coverage (all ages),6,0.279363363084726,0.08213066910843692,0.9331066508106125,2025-09-06
70% coverage (all ages),7,0.2888370304404606,0.08605894496548293,0.9285903635130665,2025-09-07
70% coverage (all ages),8,0.2888979151873458,0.08754728199188487,0.9080508152286142,2025-09-08
70% coverage (all ages),9,0.302472916177204,0.09345412024964071,0.9335999919077275,2025-09-09
70% coverage (all ages),10,0.32744786759038796,0.10287247607905264,0.9934292471981528,2025-09-10
70% coverage (all ages),11,0.3604920101932445,0.1145839608821248,1.0704553119272167,2025-09-11
70% coverage (all ages),12,0.39946928240419805,0.12775270744041622,1.149364914527269,2025-09-12
70% coverage (all ages),13,0.4384111509075811,0.14097675388487277,1.228217729291355,2025-09-13
70% coverage (all ages),14,0.45156251995616026,0.14652657117981907,1.251489599849998,2025-09-14
70% coverage (all ages),15,0.4501844336677016,0.14856527298728708,1.2401553209122405,2025-09-15
70% coverage (all ages),16,0.4664567601052242,0.1580812103458999,1.278866609621284,2025-09-16
70% coverage (all ages),17,0.5053841068247135,0.1740893330775768,1.3610696644552165,2025-09-17
70% coverage (all ages),18,0.556330694904762,0.19358897721038984,1.4775271581761513,2025-09-18
70% coverage (all ages),19,0.6147747718712242,0.21636250280184238,1.599354268455972,2025-09-19
70% coverage (all ages),20,0.6743059594038007,0.23954636060130866,1.7249527539188707,2025-09-20
70% coverage (all ages),21,0.6979418458072537,0.24980229319282002,1.764630989926385,2025-09-21
70% coverage (all ages),22,0.7022133942312694,0.25320906160460194,1.7551164136332873,2025-09-22
70% coverage (all ages),23,0.7353623590827711,0.2691624613848288,1.816609365204452,2025-09-23
70% coverage (all ages),24,0.7960846819507252,0.29653363664883226,1.9525636863964941,2025-09-24
70% coverage (all ages),25,0.8699229433099911,0.33090026787091703,2.1170110743423693,2025-09-25
70% coverage (all ages),26,0.9511621673461581,0.37063964169798114,2.302262948308375,2025-09-26
70% coverage (all ages),27,1.0299734773997782,0.41095229964730534,2.4910097420722317,2025-09-27
70% coverage (all ages),28,1.0579217265524368,0.4278874386622147,2.5536065878838965,2025-09-28
70% coverage (all ages),29,1.060658407444775,0.428817934174138,2.5462599076734755,2025-09-29
70% coverage (all ages),30,1.1074745825351129,0.4537115982489612,2.6536184213969785,2025-09-30
70% coverage (all ages),31,1.1984545058888996,0.49916936947114715,2.8590802795038783,2025-10-01
70% coverage (all ages),32,1.318640033773257,0.5565889331132333,3.120467689206105,2025-10-02
70% coverage (all ages),33,1.459127541869086,0.6189729334689723,3.4169935544072287,2025-10-03
70% coverage (all ages),34,1.5982678106616364,0.686436137534243,3.685333383818291,2025-10-04
70% coverage (all ages),35,1.6489742156097495,0.7163203355311369,3.755082359277094,2025-10-05
70% coverage (all ages),36,1.6528364418408326,0.7263278664015338,3.7096738623421355,2025-10-06
70% coverage (all ages),37,1.7259077813220958,0.7704165422559465,3.805700001552954,2025-10-07
70% coverage (all ages),38,1.861153986178689,0.8413709062605993,4.024435444489657,2025-10-08
70% coverage (all ages),39,2.031941881040356,0.9308718608605424,4.343805109264127,2025-10-09
70% coverage (all ages),40,2.231583937034555,1.0391629098404394,4.7343311029109145,2025-10-10
70% coverage (all ages),41,2.436109869374396,1.149522979988035,5.129715346098141,2025-10-11
70% coverage (all ages),42,2.5021907822245093,1.195032508242417,5.2474229323094965,2025-10-12
70% coverage (all ages),43,2.4835701947873527,1.2007317454350126,5.186882957663925,2025-10-13
70% coverage (all ages),44,2.516189154724591,1.2308302537127047,5.225370913565523,2025-10-14
70% coverage (all ages),45,2.664848605181363,1.31822950199151,5.481659398579047,2025-10-15
70% coverage (all ages),46,2.880054647748624,1.4422361148409422,5.878933515469677,2025-10-16
70% coverage (all ages),47,3.1458064221666335,1.596870698098284,6.37520644659587,2025-10-17
70% coverage (all ages),48,3.4306786289141247,1.7563818475497222,6.882112943846647,2025-10-18
70% coverage (all ages),49,3.5334275724803,1.8210196026153103,7.061914785826053,2025-10-19
70% coverage (all ages),50,3.5348851107305954,1.8342398716862947,7.021081200714737,2025-10-20
70% coverage (all ages),51,3.6879612703283073,1.9354907276001772,7.257285061277761,2025-10-21
70% coverage (all ages),52,3.9336588187555197,2.114583295836176,7.742363692239773,2025-10-22
70% coverage (all ages),53,4.292747980233277,2.3289141102503716,8.407272043219196,2025-10-23
70% coverage (all ages),54,4.708288937620358,2.5824638001653413,9.190225397906186,2025-10-24
70% coverage (all ages),55,5.139248844582589,2.8367174659588303,9.962208550922483,2025-10-25
70% coverage (all ages),56,5.307178077663359,2.9382530456831866,10.203322316497347,2025-10-26
70% coverage (all ages),57,5.314643487772754,2.9587205446051255,10.151629862106843,2025-10-27
70% coverage (all ages),58,5.537349281265873,3.110308047753292,10.543074504254394,2025-10-28
70% coverage (all ages),59,5.963252829317613,3.3758737905786336,11.296988844651477,2025-10-29
70% coverage (all ages),60,6.507194827605921,3.7121051575255612,12.227459958041187,2025-10-30
70% coverage (all ages),61,7.112265280642736,4.105054851040893,13.266227460628402,2025-10-31
70% coverage (all ages),62,7.714141596604804,4.421771834178647,14.299154922014555,2025-11-01
70% coverage (all ages),63,7.926642356869136,4.557530532984213,14.596457023872958,2025-11-02
70% coverage (all ages),64,7.927734836578272,4.570002677333197,14.505493147025513,2025-11-03
70% coverage (all ages),65,8.285804972526169,4.791603967535202,15.035144029015461,2025-11-04
70% coverage (all ages),66,8.95837402984079,5.194935922088326,16.09962364459499,2025-11-05
70% coverage (all ages),67,9.762825512880653,5.672862197030787,17.43319695214611,2025-11-06
70% coverage (all ages),68,10.66095469265234,6.18952653879902,18.959411908004643,2025-11-07
70% coverage (all ages),69,11.57760831042551,6.6893146503891625,20.402390436614,2025-11-08
70% coverage (all ages),70,11.896509780843346,6.832110760569902,20.748245426528698,2025-11-09
70% coverage (all ages),71,11.78678128657781,6.796239260782661,20.49981885929079,2025-11-10
70% coverage (all ages),72,12.064462111878413,7.018377119830343,20.985905908376886,2025-11-11
70% coverage (all ages),73,12.555372432814917,7.365181336708494,21.779303673636242,2025-11-12
70% coverage (all ages),74,13.483048409712158,7.91614082262771,23.161965688990847,2025-11-13
70% coverage (all ages),75,14.656240393808519,8.665796744997216,24.9819546426855,2025-11-14
70% coverage (all ages),76,15.831679104640639,9.387784648749678,26.80164792938872,2025-11-15
70% coverage (all ages),77,16.1644837617916,9.595708355604888,27.17489696547437,2025-11-16
70% coverage (all ages),78,16.086775513746275,9.530839003189037,26.711411211065208,2025-11-17
70% coverage (all ages),79,16.6461982870236,9.897569228058037,27.334587983367726,2025-11-18
70% coverage (all ages),80,17.78920047464171,10.617009525934382,29.03419651478366,2025-11-19
70% coverage (all ages),81,19.20557556021012,11.51457860559269,31.16509546508399,2025-11-20
70% coverage (all ages),82,20.80920787539604,12.517501076568381,33.54279307695647,2025-11-21
70% coverage (all ages),83,22.338597479068625,13.43344254107195,35.73284906699176,2025-11-22
70% coverage (all ages),84,22.58138458961981,13.630379236131672,36.0709189105715,2025-11-23
70% coverage (all ages),85,22.245503722094703,13.466576334437285,35.43223504360251,2025-11-24
70% coverage (all ages),86,22.80839473095478,13.861172490158513,36.19888307147399,2025-11-25
70% coverage (all ages),87,24.179465160757275,14.669012152326852,38.00286748474286,2025-11-26
70% coverage (all ages),88,25.473181008304056,15.524150651467442,39.86467559135873,2025-11-27
70% coverage (all ages),89,25.912895733261408,15.773743424617502,40.21615016595184,2025-11-28
70% coverage (all ages),90,25.93588412443331,15.877996317367456,40.210451247840815,2025-11-29
70% coverage (all ages),91,25.503013583199575,15.640315898323482,39.348274861656954,2025-11-30
70% coverage (all ages),92,24.80061898662367,15.235025978153383,38.052990972058524,2025-12-01
70% coverage (all ages),93,25.295233986591327,15.594869488314847,38.58193656406019,2025-12-02
70% coverage (all ages),94,26.689485117956373,16.518762570143267,40.60731006801768,2025-12-03
70% coverage (all ages),95,28.59996503322337,17.738994606613094,43.246094596075885,2025-12-04
70% coverage (all ages),96,30.73758501645744,19.240062688558492,46.16261324050199,2025-12-05
70% coverage (all ages),97,32.7132003008048,20.764816237241455,48.8518397893939,2025-12-06
70% coverage (all ages),98,32.949865221059525,21.005696755465383,49.06001996529282,2025-12-07
70% coverage (all ages),99,32.37330362261998,20.630093936824096,47.935468231770045,2025-12-08
70% coverage (all ages),100,33.15400368407016,21.25685803428676,48.668558523727086,2025-12-09
70% coverage (all ages),101,34.94210672355564,22.81224255589176,50.985902238719156,2025-12-10
70% coverage (all ages),102,37.34432136965938,24.458960985263246,53.91806087178234,2025-12-11
70% coverage (all ages),103,39.96761209170439,26.532278982702685,57.07496692272476,2025-12-12
70% coverage (all ages),104,42.581948582303376,28.453113545573217,59.54282032117556,2025-12-13
70% coverage (all ages),105,42.94342586225198,28.771437517984506,59.33389654372519,2025-12-14
70% coverage (all ages),106,42.10657790121856,28.333881689335957,57.56376797562363,2025-12-15
70% coverage (all ages),107,42.71494861602215,29.202062604703976,58.579029335400136,2025-12-16
70% coverage (all ages),108,44.5430841329657,30.75951956115583,60.86252462729882,2025-12-17
70% coverage (all ages),109,46.834536362956534,32.75100129315568,64.09070902433623,2025-12-18
70% coverage (all ages),110,49.38570939233731,34.749539255634154,67.692835527359,2025-12-19
70% coverage (all ages),111,51.6032872022828,36.36048342901093,70.89141045433273,2025-12-20
70% coverage (all ages),112,51.37574551168991,36.24289444690276,70.59817247504695,2025-12-21
70% coverage (all ages),113,49.63126125304997,35.080642628416946,68.16682059996248,2025-12-22
70% coverage (all ages),114,48.52917881695632,34.48133646333055,66.53175166798194,2025-12-23
70% coverage (all ages),115,48.07987381528124,34.341023634312926,65.69895403063838,2025-12-24
70% coverage (all ages),116,47.64214317520585,33.98379389400312,65.27315706524006,2025-12-25
70% coverage (all ages),117,46.179087527737906,32.9606230054503,63.68100424793658,2025-12-26
70% coverage (all ages),118,45.232915057324234,32.170791591929564,62.363901152396515,2025-12-27
70% coverage (all ages),119,43.57469999744015,30.92969849198663,60.01444317722492,2025-12-28
70% coverage (all ages),120,41.48500028297376,29.44897947315815,56.9151293684402,2025-12-29
70% coverage (all ages),121,40.02818130577196,28.60444707111562,55.00473570661263,2025-12-30
70% coverage (all ages),122,39.30931293299288,28.166648518245786,54.037602565742596,2025-12-31
70% coverage (all ages),123,38.71824795959657,27.821747621513246,53.217833753598526,2026-01-01
70% coverage (all ages),124,37.37865951499225,26.776461429932446,51.39111935332206,2026-01-02
70% coverage (all ages),125,36.43303593071757,25.824306550803524,49.82237514782423,2026-01-03
70% coverage (all ages),126,34.77758505648197,24.5242311937176,47.46431772554569,2026-01-04
70% coverage (all ages),127,33.11747433078601,23.134284491221923,44.87318156396036,2026-01-05
70% coverage (all ages),128,32.65353923945517,22.81514068100975,44.58106353391973,2026-01-06
70% coverage (all ages),129,33.571311975272025,23.300461168610234,45.54837646560428,2026-01-07
70% coverage (all ages),130,34.91148425380722,24.161248948167685,47.21408785196218,2026-01-08
70% coverage (all ages),131,36.176882535070035,25.20818205660246,49.050757111817305,2026-01-09
70% coverage (all ages),132,37.323302846721575,26.18433108307376,50.571668269543466,2026-01-10
70% coverage (all ages),133,36.68297139822123,25.916801245861564,49.77646839525718,2026-01-11
70% coverage (all ages),134,35.12165232336777,25.004171578605614,47.87095963548598,2026-01-12
70% coverage (all ages),135,35.0274575170868,24.96708674307606,47.75758945005903,2026-01-13
70% coverage (all ages),136,35.69984338145279,25.614560601545055,48.97897065986564,2026-01-14
70% coverage (all ages),137,36.86093734835463,26.152618434553812,50.52678648697377,2026-01-15
70% coverage (all ages),138,38.18716533009738,26.823198237410104,52.25276675345106,2026-01-16
70% coverage (all ages),139,39.449684123007245,27.530360312052363,53.665473562659194,2026-01-17
70% coverage (all ages),140,38.765550273620285,27.099323605500953,52.62805773183325,2026-01-18
70% coverage (all ages),141,36.95437100919196,25.879191210012483,50.37062908578038,2026-01-19
70% coverage (all ages),142,35.692662148587914,25.3296387668758,49.02991524391459,2026-01-20
70% coverage (all ages),143,35.795055049836435,25.300595447495773,49.02035499700682,2026-01-21
70% coverage (all ages),144,36.51226413402459,25.87737883014688,49.99289493969652,2026-01-22
70% coverage (all ages),145,37.568516667887465,26.669601034833615,51.20126123722763,2026-01-23
70% coverage (all ages),146,38.560108961213366,27.43044945261222,52.49027780375717,2026-01-24
70% coverage (all ages),147,37.861080933195254,27.026298760850963,51.44617214533566,2026-01-25
70% coverage (all ages),148,36.25110595191269,25.863649144297153,49.750955774656276,2026-01-26
70% coverage (all ages),149,35.747331302629114,25.520706134694016,49.55041268413456,2026-01-27
70% coverage (all ages),150,36.22510189113156,25.911079270235902,49.91307742970967,2026-01-28
70% coverage (all ages),151,37.40323670704318,26.38624794199218,51.48661233617081,2026-01-29
70% coverage (all ages),152,38.41671589117247,26.88913756543553,52.855960249152126,2026-01-30
70% coverage (all ages),153,39.26704327511659,27.28294756030817,54.54575705583021,2026-01-31
70% coverage (all ages),154,38.48034810563155,26.49454717987334,53.60769348905893,2026-02-01
70% coverage (all ages),155,36.873688215236754,25.083074393493177,51.277742429737785,2026-02-02
70% coverage (all ages),156,36.25175244261178,24.36299895562501,50.79749432905955,2026-02-03
70% coverage (all ages),157,36.576656615881646,24.42529735604729,51.56669588612365,2026-02-04
70% coverage (all ages),158,37.45806266887238,24.6281974470212,52.87136424451774,2026-02-05
70% coverage (all ages),159,38.51761375343797,24.93618440273518,54.259838515578856,2026-02-06
70% coverage (all ages),160,39.20124260729456,25.109467013670482,55.42867786685316,2026-02-07
70% coverage (all ages),161,38.038368826593995,24.241516875517593,54.09837219530016,2026-02-08
70% coverage (all ages),162,36.09732757959968,22.86154022867118,51.67201985034127,2026-02-09
70% coverage (all ages),163,35.240409014404776,22.257012998413646,51.06677561719719,2026-02-10
70% coverage (all ages),164,35.54410230110309,22.21267996606808,51.678497194121114,2026-02-11
70% coverage (all ages),165,35.97957060909359,22.416605915385112,52.62114202508488,2026-02-12
70% coverage (all ages),166,36.55112229076074,22.825675260924527,53.80396384738315,2026-02-13
70% coverage (all ages),167,37.00811966214391,23.056081261104676,54.902403090779316,2026-02-14
70% coverage (all ages),168,35.85501627355539,22.140916558706454,53.501517694528786,2026-02-15
70% coverage (all ages),169,33.65624968298792,20.676166352885183,50.341368560172945,2026-02-16
70% coverage (all ages),170,31.89947381003769,19.45555378808248,47.782586965247155,2026-02-17
70% coverage (all ages),171,30.49424306196682,18.4844162083846,45.91460598676825,2026-02-18
70% coverage (all ages),172,29.24692645048615,17.633499423772044,44.5193115073103,2026-02-19
70% coverage (all ages),173,28.06792520508496,16.87497772676881,43.0215290959749,2026-02-20
70% coverage (all ages),174,26.9700841683475,16.156697110317538,41.295234136685515,2026-02-21
70% coverage (all ages),175,25.310234331586514,15.172962244432501,38.69379003054503,2026-02-22
70% coverage (all ages),176,23.493180233619245,14.098216829886203,35.79595268156381,2026-02-23
70% coverage (all ages),177,22.614007243001794,13.487779716401707,34.48347834968542,2026-02-24
70% coverage (all ages),178,22.399780157647047,13.26923176626723,34.33283057371985,2026-02-25
70% coverage (all ages),179,22.490558126783437,13.215655906420372,34.535156060771975,2026-02-26
70% coverage (all ages),180,22.566783405391497,13.229936548048686,34.84758674324877,2026-02-27
70% coverage (all ages),181,22.574143764787664,13.182265089942003,34.94827093832153,2026-02-28
70% coverage (all ages),182,21.6303337647938,12.610755920801495,33.580466053235355,2026-03-01
70% coverage (all ages),183,20.28623573592937,11.78429960920886,31.51074623111955,2026-03-02
70% coverage (all ages),184,19.60465097825423,11.343900870719246,30.632536965104816,2026-03-03
70% coverage (all ages),185,19.406842511157194,11.187011619609812,30.455989435400642,2026-03-04
70% coverage (all ages),186,19.423269521514218,11.134454247523513,30.578994110004864,2026-03-05
70% coverage (all ages),187,19.477969405927404,11.130239067515948,30.729465672669388,2026-03-06
70% coverage (all ages),188,19.435319349760547,11.107163749021515,30.640093646576553,2026-03-07
70% coverage (all ages),189,18.608365437971813,10.655712228477435,29.270709222987573,2026-03-08
70% coverage (all ages),190,17.335620728637508,9.98505681433502,27.253041453644542,2026-03-09
70% coverage (all ages),191,16.64688518149832,9.62923316384182,26.10447025096279,2026-03-10
70% coverage (all ages),192,16.35257581830371,9.523286058026288,25.583989428692483,2026-03-11
70% coverage (all ages),193,16.22835908818557,9.515062394893862,25.2847781738821,2026-03-12
70% coverage (all ages),194,16.223800961547727,9.470143933563401,25.138597141299762,2026-03-13
70% coverage (all ages),195,16.10280981480345,9.390386047422876,24.974714398875225,2026-03-14
70% coverage (all ages),196,15.376544027630537,8.951123844256813,23.861584148267053,2026-03-15
70% coverage (all ages),197,14.36721795138261,8.332091479633268,22.246288972996517,2026-03-16
70% coverage (all ages),198,13.729217047377924,7.945955198199828,21.287790308550758,2026-03-17
70% coverage (all ages),199,13.494153683084953,7.755745089655071,21.12486104775839,2026-03-18
70% coverage (all ages),200,13.402687141692773,7.659084564762296,21.433478854494407,2026-03-19
70% coverage (all ages),201,13.371298173238035,7.628166143451175,21.456273611700592,2026-03-20
70% coverage (all ages),202,13.275810439215732,7.564049021214597,21.091410168367478,2026-03-21
70% coverage (all ages),203,12.667097977893906,7.203996031909868,20.024155581057435,2026-03-22
70% coverage (all ages),204,11.770423671665892,6.671275328107288,18.683033696383667,2026-03-23
70% coverage (all ages),205,11.238390066790618,6.341655858654621,17.843543306268188,2026-03-24
70% coverage (all ages),206,11.064204726425203,6.187614498265008,17.62816317689008,2026-03-25
70% coverage (all ages),207,10.947532005227988,6.107646459079394,17.650785368392096,2026-03-26
70% coverage (all ages),208,10.828561944476853,6.071683865419246,17.696620279681042,2026-03-27
70% coverage (all ages),209,10.683410442941318,6.019638931898621,17.61844842124453,2026-03-28
70% coverage (all ages),210,10.221880926454116,5.710228112518871,16.761590375917685,2026-03-29
70% coverage (all ages),211,9.53438237360114,5.293507208365831,15.67187101343896,2026-03-30
70% coverage (all ages),212,9.085707068151741,5.035214408207615,14.997376691736465,2026-03-31
70% coverage (all ages),213,8.8720427130165,4.901732108899179,14.8185893507953,2026-04-01
70% coverage (all ages),214,8.715707239258718,4.821625073665116,14.7377023066521,2026-04-02
70% coverage (all ages),215,8.632840481057842,4.766749290443689,14.702712941935735,2026-04-03
70% coverage (all ages),216,8.529072162693836,4.689516601002307,14.533500459626662,2026-04-04
70% coverage (all ages),217,8.103248557234124,4.445195907976502,13.845741936549544,2026-04-05
70% coverage (all ages),218,7.518875161089518,4.118701890327625,12.933514193723829,2026-04-06
70% coverage (all ages),219,7.155845765874053,3.9216859465525458,12.411395758574004,2026-04-07
70% coverage (all ages),220,6.981455033079311,3.827401430900814,12.270251504815349,2026-04-08
70% coverage (all ages),221,6.917889674404935,3.790283823362938,12.270167760888427,2026-04-09
70% coverage (all ages),222,6.867880597077275,3.772332110398301,12.322534618076027,2026-04-10
70% coverage (all ages),223,6.771026929174544,3.733794829013787,12.298087387595915,2026-04-11
70% coverage (all ages),224,6.424197538019253,3.552373011430533,11.779066103410436,2026-04-12
70% coverage (all ages),225,5.950216597381328,3.300840774956026,11.015519067676697,2026-04-13
70% coverage (all ages),226,5.6573161391462765,3.1355371320624754,10.582830434891173,2026-04-14
70% coverage (all ages),227,5.507142023395951,3.033327443340128,10.376565020600642,2026-04-15
70% coverage (all ages),228,5.414056006731066,2.9554761365945095,10.202056756394146,2026-04-16
70% coverage (all ages),229,5.305655424277276,2.891690655758169,10.041613028826582,2026-04-17
70% coverage (all ages),230,5.159680224372944,2.8189055023744314,9.835931747104626,2026-04-18
70% coverage (all ages),231,4.877299622375746,2.633627011267922,9.288446374111313,2026-04-19
70% coverage (all ages),232,4.492879876391075,2.414825072728425,8.571603891411257,2026-04-20
70% coverage (all ages),233,4.187699249177365,2.2370517856984873,8.062313978327003,2026-04-21
70% coverage (all ages),234,3.9478073171824115,2.0912986889168703,7.670977238297118,2026-04-22
70% coverage (all ages),235,3.734841932726968,1.9527437142836757,7.332663600246911,2026-04-23
70% coverage (all ages),236,3.5404098074637806,1.8333674980763437,7.010510422217679,2026-04-24
70% coverage (all ages),237,3.344632842400104,1.7278587719789935,6.6516912838194475,2026-04-25
70% coverage (all ages),238,3.0945316979554436,1.5969794877010686,6.149004515178064,2026-04-26
70% coverage (all ages),239,2.8275948707906844,1.4553332434861785,5.618874278264326,2026-04-27
70% coverage (all ages),240,2.673952861873618,1.3720872759029485,5.294368709957845,2026-04-28
70% coverage (all ages),241,2.592316920137639,1.324126654245047,5.120036644548717,2026-04-29
70% coverage (all ages),242,2.5477585492340307,1.28530613012906,5.009029703362322,2026-04-30
70% coverage (all ages),243,2.506346104036742,1.2620871578685524,4.96795627221713,2026-05-01
70% coverage (all ages),244,2.467786969433275,1.2245263826025492,4.907118317460442,2026-05-02
70% coverage (all ages),245,2.328101454531814,1.146600526439477,4.662437485812571,2026-05-03
70% coverage (all ages),246,2.1467883580736284,1.0525159137788973,4.330068099081312,2026-05-04
70% coverage (all ages),247,2.0491170580586107,0.9897667778134389,4.1291449998250425,2026-05-05
70% coverage (all ages),248,1.995766053781257,0.946447583361161,4.027734918076177,2026-05-06
70% coverage (all ages),249,1.9569962980519358,0.914449743090455,3.9674766882937873,2026-05-07
70% coverage (all ages),250,1.9448054891095388,0.8928638115127168,3.9309977759193138,2026-05-08
High VE,1,0.06103246298091284,0.016976023222543993,0.2342231691336314,2025-09-01
High VE,2,0.14895059616156853,0.041523738067137536,0.5672040743435705,2025-09-02
High VE,3,0.19440237439701985,0.05455712886119083,0.7233912818949171,2025-09-03
High VE,4,0.2256008844419581,0.06430496230641317,0.8166140383443421,2025-09-04
High VE,5,0.25341764186269095,0.07346504665716774,0.885144204660566,2025-09-05
High VE,6,0.279363363084726,0.08213066910843692,0.9331066508106125,2025-09-06
High VE,7,0.2888370304404606,0.08605894496548293,0.9285903635130665,2025-09-07
High VE,8,0.2888979151873458,0.08754728199188487,0.9080508152286142,2025-09-08
High VE,9,0.302472916177204,0.09345412024964071,0.9335999919077275,2025-09-09
High VE,10,0.32744786759038796,0.10287247607905264,0.9934292471981528,2025-09-10
High VE,11,0.3604920101932445,0.1145839608821248,1.0704553119272167,2025-09-11
High VE,12,0.39946928240419805,0.12775270744041622,1.149364914527269,2025-09-12
High VE,13,0.4384111509075811,0.14097675388487277,1.228217729291355,2025-09-13
High VE,14,0.45156251995616026,0.14652657117981907,1.251489599849998,2025-09-14
High VE,15,0.4501844336677016,0.14856527298728708,1.2401553209122405,2025-09-15
High VE,16,0.4664567601052242,0.1580812103458999,1.278866609621284,2025-09-16
High VE,17,0.5053841068247135,0.1740893330775768,1.3610696644552165,2025-09-17
High VE,18,0.556330694904762,0.19358897721038984,1.4775271581761513,2025-09-18
High VE,19,0.6147747718712242,0.21636250280184238,1.599354268455972,2025-09-19
High VE,20,0.6743067527071596,0.23954665240482434,1.7249546807534735,2025-09-20
High VE,21,0.6979513674673081,0.24980580755107726,1.7646539833237571,2025-09-21
High VE,22,0.7022484083509364,0.2532222779970812,1.755200742292976,2025-09-22
High VE,23,0.735462157975403,0.269200116885426,1.8168485342170355,2025-09-23
High VE,24,0.7962887008840521,0.296613086448352,1.953056209152877,2025-09-24
High VE,25,0.8702628644682315,0.3310394117290619,2.117841222808807,2025-09-25
High VE,26,0.9516998637774001,0.37085971484878194,2.3035525852287386,2025-09-26
High VE,27,1.030737663175159,0.4112714021645298,2.492862180515745,2025-09-27
High VE,28,1.0588801661943616,0.42827676355677696,2.555903129604932,2025-09-28
High VE,29,1.0618076867546242,0.4292808390681244,2.548976290121513,2025-09-29
High VE,30,1.1089222773894405,0.4543264719407706,2.6570861121223057,2025-09-30
High VE,31,1.2003797676773877,0.49999292367779136,2.8636250921775406,2025-10-01
High VE,32,1.3211619039245606,0.5576794914402748,3.1263692835168153,2025-10-02
High VE,33,1.4623839203537399,0.6203869784388144,3.4244723790100537,2025-10-03
High VE,34,1.6023405871239782,0.6882245133136851,3.6944693283140064,2025-10-04
High VE,35,1.65361875953738,0.7183833439488033,3.7653848684082005,2025-10-05
High VE,36,1.6579638561841286,0.7286341843513893,3.7208220043136024,2025-10-06
High VE,37,1.7318967890869117,0.7731626445405702,3.8186220161204316,2025-10-07
High VE,38,1.8684780713290956,0.8447810629108227,4.040135807421075,2025-10-08
High VE,39,2.041095908174163,0.9351313470248162,4.362939833418216,2025-10-09
High VE,40,2.242647785270957,1.0445112166352426,4.757819012113877,2025-10-10
High VE,41,2.4496362690156817,1.1560485079805105,5.157910930945698,2025-10-11
High VE,42,2.5169909244484803,1.2024170935746092,5.278731598912318,2025-10-12
High VE,43,2.4995734724724072,1.2087610842866472,5.2204701528606785,2025-10-13
High VE,44,2.534414582452399,1.2399703274324971,5.262899962085216,2025-10-14
High VE,45,2.6867964454239246,1.3293129208522123,5.526036403639508,2025-10-15
High VE,46,2.9063778102468305,1.4557055607063525,5.932823838308657,2025-10-16
High VE,47,3.1785202178130394,1.614017274846419,6.440998205870044,2025-10-17
High VE,48,3.471243439201398,1.7773330238084266,6.9627001978329695,2025-10-18
High VE,49,3.578221736819222,1.8445260196917455,7.1505032484802244,2025-10-19
High VE,50,3.5829321679424693,1.8596746283173882,7.115658746705314,2025-10-20
High VE,51,3.7420205847188464,1.9648816673184908,7.363237708525302,2025-10-21
High VE,52,3.9963375641636083,2.1490517619906,7.865629875698698,2025-10-22
High VE,53,4.368954843283312,2.3705684545455497,8.55397630306969,2025-10-23
High VE,54,4.797000814235668,2.632278117836467,9.363162873691872,2025-10-24
High VE,55,5.244359075994241,2.8952873875991076,10.162853424142577,2025-10-25
High VE,56,5.421634273988989,3.002205733758847,10.418575403636446,2025-10-26
High VE,57,5.433643753418107,3.0264381222300027,10.37678852070446,2025-10-27
High VE,58,5.668088489753071,3.185471774689305,10.792063801879822,2025-10-28
High VE,59,6.115970061406378,3.463315461482797,11.582045334534655,2025-10-29
High VE,60,6.683053504457565,3.8157666267548604,12.55632870635728,2025-10-30
High VE,61,7.319056692607084,4.22344018970892,13.647393400396433,2025-10-31
High VE,62,7.952568095097591,4.559286201898971,14.73365016012961,2025-11-01
High VE,63,8.182865180991586,4.706148009964148,15.06008443746034,2025-11-02
High VE,64,8.19287866844709,4.725585008492542,14.986181016550427,2025-11-03
High VE,65,8.581187616807604,4.963880137270468,15.56071587828718,2025-11-04
High VE,66,9.295080756796729,5.39290780230772,16.69545720957584,2025-11-05
High VE,67,10.147640377994223,5.897644665912096,18.115201354706752,2025-11-06
High VE,68,11.109090230760307,6.4485789416501955,19.741790691357632,2025-11-07
High VE,69,12.090334888511894,6.9837944204948785,21.285222878429792,2025-11-08
High VE,70,12.447092295155674,7.147427914576986,21.681513240503403,2025-11-09
High VE,71,12.34366077845099,7.121998612685133,21.456469404978918,2025-11-10
High VE,72,12.656979503171799,7.373093621483463,22.010888094727036,2025-11-11
High VE,73,13.215609263916308,7.755682649745487,22.907380595029053,2025-11-12
High VE,74,14.237819483526081,8.360717730881463,24.421459960814488,2025-11-13
High VE,75,15.501841575236003,9.177470701374352,26.407739110271812,2025-11-14
High VE,76,16.794223948324486,9.956933554520704,28.401652836461437,2025-11-15
High VE,77,17.178286482820152,10.19990286267117,28.83524935561133,2025-11-16
High VE,78,17.1421834830819,10.153856274857299,28.395191086702553,2025-11-17
High VE,79,17.78393924707961,10.577787422970205,29.172263288731116,2025-11-18
High VE,80,19.054330759002575,11.38802166921873,31.09086824884904,2025-11-19
High VE,81,20.681228035659217,12.398023830104075,33.49101400993816,2025-11-20
High VE,82,22.491167598789133,13.530824604490606,36.17722883565725,2025-11-21
High VE,83,24.207955801435194,14.576341244284073,38.67609612483978,2025-11-22
High VE,84,24.55075012228051,14.835729288251574,39.154015143102946,2025-11-23
High VE,85,24.242535391062475,14.700448472994067,38.564005504393634,2025-11-24
High VE,86,24.961342060266027,15.186251447203237,39.528077404595415,2025-11-25
High VE,87,26.56101604398305,16.133341333024877,41.58269244174953,2025-11-26
High VE,88,28.11078207379133,17.138771700601193,43.76995415506252,2025-11-27
High VE,89,28.616808049688792,17.4615302490826,44.354184872563174,2025-11-28
High VE,90,28.748999025501355,17.631189654635236,44.496426153389685,2025-11-29
High VE,91,28.374666519662213,17.415504798557148,43.65727281844824,2025-11-30
High VE,92,27.645309465132613,17.01578705285638,42.283126755305325,2025-12-01
High VE,93,28.298244319335197,17.478442449716525,43.07957350646323,2025-12-02
High VE,94,29.94268088876683,18.58324302080089,45.460999552714135,2025-12-03
High VE,95,32.16065393532385,20.03018881237454,48.565283169538986,2025-12-04
High VE,96,34.701699941764076,21.79408274206282,51.95362135865574,2025-12-05
High VE,97,37.015878894414506,23.594668256309088,55.13475827802586,2025-12-06
High VE,98,37.39919395152708,23.923115106352,55.492691345111794,2025-12-07
High VE,99,36.80494500929558,23.541470821832025,54.33215312989112,2025-12-08
High VE,100,37.89253520124455,24.385058547664933,55.21484625378095,2025-12-09
High VE,101,40.09112013119139,26.281787973704812,58.16125057177333,2025-12-10
High VE,102,42.870459400030995,28.39385036046283,61.52946425318771,2025-12-11
High VE,103,46.106362354900966,30.802453552108194,64.98922137092204,2025-12-12
High VE,104,49.27558729974404,33.076213762610124,68.13432858519248,2025-12-13
High VE,105,49.74517379513673,33.53332022535285,67.91254071993387,2025-12-14
High VE,106,48.72395584251401,33.12846995535481,66.53732263999122,2025-12-15
High VE,107,49.52867842224026,34.25185524416867,67.56451885862785,2025-12-16
High VE,108,51.792265602630195,36.09945969590206,70.4805932230724,2025-12-17
High VE,109,54.6161041968039,38.587850336429064,74.36736027833847,2025-12-18
High VE,110,57.86584363012596,40.96143214278514,78.76780245611826,2025-12-19
High VE,111,60.595579948682555,42.98469830779527,82.6124347158081,2025-12-20
High VE,112,60.48505308533224,42.944962728860986,82.36929475454097,2025-12-21
High VE,113,58.47720161775425,41.65369004277172,79.57601468285925,2025-12-22
High VE,114,57.31081960644989,41.0548879627693,77.6935084354003,2025-12-23
High VE,115,56.823987846278484,40.962795434529006,77.26308049515819,2025-12-24
High VE,116,56.26360970455549,40.628073041123045,77.08124994820477,2025-12-25
High VE,117,54.8819116126341,39.46044857278329,75.24649407793156,2025-12-26
High VE,118,53.894887213712536,38.61218971177411,73.65898056980477,2025-12-27
High VE,119,52.067827278086085,37.265384160615326,70.715572531708,2025-12-28
High VE,120,49.21924809414024,35.53651803447671,66.99233568632958,2025-12-29
High VE,121,47.571080235747516,34.46328175282236,64.70883219672915,2025-12-30
High VE,122,46.68015891376897,33.9890122985657,63.53684390396873,2025-12-31
High VE,123,45.95691108610384,33.45933575424827,62.672143371566825,2026-01-01
High VE,124,44.56601736560587,32.18995134297481,60.27793674237926,2026-01-02
High VE,125,43.49804086989211,31.09024820939376,58.347268716484926,2026-01-03
High VE,126,41.54246008892035,29.563473312319623,55.869143522899286,2026-01-04
High VE,127,39.43827758671479,28.01988244417493,52.89981696933756,2026-01-05
High VE,128,39.30592041701803,27.814168520503625,52.63708044524194,2026-01-06
High VE,129,40.202339774416046,28.58079019738504,53.91724883737232,2026-01-07
High VE,130,41.64670059617656,29.82012704123666,55.924888291358144,2026-01-08
High VE,131,43.24513985791744,31.279980071203838,58.11807336709307,2026-01-09
High VE,132,44.65101712152713,32.379822108379805,59.839324515284574,2026-01-10
High VE,133,43.95258493881606,32.01306343183356,58.84977362458758,2026-01-11
High VE,134,42.21914297378505,30.736206713092674,56.59973460985155,2026-01-12
High VE,135,41.96846436831679,30.262849272483827,56.294962401843804,2026-01-13
High VE,136,42.92156246746167,30.734690445458156,57.35116141772464,2026-01-14
High VE,137,44.14326765848796,31.784892632780053,58.95495084256924,2026-01-15
High VE,138,45.67197563235935,33.01356027178809,61.12801280172672,2026-01-16
High VE,139,47.10950376151272,34.08337969744596,63.07786504620595,2026-01-17
High VE,140,46.203088258289434,33.54930830457688,61.857365444100346,2026-01-18
High VE,141,43.957190773679656,32.08146483127646,58.766966988597396,2026-01-19
High VE,142,42.43844643831298,31.068997709013654,56.96562859425585,2026-01-20
High VE,143,42.50754111259025,31.281546479365453,57.19391843240981,2026-01-21
High VE,144,43.47299372501449,32.115253495603014,58.41208855617801,2026-01-22
High VE,145,44.93203890459951,33.0682641627015,60.05607813896765,2026-01-23
High VE,146,46.050862969263164,33.655907201196335,61.8019343593122,2026-01-24
High VE,147,45.04105065356951,32.626096316617904,60.532163190609225,2026-01-25
High VE,148,42.994264749831984,30.906839951174216,58.18476059173873,2026-01-26
High VE,149,42.33401674692615,30.18433911293613,57.26537807914471,2026-01-27
High VE,150,42.97267020568894,30.287711067373788,58.134473819468845,2026-01-28
High VE,151,44.04654791814011,30.667772879564495,59.706481346401894,2026-01-29
High VE,152,45.42942278671652,31.15483830158227,61.7451090375259,2026-01-30
High VE,153,46.61111078544054,31.471377736865506,63.50638074079858,2026-01-31
High VE,154,45.69451336072037,30.486405754551676,61.902695599594026,2026-02-01
High VE,155,43.50627293499193,28.799244988071155,59.07588152415073,2026-02-02
High VE,156,42.69962475194173,28.034806084742286,58.19840394924419,2026-02-03
High VE,157,42.93055355763441,28.043266059676657,59.23344233010276,2026-02-04
High VE,158,43.675977473223725,28.352812691541434,60.919423201760665,2026-02-05
High VE,159,44.54572000660778,28.958902383426345,62.84032183015922,2026-02-06
High VE,160,45.252455951227674,29.13590634458631,64.27045620008099,2026-02-07
High VE,161,43.86702215479043,28.031032659632313,62.828069827437396,2026-02-08
High VE,162,41.50046901883674,26.33737434180422,59.93967420437847,2026-02-09
High VE,163,40.51579523266241,25.481385076238507,58.909498368396605,2026-02-10
High VE,164,40.49396489453446,25.280591247471044,59.437382635012696,2026-02-11
High VE,165,40.8702804560521,25.453300568302023,60.574851298416526,2026-02-12
High VE,166,41.329332536000265,25.852092646240234,62.07809079458693,2026-02-13
High VE,167,41.664007163735434,26.06489873076091,63.00541031180968,2026-02-14
High VE,168,40.21330288170536,25.005438487853382,61.10210938909762,2026-02-15
High VE,169,37.767699269975175,23.329614227997133,57.52700664072287,2026-02-16
High VE,170,35.65837830974301,21.929095866397965,54.52075507129288,2026-02-17
High VE,171,33.937486141565344,20.808709191646305,51.98512318558769,2026-02-18
High VE,172,32.48666802295894,19.823982849981142,49.68683314302418,2026-02-19
High VE,173,31.16396676344048,18.927459283068803,47.60079574993471,2026-02-20
High VE,174,29.824269064061163,18.011119793303518,45.523643613692514,2026-02-21
High VE,175,27.78301591324137,16.756702351213562,42.588790565588994,2026-02-22
High VE,176,25.647117864400695,15.429368711851925,39.552195888732975,2026-02-23
High VE,177,24.56313696667529,14.715051283701305,38.058756143483045,2026-02-24
High VE,178,24.27141612593772,14.45968198318376,37.70957651606266,2026-02-25
High VE,179,24.23565594721603,14.389735886855432,37.764294782032295,2026-02-26
High VE,180,24.296155738208473,14.475632950440822,38.02774575362282,2026-02-27
High VE,181,24.348657280415765,14.486141304597439,38.084777123646596,2026-02-28
High VE,182,23.33349755031018,13.907809520311355,36.55687264131174,2026-03-01
High VE,183,21.829094794472827,13.03629194912926,34.27399879556702,2026-03-02
High VE,184,21.056507898124472,12.55105988763893,33.17886076103042,2026-03-03
High VE,185,20.811147186102318,12.299075639618833,32.86840737494342,2026-03-04
High VE,186,20.789768688217357,12.168703769524857,32.76819978460371,2026-03-05
High VE,187,20.779113657085944,12.087419696753084,32.73494250425784,2026-03-06
High VE,188,20.583067426520927,11.943574963091143,32.48217345189421,2026-03-07
High VE,189,19.56837656579484,11.348390909529162,31.04780206098986,2026-03-08
High VE,190,18.16832173215086,10.530521731202558,28.927538193871296,2026-03-09
High VE,191,17.397575250553977,10.031843451441768,27.671688037741696,2026-03-10
High VE,192,17.08755626791914,9.780069253806609,27.083178606318082,2026-03-11
High VE,193,16.907343034028642,9.633826309790809,26.730485807795592,2026-03-12
High VE,194,16.75022755398667,9.57998555942645,26.80412435424482,2026-03-13
High VE,195,16.613169356079098,9.479629479343522,26.753725459778554,2026-03-14
High VE,196,15.806215190256315,9.018548200581057,25.41898808916913,2026-03-15
High VE,197,14.70050162255892,8.378915283197674,23.826890897982604,2026-03-16
High VE,198,13.991599389366291,7.976252619148352,22.740910058019466,2026-03-17
High VE,199,13.673097997343657,7.791422036123869,22.150437181131057,2026-03-18
High VE,200,13.577469780228066,7.718180363975721,21.92794106486114,2026-03-19
High VE,201,13.514559132831248,7.681523600227877,21.871965221884413,2026-03-20
High VE,202,13.336960134940693,7.593227275889512,21.77370055250782,2026-03-21
High VE,203,12.666463773621935,7.208076258668202,20.727565083709255,2026-03-22
High VE,204,11.768956568426377,6.681901549886,19.310205637625163,2026-03-23
High VE,205,11.232091958098367,6.362475094618151,18.61246718554671,2026-03-24
High VE,206,10.996106454131748,6.211609665749737,18.396268255355178,2026-03-25
High VE,207,10.889335100828102,6.12950370774662,18.379161739134954,2026-03-26
High VE,208,10.83275833217303,6.067753945061938,18.38689907974108,2026-03-27
High VE,209,10.685771362607245,5.979811306529441,18.211848116330767,2026-03-28
High VE,210,10.139906798453469,5.676747974774661,17.353705288116366,2026-03-29
High VE,211,9.419379743479041,5.26712902946116,16.16003024959081,2026-03-30
High VE,212,8.941680237265428,5.009780167823719,15.499082194964453,2026-03-31
High VE,213,8.68464852123885,4.872426318843422,15.26177838141442,2026-04-01
High VE,214,8.516289731767657,4.801769827949243,15.182098786500104,2026-04-02
High VE,215,8.413837078670301,4.721246370172445,15.17396756200502,2026-04-03
High VE,216,8.260015581498795,4.638134066467153,15.08282587271328,2026-04-04
High VE,217,7.783877605617125,4.385387226805627,14.399258188116766,2026-04-05
High VE,218,7.1962023614108475,4.053398529832991,13.40986344559493,2026-04-06
High VE,219,6.845204161969768,3.854359872706605,12.848115805333876,2026-04-07
High VE,220,6.678851175262691,3.7625321803375655,12.588351846315623,2026-04-08
High VE,221,6.569322544669102,3.7174004800816194,12.47120773680729,2026-04-09
High VE,222,6.514358071524168,3.6880274399572093,12.403222998424146,2026-04-10
High VE,223,6.401222194539952,3.6345514350994628,12.24653597363245,2026-04-11
High VE,224,6.06677527582173,3.4446602439128253,11.623167462538527,2026-04-12
High VE,225,5.610715116855724,3.1900524204995886,10.777958153455721,2026-04-13
High VE,226,5.319567262375151,2.99633292137194,10.36435665875024,2026-04-14
High VE,227,5.156327295543868,2.857043940881868,10.209539616634075,2026-04-15
High VE,228,5.070598599241407,2.742382706714242,10.164586431197488,2026-04-16
High VE,229,4.969093187848573,2.6629397441974283,10.16320642237277,2026-04-17
High VE,230,4.807627896580577,2.544866605716947,9.88592162388686,2026-04-18
High VE,231,4.5076083383324725,2.3794286449413615,9.231594998485772,2026-04-19
High VE,232,4.152838157289462,2.1762100305022667,8.43111104130795,2026-04-20
High VE,233,3.856691859084779,2.007375385503712,7.797327356880012,2026-04-21
High VE,234,3.6138751432489307,1.865921414181515,7.311046806305603,2026-04-22
High VE,235,3.4053260784688133,1.7410547197069066,6.879147586036019,2026-04-23
High VE,236,3.218031651019971,1.6266205356848658,6.477748046469848,2026-04-24
High VE,237,3.0377679659078654,1.516941686681786,6.1410410370689785,2026-04-25
High VE,238,2.8128739734588994,1.3874948007110066,5.709455289958259,2026-04-26
High VE,239,2.5587313470486577,1.2573817891659425,5.251474210489065,2026-04-27
High VE,240,2.39250143270706,1.1740990216784861,4.995719208319631,2026-04-28
High VE,241,2.303204825858052,1.1270568859497796,4.886647258409488,2026-04-29
High VE,242,2.239305744993689,1.0999894816958347,4.8371907709609605,2026-04-30
High VE,243,2.2089998676456117,1.0737330155227922,4.811732180674731,2026-05-01
High VE,244,2.1665071750998437,1.0469769625650847,4.765919789602281,2026-05-02
High VE,245,2.0505080799672815,0.9842491834323617,4.538444956894988,2026-05-03
High VE,246,1.8917652564002405,0.8972737270445887,4.223419704037647,2026-05-04
High VE,247,1.7917012139072361,0.8346962470627802,4.037763951561057,2026-05-05
High VE,248,1.740678301722475,0.7899428597984959,3.951048192582812,2026-05-06
High VE,249,1.7031490247439844,0.7598351652168811,3.9052831779482817,2026-05-07
High VE,250,1.6738244857382916,0.7429651637995518,3.8818180099013517,2026-05-08
Infection protection only,1,0.06103246298091284,0.016976023222543993,0.2342231691336314,2025-09-01
Infection protection only,2,0.14895059616156853,0.041523738067137536,0.5672040743435705,2025-09-02
Infection protection only,3,0.19440237439701985,0.05455712886119083,0.7233912818949171,2025-09-03
Infection protection only,4,0.2256008844419581,0.06430496230641317,0.8166140383443421,2025-09-04
Infection protection only,5,0.25341764186269095,0.07346504665716774,0.885144204660566,2025-09-05
Infection protection only,6,0.279363363084726,0.08213066910843692,0.9331066508106125,2025-09-06
Infection protection only,7,0.2888370304404606,0.08605894496548293,0.9285903635130665,2025-09-07
Infection protection only,8,0.2888979151873458,0.08754728199188487,0.9080508152286142,2025-09-08
Infection protection only,9,0.302472916177204,0.09345412024964071,0.9335999919077275,2025-09-09
Infection protection only,10,0.32744786759038796,0.10287247607905264,0.9934292471981528,2025-09-10
Infection protection only,11,0.3604920101932445,0.1145839608821248,1.0704553119272167,2025-09-11
Infection protection only,12,0.39946928240419805,0.12775270744041622,1.149364914527269,2025-09-12
Infection protection only,13,0.4384111509075811,0.14097675388487277,1.228217729291355,2025-09-13
Infection protection only,14,0.45156251995616026,0.14652657117981907,1.251489599849998,2025-09-14
Infection protection only,15,0.4501844336677016,0.14856527298728708,1.2401553209122405,2025-09-15
Infection protection only,16,0.4664567601052242,0.1580812103458999,1.278866609621284,2025-09-16
Infection protection only,17,0.5053841068247135,0.1740893330775768,1.3610696644552165,2025-09-17
Infection protection only,18,0.556330694904762,0.19358897721038984,1.4775271581761513,2025-09-18
Infection protection only,19,0.6147747718712242,0.21636250280184238,1.599354268455972,2025-09-19
Infection protection only,20,0.6743083371362535,0.23954723493768737,1.7249585275467996,2025-09-20
Infection protection only,21,0.6979703870048747,0.2498128246035527,1.7646998975243997,2025-09-21
Infection protection only,22,0.7023183526401964,0.25324867869417983,1.7553692231231117,2025-09-22
Infection protection only,23,0.7356616869108796,0.2692753949712027,1.81732665628941,2025-09-23
Infection protection only,24,0.796696972738444,0.29677207221808466,1.9540417975162176,2025-09-24
Infection protection only,25,0.870943694710858,0.331318185999125,2.1195039896983707,2025-09-25
Infection protection only,26,0.9527782769173907,0.3713012147072659,2.3061393366900327,2025-09-26
Infection protection only,27,1.0322722043299548,0.411912393121731,2.4965826577144976,2025-09-27
Infection protection only,28,1.060806885195376,0.42905941948282544,2.560520030543739,2025-09-28
Infection protection only,29,1.0641205503695197,0.43021229962283797,2.5544424831642427,2025-09-29
Infection protection only,30,1.1118386950608279,0.4555655318728471,2.66407264108492,2025-09-30
Infection protection only,31,1.2042634782702062,0.5016547052120282,2.872793417868425,2025-10-01
Infection protection only,32,1.3262557224974683,0.5598829079746532,3.1382901604655693,2025-10-02
Infection protection only,33,1.4689700908958523,0.6232479925900123,3.439453349238435,2025-10-03
Infection protection only,34,1.6105879793198947,0.6918475219745928,3.71296680900664,2025-10-04
Infection protection only,35,1.6630336117931586,0.7225668302762421,3.7862650229855705,2025-10-05
Infection protection only,36,1.668367565900588,0.7333153288924549,3.7434338253236574,2025-10-06
Infection protection only,37,1.7440579583597522,0.7787412737845391,3.8448603924591453,2025-10-07
Infection protection only,38,1.8833673709496326,0.8517165768017885,4.072056853695036,2025-10-08
Infection protection only,39,2.059697876747652,0.9438044181540828,4.401889656667186,2025-10-09
Infection protection only,40,2.265191252558359,1.0554163073455862,4.805697327545487,2025-10-10
Infection protection only,41,2.47723658137571,1.1693684398439221,5.215457276940351,2025-10-11
Infection protection only,42,2.5472016208828303,1.2175060835724174,5.342692840403979,2025-10-12
Infection protection only,43,2.532272113323316,1.2251787204216082,5.289142547703572,2025-10-13
Infection protection only,44,2.5716992262218143,1.2586755271134071,5.339700231378569,2025-10-14
Infection protection only,45,2.7317489791533633,1.352018558195275,5.616933640997456,2025-10-15
Infection protection only,46,2.960330351861236,1.4833167582444933,6.043337178618941,2025-10-16
Infection protection only,47,3.2456784119065425,1.6492362138568566,6.576101211128112,2025-10-17
Infection protection only,48,3.5546874662542187,1.820429702642161,7.128546561335514,2025-10-18
Infection protection only,49,3.6704520995040752,1.8929408276966844,7.332985128608688,2025-10-19
Infection protection only,50,3.6819966942150315,1.9121337291566622,7.310746940283807,2025-10-20
Infection protection only,51,3.853643695404413,2.0256283475288615,7.582185946661957,2025-10-21
Infection protection only,52,4.126011446202244,2.2204009935938416,8.120911073126148,2025-10-22
Infection protection only,53,4.527156006494811,2.457029913265573,8.858605649855171,2025-10-23
Infection protection only,54,4.982357438444354,2.735921975152349,9.723134192681801,2025-10-24
Infection protection only,55,5.463541188355226,3.017431850886855,10.581495795771243,2025-10-25
Infection protection only,56,5.660761617368847,3.1358286566919835,10.868552143114385,2025-10-26
Infection protection only,57,5.682610887675349,3.168194864567537,10.848383074186492,2025-10-27
Infection protection only,58,5.942158489192322,3.3432746986086794,11.314883281544889,2025-10-28
Infection protection only,59,6.437221721295124,3.6472428287922214,12.182241788278185,2025-10-29
Infection protection only,60,7.053729685117452,4.034535852859699,13.250709179095402,2025-10-30
Infection protection only,61,7.7601775684536936,4.47353352524862,14.454578340282133,2025-10-31
Infection protection only,62,8.457014913948443,4.851658206973146,15.656332294265342,2025-11-01
Infection protection only,63,8.72760633066871,5.022043876528786,16.046880276163357,2025-11-02
Infection protection only,64,8.75581933359386,5.057014789731663,16.011603628045496,2025-11-03
Infection protection only,65,9.21457435703272,5.331931576141573,16.68518377019034,2025-11-04
Infection protection only,66,10.014541304111152,5.817200057614384,17.97438876660125,2025-11-05
Infection protection only,67,10.974708826477498,6.380380164498744,19.583953401195455,2025-11-06
Infection protection only,68,12.075625941060984,7.006734859797104,21.432420864226447,2025-11-07
Infection protection only,69,13.20056285560776,7.620307808907959,23.19857966211066,2025-11-08
Infection protection only,70,13.640692188951679,7.831167917818697,23.70958083654904,2025-11-09
Infection protection only,71,13.55476513953962,7.830209540655366,23.540798215696277,2025-11-10
Infection protection only,72,13.948730105038077,8.147176319578206,24.25155016131649,2025-11-11
Infection protection only,73,14.66248693456794,8.610827060302109,25.381983064140275,2025-11-12
Infection protection only,74,15.886950724359014,9.33853515769874,27.19487104914504,2025-11-13
Infection protection only,75,17.38695225266796,10.303628637870556,29.55980070359974,2025-11-14
Infection protection only,76,18.913274601673727,11.216137991403707,31.952570001605665,2025-11-15
Infection protection only,77,19.45601041465191,11.540887448366135,32.52315498410426,2025-11-16
Infection protection only,78,19.481525913615307,11.540994712432513,32.15313741320628,2025-11-17
Infection protection only,79,20.331761774961393,12.098710987503308,33.29176004736403,2025-11-18
Infection protection only,80,21.928521591232325,13.120115942919977,35.7252822534689,2025-11-19
Infection protection only,81,23.977356516036114,14.392425688593825,38.75681566274145,2025-11-20
Infection protection only,82,26.294602146146687,15.829945078469336,42.170289180141545,2025-11-21
Infection protection only,83,28.47133928964535,17.182182881392418,45.4033211209572,2025-11-22
Infection protection only,84,29.03729051678002,17.595004356218077,46.22814913515228,2025-11-23
Infection protection only,85,28.883979567409963,17.536310925690366,45.77712862685266,2025-11-24
Infection protection only,86,29.969273979934734,18.247563019714516,47.23356832755479,2025-11-25
Infection protection only,87,32.1035976505196,19.539690617004567,49.998545446708484,2025-11-26
Infection protection only,88,34.29549310141984,20.958045718861506,53.113223255010055,2025-11-27
Infection protection only,89,34.97984463055122,21.420137035189224,54.01468957784761,2025-11-28
Infection protection only,90,35.42888995541857,21.762819865974087,54.602564140851094,2025-11-29
Infection protection only,91,35.18532918651319,21.617455105886414,53.801158333863796,2025-11-30
Infection protection only,92,34.41419081358971,21.238526583804486,52.34340722004292,2025-12-01
Infection protection only,93,35.466461064901644,21.985421684173673,53.80276580778284,2025-12-02
Infection protection only,94,37.83874216459291,23.552777957060574,57.13838796178824,2025-12-03
Infection protection only,95,40.698265559500854,25.578507195860304,61.332979157448236,2025-12-04
Infection protection only,96,44.24609108659731,28.008312599874582,66.02306536143927,2025-12-05
Infection protection only,97,47.48279472664096,30.48212130282438,70.47419409307787,2025-12-06
Infection protection only,98,48.36364281106266,31.073599443591366,71.1815739282148,2025-12-07
Infection protection only,99,47.84730985775214,30.738083538319437,69.84380548442675,2025-12-08
Infection protection only,100,49.47211877271323,32.21437710879945,71.85501596310488,2025-12-09
Infection protection only,101,52.75755545939529,34.96791757799009,75.56655115093179,2025-12-10
Infection protection only,102,56.90760612394588,38.05138769528339,79.94090985222402,2025-12-11
Infection protection only,103,61.6644364751822,41.624386638617,84.81628527023017,2025-12-12
Infection protection only,104,66.15362980498793,44.80681187654232,89.55283692366962,2025-12-13
Infection protection only,105,66.81223864689994,45.666197077683115,90.71159992758506,2025-12-14
Infection protection only,106,65.52678356745109,45.40663602683926,88.9784577658818,2025-12-15
Infection protection only,107,66.92761218170727,47.044107429070756,90.46710881940885,2025-12-16
Infection protection only,108,70.42842594952882,50.03368317135718,95.17588225544257,2025-12-17
Infection protection only,109,74.88043970601751,53.453959103460875,100.83593865350008,2025-12-18
Infection protection only,110,79.56155679929475,57.09208152259913,107.29165531752517,2025-12-19
Infection protection only,111,83.81585874636733,60.25516483589134,112.97295775974881,2025-12-20
Infection protection only,112,83.72992851236893,60.473681055323695,112.47512595449794,2025-12-21
Infection protection only,113,81.36358358947466,58.92122731159435,109.21387878421045,2025-12-22
Infection protection only,114,80.17900458637443,58.35501321061785,107.85908624237656,2025-12-23
Infection protection only,115,79.62909092262365,58.2430758417528,107.74994294275217,2025-12-24
Infection protection only,116,79.5919488647852,58.04135374872392,107.56409467305231,2025-12-25
Infection protection only,117,77.95786330357355,56.80699949636346,104.87919466339542,2025-12-26
Infection protection only,118,76.18239864810738,55.96411998352986,102.18258949788611,2025-12-27
Infection protection only,119,73.3384349339041,54.151037119081096,98.2189110774557,2025-12-28
Infection protection only,120,69.55908653293028,51.59064144911808,92.9726349988215,2025-12-29
Infection protection only,121,67.33578361266612,50.115328446190986,89.45439708860603,2025-12-30
Infection protection only,122,66.43238038699121,49.1917655521938,88.17733146342906,2025-12-31
Infection protection only,123,65.64176128431336,48.381281298044726,86.60627525538678,2026-01-01
Infection protection only,124,63.99720343656932,46.77073567562807,83.657253881854,2026-01-02
Infection protection only,125,62.16754429030257,45.51789342262392,81.4087448863919,2026-01-03
Infection protection only,126,59.69552903227075,43.74431621104991,78.1057837361011,2026-01-04
Infection protection only,127,56.69658213322072,41.85791987786995,74.37805673553146,2026-01-05
Infection protection only,128,56.13798943546191,41.68715266125787,73.95714605159843,2026-01-06
Infection protection only,129,57.39365290083029,42.99079899901755,75.65237360935926,2026-01-07
Infection protection only,130,59.48360502111208,44.73503378659621,78.1395268115367,2026-01-08
Infection protection only,131,62.11439813651786,46.32371582679235,81.33833498302799,2026-01-09
Infection protection only,132,64.22359448096267,48.0815627542763,83.91571647522768,2026-01-10
Infection protection only,133,62.82678967856705,47.52968232994114,82.2555711064478,2026-01-11
Infection protection only,134,60.33628445612324,45.28051374256836,78.32614925132141,2026-01-12
Infection protection only,135,59.9160051185206,45.22338479068874,77.91559634336261,2026-01-13
Infection protection only,136,60.94062445545188,46.72755043682912,79.80761917012376,2026-01-14
Infection protection only,137,62.6117033636143,47.94702971176264,82.35083924903091,2026-01-15
Infection protection only,138,64.90950160388817,49.68416968825829,85.17082537072027,2026-01-16
Infection protection only,139,66.82490864120706,51.061559804298206,87.09253405371909,2026-01-17
Infection protection only,140,65.61932198051656,50.08570837278735,85.60929682832194,2026-01-18
Infection protection only,141,62.39643286085381,47.22679219503242,81.57833048666659,2026-01-19
Infection protection only,142,60.312019707499715,45.10809418687366,78.76979841715186,2026-01-20
Infection protection only,143,60.37232888722325,44.43857608127542,79.01083382305994,2026-01-21
Infection protection only,144,61.4814248070396,44.64227006991567,80.58520586696734,2026-01-22
Infection protection only,145,63.09980572111268,45.20336199151222,82.80719147136378,2026-01-23
Infection protection only,146,64.45504040310425,45.59751032217173,84.53619056841168,2026-01-24
Infection protection only,147,63.12262895514101,44.20027791166108,82.36155670614122,2026-01-25
Infection protection only,148,60.074309814850224,41.89318551957964,78.20524028656254,2026-01-26
Infection protection only,149,59.09214321615494,40.73507819532847,76.97207782807529,2026-01-27
Infection protection only,150,59.68198497602602,40.625259926575055,78.40285590862976,2026-01-28
Infection protection only,151,60.707255804960255,41.23324306971529,80.37840535772956,2026-01-29
Infection protection only,152,62.32393338298101,42.16915952194292,83.54889045721566,2026-01-30
Infection protection only,153,63.448446004233425,42.622431148789744,85.9188024219387,2026-01-31
Infection protection only,154,61.62028137280463,41.13761436469089,84.65742202017695,2026-02-01
Infection protection only,155,58.26218802066184,38.719076761231356,81.01211271943998,2026-02-02
Infection protection only,156,56.76565454168397,37.50052696178093,79.39870273280964,2026-02-03
Infection protection only,157,56.661054695090534,37.22974667403347,80.2985017205353,2026-02-04
Infection protection only,158,57.24692779056444,37.34726642000582,82.24558148567061,2026-02-05
Infection protection only,159,58.02974726579927,37.614679848076904,84.46048413945516,2026-02-06
Infection protection only,160,58.40564585713753,37.66708726276734,85.69818182440254,2026-02-07
Infection protection only,161,56.46407976729687,36.199414921605566,83.16860771164596,2026-02-08
Infection protection only,162,53.14565649732155,33.98360740772243,78.86467318038105,2026-02-09
Infection protection only,163,51.3350271052279,32.846790060530346,77.23976049415896,2026-02-10
Infection protection only,164,51.11928806980846,32.519295073524724,77.62004987487404,2026-02-11
Infection protection only,165,51.24749051941778,32.38974783668848,78.54223058184334,2026-02-12
Infection protection only,166,51.68078150500127,32.38992168873597,79.4580316886512,2026-02-13
Infection protection only,167,51.87395629787323,32.35651299403811,80.03839243431848,2026-02-14
Infection protection only,168,49.77186877901497,30.859545168332247,76.62811727941798,2026-02-15
Infection protection only,169,46.484069119773324,28.614537273387207,71.61377884047272,2026-02-16
Infection protection only,170,43.703712944209315,26.699664279095032,67.32266109944091,2026-02-17
Infection protection only,171,41.429847741715804,25.117094105115285,64.02600536674312,2026-02-18
Infection protection only,172,39.43168030479087,23.793508794776304,61.06927586901492,2026-02-19
Infection protection only,173,37.64695161003835,22.587988813617297,58.65285003932088,2026-02-20
Infection protection only,174,35.82234135061732,21.410403776485072,56.10705245726524,2026-02-21
Infection protection only,175,33.33988436100239,19.87317772129344,52.27634408102535,2026-02-22
Infection protection only,176,30.71822969394438,18.266357026902508,48.15837305224384,2026-02-23
Infection protection only,177,29.088020146445594,17.363376256380512,45.90954399318748,2026-02-24
Infection protection only,178,28.42859202058252,16.94424863345057,45.59675891599743,2026-02-25
Infection protection only,179,28.084042369071508,16.74429350251298,45.76519038731201,2026-02-26
Infection protection only,180,27.982843494880083,16.632686652329728,45.95035531995042,2026-02-27
Infection protection only,181,27.692577438342777,16.446080181740232,46.11665915513674,2026-02-28
Infection protection only,182,26.355253537780264,15.630878706263347,43.95036043611918,2026-03-01
Infection protection only,183,24.53052723474967,14.517829810288042,40.924034266415774,2026-03-02
Infection protection only,184,23.57163167954385,13.887265832070808,39.25944145958953,2026-03-03
Infection protection only,185,23.098057249268766,13.599696635029208,38.520081543686125,2026-03-04
Infection protection only,186,22.84912611323315,13.45493273466076,38.06981764733121,2026-03-05
Infection protection only,187,22.574140128811074,13.32610551210512,37.61875594630233,2026-03-06
Infection protection only,188,22.253730515623324,13.128184598764394,36.916324886739865,2026-03-07
Infection protection only,189,21.114025431239195,12.438333776321002,34.805718334234584,2026-03-08
Infection protection only,190,19.554906739794568,11.511095421153179,32.06066343497257,2026-03-09
Infection protection only,191,18.603744145225384,10.933016655350201,30.634896379634476,2026-03-10
Infection protection only,192,18.113588998842236,10.629689012866075,30.179038855189326,2026-03-11
Infection protection only,193,17.841085359731096,10.439015583475655,30.000074260527278,2026-03-12
Infection protection only,194,17.65923139034964,10.290658445136968,29.80318587639997,2026-03-13
Infection protection only,195,17.378853619964346,10.052649181457605,29.390194376812467,2026-03-14
Infection protection only,196,16.486793259602102,9.50840685441912,27.900348907374564,2026-03-15
Infection protection only,197,15.252204438397616,8.804546206961614,25.94628224254159,2026-03-16
Infection protection only,198,14.42923545560398,8.369212608119065,24.799494399141903,2026-03-17
Infection protection only,199,13.951357949524475,8.167636500763548,24.31347978534078,2026-03-18
Infection protection only,200,13.684287110312113,8.047893867245424,24.141828547860754,2026-03-19
Infection protection only,201,13.519752403806145,7.955921488904867,24.077414008378582,2026-03-20
Infection protection only,202,13.26490412777639,7.819203471447768,23.855593517377653,2026-03-21
Infection protection only,203,12.538755347538139,7.392852662304763,22.700672008856404,2026-03-22
Infection protection only,204,11.556453049716989,6.828381990830205,21.083914586166014,2026-03-23
Infection protection only,205,10.915158558242219,6.473092354845926,20.127702984178644,2026-03-24
Infection protection only,206,10.625739133808995,6.287682764316235,19.699763006399344,2026-03-25
Infection protection only,207,10.452757601109344,6.172730835062966,19.486012544383843,2026-03-26
Infection protection only,208,10.301026850996283,6.052434331144744,19.331897272662797,2026-03-27
Infection protection only,209,10.104199067038781,5.9091034181595745,18.98665359293466,2026-03-28
Infection protection only,210,9.556290375690168,5.551846039863655,18.0216646902333,2026-03-29
Infection protection only,211,8.835512880537642,5.129261004772624,16.781331136715522,2026-03-30
Infection protection only,212,8.361472190112098,4.847665324751608,16.0845902841968,2026-03-31
Infection protection only,213,8.053664496722249,4.631519521260305,15.793993559775986,2026-04-01
Infection protection only,214,7.813120666407812,4.520702353456682,15.635966823343898,2026-04-02
Infection protection only,215,7.65319327424424,4.414738592028116,15.53043288892983,2026-04-03
Infection protection only,216,7.46281452818668,4.285933940361311,15.309116053451087,2026-04-04
Infection protection only,217,7.024747472934931,4.015911038660238,14.491130500784525,2026-04-05
Infection protection only,218,6.450411181537161,3.6681087144966527,13.39258526655282,2026-04-06
Infection protection only,219,6.1162704969042165,3.435082377415272,12.742712546970788,2026-04-07
Infection protection only,220,5.9336735921352,3.2697371842364933,12.444526281568713,2026-04-08
Infection protection only,221,5.822253531191015,3.165151702150884,12.28982405125437,2026-04-09
Infection protection only,222,5.749365331105416,3.0913735174183863,12.110820536211111,2026-04-10
Infection protection only,223,5.588950481096362,3.0016656993534454,11.905184026822022,2026-04-11
Infection protection only,224,5.2690378992635605,2.810221345504764,11.3139859853322,2026-04-12
Infection protection only,225,4.852111593290971,2.571791008251989,10.503829363394734,2026-04-13
Infection protection only,226,4.5742155921429175,2.4043626745655806,9.960227653952458,2026-04-14
Infection protection only,227,4.384822852801987,2.26951310998877,9.636228068045616,2026-04-15
Infection protection only,228,4.2601129229106345,2.1514614252932116,9.406645264116369,2026-04-16
Infection protection only,229,4.132833664937242,2.0889057243952847,9.216218021054814,2026-04-17
Infection protection only,230,4.019567597809891,2.0218291451264934,8.991860471063587,2026-04-18
Infection protection only,231,3.7793809653065913,1.8759421248248023,8.462935588515457,2026-04-19
Infection protection only,232,3.4501322336654203,1.693703466850416,7.792497861873394,2026-04-20
Infection protection only,233,3.174354068204778,1.545199742621574,7.2382981054097915,2026-04-21
Infection protection only,234,2.9814994551781746,1.4271151748982516,6.795672638747036,2026-04-22
Infection protection only,235,2.78625538316804,1.3227311055355038,6.408570647299823,2026-04-23
Infection protection only,236,2.609201787618489,1.2286759748527176,6.055047788517843,2026-04-24
Infection protection only,237,2.43985301864881,1.1408073016471856,5.707331444236376,2026-04-25
Infection protection only,238,2.233520567882046,1.044013712475583,5.266680913091244,2026-04-26
Infection protection only,239,2.030072586775958,0.9483826871593973,4.807480426083301,2026-04-27
Infection protection only,240,1.910583652366924,0.8858830715439626,4.531998309045411,2026-04-28
Infection protection only,241,1.837027505301683,0.8447430676071769,4.3895327469472925,2026-04-29
Infection protection only,242,1.7735190436263237,0.8124323098994546,4.302948209130874,2026-04-30
Infection protection only,243,1.7401053839030993,0.7833474715220593,4.239871989634055,2026-05-01
Infection protection only,244,1.686135730810191,0.7532795629919302,4.160752204272142,2026-05-02
Infection protection only,245,1.5838565404191622,0.7003013441237218,3.9318485526439946,2026-05-03
Infection protection only,246,1.4587616895767141,0.6394523048879334,3.6325321027102366,2026-05-04
Infection protection only,247,1.378757779377378,0.5913458730543565,3.4432555098775706,2026-05-05
Infection protection only,248,1.323787446988041,0.5613285947459852,3.339665610204147,2026-05-06
Infection protection only,249,1.2874771324364955,0.5422174683181273,3.272554057784887,2026-05-07
Infection protection only,250,1.2572095543708697,0.5242321922602752,3.221256555511821,2026-05-08
Low VE,1,0.06103246298091284,0.016976023222543993,0.2342231691336314,2025-09-01
Low VE,2,0.14895059616156853,0.041523738067137536,0.5672040743435705,2025-09-02
Low VE,3,0.19440237439701985,0.05455712886119083,0.7233912818949171,2025-09-03
Low VE,4,0.2256008844419581,0.06430496230641317,0.8166140383443421,2025-09-04
Low VE,5,0.25341764186269095,0.07346504665716774,0.885144204660566,2025-09-05
Low VE,6,0.279363363084726,0.08213066910843692,0.9331066508106125,2025-09-06
Low VE,7,0.2888370304404606,0.08605894496548293,0.9285903635130665,2025-09-07
Low VE,8,0.2888979151873458,0.08754728199188487,0.9080508152286142,2025-09-08
Low VE,9,0.302472916177204,0.09345412024964071,0.9335999919077275,2025-09-09
Low VE,10,0.32744786759038796,0.10287247607905264,0.9934292471981528,2025-09-10
Low VE,11,0.3604920101932445,0.1145839608821248,1.0704553119272167,2025-09-11
Low VE,12,0.39946928240419805,0.12775270744041622,1.149364914527269,2025-09-12
Low VE,13,0.4384111509075811,0.14097675388487277,1.228217729291355,2025-09-13
Low VE,14,0.45156251995616026,0.14652657117981907,1.251489599849998,2025-09-14
Low VE,15,0.4501844336677016,0.14856527298728708,1.2401553209122405,2025-09-15
Low VE,16,0.4664567601052242,0.1580812103458999,1.278866609621284,2025-09-16
Low VE,17,0.5053841068247135,0.1740893330775768,1.3610696644552165,2025-09-17
Low VE,18,0.556330694904762,0.19358897721038984,1.4775271581761513,2025-09-18
Low VE,19,0.6147747718712242,0.21636250280184238,1.599354268455972,2025-09-19
Low VE,20,0.6743080572277167,0.2395471320332092,1.7249578478954204,2025-09-20
Low VE,21,0.6979671027777469,0.24981161399568586,1.7646919588848173,2025-09-21
Low VE,22,0.7023069204939443,0.25324438288131024,1.7553415897229707,2025-09-22
Low VE,23,0.7356322962234826,0.2692643876670149,1.8172557068766355,2025-09-23
Low VE,24,0.7966451433160615,0.2967523618268816,1.9539155892304785,2025-09-24
Low VE,25,0.8708720799331766,0.3312908500813861,2.1193289594687683,2025-09-25
Low VE,26,0.9526948707022815,0.3712702750579843,2.305935318377911,2025-09-26
Low VE,27,1.032192536542194,0.41188470555244133,2.496390019812145,2025-09-27
Low VE,28,1.0607487287885435,0.42903672111921,2.5603721882738903,2025-09-28
Low VE,29,1.064099744792636,0.4302032486560058,2.5543714405238362,2025-09-29
Low VE,30,1.1118684840428863,0.45559058381336653,2.664142794758808,2025-09-30
Low VE,31,1.2044050803949011,0.5017291940717161,2.87309940589708,2025-10-01
Low VE,32,1.326561244148156,0.560034064614591,3.1389638079781386,2025-10-02
Low VE,33,1.4695197618668008,0.6235135259518955,3.4405403664421117,2025-10-03
Low VE,34,1.6114564767335464,0.6922636475939203,3.714707557876706,2025-10-04
Low VE,35,1.6641777004823173,0.7231154120978993,3.788564534787462,2025-10-05
Low VE,36,1.6697732719477676,0.7339939403632249,3.746176543910668,2025-10-06
Low VE,37,1.7458195185812753,0.7796108683981902,3.84843074589231,2025-10-07
Low VE,38,1.8857309866598775,0.8528991809602203,4.0770069793784165,2025-10-08
Low VE,39,2.0630068085426165,0.9454098004569588,4.408489378449371,2025-10-09
Low VE,40,2.2693741354026926,1.0576174551002009,4.8146043857596,2025-10-10
Low VE,41,2.482868183005606,1.1722256226198673,5.226970034570105,2025-10-11
Low VE,42,2.553379735258452,1.2209081520084364,5.356094134275097,2025-10-12
Low VE,43,2.53922006054348,1.2289371750418328,5.3039219065114835,2025-10-13
Low VE,44,2.579961272807841,1.2630088627625522,5.356457923786999,2025-10-14
Low VE,45,2.7418739008897797,1.3573132253926292,5.636803593800795,2025-10-15
Low VE,46,2.9721983345810314,1.4896215939776296,6.067776761146179,2025-10-16
Low VE,47,3.261000717483178,1.6577400641936704,6.606578764141188,2025-10-17
Low VE,48,3.575053528561516,1.8311072854317414,7.168304337112017,2025-10-18
Low VE,49,3.693154156782976,1.9052512452296697,7.3770128063802165,2025-10-19
Low VE,50,3.707065760540416,1.9258806164893434,7.359285768044507,2025-10-20
Low VE,51,3.882622220798438,2.0423566598227003,7.638615202223185,2025-10-21
Low VE,52,4.161160665320397,2.240471123884366,8.189923605849915,2025-10-22
Low VE,53,4.573416959586114,2.4829893447140874,8.946542268849724,2025-10-23
Low VE,54,5.040991041771978,2.768542349767075,9.832132139234792,2025-10-24
Low VE,55,5.534553558246934,3.05758460871416,10.713987421593012,2025-10-25
Low VE,56,5.740855840320957,3.1812170234582884,11.014358572336336,2025-10-26
Low VE,57,5.764444187307281,3.217755102733394,11.005794953439436,2025-10-27
Low VE,58,6.0365971822341695,3.3998280762880237,11.495297308243728,2025-10-28
Low VE,59,6.5541401862018684,3.715224054880169,12.396218486425452,2025-10-29
Low VE,60,7.19074428489634,4.119012777894436,13.505948410646507,2025-10-30
Low VE,61,7.93422356589153,4.569310562150391,14.762045528715976,2025-10-31
Low VE,62,8.66042130430123,4.9697428690370336,16.017120543881592,2025-11-01
Low VE,63,8.949703136806562,5.152229705936636,16.440521537154062,2025-11-02
Low VE,64,8.987700076380932,5.196058058626263,16.427890727603753,2025-11-03
Low VE,65,9.484403911857338,5.489474151459043,17.15069819872235,2025-11-04
Low VE,66,10.324804814624763,6.0025342084157325,18.514326157024485,2025-11-05
Low VE,67,11.333459983938047,6.591413081387218,20.21589251957262,2025-11-06
Low VE,68,12.504231907170883,7.255657155375069,22.173462160328075,2025-11-07
Low VE,69,13.712914467831034,7.909543264192163,24.05052983861064,2025-11-08
Low VE,70,14.180120331422561,8.14886080734116,24.62482395628602,2025-11-09
Low VE,71,14.115665789421614,8.163472766731845,24.49256996926267,2025-11-10
Low VE,72,14.552847917591489,8.518757945700209,25.28792799862645,2025-11-11
Low VE,73,15.37246885232722,9.026906896755268,26.55600763366619,2025-11-12
Low VE,74,16.68212587744013,9.82432973015853,28.52742099367139,2025-11-13
Low VE,75,18.309591349208542,10.851027616925972,31.093833130173234,2025-11-14
Low VE,76,19.956598161996297,11.847154123193544,33.69319050227292,2025-11-15
Low VE,77,20.62233594336085,12.219932128566107,34.31981357918615,2025-11-16
Low VE,78,20.65739754802148,12.24880016804845,33.99897931482593,2025-11-17
Low VE,79,21.62028091527367,12.879723729174247,35.3396538601625,2025-11-18
Low VE,80,23.38882639968118,14.014337071135149,38.05392828930468,2025-11-19
Low VE,81,25.663348156082076,15.427541335889183,41.408156592441,2025-11-20
Low VE,82,28.258416888977646,17.03023280167263,45.195052368940715,2025-11-21
Low VE,83,30.650844643112293,18.55122908065793,48.8084288639391,2025-11-22
Low VE,84,31.388035783280944,19.05398298564415,49.82178970139468,2025-11-23
Low VE,85,31.29399448344133,19.04795260342987,49.445508813241126,2025-11-24
Low VE,86,32.63802702354684,19.899560895973178,51.14267502050606,2025-11-25
Low VE,87,35.022410122565404,21.41655048867342,54.3497775209342,2025-11-26
Low VE,88,37.655102023794285,23.062877039096133,57.95501622619494,2025-11-27
Low VE,89,38.49942501229789,23.647497594030387,59.26945169876732,2025-11-28
Low VE,90,39.19819000921568,24.120312615281314,60.20499593313187,2025-11-29
Low VE,91,39.02064390580186,24.047082379679253,59.33567082547748,2025-11-30
Low VE,92,38.290939103451024,23.71281925596779,57.98806833660175,2025-12-01
Low VE,93,39.61693850144641,24.66168978272622,59.86097092601888,2025-12-02
Low VE,94,42.321752564735704,26.55902144527276,63.82214255529986,2025-12-03
Low VE,95,45.71887920803407,28.98899464536827,68.6686953158682,2025-12-04
Low VE,96,49.88748848444523,31.87559039448562,74.190481818839,2025-12-05
Low VE,97,53.9668127717289,34.78543101056208,79.26599824855612,2025-12-06
Low VE,98,55.062645025618636,35.59632220878495,80.18123661100446,2025-12-07
Low VE,99,54.733878693218806,35.51425040547595,79.26051474216797,2025-12-08
Low VE,100,56.853323881856355,37.535231653284995,81.17459892933391,2025-12-09
Low VE,101,60.865423816490335,40.7708586939304,85.4275554805971,2025-12-10
Low VE,102,65.87437874644394,44.558806353053306,90.80435971172325,2025-12-11
Low VE,103,71.73592912084288,48.91364728275391,96.63852258919684,2025-12-12
Low VE,104,76.74758390203374,52.880452603501006,103.59710409404734,2025-12-13
Low VE,105,77.67233759166197,54.080925377811056,104.65438838654502,2025-12-14
Low VE,106,76.18980211936469,53.72440899189133,102.47744843980064,2025-12-15
Low VE,107,78.10175790526499,55.82707010359249,105.1020028719039,2025-12-16
Low VE,108,82.35738760948603,59.416500788961564,110.69175855407238,2025-12-17
Low VE,109,87.94602113899495,63.68428232392056,117.8151252980379,2025-12-18
Low VE,110,93.7133604167814,68.22060958522823,124.78799383287667,2025-12-19
Low VE,111,98.95965994267691,72.18764389849116,131.41690959874194,2025-12-20
Low VE,112,99.33352560328018,72.59456843234139,131.5591267185265,2025-12-21
Low VE,113,96.54731713130604,70.8980382681778,128.17577312652548,2025-12-22
Low VE,114,94.78702170522175,70.10206522278189,126.29315735024338,2025-12-23
Low VE,115,94.8135052297012,70.47622793188279,125.83185114662973,2025-12-24
Low VE,116,94.35563404084294,70.49764703214063,125.41995595777578,2025-12-25
Low VE,117,92.20079626720627,69.0470327009815,121.37093285645477,2025-12-26
Low VE,118,90.1823939379153,67.96301191713393,118.424651551837,2025-12-27
Low VE,119,86.72228775653892,65.6241629201886,113.38716903410184,2025-12-28
Low VE,120,82.42650505586107,62.406181732797,106.56425743083224,2025-12-29
Low VE,121,79.79132378215138,60.223512163460015,102.90425080977852,2025-12-30
Low VE,122,78.36084318906777,59.35772018783681,101.41149227813463,2025-12-31
Low VE,123,77.58694257297435,58.817162005389555,99.82143770568612,2026-01-01
Low VE,124,75.41281046960398,57.279171971976474,96.93125142495026,2026-01-02
Low VE,125,72.97283943501776,55.9008021452538,94.41167123831977,2026-01-03
Low VE,126,69.38398961837783,53.838023249842195,90.14884024126577,2026-01-04
Low VE,127,66.12270582803689,51.24941002014641,85.11175579714005,2026-01-05
Low VE,128,65.75237045631508,51.20179359894523,84.21872715566924,2026-01-06
Low VE,129,67.02964874476467,51.87227343884901,85.18563536366408,2026-01-07
Low VE,130,69.33022328418713,53.65614873072591,88.0172854530201,2026-01-08
Low VE,131,72.16459054496895,56.372250567540526,91.3901606723203,2026-01-09
Low VE,132,74.30375955991346,58.722530010307025,94.1827121687048,2026-01-10
Low VE,133,72.7523110625043,57.6346503835045,93.32055309478807,2026-01-11
Low VE,134,69.59583463528173,54.86594658354297,89.39965953195775,2026-01-12
Low VE,135,68.85806754434996,54.15077202137593,88.20515470302992,2026-01-13
Low VE,136,70.0537433236153,54.750195595732,89.36059486587224,2026-01-14
Low VE,137,71.87359137251009,55.12577711414247,91.74995111662642,2026-01-15
Low VE,138,73.9465590364838,55.77155192198273,94.7564996573019,2026-01-16
Low VE,139,75.88528953163468,56.1737530668224,97.33187693096335,2026-01-17
Low VE,140,74.12575427004315,54.22863567934254,95.22702183631749,2026-01-18
Low VE,141,70.30369442995757,51.284342297556655,90.2287953537888,2026-01-19
Low VE,142,67.30525125236059,48.97620498482469,86.66930272506518,2026-01-20
Low VE,143,67.1412918559765,48.42967022349391,86.18531010493112,2026-01-21
Low VE,144,67.85052258685258,48.44634060029056,87.31934314076338,2026-01-22
Low VE,145,69.063271371072,48.7473938092275,88.96640687206664,2026-01-23
Low VE,146,69.94893969959773,48.85706033202026,91.22767913790953,2026-01-24
Low VE,147,67.90725194788335,47.035669630414496,89.5902731732083,2026-01-25
Low VE,148,64.26978903572558,44.21864814444506,85.18688315628954,2026-01-26
Low VE,149,62.727305351029536,42.82544865488541,83.85703494309232,2026-01-27
Low VE,150,62.68177329937872,42.600480080985314,85.29804769734837,2026-01-28
Low VE,151,63.36214593669682,42.85616988800843,87.13904493310268,2026-01-29
Low VE,152,64.49753664490065,43.3020739393513,89.73316035162588,2026-01-30
Low VE,153,64.883369676559,43.50164821122742,91.8740097498671,2026-01-31
Low VE,154,62.664420060512754,41.744564217686325,89.79661464666341,2026-02-01
Low VE,155,59.191001438662546,39.14911262856153,85.4371253139616,2026-02-02
Low VE,156,57.348010806154306,37.633514070116185,83.64302151073437,2026-02-03
Low VE,157,56.8336753504871,37.06089783518754,83.88929965142418,2026-02-04
Low VE,158,57.316620005136315,36.6623053280873,85.06683154845578,2026-02-05
Low VE,159,57.74079824945405,36.57005442353103,86.50140726922064,2026-02-06
Low VE,160,57.795376146843466,36.24079643059702,87.46803693058258,2026-02-07
Low VE,161,55.392715257135045,34.57652162497928,84.21870435444431,2026-02-08
Low VE,162,51.963910704580236,32.29174953169874,79.41385733658754,2026-02-09
Low VE,163,50.013744431287876,31.02313916990658,77.74010841129325,2026-02-10
Low VE,164,49.33200327763687,30.414742346620674,77.57140274296296,2026-02-11
Low VE,165,48.822251393826555,30.064023581310398,77.58029220043613,2026-02-12
Low VE,166,48.655007875203665,29.838775414008275,78.59249226853582,2026-02-13
Low VE,167,48.13156259101691,29.462116179236077,78.927158320301,2026-02-14
Low VE,168,45.91534975444236,27.997288717586205,75.64225650909653,2026-02-15
Low VE,169,42.49853364078126,25.89910146529261,70.59416310449683,2026-02-16
Low VE,170,39.660069556051404,24.158809278221515,66.14421642217492,2026-02-17
Low VE,171,37.469614728616314,22.740733073260238,62.49719201686045,2026-02-18
Low VE,172,35.49084056602816,21.45246589598486,59.23473319298655,2026-02-19
Low VE,173,33.63161588918551,20.278066904697457,56.152651296582356,2026-02-20
Low VE,174,31.754738565874153,19.111368000417595,52.996206551006544,2026-02-21
Low VE,175,29.35348536603201,17.630728886040778,48.922393858999115,2026-02-22
Low VE,176,26.854323100429724,16.09868421280294,44.69782652165851,2026-02-23
Low VE,177,25.43164119876311,15.187866446123381,42.21969568790029,2026-02-24
Low VE,178,24.793409423348955,14.730753716401814,41.19969180956377,2026-02-25
Low VE,179,24.396097203585065,14.460159158564506,40.52241491234121,2026-02-26
Low VE,180,24.11690244048517,14.265652880303008,39.85020957972227,2026-02-27
Low VE,181,23.773056077166654,14.01139781382094,39.51415104264837,2026-02-28
Low VE,182,22.53480045009841,13.183463071020565,37.55742337661957,2026-03-01
Low VE,183,20.819037134976675,12.133124442139708,35.05444677520771,2026-03-02
Low VE,184,19.76764413562214,11.503532974835675,33.60254085323417,2026-03-03
Low VE,185,19.27543420259296,11.185224170224783,32.84339391018503,2026-03-04
Low VE,186,18.91735553571369,11.014194120880683,32.335189007499324,2026-03-05
Low VE,187,18.60013547711545,10.890161491672684,31.928074527298538,2026-03-06
Low VE,188,18.199494382309002,10.669394063713515,31.34037674680997,2026-03-07
Low VE,189,17.145448490707064,10.048804680130008,29.590301566604232,2026-03-08
Low VE,190,15.73796447270803,9.228441599769047,27.28094110479828,2026-03-09
Low VE,191,14.8717003369246,8.715776723712612,25.939637794038212,2026-03-10
Low VE,192,14.364046268306836,8.412416136096493,25.327702256559498,2026-03-11
Low VE,193,13.975354666604682,8.202539211172795,24.91723457769356,2026-03-12
Low VE,194,13.69698197092531,8.043983837199253,24.631540621180704,2026-03-13
Low VE,195,13.356518461539043,7.850693032521028,24.256552752444442,2026-03-14
Low VE,196,12.582568647435462,7.353638910011084,22.988161584490467,2026-03-15
Low VE,197,11.573316921497259,6.739705512681813,21.283018562579784,2026-03-16
Low VE,198,10.89919637781331,6.320352621060025,20.196823314888746,2026-03-17
Low VE,199,10.514789148638116,6.094098326303615,19.65964077757663,2026-03-18
Low VE,200,10.282425629425788,5.950146949085828,19.409586202619977,2026-03-19
Low VE,201,10.103022026233411,5.837244277049784,19.31656423754333,2026-03-20
Low VE,202,9.85719586541326,5.695703133947108,19.112026502401633,2026-03-21
Low VE,203,9.258448232879402,5.355082120556585,18.167739342076626,2026-03-22
Low VE,204,8.512085524303497,4.894087212435731,16.863093795103712,2026-03-23
Low VE,205,8.02504506455135,4.568496070206378,16.079436597014023,2026-03-24
Low VE,206,7.743763974877483,4.365784923215274,15.71876090552644,2026-03-25
Low VE,207,7.540973188933016,4.215145632299325,15.529911089320949,2026-03-26
Low VE,208,7.358645931517515,4.079470507618979,15.393120421444031,2026-03-27
Low VE,209,7.17403756665634,3.9526174217764285,15.186270424698789,2026-03-28
Low VE,210,6.73490545581323,3.706630376647173,14.425922584856071,2026-03-29
Low VE,211,6.18698793962664,3.40148820319789,13.391604700406562,2026-03-30
Low VE,212,5.8225639484986225,3.186468954783639,12.729508425552876,2026-03-31
Low VE,213,5.564611826647114,3.050380983226533,12.191967332826364,2026-04-01
Low VE,214,5.398554147967959,2.9385528421264286,11.67618220791389,2026-04-02
Low VE,215,5.265225097053426,2.8321946097456974,11.507637276468744,2026-04-03
Low VE,216,5.1439053304670495,2.7222007182226875,11.286025838243976,2026-04-04
Low VE,217,4.82134193102787,2.530642927660487,10.6563151873481,2026-04-05
Low VE,218,4.428063283327772,2.2914042012104607,9.82447729952139,2026-04-06
Low VE,219,4.169566662480977,2.1327045933561144,9.301889140725832,2026-04-07
Low VE,220,4.015716353020898,2.0365527501003693,9.025728031681101,2026-04-08
Low VE,221,3.9146069824025727,1.968875177237282,8.858288907537782,2026-04-09
Low VE,222,3.822702301647216,1.9132449971279193,8.731360949844419,2026-04-10
Low VE,223,3.7208928921726923,1.8486979328646298,8.556432800220367,2026-04-11
Low VE,224,3.4835026140044136,1.7177375076283596,8.072683394618211,2026-04-12
Low VE,225,3.1805582709294287,1.555851235559197,7.444655161488604,2026-04-13
Low VE,226,2.9700400249830037,1.4521159241437842,7.031923271413802,2026-04-14
Low VE,227,2.851230461515174,1.3913630104769028,6.789686180046993,2026-04-15
Low VE,228,2.75554734173925,1.3321145910045828,6.620643887671201,2026-04-16
Low VE,229,2.6820736879944533,1.288087862278639,6.483220644552168,2026-04-17
Low VE,230,2.580708694028819,1.219873631406272,6.303373708134069,2026-04-18
Low VE,231,2.397944698825567,1.1203244466982138,5.901193227147989,2026-04-19
Low VE,232,2.1731811203182785,1.0079151054073772,5.396192827018478,2026-04-20
Low VE,233,1.9913061221005144,0.915914489730331,4.981240983345191,2026-04-21
Low VE,234,1.8455268238951255,0.842446169073852,4.651594123957202,2026-04-22
Low VE,235,1.719259212789793,0.7786045481770735,4.3613070064054575,2026-04-23
Low VE,236,1.6066795696948089,0.7208837456582708,4.095204528407204,2026-04-24
Low VE,237,1.4961387168773372,0.6697886933353857,3.837571005266471,2026-04-25
Low VE,238,1.3658281800180283,0.6102886843237143,3.523279548881248,2026-04-26
Low VE,239,1.2340700901417025,0.5505120385168438,3.205238617221534,2026-04-27
Low VE,240,1.153691595090046,0.5085574737248173,3.0282979694883676,2026-04-28
Low VE,241,1.102422525393281,0.4773120484160233,2.940547452420864,2026-04-29
Low VE,242,1.0672560036358711,0.4526639439983143,2.890351544440186,2026-04-30
Low VE,243,1.0388049030914537,0.4307541686378974,2.851238424111086,2026-05-01
Low VE,244,1.0074209042245106,0.41252305146182666,2.7926672401949224,2026-05-02
Low VE,245,0.942726537111505,0.38263685186961205,2.634875142904125,2026-05-03
Low VE,246,0.8630592910425009,0.34758956712622313,2.428243901523078,2026-05-04
Low VE,247,0.8092891334469721,0.32276685281275663,2.2900804986593686,2026-05-05
Low VE,248,0.7735744645403797,0.3056731681372049,2.2080516335578193,2026-05-06
Low VE,249,0.7522895405918966,0.2921021157902585,2.1402272902701025,2026-05-07
Low VE,250,0.7323936845547562,0.28083177387617525,2.0841261079304543,2026-05-08
baseline,1,0.06103246298091284,0.016976023222543993,0.2342231691336314,2025-09-01
baseline,2,0.14895059616156853,0.041523738067137536,0.5672040743435705,2025-09-02
baseline,3,0.19440237439701985,0.05455712886119083,0.7233912818949171,2025-09-03
baseline,4,0.2256008844419581,0.06430496230641317,0.8166140383443421,2025-09-04
baseline,5,0.25341764186269095,0.07346504665716774,0.885144204660566,2025-09-05
baseline,6,0.279363363084726,0.08213066910843692,0.9331066508106125,2025-09-06
baseline,7,0.2888370304404606,0.08605894496548293,0.9285903635130665,2025-09-07
baseline,8,0.2888979151873458,0.08754728199188487,0.9080508152286142,2025-09-08
baseline,9,0.302472916177204,0.09345412024964071,0.9335999919077275,2025-09-09
baseline,10,0.32744786759038796,0.10287247607905264,0.9934292471981528,2025-09-10
baseline,11,0.3604920101932445,0.1145839608821248,1.0704553119272167,2025-09-11
baseline,12,0.39946928240419805,0.12775270744041622,1.149364914527269,2025-09-12
baseline,13,0.4384111509075811,0.14097675388487277,1.228217729291355,2025-09-13
baseline,14,0.45156251995616026,0.14652657117981907,1.251489599849998,2025-09-14
baseline,15,0.4501844336677016,0.14856527298728708,1.2401553209122405,2025-09-15
baseline,16,0.4664567601052242,0.1580812103458999,1.278866609621284,2025-09-16
baseline,17,0.5053841068247135,0.1740893330775768,1.3610696644552165,2025-09-17
baseline,18,0.556330694904762,0.19358897721038984,1.4775271581761513,2025-09-18
baseline,19,0.6147747718712242,0.21636250280184238,1.599354268455972,2025-09-19
baseline,20,0.6743074680890209,0.23954691542622417,1.7249564175773882,2025-09-20
baseline,21,0.6979599923407525,0.24980899013080013,1.7646747991772482,2025-09-21
baseline,22,0.7022804447610009,0.25323437973753754,1.7552778641604843,2025-09-22
baseline,23,0.7355551365349335,0.2692352356806447,1.8170710784722632,2025-09-23
baseline,24,0.7964830481380902,0.2966890001861526,1.9535248390200541,2025-09-24
baseline,25,0.870594257188492,0.3311760836298083,2.1186505181292348,2025-09-25
baseline,26,0.9522395735333824,0.3710822493166681,2.3048452362147502,2025-09-26
baseline,27,1.0315248611859702,0.4116029724776653,2.49477102168578,2025-09-27
baseline,28,1.0598891531455876,0.4286870775919234,2.558316786467386,2025-09-28
baseline,29,1.0630429862622377,0.4297779957277206,2.5518850844781347,2025-09-29
baseline,30,1.1105074363720027,0.4550060274734691,2.660883004902795,2025-09-30
baseline,31,1.2025407058100583,0.500924376902863,2.8687126934248592,2025-10-01
baseline,32,1.3240548846705074,0.5589402124520189,3.133119542268194,2025-10-02
baseline,33,1.4662001970863596,0.622057866740138,3.4330731073111256,2025-10-03
baseline,34,1.6072079818758778,0.6903794755279686,3.7052840270068987,2025-10-04
baseline,35,1.6592492568421293,0.7209049088413438,3.7777561291426025,2025-10-05
baseline,36,1.6642545859036655,0.7314872093434132,3.734342119896892,2025-10-06
baseline,37,1.7393072518490351,0.7765920057323097,3.834498676800909,2025-10-07
baseline,38,1.8776508444356257,0.8490935076603947,4.059744908452383,2025-10-08
baseline,39,2.052727942417053,0.9405850723193546,4.387136621253283,2025-10-09
baseline,40,2.2568266593620274,1.0514563246470174,4.787945542481145,2025-10-10
baseline,41,2.467241409144323,1.1646122004800137,5.194508538928214,2025-10-11
baseline,42,2.536265048749777,1.2121969701826154,5.319697292517597,2025-10-12
baseline,43,2.5205576048783405,1.2194273258954214,5.264634500751931,2025-10-13
baseline,44,2.558498724332471,1.2521433713577355,5.312387048094358,2025-10-14
baseline,45,2.715899915860358,1.344099293705243,5.584599929211902,2025-10-15
baseline,46,2.941155640501284,1.4736136774211965,6.004128785781963,2025-10-16
baseline,47,3.2220532659024035,1.6370696584476052,6.528416487106768,2025-10-17
baseline,48,3.5259426321064646,1.8056583433472964,7.0710836966484205,2025-10-18
baseline,49,3.638751318131601,1.8764855485029173,7.269853477665532,2025-10-19
baseline,50,3.648251132077088,1.8944859322507819,7.243913173648114,2025-10-20
baseline,51,3.815937503932015,2.005557897377553,7.508049726082416,2025-10-21
baseline,52,4.082873374897788,2.197005694403086,8.03592537169225,2025-10-22
baseline,53,4.476393340314473,2.4294245518002406,8.759736751020181,2025-10-23
baseline,54,4.9233705386683,2.703504202057175,9.608595670711452,2025-10-24
baseline,55,5.395882234064457,2.9799911671171944,10.450861853240426,2025-10-25
baseline,56,5.588110570955607,3.0955182156175773,10.729643632409088,2025-10-26
baseline,57,5.607307173088377,3.126046304193464,10.704829609253501,2025-10-27
baseline,58,5.859962518815405,3.296829781574786,11.158290733213208,2025-10-28
baseline,59,6.3435996317306,3.5941006176801107,12.005400633695025,2025-10-29
baseline,60,6.9465124514455034,3.972872033971717,13.049361784722915,2025-10-30
baseline,61,7.6365164328259425,4.402585807910994,14.225075219771167,2025-10-31
baseline,62,8.317164379590093,4.771334043095517,15.397846744398358,2025-11-01
baseline,63,8.578742287312764,4.936305818833728,15.773611663405827,2025-11-02
baseline,64,8.602211836305301,4.968022526783465,15.730513309542665,2025-11-03
baseline,65,9.045814877107514,5.234283981865305,16.38038529961654,2025-11-04
baseline,66,9.823415543080717,5.705991999550793,17.631619493023962,2025-11-05
baseline,67,10.756687728281314,6.253653248726778,19.194665572731566,2025-11-06
baseline,68,11.82584019519819,6.8619874534013166,20.989289062620614,2025-11-07
baseline,69,12.917212482926683,7.457162363651887,22.701730695882294,2025-11-08
baseline,70,13.339930860790508,7.658542928247965,23.18728385730699,2025-11-09
baseline,71,13.247890425178461,7.652808437377945,23.007785423216,2025-11-10
baseline,72,13.6221628161722,7.955749792026876,23.682711423753656,2025-11-11
baseline,73,14.305159689177081,8.401001973203401,24.763883741947947,2025-11-12
baseline,74,15.484923303696796,9.10181868775355,26.50694520828155,2025-11-13
baseline,75,16.92924933536939,10.033258951494561,28.783509582506586,2025-11-14
baseline,76,18.399591316745976,10.911462427551083,31.08402969944722,2025-11-15
baseline,77,18.91083912695832,11.218290335622044,31.615208295803548,2025-11-16
baseline,78,18.919876614103366,11.208289292698073,31.227597459350495,2025-11-17
baseline,79,19.718293009647763,11.73391766104944,32.2872697475315,2025-11-18
baseline,80,21.23501763912222,12.703939679731112,34.59241020445102,2025-11-19
baseline,81,23.177883270811893,13.912246398543997,37.46449754254352,2025-11-20
baseline,82,25.372498163120586,15.27550562504431,40.694077170936055,2025-11-21
baseline,83,27.42942770970845,16.55321467486792,43.741344678904866,2025-11-22
baseline,84,27.936647411587415,16.92939693570536,44.47848520968639,2025-11-23
baseline,85,27.757871481145514,16.85387838830319,43.994299890540326,2025-11-24
baseline,86,28.762435602454623,17.514681171441616,45.334508258375294,2025-11-25
baseline,87,30.775811067537038,18.7304911360798,47.92528938959998,2025-11-26
baseline,88,32.83504464168358,20.067922741379796,50.852341682284326,2025-11-27
baseline,89,33.46345674385994,20.493507465857043,51.665439808693684,2025-11-28
baseline,90,33.863600045897996,20.804010836565414,52.183548713817075,2025-11-29
baseline,91,33.60773896672963,20.649919997730912,51.38591232181448,2025-11-30
baseline,92,32.84831323200981,20.273797648110026,49.95852934659982,2025-12-01
baseline,93,33.8218457980286,20.96849062552429,51.30620205757766,2025-12-02
baseline,94,36.053309517818974,22.44375499999196,54.438723298577166,2025-12-03
baseline,95,38.74709561233716,24.354015090655974,58.38728743940745,2025-12-04
baseline,96,42.09067958148637,26.646942477450303,62.80260326849314,2025-12-05
baseline,97,45.13830765715345,28.982398713640702,66.9884907543717,2025-12-06
baseline,98,45.949832567938174,29.52883758880842,67.62046046657476,2025-12-07
baseline,99,45.43535453818837,29.193830226610913,66.315525100258,2025-12-08
baseline,100,46.95322154769046,30.57505768594335,68.18435357590913,2025-12-09
baseline,101,50.03606477402181,33.16822707475342,71.6524487947095,2025-12-10
baseline,102,53.933798071614355,36.0702088097846,75.74980519492406,2025-12-11
baseline,103,58.40862824538628,39.431942333032275,80.32439862525187,2025-12-12
baseline,104,62.62562566311387,42.426381167215325,84.75846383767133,2025-12-13
baseline,105,63.21870121035849,43.219864358761455,85.81285366429238,2025-12-14
baseline,106,61.969022218681346,42.9504245957333,84.12937395513981,2025-12-15
baseline,107,63.24587140411453,44.46481977440862,85.47105727516129,2025-12-16
baseline,108,66.49949272777619,47.25137468604669,89.84950391598242,2025-12-17
baseline,109,70.63963313914213,50.4369474185431,95.1095325231576,2025-12-18
baseline,110,74.98717930635141,53.82188028111825,101.10901379394264,2025-12-19
baseline,111,78.92348249552128,56.75529751976992,106.33758389712288,2025-12-20
baseline,112,78.79819590352243,56.922560767232376,105.8092147297255,2025-12-21
baseline,113,76.52285553820083,55.42727272338602,102.68481029077147,2025-12-22
baseline,114,75.35952222472565,54.86075127275079,101.34256948031086,2025-12-23
baseline,115,74.79865632068743,54.72329937054294,101.17555702529431,2025-12-24
baseline,116,74.7224575598345,54.507865969642,100.94143856395756,2025-12-25
baseline,117,73.1549768957264,53.32507349400021,98.36396306118398,2025-12-26
baseline,118,71.44446306715315,52.50539292292413,95.7869312788873,2025-12-27
baseline,119,68.75178750174274,50.784437400683295,92.04594194755182,2025-12-28
baseline,120,65.18518153814978,48.36525291612519,87.06509883456806,2025-12-29
baseline,121,63.08640697448536,46.963606437424986,83.77889956076967,2025-12-30
baseline,122,62.19810401081911,46.07862746153793,82.54762762421228,2025-12-31
baseline,123,61.44834369498575,45.30239221487349,80.9940941943763,2026-01-01
baseline,124,59.88001830107029,43.784444382862276,78.24778402515744,2026-01-02
baseline,125,58.14899538446947,42.60123748981716,76.10936063291265,2026-01-03
baseline,126,55.78763046128205,40.92959276590752,73.00930826584727,2026-01-04
baseline,127,53.003904632751016,39.1578162394019,69.50372049845484,2026-01-05
baseline,128,52.462315516824184,38.96418001378909,69.08264037157817,2026-01-06
baseline,129,53.61037389817376,40.188115443004094,70.63257460795566,2026-01-07
baseline,130,55.53588446338942,41.779937986216424,72.92846480767929,2026-01-08
baseline,131,57.97813897197339,43.27194203547306,75.90833421896545,2026-01-09
baseline,132,59.92352275888688,44.909326838043334,78.28983421428873,2026-01-10
baseline,133,58.61943476650126,44.35426891008271,76.67939268678205,2026-01-11
baseline,134,56.263938223028354,42.26158673202967,73.04286138782393,2026-01-12
baseline,135,55.883590175810085,42.21137036006621,72.65355912373758,2026-01-13
baseline,136,56.795218369129856,43.58511931307486,74.39567995400888,2026-01-14
baseline,137,58.368974194870006,44.72330555053998,76.73196937476742,2026-01-15
baseline,138,60.48552289702309,46.29100233078982,79.29344333432624,2026-01-16
baseline,139,62.24745304301018,47.59684135671161,81.11986706015098,2026-01-17
baseline,140,61.09953415349253,46.6371504697992,79.71008431440104,2026-01-18
baseline,141,58.094801407803615,43.96535863632274,75.93829252390462,2026-01-19
baseline,142,56.14811043311655,41.96823167269553,73.29516656404172,2026-01-20
baseline,143,56.173694826160364,41.33066052880755,73.49709219828196,2026-01-21
baseline,144,57.17002372374815,41.50402166762611,74.93001488849494,2026-01-22
baseline,145,58.63640854182853,42.01650190533168,76.98812702777965,2026-01-23
baseline,146,59.892492172811004,42.36674063144122,78.5425141965826,2026-01-24
baseline,147,58.61338778740813,41.063320870483274,76.47418483778688,2026-01-25
baseline,148,55.77691823336009,38.92919726149395,72.60497155721274,2026-01-26
baseline,149,54.888120792270215,37.79996411355302,71.4503868084421,2026-01-27
baseline,150,55.38384577848557,37.696661497375075,72.7528001260088,2026-01-28
baseline,151,56.32346299339892,38.28378049357922,74.59137027067848,2026-01-29
baseline,152,57.81456797184707,39.14236818488807,77.49179210547926,2026-01-30
baseline,153,58.81799410629998,39.51191385116918,79.67023793927825,2026-01-31
baseline,154,57.10889104382574,38.12802639203782,78.47363031955382,2026-02-01
baseline,155,53.98215576098026,35.88017257795419,75.07532253488161,2026-02-02
baseline,156,52.556732125461224,34.74374401612548,73.58138542401623,2026-02-03
baseline,157,52.467250421497205,34.48510817364404,74.39615950207522,2026-02-04
baseline,158,53.0207554027573,34.5862216032972,76.17945522035501,2026-02-05
baseline,159,53.7223562286205,34.82629052705202,78.19001417857764,2026-02-06
baseline,160,54.07213691934631,34.87482705169667,79.31589004863308,2026-02-07
baseline,161,52.2639342021662,33.5105553279161,76.95909763736155,2026-02-08
baseline,162,49.14882807280974,31.45469927281014,72.9881335268218,2026-02-09
baseline,163,47.48501066477492,30.397072655751092,71.47020819561521,2026-02-10
baseline,164,47.26771093005207,30.091449981124164,71.82998303986591,2026-02-11
baseline,165,47.43102827345621,29.939134417959412,72.62693385276921,2026-02-12
baseline,166,47.77769625599609,29.955281540133484,73.5006071557199,2026-02-13
baseline,167,47.9557282721575,29.913219711681716,73.98484580663249,2026-02-14
baseline,168,46.00474624094696,28.509218383094854,70.81259058653893,2026-02-15
baseline,169,42.95981037409791,26.43256782948947,66.12791635170872,2026-02-16
baseline,170,40.381901892398844,24.648544678277002,62.200931648399724,2026-02-17
baseline,171,38.2596507526132,23.19700103833674,59.139312802144225,2026-02-18
baseline,172,36.41325432926811,21.96924931175005,56.42911905064777,2026-02-19
baseline,173,34.75134339872968,20.85075699558158,54.1442062785378,2026-02-20
baseline,174,33.07422790273364,19.767387601683183,51.83619863074505,2026-02-21
baseline,175,30.783128730264906,18.343868570412074,48.241944349867246,2026-02-22
baseline,176,28.315710538203923,16.864900546170286,44.430776247837095,2026-02-23
baseline,177,26.80777747561052,16.01232251272991,42.382077157757735,2026-02-24
baseline,178,26.196079102796904,15.621592707411063,42.09077569657503,2026-02-25
baseline,179,25.87005860269482,15.436228263805267,42.22576754229069,2026-02-26
baseline,180,25.769868312085936,15.329799102028236,42.41183650544006,2026-02-27
baseline,181,25.509077659645044,15.154688193904855,42.47890880850666,2026-02-28
baseline,182,24.27729998248123,14.401192009419699,40.4758264005612,2026-03-01
baseline,183,22.60348001209048,13.375905432669093,37.682408280183495,2026-03-02
baseline,184,21.708110652450383,12.79280834461231,36.14245397771527,2026-03-03
baseline,185,21.261034602183887,12.525677839406644,35.454273987247475,2026-03-04
baseline,186,21.02561714510174,12.385847566369298,35.032587129327084,2026-03-05
baseline,187,20.773358287871524,12.265171042914229,34.60107754341861,2026-03-06
baseline,188,20.48684428078831,12.081094031498871,33.948595753554,2026-03-07
baseline,189,19.425832545595217,11.444809389894994,32.00231453923594,2026-03-08
baseline,190,18.00884813066432,10.590409182321965,29.495457993246184,2026-03-09
baseline,191,17.1081530584746,10.057161925984024,28.209713989981328,2026-03-10
baseline,192,16.671141710433844,9.776638447220177,27.785814130424416,2026-03-11
baseline,193,16.4162536502929,9.599795991826008,27.616399354179404,2026-03-12
baseline,194,16.236997986090515,9.452347731025982,27.40597986536554,2026-03-13
baseline,195,15.984844636121743,9.240988098684612,27.022092764483954,2026-03-14
baseline,196,15.150171766330862,8.74365454099953,25.648844079342542,2026-03-15
baseline,197,14.013940896710851,8.09545022393275,23.86190781850693,2026-03-16
baseline,198,13.255804356138455,7.695433643787688,22.8032214036358,2026-03-17
baseline,199,12.807328255000055,7.508649625962188,22.35163598885826,2026-03-18
baseline,200,12.568003338872252,7.392853141640227,22.18885312510412,2026-03-19
baseline,201,12.408164804396261,7.306819864713106,22.124582070871913,2026-03-20
baseline,202,12.175623443496328,7.179780456717972,21.915898330284552,2026-03-21
baseline,203,11.509599085932724,6.787172315876934,20.851180289642684,2026-03-22
baseline,204,10.600607957838509,6.268042541436444,19.36260852848165,2026-03-23
baseline,205,10.019814873049757,5.940947562491424,18.48125752620718,2026-03-24
baseline,206,9.75119106222622,5.769824290803002,18.08509761720178,2026-03-25
baseline,207,9.589144514001948,5.659426902040627,17.88587446929179,2026-03-26
baseline,208,9.447141226943632,5.547255306669239,17.733716690079557,2026-03-27
baseline,209,9.266156405953218,5.413343158035142,17.414615340204392,2026-03-28
baseline,210,8.763020182020991,5.0893747725969165,16.534129481046396,2026-03-29
baseline,211,8.10045743846403,4.704304829720941,15.40553076735559,2026-03-30
baseline,212,7.665177812052222,4.438582807273909,14.764417688756096,2026-03-31
baseline,213,7.381326444968514,4.245212311543658,14.496145740314546,2026-04-01
baseline,214,7.159564673871442,4.14326228827376,14.345081071926053,2026-04-02
baseline,215,7.0185922194164085,4.042022877194307,14.246266616731814,2026-04-03
baseline,216,6.843356691547655,3.923821058483991,14.042009684445805,2026-04-04
baseline,217,6.441411491842118,3.676382171376401,13.29366549750887,2026-04-05
baseline,218,5.912346029679652,3.3566516529777246,12.285156001687819,2026-04-06
baseline,219,5.603095604910232,3.1432111502920996,11.688198883149147,2026-04-07
baseline,220,5.439268900856165,2.9906374422790116,11.413835164381524,2026-04-08
baseline,221,5.333892510047862,2.896716137904843,11.268409729977497,2026-04-09
baseline,222,5.2664655620753,2.8291351949447607,11.094553677126735,2026-04-10
baseline,223,5.118908442146532,2.746881834191053,10.92043694696889,2026-04-11
baseline,224,4.827474652374736,2.5714350567144826,10.377616322141016,2026-04-12
baseline,225,4.444217502986277,2.3531700391998074,9.634055734063091,2026-04-13
baseline,226,4.185923760282252,2.1988753708008915,9.133448568828632,2026-04-14
baseline,227,4.016447416318117,2.0761052474446724,8.835776301528677,2026-04-15
baseline,228,3.9014579502016384,1.9685149754945899,8.624695198242247,2026-04-16
baseline,229,3.786899731755739,1.911896790666822,8.449540717862469,2026-04-17
baseline,230,3.6808573732935015,1.84885291640253,8.243322189919208,2026-04-18
baseline,231,3.462586159691656,1.715842955903231,7.758005964208791,2026-04-19
baseline,232,3.15647355469263,1.5490796817405341,7.138859649544153,2026-04-20
baseline,233,2.907527521099201,1.4131680426161315,6.6307026590227185,2026-04-21
baseline,234,2.7331220818227404,1.3050772328844935,6.224748209973944,2026-04-22
baseline,235,2.5495418359114193,1.2095237082869037,5.869674535911467,2026-04-23
baseline,236,2.3884654727348473,1.1237712476903197,5.545390548902172,2026-04-24
baseline,237,2.232794950422484,1.0433201451007,5.227067382924725,2026-04-25
baseline,238,2.0446672851254437,0.9554961185798552,4.823855109392951,2026-04-26
baseline,239,1.8588155923097216,0.8679987134998858,4.402633618373635,2026-04-27
baseline,240,1.7489346115413262,0.8095793791071219,4.148420548369733,2026-04-28
baseline,241,1.6803794409110757,0.7719108881463517,4.017613216677017,2026-04-29
baseline,242,1.6234902538412996,0.7422460522584734,3.9379841231137456,2026-04-30
baseline,243,1.5927636190918941,0.7156105738672974,3.8799031317586086,2026-05-01
baseline,244,1.5421118163808019,0.6880863627971586,3.80718129992585,2026-05-02
baseline,245,1.4491769854932803,0.639699033933977,3.597486119598862,2026-05-03
baseline,246,1.3346370483115524,0.5840805616451572,3.323413877360647,2026-05-04
baseline,247,1.2615194593713506,0.5400563758975157,3.149996852530364,2026-05-05
baseline,248,1.211312985003897,0.5128386428042643,3.0549600345703043,2026-05-06
baseline,249,1.1770885425449702,0.49539510898963424,2.9932985689174734,2026-05-07
baseline,250,1.1496977940029303,0.4786459776708994,2.9462370680317584,2026-05-08
no vax,1,0.06103246298091284,0.016976023222543993,0.2342231691336314,2025-09-01
no vax,2,0.14895059616156853,0.041523738067137536,0.5672040743435705,2025-09-02
no vax,3,0.19440237439701985,0.05455712886119083,0.7233912818949171,2025-09-03
no vax,4,0.2256008844419581,0.06430496230641317,0.8166140383443421,2025-09-04
no vax,5,0.25341764186269095,0.07346504665716774,0.885144204660566,2025-09-05
no vax,6,0.279363363084726,0.08213066910843692,0.9331066508106125,2025-09-06
no vax,7,0.2888370304404606,0.08605894496548293,0.9285903635130665,2025-09-07
no vax,8,0.2888979151873458,0.08754728199188487,0.9080508152286142,2025-09-08
no vax,9,0.302472916177204,0.09345412024964071,0.9335999919077275,2025-09-09
no vax,10,0.32744786759038796,0.10287247607905264,0.9934292471981528,2025-09-10
no vax,11,0.3604920101932445,0.1145839608821248,1.0704553119272167,2025-09-11
no vax,12,0.39946928240419805,0.12775270744041622,1.149364914527269,2025-09-12
no vax,13,0.4384111509075811,0.14097675388487277,1.228217729291355,2025-09-13
no vax,14,0.45156251995616026,0.14652657117981907,1.251489599849998,2025-09-14
no vax,15,0.4501844336677016,0.14856527298728708,1.2401553209122405,2025-09-15
no vax,16,0.4664567601052242,0.1580812103458999,1.278866609621284,2025-09-16
no vax,17,0.5053841068247135,0.1740893330775768,1.3610696644552165,2025-09-17
no vax,18,0.556330694904762,0.19358897721038984,1.4775271581761513,2025-09-18
no vax,19,0.6147747718712242,0.21636250280184238,1.599354268455972,2025-09-19
no vax,20,0.6743092801789036,0.23954758166566265,1.7249608170551682,2025-09-20
no vax,21,0.6979817877281691,0.24981703193041835,1.7647274083193667,2025-09-21
no vax,22,0.7023609641614112,0.2532647831328849,1.7554717620310025,2025-09-22
no vax,23,0.7357866663802446,0.26932263390223526,1.8176255774927017,2025-09-23
no vax,24,0.7969615367494332,0.296875600522729,1.9546792933954311,2025-09-24
no vax,25,0.8714006452691101,0.3315074071823778,2.120619795427411,2025-09-25
no vax,26,0.9535340475180867,0.3716140462074678,2.307947881421381,2025-09-26
no vax,27,1.0333892325979268,0.4123849532498593,2.499291254805673,2025-09-27
no vax,28,1.0622540772102937,0.4296482923975225,2.563978573518058,2025-09-28
no vax,29,1.0659101932289814,0.4309323525936219,2.558648435924703,2025-09-29
no vax,30,1.11415548669319,0.456563114190762,2.6696209229933316,2025-09-30
no vax,31,1.2074581217977305,0.5030365709741391,2.8803040418540884,2025-10-01
no vax,32,1.3305746965818264,0.5617715885171645,3.1483522764176097,2025-10-02
no vax,33,1.4747211467940264,0.6257750562628281,3.452357783349787,2025-10-03
no vax,34,1.6179805164673329,0.695134011344149,3.7293304395818625,2025-10-04
no vax,35,1.6716424090402469,0.7264356255540211,3.8050985899144956,2025-10-05
no vax,36,1.6780349726824562,0.7377151703004134,3.7641052621984032,2025-10-06
no vax,37,1.7554903454016624,0.7840524525913543,3.8692732940825394,2025-10-07
no vax,38,1.897593888278534,0.8584323597117989,4.102425673054328,2025-10-08
no vax,39,2.07786565552468,0.9523723253007289,4.439567479485703,2025-10-09
no vax,40,2.287406057163095,1.066357158821226,4.852894941379203,2025-10-10
no vax,41,2.505003258242816,1.1829222418905567,5.2730890572251115,2025-10-11
no vax,42,2.577622859970118,1.2330479962295224,5.40743681911133,2025-10-12
no vax,43,2.5655027540954087,1.2421621698472793,5.35912330344608,2025-10-13
no vax,44,2.6099992393850444,1.2781010155477246,5.4182875780316495,2025-10-14
no vax,45,2.778166350869821,1.375668104616798,5.710101414941472,2025-10-15
no vax,46,3.0157980488204523,1.512054275640749,6.157074921489664,2025-10-16
no vax,47,3.315524649519701,1.6863495100499533,6.7160036605516025,2025-10-17
no vax,48,3.6429699088615175,1.8662109406951601,7.303143268690438,2025-10-18
no vax,49,3.768873434492326,1.9447802053857577,7.525594509204697,2025-10-19
no vax,50,3.7881391873828854,1.9688217996098094,7.518514334496669,2025-10-20
no vax,51,3.9740737539458264,2.0922797701979583,7.81784732729578,2025-10-21
no vax,52,4.269199031419066,2.299266435342332,8.399687282883676,2025-10-22
no vax,53,4.703024984000735,2.554608390838434,9.198101603260625,2025-10-23
no vax,54,5.1939283860134875,2.854774119344267,10.130635422316244,2025-10-24
no vax,55,5.7174816384755385,3.1596516921655162,11.062572207691646,2025-10-25
no vax,56,5.938422956273004,3.2932729675465624,11.389981103465221,2025-10-26
no vax,57,5.970625872315235,3.3370552825257334,11.400772490492278,2025-10-27
no vax,58,6.267563008395962,3.533335288581773,11.935071819505119,2025-10-28
no vax,59,6.826403249154623,3.8713912767335787,12.903453257544536,2025-10-29
no vax,60,7.506015615062537,4.305984487082435,14.095576209142246,2025-10-30
no vax,61,8.307519051759737,4.783298299753052,15.451305593916516,2025-10-31
no vax,62,9.09698827812434,5.221941050700576,16.80871823100243,2025-11-01
no vax,63,9.420708215868192,5.425862250950684,17.290392030829075,2025-11-02
no vax,64,9.48425999478442,5.484350180823942,17.314416945930464,2025-11-03
no vax,65,10.035816248906336,5.811378507205402,18.127691643764923,2025-11-04
no vax,66,10.957753939627262,6.37586526017261,19.631579021245862,2025-11-05
no vax,67,12.05686813409176,7.017444440444278,21.5060611816864,2025-11-06
no vax,68,13.358151122010327,7.751294968685563,23.666110393662176,2025-11-07
no vax,69,14.714946589091385,8.478160014478375,25.749514205105267,2025-11-08
no vax,70,15.224641542758025,8.763564056559202,26.433567869339303,2025-11-09
no vax,71,15.205338722283251,8.80328289559238,26.359511644047174,2025-11-10
no vax,72,15.737435287508228,9.223345666483928,27.31960169397366,2025-11-11
no vax,73,16.71313237440892,9.810376394011998,28.805023883678853,2025-11-12
no vax,74,18.17202487531128,10.728174391678552,31.0639186241953,2025-11-13
no vax,75,20.02586143122253,11.877909121919073,33.99541133263517,2025-11-14
no vax,76,21.91386911204446,13.022563320211871,36.92570514730238,2025-11-15
no vax,77,22.769175872494014,13.479073277971207,37.72811831313943,2025-11-16
no vax,78,22.845419730400792,13.55892705768343,37.53032962197095,2025-11-17
no vax,79,24.016573889949807,14.327437890902736,39.198174720156466,2025-11-18
no vax,80,26.158203354670057,15.677312180859992,42.425647780733456,2025-11-19
no vax,81,28.885250768575833,17.35939112389066,46.43537353060945,2025-11-20
no vax,82,31.95055282634594,19.277492976278648,50.95808767455703,2025-11-21
no vax,83,34.77307724284306,21.120749731911076,55.31990674104894,2025-11-22
no vax,84,35.843376528619785,21.794401000142848,56.67245434816783,2025-11-23
no vax,85,35.8483922164059,21.884724176154577,56.45958076913702,2025-11-24
no vax,86,37.642242508800685,22.990508663143157,58.60235654789805,2025-11-25
no vax,87,40.548717749221076,24.903227610887335,62.72030596726649,2025-11-26
no vax,88,43.8114806537135,26.958206454103664,67.20888988874643,2025-11-27
no vax,89,45.08957986880733,27.755523883109408,69.11027586066793,2025-11-28
no vax,90,46.146032589788696,28.44425123800167,70.45056510088715,2025-11-29
no vax,91,46.067820494078646,28.480517871255802,69.6700593930734,2025-11-30
no vax,92,45.3904059992465,28.205011025250105,68.51914786750147,2025-12-01
no vax,93,47.122777872365944,29.49234042079057,70.98490179242286,2025-12-02
no vax,94,50.47354811372966,31.945752757440033,75.92356092012986,2025-12-03
no vax,95,55.077947972443084,35.0245282328972,82.04139797909858,2025-12-04
no vax,96,60.21073214444041,38.73811423956432,88.72217147723991,2025-12-05
no vax,97,65.27940705617522,42.377582848155164,95.03211909167933,2025-12-06
no vax,98,67.03857457359283,43.6136484374841,96.74965907194202,2025-12-07
no vax,99,66.86790645151179,44.023255077418604,95.44349667693929,2025-12-08
no vax,100,69.90638068449685,46.528883874995394,97.75339457688695,2025-12-09
no vax,101,75.13978110192896,50.766625218346704,103.31578265824544,2025-12-10
no vax,102,81.78973190994583,55.699160135947764,110.32348950941359,2025-12-11
no vax,103,88.55424123642797,61.29831705215854,119.12486607239492,2025-12-12
no vax,104,95.00587605171569,66.60857343968469,127.51997010258079,2025-12-13
no vax,105,96.1676613386885,68.10431781132539,128.68921562469208,2025-12-14
no vax,106,94.6264178041096,67.85042330092034,127.10213883467861,2025-12-15
no vax,107,97.41518632236317,70.82232553699534,130.4986139788656,2025-12-16
no vax,108,103.73201013562198,75.43478460390405,137.31335230531755,2025-12-17
no vax,109,110.69277191339819,81.13167450876199,146.58756211767832,2025-12-18
no vax,110,118.35285737176848,87.18418864749886,156.42200749558936,2025-12-19
no vax,111,124.9020797907495,92.50663734878991,164.76340234976223,2025-12-20
no vax,112,125.25701717969818,93.227730918748,165.1554363674222,2025-12-21
no vax,113,122.02290517186589,91.1181119942759,160.42113760973592,2025-12-22
no vax,114,120.17422189017584,90.63854043244626,157.85026084015098,2025-12-23
no vax,115,120.00400455879969,91.12746493704316,156.91967850411444,2025-12-24
no vax,116,119.52600363996768,91.2768162684751,155.40345580663129,2025-12-25
no vax,117,116.3992275299903,89.36758668041323,149.52347795380638,2025-12-26
no vax,118,113.97893647374363,87.87354195687398,145.07897627991161,2025-12-27
no vax,119,109.59738761657735,84.48221580625076,139.31817732566742,2025-12-28
no vax,120,103.72908161933782,80.36395270916543,132.0799272833668,2025-12-29
no vax,121,100.3542386696931,78.09968220062686,127.13194160338749,2025-12-30
no vax,122,98.54454357974377,77.40080872299151,125.22672251845896,2025-12-31
no vax,123,96.96702303324084,77.08773185583611,123.67922141787808,2026-01-01
no vax,124,93.76155399928572,74.91574412590013,119.3756129520935,2026-01-02
no vax,125,91.2066148177034,72.23257795203689,114.83935258016442,2026-01-03
no vax,126,87.19549199161553,68.48366356035801,109.32051023050934,2026-01-04
no vax,127,82.51522580986318,65.47396189391371,102.80405182233552,2026-01-05
no vax,128,81.78966962939364,65.1111045274844,100.75616387692257,2026-01-06
no vax,129,83.30790359214183,67.58631152957466,102.73238275458752,2026-01-07
no vax,130,85.72357613462277,69.47186892430669,106.77761336888305,2026-01-08
no vax,131,88.74478900878742,70.43736199803354,111.47227296787653,2026-01-09
no vax,132,91.17875531791063,71.69888222015923,114.49307786661304,2026-01-10
no vax,133,89.07001645957646,69.16719361578086,111.72897954013766,2026-01-11
no vax,134,84.84863735181852,65.10078791059236,107.14269549078696,2026-01-12
no vax,135,83.56944641866542,63.25980952211727,105.44124460966266,2026-01-13
no vax,136,84.75697915055207,63.896498988972645,107.13005241794083,2026-01-14
no vax,137,86.42492529347686,64.87652286642634,109.24272800067985,2026-01-15
no vax,138,88.23257623747261,65.30006513793347,111.90782838075391,2026-01-16
no vax,139,89.50388217243355,65.55442738089761,113.84834515409871,2026-01-17
no vax,140,87.03909220881374,63.10240943219338,110.62409867077896,2026-01-18
no vax,141,82.0192226180348,59.040257320035366,104.35912512211839,2026-01-19
no vax,142,78.13188202843038,55.93573115289741,100.58254782128179,2026-01-20
no vax,143,76.8586524378284,54.77716412741485,100.86567132278962,2026-01-21
no vax,144,77.42501837593511,54.676404824386125,102.8675818724613,2026-01-22
no vax,145,78.28397434895396,54.94994954584366,104.74898613577817,2026-01-23
no vax,146,79.05812280840684,54.76204059646025,105.81905020129514,2026-01-24
no vax,147,76.14835786293438,52.38269209165061,102.86514373696707,2026-01-25
no vax,148,71.48491155471108,48.943515564142736,97.82920096887958,2026-01-26
no vax,149,69.37504037528066,47.0124379473851,96.69474312905524,2026-01-27
no vax,150,69.08886131835358,46.281011609596035,97.81476348657147,2026-01-28
no vax,151,69.52062413687167,45.897009472120374,99.89214302836818,2026-01-29
no vax,152,70.37329406250078,45.859136889410685,102.62356676420168,2026-01-30
no vax,153,70.66975535210204,45.49071096245735,104.66497507666642,2026-01-31
no vax,154,67.80561105425679,43.47014723090192,101.50752680075716,2026-02-01
no vax,155,63.62445060840974,40.537797783288184,96.42245917679882,2026-02-02
no vax,156,61.36382076590884,38.752746668257444,94.81359013753467,2026-02-03
no vax,157,60.36162947621958,37.92830628716539,94.71872932200749,2026-02-04
no vax,158,59.915683524863226,37.49781822446334,95.38048961179602,2026-02-05
no vax,159,59.7858726600907,37.24946608506375,96.1568774809534,2026-02-06
no vax,160,59.41641817953976,36.79003280141795,96.36412953154593,2026-02-07
no vax,161,56.61111081471621,34.94177705237661,92.48646829356097,2026-02-08
no vax,162,52.722999010601995,32.39556259337803,86.6892979815587,2026-02-09
no vax,163,50.45836889734107,30.83151158443055,83.55921321213404,2026-02-10
no vax,164,49.38121085347139,30.026877952416996,82.34353894111621,2026-02-11
no vax,165,48.82990368459903,29.523707137911693,81.73404364934328,2026-02-12
no vax,166,48.30316336736693,29.147977004724403,81.28194093485789,2026-02-13
no vax,167,47.715856717904956,28.634182356322377,80.34923880029636,2026-02-14
no vax,168,45.27040182774239,27.067747703043946,76.28659756114645,2026-02-15
no vax,169,41.91950090058536,24.921089035053715,70.63954153316557,2026-02-16
no vax,170,39.04393737408725,23.091147638624985,66.13453236806464,2026-02-17
no vax,171,36.605031211297984,21.58945112277703,61.92463067762805,2026-02-18
no vax,172,34.42581066955333,20.268734379541645,57.87879285584312,2026-02-19
no vax,173,32.48759064608487,19.010067943820506,54.194601104440636,2026-02-20
no vax,174,30.471859692136466,17.78765984629653,51.37132445283516,2026-02-21
no vax,175,27.990679583081857,16.397104742596262,47.61963100456473,2026-02-22
no vax,176,25.454643724334368,14.95142320218344,43.39998608698355,2026-02-23
no vax,177,23.929170208304114,14.048227449202193,40.910204322634016,2026-02-24
no vax,178,23.112176736008063,13.566106758115277,39.6639950552725,2026-02-25
no vax,179,22.606435556757134,13.248693298442936,38.898977623099746,2026-02-26
no vax,180,22.20383702786659,12.944098696297193,38.31507574249226,2026-02-27
no vax,181,21.74154498685755,12.579159715672981,37.57020583191296,2026-02-28
no vax,182,20.497362537727263,11.82377080895663,35.45511910268168,2026-03-01
no vax,183,18.848025773710404,10.870397505553838,32.71090147144504,2026-03-02
no vax,184,17.827545682227033,10.258446852038578,31.06114755707012,2026-03-03
no vax,185,17.245028522082684,9.91105993459393,30.292601250676586,2026-03-04
no vax,186,16.829489270930036,9.66978790004763,29.88661887681386,2026-03-05
no vax,187,16.463983887434907,9.455428830051709,29.581427537140296,2026-03-06
no vax,188,15.993491120451267,9.160451563761272,29.113709807583557,2026-03-07
no vax,189,14.97838028690498,8.573669170574489,27.554800656854866,2026-03-08
no vax,190,13.702752847653166,7.859817821215497,25.468898594273853,2026-03-09
no vax,191,12.899735953707008,7.380823634522893,24.119270400252557,2026-03-10
no vax,192,12.375861297584105,7.060028987757964,23.200333044953258,2026-03-11
no vax,193,11.923399622804816,6.8065130093047115,22.78981748250543,2026-03-12
no vax,194,11.63005871513576,6.593499936784108,22.56447243314556,2026-03-13
no vax,195,11.32661780888468,6.363962829486295,22.241141111295363,2026-03-14
no vax,196,10.60594905251112,5.931419154455298,21.09044595492356,2026-03-15
no vax,197,9.740202701760682,5.416001062210571,19.538810470971583,2026-03-16
no vax,198,9.11201759547988,5.060012535866263,18.570690738161623,2026-03-17
no vax,199,8.78536039805762,4.841577714878428,18.08302663542502,2026-03-18
no vax,200,8.555563438908859,4.706239547967189,17.80926143431545,2026-03-19
no vax,201,8.379093056417776,4.574029934086674,17.618869924812287,2026-03-20
no vax,202,8.152817548791152,4.418706925502133,17.33668104258936,2026-03-21
no vax,203,7.634993171289839,4.120461536400852,16.411029398212808,2026-03-22
no vax,204,6.975953934058383,3.7487598958730013,15.177760642623376,2026-03-23
no vax,205,6.5283285694989575,3.4840904204899763,14.407462496294883,2026-03-24
no vax,206,6.267763347984975,3.3145030341857797,13.820927836439472,2026-03-25
no vax,207,6.072690574178077,3.1867739776748705,13.3317508026208,2026-03-26
no vax,208,5.89297591356439,3.0807999493687745,12.865676337747313,2026-03-27
no vax,209,5.7074673116722625,2.9595003860662863,12.373495681971352,2026-03-28
no vax,210,5.335481937622534,2.7515296029259364,11.643346366149391,2026-03-29
no vax,211,4.883455818323274,2.504376598644015,10.72545986971732,2026-03-30
no vax,212,4.577376300791714,2.3301186212005214,10.121459569122235,2026-03-31
no vax,213,4.403524950837099,2.2167176407790126,9.764086994359449,2026-04-01
no vax,214,4.23507830713977,2.132381140541068,9.514472391253003,2026-04-02
no vax,215,4.126153587384693,2.061590211088005,9.318811920100618,2026-04-03
no vax,216,3.9801505448447223,1.9862070162084806,9.085066922535464,2026-04-04
no vax,217,3.7198955633305015,1.8489713558918395,8.526194642608928,2026-04-05
no vax,218,3.3964498990327967,1.6693022139420242,7.826150256088169,2026-04-06
no vax,219,3.172639379293706,1.5582597530497435,7.3730391778281446,2026-04-07
no vax,220,3.028163511261184,1.4889469537303666,7.115151387700168,2026-04-08
no vax,221,2.934625664419396,1.4360012515818386,6.9445709742531765,2026-04-09
no vax,222,2.8570462358531077,1.3912491803064608,6.8076159519392805,2026-04-10
no vax,223,2.764255347376546,1.3322298363710139,6.63640060610255,2026-04-11
no vax,224,2.5866684938262607,1.2358714484815914,6.234303102783545,2026-04-12
no vax,225,2.363147820933765,1.1285569027003701,5.726544463446575,2026-04-13
no vax,226,2.214010510078995,1.0543053990974849,5.393851482455367,2026-04-14
no vax,227,2.1107183440904516,1.0041052276869733,5.217846265354885,2026-04-15
no vax,228,2.024953665643155,0.9462414902827041,5.098308702467525,2026-04-16
no vax,229,1.9586796398656052,0.9055324601297595,5.003185041918697,2026-04-17
no vax,230,1.8680499766786736,0.8626518119494058,4.877275903168325,2026-04-18
no vax,231,1.7312920353094254,0.7897091393470242,4.555200996066104,2026-04-19
no vax,232,1.5657138038969127,0.7084665705780273,4.156398024673222,2026-04-20
no vax,233,1.4341784856487099,0.641786103532868,3.8275595319819185,2026-04-21
no vax,234,1.3274060972981827,0.5882465641910344,3.5650605663505868,2026-04-22
no vax,235,1.2355157287646454,0.5416931902784526,3.3315716161528166,2026-04-23
no vax,236,1.1477798756368571,0.4996180167846856,3.1107275914037555,2026-04-24
no vax,237,1.0677153412493472,0.46111095105207434,2.8992576632224365,2026-04-25
no vax,238,0.9768522082913763,0.4189474744629121,2.6490143032219313,2026-04-26
no vax,239,0.8793779828184574,0.3768678277825781,2.3949140202533346,2026-04-27
no vax,240,0.8159621046229786,0.3443654398783867,2.2297253777421515,2026-04-28
no vax,241,0.7829408682545655,0.319333104928337,2.1306329538018143,2026-04-29
no vax,242,0.7570022427987741,0.3026813036432032,2.065785222008061,2026-04-30
no vax,243,0.7336702990869558,0.2895717547837266,2.013197311862997,2026-05-01
no vax,244,0.7060345011735728,0.2765620684758275,1.95510632073791,2026-05-02
no vax,245,0.6559119936384343,0.2550531367677104,1.831810541285942,2026-05-03
no vax,246,0.5966904216094104,0.23068979123710248,1.679219153171598,2026-05-04
no vax,247,0.5557561732764706,0.2134010118145173,1.5709153576389479,2026-05-05
no vax,248,0.5293255246982738,0.20114442399276,1.5046945989227534,2026-05-06
no vax,249,0.5097506468159532,0.1912182487949418,1.4688014986688334,2026-05-07
no vax,250,0.4943772410592697,0.18295060730604326,1.441270211766628,2026-05-08
