scenario,day,median_value,p_lo,p_hi,date
70% coverage (all ages),1,0.07425964614288175,0.024755940576211877,0.2573386397927027,2025-09-01
70% coverage (all ages),2,0.17883689514345308,0.05979060308145803,0.6179508175575072,2025-09-02
70% coverage (all ages),3,0.22158646869222276,0.07453752097926665,0.7591622538834079,2025-09-03
70% coverage (all ages),4,0.2401027739111657,0.08129221685428231,0.8111870279789979,2025-09-04
70% coverage (all ages),5,0.24971761682047006,0.0852897934952404,0.8265718282075801,2025-09-05
70% coverage (all ages),6,0.255767120757612,0.08826942275472345,0.8258440311272925,2025-09-06
70% coverage (all ages),7,0.2546130071750034,0.0891733566271853,0.8041640905735403,2025-09-07
70% coverage (all ages),8,0.2507363115284932,0.08910433783310795,0.7758529905000889,2025-09-08
70% coverage (all ages),9,0.25274515177882023,0.09149935412907298,0.768405011263677,2025-09-09
70% coverage (all ages),10,0.2616756504478844,0.09619667867821692,0.7776621110444406,2025-09-10
70% coverage (all ages),11,0.27531472052830946,0.10262640884582545,0.7955688510098505,2025-09-11
70% coverage (all ages),12,0.29240986583175205,0.110781062482066,0.8221490310789769,2025-09-12
70% coverage (all ages),13,0.3102937657578216,0.11997415170944344,0.8524514253710027,2025-09-13
70% coverage (all ages),14,0.31945695860278267,0.12616897574534858,0.8618432361382583,2025-09-14
70% coverage (all ages),15,0.3244733195202736,0.13090290268597668,0.8595063760061377,2025-09-15
70% coverage (all ages),16,0.3395273124303487,0.1393494308312808,0.8767101087208534,2025-09-16
70% coverage (all ages),17,0.3604523725187154,0.15101755286983243,0.9124844314796575,2025-09-17
70% coverage (all ages),18,0.38464192124729757,0.16469571734170557,0.9655521544585274,2025-09-18
70% coverage (all ages),19,0.41378179301496426,0.18106663075665383,1.02764972549052,2025-09-19
70% coverage (all ages),20,0.4477325761240111,0.1994807126937061,1.0920938594216054,2025-09-20
70% coverage (all ages),21,0.4690431290611357,0.21287652996942827,1.128332119848848,2025-09-21
70% coverage (all ages),22,0.48586181280589036,0.2233201527792584,1.1479330241946148,2025-09-22
70% coverage (all ages),23,0.515589090252772,0.2397784898699356,1.1916411913775882,2025-09-23
70% coverage (all ages),24,0.554130285717933,0.2611407673048547,1.2529054108126207,2025-09-24
70% coverage (all ages),25,0.601221572410692,0.28534434816441445,1.3181936457264003,2025-09-25
70% coverage (all ages),26,0.6577431429108898,0.3135480347036844,1.3884122610046215,2025-09-26
70% coverage (all ages),27,0.709913334924984,0.34441180273083,1.4597168645344951,2025-09-27
70% coverage (all ages),28,0.7431506475705781,0.36536756906584555,1.4893650046171327,2025-09-28
70% coverage (all ages),29,0.7631695218929577,0.38060216910186845,1.4999528031073046,2025-09-29
70% coverage (all ages),30,0.8029937241733754,0.4080201182526741,1.5515424287190132,2025-09-30
70% coverage (all ages),31,0.8638052779936117,0.4473404128585357,1.6319195606181154,2025-10-01
70% coverage (all ages),32,0.9382699191502388,0.494715139656872,1.7414596728409122,2025-10-02
70% coverage (all ages),33,1.0254193639938738,0.5504125211433969,1.8769230967149975,2025-10-03
70% coverage (all ages),34,1.12266043780131,0.6103375169609241,2.0142142168945396,2025-10-04
70% coverage (all ages),35,1.1840779020122383,0.6504234047411406,2.0827327232836184,2025-10-05
70% coverage (all ages),36,1.2210541641121544,0.6795545543521233,2.1197883073544883,2025-10-06
70% coverage (all ages),37,1.2912140178326628,0.7276258354346802,2.1922837660326184,2025-10-07
70% coverage (all ages),38,1.3852162831682775,0.7910073800753983,2.300598528645108,2025-10-08
70% coverage (all ages),39,1.5015174802334532,0.8662046065441913,2.4517566605833334,2025-10-09
70% coverage (all ages),40,1.641995620487827,0.9595254743175148,2.6691396320353844,2025-10-10
70% coverage (all ages),41,1.7978406945696705,1.0617270104106253,2.9005203018686703,2025-10-11
70% coverage (all ages),42,1.898972951270681,1.1305152634559688,3.030193280242861,2025-10-12
70% coverage (all ages),43,1.9445820454423433,1.1781344245011665,3.0883714717281427,2025-10-13
70% coverage (all ages),44,2.007173567783844,1.2423307316172563,3.176323210046556,2025-10-14
70% coverage (all ages),45,2.1154836844399982,1.3367571341477245,3.3443395367800894,2025-10-15
70% coverage (all ages),46,2.2745235997200663,1.447443804221433,3.553374547876738,2025-10-16
70% coverage (all ages),47,2.4683738800359754,1.5805616796155104,3.8303316557117957,2025-10-17
70% coverage (all ages),48,2.668949740218088,1.7228961436361683,4.10475840847528,2025-10-18
70% coverage (all ages),49,2.7926434883054814,1.8141133477234603,4.245657238363721,2025-10-19
70% coverage (all ages),50,2.855641527680822,1.8775016574140913,4.339977879175555,2025-10-20
70% coverage (all ages),51,3.012891584278228,1.989573521259388,4.523674547967674,2025-10-21
70% coverage (all ages),52,3.2096767036718465,2.148448202695728,4.793315323309271,2025-10-22
70% coverage (all ages),53,3.4466465491641927,2.340722556159402,5.1425745003378145,2025-10-23
70% coverage (all ages),54,3.735228680123687,2.568268554057908,5.53594192887181,2025-10-24
70% coverage (all ages),55,4.063930575386934,2.806001371286175,5.958355307043462,2025-10-25
70% coverage (all ages),56,4.262416253433236,2.958603647117051,6.219216022193474,2025-10-26
70% coverage (all ages),57,4.402508599632375,3.069834978538856,6.3889488887014,2025-10-27
70% coverage (all ages),58,4.631501807342294,3.2591736771439948,6.709319889798859,2025-10-28
70% coverage (all ages),59,4.977266844151667,3.5153671987240256,7.173858206669624,2025-10-29
70% coverage (all ages),60,5.360152207470182,3.817402186854758,7.696181607798319,2025-10-30
70% coverage (all ages),61,5.798142905828241,4.131480116494095,8.264856052316249,2025-10-31
70% coverage (all ages),62,6.262716074643345,4.497467553370798,8.86460440387392,2025-11-01
70% coverage (all ages),63,6.529391618673603,4.721870349142494,9.245151798678405,2025-11-02
70% coverage (all ages),64,6.7441132876647165,4.866098382695123,9.490200268122594,2025-11-03
70% coverage (all ages),65,7.1159433356809245,5.121767192148891,9.956728958431396,2025-11-04
70% coverage (all ages),66,7.631402543085438,5.496007024350747,10.626752049994998,2025-11-05
70% coverage (all ages),67,8.22600755316145,5.939494787560663,11.419784515018163,2025-11-06
70% coverage (all ages),68,8.94624597057637,6.472564606068737,12.37329183835867,2025-11-07
70% coverage (all ages),69,9.6793613492302,7.069629910501877,13.341085325232916,2025-11-08
70% coverage (all ages),70,10.112391341448953,7.430628570604535,13.856255462612618,2025-11-09
70% coverage (all ages),71,10.36372959367723,7.6185500549402585,14.119481798811117,2025-11-10
70% coverage (all ages),72,10.784888594233468,7.969360470003021,14.654697824602103,2025-11-11
70% coverage (all ages),73,11.370696527415083,8.450317110972993,15.366006807588784,2025-11-12
70% coverage (all ages),74,12.124910691083775,9.048538718533875,16.30287118771148,2025-11-13
70% coverage (all ages),75,13.008062175391,9.760188773672079,17.410094744626285,2025-11-14
70% coverage (all ages),76,13.92471284564844,10.523509742420671,18.563379393242496,2025-11-15
70% coverage (all ages),77,14.444678233324073,10.96662710500142,19.183063544473978,2025-11-16
70% coverage (all ages),78,14.710120902350017,11.174098366555182,19.531351780623865,2025-11-17
70% coverage (all ages),79,15.355124762495763,11.677809956499578,20.295028209596467,2025-11-18
70% coverage (all ages),80,16.25429081875884,12.451818255490817,21.345308790127547,2025-11-19
70% coverage (all ages),81,17.411339057235192,13.353363274282863,22.69083868066539,2025-11-20
70% coverage (all ages),82,18.729364719865757,14.44223478079481,24.162791697839037,2025-11-21
70% coverage (all ages),83,20.00144477527122,15.4237301336226,25.654455355973777,2025-11-22
70% coverage (all ages),84,20.6186823944835,15.920946527113625,26.361749625382984,2025-11-23
70% coverage (all ages),85,20.93170256762884,16.190398727849672,26.66234386992877,2025-11-24
70% coverage (all ages),86,21.679561358810915,16.807186477960784,27.61461908030067,2025-11-25
70% coverage (all ages),87,22.821526095849322,17.685770346797824,28.871695381561622,2025-11-26
70% coverage (all ages),88,23.950970220209577,18.61753359574053,30.24010390747025,2025-11-27
70% coverage (all ages),89,24.556640002415502,19.104246350744443,30.97409349104061,2025-11-28
70% coverage (all ages),90,25.152506149685436,19.61328628732695,31.530259295576304,2025-11-29
70% coverage (all ages),91,25.38196220430825,19.812581032614986,31.714840406495302,2025-11-30
70% coverage (all ages),92,25.310944175327204,19.771997815379667,31.521038831583674,2025-12-01
70% coverage (all ages),93,25.818542375654914,20.20173655978832,32.047316663268404,2025-12-02
70% coverage (all ages),94,26.646687401217854,20.96573740687778,33.04833993183385,2025-12-03
70% coverage (all ages),95,27.826519601579292,21.949592587103663,34.38758124509921,2025-12-04
70% coverage (all ages),96,29.27189563935205,23.183101736726105,36.11457268128676,2025-12-05
70% coverage (all ages),97,30.804143138647532,24.43582945077728,38.03898129931451,2025-12-06
70% coverage (all ages),98,31.50810631491713,24.956228598786662,38.899262481019896,2025-12-07
70% coverage (all ages),99,31.681969073880587,25.062450612692047,39.06200264601238,2025-12-08
70% coverage (all ages),100,32.59335449178615,25.784406155943817,39.97535521322347,2025-12-09
70% coverage (all ages),101,34.085471605152655,27.022879179591584,41.77150916270925,2025-12-10
70% coverage (all ages),102,35.8245949892116,28.46456546083428,43.82111030518846,2025-12-11
70% coverage (all ages),103,37.745945615476224,30.170779304432518,46.03432754863474,2025-12-12
70% coverage (all ages),104,39.71819104036524,31.888808690112388,48.22900327473832,2025-12-13
70% coverage (all ages),105,40.60181241514776,32.55645959502541,49.0436107004435,2025-12-14
70% coverage (all ages),106,40.80992036914495,32.663542967057495,49.34813994096157,2025-12-15
70% coverage (all ages),107,41.790502421522866,33.5641565426686,50.66867646668302,2025-12-16
70% coverage (all ages),108,43.33471824749156,34.98816084974211,52.745890387634375,2025-12-17
70% coverage (all ages),109,45.21922477326011,36.545643479940956,55.10930515735153,2025-12-18
70% coverage (all ages),110,47.08068029315063,38.12908872659121,57.208157833281014,2025-12-19
70% coverage (all ages),111,48.77631284398198,39.57743927372141,59.61825543884337,2025-12-20
70% coverage (all ages),112,49.20085633959112,39.99604324248321,60.36859385411537,2025-12-21
70% coverage (all ages),113,48.915281976058154,39.607520809221135,59.9432038290141,2025-12-22
70% coverage (all ages),114,49.06432334120357,39.52149607341874,59.971776372586326,2025-12-23
70% coverage (all ages),115,49.45254109291993,39.73747363994295,60.31873041871517,2025-12-24
70% coverage (all ages),116,49.72660922307634,39.786255003969345,60.54866262973881,2025-12-25
70% coverage (all ages),117,49.21182464988107,39.20801110214241,59.957810882146006,2025-12-26
70% coverage (all ages),118,48.770940646852395,38.78207457376986,59.48401773219018,2025-12-27
70% coverage (all ages),119,47.59860346275032,37.98494227693874,58.09668615096394,2025-12-28
70% coverage (all ages),120,45.91568134767944,36.700310792748255,56.06054357453325,2025-12-29
70% coverage (all ages),121,44.69742375458395,35.79538847746455,54.673641206845126,2025-12-30
70% coverage (all ages),122,44.00511066136032,35.33969125063978,53.66177151194795,2025-12-31
70% coverage (all ages),123,43.34698204331783,34.78970764247342,52.80398427582806,2026-01-01
70% coverage (all ages),124,42.07757869581727,33.74012052634999,51.4546961420846,2026-01-02
70% coverage (all ages),125,41.01670591606049,32.8505923157467,50.39859725604019,2026-01-03
70% coverage (all ages),126,39.590073112228765,31.649201063259664,48.56069690323937,2026-01-04
70% coverage (all ages),127,37.96784469514775,30.26535752484312,46.52126540321254,2026-01-05
70% coverage (all ages),128,36.99434820237981,29.438748639662318,45.472734783019305,2026-01-06
70% coverage (all ages),129,36.44472999664957,28.96865933725893,44.97952960357169,2026-01-07
70% coverage (all ages),130,36.189897009916635,28.757295995931067,44.680452271567816,2026-01-08
70% coverage (all ages),131,36.14193945844969,28.64853504800685,44.72566401168097,2026-01-09
70% coverage (all ages),132,36.08778272556111,28.564137983980917,44.8474366363269,2026-01-10
70% coverage (all ages),133,35.33771703202491,27.887306706478604,43.71976871519993,2026-01-11
70% coverage (all ages),134,34.092495741198604,26.913192017770815,42.14298822959953,2026-01-12
70% coverage (all ages),135,33.61683264931479,26.505586188382736,41.57938710833279,2026-01-13
70% coverage (all ages),136,33.52703487320418,26.456281221242662,41.64848483318313,2026-01-14
70% coverage (all ages),137,33.702208105329035,26.587864914023147,41.907701045835054,2026-01-15
70% coverage (all ages),138,34.001312445773124,26.858868692667595,42.36878583983142,2026-01-16
70% coverage (all ages),139,34.35627451585284,27.165190943805506,43.07927455301519,2026-01-17
70% coverage (all ages),140,33.91775137661047,26.80249524922237,42.68442329977893,2026-01-18
70% coverage (all ages),141,32.934863913461854,26.015121522876775,41.46957076117462,2026-01-19
70% coverage (all ages),142,32.330959694753496,25.46932233509891,40.64947628216964,2026-01-20
70% coverage (all ages),143,32.28294045851342,25.36036974017877,40.61168248028136,2026-01-21
70% coverage (all ages),144,32.40660965897668,25.475832143651544,40.88681009367141,2026-01-22
70% coverage (all ages),145,32.6782417774281,25.71073872950479,41.21890399818071,2026-01-23
70% coverage (all ages),146,33.01677806951576,25.892943504560826,41.641903677510435,2026-01-24
70% coverage (all ages),147,32.57541938329419,25.41691426137599,41.43478301912468,2026-01-25
70% coverage (all ages),148,31.744920515965262,24.59782508813885,40.615154718975475,2026-01-26
70% coverage (all ages),149,31.40189513682815,24.22760614287009,40.44543630665652,2026-01-27
70% coverage (all ages),150,31.47985074555714,24.218687015658258,40.804825039389975,2026-01-28
70% coverage (all ages),151,31.80300680141619,24.397976420693574,41.501887330854984,2026-01-29
70% coverage (all ages),152,32.207339308233735,24.64281841051298,42.23689573249438,2026-01-30
70% coverage (all ages),153,32.59408705311889,24.83538096751344,42.74713636509201,2026-01-31
70% coverage (all ages),154,32.161216674535765,24.441265794454523,42.3935886391282,2026-02-01
70% coverage (all ages),155,31.276090591926316,23.69718292891623,41.411528945543935,2026-02-02
70% coverage (all ages),156,30.902721529886186,23.368494040315564,41.00669915233244,2026-02-03
70% coverage (all ages),157,30.883254989155464,23.328988529513165,41.04784414568,2026-02-04
70% coverage (all ages),158,31.014601811962883,23.35981562774801,41.310664318978255,2026-02-05
70% coverage (all ages),159,31.28000656688308,23.488871360994313,41.71685855791637,2026-02-06
70% coverage (all ages),160,31.49089508131955,23.620288790237076,42.01752074021288,2026-02-07
70% coverage (all ages),161,30.937449259292798,23.13303177810661,41.35540285721665,2026-02-08
70% coverage (all ages),162,30.002382333974452,22.394408108923862,40.33037110466508,2026-02-09
70% coverage (all ages),163,29.577558437704766,21.988795231145478,39.95657814111043,2026-02-10
70% coverage (all ages),164,29.481021294438094,21.836174052182404,39.95339103858775,2026-02-11
70% coverage (all ages),165,29.46080983590298,21.7807359348229,40.024163326498126,2026-02-12
70% coverage (all ages),166,29.530138263164552,21.815387666798404,40.20557045664215,2026-02-13
70% coverage (all ages),167,29.546894710781224,21.821346288733306,40.32172854998464,2026-02-14
70% coverage (all ages),168,28.88521531181986,21.314067579343337,39.45835753351757,2026-02-15
70% coverage (all ages),169,27.749105995813636,20.49683802664074,38.0268774723731,2026-02-16
70% coverage (all ages),170,26.869418211238,19.845704268065848,36.81455168925231,2026-02-17
70% coverage (all ages),171,26.127270809812355,19.319294312062436,35.774689193940034,2026-02-18
70% coverage (all ages),172,25.41332382496174,18.799790822207214,34.716685692404766,2026-02-19
70% coverage (all ages),173,24.737838115466566,18.291523127634935,33.66244312006447,2026-02-20
70% coverage (all ages),174,23.96793182283913,17.73733722729992,32.50027408879222,2026-02-21
70% coverage (all ages),175,22.81330273443986,16.91652356339925,30.792499555614423,2026-02-22
70% coverage (all ages),176,21.496226264030156,15.980471932337968,28.8785537262914,2026-02-23
70% coverage (all ages),177,20.57578717377625,15.31607372369764,27.569071276985646,2026-02-24
70% coverage (all ages),178,20.027844279725784,14.868919007100168,26.83449169431855,2026-02-25
70% coverage (all ages),179,19.61053534344198,14.541317064632041,26.179157196805054,2026-02-26
70% coverage (all ages),180,19.23533600361373,14.30289906520862,25.60483492281141,2026-02-27
70% coverage (all ages),181,18.901069124924597,14.068406762308452,25.142133171786924,2026-02-28
70% coverage (all ages),182,18.123892531655894,13.557041530847359,24.183221952026095,2026-03-01
70% coverage (all ages),183,17.22452960058036,12.908168467188755,23.00655623388284,2026-03-02
70% coverage (all ages),184,16.66015707045891,12.46064159810037,22.269726511298842,2026-03-03
70% coverage (all ages),185,16.262930941385836,12.167304526687511,21.765230896765324,2026-03-04
70% coverage (all ages),186,15.960160949389367,11.94797776035501,21.350315790821547,2026-03-05
70% coverage (all ages),187,15.71624310148563,11.774298570099562,20.962855801993538,2026-03-06
70% coverage (all ages),188,15.434268705473126,11.60009655721028,20.620260965151576,2026-03-07
70% coverage (all ages),189,14.838998956141545,11.191852449691945,19.76612081805506,2026-03-08
70% coverage (all ages),190,14.041989833869568,10.656599018359284,18.74197197623479,2026-03-09
70% coverage (all ages),191,13.50312036984364,10.306786751047794,17.945970623108288,2026-03-10
70% coverage (all ages),192,13.088029917173685,10.066393979263179,17.324039039522706,2026-03-11
70% coverage (all ages),193,12.737509358724372,9.837735001919663,16.77005808427775,2026-03-12
70% coverage (all ages),194,12.445384360926312,9.631117550250194,16.32319493405394,2026-03-13
70% coverage (all ages),195,12.23097560215396,9.437723168804407,15.96936158981069,2026-03-14
70% coverage (all ages),196,11.785652100989607,9.069912820821829,15.370104131254395,2026-03-15
70% coverage (all ages),197,11.189413703435003,8.635303383222157,14.613991507210546,2026-03-16
70% coverage (all ages),198,10.715448754483234,8.303793895295806,14.005777981841685,2026-03-17
70% coverage (all ages),199,10.408425321684629,8.125771794177785,13.654997754587427,2026-03-18
70% coverage (all ages),200,10.23800726433135,8.004191149423283,13.473717714809805,2026-03-19
70% coverage (all ages),201,10.111144800096955,7.896981237323848,13.307167405248585,2026-03-20
70% coverage (all ages),202,9.930490973494393,7.769412016835595,13.029057784053498,2026-03-21
70% coverage (all ages),203,9.56124899833137,7.437566652585338,12.478007581641746,2026-03-22
70% coverage (all ages),204,9.068866778911481,7.056121854179889,11.781072982334875,2026-03-23
70% coverage (all ages),205,8.729634392082612,6.779853346237088,11.36644714932562,2026-03-24
70% coverage (all ages),206,8.501183389915067,6.586445738192888,11.109588474489687,2026-03-25
70% coverage (all ages),207,8.327267203608422,6.434574189933548,10.884605757584017,2026-03-26
70% coverage (all ages),208,8.149957592445228,6.28941834886437,10.631050682643805,2026-03-27
70% coverage (all ages),209,7.981130816723411,6.131747790842719,10.425141462556585,2026-03-28
70% coverage (all ages),210,7.68633785790534,5.877397828357154,10.048712211049013,2026-03-29
70% coverage (all ages),211,7.321345440206402,5.5660697267269095,9.571561285397314,2026-03-30
70% coverage (all ages),212,7.04543543054346,5.284910707147732,9.229828460451001,2026-03-31
70% coverage (all ages),213,6.787596053987743,5.041893470328515,8.950184301455664,2026-04-01
70% coverage (all ages),214,6.59320446757086,4.888713930397536,8.733164226120495,2026-04-02
70% coverage (all ages),215,6.433807170686796,4.746224051464673,8.544874907278176,2026-04-03
70% coverage (all ages),216,6.260956780969636,4.590074765886001,8.331625046479544,2026-04-04
70% coverage (all ages),217,5.946020220994761,4.341872659221881,7.967984797045638,2026-04-05
70% coverage (all ages),218,5.603118555749016,4.050927739527483,7.563559523486341,2026-04-06
70% coverage (all ages),219,5.3688199488643225,3.84726920177966,7.2950240231282475,2026-04-07
70% coverage (all ages),220,5.216926898850769,3.68583453798591,7.105664521804535,2026-04-08
70% coverage (all ages),221,5.109277073528654,3.56286315745662,6.962122473507635,2026-04-09
70% coverage (all ages),222,5.020512877338394,3.4531654673214316,6.835522773355869,2026-04-10
70% coverage (all ages),223,4.910000159205015,3.3308890771199877,6.699351427073657,2026-04-11
70% coverage (all ages),224,4.696180821678963,3.1557381508677076,6.44304367461208,2026-04-12
70% coverage (all ages),225,4.43431494903642,2.9622038414442695,6.138805993961839,2026-04-13
70% coverage (all ages),226,4.2251690534798465,2.800786502650048,5.880276472707544,2026-04-14
70% coverage (all ages),227,4.058440315322807,2.6473161711959423,5.680114466928789,2026-04-15
70% coverage (all ages),228,3.921573419998547,2.5207100346041194,5.518759638406671,2026-04-16
70% coverage (all ages),229,3.7940628804116012,2.4011442962640874,5.4298297446946755,2026-04-17
70% coverage (all ages),230,3.6919042308272916,2.276609385419092,5.344789930041342,2026-04-18
70% coverage (all ages),231,3.4909881182327984,2.1232330309741037,5.105251911120908,2026-04-19
70% coverage (all ages),232,3.2791918908100763,1.961291108443301,4.819744590717701,2026-04-20
70% coverage (all ages),233,3.107413052818539,1.8361361387292752,4.599558552593795,2026-04-21
70% coverage (all ages),234,2.966763211602336,1.7382126901172443,4.417691003117006,2026-04-22
70% coverage (all ages),235,2.8389120993664045,1.6469469906790501,4.2466221119385015,2026-04-23
70% coverage (all ages),236,2.7179609816966663,1.5585705647648869,4.083471265878346,2026-04-24
70% coverage (all ages),237,2.5882074752453543,1.4731397519566303,3.9094796830336,2026-04-25
70% coverage (all ages),238,2.4360817505051218,1.3723671614839308,3.6908642405535934,2026-04-26
70% coverage (all ages),239,2.2690958851247207,1.2653301326387825,3.4485874690878764,2026-04-27
70% coverage (all ages),240,2.132080824959574,1.180195245455315,3.2626004646854416,2026-04-28
70% coverage (all ages),241,2.0313040980116037,1.1122880986262444,3.1131249017530216,2026-04-29
70% coverage (all ages),242,1.9464654531634475,1.0544047173002418,2.995056840749004,2026-04-30
70% coverage (all ages),243,1.8683272993587805,0.9986680211186113,2.8982670551145073,2026-05-01
70% coverage (all ages),244,1.8000665088956942,0.9458792542368414,2.8055717012873647,2026-05-02
70% coverage (all ages),245,1.702925101938929,0.8821209730424953,2.6658589746814174,2026-05-03
70% coverage (all ages),246,1.5913933275821417,0.8157338385067905,2.505880160948888,2026-05-04
70% coverage (all ages),247,1.50664589617169,0.762376756343355,2.3853861291224017,2026-05-05
70% coverage (all ages),248,1.441175181777223,0.7170555449189486,2.293608104295154,2026-05-06
70% coverage (all ages),249,1.3856052744183052,0.6747375295914566,2.2200847608980747,2026-05-07
70% coverage (all ages),250,1.3395375552320736,0.6375485418172929,2.1734639188009726,2026-05-08
High VE,1,0.07425964614288175,0.024755940576211877,0.2573386397927027,2025-09-01
High VE,2,0.17883689514345308,0.05979060308145803,0.6179508175575072,2025-09-02
High VE,3,0.22158646869222276,0.07453752097926665,0.7591622538834079,2025-09-03
High VE,4,0.2401027739111657,0.08129221685428231,0.8111870279789979,2025-09-04
High VE,5,0.24971761682047006,0.0852897934952404,0.8265718282075801,2025-09-05
High VE,6,0.255767120757612,0.08826942275472345,0.8258440311272925,2025-09-06
High VE,7,0.2546130071750034,0.0891733566271853,0.8041640905735403,2025-09-07
High VE,8,0.2507363115284932,0.08910433783310795,0.7758529905000889,2025-09-08
High VE,9,0.25274515177882023,0.09149935412907298,0.768405011263677,2025-09-09
High VE,10,0.2616756504478844,0.09619667867821692,0.7776621110444406,2025-09-10
High VE,11,0.27531472052830946,0.10262640884582545,0.7955688510098505,2025-09-11
High VE,12,0.29240986583175205,0.110781062482066,0.8221490310789769,2025-09-12
High VE,13,0.3102937657578216,0.11997415170944344,0.8524514253710027,2025-09-13
High VE,14,0.31945695860278267,0.12616897574534858,0.8618432361382583,2025-09-14
High VE,15,0.3244733195202736,0.13090290268597668,0.8595063760061377,2025-09-15
High VE,16,0.3395273124303487,0.1393494308312808,0.8767101087208534,2025-09-16
High VE,17,0.3604523725187154,0.15101755286983243,0.9124844314796575,2025-09-17
High VE,18,0.38464192124729757,0.16469571734170557,0.9655521544585274,2025-09-18
High VE,19,0.41378179301496426,0.18106663075665383,1.02764972549052,2025-09-19
High VE,20,0.44773252344480685,0.19948068404954827,1.0920937401166078,2025-09-20
High VE,21,0.4690427136828942,0.21287620355485595,1.1283307865166723,2025-09-21
High VE,22,0.48586077258405713,0.22331938287651992,1.1479302255746977,2025-09-22
High VE,23,0.5155914181283647,0.2397799684189011,1.1916451981384284,2025-09-23
High VE,24,0.554146287908149,0.2611483746355673,1.2529329914669325,2025-09-24
High VE,25,0.6012683652897598,0.28536591223551855,1.3182682392471479,2025-09-25
High VE,26,0.6578435926868488,0.3135953431846741,1.3885737819497943,2025-09-26
High VE,27,0.7100886009285433,0.34449942680866846,1.4600074808861971,2025-09-27
High VE,28,0.7433825454992268,0.36549557352888495,1.4897602437376478,2025-09-28
High VE,29,0.7635303263196407,0.3807743895825792,1.500510978257161,2025-09-29
High VE,30,0.8034368749305743,0.4082683958643122,1.5523129079424092,2025-09-30
High VE,31,0.8644073266515423,0.4477080580486158,1.6330309607601818,2025-10-01
High VE,32,0.9392789006129835,0.4952535600089881,1.7430289287899448,2025-10-02
High VE,33,1.026717614824957,0.5511901034633123,1.8791566233629955,2025-10-03
High VE,34,1.124454510542986,0.6114311316031302,2.017256242125792,2025-10-04
High VE,35,1.1863774035288996,0.6517911348753155,2.086435986241761,2025-10-05
High VE,36,1.2237957899550975,0.6811907969345403,2.124246752539036,2025-10-06
High VE,37,1.294584126202463,0.7296829452443437,2.1977049072956967,2025-10-07
High VE,38,1.3894642874694116,0.7936078782177952,2.3072114557194805,2025-10-08
High VE,39,1.5070065218641282,0.8695930743562638,2.460613940861409,2025-10-09
High VE,40,1.6490862536270414,0.9639441393105171,2.6803088702976985,2025-10-10
High VE,41,1.8071735954089583,1.0674061395503447,2.9149106078319997,2025-10-11
High VE,42,1.9100698428136427,1.1373614626405941,3.0469475483493667,2025-10-12
High VE,43,1.956318883136458,1.1860209520676632,3.1069780777982494,2025-10-13
High VE,44,2.0206316784654055,1.2512323254439752,3.1971996992371743,2025-10-14
High VE,45,2.1310878477007265,1.347293277597818,3.368530234472117,2025-10-15
High VE,46,2.293556941038744,1.4595958549547452,3.58253267708331,2025-10-16
High VE,47,2.491983992994287,1.5961916594107277,3.8649688782998246,2025-10-17
High VE,48,2.6964368195705357,1.7422178988670598,4.145679535268569,2025-10-18
High VE,49,2.826563034176469,1.8363881670170155,4.293849283000128,2025-10-19
High VE,50,2.892658937674346,1.9024186854958847,4.393237516293235,2025-10-20
High VE,51,3.053999747763871,2.0187444705140365,4.584905794945741,2025-10-21
High VE,52,3.2596079357840693,2.183609982447353,4.866631416628645,2025-10-22
High VE,53,3.5085234251290824,2.3835649597802795,5.229174689135211,2025-10-23
High VE,54,3.8110611716492255,2.6208433127925095,5.639595641484993,2025-10-24
High VE,55,4.152329218361401,2.8703272607358334,6.082483925439043,2025-10-25
High VE,56,4.364088528787535,3.0318479212674347,6.359622102283711,2025-10-26
High VE,57,4.511544098305519,3.1506296222789825,6.543088463721,2025-10-27
High VE,58,4.758763658170643,3.3515272850232014,6.892353689078246,2025-10-28
High VE,59,5.126046585083495,3.6248919702462583,7.385722350364042,2025-10-29
High VE,60,5.540609175329663,3.948090610852266,7.94196757122354,2025-10-30
High VE,61,6.013020965870286,4.283905934771513,8.549181604516228,2025-10-31
High VE,62,6.508898981711655,4.678397537019104,9.201275823950978,2025-11-01
High VE,63,6.807652034012081,4.9226029001530325,9.61910393338108,2025-11-02
High VE,64,7.045251549183879,5.077206265895387,9.895793428646918,2025-11-03
High VE,65,7.44627283628394,5.359402242039483,10.4113540546319,2025-11-04
High VE,66,8.02017480148225,5.769574703826625,11.147826824955578,2025-11-05
High VE,67,8.68772581819847,6.257918971169486,12.02138466670853,2025-11-06
High VE,68,9.469059807858624,6.859042218859026,13.0769505016356,2025-11-07
High VE,69,10.286164730519555,7.524551046029375,14.148533787722695,2025-11-08
High VE,70,10.776229026322738,7.9246439400504265,14.733266432933549,2025-11-09
High VE,71,11.060146816027856,8.150252724184837,15.065187012953235,2025-11-10
High VE,72,11.555671221318123,8.553847453282556,15.667083042639723,2025-11-11
High VE,73,12.230960165690602,9.101013933197875,16.49515130262264,2025-11-12
High VE,74,13.080325840034986,9.784473085018547,17.566764190838974,2025-11-13
High VE,75,14.082103007874887,10.600343586076818,18.836473430545826,2025-11-14
High VE,76,15.166387522464266,11.488140773269587,20.16729754825951,2025-11-15
High VE,77,15.773959046084018,12.014053439330125,20.9100472992223,2025-11-16
High VE,78,16.108801820195517,12.270189055393283,21.384270366228336,2025-11-17
High VE,79,16.855859039560343,12.891520774856598,22.254995145419457,2025-11-18
High VE,80,17.99249960451995,13.802049345568154,23.55769793705888,2025-11-19
High VE,81,19.36800361954221,14.901558631754051,25.16443426313092,2025-11-20
High VE,82,20.965785418643947,16.179608956843932,26.922171203686407,2025-11-21
High VE,83,22.47990989818453,17.35724210652727,28.7432979300454,2025-11-22
High VE,84,23.317338493555006,18.026701924411807,29.671444863325135,2025-11-23
High VE,85,23.72102533245419,18.389230664604856,30.22287814324638,2025-11-24
High VE,86,24.740101818799435,19.189802936824265,31.353307449765,2025-11-25
High VE,87,26.131498247557488,20.383990719523887,33.034897912357366,2025-11-26
High VE,88,27.66187260967632,21.5569871489671,34.80968667694922,2025-11-27
High VE,89,28.459386085149156,22.20097406568527,35.71658569503777,2025-11-28
High VE,90,29.33737464078081,22.909371254471374,36.69855602618634,2025-11-29
High VE,91,29.692072839966603,23.227515947710515,36.949265633629274,2025-11-30
High VE,92,29.63739204376968,23.267702812854868,36.915765287049446,2025-12-01
High VE,93,30.35289735594604,23.88355162852316,37.64056081679915,2025-12-02
High VE,94,31.539518768563283,24.933154053910542,39.00506154547806,2025-12-03
High VE,95,33.168042984492374,26.253217105733373,40.86205833159121,2025-12-04
High VE,96,35.07019659184801,27.912950052489137,43.27994033060342,2025-12-05
High VE,97,37.15981978511933,29.597704980791075,45.85093929524295,2025-12-06
High VE,98,38.21622895704433,30.441965552459283,47.09007976120662,2025-12-07
High VE,99,38.59646292491254,30.69963237128252,47.41010943741812,2025-12-08
High VE,100,39.87977507031042,31.782491131098542,48.7922752155934,2025-12-09
High VE,101,42.038111469832245,33.549924837614874,51.32982135038244,2025-12-10
High VE,102,44.41179728539672,35.61965239878227,54.10667565587204,2025-12-11
High VE,103,47.11660112904032,38.035290954342784,57.15990395969715,2025-12-12
High VE,104,49.87084121619715,40.3356160532442,60.190488062959055,2025-12-13
High VE,105,51.20534252002304,41.37748826743228,61.85794768824944,2025-12-14
High VE,106,51.49897446664089,41.68187211425129,62.49614670535953,2025-12-15
High VE,107,53.01564961926569,43.045878638031844,64.35767561715265,2025-12-16
High VE,108,55.256162460300466,45.03657217313419,66.8107380882928,2025-12-17
High VE,109,57.77866252848284,47.24899950390063,69.66553539700162,2025-12-18
High VE,110,60.52214730453595,49.556014259500124,73.22067911444682,2025-12-19
High VE,111,63.004010260989865,51.54035435469119,76.46128975066316,2025-12-20
High VE,112,63.86204290419388,52.098403452616544,77.38409630528268,2025-12-21
High VE,113,63.56159101094039,51.75195087348036,76.91016638221856,2025-12-22
High VE,114,63.84105973384713,51.884631153221676,77.08403421275509,2025-12-23
High VE,115,64.562999841714,52.330675594123974,77.657834019464,2025-12-24
High VE,116,64.89213942289562,52.585535213150415,78.07201772548957,2025-12-25
High VE,117,64.0416088116171,52.04338717977611,77.25561031702969,2025-12-26
High VE,118,63.42759216667329,51.58157837026113,76.29546850337195,2025-12-27
High VE,119,61.98121486928144,50.42928545621923,74.31848366184481,2025-12-28
High VE,120,59.72801132294677,48.805042857643734,71.5340329955551,2025-12-29
High VE,121,58.1342891327114,47.60742791965698,69.58929338272684,2025-12-30
High VE,122,57.08862560606253,46.79955977688375,68.37790615272927,2025-12-31
High VE,123,56.14494267631453,46.061163859180816,67.51288316261373,2026-01-01
High VE,124,54.452481285011075,44.55287432750841,65.62817810026371,2026-01-02
High VE,125,53.00041561996793,43.16522304409546,63.717697413431765,2026-01-03
High VE,126,51.037784046770696,41.35405036654941,61.53000608891125,2026-01-04
High VE,127,48.768793656049795,39.484543102916376,58.80873612701904,2026-01-05
High VE,128,47.328622125006696,38.419796915696935,57.283570432801696,2026-01-06
High VE,129,46.57851702604656,37.80478197648657,56.46618930844073,2026-01-07
High VE,130,46.19447442491153,37.42902112031725,55.87439203201914,2026-01-08
High VE,131,46.07067846131165,37.38652547778122,55.702956035512294,2026-01-09
High VE,132,45.88776914334314,37.34480818811715,55.53367848633481,2026-01-10
High VE,133,44.80473110617809,36.46934488539898,54.113326785846404,2026-01-11
High VE,134,43.201567062904694,35.18159638150936,52.0480911873199,2026-01-12
High VE,135,42.43000451912856,34.51685532375495,51.060081546143515,2026-01-13
High VE,136,42.274757945433606,34.37660983047157,50.82810286506163,2026-01-14
High VE,137,42.319025436390945,34.548378033003104,50.95956517739576,2026-01-15
High VE,138,42.67280276067577,34.83639746307314,51.42088811499741,2026-01-16
High VE,139,43.04967551640762,35.0512874433127,51.91647699524594,2026-01-17
High VE,140,42.43614313781967,34.47905279375985,51.334454369642486,2026-01-18
High VE,141,41.0886637593471,33.32618439689249,49.90626256595329,2026-01-19
High VE,142,40.21351180325432,32.54375089419164,48.990006920117466,2026-01-20
High VE,143,40.05523909971116,32.356334765069185,48.9158743646951,2026-01-21
High VE,144,40.2066583481679,32.43675116559757,49.337991595382555,2026-01-22
High VE,145,40.39652538940679,32.578109494158255,49.761870783775045,2026-01-23
High VE,146,40.59290792135866,32.805723683356796,50.15020330447402,2026-01-24
High VE,147,39.868302082385526,32.243245381649785,49.45616689503339,2026-01-25
High VE,148,38.64433087684857,31.06658009630504,48.07822083076187,2026-01-26
High VE,149,37.99978868485276,30.42745420706797,47.39261471296176,2026-01-27
High VE,150,37.81591739753459,30.373645757160137,47.44821138560396,2026-01-28
High VE,151,38.101443404135374,30.433289530387718,47.773702349470454,2026-01-29
High VE,152,38.39252840238801,30.56216156465018,48.322911771637564,2026-01-30
High VE,153,38.62399230152345,30.742594635997445,48.70888847112115,2026-01-31
High VE,154,37.99496647160622,30.167687669365094,48.032167500767216,2026-02-01
High VE,155,36.80202857068534,29.149077119304312,46.70212013500633,2026-02-02
High VE,156,36.12707127645885,28.592884450918046,46.16328867816535,2026-02-03
High VE,157,35.88737045604512,28.4213458742788,45.9686166928552,2026-02-04
High VE,158,35.943536273810935,28.423174122705415,45.99157475681503,2026-02-05
High VE,159,36.12898535769405,28.522666167251014,46.35493652194993,2026-02-06
High VE,160,36.17697401489906,28.546660442538414,46.65089860157485,2026-02-07
High VE,161,35.3715520862618,27.905501900628334,45.72152070304211,2026-02-08
High VE,162,34.10506304236217,26.815709261786868,44.33748271806744,2026-02-09
High VE,163,33.39624038510672,26.153709684221898,43.69007102644124,2026-02-10
High VE,164,32.99237446552156,25.819091748944672,43.469980295397,2026-02-11
High VE,165,32.728209412979865,25.612935554495596,43.34646406695359,2026-02-12
High VE,166,32.610673390184296,25.49142585039309,43.29619150483533,2026-02-13
High VE,167,32.500175781383746,25.32369183897238,43.13530843054374,2026-02-14
High VE,168,31.53987147709556,24.523785795538817,41.99615945954401,2026-02-15
High VE,169,30.183035582294423,23.428365621252702,40.19758803243578,2026-02-16
High VE,170,29.059148768315453,22.513073929813345,38.697536825392305,2026-02-17
High VE,171,28.03001114598935,21.74773713943238,37.221484941993026,2026-02-18
High VE,172,27.107837784970496,21.039448183021122,35.763675903476845,2026-02-19
High VE,173,26.173416991204796,20.349952757099512,34.409797345061506,2026-02-20
High VE,174,25.093555706578428,19.606744764126006,33.10262897224279,2026-02-21
High VE,175,23.755237911460533,18.557016206597122,31.2207381438706,2026-02-22
High VE,176,22.180207945700882,17.350427524757496,29.112426746157272,2026-02-23
High VE,177,21.028340492329303,16.45658352089313,27.626168116305262,2026-02-24
High VE,178,20.202172960374533,15.839186567354687,26.61881416589078,2026-02-25
High VE,179,19.599715651091717,15.390261866470075,25.902938324450535,2026-02-26
High VE,180,19.08672354224824,14.980068410249615,25.2747427522406,2026-02-27
High VE,181,18.58945386366201,14.628812676945623,24.618206163955623,2026-02-28
High VE,182,17.70493155233008,13.929054948120632,23.49302704261467,2026-03-01
High VE,183,16.688021770253656,13.068844876532067,22.22732968559057,2026-03-02
High VE,184,16.037313625652686,12.484296633367011,21.275664000223557,2026-03-03
High VE,185,15.610457635447343,12.09913874943763,20.562470684217814,2026-03-04
High VE,186,15.205800907617427,11.739866846104837,20.025181745524552,2026-03-05
High VE,187,14.828939602759023,11.436815528607557,19.480452389710194,2026-03-06
High VE,188,14.443286881922674,11.181262286825909,19.002394433438518,2026-03-07
High VE,189,13.793654306241677,10.715624142155201,18.166418947153925,2026-03-08
High VE,190,13.015366625144031,10.107641358631794,17.159344955432662,2026-03-09
High VE,191,12.378650411883775,9.651245681722154,16.424095247679755,2026-03-10
High VE,192,11.944633886441704,9.314128129405336,15.86345732455257,2026-03-11
High VE,193,11.579870508812139,8.983553079476406,15.407805365242709,2026-03-12
High VE,194,11.279188926422357,8.693922839448133,14.98107482669379,2026-03-13
High VE,195,10.974813634474499,8.449290072553731,14.595389034598519,2026-03-14
High VE,196,10.474206760442451,8.05790772980125,13.976510603252178,2026-03-15
High VE,197,9.906692816190136,7.565111727083316,13.204773660665957,2026-03-16
High VE,198,9.4331842568252,7.1838879035067,12.568972069701655,2026-03-17
High VE,199,9.098851137076712,6.9282738674806845,12.145777978693232,2026-03-18
High VE,200,8.892157195389292,6.730102809360406,11.879021737546811,2026-03-19
High VE,201,8.719220487243922,6.580097687920441,11.681691216829064,2026-03-20
High VE,202,8.519592030919128,6.388639555059544,11.45064215421167,2026-03-21
High VE,203,8.127692274925698,6.0617183563566215,10.973519311329179,2026-03-22
High VE,204,7.625128859566861,5.676017262098017,10.366522671109111,2026-03-23
High VE,205,7.262211839250707,5.35830845534133,9.9278731731908,2026-03-24
High VE,206,7.025229226286026,5.160577175276208,9.625143042051906,2026-03-25
High VE,207,6.811417417926291,4.959651665839517,9.378396681642926,2026-03-26
High VE,208,6.6244440832895854,4.765109258096588,9.162768587019173,2026-03-27
High VE,209,6.460547334962779,4.585555095794749,8.976287317691899,2026-03-28
High VE,210,6.186565893037668,4.351179630047593,8.634172721986264,2026-03-29
High VE,211,5.836943903400769,4.083372660862384,8.19825367882726,2026-03-30
High VE,212,5.5583095999555745,3.8689302556128196,7.905841350194703,2026-03-31
High VE,213,5.338068530130011,3.697478192956233,7.592563125565572,2026-04-01
High VE,214,5.148301521340706,3.554286576907421,7.310988006955171,2026-04-02
High VE,215,4.989266185029516,3.3815590351691562,7.075819675602659,2026-04-03
High VE,216,4.8433993812190685,3.21130477778198,6.846624357085293,2026-04-04
High VE,217,4.583787661855196,3.0042163085255367,6.54218948723356,2026-04-05
High VE,218,4.278419247125071,2.782479455269482,6.173937972797648,2026-04-06
High VE,219,4.061481981716634,2.6146351412798667,5.92936067330193,2026-04-07
High VE,220,3.9082174636871816,2.497135860105303,5.769294463048566,2026-04-08
High VE,221,3.7970287652580526,2.406755454910746,5.650642460595334,2026-04-09
High VE,222,3.700140136256297,2.318302858052947,5.552355905005969,2026-04-10
High VE,223,3.5910009291379423,2.2176094960549158,5.431531495078229,2026-04-11
High VE,224,3.4228821037686536,2.081452543274125,5.182415862570309,2026-04-12
High VE,225,3.2268928576523495,1.9320821256230245,4.902041432278422,2026-04-13
High VE,226,3.0759253238306226,1.8056501720518148,4.691469098041676,2026-04-14
High VE,227,2.9471826602260593,1.7037264060346062,4.549073428031974,2026-04-15
High VE,228,2.8333679476099993,1.6185274262028568,4.432781205511288,2026-04-16
High VE,229,2.7329391172599253,1.5371143524999233,4.3332766540227245,2026-04-17
High VE,230,2.6272536239557027,1.4532787985681181,4.205106262794396,2026-04-18
High VE,231,2.479397620156942,1.3498220810235841,4.005566390894288,2026-04-19
High VE,232,2.3134450250628893,1.2474443728621023,3.7806244685779866,2026-04-20
High VE,233,2.169709971223049,1.1617448783756517,3.5941825637803375,2026-04-21
High VE,234,2.0531093041700537,1.0925570729909433,3.4364472760294977,2026-04-22
High VE,235,1.9463655364872192,1.028127322912829,3.2819478423803568,2026-04-23
High VE,236,1.8477040657202455,0.9660100246246802,3.1320300824347918,2026-04-24
High VE,237,1.7483232588412752,0.9061571896297586,2.9814738620584404,2026-04-25
High VE,238,1.633973751441823,0.8375486775347585,2.7992449146350493,2026-04-26
High VE,239,1.513879821012213,0.7659811229799853,2.602230820237018,2026-04-27
High VE,240,1.4192797526479803,0.7075533795870301,2.4495238435004176,2026-04-28
High VE,241,1.3391440352283628,0.6600809399447155,2.3327860462841485,2026-04-29
High VE,242,1.2700532747870654,0.618180152486699,2.235181492074829,2026-04-30
High VE,243,1.2124852229264254,0.5802348240296352,2.148091010344272,2026-05-01
High VE,244,1.1584145045170096,0.5454457653039587,2.0657115213913793,2026-05-02
High VE,245,1.0893374259653927,0.50468229251468,1.955005217660533,2026-05-03
High VE,246,1.0084873741782694,0.4627764408827899,1.8303567511994292,2026-05-04
High VE,247,0.9518505656146152,0.42880277616483004,1.7338248346951775,2026-05-05
High VE,248,0.9034394116389801,0.3997536348606578,1.6578062512863243,2026-05-06
High VE,249,0.8670233421983591,0.37209082138247984,1.602974898551301,2026-05-07
High VE,250,0.8318803273893992,0.34863085494559415,1.561438295270685,2026-05-08
Infection protection only,1,0.07425964614288175,0.024755940576211877,0.2573386397927027,2025-09-01
Infection protection only,2,0.17883689514345308,0.05979060308145803,0.6179508175575072,2025-09-02
Infection protection only,3,0.22158646869222276,0.07453752097926665,0.7591622538834079,2025-09-03
Infection protection only,4,0.2401027739111657,0.08129221685428231,0.8111870279789979,2025-09-04
Infection protection only,5,0.24971761682047006,0.0852897934952404,0.8265718282075801,2025-09-05
Infection protection only,6,0.255767120757612,0.08826942275472345,0.8258440311272925,2025-09-06
Infection protection only,7,0.2546130071750034,0.0891733566271853,0.8041640905735403,2025-09-07
Infection protection only,8,0.2507363115284932,0.08910433783310795,0.7758529905000889,2025-09-08
Infection protection only,9,0.25274515177882023,0.09149935412907298,0.768405011263677,2025-09-09
Infection protection only,10,0.2616756504478844,0.09619667867821692,0.7776621110444406,2025-09-10
Infection protection only,11,0.27531472052830946,0.10262640884582545,0.7955688510098505,2025-09-11
Infection protection only,12,0.29240986583175205,0.110781062482066,0.8221490310789769,2025-09-12
Infection protection only,13,0.3102937657578216,0.11997415170944344,0.8524514253710027,2025-09-13
Infection protection only,14,0.31945695860278267,0.12616897574534858,0.8618432361382583,2025-09-14
Infection protection only,15,0.3244733195202736,0.13090290268597668,0.8595063760061377,2025-09-15
Infection protection only,16,0.3395273124303487,0.1393494308312808,0.8767101087208534,2025-09-16
Infection protection only,17,0.3604523725187154,0.15101755286983243,0.9124844314796575,2025-09-17
Infection protection only,18,0.38464192124729757,0.16469571734170557,0.9655521544585274,2025-09-18
Infection protection only,19,0.41378179301496426,0.18106663075665383,1.02764972549052,2025-09-19
Infection protection only,20,0.44773447909592484,0.19948163053388807,1.0920981723566006,2025-09-20
Infection protection only,21,0.4690658074138913,0.21288762335034603,1.1283834504947747,2025-09-21
Infection protection only,22,0.4859433215127817,0.22335964825455987,1.148111437847363,2025-09-22
Infection protection only,23,0.5157924361542165,0.23987492110751465,1.1920764044018286,2025-09-23
Infection protection only,24,0.5545312656015611,0.2613260377556387,1.2537366757037565,2025-09-24
Infection protection only,25,0.6018965554219816,0.28566519579449123,1.3195464180212497,2025-09-25
Infection protection only,26,0.6588048784212055,0.3140546293711653,1.390461965338735,2025-09-26
Infection protection only,27,0.7114375270172132,0.345168446931195,1.4626248453802322,2025-09-27
Infection protection only,28,0.7451483761955559,0.3663822344207988,1.4931009420938592,2025-09-28
Infection protection only,29,0.7657650270040426,0.3819100593752922,1.504796090042021,2025-09-29
Infection protection only,30,0.8063250286123492,0.4098059218403591,1.5576249497352452,2025-09-30
Infection protection only,31,0.868115771781739,0.449734754457365,1.6398003057000672,2025-10-01
Infection protection only,32,0.9440968919025049,0.4978983246202271,1.7516465482903076,2025-10-02
Infection protection only,33,1.0328993639275585,0.5546084768389418,1.8900374179344948,2025-10-03
Infection protection only,34,1.1320074266129576,0.6156284719171832,2.0306776859611038,2025-10-04
Infection protection only,35,1.1957711567935403,0.6568552870080819,2.102134548150099,2025-10-05
Infection protection only,36,1.2344750726702156,0.6871676425219406,2.142277760680787,2025-10-06
Infection protection only,37,1.30708200919832,0.7369055510327052,2.2183809781482298,2025-10-07
Infection protection only,38,1.4050339138589683,0.8023301553910078,2.3316566531913883,2025-10-08
Infection protection only,39,1.5256392505195406,0.8802115178154845,2.490909324155873,2025-10-09
Infection protection only,40,1.671095683643595,0.9769883925682838,2.716415472773418,2025-10-10
Infection protection only,41,1.834201590432655,1.0833297982947223,2.9577562212980113,2025-10-11
Infection protection only,42,1.9405724328079015,1.1561208737880966,3.0962817318306093,2025-10-12
Infection protection only,43,1.9918465881741148,1.2080436518737518,3.1627072557100893,2025-10-13
Infection protection only,44,2.061144222566053,1.277133354730965,3.2610962070609344,2025-10-14
Infection protection only,45,2.179132889744464,1.3789184070779936,3.444509558412057,2025-10-15
Infection protection only,46,2.350542134885341,1.4964952128611122,3.6737167041106327,2025-10-16
Infection protection only,47,2.5618650921902106,1.6399433383934652,3.972439933099483,2025-10-17
Infection protection only,48,2.7799283706127667,1.7955590386929403,4.271712064403285,2025-10-18
Infection protection only,49,2.9189144997561662,1.8987410485267513,4.439785625425386,2025-10-19
Infection protection only,50,2.9989216766855615,1.9727440265496095,4.55570333464017,2025-10-20
Infection protection only,51,3.171963338108767,2.0993795607258083,4.765779672506537,2025-10-21
Infection protection only,52,3.40280888790303,2.2770624019340877,5.074160047006275,2025-10-22
Infection protection only,53,3.6700408229731623,2.492247456114369,5.4679110863975975,2025-10-23
Infection protection only,54,3.9955018282997,2.746873151899722,5.913137306839297,2025-10-24
Infection protection only,55,4.362291975958004,3.015437005958005,6.395219180138623,2025-10-25
Infection protection only,56,4.605803611425353,3.1957835548661264,6.706298630259665,2025-10-26
Infection protection only,57,4.768433596536192,3.3300642482620306,6.9204630740901285,2025-10-27
Infection protection only,58,5.051248037421257,3.5506508404023704,7.3098759474413235,2025-10-28
Infection protection only,59,5.455725212002946,3.8522370374639228,7.8567737570658895,2025-10-29
Infection protection only,60,5.91599235292583,4.20820557990034,8.473981919846347,2025-10-30
Infection protection only,61,6.432129040231383,4.584209178755207,9.151210700854776,2025-10-31
Infection protection only,62,6.9900808027028045,5.018048117715744,9.88558160808312,2025-11-01
Infection protection only,63,7.344198702177801,5.3036900851522235,10.371229379591698,2025-11-02
Infection protection only,64,7.613585416346398,5.491545858270129,10.710656392759516,2025-11-03
Infection protection only,65,8.08223363975405,5.81918483542939,11.311650132392451,2025-11-04
Infection protection only,66,8.739688894994938,6.290102371359742,12.15664590728181,2025-11-05
Infection protection only,67,9.486792886046945,6.847604545030953,13.157844341906213,2025-11-06
Infection protection only,68,10.399787790215761,7.54158118709168,14.360446394459046,2025-11-07
Infection protection only,69,11.34043391671632,8.307011254259335,15.60031387845696,2025-11-08
Infection protection only,70,11.922213396999632,8.77999825045615,16.307458395496926,2025-11-09
Infection protection only,71,12.300912807222447,9.083112302517273,16.75574591341183,2025-11-10
Infection protection only,72,12.931817427936503,9.558858543938237,17.51374753878882,2025-11-11
Infection protection only,73,13.734822595605454,10.20992266846824,18.52458446576924,2025-11-12
Infection protection only,74,14.753137661075339,11.027412727318495,19.818396639412647,2025-11-13
Infection protection only,75,15.94853276163323,12.01501780498721,21.347856083146326,2025-11-14
Infection protection only,76,17.262490835845497,13.07788139182992,22.963970912391286,2025-11-15
Infection protection only,77,18.053124887359605,13.737865837340571,23.972268890512904,2025-11-16
Infection protection only,78,18.538759778591025,14.101157841273341,24.60641083667362,2025-11-17
Infection protection only,79,19.49878482258675,14.89641648344649,25.730428413025077,2025-11-18
Infection protection only,80,20.962124224783285,16.070975443434474,27.492441474366444,2025-11-19
Infection protection only,81,22.740110067660126,17.497552440155356,29.51650688542514,2025-11-20
Infection protection only,82,24.745635116588055,19.09057417571225,31.851152097902172,2025-11-21
Infection protection only,83,26.733133913233697,20.637374502782418,34.19003689656573,2025-11-22
Infection protection only,84,27.97018548671584,21.595568371444138,35.57308284877717,2025-11-23
Infection protection only,85,28.703120556230772,22.220478677828225,36.47283825029579,2025-11-24
Infection protection only,86,30.098549836980816,23.359888986127377,38.070010979601406,2025-11-25
Infection protection only,87,32.020007609768086,24.91255216374581,40.36820420997737,2025-11-26
Infection protection only,88,34.06310370639346,26.515192348728853,42.8528076192456,2025-11-27
Infection protection only,89,35.26281366712009,27.513875065976023,44.24877189314614,2025-11-28
Infection protection only,90,36.67361660893592,28.55272687133323,45.74495452182074,2025-11-29
Infection protection only,91,37.314933391022336,29.15510906037609,46.40208467193785,2025-11-30
Infection protection only,92,37.581980428034164,29.412320668435434,46.639538237291525,2025-12-01
Infection protection only,93,38.55539337300705,30.41230500637105,47.74027940892227,2025-12-02
Infection protection only,94,40.39073931411397,31.857991356088746,49.71749598965781,2025-12-03
Infection protection only,95,42.52894340413406,33.636681713043274,52.4721650466373,2025-12-04
Infection protection only,96,45.309060501618475,35.90930143409623,55.82758575681189,2025-12-05
Infection protection only,97,48.21415787314599,38.37718945052309,59.41755483383627,2025-12-06
Infection protection only,98,49.92862337205102,39.60967237131104,61.34694610458137,2025-12-07
Infection protection only,99,50.61845154645953,40.18450606861877,62.13504142555858,2025-12-08
Infection protection only,100,52.65580552779444,41.858890037065144,64.23731222710538,2025-12-09
Infection protection only,101,55.67370010249785,44.381685426993734,67.69556985361764,2025-12-10
Infection protection only,102,59.06198985221389,47.24801293606228,71.48304721799403,2025-12-11
Infection protection only,103,62.76413733398832,50.644308145382176,75.90455953331995,2025-12-12
Infection protection only,104,66.90287197522491,53.903233417659294,80.9252753677983,2025-12-13
Infection protection only,105,68.85868063336858,55.64612643731887,83.5521890057949,2025-12-14
Infection protection only,106,69.61107087974008,56.33417953036979,84.48923424785863,2025-12-15
Infection protection only,107,71.8775630198918,58.35575431081974,87.20629388968167,2025-12-16
Infection protection only,108,75.25807591746015,61.421512058087515,90.6846321543541,2025-12-17
Infection protection only,109,78.90298574166415,64.72893327912001,95.46671367407481,2025-12-18
Infection protection only,110,83.01574108039202,68.23136263156397,100.29927714507716,2025-12-19
Infection protection only,111,86.89732064599227,71.17873125754426,104.76108495102123,2025-12-20
Infection protection only,112,88.38903506238546,72.26541291248145,106.39755897994156,2025-12-21
Infection protection only,113,88.44251946108704,72.15489543479161,106.15395100394194,2025-12-22
Infection protection only,114,89.29660725297416,72.81751807855937,106.79756607861037,2025-12-23
Infection protection only,115,90.42711451635269,73.74442609551913,107.87469236268932,2025-12-24
Infection protection only,116,91.23494717632724,74.27516964239484,108.46395354535312,2025-12-25
Infection protection only,117,90.28564545159317,73.64702298120946,107.18615810760396,2025-12-26
Infection protection only,118,89.47141391494927,73.30579863736308,106.27330509197208,2025-12-27
Infection protection only,119,87.80580462086144,72.05584365353737,104.20366255523258,2025-12-28
Infection protection only,120,84.6593195857169,70.02667375222754,100.8717161620151,2025-12-29
Infection protection only,121,82.61039000770596,68.37511592901123,98.81313512891565,2025-12-30
Infection protection only,122,81.33761454202514,67.2009529549224,97.30137716458123,2025-12-31
Infection protection only,123,80.01474618477906,65.97075379904088,95.55674508708285,2026-01-01
Infection protection only,124,77.76247127197799,63.936429344526616,92.40528022251425,2026-01-02
Infection protection only,125,75.65277515917538,62.179157455362194,90.08335672251648,2026-01-03
Infection protection only,126,72.92197857051049,59.95519837290256,86.90412302800331,2026-01-04
Infection protection only,127,69.83902396428017,57.36497043668121,83.36654563100515,2026-01-05
Infection protection only,128,67.8261168821769,55.52218074152295,81.09787759986659,2026-01-06
Infection protection only,129,66.81751339825901,54.51428544588008,79.8538252019817,2026-01-07
Infection protection only,130,66.05952984981332,54.04583334832766,78.91958765348556,2026-01-08
Infection protection only,131,65.7107996570357,53.79911813258507,78.42590077041419,2026-01-09
Infection protection only,132,65.41532356318903,53.68419362919274,78.08579871032929,2026-01-10
Infection protection only,133,63.82632011069664,52.44942600545759,76.22159015256918,2026-01-11
Infection protection only,134,61.471751016591114,50.719206152194,73.4123181080005,2026-01-12
Infection protection only,135,60.34764621851718,49.810035963981484,71.92619027157848,2026-01-13
Infection protection only,136,60.104325200765246,49.557677184106964,71.72407314059132,2026-01-14
Infection protection only,137,60.085099544249125,49.63039849763455,71.92169125929368,2026-01-15
Infection protection only,138,60.316028598474404,49.97506803373498,72.38289918284246,2026-01-16
Infection protection only,139,60.66235820209892,50.22120609808095,73.02578637423353,2026-01-17
Infection protection only,140,59.57772976085968,49.26154436788913,71.75809294790439,2026-01-18
Infection protection only,141,57.67721796094713,47.67994752758757,69.39829628181667,2026-01-19
Infection protection only,142,56.304820056055334,46.561997834706546,67.85617601865367,2026-01-20
Infection protection only,143,55.8185504319075,46.08064307773793,67.52482656774869,2026-01-21
Infection protection only,144,55.76367602469564,46.17521055471389,67.8257295434856,2026-01-22
Infection protection only,145,55.82750038718446,46.38425273573541,68.13081383875776,2026-01-23
Infection protection only,146,55.98134844882538,46.51690977519284,68.44847514763121,2026-01-24
Infection protection only,147,54.93073716591945,45.40655001909516,67.43078442699641,2026-01-25
Infection protection only,148,53.174228285982664,43.832125551366204,65.4246073245353,2026-01-26
Infection protection only,149,52.204277778292024,42.94223302627334,64.1928247636679,2026-01-27
Infection protection only,150,51.87711518304417,42.64097563556869,63.85924669539849,2026-01-28
Infection protection only,151,51.73087906710305,42.4647218676705,64.07682741886022,2026-01-29
Infection protection only,152,52.034700230035796,42.68163026824297,64.55635320921093,2026-01-30
Infection protection only,153,52.31868823934477,42.64883860512241,65.18222320577541,2026-01-31
Infection protection only,154,51.28001794797362,41.66038146999074,64.31549963782386,2026-02-01
Infection protection only,155,49.522455623130334,40.12926702221877,62.67007461096322,2026-02-02
Infection protection only,156,48.464873508751424,39.194247476763394,61.61555253491152,2026-02-03
Infection protection only,157,47.99432850088034,38.63075329158018,61.34479036541218,2026-02-04
Infection protection only,158,47.7317934240401,38.26050607556608,61.48300918676735,2026-02-05
Infection protection only,159,47.53672817211089,38.148365540255206,61.666544146032074,2026-02-06
Infection protection only,160,47.26079222430452,37.90147233937268,61.35417695977666,2026-02-07
Infection protection only,161,45.98758736038924,36.80123771347782,59.70026337372677,2026-02-08
Infection protection only,162,44.232737788610834,35.284944397749804,57.43837969373018,2026-02-09
Infection protection only,163,43.10279125121883,34.305460588933876,56.12842119771722,2026-02-10
Infection protection only,164,42.38648084715432,33.73892618792513,55.31134984419467,2026-02-11
Infection protection only,165,41.88919824515304,33.275690445020075,54.60256618343979,2026-02-12
Infection protection only,166,41.37160169613213,32.9596044631157,54.157866237515265,2026-02-13
Infection protection only,167,40.847310764996045,32.554400881619955,53.66450370214633,2026-02-14
Infection protection only,168,39.60953509223533,31.42484537366111,52.12695016718349,2026-02-15
Infection protection only,169,37.80408314727603,29.869696962110766,49.85933409636746,2026-02-16
Infection protection only,170,36.24122381831812,28.498876575160867,47.910621023265634,2026-02-17
Infection protection only,171,34.82923851795669,27.350434947924835,46.288984896790275,2026-02-18
Infection protection only,172,33.505575770837396,26.235781729503458,44.4617343706766,2026-02-19
Infection protection only,173,32.2776482637055,25.293239559844075,42.81487709140738,2026-02-20
Infection protection only,174,31.07092223924489,24.125217289702505,41.04510621215718,2026-02-21
Infection protection only,175,29.269154993568637,22.730864061324066,38.63820025422721,2026-02-22
Infection protection only,176,27.31775915970937,21.242780080961143,36.0365004736404,2026-02-23
Infection protection only,177,25.836322472394134,20.136384507835555,34.15737097178236,2026-02-24
Infection protection only,178,24.806280750128142,19.30617995641842,32.840421071800755,2026-02-25
Infection protection only,179,23.883850127636023,18.563570665043475,31.75217547718175,2026-02-26
Infection protection only,180,23.076166766701537,17.920079593968467,30.811490157235088,2026-02-27
Infection protection only,181,22.32762220973703,17.311013325025367,29.91234338113959,2026-02-28
Infection protection only,182,21.236673927438353,16.395994331043273,28.519971663915335,2026-03-01
Infection protection only,183,19.960081908717243,15.38719584907135,26.904448089912073,2026-03-02
Infection protection only,184,19.084289555713575,14.661101580626987,25.762942808334987,2026-03-03
Infection protection only,185,18.422327204328266,14.121643230251651,24.902532455777205,2026-03-04
Infection protection only,186,17.79860947587303,13.663884435997783,24.194801608910343,2026-03-05
Infection protection only,187,17.282769226180648,13.27484220504461,23.594533062027555,2026-03-06
Infection protection only,188,16.709429328736807,12.848417703097255,22.914666577983258,2026-03-07
Infection protection only,189,15.903701356686264,12.134144895512657,21.71945793324393,2026-03-08
Infection protection only,190,14.899661273335104,11.352006376488163,20.387126784320813,2026-03-09
Infection protection only,191,14.178424651964534,10.711496194372186,19.413090070199406,2026-03-10
Infection protection only,192,13.601476613968883,10.22649361269281,18.625989075820222,2026-03-11
Infection protection only,193,13.111905025332213,9.81153839866061,17.928358937562056,2026-03-12
Infection protection only,194,12.640159664852963,9.46043599210414,17.29141562993153,2026-03-13
Infection protection only,195,12.247730097679515,9.094674151827341,16.778053213875697,2026-03-14
Infection protection only,196,11.669432965296899,8.61508402311294,15.997904307131876,2026-03-15
Infection protection only,197,10.973637133436725,8.07157990058657,15.122623834827936,2026-03-16
Infection protection only,198,10.425541772715366,7.62323631562423,14.404866260987065,2026-03-17
Infection protection only,199,10.006738804852905,7.291062651754756,13.948180200947368,2026-03-18
Infection protection only,200,9.737778236321823,7.008481917148646,13.608008075256034,2026-03-19
Infection protection only,201,9.470132800769498,6.7596948271577375,13.31340349890023,2026-03-20
Infection protection only,202,9.19006091311528,6.491200460355674,13.004922075022398,2026-03-21
Infection protection only,203,8.752005706388406,6.110792847073304,12.460971392306453,2026-03-22
Infection protection only,204,8.194889968386498,5.683268064450385,11.757997928647356,2026-03-23
Infection protection only,205,7.801377130541826,5.360507428719259,11.19625020077666,2026-03-24
Infection protection only,206,7.511918936336472,5.123526692570488,10.828959754333974,2026-03-25
Infection protection only,207,7.236486700198144,4.930544298265944,10.559291190698108,2026-03-26
Infection protection only,208,7.005150855381231,4.753804769311555,10.28782171534786,2026-03-27
Infection protection only,209,6.768532664222138,4.588102223205645,10.005635737227175,2026-03-28
Infection protection only,210,6.445980270589548,4.360249429717052,9.578954044322414,2026-03-29
Infection protection only,211,6.076108543604496,4.097901441290335,9.066725598056493,2026-03-30
Infection protection only,212,5.762541418303977,3.883943180526144,8.675313490172718,2026-03-31
Infection protection only,213,5.503859908416979,3.673406108184451,8.364540446262435,2026-04-01
Infection protection only,214,5.278515973989835,3.456625686570365,8.083635061398324,2026-04-02
Infection protection only,215,5.080630078556395,3.2726426456822217,7.829856539703039,2026-04-03
Infection protection only,216,4.885486620227963,3.1030934423310357,7.6229850192369755,2026-04-04
Infection protection only,217,4.613153956957312,2.892734923648957,7.254551101823644,2026-04-05
Infection protection only,218,4.316975436174944,2.6613691459437345,6.781941879521134,2026-04-06
Infection protection only,219,4.096796337595547,2.484574366257193,6.427069301745919,2026-04-07
Infection protection only,220,3.9400171678377616,2.360584373412906,6.192502981314835,2026-04-08
Infection protection only,221,3.805441604717462,2.253304553576463,6.031846844444504,2026-04-09
Infection protection only,222,3.684752388264438,2.1650431367531153,5.892693025709395,2026-04-10
Infection protection only,223,3.5663633238880967,2.06736511400483,5.740355983198303,2026-04-11
Infection protection only,224,3.3734080017259065,1.9352377594300538,5.481820613869529,2026-04-12
Infection protection only,225,3.175500646777448,1.7924383498596514,5.171745486677564,2026-04-13
Infection protection only,226,3.0081099269670126,1.66833382305376,4.928927519776055,2026-04-14
Infection protection only,227,2.8679488182325246,1.5619282189552146,4.746899588864991,2026-04-15
Infection protection only,228,2.7472619546408232,1.4764603600754926,4.5787377484523715,2026-04-16
Infection protection only,229,2.620934112625416,1.3906519305829468,4.433408924071431,2026-04-17
Infection protection only,230,2.5124709324149492,1.3132366467678842,4.307448223781717,2026-04-18
Infection protection only,231,2.36374008280935,1.2270251525126974,4.08610889059368,2026-04-19
Infection protection only,232,2.1992221224177904,1.1354350320310036,3.8446192549521605,2026-04-20
Infection protection only,233,2.0663074152218357,1.0540540069459436,3.6468042026934664,2026-04-21
Infection protection only,234,1.9569912614314413,0.9886441229704391,3.4795140791843333,2026-04-22
Infection protection only,235,1.8559966490435729,0.9298607510764066,3.3231874126853103,2026-04-23
Infection protection only,236,1.75806740121731,0.8738729143419102,3.172194655774731,2026-04-24
Infection protection only,237,1.661205432245619,0.8197377347701129,3.01972626272627,2026-04-25
Infection protection only,238,1.5484512293367048,0.7583595143470581,2.8317760550685858,2026-04-26
Infection protection only,239,1.4306228868016704,0.6927200086698507,2.6304010550786465,2026-04-27
Infection protection only,240,1.335135631474579,0.6383317272924206,2.4701424452706786,2026-04-28
Infection protection only,241,1.257575144137948,0.5934748531578208,2.3440704725023926,2026-04-29
Infection protection only,242,1.1912020832043715,0.5536507477679936,2.2368281232843445,2026-04-30
Infection protection only,243,1.1273308014539363,0.5175280611141833,2.1400663998219396,2026-05-01
Infection protection only,244,1.0728352338934821,0.48440813189291465,2.05114185292772,2026-05-02
Infection protection only,245,1.0031069191431072,0.4453607680178689,1.9377883685737138,2026-05-03
Infection protection only,246,0.929542100412323,0.4065741664064364,1.813363344632109,2026-05-04
Infection protection only,247,0.8711519897650319,0.374243328073451,1.7175003900463306,2026-05-05
Infection protection only,248,0.8218664148760577,0.3457422467510016,1.6437187362167192,2026-05-06
Infection protection only,249,0.7791443795466755,0.3197966345611598,1.5800759279342398,2026-05-07
Infection protection only,250,0.7449693151378811,0.29783342823028613,1.5260637309511653,2026-05-08
Low VE,1,0.07425964614288175,0.024755940576211877,0.2573386397927027,2025-09-01
Low VE,2,0.17883689514345308,0.05979060308145803,0.6179508175575072,2025-09-02
Low VE,3,0.22158646869222276,0.07453752097926665,0.7591622538834079,2025-09-03
Low VE,4,0.2401027739111657,0.08129221685428231,0.8111870279789979,2025-09-04
Low VE,5,0.24971761682047006,0.0852897934952404,0.8265718282075801,2025-09-05
Low VE,6,0.255767120757612,0.08826942275472345,0.8258440311272925,2025-09-06
Low VE,7,0.2546130071750034,0.0891733566271853,0.8041640905735403,2025-09-07
Low VE,8,0.2507363115284932,0.08910433783310795,0.7758529905000889,2025-09-08
Low VE,9,0.25274515177882023,0.09149935412907298,0.768405011263677,2025-09-09
Low VE,10,0.2616756504478844,0.09619667867821692,0.7776621110444406,2025-09-10
Low VE,11,0.27531472052830946,0.10262640884582545,0.7955688510098505,2025-09-11
Low VE,12,0.29240986583175205,0.110781062482066,0.8221490310789769,2025-09-12
Low VE,13,0.3102937657578216,0.11997415170944344,0.8524514253710027,2025-09-13
Low VE,14,0.31945695860278267,0.12616897574534858,0.8618432361382583,2025-09-14
Low VE,15,0.3244733195202736,0.13090290268597668,0.8595063760061377,2025-09-15
Low VE,16,0.3395273124303487,0.1393494308312808,0.8767101087208534,2025-09-16
Low VE,17,0.3604523725187154,0.15101755286983243,0.9124844314796575,2025-09-17
Low VE,18,0.38464192124729757,0.16469571734170557,0.9655521544585274,2025-09-18
Low VE,19,0.41378179301496426,0.18106663075665383,1.02764972549052,2025-09-19
Low VE,20,0.44773374189212206,0.1994812509641411,1.0920964958093182,2025-09-20
Low VE,21,0.46905731418100577,0.21288307590833538,1.1283636634093321,2025-09-21
Low VE,22,0.48591406997517345,0.22334426948399663,1.1480463445365399,2025-09-22
Low VE,23,0.5157289604988294,0.2398437051731066,1.1919381252265373,2025-09-23
Low VE,24,0.5544207854685957,0.26127300566197115,1.253504258806777,2025-09-24
Low VE,25,0.601726872123238,0.2855850756730193,1.3192019095344467,2025-09-25
Low VE,26,0.6585720318862581,0.3139447331286588,1.3900013144311576,2025-09-26
Low VE,27,0.7111669220156915,0.34502793143764304,1.4620424778692,2025-09-27
Low VE,28,0.7447441850103634,0.3662006651450116,1.4923365067501326,2025-09-28
Low VE,29,0.7652552617034343,0.38167707986773736,1.5038138483547356,2025-09-29
Low VE,30,0.8056978845133614,0.40949464885536047,1.5565474736218523,2025-09-30
Low VE,31,0.8673933280554493,0.44935816460123784,1.6385323780846028,2025-10-01
Low VE,32,0.9433764114254864,0.4974540938582465,1.750153276932782,2025-10-02
Low VE,33,1.0318764957960056,0.5540962888053886,1.8883427037176128,2025-10-03
Low VE,34,1.1310026691649258,0.6151019185188294,2.028787580225689,2025-10-04
Low VE,35,1.194574005552161,0.6562353350069888,2.0999704534548758,2025-10-05
Low VE,36,1.2332849920593842,0.6864265969965956,2.1397923227296465,2025-10-06
Low VE,37,1.3054774773139375,0.7360643395031078,2.2158587165142505,2025-10-07
Low VE,38,1.4030712295233576,0.8015071597073001,2.328474987091809,2025-10-08
Low VE,39,1.5238269607213082,0.8793317278884889,2.487768830618089,2025-10-09
Low VE,40,1.6695299464357907,0.9761103394959354,2.713028826675063,2025-10-10
Low VE,41,1.8326031062261452,1.0824693129213494,2.9547977596620343,2025-10-11
Low VE,42,1.9388688494269704,1.1551209426204538,3.0928889287236827,2025-10-12
Low VE,43,1.9884921473258073,1.2066966359279938,3.1584552669939017,2025-10-13
Low VE,44,2.058243534129757,1.275279750931803,3.25580290788582,2025-10-14
Low VE,45,2.1752968033252444,1.3762952624329294,3.4372077736194653,2025-10-15
Low VE,46,2.347350822846147,1.4936985756864012,3.6652641934846475,2025-10-16
Low VE,47,2.557553775847584,1.6380745782292567,3.963237928731865,2025-10-17
Low VE,48,2.7751136508763343,1.79345933132591,4.2618197966489575,2025-10-18
Low VE,49,2.9169164771636154,1.8960626725097809,4.429654094620262,2025-10-19
Low VE,50,2.9930472233700702,1.9696472136714898,4.544327101848349,2025-10-20
Low VE,51,3.166848569442761,2.0966084057558025,4.756514717867071,2025-10-21
Low VE,52,3.3979444091278492,2.2753953279180865,5.0659107642833945,2025-10-22
Low VE,53,3.6676360053029353,2.4923921655155845,5.4602902440473855,2025-10-23
Low VE,54,3.9989067336664204,2.7504890379706475,5.909612258925769,2025-10-24
Low VE,55,4.363718887588813,3.023199064218559,6.396650290927007,2025-10-25
Low VE,56,4.61200149741712,3.2043838790658503,6.710535641068333,2025-10-26
Low VE,57,4.7785052125914795,3.3407531141064357,6.928549888910021,2025-10-27
Low VE,58,5.065427292621881,3.5650280803368006,7.328919989466986,2025-10-28
Low VE,59,5.47673100920322,3.873599446597579,7.88119119068036,2025-10-29
Low VE,60,5.945203233928835,4.23265373078892,8.510862198990607,2025-10-30
Low VE,61,6.4862404539161425,4.620467510151501,9.198292080564801,2025-10-31
Low VE,62,7.049299764897681,5.067542959809579,9.952907716809994,2025-11-01
Low VE,63,7.407602960892522,5.34989748092135,10.449261070050664,2025-11-02
Low VE,64,7.6927891134197335,5.54221542519544,10.796290169219272,2025-11-03
Low VE,65,8.177449962850071,5.879357193965896,11.414233480227018,2025-11-04
Low VE,66,8.839961979737296,6.363462042330907,12.285455108743115,2025-11-05
Low VE,67,9.634330927974592,6.941080301125193,13.320148845257425,2025-11-06
Low VE,68,10.567176866064745,7.669269644063124,14.56694404775526,2025-11-07
Low VE,69,11.555551377987493,8.46410110067915,15.847011715807666,2025-11-08
Low VE,70,12.14963387227314,8.952018671456404,16.59873283210662,2025-11-09
Low VE,71,12.537412469237353,9.265644916845885,17.048644349191886,2025-11-10
Low VE,72,13.193778790377916,9.77759281843809,17.841037669741215,2025-11-11
Low VE,73,14.042406269474915,10.456519252893747,18.89871351081067,2025-11-12
Low VE,74,15.117696278592852,11.317738017229527,20.25706900366592,2025-11-13
Low VE,75,16.372698804344854,12.36101821214863,21.86857412120723,2025-11-14
Low VE,76,17.764013681016298,13.49649777276806,23.577039385802887,2025-11-15
Low VE,77,18.6090838646219,14.186329204819742,24.656565621706807,2025-11-16
Low VE,78,19.115954148334488,14.587412464866231,25.33214887152041,2025-11-17
Low VE,79,20.165453482281833,15.455321876996328,26.542650972607145,2025-11-18
Low VE,80,21.719326789311243,16.692008414721624,28.40314815609879,2025-11-19
Low VE,81,23.649183777178763,18.22528944761209,30.572526594011123,2025-11-20
Low VE,82,25.79789855938059,19.881723738424448,33.056052435390605,2025-11-21
Low VE,83,27.94615257506811,21.61677910182469,35.60615242384064,2025-11-22
Low VE,84,29.218015901740515,22.645986488715774,37.16497247048002,2025-11-23
Low VE,85,29.990962571480054,23.29406562236339,38.076945680002936,2025-11-24
Low VE,86,31.601782685712777,24.56473563862226,39.853061917216806,2025-11-25
Low VE,87,33.78458480799506,26.37800547934805,42.42292573072206,2025-11-26
Low VE,88,35.99381594227537,28.113765773343026,45.1399560168079,2025-11-27
Low VE,89,37.36311579368126,29.216307572430743,46.88801176860274,2025-11-28
Low VE,90,38.82841015705,30.420485702123433,48.43952095144348,2025-11-29
Low VE,91,39.55421021011081,31.092232322324293,49.232781264398106,2025-11-30
Low VE,92,39.87854630717642,31.3919782528932,49.5412187504147,2025-12-01
Low VE,93,41.09302185839653,32.49612363377005,50.85123418405264,2025-12-02
Low VE,94,43.269620879611146,34.241533612193614,53.20855059670559,2025-12-03
Low VE,95,45.761712716917465,36.41153493266329,56.41192435372159,2025-12-04
Low VE,96,48.92424857806123,38.993101770965154,60.261034476412156,2025-12-05
Low VE,97,52.31290152315107,41.88560813699952,64.37118688323002,2025-12-06
Low VE,98,54.20675541086982,43.35537249886977,66.55048051828656,2025-12-07
Low VE,99,55.14513575044551,44.06739044330081,67.45794557606412,2025-12-08
Low VE,100,57.48843864948209,46.08307916174508,69.96420592194386,2025-12-09
Low VE,101,60.991938075077876,49.08064688652066,73.94357637986155,2025-12-10
Low VE,102,65.0298452644821,52.532184133497104,78.52775025213664,2025-12-11
Low VE,103,69.40348734163138,56.458798443350965,83.83443796194388,2025-12-12
Low VE,104,73.97234292578986,60.30665310816971,89.58617764014234,2025-12-13
Low VE,105,76.41726325783543,62.27409460887499,92.2576840651731,2025-12-14
Low VE,106,77.23985528569625,63.168202461281126,93.29281922125283,2025-12-15
Low VE,107,79.85597592766936,65.54806007134522,95.64258308156174,2025-12-16
Low VE,108,83.69845328051433,69.07219617938041,100.3069277282795,2025-12-17
Low VE,109,88.14777897682713,72.78895571358045,105.67749298491556,2025-12-18
Low VE,110,92.85422329729445,76.57033779039715,111.02523975444598,2025-12-19
Low VE,111,97.43349966113364,80.30848432010939,115.92914036777255,2025-12-20
Low VE,112,99.07672342256474,81.71033367141114,117.53029773533356,2025-12-21
Low VE,113,98.78498984451437,81.5263704310804,117.26559195192145,2025-12-22
Low VE,114,99.71939620032629,82.15837314287134,117.81290349829506,2025-12-23
Low VE,115,100.78976764448026,83.19943025698348,118.66089850941387,2025-12-24
Low VE,116,101.37802740611625,84.08023625075434,119.0707403707142,2025-12-25
Low VE,117,100.20714631037333,83.2114942482117,117.783323717451,2025-12-26
Low VE,118,99.52541478930999,82.64321454488741,116.84015831227302,2025-12-27
Low VE,119,97.31438563185604,81.00294174588905,114.37823582668864,2025-12-28
Low VE,120,93.81394898029947,78.17097215971248,110.47552919537995,2025-12-29
Low VE,121,91.20535203249453,75.94166911478773,107.03759265975896,2025-12-30
Low VE,122,89.57338611100651,74.6310305948133,104.86219398379642,2025-12-31
Low VE,123,88.09610649171363,73.54714575953554,103.5458929124623,2026-01-01
Low VE,124,85.48409939826882,71.50835551424404,100.0099455619438,2026-01-02
Low VE,125,83.19553766122985,69.57246893289759,97.33197920288755,2026-01-03
Low VE,126,79.86803507745688,66.73125577075356,93.86630594651709,2026-01-04
Low VE,127,76.25579704552345,63.48232333907013,89.90843786351631,2026-01-05
Low VE,128,73.94294302601406,61.59377529937174,87.27766718165941,2026-01-06
Low VE,129,72.70333140510378,60.65413689020764,85.53340839707435,2026-01-07
Low VE,130,71.7947892545253,60.039285477929724,84.47919433456946,2026-01-08
Low VE,131,71.21383463852382,59.84213900888925,83.8569165540772,2026-01-09
Low VE,132,70.73100553182803,59.430552685463866,83.42072593946416,2026-01-10
Low VE,133,68.76175808555834,57.82503982146897,81.17622787376959,2026-01-11
Low VE,134,66.1782445321029,55.67792040099902,78.18965448216554,2026-01-12
Low VE,135,64.69153612297036,54.636135498850685,76.59461468489965,2026-01-13
Low VE,136,63.917977266892976,54.126864182438,75.89396943072292,2026-01-14
Low VE,137,63.69842538336551,53.88845067942747,75.73948493315112,2026-01-15
Low VE,138,63.620742836242826,53.84710268055251,75.79789917921279,2026-01-16
Low VE,139,63.592400551103836,53.90045551460569,76.04898997106604,2026-01-17
Low VE,140,62.17289623609496,52.65409489340839,74.6413363386524,2026-01-18
Low VE,141,59.86470962046937,50.6032285061227,72.09478844333849,2026-01-19
Low VE,142,58.15421474657369,49.131107023916535,70.18785676081552,2026-01-20
Low VE,143,57.44865731247934,48.46745618646807,69.45588004600164,2026-01-21
Low VE,144,57.23164325522659,48.17630607371459,69.43795081452443,2026-01-22
Low VE,145,56.95958664127794,48.00803647057558,69.25221020761042,2026-01-23
Low VE,146,56.723490541594586,47.79095439046774,68.8385674073178,2026-01-24
Low VE,147,55.30700178091644,46.63695635652112,67.64110942418365,2026-01-25
Low VE,148,53.28546755789178,44.72023968316711,65.20599715047302,2026-01-26
Low VE,149,52.005071870769,43.44648388669072,64.20876175800547,2026-01-27
Low VE,150,51.29526778050875,42.9023483547271,63.807305285166365,2026-01-28
Low VE,151,51.00467273885465,42.63059991273279,63.49793215258319,2026-01-29
Low VE,152,50.926494570203204,42.43826901216016,63.584121823974336,2026-01-30
Low VE,153,50.772224123923536,42.194127922600146,63.32433625125801,2026-01-31
Low VE,154,49.459111857845485,41.0082411253912,62.144749879006376,2026-02-01
Low VE,155,47.48934035145328,39.192110046547846,60.076159442607604,2026-02-02
Low VE,156,46.26048516165709,37.964730089542684,58.75097372813697,2026-02-03
Low VE,157,45.47396828118056,37.23341787012282,58.023411857184215,2026-02-04
Low VE,158,44.993905253565885,36.65222209536375,57.56646394911891,2026-02-05
Low VE,159,44.65044844696232,36.134282489592266,57.263055196946624,2026-02-06
Low VE,160,44.19311774543307,35.53421349451458,57.02738930414798,2026-02-07
Low VE,161,42.725389129446484,34.24518689956717,55.46914730453716,2026-02-08
Low VE,162,40.84172551368677,32.53509161314827,53.20137054460599,2026-02-09
Low VE,163,39.51740406992047,31.31549890707287,51.821319951751136,2026-02-10
Low VE,164,38.64503492984403,30.52247966284575,50.803910163445195,2026-02-11
Low VE,165,37.942499276688665,29.863716165566757,49.907695374035875,2026-02-12
Low VE,166,37.34770614687837,29.299174703120222,49.1686840065402,2026-02-13
Low VE,167,36.762743542442,28.71838221352143,48.44913662528329,2026-02-14
Low VE,168,35.335116092217845,27.52556320801516,46.715651106375844,2026-02-15
Low VE,169,33.51258925093589,26.012966311455155,44.393344729091574,2026-02-16
Low VE,170,31.930412202392183,24.703321111440406,42.44803519801887,2026-02-17
Low VE,171,30.548282356485835,23.588009100773817,40.830364209099066,2026-02-18
Low VE,172,29.16272678744578,22.572748622789536,39.2810384562452,2026-02-19
Low VE,173,27.92442801310229,21.578782611211842,37.81279017754291,2026-02-20
Low VE,174,26.625978185593002,20.561179726707575,36.03643260825534,2026-02-21
Low VE,175,25.006325882924596,19.281979169751725,33.84228334544822,2026-02-22
Low VE,176,23.237476231246546,17.876113067700683,31.50374290239655,2026-02-23
Low VE,177,21.826015276868244,16.797196342312116,29.765323148837016,2026-02-24
Low VE,178,20.74900804381819,15.9465731312558,28.50445203836081,2026-02-25
Low VE,179,19.86683214331393,15.219604255354863,27.435818169780223,2026-02-26
Low VE,180,19.08476900206938,14.572002326371134,26.473490130950253,2026-02-27
Low VE,181,18.376961952430257,13.988492678595787,25.587689555079464,2026-02-28
Low VE,182,17.37604093875239,13.182715208159395,24.277493202886394,2026-03-01
Low VE,183,16.273132205776502,12.287081934282254,22.79159493314479,2026-03-02
Low VE,184,15.434448136378238,11.617270695363906,21.7223770322154,2026-03-03
Low VE,185,14.800453277617732,11.097640225420745,20.920781203582635,2026-03-04
Low VE,186,14.27175243240626,10.674350671879369,20.198392299002485,2026-03-05
Low VE,187,13.77504784351531,10.2542991959817,19.54202257597269,2026-03-06
Low VE,188,13.248865577997407,9.811926915071574,18.878964668876048,2026-03-07
Low VE,189,12.538367586351443,9.23182256276511,17.8845677841965,2026-03-08
Low VE,190,11.706348985421112,8.531655522371668,16.671296928368506,2026-03-09
Low VE,191,11.019123481592132,7.990006817885333,15.724922848644983,2026-03-10
Low VE,192,10.528718143461955,7.63767912580403,15.015493186144067,2026-03-11
Low VE,193,10.091843843165465,7.295300905648753,14.46781519968783,2026-03-12
Low VE,194,9.752284626735852,6.971458906627874,13.918358223726736,2026-03-13
Low VE,195,9.419587023229465,6.6579753782815,13.542910145035286,2026-03-14
Low VE,196,8.910350739576177,6.265171552557725,12.940462127496394,2026-03-15
Low VE,197,8.340159343953555,5.825402921816142,12.17236898754385,2026-03-16
Low VE,198,7.879995813885281,5.451546647133779,11.511299093707152,2026-03-17
Low VE,199,7.540222972873742,5.1737372229590175,11.057773348148581,2026-03-18
Low VE,200,7.254139870772271,4.971017940564445,10.719127049356047,2026-03-19
Low VE,201,7.016029856635816,4.7942861612621055,10.43644348078203,2026-03-20
Low VE,202,6.764553953451095,4.602777146360584,10.157510886577919,2026-03-21
Low VE,203,6.39709472717216,4.33139047353686,9.702589897861975,2026-03-22
Low VE,204,5.98629532500756,4.025910143201801,9.14462936550454,2026-03-23
Low VE,205,5.655889608398859,3.7888016253409225,8.72339842247165,2026-03-24
Low VE,206,5.400296371908889,3.612399212260792,8.41889721126583,2026-03-25
Low VE,207,5.199308818155587,3.46301746192552,8.169433104885147,2026-03-26
Low VE,208,5.023329397696204,3.323895227695171,7.94437262726656,2026-03-27
Low VE,209,4.8587084715420605,3.190548708149864,7.701159332637975,2026-03-28
Low VE,210,4.60158122799721,2.9971402981394255,7.327504501011555,2026-03-29
Low VE,211,4.298332416764632,2.7908428218634134,6.9041229564877895,2026-03-30
Low VE,212,4.064396428099581,2.615155260014119,6.588863582535923,2026-03-31
Low VE,213,3.8555228053936244,2.4586791783742714,6.347669108165728,2026-04-01
Low VE,214,3.673381375078417,2.313755289695398,6.114085385045455,2026-04-02
Low VE,215,3.528087800700847,2.184084669837078,5.8825467225707575,2026-04-03
Low VE,216,3.371627570211488,2.0568127387538877,5.608711381258076,2026-04-04
Low VE,217,3.189931261814473,1.9030211959194834,5.252977825852003,2026-04-05
Low VE,218,2.9823724027674037,1.7457788919041703,4.942203051163374,2026-04-06
Low VE,219,2.821868798763417,1.6209024893577388,4.6947222551064245,2026-04-07
Low VE,220,2.6919548586093747,1.5310193491029913,4.50957461105327,2026-04-08
Low VE,221,2.590158455857776,1.461783975552884,4.363460626698197,2026-04-09
Low VE,222,2.4996538162919704,1.3980609835152913,4.234396520406719,2026-04-10
Low VE,223,2.3999095188750807,1.3269410018572119,4.092221612594804,2026-04-11
Low VE,224,2.2621172029052117,1.2372554394544257,3.8728451448334185,2026-04-12
Low VE,225,2.104901353839481,1.1410628996004044,3.6289453852870848,2026-04-13
Low VE,226,1.9892684479180767,1.0599299031062435,3.4477360958551304,2026-04-14
Low VE,227,1.8866397154277186,0.9907322527586272,3.3054899727433953,2026-04-15
Low VE,228,1.7940678681674196,0.9303646511855057,3.1743108149022627,2026-04-16
Low VE,229,1.715897084665576,0.8694125503772697,3.065205725102834,2026-04-17
Low VE,230,1.6393726245557532,0.8159906187543706,2.9613430164332755,2026-04-18
Low VE,231,1.5357161263477237,0.7578931449532674,2.809603839327714,2026-04-19
Low VE,232,1.420305346054787,0.6983947744005463,2.6329880304894933,2026-04-20
Low VE,233,1.327221137596467,0.649203864785292,2.484202809532585,2026-04-21
Low VE,234,1.2501253334422198,0.6082187112582659,2.36017281415464,2026-04-22
Low VE,235,1.1781971788422787,0.5703283150945425,2.245432667327969,2026-04-23
Low VE,236,1.1093539341171863,0.5322549378884542,2.134663869553073,2026-04-24
Low VE,237,1.0425596949774254,0.496482261000995,2.0260854525101815,2026-04-25
Low VE,238,0.96674171943333,0.4574656786408283,1.892464362889288,2026-04-26
Low VE,239,0.8882464247011148,0.4175076777239456,1.751199570363462,2026-04-27
Low VE,240,0.8247241962867983,0.3848736915446729,1.637133410500779,2026-04-28
Low VE,241,0.7738145536135645,0.35718679442807005,1.5478220617757001,2026-04-29
Low VE,242,0.7306753329942364,0.3317068062762538,1.4730225523977754,2026-04-30
Low VE,243,0.6904061958199051,0.30808028665382053,1.4075025483574841,2026-05-01
Low VE,244,0.6551298569445658,0.2860586765018461,1.3454138187741078,2026-05-02
Low VE,245,0.610980457967524,0.2621252611086371,1.264162636802694,2026-05-03
Low VE,246,0.5644728248917263,0.23840973490115253,1.1755918364416782,2026-05-04
Low VE,247,0.5282475887299738,0.21868662536605513,1.106650545459372,2026-05-05
Low VE,248,0.4988460193027872,0.2014712276564448,1.0526827265468626,2026-05-06
Low VE,249,0.47217569146244615,0.1863809210418098,1.0068073985892425,2026-05-07
Low VE,250,0.4476800984273094,0.1736343857133623,0.9675796615507056,2026-05-08
baseline,1,0.07425964614288175,0.024755940576211877,0.2573386397927027,2025-09-01
baseline,2,0.17883689514345308,0.05979060308145803,0.6179508175575072,2025-09-02
baseline,3,0.22158646869222276,0.07453752097926665,0.7591622538834079,2025-09-03
baseline,4,0.2401027739111657,0.08129221685428231,0.8111870279789979,2025-09-04
baseline,5,0.24971761682047006,0.0852897934952404,0.8265718282075801,2025-09-05
baseline,6,0.255767120757612,0.08826942275472345,0.8258440311272925,2025-09-06
baseline,7,0.2546130071750034,0.0891733566271853,0.8041640905735403,2025-09-07
baseline,8,0.2507363115284932,0.08910433783310795,0.7758529905000889,2025-09-08
baseline,9,0.25274515177882023,0.09149935412907298,0.768405011263677,2025-09-09
baseline,10,0.2616756504478844,0.09619667867821692,0.7776621110444406,2025-09-10
baseline,11,0.27531472052830946,0.10262640884582545,0.7955688510098505,2025-09-11
baseline,12,0.29240986583175205,0.110781062482066,0.8221490310789769,2025-09-12
baseline,13,0.3102937657578216,0.11997415170944344,0.8524514253710027,2025-09-13
baseline,14,0.31945695860278267,0.12616897574534858,0.8618432361382583,2025-09-14
baseline,15,0.3244733195202736,0.13090290268597668,0.8595063760061377,2025-09-15
baseline,16,0.3395273124303487,0.1393494308312808,0.8767101087208534,2025-09-16
baseline,17,0.3604523725187154,0.15101755286983243,0.9124844314796575,2025-09-17
baseline,18,0.38464192124729757,0.16469571734170557,0.9655521544585274,2025-09-18
baseline,19,0.41378179301496426,0.18106663075665383,1.02764972549052,2025-09-19
baseline,20,0.447733141512325,0.19948096585270977,1.0920951269022945,2025-09-20
baseline,21,0.4690501054955114,0.21287962430482066,1.1283473489439442,2025-09-21
baseline,22,0.48588799560427104,0.2233318733544515,1.1479891795179091,2025-09-22
baseline,23,0.5156626845161416,0.23981260109060815,1.1917962192530702,2025-09-23
baseline,24,0.5542886120164392,0.2612122301956264,1.2532297271816317,2025-09-24
baseline,25,0.6015050646739525,0.2854788278085213,1.3187526446929918,2025-09-25
baseline,26,0.658219862542748,0.3137754687499549,1.3893149921832564,2025-09-26
baseline,27,0.7106497182013163,0.3447727543232763,1.4610630143396812,2025-09-27
baseline,28,0.7440791588388302,0.36585852150563336,1.4910851814185428,2025-09-28
baseline,29,0.7644090945251554,0.38123676510291477,1.5021951873540853,2025-09-29
baseline,30,0.8045867893097628,0.40889443337227677,1.5544909403032798,2025-09-30
baseline,31,0.8659399847974522,0.4485498037496493,1.6358577151999545,2025-10-01
baseline,32,0.941387462392039,0.49637491470849054,1.7466871712389986,2025-10-02
baseline,33,1.0293396987890504,0.552668817261684,1.883866331876646,2025-10-03
baseline,34,1.1277813154529106,0.6132892442778014,2.023156576618526,2025-10-04
baseline,35,1.1905256339918993,0.6540349481667013,2.093340526968088,2025-10-05
baseline,36,1.2286738526032401,0.6838278671041769,2.132128036016248,2025-10-06
baseline,37,1.300072847120985,0.7328926389976674,2.2069257707111563,2025-10-07
baseline,38,1.3963337304374097,0.797597821063268,2.3179182674643064,2025-10-08
baseline,39,1.515509323018027,0.8744939764384086,2.474302571309045,2025-10-09
baseline,40,1.6593978419738518,0.9700575144968571,2.6968007091587674,2025-10-10
baseline,41,1.8199651283435312,1.0749615417318104,2.935011928291695,2025-10-11
baseline,42,1.9244279138805491,1.1462418562660452,3.0700890838295987,2025-10-12
baseline,43,1.9722661949122928,1.1963479146224454,3.132837690570757,2025-10-13
baseline,44,2.0394199492910956,1.263233186967701,3.226537085809074,2025-10-14
baseline,45,2.1531066343652205,1.361687421717236,3.402653327689544,2025-10-15
baseline,46,2.3203328829859178,1.4765645302916337,3.623544003867484,2025-10-16
baseline,47,2.5244637009892346,1.6171054426872924,3.9137160315510435,2025-10-17
baseline,48,2.735178378092108,1.767698082404344,4.203339495101944,2025-10-18
baseline,49,2.871960060645105,1.8660064425739105,4.361288417933473,2025-10-19
baseline,50,2.9430484190388384,1.9357691825587215,4.4682293310482475,2025-10-20
baseline,51,3.110192716905782,2.0573561808010816,4.6703170892171375,2025-10-21
baseline,52,3.3285280048393737,2.2291023003694725,4.965352888097413,2025-10-22
baseline,53,3.587190518881344,2.437454982842376,5.343759155143445,2025-10-23
baseline,54,3.9043233869141165,2.6849511318358905,5.7732982126134615,2025-10-24
baseline,55,4.257100213673718,2.946197928962447,6.2377949198846085,2025-10-25
baseline,56,4.486474555206048,3.1172248985775584,6.53284176003109,2025-10-26
baseline,57,4.643882744604618,3.245312456276219,6.732174981735337,2025-10-27
baseline,58,4.909666987433337,3.456686024153006,7.107419331950443,2025-10-28
baseline,59,5.300632071624407,3.7474379933509767,7.629202043598022,2025-10-29
baseline,60,5.738373326807617,4.087653180062031,8.22105147570719,2025-10-30
baseline,61,6.245933764245725,4.448649856253401,8.866616283453348,2025-10-31
baseline,62,6.774079152189899,4.869575071373641,9.567760960956303,2025-11-01
baseline,63,7.098627234547536,5.131324660994774,10.023140826466532,2025-11-02
baseline,64,7.360126380970427,5.303964620183898,10.33338556691963,2025-11-03
baseline,65,7.80103691768327,5.612497658811031,10.897886214369237,2025-11-04
baseline,66,8.419763220638863,6.057793014048487,11.698758320924856,2025-11-05
baseline,67,9.149042734968893,6.588469756620141,12.649136238496487,2025-11-06
baseline,68,10.000139956696062,7.249246499828379,13.795365366715085,2025-11-07
baseline,69,10.903912971209827,7.976030229329707,14.967643402731778,2025-11-08
baseline,70,11.432367203080824,8.419716980966712,15.633191103895278,2025-11-09
baseline,71,11.769392864520565,8.685786541029481,16.017073772334463,2025-11-10
baseline,72,12.339268331412198,9.139209486962375,16.707395925522093,2025-11-11
baseline,73,13.098651712888223,9.749444250467743,17.64257552527703,2025-11-12
baseline,74,14.054158849000018,10.516224156852083,18.84834636176845,2025-11-13
baseline,75,15.161653653330777,11.436282807022307,20.27809452386599,2025-11-14
baseline,76,16.409798434612547,12.44112318376177,21.784534074939902,2025-11-15
baseline,77,17.121213296694027,13.046177663710045,22.685928359113497,2025-11-16
baseline,78,17.540662629942645,13.369458722506423,23.259802055513944,2025-11-17
baseline,79,18.39846220996809,14.103650458231064,24.25527284238033,2025-11-18
baseline,80,19.738567108357497,15.16464544647985,25.854483534098954,2025-11-19
baseline,81,21.369555227688036,16.46117558622002,27.69436851773717,2025-11-20
baseline,82,23.238642123225855,17.91556152126846,29.82498696594462,2025-11-21
baseline,83,25.030688540217295,19.352637376329817,31.95327929971417,2025-11-22
baseline,84,26.070080432446666,20.189882354272097,33.17649674888708,2025-11-23
baseline,85,26.680311352338414,20.677647098920374,33.885555509492875,2025-11-24
baseline,86,27.931930103886234,21.68767812413585,35.285907256159625,2025-11-25
baseline,87,29.69770615915973,23.16646821088946,37.39475110941509,2025-11-26
baseline,88,31.548275923660885,24.598777143012438,39.618308432921346,2025-11-27
baseline,89,32.58386299415539,25.444170837021133,40.886662449296566,2025-11-28
baseline,90,33.721085734040194,26.371913546891985,42.1171442092223,2025-11-29
baseline,91,34.237945929111504,26.842857259987817,42.56119088821234,2025-11-30
baseline,92,34.3133796353539,26.997658047181694,42.727571540745075,2025-12-01
baseline,93,35.26479093426962,27.827365577948886,43.712488804491045,2025-12-02
baseline,94,36.858642557889105,29.20225911704663,45.54215145914691,2025-12-03
baseline,95,38.942896241249734,30.910599929998657,47.97676404293779,2025-12-04
baseline,96,41.34649609238467,32.979766297566414,51.03689411410191,2025-12-05
baseline,97,44.050228428413284,35.16083734536639,54.29647835881425,2025-12-06
baseline,98,45.52409582836784,36.30974720344498,55.968465764017935,2025-12-07
baseline,99,46.14305128212914,36.764047009030826,56.53980719992614,2025-12-08
baseline,100,47.85233082397965,38.25363705470741,58.40691426083238,2025-12-09
baseline,101,50.64976978001772,40.56559984921463,61.60430596151537,2025-12-10
baseline,102,53.735055286613196,43.24760551860518,65.19038246452519,2025-12-11
baseline,103,57.220755243435256,46.34380990663556,69.14294510866421,2025-12-12
baseline,104,60.70246645754679,49.321542694526244,73.41903312078249,2025-12-13
baseline,105,62.48356038290079,50.76956089591234,75.70867127844794,2025-12-14
baseline,106,63.09228798675294,51.35378299661999,76.53727798335531,2025-12-15
baseline,107,65.11554274126289,53.15681831101582,78.73073291845996,2025-12-16
baseline,108,68.08080537440404,55.775575197897176,81.6736958560803,2025-12-17
baseline,109,71.46378984330559,58.69731344205968,85.93058454848823,2025-12-18
baseline,110,74.99168821016323,61.663267667954365,90.44750965263106,2025-12-19
baseline,111,78.48278989298647,64.36005166000018,94.41257629701553,2025-12-20
baseline,112,79.70434916552043,65.30347958835961,95.70496768418047,2025-12-21
baseline,113,79.45470275582979,65.06770221203112,95.24919734163137,2025-12-22
baseline,114,80.0554037959951,65.35890594913458,95.66168086914159,2025-12-23
baseline,115,80.93249057416836,66.26288984713294,96.79478581563941,2025-12-24
baseline,116,81.43754492981067,66.72127665325365,97.0264316520155,2025-12-25
baseline,117,80.43294802651141,66.10486398278292,95.65563689488371,2025-12-26
baseline,118,79.80856863329902,65.63473691517177,94.5811647776861,2025-12-27
baseline,119,77.99038038544168,64.37583632457287,92.50663218836229,2025-12-28
baseline,120,75.39514892564728,62.363627922574906,89.41879623299572,2025-12-29
baseline,121,73.38640717357856,60.84343654861363,87.53129120459646,2025-12-30
baseline,122,72.14364333493204,59.70054480970414,86.4125000030689,2025-12-31
baseline,123,70.96007821363092,58.58576528506218,84.71215247502252,2026-01-01
baseline,124,68.87583174408344,56.76402132690793,81.80317784638483,2026-01-02
baseline,125,66.97582323021203,55.241471854313104,79.43011083198722,2026-01-03
baseline,126,64.42302104878898,53.28260667704852,76.83814517077158,2026-01-04
baseline,127,61.68221789271735,50.84460063975959,73.38550762478174,2026-01-05
baseline,128,59.96261139031429,49.24518054972988,71.44799608054136,2026-01-06
baseline,129,59.07074036269087,48.39919990059769,70.43253053000579,2026-01-07
baseline,130,58.41661876810515,47.98999732650733,69.72540286291145,2026-01-08
baseline,131,58.155370630239,47.927978934492984,69.33307332911825,2026-01-09
baseline,132,57.89626104355625,47.822236496062004,68.97907003370857,2026-01-10
baseline,133,56.52304442548043,46.69439528349588,67.23110319383967,2026-01-11
baseline,134,54.40816164704081,45.054648458758344,64.7524675852327,2026-01-12
baseline,135,53.39415282716904,44.20040548542449,63.55496314625818,2026-01-13
baseline,136,53.14116885772956,44.02830111598923,63.41617991917347,2026-01-14
baseline,137,53.195548633795276,44.08436361399613,63.54701129660535,2026-01-15
baseline,138,53.433173716937084,44.50198974815081,63.93089799867964,2026-01-16
baseline,139,53.809016534554374,44.787894970196895,64.4521948467504,2026-01-17
baseline,140,52.77291453385041,43.8641666240354,63.39439124210185,2026-01-18
baseline,141,50.9317791860901,42.363046398511344,61.227901189887696,2026-01-19
baseline,142,49.67398350649277,41.3343163036832,59.666007312644595,2026-01-20
baseline,143,49.22021229001936,41.07268100253246,59.45831693256008,2026-01-21
baseline,144,49.27496468830031,40.97760523820153,59.71027328255754,2026-01-22
baseline,145,49.3326342917573,41.1152854435483,59.944791752780354,2026-01-23
baseline,146,49.49063565247961,41.08164946679364,60.23189145034872,2026-01-24
baseline,147,48.48336781968396,40.08118225227846,59.234508403095866,2026-01-25
baseline,148,46.89321502204491,38.65767280801591,57.28917745706866,2026-01-26
baseline,149,45.97597258562307,37.82675703211695,56.12982638702853,2026-01-27
baseline,150,45.676202379158084,37.536761336155024,55.951048469968725,2026-01-28
baseline,151,45.65543434288837,37.388398785170956,56.12963536517498,2026-01-29
baseline,152,45.92464586618964,37.63679103374001,56.66981293287328,2026-01-30
baseline,153,46.14554919483088,37.664750185925215,57.14338912685516,2026-01-31
baseline,154,45.175787478561524,36.75910946167064,56.411073095096626,2026-02-01
baseline,155,43.58174405990977,35.35538645523185,54.86204183385908,2026-02-02
baseline,156,42.619732834894435,34.496781314645894,53.953808198586145,2026-02-03
baseline,157,42.143018254942504,33.929639043799625,53.64093976265455,2026-02-04
baseline,158,41.99469266453581,33.66944478252631,53.74676582292279,2026-02-05
baseline,159,41.80432823551259,33.55742205264841,54.066331619538374,2026-02-06
baseline,160,41.57697744148819,33.39266436947379,53.77551713193076,2026-02-07
baseline,161,40.472804308780745,32.454695606040055,52.25952685649485,2026-02-08
baseline,162,38.849270840943745,31.071479410665653,50.205265711402916,2026-02-09
baseline,163,37.81979895710008,30.18876643673131,49.00228402163087,2026-02-10
baseline,164,37.248488303841555,29.676528561589574,48.322928125969234,2026-02-11
baseline,165,36.70929957891936,29.33550072624414,47.713740529290035,2026-02-12
baseline,166,36.35757523162979,29.031544647615636,47.49007100695763,2026-02-13
baseline,167,36.015303295448376,28.66360586787267,47.133285795061504,2026-02-14
baseline,168,34.80234573451773,27.665533003957187,45.718346670471334,2026-02-15
baseline,169,33.125280081732,26.275607293974367,43.66432492743515,2026-02-16
baseline,170,31.69819259210329,25.002119987034845,41.89189330739672,2026-02-17
baseline,171,30.43123042315001,23.934136741600618,40.23922834113886,2026-02-18
baseline,172,29.315352253612396,22.97833822972776,38.774857330755964,2026-02-19
baseline,173,28.148743954308898,22.074778587159013,37.34637526992965,2026-02-20
baseline,174,27.021330525667747,21.122678352911546,35.70958776850344,2026-02-21
baseline,175,25.435993955027378,19.884944531230143,33.584051579931504,2026-02-22
baseline,176,23.733786754076842,18.53940649019207,31.299975753125572,2026-02-23
baseline,177,22.426213088652986,17.521544247331835,29.657324818665842,2026-02-24
baseline,178,21.508614337251792,16.776653218082156,28.50284182008085,2026-02-25
baseline,179,20.706171280042167,16.164195902699102,27.55022339349954,2026-02-26
baseline,180,20.033761980298493,15.625311454292858,26.740205401116935,2026-02-27
baseline,181,19.371380396674517,15.070761102676206,26.012517408576535,2026-02-28
baseline,182,18.457066010047164,14.278784630575018,24.781301008789338,2026-03-01
baseline,183,17.357561996285884,13.39109188910234,23.385914629444297,2026-03-02
baseline,184,16.556123871718086,12.757446891178839,22.391602699788212,2026-03-03
baseline,185,15.984308868101753,12.304892951734665,21.633677815060334,2026-03-04
baseline,186,15.481170823890276,11.916146138170998,21.064595679302528,2026-03-05
baseline,187,15.034009960231415,11.564264561755845,20.517369180272677,2026-03-06
baseline,188,14.556650193326451,11.185688496304046,19.880416911085465,2026-03-07
baseline,189,13.84037143175437,10.583005401733777,18.883627463631495,2026-03-08
baseline,190,12.969448509406615,9.863168233492091,17.711233243364774,2026-03-09
baseline,191,12.318607274129285,9.302420298781842,16.84737772121206,2026-03-10
baseline,192,11.833698977442067,8.870874806366983,16.169419765487703,2026-03-11
baseline,193,11.409938907205778,8.523095559190637,15.565385889248196,2026-03-12
baseline,194,10.999141640390643,8.213091793725289,15.05041816870748,2026-03-13
baseline,195,10.66091246943601,7.925651027649824,14.60042288248676,2026-03-14
baseline,196,10.14327586919632,7.507828638879113,13.938550113367883,2026-03-15
baseline,197,9.514593569259315,7.025689706525582,13.168868068713246,2026-03-16
baseline,198,9.054863873964866,6.631907044705535,12.516225399530745,2026-03-17
baseline,199,8.677931936819673,6.314415506894699,12.080216081626347,2026-03-18
baseline,200,8.436655547661573,6.070492277361476,11.790539277966147,2026-03-19
baseline,201,8.231305734531343,5.859983450379005,11.554266029982339,2026-03-20
baseline,202,8.009082112529878,5.632540832135396,11.249770461577207,2026-03-21
baseline,203,7.604304802329436,5.313732739184056,10.744596625208484,2026-03-22
baseline,204,7.119039597747259,4.945140167068332,10.142751551674792,2026-03-23
baseline,205,6.768601321594858,4.662294358360073,9.692482415187792,2026-03-24
baseline,206,6.505507695756085,4.456802382048004,9.40476219876476,2026-03-25
baseline,207,6.280499061234273,4.286155462039848,9.166220751831817,2026-03-26
baseline,208,6.087692584426197,4.127857052060388,8.921596457601257,2026-03-27
baseline,209,5.872117200561413,3.983653609242158,8.680085063263922,2026-03-28
baseline,210,5.60112043947395,3.7832773497395698,8.327542048788594,2026-03-29
baseline,211,5.265870069369172,3.5512017370296247,7.889676054366413,2026-03-30
baseline,212,5.001602177246845,3.3640079784414394,7.550355755174498,2026-03-31
baseline,213,4.772068246154622,3.194713053231574,7.281198781444248,2026-04-01
baseline,214,4.57607130400347,3.007415931723999,7.027372066895968,2026-04-02
baseline,215,4.411200749222932,2.848919377112574,6.810926689982149,2026-04-03
baseline,216,4.2421206937146145,2.697886480569014,6.625615295809694,2026-04-04
baseline,217,4.0002296208785335,2.501634054866495,6.286339296317103,2026-04-05
baseline,218,3.7456971364663048,2.301937501976342,5.870022233280528,2026-04-06
baseline,219,3.5549230838438297,2.1540547266341905,5.573634935252369,2026-04-07
baseline,220,3.414024563211716,2.041776965603732,5.377807581675867,2026-04-08
baseline,221,3.299433815866517,1.9553687964363027,5.241076246899826,2026-04-09
baseline,222,3.2006120472868176,1.8746156395709357,5.123337036487603,2026-04-10
baseline,223,3.090366076101866,1.7867964529458058,4.9930034088441655,2026-04-11
baseline,224,2.928377538380247,1.6716942554671563,4.764984242722727,2026-04-12
baseline,225,2.7429484326298175,1.5466365355866454,4.489706809331705,2026-04-13
baseline,226,2.604976174973741,1.4415393271537869,4.278544712674709,2026-04-14
baseline,227,2.4805423474809754,1.3547941611218146,4.108978881957494,2026-04-15
baseline,228,2.3739587715738515,1.2804105903824223,3.9550008631993196,2026-04-16
baseline,229,2.2669405174808563,1.2035503752060381,3.846673889726894,2026-04-17
baseline,230,2.1784626034309227,1.138159975860638,3.739274673928541,2026-04-18
baseline,231,2.044009990612956,1.0628300066307976,3.5416116008937255,2026-04-19
baseline,232,1.9038162731843105,0.9823479805158646,3.3179486888413745,2026-04-20
baseline,233,1.7800526561505248,0.9148371179022297,3.143818847363141,2026-04-21
baseline,234,1.6836887174455204,0.857378058644732,2.9974207829003894,2026-04-22
baseline,235,1.594543021217632,0.8051483249183703,2.861671898676396,2026-04-23
baseline,236,1.509504260895937,0.756350566594157,2.7314149346360033,2026-04-24
baseline,237,1.4256415900130732,0.7091831258699547,2.599694949768241,2026-04-25
baseline,238,1.327636207097659,0.6554626889587849,2.436712179725048,2026-04-26
baseline,239,1.2252357249068484,0.5980928825692862,2.2623023313581814,2026-04-27
baseline,240,1.143072733697999,0.5509261127081652,2.12505980871264,2026-04-28
baseline,241,1.0777042162628172,0.5123749770025102,2.0177708580042233,2026-04-29
baseline,242,1.0208470342796039,0.4782999450297958,1.9272272828306491,2026-04-30
baseline,243,0.9692630193434832,0.4465423883984195,1.8474462612156997,2026-05-01
baseline,244,0.9233002957852307,0.4161249880761174,1.7742800394345162,2026-05-02
baseline,245,0.8643850226897024,0.3824826867356476,1.6768081481878874,2026-05-03
baseline,246,0.8030660733259187,0.3488883662145467,1.5665871243820664,2026-05-04
baseline,247,0.7523092511249508,0.3210532666183139,1.4830081729669904,2026-05-05
baseline,248,0.7064182684656896,0.2966723868548732,1.4184610296708322,2026-05-06
baseline,249,0.6715910432930445,0.27453996119306856,1.3644262157780997,2026-05-07
baseline,250,0.641707005011313,0.2558358570924301,1.3181891264429566,2026-05-08
no vax,1,0.07425964614288175,0.024755940576211877,0.2573386397927027,2025-09-01
no vax,2,0.17883689514345308,0.05979060308145803,0.6179508175575072,2025-09-02
no vax,3,0.22158646869222276,0.07453752097926665,0.7591622538834079,2025-09-03
no vax,4,0.2401027739111657,0.08129221685428231,0.8111870279789979,2025-09-04
no vax,5,0.24971761682047006,0.0852897934952404,0.8265718282075801,2025-09-05
no vax,6,0.255767120757612,0.08826942275472345,0.8258440311272925,2025-09-06
no vax,7,0.2546130071750034,0.0891733566271853,0.8041640905735403,2025-09-07
no vax,8,0.2507363115284932,0.08910433783310795,0.7758529905000889,2025-09-08
no vax,9,0.25274515177882023,0.09149935412907298,0.768405011263677,2025-09-09
no vax,10,0.2616756504478844,0.09619667867821692,0.7776621110444406,2025-09-10
no vax,11,0.27531472052830946,0.10262640884582545,0.7955688510098505,2025-09-11
no vax,12,0.29240986583175205,0.110781062482066,0.8221490310789769,2025-09-12
no vax,13,0.3102937657578216,0.11997415170944344,0.8524514253710027,2025-09-13
no vax,14,0.31945695860278267,0.12616897574534858,0.8618432361382583,2025-09-14
no vax,15,0.3244733195202736,0.13090290268597668,0.8595063760061377,2025-09-15
no vax,16,0.3395273124303487,0.1393494308312808,0.8767101087208534,2025-09-16
no vax,17,0.3604523725187154,0.15101755286983243,0.9124844314796575,2025-09-17
no vax,18,0.38464192124729757,0.16469571734170557,0.9655521544585274,2025-09-18
no vax,19,0.41378179301496426,0.18106663075665383,1.02764972549052,2025-09-19
no vax,20,0.44773488555317464,0.19948179464248728,1.0920990664109074,2025-09-20
no vax,21,0.46907079617321024,0.21288964995696155,1.128394269409634,2025-09-21
no vax,22,0.48596284782690635,0.22336768419335057,1.1481527336701585,2025-09-22
no vax,23,0.5158507214297455,0.23990053801156674,1.1921975819765498,2025-09-23
no vax,24,0.5546590388926169,0.2613814695846476,1.2540007404392688,2025-09-24
no vax,25,0.602124358810859,0.28577433607102143,1.3200091013894308,2025-09-25
no vax,26,0.659200931891207,0.31424525701902745,1.3912299457875306,2025-09-26
no vax,27,0.7120866850893484,0.3454829081402645,1.46379471172773,2025-09-27
no vax,28,0.7459419644168996,0.3668146140928307,1.494589289446931,2025-09-28
no vax,29,0.7667902920300298,0.3824729509395811,1.5067423152737636,2025-09-29
no vax,30,0.8077168221494311,0.41059014964983004,1.5602814204949873,2025-09-30
no vax,31,0.8700546043030083,0.4508334263987146,1.6433898141111467,2025-10-01
no vax,32,0.9469629125116892,0.49942539690105814,1.756468685933663,2025-10-02
no vax,33,1.0365100695170641,0.556710166830957,1.8965175964219354,2025-10-03
no vax,34,1.1368278695713554,0.6183838471620204,2.0391090777105436,2025-10-04
no vax,35,1.2016185875419887,0.6602498726641045,2.1121910673169113,2025-10-05
no vax,36,1.2419138265953877,0.6912036244220554,2.153949095670314,2025-10-06
no vax,37,1.315442417655483,0.7419108162966233,2.2323773319254867,2025-10-07
no vax,38,1.4156812251192874,0.808711545322048,2.3479789749323916,2025-10-08
no vax,39,1.539268671894225,0.8882327188632567,2.5127182244071746,2025-10-09
no vax,40,1.688182170360851,0.9872488216619095,2.743191432865323,2025-10-10
no vax,41,1.8558081432599,1.0963033476023394,2.9915502611735594,2025-10-11
no vax,42,1.9653328015716367,1.1715573953667306,3.135445236451832,2025-10-12
no vax,43,2.0190048387698005,1.2260158629559819,3.2063709204204796,2025-10-13
no vax,44,2.0930111554017463,1.2977567023424414,3.3102795322111493,2025-10-14
no vax,45,2.2161282157658935,1.4033937257782212,3.501063863653146,2025-10-15
no vax,46,2.3969878816004533,1.525110037079964,3.7418905685404678,2025-10-16
no vax,47,2.6170700766103874,1.676124348694378,4.053528497373615,2025-10-17
no vax,48,2.8476472182922903,1.8399104090912943,4.367955004602387,2025-10-18
no vax,49,2.9986626614741176,1.9503218083536977,4.553967128201752,2025-10-19
no vax,50,3.0851966060409026,2.030876413431802,4.682804092831901,2025-10-20
no vax,51,3.269228951414159,2.1673811966114047,4.912745035416559,2025-10-21
no vax,52,3.5196043074994536,2.3585189734160052,5.246685685495629,2025-10-22
no vax,53,3.8122747790967484,2.590662311999656,5.670461250354251,2025-10-23
no vax,54,4.16652830524208,2.8674012862080374,6.15474099685683,2025-10-24
no vax,55,4.563619277752751,3.161260194243707,6.681914296597845,2025-10-25
no vax,56,4.8339293379808375,3.361720964643561,7.030156562292794,2025-10-26
no vax,57,5.019463014595129,3.5105867910236914,7.281924140792969,2025-10-27
no vax,58,5.348885534638637,3.758591418456658,7.727571299185644,2025-10-28
no vax,59,5.7966075791936085,4.0997580573682075,8.333647027122458,2025-10-29
no vax,60,6.311613438260446,4.491897056198937,9.030454353257978,2025-10-30
no vax,61,6.916601559889116,4.927782587320772,9.7920162516645,2025-10-31
no vax,62,7.536391586766239,5.42165535423485,10.642639728227081,2025-11-01
no vax,63,7.9680260262325975,5.743694521917387,11.214585203940766,2025-11-02
no vax,64,8.288256622051943,5.973012051254854,11.630713531738701,2025-11-03
no vax,65,8.851297458063758,6.362440680708132,12.34602953997664,2025-11-04
no vax,66,9.601175412020616,6.916173813868638,13.343656942599454,2025-11-05
no vax,67,10.494242676714297,7.5762843083222755,14.52955693360235,2025-11-06
no vax,68,11.580856961263102,8.426985812657874,15.954384676118105,2025-11-07
no vax,69,12.737624833760876,9.34694120024183,17.43305442957024,2025-11-08
no vax,70,13.456554687727476,9.923054046908275,18.349711629834033,2025-11-09
no vax,71,13.934821877389899,10.312712838811,18.919998627408006,2025-11-10
no vax,72,14.74457968048836,10.937525813911531,19.900597172729682,2025-11-11
no vax,73,15.754077524006574,11.739237604366881,21.174213327702393,2025-11-12
no vax,74,17.021588369450875,12.767660042371848,22.801015072719515,2025-11-13
no vax,75,18.56118966240691,14.032135997024445,24.741882027190687,2025-11-14
no vax,76,20.216434204536746,15.402067207608019,26.83717925898053,2025-11-15
no vax,77,21.297021157270315,16.24064887612779,28.2212389508506,2025-11-16
no vax,78,21.975543309485413,16.787154930187217,29.022216157031284,2025-11-17
no vax,79,23.326725653253256,17.886703089001013,30.696907826504255,2025-11-18
no vax,80,25.315467755576513,19.449776229385712,32.99262373977959,2025-11-19
no vax,81,27.70990873950661,21.33719498892275,35.72999307427276,2025-11-20
no vax,82,30.42456084735937,23.470206117915,38.87502718774877,2025-11-21
no vax,83,33.19855137105543,25.713465955332232,42.203968148816685,2025-11-22
no vax,84,34.880148118709315,27.12764492625031,44.279999719621294,2025-11-23
no vax,85,36.083278860692246,28.092809329798296,45.63339792949265,2025-11-24
no vax,86,38.23950330747941,29.839258357582732,48.19999659435327,2025-11-25
no vax,87,41.173531328971855,32.22403300587408,51.55705988636502,2025-11-26
no vax,88,44.1562047820217,34.54478308187263,55.16447716365155,2025-11-27
no vax,89,46.064423546467786,36.13338602518195,57.703470136369376,2025-11-28
no vax,90,48.12495441894701,37.7837525506071,59.91389902658534,2025-11-29
no vax,91,49.2969188952319,38.82822397923744,61.30270233492689,2025-11-30
no vax,92,49.885853748108836,39.42183808557999,61.775958063591716,2025-12-01
no vax,93,51.765986815282716,41.042698307113646,63.78404858126322,2025-12-02
no vax,94,54.6906209690559,43.362532062522526,67.17669922143972,2025-12-03
no vax,95,58.094330518683364,46.3174918265632,71.53138493973533,2025-12-04
no vax,96,62.29183099646987,49.804954048177926,76.70728692494446,2025-12-05
no vax,97,67.075895318631,53.867246646357934,82.25499924868274,2025-12-06
no vax,98,69.83962408501591,56.00626290565629,85.39230002309598,2025-12-07
no vax,99,71.47078472272267,57.26254841434444,86.91676656027602,2025-12-08
no vax,100,74.6473238657682,60.1572677231393,90.4141013872397,2025-12-09
no vax,101,79.73887877112762,64.29736581200702,96.01195533600578,2025-12-10
no vax,102,85.03623372412827,69.20667281666762,101.99697261778354,2025-12-11
no vax,103,91.06902386916771,74.458286037844,108.94658978738461,2025-12-12
no vax,104,97.44003412952009,79.84928469688953,116.25843596164991,2025-12-13
no vax,105,100.35892695890168,82.62376138693158,119.89858951468307,2025-12-14
no vax,106,101.99604848017607,84.22056353505322,121.16665072178698,2025-12-15
no vax,107,105.67419719129762,87.61429018869215,125.59429337125594,2025-12-16
no vax,108,111.22681583143394,92.18049786102459,131.62520912310276,2025-12-17
no vax,109,117.17708618418587,97.31215306254632,138.15180547301873,2025-12-18
no vax,110,123.60839551683371,103.01294167648676,145.2172984663898,2025-12-19
no vax,111,129.3148984528678,107.90221620243192,151.9353702557217,2025-12-20
no vax,112,131.75569586210938,109.57646943500919,153.63893212248337,2025-12-21
no vax,113,131.6215064926458,109.18702763889752,152.9578194312848,2025-12-22
no vax,114,132.11201806085606,109.73923075863765,153.65669424182298,2025-12-23
no vax,115,133.0777386092312,111.28742394817326,154.9879048175014,2025-12-24
no vax,116,133.47589212113928,111.78341932072323,155.50902755078212,2025-12-25
no vax,117,132.00121403377958,110.53428366230494,152.92419865594456,2025-12-26
no vax,118,130.48150872218275,109.15554240322705,150.20760111788644,2025-12-27
no vax,119,127.10186293328256,106.69715629555844,146.73530936908065,2025-12-28
no vax,120,122.39096173021414,102.5967156605585,141.67879950771905,2025-12-29
no vax,121,118.53861726788426,99.35488470082635,137.69974755925398,2025-12-30
no vax,122,115.79475049848736,97.13045906227465,134.36793607725423,2025-12-31
no vax,123,113.18616119040263,95.03900260290942,131.49149364270437,2026-01-01
no vax,124,109.33043184547083,91.87411675617841,127.19133362103122,2026-01-02
no vax,125,105.6551400627613,88.88003682665187,123.14970146060797,2026-01-03
no vax,126,100.99479416091307,85.25488131539701,118.14207389456709,2026-01-04
no vax,127,95.7983044064888,80.87718643963593,112.50031781088859,2026-01-05
no vax,128,92.2200563971387,78.2834379661965,108.69771188955076,2026-01-06
no vax,129,89.66278774224497,76.48505790670826,106.23228933631322,2026-01-07
no vax,130,87.9747190138826,75.12207170973409,104.1206729775688,2026-01-08
no vax,131,86.46280697874543,74.0901600020118,102.57518178901,2026-01-09
no vax,132,85.00636509174855,72.76546131599929,100.94274891500253,2026-01-10
no vax,133,82.00692470120326,70.00408666199209,97.56349922145752,2026-01-11
no vax,134,78.2559221825739,66.92680154402898,93.30642711207105,2026-01-12
no vax,135,75.9714912116547,64.94011071071132,90.63915363969805,2026-01-13
no vax,136,74.72749601027715,63.99638747217426,89.07460628101084,2026-01-14
no vax,137,73.62541937596816,62.97071454356107,88.06557394765287,2026-01-15
no vax,138,72.88344114596575,62.240212678053005,87.50136521646274,2026-01-16
no vax,139,72.13637523542604,61.716535071161324,86.9870398291143,2026-01-17
no vax,140,69.966655456185,59.68263309750393,84.49117924954521,2026-01-18
no vax,141,66.93167066314865,56.82991547909647,81.17648797181812,2026-01-19
no vax,142,64.38196057468082,54.56668325946782,78.40053336240159,2026-01-20
no vax,143,62.89349451894461,53.2000328137432,76.97981011962591,2026-01-21
no vax,144,62.10215905732507,52.37114896294022,76.0984909336489,2026-01-22
no vax,145,61.169445103628355,51.58380347662913,75.12836202588707,2026-01-23
no vax,146,60.52299040402759,50.76239344259445,74.2796457001732,2026-01-24
no vax,147,58.76941528616033,49.06001054168274,72.25908307280264,2026-01-25
no vax,148,56.06056014509468,46.70148571983377,69.51712237173149,2026-01-26
no vax,149,54.44411456906,45.07796513336996,67.71600635632586,2026-01-27
no vax,150,53.34225100231511,44.086750900074776,66.71556295639725,2026-01-28
no vax,151,52.6571869798084,43.238477977500004,66.04890000022296,2026-01-29
no vax,152,52.06977116510287,42.47656695439419,65.56954508667114,2026-01-30
no vax,153,51.48786226258551,41.704416734805186,65.17470202253074,2026-01-31
no vax,154,49.930568323663245,40.120095318476096,63.40535944765862,2026-02-01
no vax,155,47.597716297870335,38.05874402867921,60.83990509145553,2026-02-02
no vax,156,45.975319195353016,36.505076383428104,59.18264037999763,2026-02-03
no vax,157,44.76989303537663,35.399870084818296,58.189709891577444,2026-02-04
no vax,158,43.857356787940546,34.49901368710026,57.384721811858476,2026-02-05
no vax,159,43.0151609713143,33.77501080236508,56.840483156901215,2026-02-06
no vax,160,42.11058332466476,33.001950508842874,56.13746983708783,2026-02-07
no vax,161,40.51569767085261,31.63717627853766,54.266192172427246,2026-02-08
no vax,162,38.56054157180645,29.899186127216527,51.83042170299464,2026-02-09
no vax,163,37.10143074190014,28.584280879087768,50.2044093707717,2026-02-10
no vax,164,36.04182096217872,27.59489598897326,49.00149772912625,2026-02-11
no vax,165,35.17270765491044,26.770945165413735,48.07791253972808,2026-02-12
no vax,166,34.26789386247691,26.02711904479317,47.19556912236876,2026-02-13
no vax,167,33.35875821834225,25.270018037490704,46.38282310428244,2026-02-14
no vax,168,31.817669437937408,24.05527160212065,44.55201279244403,2026-02-15
no vax,169,29.89481790049645,22.59987009305204,42.09624310924819,2026-02-16
no vax,170,28.23268565607826,21.308441584582376,39.923523703427584,2026-02-17
no vax,171,26.820838196984944,20.187255345910415,37.92457975531136,2026-02-18
no vax,172,25.463729268269493,19.110049390569653,36.059437492635965,2026-02-19
no vax,173,24.19271069891016,18.09187845026568,34.33411829517394,2026-02-20
no vax,174,22.889617963139983,17.057794032896428,32.57329101919129,2026-02-21
no vax,175,21.360333170565536,15.871850234650886,30.454250471609612,2026-02-22
no vax,176,19.74996435957458,14.631325035376953,28.23014648009619,2026-02-23
no vax,177,18.46072686778301,13.645396484571043,26.474793359069125,2026-02-24
no vax,178,17.460226367344262,12.856327977846458,25.12063038242663,2026-02-25
no vax,179,16.612221423995443,12.194065449817202,23.962874243899286,2026-02-26
no vax,180,15.858131790659677,11.590794505887185,22.944479687216752,2026-02-27
no vax,181,15.135863850063284,11.001838595861699,21.984555982975944,2026-02-28
no vax,182,14.218237101711736,10.270383349908624,20.705615021212015,2026-03-01
no vax,183,13.248445013228597,9.496913645365096,19.330904465118767,2026-03-02
no vax,184,12.475232556986128,8.903417480095095,18.29603619515866,2026-03-03
no vax,185,11.856174846938348,8.428737169215132,17.527448859563375,2026-03-04
no vax,186,11.349267083318797,8.008064121781226,16.832204810235773,2026-03-05
no vax,187,10.86863285615705,7.627164978517985,16.149807110653956,2026-03-06
no vax,188,10.426020954369505,7.261003981146654,15.496491699976367,2026-03-07
no vax,189,9.785942975098425,6.792400729061484,14.719272270000538,2026-03-08
no vax,190,9.11847130480939,6.273432087923812,13.824575562162194,2026-03-09
no vax,191,8.570324371362073,5.896877767309966,13.098693117200673,2026-03-10
no vax,192,8.130719451132432,5.5891854956217655,12.46722556044117,2026-03-11
no vax,193,7.769769855902371,5.293742350375604,11.888727846879046,2026-03-12
no vax,194,7.429019946661521,5.00771446049766,11.421836478500778,2026-03-13
no vax,195,7.122122702314853,4.766446520919153,11.00499203810925,2026-03-14
no vax,196,6.723393654036838,4.46967852149203,10.4262354846803,2026-03-15
no vax,197,6.251248620512005,4.1478605684469105,9.76179935013713,2026-03-16
no vax,198,5.881879750158794,3.8779168331875575,9.188948134632557,2026-03-17
no vax,199,5.602714403043793,3.671699820308106,8.762609531062733,2026-03-18
no vax,200,5.369171307147742,3.505812635158768,8.448525386104368,2026-03-19
no vax,201,5.155860624831149,3.3589570865020377,8.175901783458766,2026-03-20
no vax,202,4.931221392766275,3.2107953683108783,7.887427450074351,2026-03-21
no vax,203,4.657328557146062,3.0187864733200587,7.495390353880689,2026-03-22
no vax,204,4.343025413292965,2.806419430039495,7.041448180930641,2026-03-23
no vax,205,4.092551958383677,2.6368603552074195,6.689114895490465,2026-03-24
no vax,206,3.888659918510575,2.503562132321824,6.419363473435736,2026-03-25
no vax,207,3.718087218981105,2.388644130367092,6.186625483759634,2026-03-26
no vax,208,3.559371834354735,2.2700089008771673,5.969500603231216,2026-03-27
no vax,209,3.4109511524628227,2.1653853401601735,5.75665416293915,2026-03-28
no vax,210,3.2240734416390984,2.0323037517226443,5.4612960934994055,2026-03-29
no vax,211,3.014755433151304,1.8874248846708814,5.125529316079988,2026-03-30
no vax,212,2.8355010449785985,1.7652097297735962,4.846136046192803,2026-03-31
no vax,213,2.690684719276491,1.6618890745474506,4.607165766954215,2026-04-01
no vax,214,2.5401128271549203,1.5622868486800456,4.414938449470012,2026-04-02
no vax,215,2.421615384895476,1.4696245201480684,4.232116317091184,2026-04-03
no vax,216,2.3064324480266207,1.3799930132881773,4.038889433118917,2026-04-04
no vax,217,2.1623241948695036,1.2750385871800722,3.8052554885291463,2026-04-05
no vax,218,2.018227092652352,1.1661129651037683,3.5416983994728395,2026-04-06
no vax,219,1.9037119182581157,1.0810004430372246,3.3379088217122095,2026-04-07
no vax,220,1.818889722142022,1.0167648416722763,3.1864957227413755,2026-04-08
no vax,221,1.7429048501068238,0.9650434194546856,3.0589159021275973,2026-04-09
no vax,222,1.6715264814407014,0.9179154720076298,2.9574440379253284,2026-04-10
no vax,223,1.5996932465095002,0.8669823878886929,2.8518635263518903,2026-04-11
no vax,224,1.5041927913599369,0.803841878825488,2.6962252329274814,2026-04-12
no vax,225,1.3981367524721442,0.7374953479568672,2.5199951695315614,2026-04-13
no vax,226,1.309302860060778,0.6793972036307407,2.3718670500881047,2026-04-14
no vax,227,1.235242840025941,0.6321110216538476,2.2574266149750173,2026-04-15
no vax,228,1.1692996507894473,0.5857759326828591,2.1685671478390875,2026-04-16
no vax,229,1.110436251763124,0.5449684101938044,2.0907051764253497,2026-04-17
no vax,230,1.0510692865840803,0.5100146391952687,2.0131731530791064,2026-04-18
no vax,231,0.9811010409969618,0.4702694275845063,1.9035422934093151,2026-04-19
no vax,232,0.9087370301772011,0.42894180704701995,1.776700854360358,2026-04-20
no vax,233,0.8480996507573147,0.3954221589153104,1.6698973218259332,2026-04-21
no vax,234,0.7961848965363294,0.3681186408920916,1.5803824779266447,2026-04-22
no vax,235,0.7468056819007323,0.34323384979458077,1.4975656849073962,2026-04-23
no vax,236,0.7012378973339524,0.31970728700355566,1.4187692296621035,2026-04-24
no vax,237,0.6571458384846716,0.29731550584485855,1.3393518188248001,2026-04-25
no vax,238,0.607079784027816,0.27259725652322575,1.2443329184546805,2026-04-26
no vax,239,0.5561633411706924,0.24736980129430008,1.1458488975125996,2026-04-27
no vax,240,0.5143262850901036,0.22657354182567593,1.0681675249615583,2026-04-28
no vax,241,0.48129407134463426,0.2093622360945522,1.0061117138005764,2026-04-29
no vax,242,0.4515077622706032,0.19488906599381514,0.9528738953121814,2026-04-30
no vax,243,0.42615704751274913,0.18191789799492739,0.90594424795029,2026-05-01
no vax,244,0.40174376587031896,0.16999290611785436,0.8602486877694602,2026-05-02
no vax,245,0.37163728543621444,0.15660626838450728,0.8040811557837146,2026-05-03
no vax,246,0.34279820094295793,0.1430396461861694,0.7444031566901652,2026-05-04
no vax,247,0.31848381150598903,0.131651807284622,0.6969558930562879,2026-05-05
no vax,248,0.2979629035644278,0.12082997291645424,0.6587472579577698,2026-05-06
no vax,249,0.28086875041798953,0.11105950459648148,0.6256461501589172,2026-05-07
no vax,250,0.26673775541114897,0.1027276561298042,0.5977909705700143,2026-05-08
