scenario,day,age_group,median_value,p_lo,p_hi,date
Infection protection only,1,0+,0.17165393748457872,0.02087041531007663,1.0364537932405673,2025-09-01
Infection protection only,2,0+,0.5900288270607271,0.07228373441817114,3.5375500477125548,2025-09-02
Infection protection only,3,0+,1.1238060455433165,0.14119138147947943,6.690622582539444,2025-09-03
Infection protection only,4,0+,1.7287752355684427,0.22461461381000847,10.199584918707343,2025-09-04
Infection protection only,5,0+,2.3846596708443597,0.32072165541861464,13.926167678969215,2025-09-05
Infection protection only,6,0+,3.0732547955562324,0.42443383943073376,17.76746216763095,2025-09-06
Infection protection only,7,0+,3.774178822225861,0.5323688941408877,21.51628127284947,2025-09-07
Infection protection only,8,0+,4.423132114122331,0.6416198531940639,25.01678760751017,2025-09-08
Infection protection only,9,0+,5.06728064692498,0.7581263143607214,28.330188189457317,2025-09-09
Infection protection only,10,0+,5.811158841133502,0.885750995991222,31.796778559724743,2025-09-10
Infection protection only,11,0+,6.607160545282168,1.0335703900488884,35.08220191086496,2025-09-11
Infection protection only,12,0+,7.399575910571038,1.2017006927656082,38.30312849776038,2025-09-12
Infection protection only,13,0+,8.197039730844697,1.3798978102471076,41.651092396117285,2025-09-13
Infection protection only,14,0+,8.93941902220404,1.575762416382107,45.06601668738609,2025-09-14
Infection protection only,15,0+,9.816235071176578,1.7717887376074455,48.2800540630852,2025-09-15
Infection protection only,16,0+,10.652139510885966,1.9757313555415636,51.254135814215154,2025-09-16
Infection protection only,17,0+,11.611798235668218,2.2091703423700446,54.26281697106786,2025-09-17
Infection protection only,18,0+,12.568393009998402,2.4586307908366387,57.320140528019984,2025-09-18
Infection protection only,19,0+,13.552864549341365,2.7481714462461206,60.235918306353,2025-09-19
Infection protection only,20,0+,14.599996194367348,3.0700112760823046,62.93796335156617,2025-09-20
Infection protection only,21,0+,15.599332174580402,3.436847648082579,65.51897915023636,2025-09-21
Infection protection only,22,0+,16.630530371461724,3.732238398123007,68.07590736960196,2025-09-22
Infection protection only,23,0+,17.71497355069183,4.04583248469459,70.67301512728551,2025-09-23
Infection protection only,24,0+,19.10113344098894,4.405430689088113,73.39513930667806,2025-09-24
Infection protection only,25,0+,20.25975529948497,4.810308907156821,77.23638029839084,2025-09-25
Infection protection only,26,0+,21.247611881307357,5.203855942413931,80.13838359917145,2025-09-26
Infection protection only,27,0+,22.562427968887775,5.532801626122257,82.75843850566957,2025-09-27
Infection protection only,28,0+,23.863498569658013,5.849405570319108,85.28487152894448,2025-09-28
Infection protection only,29,0+,25.129013888358518,6.17711729657155,87.81457857509498,2025-09-29
Infection protection only,30,0+,26.496728051194857,6.554498363031712,90.30331555111411,2025-09-30
Infection protection only,31,0+,27.856903082401764,6.9548792914219755,92.80267283286892,2025-10-01
Infection protection only,32,0+,29.161434367592776,7.387354567921413,95.4664932335624,2025-10-02
Infection protection only,33,0+,30.412673506443305,7.875011294811215,98.27416033476014,2025-10-03
Infection protection only,34,0+,31.87488887475926,8.454289111237486,100.88126532654333,2025-10-04
Infection protection only,35,0+,33.4269152952197,9.11864575095329,103.80027551529139,2025-10-05
Infection protection only,36,0+,34.92384072372411,9.736136562617489,106.89719501567988,2025-10-06
Infection protection only,37,0+,36.58649180671744,10.309579982203344,109.33643306237433,2025-10-07
Infection protection only,38,0+,37.851014446667676,10.929570043121203,112.03938233567652,2025-10-08
Infection protection only,39,0+,39.35417663374916,11.564793473660426,115.36741932605842,2025-10-09
Infection protection only,40,0+,41.180727490022704,12.20341710050249,119.01909739387794,2025-10-10
Infection protection only,41,0+,42.50413145236212,12.83577136097084,122.32664577667383,2025-10-11
Infection protection only,42,0+,44.58807120753045,13.628780202833003,125.43614038807799,2025-10-12
Infection protection only,43,0+,46.67262256629438,14.539745622743052,127.94448708045742,2025-10-13
Infection protection only,44,0+,48.26277894017771,15.21979445291967,130.33101816837055,2025-10-14
Infection protection only,45,0+,50.03697713187504,16.031300333473123,132.35650917619526,2025-10-15
Infection protection only,46,0+,51.888263064335106,16.974804402722636,135.33960927814252,2025-10-16
Infection protection only,47,0+,54.247664153297364,17.864120275380056,139.17859181917186,2025-10-17
Infection protection only,48,0+,56.34648414045141,18.952006887383078,142.58697819468432,2025-10-18
Infection protection only,49,0+,57.96328614993809,20.1447570338288,145.92416769989774,2025-10-19
Infection protection only,50,0+,60.554983697333725,21.29106606170035,149.1309261287042,2025-10-20
Infection protection only,51,0+,62.618775872661786,22.4508065657337,152.31334825401575,2025-10-21
Infection protection only,52,0+,64.39927290605158,23.598426469439595,155.566895063436,2025-10-22
Infection protection only,53,0+,66.9479129424556,24.89990774798881,158.93670762020082,2025-10-23
Infection protection only,54,0+,69.30228948359465,26.434476249318045,162.3151004000185,2025-10-24
Infection protection only,55,0+,72.09172916569737,27.843463947901835,166.64240683374516,2025-10-25
Infection protection only,56,0+,75.1464868064005,29.938742858769338,170.29833457930982,2025-10-26
Infection protection only,57,0+,77.49703515632048,31.42322545634058,173.47159719468328,2025-10-27
Infection protection only,58,0+,80.57864227664297,32.43084848711527,176.65601233801968,2025-10-28
Infection protection only,59,0+,83.82033755140455,33.84680673542183,179.94643214525325,2025-10-29
Infection protection only,60,0+,87.10237621301252,35.77591890917807,184.3913435836907,2025-10-30
Infection protection only,61,0+,90.36157917717182,38.025978747413255,188.71334489892206,2025-10-31
Infection protection only,62,0+,93.56583735995844,40.434647140167634,192.78769731225563,2025-11-01
Infection protection only,63,0+,97.10500564047108,42.72168258218509,196.31137816000697,2025-11-02
Infection protection only,64,0+,101.01191169968382,45.53892541773203,200.20673841901535,2025-11-03
Infection protection only,65,0+,104.57772407124932,48.0985847295978,203.82931409812468,2025-11-04
Infection protection only,66,0+,108.55090919853907,50.97630768016051,207.88576377644534,2025-11-05
Infection protection only,67,0+,111.91935022384189,53.99441927471318,218.16616021266745,2025-11-06
Infection protection only,68,0+,117.05779270186636,55.999658863609376,226.53682787335305,2025-11-07
Infection protection only,69,0+,121.99528330428703,58.802034427950574,235.38043679661791,2025-11-08
Infection protection only,70,0+,127.10610839142572,62.94602253983952,243.8608005969925,2025-11-09
Infection protection only,71,0+,131.23664424348777,67.0428642942253,252.07724500806725,2025-11-10
Infection protection only,72,0+,135.57704579428795,71.3193996906147,261.3366339332491,2025-11-11
Infection protection only,73,0+,140.48237561328443,73.73873843677899,271.01826740887583,2025-11-12
Infection protection only,74,0+,146.03848352582386,77.41875461042831,281.65572733616,2025-11-13
Infection protection only,75,0+,151.88580155594948,82.22415964548703,296.57318452042017,2025-11-14
Infection protection only,76,0+,159.64439913569296,88.48964932344994,305.35177053981863,2025-11-15
Infection protection only,77,0+,167.05082945905593,93.43140777597073,324.446700678139,2025-11-16
Infection protection only,78,0+,173.71678798409351,97.8207795672394,340.50667047687153,2025-11-17
Infection protection only,79,0+,181.97446469448585,102.55500839326379,358.15888870686905,2025-11-18
Infection protection only,80,0+,190.1870950251623,107.68867891336947,378.6953602375554,2025-11-19
Infection protection only,81,0+,199.35678969898018,113.31391147635584,392.4874646495362,2025-11-20
Infection protection only,82,0+,209.86819937740466,120.94713090051162,407.72485191665726,2025-11-21
Infection protection only,83,0+,221.20273735699428,128.35423563111044,432.304051802552,2025-11-22
Infection protection only,84,0+,233.00195582336264,136.15555711013582,470.3003148107705,2025-11-23
Infection protection only,85,0+,246.59754479863926,143.79407534360888,508.3499077415082,2025-11-24
Infection protection only,86,0+,259.3155278476638,151.7057405472113,536.4326710916788,2025-11-25
Infection protection only,87,0+,275.5481776345028,161.1868334400752,570.598536724566,2025-11-26
Infection protection only,88,0+,291.3502632353829,170.650534288501,610.9055731106896,2025-11-27
Infection protection only,89,0+,309.7539375964715,181.47409563175955,655.9896465998785,2025-11-28
Infection protection only,90,0+,327.56901263541386,192.24697189720735,702.2086771955052,2025-11-29
Infection protection only,91,0+,346.0095038023196,201.84078359819077,749.3052282216097,2025-11-30
Infection protection only,92,0+,363.72933190497076,212.76905925969768,785.8670359637958,2025-12-01
Infection protection only,93,0+,381.19041715769146,225.4850793996812,821.5059592677361,2025-12-02
Infection protection only,94,0+,401.3675589750702,237.73288045200525,864.9502857212298,2025-12-03
Infection protection only,95,0+,425.7483981237432,254.1475728001685,911.2088683815705,2025-12-04
Infection protection only,96,0+,457.9810822422537,271.54346358465136,960.3888630706118,2025-12-05
Infection protection only,97,0+,491.57001680779535,288.9826613027047,1025.9146003849053,2025-12-06
Infection protection only,98,0+,524.5003229237868,309.4453116901844,1091.2595240538328,2025-12-07
Infection protection only,99,0+,562.9550866660359,332.1505357458208,1151.9216699321753,2025-12-08
Infection protection only,100,0+,602.9252550743033,359.41266437938225,1217.1120309875855,2025-12-09
Infection protection only,101,0+,646.8641912678163,395.40276422987347,1292.0625204555145,2025-12-10
Infection protection only,102,0+,700.6854543806859,438.32159062537926,1360.9491181256087,2025-12-11
Infection protection only,103,0+,761.1114268339809,487.94072448278104,1437.1187621086203,2025-12-12
Infection protection only,104,0+,828.9666674709079,538.6572294338034,1533.2796005073717,2025-12-13
Infection protection only,105,0+,900.228312751049,599.0997989866148,1638.4460097907886,2025-12-14
Infection protection only,106,0+,975.1475749721945,654.7521958700457,1725.6599021999994,2025-12-15
Infection protection only,107,0+,1057.524021638142,716.149686811901,1824.8298457207327,2025-12-16
Infection protection only,108,0+,1147.3077632297366,789.0130941689371,1958.3872783908164,2025-12-17
Infection protection only,109,0+,1249.0898099862811,869.7044822845259,2121.413851822717,2025-12-18
Infection protection only,110,0+,1371.909036783342,955.9732282147207,2296.6379292784773,2025-12-19
Infection protection only,111,0+,1506.3770341391837,1052.8767274240342,2465.8253738767585,2025-12-20
Infection protection only,112,0+,1637.6381819260425,1154.9013696092993,2618.9299613750622,2025-12-21
Infection protection only,113,0+,1764.297321425762,1257.247639824357,2758.17731680273,2025-12-22
Infection protection only,114,0+,1902.1727328234967,1358.2067323475703,2893.2131163147005,2025-12-23
Infection protection only,115,0+,2032.8936782423982,1487.0681932407613,3040.0235713285942,2025-12-24
Infection protection only,116,0+,2167.7691858297962,1582.90012531549,3199.0951933260653,2025-12-25
Infection protection only,117,0+,2317.871773722734,1682.221885143942,3334.4193635080806,2025-12-26
Infection protection only,118,0+,2468.485030756095,1793.1849873175504,3459.703493410159,2025-12-27
Infection protection only,119,0+,2610.3896683274847,1908.1300772556754,3582.2667898955624,2025-12-28
Infection protection only,120,0+,2752.6358723108237,2017.0426543534213,3720.5668255080013,2025-12-29
Infection protection only,121,0+,2880.022166197751,2120.9520181027333,3838.8591225480995,2025-12-30
Infection protection only,122,0+,3005.8988056897156,2223.5395169156996,3962.8527959985527,2025-12-31
Infection protection only,123,0+,3129.831614906929,2333.4765525325024,4106.969402532044,2026-01-01
Infection protection only,124,0+,3248.591537791048,2439.630261970787,4224.609709161916,2026-01-02
Infection protection only,125,0+,3370.8100374396445,2530.732109839228,4355.293201796233,2026-01-03
Infection protection only,126,0+,3485.6363748857643,2617.017118692591,4488.94530849732,2026-01-04
Infection protection only,127,0+,3590.2221764466003,2698.9679166375145,4628.3132071453665,2026-01-05
Infection protection only,128,0+,3683.295097629791,2780.0315779270945,4758.503793316283,2026-01-06
Infection protection only,129,0+,3793.997792518773,2868.9226147994013,4882.38765092307,2026-01-07
Infection protection only,130,0+,3892.0959522252897,2976.024691521036,4984.054223803572,2026-01-08
Infection protection only,131,0+,3991.9617076914815,3074.422805081309,5085.7587705513015,2026-01-09
Infection protection only,132,0+,4088.5464661863884,3160.246973904652,5186.0738543082325,2026-01-10
Infection protection only,133,0+,4188.384305000345,3241.017422065863,5282.95586701548,2026-01-11
Infection protection only,134,0+,4280.923608414176,3321.925117840082,5373.555145360047,2026-01-12
Infection protection only,135,0+,4356.9850132221,3403.9249997842617,5464.739843302745,2026-01-13
Infection protection only,136,0+,4438.3682596908975,3484.945135622977,5552.273324941313,2026-01-14
Infection protection only,137,0+,4514.431677315064,3558.0369094987946,5638.881832320181,2026-01-15
Infection protection only,138,0+,4596.408451451194,3620.8649357128093,5712.377885948934,2026-01-16
Infection protection only,139,0+,4665.953997103437,3699.701264387055,5791.909473056942,2026-01-17
Infection protection only,140,0+,4733.369295494149,3762.4079266956874,5862.337644190011,2026-01-18
Infection protection only,141,0+,4790.430187724716,3842.198563531028,5931.428392601573,2026-01-19
Infection protection only,142,0+,4845.588842028528,3897.1481867899915,6001.595840502661,2026-01-20
Infection protection only,143,0+,4904.687372939849,3950.998466380272,6071.774950064365,2026-01-21
Infection protection only,144,0+,4958.337382754657,4006.171395350482,6131.130745391332,2026-01-22
Infection protection only,145,0+,5008.81411628828,4056.7281974344423,6187.962585235102,2026-01-23
Infection protection only,146,0+,5071.999611033558,4108.26993813403,6236.655021482619,2026-01-24
Infection protection only,147,0+,5117.46708720177,4160.682876817286,6279.875177365763,2026-01-25
Infection protection only,148,0+,5159.790135579261,4205.72522827682,6319.337891692466,2026-01-26
Infection protection only,149,0+,5202.884391456846,4245.396695827165,6363.918727873557,2026-01-27
Infection protection only,150,0+,5248.131809456122,4284.769368420325,6412.797630190442,2026-01-28
Infection protection only,151,0+,5299.09980631822,4325.022182215992,6452.673321770699,2026-01-29
Infection protection only,152,0+,5340.163710058188,4358.250030602091,6492.966737946225,2026-01-30
Infection protection only,153,0+,5379.270015087782,4392.035397980797,6519.775082371172,2026-01-31
Infection protection only,154,0+,5418.94934783341,4427.432395627424,6550.06986668142,2026-02-01
Infection protection only,155,0+,5455.267891434,4454.494497599151,6580.513596973654,2026-02-02
Infection protection only,156,0+,5489.618857532123,4481.91137536998,6612.74152986701,2026-02-03
Infection protection only,157,0+,5523.145027803905,4508.268723282362,6643.39261256872,2026-02-04
Infection protection only,158,0+,5554.395583113579,4539.69228644465,6672.896790203468,2026-02-05
Infection protection only,159,0+,5576.12910056657,4571.077283607891,6701.415428240846,2026-02-06
Infection protection only,160,0+,5612.128456405028,4600.75580585943,6723.069721042124,2026-02-07
Infection protection only,161,0+,5632.433615013174,4626.545599119235,6749.751575893534,2026-02-08
Infection protection only,162,0+,5650.5189813845445,4650.769163380234,6770.232000020591,2026-02-09
Infection protection only,163,0+,5680.423138687045,4674.934815452169,6793.247920993538,2026-02-10
Infection protection only,164,0+,5703.634096804398,4702.875437035167,6819.058324584922,2026-02-11
Infection protection only,165,0+,5721.402167064351,4723.277270324853,6844.10200512572,2026-02-12
Infection protection only,166,0+,5745.427862001887,4742.735043221961,6864.893589626122,2026-02-13
Infection protection only,167,0+,5767.32822643395,4762.018664541045,6882.808849139111,2026-02-14
Infection protection only,168,0+,5783.591001071732,4781.8758435000045,6899.707041200193,2026-02-15
Infection protection only,169,0+,5804.245330277752,4799.178223651457,6915.272630669867,2026-02-16
Infection protection only,170,0+,5826.5193553811405,4815.595159934318,6929.961349508297,2026-02-17
Infection protection only,171,0+,5845.076729522534,4831.344921647564,6948.256777822393,2026-02-18
Infection protection only,172,0+,5857.429712164101,4847.501443546348,6965.466212151176,2026-02-19
Infection protection only,173,0+,5871.344083285347,4863.213447314796,6981.722943255796,2026-02-20
Infection protection only,174,0+,5883.402074658263,4877.522407647153,6998.884119088122,2026-02-21
Infection protection only,175,0+,5899.613563921905,4892.646039972429,7015.3452005933905,2026-02-22
Infection protection only,176,0+,5908.547282838974,4906.667837856262,7030.376396359647,2026-02-23
Infection protection only,177,0+,5919.920639917033,4921.81080875707,7044.63013303295,2026-02-24
Infection protection only,178,0+,5932.124418607531,4938.180451129774,7054.396844754006,2026-02-25
Infection protection only,179,0+,5942.840159596833,4954.65713002591,7062.254012607598,2026-02-26
Infection protection only,180,0+,5953.785341496584,4967.70877153936,7070.102892295431,2026-02-27
Infection protection only,181,0+,5964.910787153416,4977.683259550143,7077.9319340355305,2026-02-28
Infection protection only,182,0+,5975.151908163224,4985.744765261289,7085.437086154863,2026-03-01
Infection protection only,183,0+,5986.003061058473,4994.299945409213,7092.484801378804,2026-03-02
Infection protection only,184,0+,5993.282191961414,5002.975009062956,7099.353386628996,2026-03-03
Infection protection only,185,0+,6003.202960926825,5011.567910407593,7106.225626632089,2026-03-04
Infection protection only,186,0+,6010.59762425859,5021.055242355469,7113.162454254987,2026-03-05
Infection protection only,187,0+,6021.385573019392,5030.763177925783,7120.19054072897,2026-03-06
Infection protection only,188,0+,6032.486376069023,5040.655325220362,7127.54273574087,2026-03-07
Infection protection only,189,0+,6041.008186194421,5050.305836010444,7134.998520486732,2026-03-08
Infection protection only,190,0+,6048.944901191692,5059.501602290396,7141.984311312093,2026-03-09
Infection protection only,191,0+,6056.540083910495,5068.5865862221235,7151.681130332991,2026-03-10
Infection protection only,192,0+,6063.984060093212,5078.381192307398,7163.446928486189,2026-03-11
Infection protection only,193,0+,6071.351708228177,5090.160505325477,7173.552090673796,2026-03-12
Infection protection only,194,0+,6078.682013350058,5099.753341719961,7180.652915552453,2026-03-13
Infection protection only,195,0+,6086.488611144455,5109.247127926009,7188.169849401415,2026-03-14
Infection protection only,196,0+,6094.820218821866,5118.296647979213,7196.91954071534,2026-03-15
Infection protection only,197,0+,6103.870972444068,5126.724977000168,7209.248851897601,2026-03-16
Infection protection only,198,0+,6116.226392190946,5134.764377016261,7220.287970276174,2026-03-17
Infection protection only,199,0+,6125.378464635827,5141.433151381191,7228.7895152152,2026-03-18
Infection protection only,200,0+,6132.341532650945,5148.073881239096,7237.881063793289,2026-03-19
Infection protection only,201,0+,6140.157924673866,5154.835901977053,7247.792596434345,2026-03-20
Infection protection only,202,0+,6150.780873818894,5162.618443279746,7258.175752894027,2026-03-21
Infection protection only,203,0+,6161.93221954765,5172.286011899229,7268.441842787859,2026-03-22
Infection protection only,204,0+,6169.580721533888,5181.503481053724,7278.310709636346,2026-03-23
Infection protection only,205,0+,6176.880792611232,5190.602981718141,7288.1440781163055,2026-03-24
Infection protection only,206,0+,6184.084150988912,5199.865959202976,7297.520806161335,2026-03-25
Infection protection only,207,0+,6191.288925670763,5209.414447491024,7306.137866879756,2026-03-26
Infection protection only,208,0+,6198.481066948179,5217.880606710977,7314.951339524814,2026-03-27
Infection protection only,209,0+,6205.66322775164,5225.014271119199,7323.938044421941,2026-03-28
Infection protection only,210,0+,6212.622158900356,5231.007948754686,7332.73509050346,2026-03-29
Infection protection only,211,0+,6219.229493382524,5237.749776481564,7341.151078472839,2026-03-30
Infection protection only,212,0+,6226.116748392657,5250.797026426064,7349.46354244716,2026-03-31
Infection protection only,213,0+,6235.072260332926,5261.87240150116,7357.870675663007,2026-04-01
Infection protection only,214,0+,6244.889728678872,5267.861759338288,7366.447398005721,2026-04-02
Infection protection only,215,0+,6254.488579440797,5274.132784882346,7375.238991676019,2026-04-03
Infection protection only,216,0+,6263.863567224339,5280.645876899548,7384.173872154315,2026-04-04
Infection protection only,217,0+,6272.707525888044,5287.08817609509,7393.641357163253,2026-04-05
Infection protection only,218,0+,6280.6116479814,5293.294476577336,7404.045519057322,2026-04-06
Infection protection only,219,0+,6288.014586655,5299.491408932476,7414.184867187581,2026-04-07
Infection protection only,220,0+,6296.443834463406,5305.86057694231,7423.489249318523,2026-04-08
Infection protection only,221,0+,6304.188346417809,5312.481688429558,7430.697928247474,2026-04-09
Infection protection only,222,0+,6311.046571512879,5319.38632248599,7437.837046906558,2026-04-10
Infection protection only,223,0+,6315.795889780016,5326.523008271133,7444.855100413658,2026-04-11
Infection protection only,224,0+,6323.260896849556,5333.553576941566,7451.486053148027,2026-04-12
Infection protection only,225,0+,6334.851351298501,5340.2991764498665,7457.600390336135,2026-04-13
Infection protection only,226,0+,6340.034260439317,5346.979747602569,7463.3655372006515,2026-04-14
Infection protection only,227,0+,6344.3042741043255,5353.768286136892,7468.913173038166,2026-04-15
Infection protection only,228,0+,6351.216850756146,5360.404657801954,7474.29525746588,2026-04-16
Infection protection only,229,0+,6356.882396225435,5366.281965839995,7479.530071872373,2026-04-17
Infection protection only,230,0+,6362.160084588391,5370.449624297809,7484.59252173942,2026-04-18
Infection protection only,231,0+,6367.2821373555535,5374.380261238741,7489.314006367837,2026-04-19
Infection protection only,232,0+,6372.140973894515,5378.134897405703,7493.606276852448,2026-04-20
Infection protection only,233,0+,6379.041788762614,5381.783035994432,7497.5271803467585,2026-04-21
Infection protection only,234,0+,6387.990594942943,5385.388558683006,7501.136572947833,2026-04-22
Infection protection only,235,0+,6396.422628851099,5388.971728019794,7504.468365541828,2026-04-23
Infection protection only,236,0+,6402.222895131532,5392.541098484507,7507.54564513399,2026-04-24
Infection protection only,237,0+,6406.118531957017,5396.089718742624,7510.378593663431,2026-04-25
Infection protection only,238,0+,6409.801277732116,5399.52586224634,7512.936184273707,2026-04-26
Infection protection only,239,0+,6413.681371084309,5402.816211774601,7515.22036546937,2026-04-27
Infection protection only,240,0+,6418.04496694879,5406.115692991265,7517.314252047976,2026-04-28
Infection protection only,241,0+,6422.089380761434,5409.641556104275,7519.279369879556,2026-04-29
Infection protection only,242,0+,6425.842042204429,5413.072372466064,7521.144920657684,2026-04-30
Infection protection only,243,0+,6430.454403447068,5416.813782403925,7522.926030568326,2026-05-01
Infection protection only,244,0+,6435.355542938919,5420.722763554239,7524.622459755541,2026-05-02
Infection protection only,245,0+,6437.78160327802,5424.612476864614,7526.187145266603,2026-05-03
Infection protection only,246,0+,6438.836707853156,5428.386627998486,7527.601588577953,2026-05-04
Infection protection only,247,0+,6439.804072838708,5432.1819615979775,7529.665201223041,2026-05-05
Infection protection only,248,0+,6444.992229306422,5436.098630322263,7532.172050207118,2026-05-06
Infection protection only,249,0+,6446.831499416642,5440.179661772637,7534.612793086489,2026-05-07
Infection protection only,250,0+,6454.081738330826,5444.463646297539,7537.6753364870465,2026-05-08
baseline,1,0+,0.17165393748457872,0.02087041531007663,1.0364537932405673,2025-09-01
baseline,2,0+,0.5900288270607271,0.07228373441817114,3.5375500477125548,2025-09-02
baseline,3,0+,1.1238060455433165,0.14119138147947943,6.690622582539444,2025-09-03
baseline,4,0+,1.7287752355684427,0.22461461381000847,10.199584918707343,2025-09-04
baseline,5,0+,2.3846596708443597,0.32072165541861464,13.926167678969215,2025-09-05
baseline,6,0+,3.0732547955562324,0.42443383943073376,17.76746216763095,2025-09-06
baseline,7,0+,3.774178822225861,0.5323688941408877,21.51628127284947,2025-09-07
baseline,8,0+,4.423132114122331,0.6416198531940639,25.01678760751017,2025-09-08
baseline,9,0+,5.06728064692498,0.7581263143607214,28.330188189457317,2025-09-09
baseline,10,0+,5.811158841133502,0.885750995991222,31.796778559724743,2025-09-10
baseline,11,0+,6.607160545282168,1.0335703900488884,35.08220191086496,2025-09-11
baseline,12,0+,7.399575910571038,1.2017006927656082,38.30312849776038,2025-09-12
baseline,13,0+,8.197039730844697,1.3798978102471076,41.651092396117285,2025-09-13
baseline,14,0+,8.93941902220404,1.575762416382107,45.06601668738609,2025-09-14
baseline,15,0+,9.816235071176578,1.7717887376074455,48.2800540630852,2025-09-15
baseline,16,0+,10.652139510885966,1.9757313555415636,51.254135814215154,2025-09-16
baseline,17,0+,11.611798235668218,2.2091703423700446,54.26281697106786,2025-09-17
baseline,18,0+,12.568393009998399,2.4586307908366387,57.320140528019984,2025-09-18
baseline,19,0+,13.552864549341365,2.7481714462461206,60.235918306353,2025-09-19
baseline,20,0+,14.599994431722035,3.0700108463128406,62.937961018173134,2025-09-20
baseline,21,0+,15.599325430085862,3.4368429001411336,65.51894977202869,2025-09-21
baseline,22,0+,16.630485481274153,3.732222000265182,68.07576087955923,2025-09-22
baseline,23,0+,17.714787781249473,4.045767943678269,70.67256977962296,2025-09-23
baseline,24,0+,19.10084372367085,4.405254203879994,73.3936952861177,2025-09-24
baseline,25,0+,20.259264558824956,4.809984986974232,77.23431343176449,2025-09-25
baseline,26,0+,21.24562885392458,5.203372866473267,80.13494042378716,2025-09-26
baseline,27,0+,22.55812124963274,5.532196960133374,82.75339658686183,2025-09-27
baseline,28,0+,23.859576376017756,5.848542119563849,85.27823452066788,2025-09-28
baseline,29,0+,25.123395064382233,6.1757296301083064,87.80519365668441,2025-09-29
baseline,30,0+,26.486554700333638,6.552669786675961,90.29138657470207,2025-09-30
baseline,31,0+,27.84742620483288,6.952493979485129,92.78751044413868,2025-10-01
baseline,32,0+,29.152364332594914,7.384268184128977,95.4465132361975,2025-10-02
baseline,33,0+,30.400938553675893,7.8709032387369025,98.25036546090212,2025-10-03
baseline,34,0+,31.860809623487192,8.448149325605302,100.85247290189201,2025-10-04
baseline,35,0+,33.40074096793942,9.110993214591005,103.7530216593316,2025-10-05
baseline,36,0+,34.89473686303863,9.728366088111589,106.86044877385775,2025-10-06
baseline,37,0+,36.56353249055007,10.300245239903536,109.28777878096446,2025-10-07
baseline,38,0+,37.828956963422115,10.918345300686612,111.97694660233283,2025-10-08
baseline,39,0+,39.31406526911858,11.551988802591948,115.28256843472734,2025-10-09
baseline,40,0+,41.143965889860986,12.189486540512753,118.92137347957005,2025-10-10
baseline,41,0+,42.460544415690485,12.818772105662548,122.23178419782467,2025-10-11
baseline,42,0+,44.5028187498902,13.604099026933753,125.32841613822997,2025-10-12
baseline,43,0+,46.620652806917974,14.510795956469385,127.8524340873791,2025-10-13
baseline,44,0+,48.20403159527848,15.196767737589369,130.2201656114833,2025-10-14
baseline,45,0+,49.975703171770995,15.995559072647346,132.25215710134654,2025-10-15
baseline,46,0+,51.814016563930934,16.937136283844463,135.14768832984106,2025-10-16
baseline,47,0+,54.10525345606017,17.82383314550813,138.94427695062433,2025-10-17
baseline,48,0+,56.239015540408445,18.894369302744547,142.36362018596324,2025-10-18
baseline,49,0+,57.80659150409867,20.070398545418083,145.6731620745679,2025-10-19
baseline,50,0+,60.41884950151708,21.217635781107,148.85165141315767,2025-10-20
baseline,51,0+,62.418983305599674,22.366222264866565,152.00398536269313,2025-10-21
baseline,52,0+,64.22779984016411,23.506589462728424,155.22453818208103,2025-10-22
baseline,53,0+,66.68960442271903,24.77512009447991,158.5579261819936,2025-10-23
baseline,54,0+,69.03876082692238,26.327348443870747,161.8263841297675,2025-10-24
baseline,55,0+,71.70416427297714,27.67644166886403,166.0429511320025,2025-10-25
baseline,56,0+,74.81008934924448,29.75251952867531,169.82001090660145,2025-10-26
baseline,57,0+,77.09491215110398,31.27239117318138,172.95219856918078,2025-10-27
baseline,58,0+,80.18312482852907,32.23854895889003,176.09346477833452,2025-10-28
baseline,59,0+,83.38469263230421,33.6298988179214,179.337072527987,2025-10-29
baseline,60,0+,86.73236584241569,35.52040021844508,183.49237216810485,2025-10-30
baseline,61,0+,89.9440740558239,37.73068497644249,187.95195238888348,2025-10-31
baseline,62,0+,92.81026544216587,40.0996262921279,191.8850290392179,2025-11-01
baseline,63,0+,96.55882465809871,42.374167640599566,195.4362478011823,2025-11-02
baseline,64,0+,100.34324397829792,45.16348385244226,199.30150167783208,2025-11-03
baseline,65,0+,103.6410826506489,47.67601446868366,202.85853295329383,2025-11-04
baseline,66,0+,107.80363041382313,50.498358082228464,206.83084546387204,2025-11-05
baseline,67,0+,111.10555373813139,53.52990577380661,216.9303307887531,2025-11-06
baseline,68,0+,115.97457293766283,55.577403151260434,225.02637911598575,2025-11-07
baseline,69,0+,120.92791430648096,58.08725200098147,233.14985032223754,2025-11-08
baseline,70,0+,126.21766211131155,62.139494246582665,241.24851731197734,2025-11-09
baseline,71,0+,130.19268610058722,66.1772533114845,249.44034461364478,2025-11-10
baseline,72,0+,134.23299229930487,70.4648044514965,258.48372982947404,2025-11-11
baseline,73,0+,139.4431424655288,73.05968594454757,267.93092151940317,2025-11-12
baseline,74,0+,145.02915221797997,76.27665300097533,278.3975371389307,2025-11-13
baseline,75,0+,149.9734551830062,81.06218372671988,292.32451921394386,2025-11-14
baseline,76,0+,157.4776977235239,87.07961273938743,302.70484879913175,2025-11-15
baseline,77,0+,164.86566648104625,92.15957847142496,319.24326245745266,2025-11-16
baseline,78,0+,171.39132734201223,96.42174063488982,334.74132978817045,2025-11-17
baseline,79,0+,179.12952808913687,101.02689032870897,352.49850196697304,2025-11-18
baseline,80,0+,187.12108772091372,106.19874382734572,372.92804703790915,2025-11-19
baseline,81,0+,196.4410196710776,111.12128814180238,386.270988239305,2025-11-20
baseline,82,0+,206.10067221017158,118.79103857190692,400.967372646069,2025-11-21
baseline,83,0+,217.70162775215326,126.06140989473028,422.32092969878266,2025-11-22
baseline,84,0+,228.51301457624257,133.5087587547424,457.73399213225474,2025-11-23
baseline,85,0+,240.9215869405504,140.70752356937592,496.65120826456734,2025-11-24
baseline,86,0+,254.8859268792301,148.51306540539653,523.4531995910058,2025-11-25
baseline,87,0+,269.6609665091944,157.5963853650108,555.825995227542,2025-11-26
baseline,88,0+,285.5656130265559,166.06207687413806,593.1213058982346,2025-11-27
baseline,89,0+,302.06718827423214,176.86549029255195,636.2441515077508,2025-11-28
baseline,90,0+,318.8040117417504,187.02538725711113,680.4163194703269,2025-11-29
baseline,91,0+,337.17782755929386,197.0423500820149,724.5559091817854,2025-11-30
baseline,92,0+,353.78721806419435,206.20277165281533,761.937878275323,2025-12-01
baseline,93,0+,371.1834695355841,218.60762858428225,795.8626685529954,2025-12-02
baseline,94,0+,391.46640036799965,230.52371424173126,836.6196678030907,2025-12-03
baseline,95,0+,413.0058408905045,246.10157173862197,881.9010430311836,2025-12-04
baseline,96,0+,443.4768805297604,262.93638085187865,927.0936975708411,2025-12-05
baseline,97,0+,475.8875123707436,279.75771667362415,989.4757403599417,2025-12-06
baseline,98,0+,507.01890707765585,299.1933881778666,1053.0540618150555,2025-12-07
baseline,99,0+,541.76325580189,320.82426306136534,1109.0069127910192,2025-12-08
baseline,100,0+,581.8181715444175,346.1080826040449,1169.432811276603,2025-12-09
baseline,101,0+,625.039061872814,380.2861893658144,1242.456876886225,2025-12-10
baseline,102,0+,674.5287858504314,421.10563598583394,1308.8385207421513,2025-12-11
baseline,103,0+,729.8573358635845,469.45021581661024,1380.5563175881193,2025-12-12
baseline,104,0+,796.3038134176898,515.8463020352928,1469.7188900912536,2025-12-13
baseline,105,0+,861.9480956673036,572.8481758922644,1567.5842183604457,2025-12-14
baseline,106,0+,932.4489349008854,627.1552637457236,1654.16723487056,2025-12-15
baseline,107,0+,1011.7200802735068,685.8484836286661,1744.0154437960075,2025-12-16
baseline,108,0+,1095.8045234060219,754.4021682756771,1865.6689301072302,2025-12-17
baseline,109,0+,1191.544568526799,830.3758547886271,2020.278918733209,2025-12-18
baseline,110,0+,1307.3143316137111,912.4977010849856,2187.7939027557904,2025-12-19
baseline,111,0+,1434.7625896713464,1005.4357893218848,2347.143051993905,2025-12-20
baseline,112,0+,1559.383386846882,1098.2901562207705,2494.516491056812,2025-12-21
baseline,113,0+,1681.9002951131158,1198.0236965993465,2621.7016959049947,2025-12-22
baseline,114,0+,1805.428645112826,1291.6740762761772,2749.2599804569904,2025-12-23
baseline,115,0+,1928.5711341404135,1411.5866359662332,2884.5676219345605,2025-12-24
baseline,116,0+,2058.3785594924584,1504.3382266397161,3034.0821282705683,2025-12-25
baseline,117,0+,2195.580455839372,1597.3787135002963,3161.0463024717424,2025-12-26
baseline,118,0+,2338.087415230626,1700.328137562904,3285.35959877087,2025-12-27
baseline,119,0+,2469.6694949217954,1806.1415321365216,3404.7625841731347,2025-12-28
baseline,120,0+,2606.7955026661457,1910.654976372503,3526.823070094863,2025-12-29
baseline,121,0+,2727.788311634417,2008.1134053613782,3635.57499792953,2025-12-30
baseline,122,0+,2846.9010722350904,2105.351683148631,3747.06147048171,2025-12-31
baseline,123,0+,2960.1812147216274,2203.969477003685,3884.3546105919127,2026-01-01
baseline,124,0+,3070.735434439164,2306.542196279853,4002.171109686101,2026-01-02
baseline,125,0+,3186.699536908782,2396.3985667836196,4117.362035548824,2026-01-03
baseline,126,0+,3289.2070310917366,2477.2145182588392,4236.405815877261,2026-01-04
baseline,127,0+,3392.784630507183,2553.9530069087655,4364.090101755197,2026-01-05
baseline,128,0+,3480.2033724905054,2629.839670351259,4485.861633498717,2026-01-06
baseline,129,0+,3576.82685681503,2707.1467911001278,4601.699154636538,2026-01-07
baseline,130,0+,3675.32074129338,2806.5601479425914,4702.683214032583,2026-01-08
baseline,131,0+,3766.57246007275,2899.1539821424262,4794.015561910657,2026-01-09
baseline,132,0+,3858.938688837654,2984.5666974418405,4884.741508700181,2026-01-10
baseline,133,0+,3945.68657047408,3067.3792622657134,4989.15982030705,2026-01-11
baseline,134,0+,4036.9718253504634,3136.0450660151787,5066.909242540432,2026-01-12
baseline,135,0+,4114.118056644399,3213.5663068878853,5150.8235678811,2026-01-13
baseline,136,0+,4181.789936897743,3291.22116190532,5237.107005782762,2026-01-14
baseline,137,0+,4252.779548945045,3360.3701318134677,5313.6562429371415,2026-01-15
baseline,138,0+,4330.251794604567,3417.707080750003,5380.245496178499,2026-01-16
baseline,139,0+,4398.576346141733,3492.4959272916926,5452.8796485203975,2026-01-17
baseline,140,0+,4468.426053277524,3552.6023840625267,5524.964211313286,2026-01-18
baseline,141,0+,4515.960347499617,3621.523046596658,5589.282249060712,2026-01-19
baseline,142,0+,4567.844279942803,3676.170930452424,5647.312749882173,2026-01-20
baseline,143,0+,4620.177218180172,3724.7760271800817,5716.219140420985,2026-01-21
baseline,144,0+,4671.85798519944,3773.740726281617,5771.044980326144,2026-01-22
baseline,145,0+,4718.183527475433,3824.807150869239,5825.842786235775,2026-01-23
baseline,146,0+,4771.461918272172,3869.4798663311176,5878.02973045769,2026-01-24
baseline,147,0+,4817.6359177606155,3919.4852223709363,5920.249770500891,2026-01-25
baseline,148,0+,4854.59894511488,3963.5550582934707,5954.681993601773,2026-01-26
baseline,149,0+,4900.8669612375825,4000.018687026583,5994.90368277572,2026-01-27
baseline,150,0+,4938.979764856978,4035.008167438627,6034.478061622686,2026-01-28
baseline,151,0+,4986.662195763125,4071.9314590194417,6076.4878050976085,2026-01-29
baseline,152,0+,5024.101482020698,4103.806724634283,6113.604619002838,2026-01-30
baseline,153,0+,5061.643224382655,4137.625519491492,6143.703663059586,2026-01-31
baseline,154,0+,5098.558082382995,4169.71902799312,6164.7209749126,2026-02-01
baseline,155,0+,5134.619386224956,4198.610837210378,6189.0399128214995,2026-02-02
baseline,156,0+,5165.73631300585,4224.540183275161,6214.985277224768,2026-02-03
baseline,157,0+,5196.427487344027,4249.494885313555,6241.742662669494,2026-02-04
baseline,158,0+,5223.202722648968,4273.307903472376,6269.159634652752,2026-02-05
baseline,159,0+,5249.375987591589,4302.499403673071,6295.4961008644605,2026-02-06
baseline,160,0+,5279.7053258751985,4331.857007500967,6319.024522246095,2026-02-07
baseline,161,0+,5297.846109540787,4356.7377749744555,6342.556211370621,2026-02-08
baseline,162,0+,5316.829546891921,4383.4631226666515,6362.752416994285,2026-02-09
baseline,163,0+,5342.888016720842,4403.682661747853,6386.23692162701,2026-02-10
baseline,164,0+,5363.404244429354,4428.846660360015,6410.117606585883,2026-02-11
baseline,165,0+,5379.902503510221,4445.598465354565,6433.284348000792,2026-02-12
baseline,166,0+,5401.492870724776,4462.319395538484,6455.874155177325,2026-02-13
baseline,167,0+,5420.687068575236,4482.002724101328,6473.536048351596,2026-02-14
baseline,168,0+,5439.88111836852,4501.511384148259,6489.207098242847,2026-02-15
baseline,169,0+,5459.506588242963,4519.230630062886,6503.6403721002,2026-02-16
baseline,170,0+,5477.6274742053865,4534.463337778027,6517.057425487133,2026-02-17
baseline,171,0+,5494.472818209004,4549.074032473207,6532.4713184816355,2026-02-18
baseline,172,0+,5509.952008279752,4563.1472140660935,6548.421222623601,2026-02-19
baseline,173,0+,5520.201120621452,4576.554245907579,6563.484574598183,2026-02-20
baseline,174,0+,5532.007811857385,4588.516989542907,6577.678675799297,2026-02-21
baseline,175,0+,5543.9835368540635,4602.044629453069,6590.778564996157,2026-02-22
baseline,176,0+,5554.789263196687,4617.393414337128,6603.656570974187,2026-02-23
baseline,177,0+,5562.812703071119,4630.930631046499,6616.8546066588515,2026-02-24
baseline,178,0+,5572.06053286205,4644.39566497528,6629.812072688145,2026-02-25
baseline,179,0+,5586.590196545966,4657.466007151851,6640.337914374052,2026-02-26
baseline,180,0+,5597.959829434827,4668.960533410833,6647.601381781682,2026-02-27
baseline,181,0+,5610.8180285877725,4680.41571885111,6654.845092495185,2026-02-28
baseline,182,0+,5620.643949763011,4688.758081063946,6661.788102998914,2026-03-01
baseline,183,0+,5629.1875942669185,4697.52809055069,6668.307084542015,2026-03-02
baseline,184,0+,5637.395407433495,4706.0997706073995,6674.6593805537295,2026-03-03
baseline,185,0+,5643.90627472267,4714.7132275305075,6681.014023215506,2026-03-04
baseline,186,0+,5651.364531796672,4723.471455369493,6687.927735324874,2026-03-05
baseline,187,0+,5659.221434866502,4732.431840197141,6695.088624596937,2026-03-06
baseline,188,0+,5668.960604109727,4741.5608463412245,6702.261548426752,2026-03-07
baseline,189,0+,5676.252818359297,4750.465769332239,6709.149762886882,2026-03-08
baseline,190,0+,5683.168259955683,4758.950127576364,6715.603126720236,2026-03-09
baseline,191,0+,5689.419863080837,4766.545409892167,6722.923735501655,2026-03-10
baseline,192,0+,5695.504558404966,4773.100852111932,6731.2374886487505,2026-03-11
baseline,193,0+,5701.518368598955,4779.805030242867,6737.536123286253,2026-03-12
baseline,194,0+,5711.396388283204,4786.7212851351605,6744.120810604349,2026-03-13
baseline,195,0+,5718.926227798534,4793.845623439214,6752.759599411098,2026-03-14
baseline,196,0+,5729.0999414151,4801.961410116342,6765.7124115055985,2026-03-15
baseline,197,0+,5736.30761918817,4809.7335478362875,6774.3992329082885,2026-03-16
baseline,198,0+,5746.434795326862,4817.145932956442,6781.9011066261855,2026-03-17
baseline,199,0+,5755.625730731576,4823.51720506741,6789.733019657848,2026-03-18
baseline,200,0+,5765.299850722613,4830.998159502799,6798.107365691153,2026-03-19
baseline,201,0+,5774.363791273007,4839.883607691128,6807.088687314562,2026-03-20
baseline,202,0+,5782.42133755334,4848.978692520941,6816.562877936491,2026-03-21
baseline,203,0+,5789.987878602758,4857.870728206162,6826.0205946864035,2026-03-22
baseline,204,0+,5797.110658799996,4866.160697680417,6835.17794158374,2026-03-23
baseline,205,0+,5803.845146007103,4873.800828458531,6844.3757904961585,2026-03-24
baseline,206,0+,5810.489341324739,4881.413803269932,6852.037918302504,2026-03-25
baseline,207,0+,5817.133852444065,4889.092196408326,6859.693155091261,2026-03-26
baseline,208,0+,5823.765848935744,4896.856227166516,6867.783089074645,2026-03-27
baseline,209,0+,5830.143473400537,4904.679890150996,6876.030715536308,2026-03-28
baseline,210,0+,5835.295499203265,4910.573295545923,6884.103290364778,2026-03-29
baseline,211,0+,5840.257433319149,4924.204651767616,6891.825383267175,2026-03-30
baseline,212,0+,5845.163597639587,4937.13510529401,6899.451634131479,2026-03-31
baseline,213,0+,5853.598754453811,4943.778608953875,6907.163878095885,2026-04-01
baseline,214,0+,5860.330023298476,4949.296312837842,6915.030851720183,2026-04-02
baseline,215,0+,5868.393491878154,4955.073100537124,6923.80556191986,2026-04-03
baseline,216,0+,5877.029516250838,4961.0725022839815,6934.22225946517,2026-04-04
baseline,217,0+,5885.175897929878,4967.006410161226,6944.326058647356,2026-04-05
baseline,218,0+,5894.687356000911,4972.722699208466,6953.872218216113,2026-04-06
baseline,219,0+,5900.150919196648,4978.4300688906105,6963.1745780659385,2026-04-07
baseline,220,0+,5907.037536184252,4984.295752776406,6972.476904265689,2026-04-08
baseline,221,0+,5914.169495115311,4990.393149985292,6981.806046513456,2026-04-09
baseline,222,0+,5921.020556627461,4996.751337613014,6988.375756286612,2026-04-10
baseline,223,0+,5928.662019195836,5003.322925337001,6994.833738278723,2026-04-11
baseline,224,0+,5934.089969503193,5009.796571216947,7000.935268058493,2026-04-12
baseline,225,0+,5942.4035747760845,5015.3562313388,7006.56121814757,2026-04-13
baseline,226,0+,5948.9737949957425,5020.804937694643,7011.865619630283,2026-04-14
baseline,227,0+,5952.4591630061195,5026.291584224853,7016.969620248923,2026-04-15
baseline,228,0+,5961.744028694145,5031.628518676677,7021.921034188799,2026-04-16
baseline,229,0+,5965.471481890283,5035.717580710901,7026.736695267531,2026-04-17
baseline,230,0+,5970.9553585591875,5039.862872375353,7031.393543523998,2026-04-18
baseline,231,0+,5977.217503139009,5043.8930815702915,7035.73654503567,2026-04-19
baseline,232,0+,5982.717481198567,5047.712066244238,7039.684559787402,2026-04-20
baseline,233,0+,5987.596141486387,5051.38598802709,7043.29079006939,2026-04-21
baseline,234,0+,5994.038425607712,5054.976847413534,7046.610290838223,2026-04-22
baseline,235,0+,5999.291454807178,5058.507109850923,7049.695074537076,2026-04-23
baseline,236,0+,6004.873668391476,5061.98746629157,7052.748730188076,2026-04-24
baseline,237,0+,6011.724696818397,5065.25495343422,7055.529862090211,2026-04-25
baseline,238,0+,6015.298881985935,5068.415901183237,7058.015692903986,2026-04-26
baseline,239,0+,6018.730065608811,5071.442522376888,7060.213409686775,2026-04-27
baseline,240,0+,6022.237567318895,5074.470060261041,7062.202073715373,2026-04-28
baseline,241,0+,6026.668004931591,5077.600149778594,7064.03991803495,2026-04-29
baseline,242,0+,6030.821807968167,5080.874999423883,7065.755158630607,2026-04-30
baseline,243,0+,6035.002770933947,5084.315379778116,7067.362898026916,2026-05-01
baseline,244,0+,6039.211303595819,5087.909592993832,7068.865447894229,2026-05-02
baseline,245,0+,6043.200746335558,5091.485885968488,7070.228507589868,2026-05-03
baseline,246,0+,6045.734366150575,5094.955734901573,7071.44095270948,2026-05-04
baseline,247,0+,6046.361176641496,5098.444802155834,7072.539219961844,2026-05-05
baseline,248,0+,6049.414599579094,5102.045116099982,7073.55268029833,2026-05-06
baseline,249,0+,6053.338829024917,5105.792379956759,7074.496987266697,2026-05-07
baseline,250,0+,6059.690867966911,5109.604538958602,7075.406543207476,2026-05-08
no vax,1,0+,0.17165393748457872,0.02087041531007663,1.0364537932405673,2025-09-01
no vax,2,0+,0.5900288270607271,0.07228373441817114,3.5375500477125548,2025-09-02
no vax,3,0+,1.1238060455433165,0.14119138147947943,6.690622582539444,2025-09-03
no vax,4,0+,1.7287752355684427,0.22461461381000847,10.199584918707343,2025-09-04
no vax,5,0+,2.3846596708443597,0.32072165541861464,13.926167678969215,2025-09-05
no vax,6,0+,3.0732547955562324,0.42443383943073376,17.76746216763095,2025-09-06
no vax,7,0+,3.774178822225861,0.5323688941408877,21.51628127284947,2025-09-07
no vax,8,0+,4.423132114122331,0.6416198531940639,25.01678760751017,2025-09-08
no vax,9,0+,5.06728064692498,0.7581263143607214,28.330188189457317,2025-09-09
no vax,10,0+,5.811158841133502,0.885750995991222,31.796778559724743,2025-09-10
no vax,11,0+,6.607160545282168,1.0335703900488884,35.08220191086496,2025-09-11
no vax,12,0+,7.399575910571038,1.2017006927656082,38.30312849776038,2025-09-12
no vax,13,0+,8.197039730844697,1.3798978102471076,41.651092396117285,2025-09-13
no vax,14,0+,8.93941902220404,1.575762416382107,45.06601668738609,2025-09-14
no vax,15,0+,9.816235071176578,1.7717887376074455,48.2800540630852,2025-09-15
no vax,16,0+,10.652139510885966,1.9757313555415636,51.254135814215154,2025-09-16
no vax,17,0+,11.611798235668218,2.2091703423700446,54.26281697106786,2025-09-17
no vax,18,0+,12.568393009998399,2.4586307908366387,57.320140528019984,2025-09-18
no vax,19,0+,13.552864549341365,2.7481714462461206,60.235918306353,2025-09-19
no vax,20,0+,14.599998107006297,3.070011742473461,62.937965882950856,2025-09-20
no vax,21,0+,15.599339538009959,3.4368528485083045,65.519011235003,2025-09-21
no vax,22,0+,16.63058028043492,3.7322566913327373,68.07606987754207,2025-09-22
no vax,23,0+,17.71518564944486,4.045906840161339,70.67352152708327,2025-09-23
no vax,24,0+,19.101472094800243,4.405643232575988,73.3968379372389,2025-09-24
no vax,25,0+,20.260348781138347,4.810714470107461,77.23887768104103,2025-09-25
no vax,26,0+,21.250166974047083,5.204488173663679,80.14269740224539,2025-09-26
no vax,27,0+,22.568412444993527,5.533619041979527,82.76497900458256,2025-09-27
no vax,28,0+,23.86897360644858,5.850616968207885,85.2936496159294,2025-09-28
no vax,29,0+,25.137187465918867,6.179160966925026,87.82741412180418,2025-09-29
no vax,30,0+,26.512345964201334,6.557294571970213,90.32043531629739,2025-09-30
no vax,31,0+,27.871444836646177,6.958679827302116,92.8252320538378,2025-10-01
no vax,32,0+,29.175962177164116,7.392492182477236,95.49772034629554,2025-10-02
no vax,33,0+,30.433403403409635,7.882200367373801,98.31163829167762,2025-10-03
no vax,34,0+,31.899172619589763,8.465879684094658,100.92830921069556,2025-10-04
no vax,35,0+,33.47737407766792,9.133685490262513,103.88478265467505,2025-10-05
no vax,36,0+,34.980011661323196,9.751474242264447,106.96239613195907,2025-10-06
no vax,37,0+,36.63033798355972,10.328652159273457,109.42670794450206,2025-10-07
no vax,38,0+,37.89368453423807,10.953325522337078,112.16023554530973,2025-10-08
no vax,39,0+,39.43600476263379,11.592668193373251,115.53862140312484,2025-10-09
no vax,40,0+,41.258548149019745,12.23451800576774,119.24096397574009,2025-10-10
no vax,41,0+,42.59938286516815,12.875221953781095,122.52480811386833,2025-10-11
no vax,42,0+,44.79672971019506,13.6892340177941,125.66738513662575,2025-10-12
no vax,43,0+,46.78933572627507,14.610155876759597,128.1378737715992,2025-10-13
no vax,44,0+,48.40048177553941,15.275661654048639,130.57696314980086,2025-10-14
no vax,45,0+,50.167674666035154,16.124374176159552,132.58251610925902,2025-10-15
no vax,46,0+,52.08239460673577,17.072148921627875,135.83560721534477,2025-10-16
no vax,47,0+,54.62193508043207,17.9672280359795,139.69051934580241,2025-10-17
no vax,48,0+,56.60748458299753,19.110282103244277,143.13919967052513,2025-10-18
no vax,49,0+,58.3761683289118,20.347890131374687,146.5546884678774,2025-10-19
no vax,50,0+,60.895600794589555,21.511076678719323,149.84289388600718,2025-10-20
no vax,51,0+,63.169675954451776,22.692187730564758,153.11419367699332,2025-10-21
no vax,52,0+,64.83866430932002,23.863056674889368,156.46815054143642,2025-10-22
no vax,53,0+,67.4091510448385,25.284304315543817,159.89796331119882,2025-10-23
no vax,54,0+,70.06999429315869,26.740853553457,163.68888556849853,2025-10-24
no vax,55,0+,73.12890029965932,28.36557296737774,168.21727463072966,2025-10-25
no vax,56,0+,76.1124177666222,30.4742844467018,171.64106819114465,2025-10-26
no vax,57,0+,78.77479329879935,31.889110910443552,174.95847118581096,2025-10-27
no vax,58,0+,81.74264345591517,33.07831427963897,178.29896671533174,2025-10-28
no vax,59,0+,85.27121776005792,34.554337754593234,181.76412300275672,2025-10-29
no vax,60,0+,88.70293866127513,36.69546229505954,187.18734151760563,2025-10-30
no vax,61,0+,91.71045673338419,39.1304363965144,191.18848703896447,2025-10-31
no vax,62,0+,95.60215332481071,41.6367060378257,195.6647449859784,2025-11-01
no vax,63,0+,99.67806613107075,44.274752563506304,199.4904785793061,2025-11-02
no vax,64,0+,103.8363305194157,47.039518852689774,203.15820441769486,2025-11-03
no vax,65,0+,107.247541951788,49.830899541615814,207.02393337096186,2025-11-04
no vax,66,0+,111.00741715597242,52.98828166443031,215.4450000239877,2025-11-05
no vax,67,0+,116.02576604429359,55.66872142058655,223.12729135804852,2025-11-06
no vax,68,0+,121.3409742898998,57.89368074506544,233.6884715455148,2025-11-07
no vax,69,0+,126.48921532553932,62.09002501725765,243.90105297607099,2025-11-08
no vax,70,0+,131.71710626043793,66.74674992368966,253.8898528400884,2025-11-09
no vax,71,0+,136.2509887385697,70.78231242215865,263.3433165007967,2025-11-10
no vax,72,0+,141.2013086534472,73.98600120252314,273.7581726762935,2025-11-11
no vax,73,0+,147.62368094165257,78.02040204295393,284.7183144466205,2025-11-12
no vax,74,0+,153.0033660499719,82.88127526182244,298.1359947582129,2025-11-13
no vax,75,0+,161.5874773633877,89.0070593655564,306.5480321565195,2025-11-14
no vax,76,0+,170.2799862331164,94.60629242837007,329.35413229016274,2025-11-15
no vax,77,0+,178.70392026017197,99.34888431189005,348.6216507013706,2025-11-16
no vax,78,0+,186.42696971781308,104.27606677444167,368.9780747658831,2025-11-17
no vax,79,0+,196.001679646592,109.04722761004058,392.8401984856033,2025-11-18
no vax,80,0+,205.71163784711726,115.95674374427807,407.7897551800752,2025-11-19
no vax,81,0+,215.9430989829209,123.62176943810584,424.33359448400114,2025-11-20
no vax,82,0+,228.65700691075037,132.32278130949172,450.41850303564286,2025-11-21
no vax,83,0+,243.80863012011224,140.99006821005892,497.06094833977716,2025-11-22
no vax,84,0+,258.6671633971377,151.78066820123055,542.199476865191,2025-11-23
no vax,85,0+,274.9497538595647,161.2520544328792,576.5309327429509,2025-11-24
no vax,86,0+,291.9144511615072,171.9268224802208,616.8091931164751,2025-11-25
no vax,87,0+,311.9980949803063,182.3954115799596,667.2972139961199,2025-11-26
no vax,88,0+,332.5790695935857,195.63985238813046,723.874681163541,2025-11-27
no vax,89,0+,356.97124630635864,208.28930958830142,785.3375237702464,2025-11-28
no vax,90,0+,377.73789795190646,221.11139303945035,844.4286889403306,2025-11-29
no vax,91,0+,402.47800531600365,236.24632839625477,890.2142428399966,2025-11-30
no vax,92,0+,425.52678046972585,251.2108203343693,937.0377101134429,2025-12-01
no vax,93,0+,452.87232206494,265.71276244500064,991.07181229716,2025-12-02
no vax,94,0+,483.45168301018475,285.2848789582323,1047.5796567223986,2025-12-03
no vax,95,0+,517.7805186667919,308.1530979461068,1110.660060203678,2025-12-04
no vax,96,0+,558.5051410825185,329.77973246820875,1194.7704545629551,2025-12-05
no vax,97,0+,603.6336027576676,352.854963347489,1282.715740157546,2025-12-06
no vax,98,0+,653.7629970315002,383.8122919540294,1371.475366249685,2025-12-07
no vax,99,0+,705.2316812985771,424.0652221897107,1458.3762360953313,2025-12-08
no vax,100,0+,770.1007711789531,471.29250150697993,1546.1980283961614,2025-12-09
no vax,101,0+,841.4849221398603,527.5620180531639,1641.5486445302784,2025-12-10
no vax,102,0+,922.9819685789388,586.5959662649609,1746.7757263568226,2025-12-11
no vax,103,0+,1019.7059265720239,658.2323815142563,1880.4167651893947,2025-12-12
no vax,104,0+,1125.3319723291788,740.175817150634,2005.4932228205205,2025-12-13
no vax,105,0+,1238.6417631288036,811.1209163452013,2153.597386937229,2025-12-14
no vax,106,0+,1356.1279041852135,910.361673975065,2350.0674671536062,2025-12-15
no vax,107,0+,1502.5295482726513,1010.2603355413218,2562.0088853557204,2025-12-16
no vax,108,0+,1659.7471669079396,1126.4637662022785,2757.726034259068,2025-12-17
no vax,109,0+,1839.695845144493,1248.9228199574188,2983.789575558308,2025-12-18
no vax,110,0+,2047.7114016377327,1381.1816543412292,3229.6205531104833,2025-12-19
no vax,111,0+,2256.7680732818185,1550.3049640029303,3462.870478016261,2025-12-20
no vax,112,0+,2481.9564435873017,1741.86768605215,3696.0343830568177,2025-12-21
no vax,113,0+,2714.1056650425094,1905.6974498352433,3919.9660287306606,2025-12-22
no vax,114,0+,2950.9101538403675,2088.4787649708583,4153.082867969278,2025-12-23
no vax,115,0+,3183.1121189759874,2277.5310124348703,4428.76331165846,2025-12-24
no vax,116,0+,3440.678764621836,2463.5784591668566,4712.712626218656,2025-12-25
no vax,117,0+,3696.7858126912824,2652.063255776947,5007.920989726393,2025-12-26
no vax,118,0+,3975.939362991133,2834.3438775972204,5316.444058531141,2025-12-27
no vax,119,0+,4234.648958516687,3035.5771590976005,5577.627333463155,2025-12-28
no vax,120,0+,4488.296898211581,3226.526638932724,5886.443872380413,2025-12-29
no vax,121,0+,4730.073291155354,3422.3895345105034,6120.470711177511,2025-12-30
no vax,122,0+,4956.2267422942205,3633.2121604011304,6411.789281557168,2025-12-31
no vax,123,0+,5195.545719290991,3843.599816293161,6734.71147806915,2026-01-01
no vax,124,0+,5401.548620002752,4019.40288165455,7032.404723676179,2026-01-02
no vax,125,0+,5624.260516631035,4191.444137135129,7256.067618816289,2026-01-03
no vax,126,0+,5835.037002385355,4361.973984996767,7566.82063887446,2026-01-04
no vax,127,0+,6034.849500795474,4518.7121181969005,7822.023726244547,2026-01-05
no vax,128,0+,6219.715697890828,4675.63499674139,8038.384219612513,2026-01-06
no vax,129,0+,6416.465000067481,4836.290697142056,8263.518593633802,2026-01-07
no vax,130,0+,6620.802634176009,4986.879862251924,8470.493095682314,2026-01-08
no vax,131,0+,6812.656004856953,5150.077316413685,8698.373017663796,2026-01-09
no vax,132,0+,7013.243764907931,5332.547543125681,8951.062058379766,2026-01-10
no vax,133,0+,7202.044190870751,5429.203130694733,9162.374767549738,2026-01-11
no vax,134,0+,7381.790750698212,5554.349333650768,9394.332985820538,2026-01-12
no vax,135,0+,7560.690951462077,5697.049002028291,9605.688089131127,2026-01-13
no vax,136,0+,7720.106721560401,5827.121290925818,9816.321427894125,2026-01-14
no vax,137,0+,7884.816509337736,5944.849659919346,10021.139683867517,2026-01-15
no vax,138,0+,8029.247287869202,6075.05387990939,10220.56803768468,2026-01-16
no vax,139,0+,8176.161253540489,6214.759291480184,10416.558706810356,2026-01-17
no vax,140,0+,8344.017254305601,6343.224881038038,10580.311863010988,2026-01-18
no vax,141,0+,8482.18302011538,6452.97133947943,10752.72788061441,2026-01-19
no vax,142,0+,8611.251948011977,6531.695795329594,10889.171512560823,2026-01-20
no vax,143,0+,8740.564094332343,6615.335978601948,11018.469520142788,2026-01-21
no vax,144,0+,8861.51669726985,6691.14826515662,11167.469874871464,2026-01-22
no vax,145,0+,8986.396342214706,6761.750354969088,11319.56239615069,2026-01-23
no vax,146,0+,9085.855276208475,6860.6593925431125,11440.59729196873,2026-01-24
no vax,147,0+,9190.86818111495,6942.184555350342,11563.745499269005,2026-01-25
no vax,148,0+,9286.792326199864,7033.181443225967,11665.068463834436,2026-01-26
no vax,149,0+,9398.354988293942,7104.330019734314,11765.842006750341,2026-01-27
no vax,150,0+,9470.1007328474,7166.403193545475,11854.183871905652,2026-01-28
no vax,151,0+,9565.170883138362,7242.288213080339,11943.528186900321,2026-01-29
no vax,152,0+,9665.203948725724,7299.033465791723,12029.974781205248,2026-01-30
no vax,153,0+,9757.049884235397,7335.26120199699,12114.074430974239,2026-01-31
no vax,154,0+,9833.809928431489,7369.069722767915,12217.684755711007,2026-02-01
no vax,155,0+,9897.139541790812,7399.993657218312,12313.904158379799,2026-02-02
no vax,156,0+,9969.074554981675,7429.041555246379,12387.63173013364,2026-02-03
no vax,157,0+,10045.39600815482,7457.029554229349,12471.418577563376,2026-02-04
no vax,158,0+,10102.399753983742,7484.374912646091,12559.14884481748,2026-02-05
no vax,159,0+,10150.310190015209,7511.317510446686,12658.757977796176,2026-02-06
no vax,160,0+,10225.96691035362,7537.817542358605,12711.762762289072,2026-02-07
no vax,161,0+,10279.69600384236,7573.953620949667,12761.37592451181,2026-02-08
no vax,162,0+,10332.704513566283,7611.276842141714,12807.084871560146,2026-02-09
no vax,163,0+,10381.081977973956,7658.398662950579,12884.890034797603,2026-02-10
no vax,164,0+,10424.150206287977,7672.803840822469,12968.097563368961,2026-02-11
no vax,165,0+,10495.16980373553,7696.394785793815,13026.381163665388,2026-02-12
no vax,166,0+,10552.196095732459,7722.263479661969,13084.257211263623,2026-02-13
no vax,167,0+,10608.999839316424,7744.874545871763,13152.923291347539,2026-02-14
no vax,168,0+,10663.284861289001,7762.569505885579,13218.642053203801,2026-02-15
no vax,169,0+,10703.842683713256,7776.123578355793,13287.69189914317,2026-02-16
no vax,170,0+,10743.269816288595,7788.480807506888,13352.97883990156,2026-02-17
no vax,171,0+,10778.193871490415,7799.851747582182,13395.052900194461,2026-02-18
no vax,172,0+,10805.9314687462,7810.37315352262,13492.377313393465,2026-02-19
no vax,173,0+,10837.888755032061,7824.662942134213,13568.547688236398,2026-02-20
no vax,174,0+,10865.658048516952,7849.806178247951,13606.982063515183,2026-02-21
no vax,175,0+,10892.903668970093,7873.402479729738,13680.844644435756,2026-02-22
no vax,176,0+,10925.003422541135,7895.295135138912,13710.323002355763,2026-02-23
no vax,177,0+,10957.738949657993,7916.347189388637,13737.86499736188,2026-02-24
no vax,178,0+,10983.436149910034,7937.217480211685,13764.511877243138,2026-02-25
no vax,179,0+,11008.897848658567,7958.108888122057,13790.718188923078,2026-02-26
no vax,180,0+,11037.558477283616,7974.932450296959,13816.16776893428,2026-02-27
no vax,181,0+,11067.277338296493,7986.8776307530325,13847.339238468936,2026-02-28
no vax,182,0+,11091.881247391964,7995.048946021358,13876.474227867535,2026-03-01
no vax,183,0+,11119.995524567781,8001.217753848543,13908.020316092063,2026-03-02
no vax,184,0+,11148.900606150892,8007.061865648375,13938.822461622492,2026-03-03
no vax,185,0+,11182.306622622142,8012.741171133276,13969.69564518412,2026-03-04
no vax,186,0+,11216.777140787957,8018.327975710522,14002.816296126191,2026-03-05
no vax,187,0+,11248.01752646827,8023.859605379472,14035.882051346991,2026-03-06
no vax,188,0+,11275.34827621287,8029.320108631092,14066.74400911343,2026-03-07
no vax,189,0+,11286.132615743121,8034.509846464839,14113.071240117313,2026-03-08
no vax,190,0+,11294.555081878118,8039.334710227664,14159.789132901094,2026-03-09
no vax,191,0+,11308.65965116721,8043.954445147565,14199.012877054673,2026-03-10
no vax,192,0+,11328.706327791111,8048.495868583173,14242.845467003966,2026-03-11
no vax,193,0+,11357.026933083465,8053.015139621839,14286.73973603889,2026-03-12
no vax,194,0+,11382.579249596747,8057.544971528467,14332.29344731423,2026-03-13
no vax,195,0+,11404.56542302558,8062.076815361334,14378.297477312595,2026-03-14
no vax,196,0+,11423.377080144586,8066.434263015468,14421.730579315774,2026-03-15
no vax,197,0+,11440.858641745726,8070.52982056349,14461.607096249349,2026-03-16
no vax,198,0+,11478.270088730127,8074.496183591314,14493.18006127292,2026-03-17
no vax,199,0+,11502.287851443612,8078.436209252592,14525.899472221343,2026-03-18
no vax,200,0+,11527.117048770633,8081.844863431251,14560.738981488841,2026-03-19
no vax,201,0+,11552.808401410182,8085.281812965754,14597.988925702746,2026-03-20
no vax,202,0+,11589.79577302688,8088.724424266867,14637.152051861112,2026-03-21
no vax,203,0+,11606.103223189253,8092.031033074512,14676.138964627917,2026-03-22
no vax,204,0+,11631.748966818905,8095.131107618139,14710.1470411037,2026-03-23
no vax,205,0+,11656.09307056182,8098.126749089513,14738.328575195355,2026-03-24
no vax,206,0+,11672.524678123742,8101.102338018661,14766.823536979755,2026-03-25
no vax,207,0+,11692.410433181882,8104.092765878454,14797.762410326208,2026-03-26
no vax,208,0+,11714.738564450716,8107.108320824122,14822.952204359133,2026-03-27
no vax,209,0+,11737.76378615069,8110.136047205113,14858.3443450778,2026-03-28
no vax,210,0+,11757.95064019348,8113.057370440252,14891.102709497434,2026-03-29
no vax,211,0+,11776.61304829981,8115.810952012025,14922.532687577157,2026-03-30
no vax,212,0+,11802.970770217087,8118.480888400662,14953.007517590988,2026-03-31
no vax,213,0+,11831.095190333177,8121.130034225066,14982.905645298735,2026-04-01
no vax,214,0+,11840.036369923999,8123.783328944819,15014.270077429674,2026-04-02
no vax,215,0+,11860.043878741113,8126.454190827942,15046.041722726482,2026-04-03
no vax,216,0+,11895.155060128955,8129.124658051553,15077.743059952107,2026-04-04
no vax,217,0+,11909.840591376815,8131.684799979671,15109.19270169841,2026-04-05
no vax,218,0+,11919.708162234321,8134.079990470541,15142.36344143767,2026-04-06
no vax,219,0+,11928.250123288772,8136.388434496901,15172.517502529412,2026-04-07
no vax,220,0+,11957.161799018986,8138.671383596052,15202.007122321953,2026-04-08
no vax,221,0+,11969.354179852831,8140.954333595262,15231.685943398512,2026-04-09
no vax,222,0+,11991.646678014919,8143.244193336742,15259.272985150403,2026-04-10
no vax,223,0+,12005.015985723709,8145.522744989626,15286.844701391703,2026-04-11
no vax,224,0+,12026.5189464515,8147.698131863521,15313.26977584826,2026-04-12
no vax,225,0+,12035.519474134746,8149.724836191375,15337.987427297468,2026-04-13
no vax,226,0+,12058.534509983016,8151.659177577554,15361.68780578144,2026-04-14
no vax,227,0+,12075.529968390463,8153.544549711546,15385.312680307461,2026-04-15
no vax,228,0+,12088.777339760332,8155.397070196756,15410.440117846736,2026-04-16
no vax,229,0+,12116.813474232837,8157.221464041527,15435.337342078712,2026-04-17
no vax,230,0+,12145.02219500231,8159.007262200529,15459.847378411408,2026-04-18
no vax,231,0+,12175.551796150687,8160.690108917673,15483.06191151171,2026-04-19
no vax,232,0+,12183.056363927662,8162.235323083423,15504.493590661166,2026-04-20
no vax,233,0+,12200.627932719648,8163.664217362647,15524.467558712851,2026-04-21
no vax,234,0+,12235.52204062586,8164.99791965409,15543.29112864643,2026-04-22
no vax,235,0+,12246.46291541948,8166.246035217596,15561.07505376503,2026-04-23
no vax,236,0+,12257.387580256964,8167.414191950713,15577.875682218646,2026-04-24
no vax,237,0+,12271.81491282223,8168.5035949441535,15595.26331081931,2026-04-25
no vax,238,0+,12293.293636267956,8170.671668431325,15612.783212361397,2026-04-26
no vax,239,0+,12298.89594622694,8172.687895507883,15633.530368171963,2026-04-27
no vax,240,0+,12312.360637375376,8174.561320857114,15655.745189792238,2026-04-28
no vax,241,0+,12327.871264956635,8176.346656984906,15678.629327124305,2026-04-29
no vax,242,0+,12341.281125486434,8178.06717547979,15692.092115865113,2026-04-30
no vax,243,0+,12352.513155825982,8179.73305027504,15705.933595851013,2026-05-01
no vax,244,0+,12365.394942223662,8181.3406286705385,15722.191525110236,2026-05-02
no vax,245,0+,12375.159459819148,8182.838813641208,15740.304996898314,2026-05-03
no vax,246,0+,12384.662258082672,8184.205427379416,15758.066982505374,2026-05-04
no vax,247,0+,12394.263867538055,8185.4807005502025,15775.8845440646,2026-05-05
no vax,248,0+,12404.063588923114,8186.6953896231635,15794.32862768151,2026-05-06
no vax,249,0+,12414.473892754557,8187.86333957923,15813.749832487201,2026-05-07
no vax,250,0+,12426.159492237937,8188.809272139915,15834.57967519236,2026-05-08
Infection protection only,1,Total,0.17165393748457872,0.02087041531007663,1.0364537932405673,2025-09-01
Infection protection only,2,Total,0.5900288270607271,0.07228373441817114,3.5375500477125548,2025-09-02
Infection protection only,3,Total,1.1238060455433165,0.14119138147947943,6.690622582539444,2025-09-03
Infection protection only,4,Total,1.7287752355684427,0.22461461381000847,10.199584918707343,2025-09-04
Infection protection only,5,Total,2.3846596708443597,0.32072165541861464,13.926167678969215,2025-09-05
Infection protection only,6,Total,3.0732547955562324,0.42443383943073376,17.76746216763095,2025-09-06
Infection protection only,7,Total,3.774178822225861,0.5323688941408877,21.51628127284947,2025-09-07
Infection protection only,8,Total,4.423132114122331,0.6416198531940639,25.01678760751017,2025-09-08
Infection protection only,9,Total,5.06728064692498,0.7581263143607214,28.330188189457317,2025-09-09
Infection protection only,10,Total,5.811158841133502,0.885750995991222,31.796778559724743,2025-09-10
Infection protection only,11,Total,6.607160545282168,1.0335703900488884,35.08220191086496,2025-09-11
Infection protection only,12,Total,7.399575910571038,1.2017006927656082,38.30312849776038,2025-09-12
Infection protection only,13,Total,8.197039730844697,1.3798978102471076,41.651092396117285,2025-09-13
Infection protection only,14,Total,8.93941902220404,1.575762416382107,45.06601668738609,2025-09-14
Infection protection only,15,Total,9.816235071176578,1.7717887376074455,48.2800540630852,2025-09-15
Infection protection only,16,Total,10.652139510885966,1.9757313555415636,51.254135814215154,2025-09-16
Infection protection only,17,Total,11.611798235668218,2.2091703423700446,54.26281697106786,2025-09-17
Infection protection only,18,Total,12.568393009998402,2.4586307908366387,57.320140528019984,2025-09-18
Infection protection only,19,Total,13.552864549341365,2.7481714462461206,60.235918306353,2025-09-19
Infection protection only,20,Total,14.599996194367348,3.0700112760823046,62.93796335156617,2025-09-20
Infection protection only,21,Total,15.599332174580402,3.436847648082579,65.51897915023636,2025-09-21
Infection protection only,22,Total,16.630530371461724,3.732238398123007,68.07590736960196,2025-09-22
Infection protection only,23,Total,17.71497355069183,4.04583248469459,70.67301512728551,2025-09-23
Infection protection only,24,Total,19.10113344098894,4.405430689088113,73.39513930667806,2025-09-24
Infection protection only,25,Total,20.25975529948497,4.810308907156821,77.23638029839084,2025-09-25
Infection protection only,26,Total,21.247611881307357,5.203855942413931,80.13838359917145,2025-09-26
Infection protection only,27,Total,22.562427968887775,5.532801626122257,82.75843850566957,2025-09-27
Infection protection only,28,Total,23.863498569658013,5.849405570319108,85.28487152894448,2025-09-28
Infection protection only,29,Total,25.129013888358518,6.17711729657155,87.81457857509498,2025-09-29
Infection protection only,30,Total,26.496728051194857,6.554498363031712,90.30331555111411,2025-09-30
Infection protection only,31,Total,27.856903082401764,6.9548792914219755,92.80267283286892,2025-10-01
Infection protection only,32,Total,29.161434367592776,7.387354567921413,95.4664932335624,2025-10-02
Infection protection only,33,Total,30.412673506443305,7.875011294811215,98.27416033476014,2025-10-03
Infection protection only,34,Total,31.87488887475926,8.454289111237486,100.88126532654333,2025-10-04
Infection protection only,35,Total,33.4269152952197,9.11864575095329,103.80027551529139,2025-10-05
Infection protection only,36,Total,34.92384072372411,9.736136562617489,106.89719501567988,2025-10-06
Infection protection only,37,Total,36.58649180671744,10.309579982203344,109.33643306237433,2025-10-07
Infection protection only,38,Total,37.851014446667676,10.929570043121203,112.03938233567652,2025-10-08
Infection protection only,39,Total,39.35417663374916,11.564793473660426,115.36741932605842,2025-10-09
Infection protection only,40,Total,41.180727490022704,12.20341710050249,119.01909739387794,2025-10-10
Infection protection only,41,Total,42.50413145236212,12.83577136097084,122.32664577667383,2025-10-11
Infection protection only,42,Total,44.58807120753045,13.628780202833003,125.43614038807799,2025-10-12
Infection protection only,43,Total,46.67262256629438,14.539745622743052,127.94448708045742,2025-10-13
Infection protection only,44,Total,48.26277894017771,15.21979445291967,130.33101816837055,2025-10-14
Infection protection only,45,Total,50.03697713187504,16.031300333473123,132.35650917619526,2025-10-15
Infection protection only,46,Total,51.888263064335106,16.974804402722636,135.33960927814252,2025-10-16
Infection protection only,47,Total,54.247664153297364,17.864120275380056,139.17859181917186,2025-10-17
Infection protection only,48,Total,56.34648414045141,18.952006887383078,142.58697819468432,2025-10-18
Infection protection only,49,Total,57.96328614993809,20.1447570338288,145.92416769989774,2025-10-19
Infection protection only,50,Total,60.554983697333725,21.29106606170035,149.1309261287042,2025-10-20
Infection protection only,51,Total,62.618775872661786,22.4508065657337,152.31334825401575,2025-10-21
Infection protection only,52,Total,64.39927290605158,23.598426469439595,155.566895063436,2025-10-22
Infection protection only,53,Total,66.9479129424556,24.89990774798881,158.93670762020082,2025-10-23
Infection protection only,54,Total,69.30228948359465,26.434476249318045,162.3151004000185,2025-10-24
Infection protection only,55,Total,72.09172916569737,27.843463947901835,166.64240683374516,2025-10-25
Infection protection only,56,Total,75.1464868064005,29.938742858769338,170.29833457930982,2025-10-26
Infection protection only,57,Total,77.49703515632048,31.42322545634058,173.47159719468328,2025-10-27
Infection protection only,58,Total,80.57864227664297,32.43084848711527,176.65601233801968,2025-10-28
Infection protection only,59,Total,83.82033755140455,33.84680673542183,179.94643214525325,2025-10-29
Infection protection only,60,Total,87.10237621301252,35.77591890917807,184.3913435836907,2025-10-30
Infection protection only,61,Total,90.36157917717182,38.025978747413255,188.71334489892206,2025-10-31
Infection protection only,62,Total,93.56583735995844,40.434647140167634,192.78769731225563,2025-11-01
Infection protection only,63,Total,97.10500564047108,42.72168258218509,196.31137816000697,2025-11-02
Infection protection only,64,Total,101.01191169968382,45.53892541773203,200.20673841901535,2025-11-03
Infection protection only,65,Total,104.57772407124932,48.0985847295978,203.82931409812468,2025-11-04
Infection protection only,66,Total,108.55090919853907,50.97630768016051,207.88576377644534,2025-11-05
Infection protection only,67,Total,111.91935022384189,53.99441927471318,218.16616021266745,2025-11-06
Infection protection only,68,Total,117.05779270186636,55.999658863609376,226.53682787335305,2025-11-07
Infection protection only,69,Total,121.99528330428703,58.802034427950574,235.38043679661791,2025-11-08
Infection protection only,70,Total,127.10610839142572,62.94602253983952,243.8608005969925,2025-11-09
Infection protection only,71,Total,131.23664424348777,67.0428642942253,252.07724500806725,2025-11-10
Infection protection only,72,Total,135.57704579428795,71.3193996906147,261.3366339332491,2025-11-11
Infection protection only,73,Total,140.48237561328443,73.73873843677899,271.01826740887583,2025-11-12
Infection protection only,74,Total,146.03848352582386,77.41875461042831,281.65572733616,2025-11-13
Infection protection only,75,Total,151.88580155594948,82.22415964548703,296.57318452042017,2025-11-14
Infection protection only,76,Total,159.64439913569296,88.48964932344994,305.35177053981863,2025-11-15
Infection protection only,77,Total,167.05082945905593,93.43140777597073,324.446700678139,2025-11-16
Infection protection only,78,Total,173.71678798409351,97.8207795672394,340.50667047687153,2025-11-17
Infection protection only,79,Total,181.97446469448585,102.55500839326379,358.15888870686905,2025-11-18
Infection protection only,80,Total,190.1870950251623,107.68867891336947,378.6953602375554,2025-11-19
Infection protection only,81,Total,199.35678969898018,113.31391147635584,392.4874646495362,2025-11-20
Infection protection only,82,Total,209.86819937740466,120.94713090051162,407.72485191665726,2025-11-21
Infection protection only,83,Total,221.20273735699428,128.35423563111044,432.304051802552,2025-11-22
Infection protection only,84,Total,233.00195582336264,136.15555711013582,470.3003148107705,2025-11-23
Infection protection only,85,Total,246.59754479863926,143.79407534360888,508.3499077415082,2025-11-24
Infection protection only,86,Total,259.3155278476638,151.7057405472113,536.4326710916788,2025-11-25
Infection protection only,87,Total,275.5481776345028,161.1868334400752,570.598536724566,2025-11-26
Infection protection only,88,Total,291.3502632353829,170.650534288501,610.9055731106896,2025-11-27
Infection protection only,89,Total,309.7539375964715,181.47409563175955,655.9896465998785,2025-11-28
Infection protection only,90,Total,327.56901263541386,192.24697189720735,702.2086771955052,2025-11-29
Infection protection only,91,Total,346.0095038023196,201.84078359819077,749.3052282216097,2025-11-30
Infection protection only,92,Total,363.72933190497076,212.76905925969768,785.8670359637958,2025-12-01
Infection protection only,93,Total,381.19041715769146,225.4850793996812,821.5059592677361,2025-12-02
Infection protection only,94,Total,401.3675589750702,237.73288045200525,864.9502857212298,2025-12-03
Infection protection only,95,Total,425.7483981237432,254.1475728001685,911.2088683815705,2025-12-04
Infection protection only,96,Total,457.9810822422537,271.54346358465136,960.3888630706118,2025-12-05
Infection protection only,97,Total,491.57001680779535,288.9826613027047,1025.9146003849053,2025-12-06
Infection protection only,98,Total,524.5003229237868,309.4453116901844,1091.2595240538328,2025-12-07
Infection protection only,99,Total,562.9550866660359,332.1505357458208,1151.9216699321753,2025-12-08
Infection protection only,100,Total,602.9252550743033,359.41266437938225,1217.1120309875855,2025-12-09
Infection protection only,101,Total,646.8641912678163,395.40276422987347,1292.0625204555145,2025-12-10
Infection protection only,102,Total,700.6854543806859,438.32159062537926,1360.9491181256087,2025-12-11
Infection protection only,103,Total,761.1114268339809,487.94072448278104,1437.1187621086203,2025-12-12
Infection protection only,104,Total,828.9666674709079,538.6572294338034,1533.2796005073717,2025-12-13
Infection protection only,105,Total,900.228312751049,599.0997989866148,1638.4460097907886,2025-12-14
Infection protection only,106,Total,975.1475749721945,654.7521958700457,1725.6599021999994,2025-12-15
Infection protection only,107,Total,1057.524021638142,716.149686811901,1824.8298457207327,2025-12-16
Infection protection only,108,Total,1147.3077632297366,789.0130941689371,1958.3872783908164,2025-12-17
Infection protection only,109,Total,1249.0898099862811,869.7044822845259,2121.413851822717,2025-12-18
Infection protection only,110,Total,1371.909036783342,955.9732282147207,2296.6379292784773,2025-12-19
Infection protection only,111,Total,1506.3770341391837,1052.8767274240342,2465.8253738767585,2025-12-20
Infection protection only,112,Total,1637.6381819260425,1154.9013696092993,2618.9299613750622,2025-12-21
Infection protection only,113,Total,1764.297321425762,1257.247639824357,2758.17731680273,2025-12-22
Infection protection only,114,Total,1902.1727328234967,1358.2067323475703,2893.2131163147005,2025-12-23
Infection protection only,115,Total,2032.8936782423982,1487.0681932407613,3040.0235713285942,2025-12-24
Infection protection only,116,Total,2167.7691858297962,1582.90012531549,3199.0951933260653,2025-12-25
Infection protection only,117,Total,2317.871773722734,1682.221885143942,3334.4193635080806,2025-12-26
Infection protection only,118,Total,2468.485030756095,1793.1849873175504,3459.703493410159,2025-12-27
Infection protection only,119,Total,2610.3896683274847,1908.1300772556754,3582.2667898955624,2025-12-28
Infection protection only,120,Total,2752.6358723108237,2017.0426543534213,3720.5668255080013,2025-12-29
Infection protection only,121,Total,2880.022166197751,2120.9520181027333,3838.8591225480995,2025-12-30
Infection protection only,122,Total,3005.8988056897156,2223.5395169156996,3962.8527959985527,2025-12-31
Infection protection only,123,Total,3129.831614906929,2333.4765525325024,4106.969402532044,2026-01-01
Infection protection only,124,Total,3248.591537791048,2439.630261970787,4224.609709161916,2026-01-02
Infection protection only,125,Total,3370.8100374396445,2530.732109839228,4355.293201796233,2026-01-03
Infection protection only,126,Total,3485.6363748857643,2617.017118692591,4488.94530849732,2026-01-04
Infection protection only,127,Total,3590.2221764466003,2698.9679166375145,4628.3132071453665,2026-01-05
Infection protection only,128,Total,3683.295097629791,2780.0315779270945,4758.503793316283,2026-01-06
Infection protection only,129,Total,3793.997792518773,2868.9226147994013,4882.38765092307,2026-01-07
Infection protection only,130,Total,3892.0959522252897,2976.024691521036,4984.054223803572,2026-01-08
Infection protection only,131,Total,3991.9617076914815,3074.422805081309,5085.7587705513015,2026-01-09
Infection protection only,132,Total,4088.5464661863884,3160.246973904652,5186.0738543082325,2026-01-10
Infection protection only,133,Total,4188.384305000345,3241.017422065863,5282.95586701548,2026-01-11
Infection protection only,134,Total,4280.923608414176,3321.925117840082,5373.555145360047,2026-01-12
Infection protection only,135,Total,4356.9850132221,3403.9249997842617,5464.739843302745,2026-01-13
Infection protection only,136,Total,4438.3682596908975,3484.945135622977,5552.273324941313,2026-01-14
Infection protection only,137,Total,4514.431677315064,3558.0369094987946,5638.881832320181,2026-01-15
Infection protection only,138,Total,4596.408451451194,3620.8649357128093,5712.377885948934,2026-01-16
Infection protection only,139,Total,4665.953997103437,3699.701264387055,5791.909473056942,2026-01-17
Infection protection only,140,Total,4733.369295494149,3762.4079266956874,5862.337644190011,2026-01-18
Infection protection only,141,Total,4790.430187724716,3842.198563531028,5931.428392601573,2026-01-19
Infection protection only,142,Total,4845.588842028528,3897.1481867899915,6001.595840502661,2026-01-20
Infection protection only,143,Total,4904.687372939849,3950.998466380272,6071.774950064365,2026-01-21
Infection protection only,144,Total,4958.337382754657,4006.171395350482,6131.130745391332,2026-01-22
Infection protection only,145,Total,5008.81411628828,4056.7281974344423,6187.962585235102,2026-01-23
Infection protection only,146,Total,5071.999611033558,4108.26993813403,6236.655021482619,2026-01-24
Infection protection only,147,Total,5117.46708720177,4160.682876817286,6279.875177365763,2026-01-25
Infection protection only,148,Total,5159.790135579261,4205.72522827682,6319.337891692466,2026-01-26
Infection protection only,149,Total,5202.884391456846,4245.396695827165,6363.918727873557,2026-01-27
Infection protection only,150,Total,5248.131809456122,4284.769368420325,6412.797630190442,2026-01-28
Infection protection only,151,Total,5299.09980631822,4325.022182215992,6452.673321770699,2026-01-29
Infection protection only,152,Total,5340.163710058188,4358.250030602091,6492.966737946225,2026-01-30
Infection protection only,153,Total,5379.270015087782,4392.035397980797,6519.775082371172,2026-01-31
Infection protection only,154,Total,5418.94934783341,4427.432395627424,6550.06986668142,2026-02-01
Infection protection only,155,Total,5455.267891434,4454.494497599151,6580.513596973654,2026-02-02
Infection protection only,156,Total,5489.618857532123,4481.91137536998,6612.74152986701,2026-02-03
Infection protection only,157,Total,5523.145027803905,4508.268723282362,6643.39261256872,2026-02-04
Infection protection only,158,Total,5554.395583113579,4539.69228644465,6672.896790203468,2026-02-05
Infection protection only,159,Total,5576.12910056657,4571.077283607891,6701.415428240846,2026-02-06
Infection protection only,160,Total,5612.128456405028,4600.75580585943,6723.069721042124,2026-02-07
Infection protection only,161,Total,5632.433615013174,4626.545599119235,6749.751575893534,2026-02-08
Infection protection only,162,Total,5650.5189813845445,4650.769163380234,6770.232000020591,2026-02-09
Infection protection only,163,Total,5680.423138687045,4674.934815452169,6793.247920993538,2026-02-10
Infection protection only,164,Total,5703.634096804398,4702.875437035167,6819.058324584922,2026-02-11
Infection protection only,165,Total,5721.402167064351,4723.277270324853,6844.10200512572,2026-02-12
Infection protection only,166,Total,5745.427862001887,4742.735043221961,6864.893589626122,2026-02-13
Infection protection only,167,Total,5767.32822643395,4762.018664541045,6882.808849139111,2026-02-14
Infection protection only,168,Total,5783.591001071732,4781.8758435000045,6899.707041200193,2026-02-15
Infection protection only,169,Total,5804.245330277752,4799.178223651457,6915.272630669867,2026-02-16
Infection protection only,170,Total,5826.5193553811405,4815.595159934318,6929.961349508297,2026-02-17
Infection protection only,171,Total,5845.076729522534,4831.344921647564,6948.256777822393,2026-02-18
Infection protection only,172,Total,5857.429712164101,4847.501443546348,6965.466212151176,2026-02-19
Infection protection only,173,Total,5871.344083285347,4863.213447314796,6981.722943255796,2026-02-20
Infection protection only,174,Total,5883.402074658263,4877.522407647153,6998.884119088122,2026-02-21
Infection protection only,175,Total,5899.613563921905,4892.646039972429,7015.3452005933905,2026-02-22
Infection protection only,176,Total,5908.547282838974,4906.667837856262,7030.376396359647,2026-02-23
Infection protection only,177,Total,5919.920639917033,4921.81080875707,7044.63013303295,2026-02-24
Infection protection only,178,Total,5932.124418607531,4938.180451129774,7054.396844754006,2026-02-25
Infection protection only,179,Total,5942.840159596833,4954.65713002591,7062.254012607598,2026-02-26
Infection protection only,180,Total,5953.785341496584,4967.70877153936,7070.102892295431,2026-02-27
Infection protection only,181,Total,5964.910787153416,4977.683259550143,7077.9319340355305,2026-02-28
Infection protection only,182,Total,5975.151908163224,4985.744765261289,7085.437086154863,2026-03-01
Infection protection only,183,Total,5986.003061058473,4994.299945409213,7092.484801378804,2026-03-02
Infection protection only,184,Total,5993.282191961414,5002.975009062956,7099.353386628996,2026-03-03
Infection protection only,185,Total,6003.202960926825,5011.567910407593,7106.225626632089,2026-03-04
Infection protection only,186,Total,6010.59762425859,5021.055242355469,7113.162454254987,2026-03-05
Infection protection only,187,Total,6021.385573019392,5030.763177925783,7120.19054072897,2026-03-06
Infection protection only,188,Total,6032.486376069023,5040.655325220362,7127.54273574087,2026-03-07
Infection protection only,189,Total,6041.008186194421,5050.305836010444,7134.998520486732,2026-03-08
Infection protection only,190,Total,6048.944901191692,5059.501602290396,7141.984311312093,2026-03-09
Infection protection only,191,Total,6056.540083910495,5068.5865862221235,7151.681130332991,2026-03-10
Infection protection only,192,Total,6063.984060093212,5078.381192307398,7163.446928486189,2026-03-11
Infection protection only,193,Total,6071.351708228177,5090.160505325477,7173.552090673796,2026-03-12
Infection protection only,194,Total,6078.682013350058,5099.753341719961,7180.652915552453,2026-03-13
Infection protection only,195,Total,6086.488611144455,5109.247127926009,7188.169849401415,2026-03-14
Infection protection only,196,Total,6094.820218821866,5118.296647979213,7196.91954071534,2026-03-15
Infection protection only,197,Total,6103.870972444068,5126.724977000168,7209.248851897601,2026-03-16
Infection protection only,198,Total,6116.226392190946,5134.764377016261,7220.287970276174,2026-03-17
Infection protection only,199,Total,6125.378464635827,5141.433151381191,7228.7895152152,2026-03-18
Infection protection only,200,Total,6132.341532650945,5148.073881239096,7237.881063793289,2026-03-19
Infection protection only,201,Total,6140.157924673866,5154.835901977053,7247.792596434345,2026-03-20
Infection protection only,202,Total,6150.780873818894,5162.618443279746,7258.175752894027,2026-03-21
Infection protection only,203,Total,6161.93221954765,5172.286011899229,7268.441842787859,2026-03-22
Infection protection only,204,Total,6169.580721533888,5181.503481053724,7278.310709636346,2026-03-23
Infection protection only,205,Total,6176.880792611232,5190.602981718141,7288.1440781163055,2026-03-24
Infection protection only,206,Total,6184.084150988912,5199.865959202976,7297.520806161335,2026-03-25
Infection protection only,207,Total,6191.288925670763,5209.414447491024,7306.137866879756,2026-03-26
Infection protection only,208,Total,6198.481066948179,5217.880606710977,7314.951339524814,2026-03-27
Infection protection only,209,Total,6205.66322775164,5225.014271119199,7323.938044421941,2026-03-28
Infection protection only,210,Total,6212.622158900356,5231.007948754686,7332.73509050346,2026-03-29
Infection protection only,211,Total,6219.229493382524,5237.749776481564,7341.151078472839,2026-03-30
Infection protection only,212,Total,6226.116748392657,5250.797026426064,7349.46354244716,2026-03-31
Infection protection only,213,Total,6235.072260332926,5261.87240150116,7357.870675663007,2026-04-01
Infection protection only,214,Total,6244.889728678872,5267.861759338288,7366.447398005721,2026-04-02
Infection protection only,215,Total,6254.488579440797,5274.132784882346,7375.238991676019,2026-04-03
Infection protection only,216,Total,6263.863567224339,5280.645876899548,7384.173872154315,2026-04-04
Infection protection only,217,Total,6272.707525888044,5287.08817609509,7393.641357163253,2026-04-05
Infection protection only,218,Total,6280.6116479814,5293.294476577336,7404.045519057322,2026-04-06
Infection protection only,219,Total,6288.014586655,5299.491408932476,7414.184867187581,2026-04-07
Infection protection only,220,Total,6296.443834463406,5305.86057694231,7423.489249318523,2026-04-08
Infection protection only,221,Total,6304.188346417809,5312.481688429558,7430.697928247474,2026-04-09
Infection protection only,222,Total,6311.046571512879,5319.38632248599,7437.837046906558,2026-04-10
Infection protection only,223,Total,6315.795889780016,5326.523008271133,7444.855100413658,2026-04-11
Infection protection only,224,Total,6323.260896849556,5333.553576941566,7451.486053148027,2026-04-12
Infection protection only,225,Total,6334.851351298501,5340.2991764498665,7457.600390336135,2026-04-13
Infection protection only,226,Total,6340.034260439317,5346.979747602569,7463.3655372006515,2026-04-14
Infection protection only,227,Total,6344.3042741043255,5353.768286136892,7468.913173038166,2026-04-15
Infection protection only,228,Total,6351.216850756146,5360.404657801954,7474.29525746588,2026-04-16
Infection protection only,229,Total,6356.882396225435,5366.281965839995,7479.530071872373,2026-04-17
Infection protection only,230,Total,6362.160084588391,5370.449624297809,7484.59252173942,2026-04-18
Infection protection only,231,Total,6367.2821373555535,5374.380261238741,7489.314006367837,2026-04-19
Infection protection only,232,Total,6372.140973894515,5378.134897405703,7493.606276852448,2026-04-20
Infection protection only,233,Total,6379.041788762614,5381.783035994432,7497.5271803467585,2026-04-21
Infection protection only,234,Total,6387.990594942943,5385.388558683006,7501.136572947833,2026-04-22
Infection protection only,235,Total,6396.422628851099,5388.971728019794,7504.468365541828,2026-04-23
Infection protection only,236,Total,6402.222895131532,5392.541098484507,7507.54564513399,2026-04-24
Infection protection only,237,Total,6406.118531957017,5396.089718742624,7510.378593663431,2026-04-25
Infection protection only,238,Total,6409.801277732116,5399.52586224634,7512.936184273707,2026-04-26
Infection protection only,239,Total,6413.681371084309,5402.816211774601,7515.22036546937,2026-04-27
Infection protection only,240,Total,6418.04496694879,5406.115692991265,7517.314252047976,2026-04-28
Infection protection only,241,Total,6422.089380761434,5409.641556104275,7519.279369879556,2026-04-29
Infection protection only,242,Total,6425.842042204429,5413.072372466064,7521.144920657684,2026-04-30
Infection protection only,243,Total,6430.454403447068,5416.813782403925,7522.926030568326,2026-05-01
Infection protection only,244,Total,6435.355542938919,5420.722763554239,7524.622459755541,2026-05-02
Infection protection only,245,Total,6437.78160327802,5424.612476864614,7526.187145266603,2026-05-03
Infection protection only,246,Total,6438.836707853156,5428.386627998486,7527.601588577953,2026-05-04
Infection protection only,247,Total,6439.804072838708,5432.1819615979775,7529.665201223041,2026-05-05
Infection protection only,248,Total,6444.992229306422,5436.098630322263,7532.172050207118,2026-05-06
Infection protection only,249,Total,6446.831499416642,5440.179661772637,7534.612793086489,2026-05-07
Infection protection only,250,Total,6454.081738330826,5444.463646297539,7537.6753364870465,2026-05-08
baseline,1,Total,0.17165393748457872,0.02087041531007663,1.0364537932405673,2025-09-01
baseline,2,Total,0.5900288270607271,0.07228373441817114,3.5375500477125548,2025-09-02
baseline,3,Total,1.1238060455433165,0.14119138147947943,6.690622582539444,2025-09-03
baseline,4,Total,1.7287752355684427,0.22461461381000847,10.199584918707343,2025-09-04
baseline,5,Total,2.3846596708443597,0.32072165541861464,13.926167678969215,2025-09-05
baseline,6,Total,3.0732547955562324,0.42443383943073376,17.76746216763095,2025-09-06
baseline,7,Total,3.774178822225861,0.5323688941408877,21.51628127284947,2025-09-07
baseline,8,Total,4.423132114122331,0.6416198531940639,25.01678760751017,2025-09-08
baseline,9,Total,5.06728064692498,0.7581263143607214,28.330188189457317,2025-09-09
baseline,10,Total,5.811158841133502,0.885750995991222,31.796778559724743,2025-09-10
baseline,11,Total,6.607160545282168,1.0335703900488884,35.08220191086496,2025-09-11
baseline,12,Total,7.399575910571038,1.2017006927656082,38.30312849776038,2025-09-12
baseline,13,Total,8.197039730844697,1.3798978102471076,41.651092396117285,2025-09-13
baseline,14,Total,8.93941902220404,1.575762416382107,45.06601668738609,2025-09-14
baseline,15,Total,9.816235071176578,1.7717887376074455,48.2800540630852,2025-09-15
baseline,16,Total,10.652139510885966,1.9757313555415636,51.254135814215154,2025-09-16
baseline,17,Total,11.611798235668218,2.2091703423700446,54.26281697106786,2025-09-17
baseline,18,Total,12.568393009998399,2.4586307908366387,57.320140528019984,2025-09-18
baseline,19,Total,13.552864549341365,2.7481714462461206,60.235918306353,2025-09-19
baseline,20,Total,14.599994431722035,3.0700108463128406,62.937961018173134,2025-09-20
baseline,21,Total,15.599325430085862,3.4368429001411336,65.51894977202869,2025-09-21
baseline,22,Total,16.630485481274153,3.732222000265182,68.07576087955923,2025-09-22
baseline,23,Total,17.714787781249473,4.045767943678269,70.67256977962296,2025-09-23
baseline,24,Total,19.10084372367085,4.405254203879994,73.3936952861177,2025-09-24
baseline,25,Total,20.259264558824956,4.809984986974232,77.23431343176449,2025-09-25
baseline,26,Total,21.24562885392458,5.203372866473267,80.13494042378716,2025-09-26
baseline,27,Total,22.55812124963274,5.532196960133374,82.75339658686183,2025-09-27
baseline,28,Total,23.859576376017756,5.848542119563849,85.27823452066788,2025-09-28
baseline,29,Total,25.123395064382233,6.1757296301083064,87.80519365668441,2025-09-29
baseline,30,Total,26.486554700333638,6.552669786675961,90.29138657470207,2025-09-30
baseline,31,Total,27.84742620483288,6.952493979485129,92.78751044413868,2025-10-01
baseline,32,Total,29.152364332594914,7.384268184128977,95.4465132361975,2025-10-02
baseline,33,Total,30.400938553675893,7.8709032387369025,98.25036546090212,2025-10-03
baseline,34,Total,31.860809623487192,8.448149325605302,100.85247290189201,2025-10-04
baseline,35,Total,33.40074096793942,9.110993214591005,103.7530216593316,2025-10-05
baseline,36,Total,34.89473686303863,9.728366088111589,106.86044877385775,2025-10-06
baseline,37,Total,36.56353249055007,10.300245239903536,109.28777878096446,2025-10-07
baseline,38,Total,37.828956963422115,10.918345300686612,111.97694660233283,2025-10-08
baseline,39,Total,39.31406526911858,11.551988802591948,115.28256843472734,2025-10-09
baseline,40,Total,41.143965889860986,12.189486540512753,118.92137347957005,2025-10-10
baseline,41,Total,42.460544415690485,12.818772105662548,122.23178419782467,2025-10-11
baseline,42,Total,44.5028187498902,13.604099026933753,125.32841613822997,2025-10-12
baseline,43,Total,46.620652806917974,14.510795956469385,127.8524340873791,2025-10-13
baseline,44,Total,48.20403159527848,15.196767737589369,130.2201656114833,2025-10-14
baseline,45,Total,49.975703171770995,15.995559072647346,132.25215710134654,2025-10-15
baseline,46,Total,51.814016563930934,16.937136283844463,135.14768832984106,2025-10-16
baseline,47,Total,54.10525345606017,17.82383314550813,138.94427695062433,2025-10-17
baseline,48,Total,56.239015540408445,18.894369302744547,142.36362018596324,2025-10-18
baseline,49,Total,57.80659150409867,20.070398545418083,145.6731620745679,2025-10-19
baseline,50,Total,60.41884950151708,21.217635781107,148.85165141315767,2025-10-20
baseline,51,Total,62.418983305599674,22.366222264866565,152.00398536269313,2025-10-21
baseline,52,Total,64.22779984016411,23.506589462728424,155.22453818208103,2025-10-22
baseline,53,Total,66.68960442271903,24.77512009447991,158.5579261819936,2025-10-23
baseline,54,Total,69.03876082692238,26.327348443870747,161.8263841297675,2025-10-24
baseline,55,Total,71.70416427297714,27.67644166886403,166.0429511320025,2025-10-25
baseline,56,Total,74.81008934924448,29.75251952867531,169.82001090660145,2025-10-26
baseline,57,Total,77.09491215110398,31.27239117318138,172.95219856918078,2025-10-27
baseline,58,Total,80.18312482852907,32.23854895889003,176.09346477833452,2025-10-28
baseline,59,Total,83.38469263230421,33.6298988179214,179.337072527987,2025-10-29
baseline,60,Total,86.73236584241569,35.52040021844508,183.49237216810485,2025-10-30
baseline,61,Total,89.9440740558239,37.73068497644249,187.95195238888348,2025-10-31
baseline,62,Total,92.81026544216587,40.0996262921279,191.8850290392179,2025-11-01
baseline,63,Total,96.55882465809871,42.374167640599566,195.4362478011823,2025-11-02
baseline,64,Total,100.34324397829792,45.16348385244226,199.30150167783208,2025-11-03
baseline,65,Total,103.6410826506489,47.67601446868366,202.85853295329383,2025-11-04
baseline,66,Total,107.80363041382313,50.498358082228464,206.83084546387204,2025-11-05
baseline,67,Total,111.10555373813139,53.52990577380661,216.9303307887531,2025-11-06
baseline,68,Total,115.97457293766283,55.577403151260434,225.02637911598575,2025-11-07
baseline,69,Total,120.92791430648096,58.08725200098147,233.14985032223754,2025-11-08
baseline,70,Total,126.21766211131155,62.139494246582665,241.24851731197734,2025-11-09
baseline,71,Total,130.19268610058722,66.1772533114845,249.44034461364478,2025-11-10
baseline,72,Total,134.23299229930487,70.4648044514965,258.48372982947404,2025-11-11
baseline,73,Total,139.4431424655288,73.05968594454757,267.93092151940317,2025-11-12
baseline,74,Total,145.02915221797997,76.27665300097533,278.3975371389307,2025-11-13
baseline,75,Total,149.9734551830062,81.06218372671988,292.32451921394386,2025-11-14
baseline,76,Total,157.4776977235239,87.07961273938743,302.70484879913175,2025-11-15
baseline,77,Total,164.86566648104625,92.15957847142496,319.24326245745266,2025-11-16
baseline,78,Total,171.39132734201223,96.42174063488982,334.74132978817045,2025-11-17
baseline,79,Total,179.12952808913687,101.02689032870897,352.49850196697304,2025-11-18
baseline,80,Total,187.12108772091372,106.19874382734572,372.92804703790915,2025-11-19
baseline,81,Total,196.4410196710776,111.12128814180238,386.270988239305,2025-11-20
baseline,82,Total,206.10067221017158,118.79103857190692,400.967372646069,2025-11-21
baseline,83,Total,217.70162775215326,126.06140989473028,422.32092969878266,2025-11-22
baseline,84,Total,228.51301457624257,133.5087587547424,457.73399213225474,2025-11-23
baseline,85,Total,240.9215869405504,140.70752356937592,496.65120826456734,2025-11-24
baseline,86,Total,254.8859268792301,148.51306540539653,523.4531995910058,2025-11-25
baseline,87,Total,269.6609665091944,157.5963853650108,555.825995227542,2025-11-26
baseline,88,Total,285.5656130265559,166.06207687413806,593.1213058982346,2025-11-27
baseline,89,Total,302.06718827423214,176.86549029255195,636.2441515077508,2025-11-28
baseline,90,Total,318.8040117417504,187.02538725711113,680.4163194703269,2025-11-29
baseline,91,Total,337.17782755929386,197.0423500820149,724.5559091817854,2025-11-30
baseline,92,Total,353.78721806419435,206.20277165281533,761.937878275323,2025-12-01
baseline,93,Total,371.1834695355841,218.60762858428225,795.8626685529954,2025-12-02
baseline,94,Total,391.46640036799965,230.52371424173126,836.6196678030907,2025-12-03
baseline,95,Total,413.0058408905045,246.10157173862197,881.9010430311836,2025-12-04
baseline,96,Total,443.4768805297604,262.93638085187865,927.0936975708411,2025-12-05
baseline,97,Total,475.8875123707436,279.75771667362415,989.4757403599417,2025-12-06
baseline,98,Total,507.01890707765585,299.1933881778666,1053.0540618150555,2025-12-07
baseline,99,Total,541.76325580189,320.82426306136534,1109.0069127910192,2025-12-08
baseline,100,Total,581.8181715444175,346.1080826040449,1169.432811276603,2025-12-09
baseline,101,Total,625.039061872814,380.2861893658144,1242.456876886225,2025-12-10
baseline,102,Total,674.5287858504314,421.10563598583394,1308.8385207421513,2025-12-11
baseline,103,Total,729.8573358635845,469.45021581661024,1380.5563175881193,2025-12-12
baseline,104,Total,796.3038134176898,515.8463020352928,1469.7188900912536,2025-12-13
baseline,105,Total,861.9480956673036,572.8481758922644,1567.5842183604457,2025-12-14
baseline,106,Total,932.4489349008854,627.1552637457236,1654.16723487056,2025-12-15
baseline,107,Total,1011.7200802735068,685.8484836286661,1744.0154437960075,2025-12-16
baseline,108,Total,1095.8045234060219,754.4021682756771,1865.6689301072302,2025-12-17
baseline,109,Total,1191.544568526799,830.3758547886271,2020.278918733209,2025-12-18
baseline,110,Total,1307.3143316137111,912.4977010849856,2187.7939027557904,2025-12-19
baseline,111,Total,1434.7625896713464,1005.4357893218848,2347.143051993905,2025-12-20
baseline,112,Total,1559.383386846882,1098.2901562207705,2494.516491056812,2025-12-21
baseline,113,Total,1681.9002951131158,1198.0236965993465,2621.7016959049947,2025-12-22
baseline,114,Total,1805.428645112826,1291.6740762761772,2749.2599804569904,2025-12-23
baseline,115,Total,1928.5711341404135,1411.5866359662332,2884.5676219345605,2025-12-24
baseline,116,Total,2058.3785594924584,1504.3382266397161,3034.0821282705683,2025-12-25
baseline,117,Total,2195.580455839372,1597.3787135002963,3161.0463024717424,2025-12-26
baseline,118,Total,2338.087415230626,1700.328137562904,3285.35959877087,2025-12-27
baseline,119,Total,2469.6694949217954,1806.1415321365216,3404.7625841731347,2025-12-28
baseline,120,Total,2606.7955026661457,1910.654976372503,3526.823070094863,2025-12-29
baseline,121,Total,2727.788311634417,2008.1134053613782,3635.57499792953,2025-12-30
baseline,122,Total,2846.9010722350904,2105.351683148631,3747.06147048171,2025-12-31
baseline,123,Total,2960.1812147216274,2203.969477003685,3884.3546105919127,2026-01-01
baseline,124,Total,3070.735434439164,2306.542196279853,4002.171109686101,2026-01-02
baseline,125,Total,3186.699536908782,2396.3985667836196,4117.362035548824,2026-01-03
baseline,126,Total,3289.2070310917366,2477.2145182588392,4236.405815877261,2026-01-04
baseline,127,Total,3392.784630507183,2553.9530069087655,4364.090101755197,2026-01-05
baseline,128,Total,3480.2033724905054,2629.839670351259,4485.861633498717,2026-01-06
baseline,129,Total,3576.82685681503,2707.1467911001278,4601.699154636538,2026-01-07
baseline,130,Total,3675.32074129338,2806.5601479425914,4702.683214032583,2026-01-08
baseline,131,Total,3766.57246007275,2899.1539821424262,4794.015561910657,2026-01-09
baseline,132,Total,3858.938688837654,2984.5666974418405,4884.741508700181,2026-01-10
baseline,133,Total,3945.68657047408,3067.3792622657134,4989.15982030705,2026-01-11
baseline,134,Total,4036.9718253504634,3136.0450660151787,5066.909242540432,2026-01-12
baseline,135,Total,4114.118056644399,3213.5663068878853,5150.8235678811,2026-01-13
baseline,136,Total,4181.789936897743,3291.22116190532,5237.107005782762,2026-01-14
baseline,137,Total,4252.779548945045,3360.3701318134677,5313.6562429371415,2026-01-15
baseline,138,Total,4330.251794604567,3417.707080750003,5380.245496178499,2026-01-16
baseline,139,Total,4398.576346141733,3492.4959272916926,5452.8796485203975,2026-01-17
baseline,140,Total,4468.426053277524,3552.6023840625267,5524.964211313286,2026-01-18
baseline,141,Total,4515.960347499617,3621.523046596658,5589.282249060712,2026-01-19
baseline,142,Total,4567.844279942803,3676.170930452424,5647.312749882173,2026-01-20
baseline,143,Total,4620.177218180172,3724.7760271800817,5716.219140420985,2026-01-21
baseline,144,Total,4671.85798519944,3773.740726281617,5771.044980326144,2026-01-22
baseline,145,Total,4718.183527475433,3824.807150869239,5825.842786235775,2026-01-23
baseline,146,Total,4771.461918272172,3869.4798663311176,5878.02973045769,2026-01-24
baseline,147,Total,4817.6359177606155,3919.4852223709363,5920.249770500891,2026-01-25
baseline,148,Total,4854.59894511488,3963.5550582934707,5954.681993601773,2026-01-26
baseline,149,Total,4900.8669612375825,4000.018687026583,5994.90368277572,2026-01-27
baseline,150,Total,4938.979764856978,4035.008167438627,6034.478061622686,2026-01-28
baseline,151,Total,4986.662195763125,4071.9314590194417,6076.4878050976085,2026-01-29
baseline,152,Total,5024.101482020698,4103.806724634283,6113.604619002838,2026-01-30
baseline,153,Total,5061.643224382655,4137.625519491492,6143.703663059586,2026-01-31
baseline,154,Total,5098.558082382995,4169.71902799312,6164.7209749126,2026-02-01
baseline,155,Total,5134.619386224956,4198.610837210378,6189.0399128214995,2026-02-02
baseline,156,Total,5165.73631300585,4224.540183275161,6214.985277224768,2026-02-03
baseline,157,Total,5196.427487344027,4249.494885313555,6241.742662669494,2026-02-04
baseline,158,Total,5223.202722648968,4273.307903472376,6269.159634652752,2026-02-05
baseline,159,Total,5249.375987591589,4302.499403673071,6295.4961008644605,2026-02-06
baseline,160,Total,5279.7053258751985,4331.857007500967,6319.024522246095,2026-02-07
baseline,161,Total,5297.846109540787,4356.7377749744555,6342.556211370621,2026-02-08
baseline,162,Total,5316.829546891921,4383.4631226666515,6362.752416994285,2026-02-09
baseline,163,Total,5342.888016720842,4403.682661747853,6386.23692162701,2026-02-10
baseline,164,Total,5363.404244429354,4428.846660360015,6410.117606585883,2026-02-11
baseline,165,Total,5379.902503510221,4445.598465354565,6433.284348000792,2026-02-12
baseline,166,Total,5401.492870724776,4462.319395538484,6455.874155177325,2026-02-13
baseline,167,Total,5420.687068575236,4482.002724101328,6473.536048351596,2026-02-14
baseline,168,Total,5439.88111836852,4501.511384148259,6489.207098242847,2026-02-15
baseline,169,Total,5459.506588242963,4519.230630062886,6503.6403721002,2026-02-16
baseline,170,Total,5477.6274742053865,4534.463337778027,6517.057425487133,2026-02-17
baseline,171,Total,5494.472818209004,4549.074032473207,6532.4713184816355,2026-02-18
baseline,172,Total,5509.952008279752,4563.1472140660935,6548.421222623601,2026-02-19
baseline,173,Total,5520.201120621452,4576.554245907579,6563.484574598183,2026-02-20
baseline,174,Total,5532.007811857385,4588.516989542907,6577.678675799297,2026-02-21
baseline,175,Total,5543.9835368540635,4602.044629453069,6590.778564996157,2026-02-22
baseline,176,Total,5554.789263196687,4617.393414337128,6603.656570974187,2026-02-23
baseline,177,Total,5562.812703071119,4630.930631046499,6616.8546066588515,2026-02-24
baseline,178,Total,5572.06053286205,4644.39566497528,6629.812072688145,2026-02-25
baseline,179,Total,5586.590196545966,4657.466007151851,6640.337914374052,2026-02-26
baseline,180,Total,5597.959829434827,4668.960533410833,6647.601381781682,2026-02-27
baseline,181,Total,5610.8180285877725,4680.41571885111,6654.845092495185,2026-02-28
baseline,182,Total,5620.643949763011,4688.758081063946,6661.788102998914,2026-03-01
baseline,183,Total,5629.1875942669185,4697.52809055069,6668.307084542015,2026-03-02
baseline,184,Total,5637.395407433495,4706.0997706073995,6674.6593805537295,2026-03-03
baseline,185,Total,5643.90627472267,4714.7132275305075,6681.014023215506,2026-03-04
baseline,186,Total,5651.364531796672,4723.471455369493,6687.927735324874,2026-03-05
baseline,187,Total,5659.221434866502,4732.431840197141,6695.088624596937,2026-03-06
baseline,188,Total,5668.960604109727,4741.5608463412245,6702.261548426752,2026-03-07
baseline,189,Total,5676.252818359297,4750.465769332239,6709.149762886882,2026-03-08
baseline,190,Total,5683.168259955683,4758.950127576364,6715.603126720236,2026-03-09
baseline,191,Total,5689.419863080837,4766.545409892167,6722.923735501655,2026-03-10
baseline,192,Total,5695.504558404966,4773.100852111932,6731.2374886487505,2026-03-11
baseline,193,Total,5701.518368598955,4779.805030242867,6737.536123286253,2026-03-12
baseline,194,Total,5711.396388283204,4786.7212851351605,6744.120810604349,2026-03-13
baseline,195,Total,5718.926227798534,4793.845623439214,6752.759599411098,2026-03-14
baseline,196,Total,5729.0999414151,4801.961410116342,6765.7124115055985,2026-03-15
baseline,197,Total,5736.30761918817,4809.7335478362875,6774.3992329082885,2026-03-16
baseline,198,Total,5746.434795326862,4817.145932956442,6781.9011066261855,2026-03-17
baseline,199,Total,5755.625730731576,4823.51720506741,6789.733019657848,2026-03-18
baseline,200,Total,5765.299850722613,4830.998159502799,6798.107365691153,2026-03-19
baseline,201,Total,5774.363791273007,4839.883607691128,6807.088687314562,2026-03-20
baseline,202,Total,5782.42133755334,4848.978692520941,6816.562877936491,2026-03-21
baseline,203,Total,5789.987878602758,4857.870728206162,6826.0205946864035,2026-03-22
baseline,204,Total,5797.110658799996,4866.160697680417,6835.17794158374,2026-03-23
baseline,205,Total,5803.845146007103,4873.800828458531,6844.3757904961585,2026-03-24
baseline,206,Total,5810.489341324739,4881.413803269932,6852.037918302504,2026-03-25
baseline,207,Total,5817.133852444065,4889.092196408326,6859.693155091261,2026-03-26
baseline,208,Total,5823.765848935744,4896.856227166516,6867.783089074645,2026-03-27
baseline,209,Total,5830.143473400537,4904.679890150996,6876.030715536308,2026-03-28
baseline,210,Total,5835.295499203265,4910.573295545923,6884.103290364778,2026-03-29
baseline,211,Total,5840.257433319149,4924.204651767616,6891.825383267175,2026-03-30
baseline,212,Total,5845.163597639587,4937.13510529401,6899.451634131479,2026-03-31
baseline,213,Total,5853.598754453811,4943.778608953875,6907.163878095885,2026-04-01
baseline,214,Total,5860.330023298476,4949.296312837842,6915.030851720183,2026-04-02
baseline,215,Total,5868.393491878154,4955.073100537124,6923.80556191986,2026-04-03
baseline,216,Total,5877.029516250838,4961.0725022839815,6934.22225946517,2026-04-04
baseline,217,Total,5885.175897929878,4967.006410161226,6944.326058647356,2026-04-05
baseline,218,Total,5894.687356000911,4972.722699208466,6953.872218216113,2026-04-06
baseline,219,Total,5900.150919196648,4978.4300688906105,6963.1745780659385,2026-04-07
baseline,220,Total,5907.037536184252,4984.295752776406,6972.476904265689,2026-04-08
baseline,221,Total,5914.169495115311,4990.393149985292,6981.806046513456,2026-04-09
baseline,222,Total,5921.020556627461,4996.751337613014,6988.375756286612,2026-04-10
baseline,223,Total,5928.662019195836,5003.322925337001,6994.833738278723,2026-04-11
baseline,224,Total,5934.089969503193,5009.796571216947,7000.935268058493,2026-04-12
baseline,225,Total,5942.4035747760845,5015.3562313388,7006.56121814757,2026-04-13
baseline,226,Total,5948.9737949957425,5020.804937694643,7011.865619630283,2026-04-14
baseline,227,Total,5952.4591630061195,5026.291584224853,7016.969620248923,2026-04-15
baseline,228,Total,5961.744028694145,5031.628518676677,7021.921034188799,2026-04-16
baseline,229,Total,5965.471481890283,5035.717580710901,7026.736695267531,2026-04-17
baseline,230,Total,5970.9553585591875,5039.862872375353,7031.393543523998,2026-04-18
baseline,231,Total,5977.217503139009,5043.8930815702915,7035.73654503567,2026-04-19
baseline,232,Total,5982.717481198567,5047.712066244238,7039.684559787402,2026-04-20
baseline,233,Total,5987.596141486387,5051.38598802709,7043.29079006939,2026-04-21
baseline,234,Total,5994.038425607712,5054.976847413534,7046.610290838223,2026-04-22
baseline,235,Total,5999.291454807178,5058.507109850923,7049.695074537076,2026-04-23
baseline,236,Total,6004.873668391476,5061.98746629157,7052.748730188076,2026-04-24
baseline,237,Total,6011.724696818397,5065.25495343422,7055.529862090211,2026-04-25
baseline,238,Total,6015.298881985935,5068.415901183237,7058.015692903986,2026-04-26
baseline,239,Total,6018.730065608811,5071.442522376888,7060.213409686775,2026-04-27
baseline,240,Total,6022.237567318895,5074.470060261041,7062.202073715373,2026-04-28
baseline,241,Total,6026.668004931591,5077.600149778594,7064.03991803495,2026-04-29
baseline,242,Total,6030.821807968167,5080.874999423883,7065.755158630607,2026-04-30
baseline,243,Total,6035.002770933947,5084.315379778116,7067.362898026916,2026-05-01
baseline,244,Total,6039.211303595819,5087.909592993832,7068.865447894229,2026-05-02
baseline,245,Total,6043.200746335558,5091.485885968488,7070.228507589868,2026-05-03
baseline,246,Total,6045.734366150575,5094.955734901573,7071.44095270948,2026-05-04
baseline,247,Total,6046.361176641496,5098.444802155834,7072.539219961844,2026-05-05
baseline,248,Total,6049.414599579094,5102.045116099982,7073.55268029833,2026-05-06
baseline,249,Total,6053.338829024917,5105.792379956759,7074.496987266697,2026-05-07
baseline,250,Total,6059.690867966911,5109.604538958602,7075.406543207476,2026-05-08
no vax,1,Total,0.17165393748457872,0.02087041531007663,1.0364537932405673,2025-09-01
no vax,2,Total,0.5900288270607271,0.07228373441817114,3.5375500477125548,2025-09-02
no vax,3,Total,1.1238060455433165,0.14119138147947943,6.690622582539444,2025-09-03
no vax,4,Total,1.7287752355684427,0.22461461381000847,10.199584918707343,2025-09-04
no vax,5,Total,2.3846596708443597,0.32072165541861464,13.926167678969215,2025-09-05
no vax,6,Total,3.0732547955562324,0.42443383943073376,17.76746216763095,2025-09-06
no vax,7,Total,3.774178822225861,0.5323688941408877,21.51628127284947,2025-09-07
no vax,8,Total,4.423132114122331,0.6416198531940639,25.01678760751017,2025-09-08
no vax,9,Total,5.06728064692498,0.7581263143607214,28.330188189457317,2025-09-09
no vax,10,Total,5.811158841133502,0.885750995991222,31.796778559724743,2025-09-10
no vax,11,Total,6.607160545282168,1.0335703900488884,35.08220191086496,2025-09-11
no vax,12,Total,7.399575910571038,1.2017006927656082,38.30312849776038,2025-09-12
no vax,13,Total,8.197039730844697,1.3798978102471076,41.651092396117285,2025-09-13
no vax,14,Total,8.93941902220404,1.575762416382107,45.06601668738609,2025-09-14
no vax,15,Total,9.816235071176578,1.7717887376074455,48.2800540630852,2025-09-15
no vax,16,Total,10.652139510885966,1.9757313555415636,51.254135814215154,2025-09-16
no vax,17,Total,11.611798235668218,2.2091703423700446,54.26281697106786,2025-09-17
no vax,18,Total,12.568393009998399,2.4586307908366387,57.320140528019984,2025-09-18
no vax,19,Total,13.552864549341365,2.7481714462461206,60.235918306353,2025-09-19
no vax,20,Total,14.599998107006297,3.070011742473461,62.937965882950856,2025-09-20
no vax,21,Total,15.599339538009959,3.4368528485083045,65.519011235003,2025-09-21
no vax,22,Total,16.63058028043492,3.7322566913327373,68.07606987754207,2025-09-22
no vax,23,Total,17.71518564944486,4.045906840161339,70.67352152708327,2025-09-23
no vax,24,Total,19.101472094800243,4.405643232575988,73.3968379372389,2025-09-24
no vax,25,Total,20.260348781138347,4.810714470107461,77.23887768104103,2025-09-25
no vax,26,Total,21.250166974047083,5.204488173663679,80.14269740224539,2025-09-26
no vax,27,Total,22.568412444993527,5.533619041979527,82.76497900458256,2025-09-27
no vax,28,Total,23.86897360644858,5.850616968207885,85.2936496159294,2025-09-28
no vax,29,Total,25.137187465918867,6.179160966925026,87.82741412180418,2025-09-29
no vax,30,Total,26.512345964201334,6.557294571970213,90.32043531629739,2025-09-30
no vax,31,Total,27.871444836646177,6.958679827302116,92.8252320538378,2025-10-01
no vax,32,Total,29.175962177164116,7.392492182477236,95.49772034629554,2025-10-02
no vax,33,Total,30.433403403409635,7.882200367373801,98.31163829167762,2025-10-03
no vax,34,Total,31.899172619589763,8.465879684094658,100.92830921069556,2025-10-04
no vax,35,Total,33.47737407766792,9.133685490262513,103.88478265467505,2025-10-05
no vax,36,Total,34.980011661323196,9.751474242264447,106.96239613195907,2025-10-06
no vax,37,Total,36.63033798355972,10.328652159273457,109.42670794450206,2025-10-07
no vax,38,Total,37.89368453423807,10.953325522337078,112.16023554530973,2025-10-08
no vax,39,Total,39.43600476263379,11.592668193373251,115.53862140312484,2025-10-09
no vax,40,Total,41.258548149019745,12.23451800576774,119.24096397574009,2025-10-10
no vax,41,Total,42.59938286516815,12.875221953781095,122.52480811386833,2025-10-11
no vax,42,Total,44.79672971019506,13.6892340177941,125.66738513662575,2025-10-12
no vax,43,Total,46.78933572627507,14.610155876759597,128.1378737715992,2025-10-13
no vax,44,Total,48.40048177553941,15.275661654048639,130.57696314980086,2025-10-14
no vax,45,Total,50.167674666035154,16.124374176159552,132.58251610925902,2025-10-15
no vax,46,Total,52.08239460673577,17.072148921627875,135.83560721534477,2025-10-16
no vax,47,Total,54.62193508043207,17.9672280359795,139.69051934580241,2025-10-17
no vax,48,Total,56.60748458299753,19.110282103244277,143.13919967052513,2025-10-18
no vax,49,Total,58.3761683289118,20.347890131374687,146.5546884678774,2025-10-19
no vax,50,Total,60.895600794589555,21.511076678719323,149.84289388600718,2025-10-20
no vax,51,Total,63.169675954451776,22.692187730564758,153.11419367699332,2025-10-21
no vax,52,Total,64.83866430932002,23.863056674889368,156.46815054143642,2025-10-22
no vax,53,Total,67.4091510448385,25.284304315543817,159.89796331119882,2025-10-23
no vax,54,Total,70.06999429315869,26.740853553457,163.68888556849853,2025-10-24
no vax,55,Total,73.12890029965932,28.36557296737774,168.21727463072966,2025-10-25
no vax,56,Total,76.1124177666222,30.4742844467018,171.64106819114465,2025-10-26
no vax,57,Total,78.77479329879935,31.889110910443552,174.95847118581096,2025-10-27
no vax,58,Total,81.74264345591517,33.07831427963897,178.29896671533174,2025-10-28
no vax,59,Total,85.27121776005792,34.554337754593234,181.76412300275672,2025-10-29
no vax,60,Total,88.70293866127513,36.69546229505954,187.18734151760563,2025-10-30
no vax,61,Total,91.71045673338419,39.1304363965144,191.18848703896447,2025-10-31
no vax,62,Total,95.60215332481071,41.6367060378257,195.6647449859784,2025-11-01
no vax,63,Total,99.67806613107075,44.274752563506304,199.4904785793061,2025-11-02
no vax,64,Total,103.8363305194157,47.039518852689774,203.15820441769486,2025-11-03
no vax,65,Total,107.247541951788,49.830899541615814,207.02393337096186,2025-11-04
no vax,66,Total,111.00741715597242,52.98828166443031,215.4450000239877,2025-11-05
no vax,67,Total,116.02576604429359,55.66872142058655,223.12729135804852,2025-11-06
no vax,68,Total,121.3409742898998,57.89368074506544,233.6884715455148,2025-11-07
no vax,69,Total,126.48921532553932,62.09002501725765,243.90105297607099,2025-11-08
no vax,70,Total,131.71710626043793,66.74674992368966,253.8898528400884,2025-11-09
no vax,71,Total,136.2509887385697,70.78231242215865,263.3433165007967,2025-11-10
no vax,72,Total,141.2013086534472,73.98600120252314,273.7581726762935,2025-11-11
no vax,73,Total,147.62368094165257,78.02040204295393,284.7183144466205,2025-11-12
no vax,74,Total,153.0033660499719,82.88127526182244,298.1359947582129,2025-11-13
no vax,75,Total,161.5874773633877,89.0070593655564,306.5480321565195,2025-11-14
no vax,76,Total,170.2799862331164,94.60629242837007,329.35413229016274,2025-11-15
no vax,77,Total,178.70392026017197,99.34888431189005,348.6216507013706,2025-11-16
no vax,78,Total,186.42696971781308,104.27606677444167,368.9780747658831,2025-11-17
no vax,79,Total,196.001679646592,109.04722761004058,392.8401984856033,2025-11-18
no vax,80,Total,205.71163784711726,115.95674374427807,407.7897551800752,2025-11-19
no vax,81,Total,215.9430989829209,123.62176943810584,424.33359448400114,2025-11-20
no vax,82,Total,228.65700691075037,132.32278130949172,450.41850303564286,2025-11-21
no vax,83,Total,243.80863012011224,140.99006821005892,497.06094833977716,2025-11-22
no vax,84,Total,258.6671633971377,151.78066820123055,542.199476865191,2025-11-23
no vax,85,Total,274.9497538595647,161.2520544328792,576.5309327429509,2025-11-24
no vax,86,Total,291.9144511615072,171.9268224802208,616.8091931164751,2025-11-25
no vax,87,Total,311.9980949803063,182.3954115799596,667.2972139961199,2025-11-26
no vax,88,Total,332.5790695935857,195.63985238813046,723.874681163541,2025-11-27
no vax,89,Total,356.97124630635864,208.28930958830142,785.3375237702464,2025-11-28
no vax,90,Total,377.73789795190646,221.11139303945035,844.4286889403306,2025-11-29
no vax,91,Total,402.47800531600365,236.24632839625477,890.2142428399966,2025-11-30
no vax,92,Total,425.52678046972585,251.2108203343693,937.0377101134429,2025-12-01
no vax,93,Total,452.87232206494,265.71276244500064,991.07181229716,2025-12-02
no vax,94,Total,483.45168301018475,285.2848789582323,1047.5796567223986,2025-12-03
no vax,95,Total,517.7805186667919,308.1530979461068,1110.660060203678,2025-12-04
no vax,96,Total,558.5051410825185,329.77973246820875,1194.7704545629551,2025-12-05
no vax,97,Total,603.6336027576676,352.854963347489,1282.715740157546,2025-12-06
no vax,98,Total,653.7629970315002,383.8122919540294,1371.475366249685,2025-12-07
no vax,99,Total,705.2316812985771,424.0652221897107,1458.3762360953313,2025-12-08
no vax,100,Total,770.1007711789531,471.29250150697993,1546.1980283961614,2025-12-09
no vax,101,Total,841.4849221398603,527.5620180531639,1641.5486445302784,2025-12-10
no vax,102,Total,922.9819685789388,586.5959662649609,1746.7757263568226,2025-12-11
no vax,103,Total,1019.7059265720239,658.2323815142563,1880.4167651893947,2025-12-12
no vax,104,Total,1125.3319723291788,740.175817150634,2005.4932228205205,2025-12-13
no vax,105,Total,1238.6417631288036,811.1209163452013,2153.597386937229,2025-12-14
no vax,106,Total,1356.1279041852135,910.361673975065,2350.0674671536062,2025-12-15
no vax,107,Total,1502.5295482726513,1010.2603355413218,2562.0088853557204,2025-12-16
no vax,108,Total,1659.7471669079396,1126.4637662022785,2757.726034259068,2025-12-17
no vax,109,Total,1839.695845144493,1248.9228199574188,2983.789575558308,2025-12-18
no vax,110,Total,2047.7114016377327,1381.1816543412292,3229.6205531104833,2025-12-19
no vax,111,Total,2256.7680732818185,1550.3049640029303,3462.870478016261,2025-12-20
no vax,112,Total,2481.9564435873017,1741.86768605215,3696.0343830568177,2025-12-21
no vax,113,Total,2714.1056650425094,1905.6974498352433,3919.9660287306606,2025-12-22
no vax,114,Total,2950.9101538403675,2088.4787649708583,4153.082867969278,2025-12-23
no vax,115,Total,3183.1121189759874,2277.5310124348703,4428.76331165846,2025-12-24
no vax,116,Total,3440.678764621836,2463.5784591668566,4712.712626218656,2025-12-25
no vax,117,Total,3696.7858126912824,2652.063255776947,5007.920989726393,2025-12-26
no vax,118,Total,3975.939362991133,2834.3438775972204,5316.444058531141,2025-12-27
no vax,119,Total,4234.648958516687,3035.5771590976005,5577.627333463155,2025-12-28
no vax,120,Total,4488.296898211581,3226.526638932724,5886.443872380413,2025-12-29
no vax,121,Total,4730.073291155354,3422.3895345105034,6120.470711177511,2025-12-30
no vax,122,Total,4956.2267422942205,3633.2121604011304,6411.789281557168,2025-12-31
no vax,123,Total,5195.545719290991,3843.599816293161,6734.71147806915,2026-01-01
no vax,124,Total,5401.548620002752,4019.40288165455,7032.404723676179,2026-01-02
no vax,125,Total,5624.260516631035,4191.444137135129,7256.067618816289,2026-01-03
no vax,126,Total,5835.037002385355,4361.973984996767,7566.82063887446,2026-01-04
no vax,127,Total,6034.849500795474,4518.7121181969005,7822.023726244547,2026-01-05
no vax,128,Total,6219.715697890828,4675.63499674139,8038.384219612513,2026-01-06
no vax,129,Total,6416.465000067481,4836.290697142056,8263.518593633802,2026-01-07
no vax,130,Total,6620.802634176009,4986.879862251924,8470.493095682314,2026-01-08
no vax,131,Total,6812.656004856953,5150.077316413685,8698.373017663796,2026-01-09
no vax,132,Total,7013.243764907931,5332.547543125681,8951.062058379766,2026-01-10
no vax,133,Total,7202.044190870751,5429.203130694733,9162.374767549738,2026-01-11
no vax,134,Total,7381.790750698212,5554.349333650768,9394.332985820538,2026-01-12
no vax,135,Total,7560.690951462077,5697.049002028291,9605.688089131127,2026-01-13
no vax,136,Total,7720.106721560401,5827.121290925818,9816.321427894125,2026-01-14
no vax,137,Total,7884.816509337736,5944.849659919346,10021.139683867517,2026-01-15
no vax,138,Total,8029.247287869202,6075.05387990939,10220.56803768468,2026-01-16
no vax,139,Total,8176.161253540489,6214.759291480184,10416.558706810356,2026-01-17
no vax,140,Total,8344.017254305601,6343.224881038038,10580.311863010988,2026-01-18
no vax,141,Total,8482.18302011538,6452.97133947943,10752.72788061441,2026-01-19
no vax,142,Total,8611.251948011977,6531.695795329594,10889.171512560823,2026-01-20
no vax,143,Total,8740.564094332343,6615.335978601948,11018.469520142788,2026-01-21
no vax,144,Total,8861.51669726985,6691.14826515662,11167.469874871464,2026-01-22
no vax,145,Total,8986.396342214706,6761.750354969088,11319.56239615069,2026-01-23
no vax,146,Total,9085.855276208475,6860.6593925431125,11440.59729196873,2026-01-24
no vax,147,Total,9190.86818111495,6942.184555350342,11563.745499269005,2026-01-25
no vax,148,Total,9286.792326199864,7033.181443225967,11665.068463834436,2026-01-26
no vax,149,Total,9398.354988293942,7104.330019734314,11765.842006750341,2026-01-27
no vax,150,Total,9470.1007328474,7166.403193545475,11854.183871905652,2026-01-28
no vax,151,Total,9565.170883138362,7242.288213080339,11943.528186900321,2026-01-29
no vax,152,Total,9665.203948725724,7299.033465791723,12029.974781205248,2026-01-30
no vax,153,Total,9757.049884235397,7335.26120199699,12114.074430974239,2026-01-31
no vax,154,Total,9833.809928431489,7369.069722767915,12217.684755711007,2026-02-01
no vax,155,Total,9897.139541790812,7399.993657218312,12313.904158379799,2026-02-02
no vax,156,Total,9969.074554981675,7429.041555246379,12387.63173013364,2026-02-03
no vax,157,Total,10045.39600815482,7457.029554229349,12471.418577563376,2026-02-04
no vax,158,Total,10102.399753983742,7484.374912646091,12559.14884481748,2026-02-05
no vax,159,Total,10150.310190015209,7511.317510446686,12658.757977796176,2026-02-06
no vax,160,Total,10225.96691035362,7537.817542358605,12711.762762289072,2026-02-07
no vax,161,Total,10279.69600384236,7573.953620949667,12761.37592451181,2026-02-08
no vax,162,Total,10332.704513566283,7611.276842141714,12807.084871560146,2026-02-09
no vax,163,Total,10381.081977973956,7658.398662950579,12884.890034797603,2026-02-10
no vax,164,Total,10424.150206287977,7672.803840822469,12968.097563368961,2026-02-11
no vax,165,Total,10495.16980373553,7696.394785793815,13026.381163665388,2026-02-12
no vax,166,Total,10552.196095732459,7722.263479661969,13084.257211263623,2026-02-13
no vax,167,Total,10608.999839316424,7744.874545871763,13152.923291347539,2026-02-14
no vax,168,Total,10663.284861289001,7762.569505885579,13218.642053203801,2026-02-15
no vax,169,Total,10703.842683713256,7776.123578355793,13287.69189914317,2026-02-16
no vax,170,Total,10743.269816288595,7788.480807506888,13352.97883990156,2026-02-17
no vax,171,Total,10778.193871490415,7799.851747582182,13395.052900194461,2026-02-18
no vax,172,Total,10805.9314687462,7810.37315352262,13492.377313393465,2026-02-19
no vax,173,Total,10837.888755032061,7824.662942134213,13568.547688236398,2026-02-20
no vax,174,Total,10865.658048516952,7849.806178247951,13606.982063515183,2026-02-21
no vax,175,Total,10892.903668970093,7873.402479729738,13680.844644435756,2026-02-22
no vax,176,Total,10925.003422541135,7895.295135138912,13710.323002355763,2026-02-23
no vax,177,Total,10957.738949657993,7916.347189388637,13737.86499736188,2026-02-24
no vax,178,Total,10983.436149910034,7937.217480211685,13764.511877243138,2026-02-25
no vax,179,Total,11008.897848658567,7958.108888122057,13790.718188923078,2026-02-26
no vax,180,Total,11037.558477283616,7974.932450296959,13816.16776893428,2026-02-27
no vax,181,Total,11067.277338296493,7986.8776307530325,13847.339238468936,2026-02-28
no vax,182,Total,11091.881247391964,7995.048946021358,13876.474227867535,2026-03-01
no vax,183,Total,11119.995524567781,8001.217753848543,13908.020316092063,2026-03-02
no vax,184,Total,11148.900606150892,8007.061865648375,13938.822461622492,2026-03-03
no vax,185,Total,11182.306622622142,8012.741171133276,13969.69564518412,2026-03-04
no vax,186,Total,11216.777140787957,8018.327975710522,14002.816296126191,2026-03-05
no vax,187,Total,11248.01752646827,8023.859605379472,14035.882051346991,2026-03-06
no vax,188,Total,11275.34827621287,8029.320108631092,14066.74400911343,2026-03-07
no vax,189,Total,11286.132615743121,8034.509846464839,14113.071240117313,2026-03-08
no vax,190,Total,11294.555081878118,8039.334710227664,14159.789132901094,2026-03-09
no vax,191,Total,11308.65965116721,8043.954445147565,14199.012877054673,2026-03-10
no vax,192,Total,11328.706327791111,8048.495868583173,14242.845467003966,2026-03-11
no vax,193,Total,11357.026933083465,8053.015139621839,14286.73973603889,2026-03-12
no vax,194,Total,11382.579249596747,8057.544971528467,14332.29344731423,2026-03-13
no vax,195,Total,11404.56542302558,8062.076815361334,14378.297477312595,2026-03-14
no vax,196,Total,11423.377080144586,8066.434263015468,14421.730579315774,2026-03-15
no vax,197,Total,11440.858641745726,8070.52982056349,14461.607096249349,2026-03-16
no vax,198,Total,11478.270088730127,8074.496183591314,14493.18006127292,2026-03-17
no vax,199,Total,11502.287851443612,8078.436209252592,14525.899472221343,2026-03-18
no vax,200,Total,11527.117048770633,8081.844863431251,14560.738981488841,2026-03-19
no vax,201,Total,11552.808401410182,8085.281812965754,14597.988925702746,2026-03-20
no vax,202,Total,11589.79577302688,8088.724424266867,14637.152051861112,2026-03-21
no vax,203,Total,11606.103223189253,8092.031033074512,14676.138964627917,2026-03-22
no vax,204,Total,11631.748966818905,8095.131107618139,14710.1470411037,2026-03-23
no vax,205,Total,11656.09307056182,8098.126749089513,14738.328575195355,2026-03-24
no vax,206,Total,11672.524678123742,8101.102338018661,14766.823536979755,2026-03-25
no vax,207,Total,11692.410433181882,8104.092765878454,14797.762410326208,2026-03-26
no vax,208,Total,11714.738564450716,8107.108320824122,14822.952204359133,2026-03-27
no vax,209,Total,11737.76378615069,8110.136047205113,14858.3443450778,2026-03-28
no vax,210,Total,11757.95064019348,8113.057370440252,14891.102709497434,2026-03-29
no vax,211,Total,11776.61304829981,8115.810952012025,14922.532687577157,2026-03-30
no vax,212,Total,11802.970770217087,8118.480888400662,14953.007517590988,2026-03-31
no vax,213,Total,11831.095190333177,8121.130034225066,14982.905645298735,2026-04-01
no vax,214,Total,11840.036369923999,8123.783328944819,15014.270077429674,2026-04-02
no vax,215,Total,11860.043878741113,8126.454190827942,15046.041722726482,2026-04-03
no vax,216,Total,11895.155060128955,8129.124658051553,15077.743059952107,2026-04-04
no vax,217,Total,11909.840591376815,8131.684799979671,15109.19270169841,2026-04-05
no vax,218,Total,11919.708162234321,8134.079990470541,15142.36344143767,2026-04-06
no vax,219,Total,11928.250123288772,8136.388434496901,15172.517502529412,2026-04-07
no vax,220,Total,11957.161799018986,8138.671383596052,15202.007122321953,2026-04-08
no vax,221,Total,11969.354179852831,8140.954333595262,15231.685943398512,2026-04-09
no vax,222,Total,11991.646678014919,8143.244193336742,15259.272985150403,2026-04-10
no vax,223,Total,12005.015985723709,8145.522744989626,15286.844701391703,2026-04-11
no vax,224,Total,12026.5189464515,8147.698131863521,15313.26977584826,2026-04-12
no vax,225,Total,12035.519474134746,8149.724836191375,15337.987427297468,2026-04-13
no vax,226,Total,12058.534509983016,8151.659177577554,15361.68780578144,2026-04-14
no vax,227,Total,12075.529968390463,8153.544549711546,15385.312680307461,2026-04-15
no vax,228,Total,12088.777339760332,8155.397070196756,15410.440117846736,2026-04-16
no vax,229,Total,12116.813474232837,8157.221464041527,15435.337342078712,2026-04-17
no vax,230,Total,12145.02219500231,8159.007262200529,15459.847378411408,2026-04-18
no vax,231,Total,12175.551796150687,8160.690108917673,15483.06191151171,2026-04-19
no vax,232,Total,12183.056363927662,8162.235323083423,15504.493590661166,2026-04-20
no vax,233,Total,12200.627932719648,8163.664217362647,15524.467558712851,2026-04-21
no vax,234,Total,12235.52204062586,8164.99791965409,15543.29112864643,2026-04-22
no vax,235,Total,12246.46291541948,8166.246035217596,15561.07505376503,2026-04-23
no vax,236,Total,12257.387580256964,8167.414191950713,15577.875682218646,2026-04-24
no vax,237,Total,12271.81491282223,8168.5035949441535,15595.26331081931,2026-04-25
no vax,238,Total,12293.293636267956,8170.671668431325,15612.783212361397,2026-04-26
no vax,239,Total,12298.89594622694,8172.687895507883,15633.530368171963,2026-04-27
no vax,240,Total,12312.360637375376,8174.561320857114,15655.745189792238,2026-04-28
no vax,241,Total,12327.871264956635,8176.346656984906,15678.629327124305,2026-04-29
no vax,242,Total,12341.281125486434,8178.06717547979,15692.092115865113,2026-04-30
no vax,243,Total,12352.513155825982,8179.73305027504,15705.933595851013,2026-05-01
no vax,244,Total,12365.394942223662,8181.3406286705385,15722.191525110236,2026-05-02
no vax,245,Total,12375.159459819148,8182.838813641208,15740.304996898314,2026-05-03
no vax,246,Total,12384.662258082672,8184.205427379416,15758.066982505374,2026-05-04
no vax,247,Total,12394.263867538055,8185.4807005502025,15775.8845440646,2026-05-05
no vax,248,Total,12404.063588923114,8186.6953896231635,15794.32862768151,2026-05-06
no vax,249,Total,12414.473892754557,8187.86333957923,15813.749832487201,2026-05-07
no vax,250,Total,12426.159492237937,8188.809272139915,15834.57967519236,2026-05-08
