date,series,subpopulation,age_group,metric,scenario,median,ci_lower_2.5,ci_upper_97.5
2025-09-01,daily,all subpops,all ages,new_H,E_to_I_rate=0.5,0.5075576658556016,0.22790135823072233,0.9584070587392416
2025-09-02,daily,all subpops,all ages,new_H,E_to_I_rate=0.5,1.218912022119457,0.5461286356680096,2.296776202460775
2025-09-03,daily,all subpops,all ages,new_H,E_to_I_rate=0.5,1.4887022701297652,0.6666526237649448,2.800053123273951
2025-09-04,daily,all subpops,all ages,new_H,E_to_I_rate=0.5,1.5670895268717655,0.7067464386307417,2.9439936653501424
2025-09-05,daily,all subpops,all ages,new_H,E_to_I_rate=0.5,1.5644901439372274,0.714090869486241,2.9327933181785446
2025-09-06,daily,all subpops,all ages,new_H,E_to_I_rate=0.5,1.532217107832543,0.708063000547019,2.8341373789461044
2025-09-07,daily,all subpops,all ages,new_H,E_to_I_rate=0.5,1.4634761307803674,0.684629931608934,2.6837152720428525
2025-09-08,daily,all subpops,all ages,new_H,E_to_I_rate=0.5,1.3871066058257657,0.6454795406257829,2.5183628785313212
2025-09-09,daily,all subpops,all ages,new_H,E_to_I_rate=0.5,1.341449148226824,0.6230673714742051,2.404452436332537
2025-09-10,daily,all subpops,all ages,new_H,E_to_I_rate=0.5,1.3091898392162684,0.6234906209784304,2.326874879493205
2025-09-11,daily,all subpops,all ages,new_H,E_to_I_rate=0.5,1.2904613162157759,0.6312432933441737,2.2905771794506373
2025-09-12,daily,all subpops,all ages,new_H,E_to_I_rate=0.5,1.2961602584842775,0.6361534881149126,2.2506982413326644
2025-09-13,daily,all subpops,all ages,new_H,E_to_I_rate=0.5,1.2930557596412942,0.643325014422025,2.227609114303234
2025-09-14,daily,all subpops,all ages,new_H,E_to_I_rate=0.5,1.2583887126915307,0.6353165058821593,2.1289431149457805
2025-09-15,daily,all subpops,all ages,new_H,E_to_I_rate=0.5,1.2164004587338368,0.6204818478865021,2.044351167074482
2025-09-16,daily,all subpops,all ages,new_H,E_to_I_rate=0.5,1.1877223364372724,0.6198717066120683,2.0260060391748143
2025-09-17,daily,all subpops,all ages,new_H,E_to_I_rate=0.5,1.188624652284405,0.6211567784737116,1.993140927826968
2025-09-18,daily,all subpops,all ages,new_H,E_to_I_rate=0.5,1.187923606694012,0.6232646027713123,1.991073520734991
2025-09-19,daily,all subpops,all ages,new_H,E_to_I_rate=0.5,1.1986598353167617,0.6250721758998279,1.9934504000595885
2025-09-20,daily,all subpops,all ages,new_H,E_to_I_rate=0.5,1.2145471574034952,0.6317874943069893,2.012210486633732
2025-09-21,daily,all subpops,all ages,new_H,E_to_I_rate=0.5,1.196006522606242,0.6352128393058389,1.9955576512674325
2025-09-22,daily,all subpops,all ages,new_H,E_to_I_rate=0.5,1.1709393455765402,0.6207638665992514,1.9419275997022551
2025-09-23,daily,all subpops,all ages,new_H,E_to_I_rate=0.5,1.1565372139357402,0.6150643948108615,1.9482983067214907
2025-09-24,daily,all subpops,all ages,new_H,E_to_I_rate=0.5,1.1523364663555096,0.6151221887288286,1.9177886086333216
2025-09-25,daily,all subpops,all ages,new_H,E_to_I_rate=0.5,1.1527045521270725,0.6169699892943628,1.895692664574364
2025-09-26,daily,all subpops,all ages,new_H,E_to_I_rate=0.5,1.1501547194416855,0.621157674373271,1.8913027965286802
2025-09-27,daily,all subpops,all ages,new_H,E_to_I_rate=0.5,1.1518673140829396,0.6260002960357588,1.8757608408672475
2025-09-28,daily,all subpops,all ages,new_H,E_to_I_rate=0.5,1.118787176353014,0.6197310494345123,1.8292589961007293
2025-09-29,daily,all subpops,all ages,new_H,E_to_I_rate=0.5,1.0739885904646118,0.6035938318533778,1.8010894371034616
2025-09-30,daily,all subpops,all ages,new_H,E_to_I_rate=0.5,1.0463848592562752,0.5960504648406547,1.7561864692637332
2025-10-01,daily,all subpops,all ages,new_H,E_to_I_rate=0.5,1.047678726655417,0.582748570838222,1.760822631122763
2025-10-02,daily,all subpops,all ages,new_H,E_to_I_rate=0.5,1.0580195260276137,0.58036829434627,1.8077086996109666
2025-10-03,daily,all subpops,all ages,new_H,E_to_I_rate=0.5,1.0914574286394902,0.5847294295784577,1.8663257064185266
2025-10-04,daily,all subpops,all ages,new_H,E_to_I_rate=0.5,1.124836850695416,0.584812989428416,1.932881165816852
2025-10-05,daily,all subpops,all ages,new_H,E_to_I_rate=0.5,1.122818027657014,0.585058808456935,1.9416343136812724
2025-10-06,daily,all subpops,all ages,new_H,E_to_I_rate=0.5,1.0992254370868615,0.5645382107627139,1.9010997921196793
2025-10-07,daily,all subpops,all ages,new_H,E_to_I_rate=0.5,1.0989613417955035,0.5592300577586113,1.9032451749466293
2025-10-08,daily,all subpops,all ages,new_H,E_to_I_rate=0.5,1.1146614590776127,0.5712829731055866,1.9357132094477576
2025-10-09,daily,all subpops,all ages,new_H,E_to_I_rate=0.5,1.1378786068808258,0.5815270080025353,1.9900105445032876
2025-10-10,daily,all subpops,all ages,new_H,E_to_I_rate=0.5,1.200990122245511,0.608614356797776,2.0743348091595717
2025-10-11,daily,all subpops,all ages,new_H,E_to_I_rate=0.5,1.2729586466812135,0.6400376810413075,2.1941343530756816
2025-10-12,daily,all subpops,all ages,new_H,E_to_I_rate=0.5,1.2981303451712847,0.6559671642263389,2.2428660314601983
2025-10-13,daily,all subpops,all ages,new_H,E_to_I_rate=0.5,1.293589346154068,0.6512800866611105,2.2496764385864334
2025-10-14,daily,all subpops,all ages,new_H,E_to_I_rate=0.5,1.31031054354349,0.6661103247700534,2.2440816496101323
2025-10-15,daily,all subpops,all ages,new_H,E_to_I_rate=0.5,1.3338122966653885,0.6953380510490911,2.2831686846802244
2025-10-16,daily,all subpops,all ages,new_H,E_to_I_rate=0.5,1.3900095933048449,0.7107296319854349,2.3498034944171797
2025-10-17,daily,all subpops,all ages,new_H,E_to_I_rate=0.5,1.4715867699668128,0.7605374186638679,2.4704755767901
2025-10-18,daily,all subpops,all ages,new_H,E_to_I_rate=0.5,1.5609294856238782,0.8129857383630273,2.5970102995973785
2025-10-19,daily,all subpops,all ages,new_H,E_to_I_rate=0.5,1.6042114942877193,0.8347839497489871,2.648594091682695
2025-10-20,daily,all subpops,all ages,new_H,E_to_I_rate=0.5,1.6084309155413592,0.8206719641263336,2.6051976409298265
2025-10-21,daily,all subpops,all ages,new_H,E_to_I_rate=0.5,1.642168165722251,0.835315367215938,2.632234059615615
2025-10-22,daily,all subpops,all ages,new_H,E_to_I_rate=0.5,1.7049278654806377,0.8891963390237603,2.7026047864836285
2025-10-23,daily,all subpops,all ages,new_H,E_to_I_rate=0.5,1.7884806172344219,0.9562394868887586,2.8459580911988427
2025-10-24,daily,all subpops,all ages,new_H,E_to_I_rate=0.5,1.891627034530118,1.0395264205371857,2.9680245589589878
2025-10-25,daily,all subpops,all ages,new_H,E_to_I_rate=0.5,2.00708657375397,1.131004078665119,3.1075367900771655
2025-10-26,daily,all subpops,all ages,new_H,E_to_I_rate=0.5,2.0699568919624567,1.1684558298515568,3.2050642201312036
2025-10-27,daily,all subpops,all ages,new_H,E_to_I_rate=0.5,2.0890980181058474,1.191680399126119,3.2408679943952805
2025-10-28,daily,all subpops,all ages,new_H,E_to_I_rate=0.5,2.159924854354934,1.2864655516228516,3.356283065885043
2025-10-29,daily,all subpops,all ages,new_H,E_to_I_rate=0.5,2.2895583347021247,1.3831107252045223,3.5157420091594416
2025-10-30,daily,all subpops,all ages,new_H,E_to_I_rate=0.5,2.4205524466050745,1.4562124821499685,3.7066681827920624
2025-10-31,daily,all subpops,all ages,new_H,E_to_I_rate=0.5,2.5697946773444933,1.545294747282574,3.9158012825659894
2025-11-01,daily,all subpops,all ages,new_H,E_to_I_rate=0.5,2.7185243287098277,1.6473651707753636,4.125327647326314
2025-11-02,daily,all subpops,all ages,new_H,E_to_I_rate=0.5,2.8089282773494393,1.7166020674170719,4.239845507487498
2025-11-03,daily,all subpops,all ages,new_H,E_to_I_rate=0.5,2.86013145508595,1.7691938431104721,4.325956773893288
2025-11-04,daily,all subpops,all ages,new_H,E_to_I_rate=0.5,2.991362060238772,1.8823206997554984,4.522482088659956
2025-11-05,daily,all subpops,all ages,new_H,E_to_I_rate=0.5,3.1909639905223184,2.0516145779913373,4.7203703588854715
2025-11-06,daily,all subpops,all ages,new_H,E_to_I_rate=0.5,3.4353834469557896,2.222572029961984,5.042425668915485
2025-11-07,daily,all subpops,all ages,new_H,E_to_I_rate=0.5,3.718075192053232,2.4519835155130694,5.414301115145188
2025-11-08,daily,all subpops,all ages,new_H,E_to_I_rate=0.5,3.999945503377461,2.6699376883428467,5.738308503047743
2025-11-09,daily,all subpops,all ages,new_H,E_to_I_rate=0.5,4.153462561992503,2.814811515061189,5.90364210531652
2025-11-10,daily,all subpops,all ages,new_H,E_to_I_rate=0.5,4.228421340478818,2.9024577920722954,5.9277031388071615
2025-11-11,daily,all subpops,all ages,new_H,E_to_I_rate=0.5,4.383538933690188,3.0782368521611283,6.067508012494186
2025-11-12,daily,all subpops,all ages,new_H,E_to_I_rate=0.5,4.636876929213132,3.231622936272979,6.350703465630844
2025-11-13,daily,all subpops,all ages,new_H,E_to_I_rate=0.5,4.960508515317596,3.5216706485913023,6.770158429094341
2025-11-14,daily,all subpops,all ages,new_H,E_to_I_rate=0.5,5.365002086161016,3.852032143139378,7.258386985839352
2025-11-15,daily,all subpops,all ages,new_H,E_to_I_rate=0.5,5.806984384398428,4.157455174479495,7.769065143190987
2025-11-16,daily,all subpops,all ages,new_H,E_to_I_rate=0.5,6.099092456052285,4.397296930673157,8.154031658035784
2025-11-17,daily,all subpops,all ages,new_H,E_to_I_rate=0.5,6.316659018584239,4.6107273361257555,8.361816466796078
2025-11-18,daily,all subpops,all ages,new_H,E_to_I_rate=0.5,6.747582074171584,4.925225465617432,8.870061282324983
2025-11-19,daily,all subpops,all ages,new_H,E_to_I_rate=0.5,7.354463204680413,5.365148249579501,9.615372162322188
2025-11-20,daily,all subpops,all ages,new_H,E_to_I_rate=0.5,8.111324605499185,5.874766306667303,10.452110286932212
2025-11-21,daily,all subpops,all ages,new_H,E_to_I_rate=0.5,8.983133798931124,6.505906245375085,11.423325308589448
2025-11-22,daily,all subpops,all ages,new_H,E_to_I_rate=0.5,9.810014591350807,7.170147246302957,12.481588134843772
2025-11-23,daily,all subpops,all ages,new_H,E_to_I_rate=0.5,10.403774989196908,7.643130491468091,13.133134503533537
2025-11-24,daily,all subpops,all ages,new_H,E_to_I_rate=0.5,10.90560842189124,8.140623833983446,13.598434728601305
2025-11-25,daily,all subpops,all ages,new_H,E_to_I_rate=0.5,11.719584983537096,8.901097309737606,14.574299672776053
2025-11-26,daily,all subpops,all ages,new_H,E_to_I_rate=0.5,12.699580540052915,9.741146047997557,15.783793447193426
2025-11-27,daily,all subpops,all ages,new_H,E_to_I_rate=0.5,13.723006830443696,10.648033912702017,17.04439613030681
2025-11-28,daily,all subpops,all ages,new_H,E_to_I_rate=0.5,14.478034894361873,11.204287896801576,18.079232092765174
2025-11-29,daily,all subpops,all ages,new_H,E_to_I_rate=0.5,15.4081339849518,12.009684972112602,19.27248179735185
2025-11-30,daily,all subpops,all ages,new_H,E_to_I_rate=0.5,16.25682888424535,12.572454905958713,20.25381396323491
2025-12-01,daily,all subpops,all ages,new_H,E_to_I_rate=0.5,16.834410520728493,13.116442313542917,21.005425432246636
2025-12-02,daily,all subpops,all ages,new_H,E_to_I_rate=0.5,17.88259696371096,14.0326607841832,22.294794559593235
2025-12-03,daily,all subpops,all ages,new_H,E_to_I_rate=0.5,19.393999529265056,15.13289201478809,24.19724497515128
2025-12-04,daily,all subpops,all ages,new_H,E_to_I_rate=0.5,21.23114790918627,16.824388524847688,26.56627499471595
2025-12-05,daily,all subpops,all ages,new_H,E_to_I_rate=0.5,23.586091216112948,18.80592728547711,29.421597516139602
2025-12-06,daily,all subpops,all ages,new_H,E_to_I_rate=0.5,26.3725605405088,21.347181184360963,32.688607011212
2025-12-07,daily,all subpops,all ages,new_H,E_to_I_rate=0.5,28.43151677052419,23.18667595896432,35.05852913084255
2025-12-08,daily,all subpops,all ages,new_H,E_to_I_rate=0.5,30.086836216066658,24.742802412056367,36.75497835627284
2025-12-09,daily,all subpops,all ages,new_H,E_to_I_rate=0.5,32.94985556565301,27.516815875163385,39.794127597222456
2025-12-10,daily,all subpops,all ages,new_H,E_to_I_rate=0.5,36.87541037346034,31.110570784928985,44.117243339625794
2025-12-11,daily,all subpops,all ages,new_H,E_to_I_rate=0.5,41.18749268886684,34.64441293973311,49.16907510917461
2025-12-12,daily,all subpops,all ages,new_H,E_to_I_rate=0.5,46.35925779082103,38.734319426917,55.49918161244259
2025-12-13,daily,all subpops,all ages,new_H,E_to_I_rate=0.5,52.3239406395197,43.76923219522411,62.54612999936275
2025-12-14,daily,all subpops,all ages,new_H,E_to_I_rate=0.5,56.73240507810786,47.41724836446689,67.89957442521988
2025-12-15,daily,all subpops,all ages,new_H,E_to_I_rate=0.5,60.693995038678935,50.75004738068777,72.36272044740227
2025-12-16,daily,all subpops,all ages,new_H,E_to_I_rate=0.5,66.94102424879364,56.1777964630537,79.1993449111127
2025-12-17,daily,all subpops,all ages,new_H,E_to_I_rate=0.5,75.10395014596389,63.23253543734569,88.28791428452215
2025-12-18,daily,all subpops,all ages,new_H,E_to_I_rate=0.5,84.3445884629116,71.33458026199217,98.73168755331046
2025-12-19,daily,all subpops,all ages,new_H,E_to_I_rate=0.5,94.5110059209126,80.64437664397465,109.49588161191605
2025-12-20,daily,all subpops,all ages,new_H,E_to_I_rate=0.5,105.01529680581413,90.6254760079999,121.29491557633894
2025-12-21,daily,all subpops,all ages,new_H,E_to_I_rate=0.5,113.12514442884785,99.55478920157657,130.31468724330497
2025-12-22,daily,all subpops,all ages,new_H,E_to_I_rate=0.5,120.09593488448385,106.39827923436813,137.15271307809755
2025-12-23,daily,all subpops,all ages,new_H,E_to_I_rate=0.5,129.7638931650232,114.75237502994214,145.86913060133878
2025-12-24,daily,all subpops,all ages,new_H,E_to_I_rate=0.5,139.86269294813448,123.78344176753667,156.18236651533206
2025-12-25,daily,all subpops,all ages,new_H,E_to_I_rate=0.5,149.16355037585407,131.33725131138343,166.96148011288676
2025-12-26,daily,all subpops,all ages,new_H,E_to_I_rate=0.5,155.11448601467032,135.66901224515763,173.63711263035594
2025-12-27,daily,all subpops,all ages,new_H,E_to_I_rate=0.5,161.1020368008725,139.5414107679371,180.67409768291085
2025-12-28,daily,all subpops,all ages,new_H,E_to_I_rate=0.5,163.5785035149554,140.8017491482419,183.47170573664556
2025-12-29,daily,all subpops,all ages,new_H,E_to_I_rate=0.5,162.16717569371832,139.06251062044544,182.48048155564845
2025-12-30,daily,all subpops,all ages,new_H,E_to_I_rate=0.5,160.59715904559945,137.80066063326558,181.2455023076399
2025-12-31,daily,all subpops,all ages,new_H,E_to_I_rate=0.5,160.14341536202963,137.12524110196168,180.91820736111703
2026-01-01,daily,all subpops,all ages,new_H,E_to_I_rate=0.5,159.18232441949795,136.24155959025046,179.18238450919839
2026-01-02,daily,all subpops,all ages,new_H,E_to_I_rate=0.5,155.12801405423264,133.44343183299137,174.27286452740756
2026-01-03,daily,all subpops,all ages,new_H,E_to_I_rate=0.5,150.92303871404044,130.02562379118214,168.74129059250524
2026-01-04,daily,all subpops,all ages,new_H,E_to_I_rate=0.5,144.17724839401228,125.5739589735844,159.99853594613924
2026-01-05,daily,all subpops,all ages,new_H,E_to_I_rate=0.5,135.55605202925187,118.7322112915722,150.14243228841016
2026-01-06,daily,all subpops,all ages,new_H,E_to_I_rate=0.5,128.33447093677987,113.00993565552419,143.0580791959571
2026-01-07,daily,all subpops,all ages,new_H,E_to_I_rate=0.5,122.36494981789295,107.63602639159996,136.81962584537467
2026-01-08,daily,all subpops,all ages,new_H,E_to_I_rate=0.5,116.76270701779175,102.42500970137813,130.49505140749568
2026-01-09,daily,all subpops,all ages,new_H,E_to_I_rate=0.5,111.1615017133345,97.55460359373802,125.2096327110825
2026-01-10,daily,all subpops,all ages,new_H,E_to_I_rate=0.5,105.5592814687378,92.55996316419332,119.71628049725106
2026-01-11,daily,all subpops,all ages,new_H,E_to_I_rate=0.5,98.31873720152294,85.6584587801985,111.87326238790651
2026-01-12,daily,all subpops,all ages,new_H,E_to_I_rate=0.5,90.43186356532274,78.3794805416819,103.14228058270014
2026-01-13,daily,all subpops,all ages,new_H,E_to_I_rate=0.5,84.14575199509962,72.77920449477614,95.83702160724789
2026-01-14,daily,all subpops,all ages,new_H,E_to_I_rate=0.5,78.75059660663129,68.13594595150884,89.64053611985317
2026-01-15,daily,all subpops,all ages,new_H,E_to_I_rate=0.5,73.70082140373222,63.72177151991276,83.8314149586268
2026-01-16,daily,all subpops,all ages,new_H,E_to_I_rate=0.5,68.90475191331394,59.72369212702388,78.6042583567261
2026-01-17,daily,all subpops,all ages,new_H,E_to_I_rate=0.5,64.49072508581307,55.88516149517705,73.83143970027135
2026-01-18,daily,all subpops,all ages,new_H,E_to_I_rate=0.5,59.275769893244295,51.572508724683345,68.06794455231008
2026-01-19,daily,all subpops,all ages,new_H,E_to_I_rate=0.5,53.50683332931254,46.55162201842636,61.63511011393073
2026-01-20,daily,all subpops,all ages,new_H,E_to_I_rate=0.5,48.50635281182973,41.92031709243785,56.425564913603864
2026-01-21,daily,all subpops,all ages,new_H,E_to_I_rate=0.5,44.635053403910845,38.49967744574503,52.51539478959729
2026-01-22,daily,all subpops,all ages,new_H,E_to_I_rate=0.5,41.34092231076244,35.27684898117598,49.161704243514045
2026-01-23,daily,all subpops,all ages,new_H,E_to_I_rate=0.5,38.42557065235684,33.0573529287369,46.14719000477944
2026-01-24,daily,all subpops,all ages,new_H,E_to_I_rate=0.5,35.943444630459574,30.588938666057828,43.332938414631364
2026-01-25,daily,all subpops,all ages,new_H,E_to_I_rate=0.5,33.24558258063441,28.049358949639704,40.32176247691325
2026-01-26,daily,all subpops,all ages,new_H,E_to_I_rate=0.5,30.450709456057794,25.525740421916495,37.173160499987894
2026-01-27,daily,all subpops,all ages,new_H,E_to_I_rate=0.5,28.27812986364159,23.49524514561249,34.6169040171193
2026-01-28,daily,all subpops,all ages,new_H,E_to_I_rate=0.5,26.63782358526028,22.069662134607796,32.61846140584477
2026-01-29,daily,all subpops,all ages,new_H,E_to_I_rate=0.5,25.35528761293716,20.87273617468852,30.967512819331724
2026-01-30,daily,all subpops,all ages,new_H,E_to_I_rate=0.5,24.25137031970884,20.056889516732696,29.49798228166994
2026-01-31,daily,all subpops,all ages,new_H,E_to_I_rate=0.5,23.324411245440576,19.366062700229516,28.447850166957124
2026-02-01,daily,all subpops,all ages,new_H,E_to_I_rate=0.5,21.999859647322346,18.271474368107025,26.993660285430984
2026-02-02,daily,all subpops,all ages,new_H,E_to_I_rate=0.5,20.604577095752575,17.0781414372707,25.37682328946396
2026-02-03,daily,all subpops,all ages,new_H,E_to_I_rate=0.5,19.528104449422965,15.999064162739925,23.927253871303645
2026-02-04,daily,all subpops,all ages,new_H,E_to_I_rate=0.5,18.701636037442228,15.272404978834015,22.94080157127952
2026-02-05,daily,all subpops,all ages,new_H,E_to_I_rate=0.5,18.13677812178264,14.80239096317846,22.41911185728756
2026-02-06,daily,all subpops,all ages,new_H,E_to_I_rate=0.5,17.688143412862257,14.261240265737863,22.025484990399733
2026-02-07,daily,all subpops,all ages,new_H,E_to_I_rate=0.5,17.257809440669625,13.945054838309074,21.6462369180924
2026-02-08,daily,all subpops,all ages,new_H,E_to_I_rate=0.5,16.55179397087511,13.291122979820518,20.852050278871907
2026-02-09,daily,all subpops,all ages,new_H,E_to_I_rate=0.5,15.734065864304878,12.512168902216638,19.926291038955842
2026-02-10,daily,all subpops,all ages,new_H,E_to_I_rate=0.5,15.222825894440877,12.031548022434363,19.309100096328503
2026-02-11,daily,all subpops,all ages,new_H,E_to_I_rate=0.5,14.890050916120934,11.84514027688203,18.921580914001368
2026-02-12,daily,all subpops,all ages,new_H,E_to_I_rate=0.5,14.701506369155965,11.656977285569324,18.680361890979267
2026-02-13,daily,all subpops,all ages,new_H,E_to_I_rate=0.5,14.555706250155819,11.49397870918437,18.441773219872783
2026-02-14,daily,all subpops,all ages,new_H,E_to_I_rate=0.5,14.443543958428412,11.512980448390827,18.206036283332402
2026-02-15,daily,all subpops,all ages,new_H,E_to_I_rate=0.5,14.055309496873516,11.298583522336786,17.5551336462305
2026-02-16,daily,all subpops,all ages,new_H,E_to_I_rate=0.5,13.483157418259456,10.850670575567152,16.744582051306445
2026-02-17,daily,all subpops,all ages,new_H,E_to_I_rate=0.5,13.095988804177157,10.439086975824779,16.050427480856726
2026-02-18,daily,all subpops,all ages,new_H,E_to_I_rate=0.5,12.725907910970626,10.130003918072948,15.605768256667254
2026-02-19,daily,all subpops,all ages,new_H,E_to_I_rate=0.5,12.406086497812211,9.87827007189486,15.139080837255381
2026-02-20,daily,all subpops,all ages,new_H,E_to_I_rate=0.5,12.025795597986859,9.571425508614654,14.81009322472674
2026-02-21,daily,all subpops,all ages,new_H,E_to_I_rate=0.5,11.628573195773775,9.181249686096454,14.513341286565588
2026-02-22,daily,all subpops,all ages,new_H,E_to_I_rate=0.5,11.085376558222897,8.740673028455086,13.984707731739354
2026-02-23,daily,all subpops,all ages,new_H,E_to_I_rate=0.5,10.434488479068985,8.23181047030994,13.210169045977718
2026-02-24,daily,all subpops,all ages,new_H,E_to_I_rate=0.5,9.942414710978166,7.853960862767882,12.647360940539558
2026-02-25,daily,all subpops,all ages,new_H,E_to_I_rate=0.5,9.678678159393252,7.570833570145729,12.36493803875691
2026-02-26,daily,all subpops,all ages,new_H,E_to_I_rate=0.5,9.48814499111755,7.369180747579847,12.182435408949543
2026-02-27,daily,all subpops,all ages,new_H,E_to_I_rate=0.5,9.310400389897715,7.194858486464083,11.981808171591569
2026-02-28,daily,all subpops,all ages,new_H,E_to_I_rate=0.5,9.161896688441642,7.1268340558911145,11.822961148280688
2026-03-01,daily,all subpops,all ages,new_H,E_to_I_rate=0.5,8.827741584620437,6.845625560037417,11.389465278189258
2026-03-02,daily,all subpops,all ages,new_H,E_to_I_rate=0.5,8.40579347205998,6.5442517682567685,10.823824683445775
2026-03-03,daily,all subpops,all ages,new_H,E_to_I_rate=0.5,8.16250279842605,6.433010255283694,10.496498833501375
2026-03-04,daily,all subpops,all ages,new_H,E_to_I_rate=0.5,7.998928068310042,6.273857412180509,10.426623983142596
2026-03-05,daily,all subpops,all ages,new_H,E_to_I_rate=0.5,7.8428234370595336,6.1209020736666035,10.435312854110117
2026-03-06,daily,all subpops,all ages,new_H,E_to_I_rate=0.5,7.725411032042951,5.936717534345461,10.32522672278843
2026-03-07,daily,all subpops,all ages,new_H,E_to_I_rate=0.5,7.6005690294579855,5.816628847591303,10.2042866903473
2026-03-08,daily,all subpops,all ages,new_H,E_to_I_rate=0.5,7.315908723758799,5.553143460171695,9.945740682806202
2026-03-09,daily,all subpops,all ages,new_H,E_to_I_rate=0.5,6.96481338062088,5.247606870726172,9.459173231992944
2026-03-10,daily,all subpops,all ages,new_H,E_to_I_rate=0.5,6.708936864616239,5.016325522990473,9.22411551441745
2026-03-11,daily,all subpops,all ages,new_H,E_to_I_rate=0.5,6.513755027140716,4.841061921658716,8.99047415929424
2026-03-12,daily,all subpops,all ages,new_H,E_to_I_rate=0.5,6.381535477908246,4.692969793506723,8.843118958262307
2026-03-13,daily,all subpops,all ages,new_H,E_to_I_rate=0.5,6.284825490287375,4.640840588123543,8.696857738682956
2026-03-14,daily,all subpops,all ages,new_H,E_to_I_rate=0.5,6.199205009071796,4.575127178918652,8.518939747841243
2026-03-15,daily,all subpops,all ages,new_H,E_to_I_rate=0.5,6.03663846118733,4.448098852472887,8.219620852668418
2026-03-16,daily,all subpops,all ages,new_H,E_to_I_rate=0.5,5.793802634322478,4.250556333744247,7.844874465409071
2026-03-17,daily,all subpops,all ages,new_H,E_to_I_rate=0.5,5.604224139987728,4.108815047715005,7.541973744733719
2026-03-18,daily,all subpops,all ages,new_H,E_to_I_rate=0.5,5.52009897185758,4.01581938195678,7.364935215556008
2026-03-19,daily,all subpops,all ages,new_H,E_to_I_rate=0.5,5.48277258460117,4.012991344310179,7.430589032912407
2026-03-20,daily,all subpops,all ages,new_H,E_to_I_rate=0.5,5.502719544806757,4.0270445859715345,7.5518680345882006
2026-03-21,daily,all subpops,all ages,new_H,E_to_I_rate=0.5,5.50988594472947,3.896896305187024,7.611417033144092
2026-03-22,daily,all subpops,all ages,new_H,E_to_I_rate=0.5,5.384136517575518,3.704873804232081,7.495055246046291
2026-03-23,daily,all subpops,all ages,new_H,E_to_I_rate=0.5,5.172794471317886,3.496752553267856,7.181950057360526
2026-03-24,daily,all subpops,all ages,new_H,E_to_I_rate=0.5,5.0722359191449105,3.4248438396373766,7.008695675708922
2026-03-25,daily,all subpops,all ages,new_H,E_to_I_rate=0.5,5.057182611953838,3.4047342943951664,6.986282386312621
2026-03-26,daily,all subpops,all ages,new_H,E_to_I_rate=0.5,5.057504330206736,3.3833425944117574,6.962144052673679
2026-03-27,daily,all subpops,all ages,new_H,E_to_I_rate=0.5,5.051757712878916,3.3724654863561287,6.936106520650693
2026-03-28,daily,all subpops,all ages,new_H,E_to_I_rate=0.5,5.06724812613132,3.367539204962937,6.9481912022457974
2026-03-29,daily,all subpops,all ages,new_H,E_to_I_rate=0.5,4.99782921436028,3.2918369578759834,6.873720023733418
2026-03-30,daily,all subpops,all ages,new_H,E_to_I_rate=0.5,4.851921046337578,3.2322458210246015,6.741850121704453
2026-03-31,daily,all subpops,all ages,new_H,E_to_I_rate=0.5,4.768541055026916,3.1508002907155905,6.641384655485982
2026-04-01,daily,all subpops,all ages,new_H,E_to_I_rate=0.5,4.694902058987181,3.056385195945513,6.551293151351023
2026-04-02,daily,all subpops,all ages,new_H,E_to_I_rate=0.5,4.653327362918837,2.9945485209107847,6.534379253911121
2026-04-03,daily,all subpops,all ages,new_H,E_to_I_rate=0.5,4.647218961144638,2.987717563912683,6.556866024909325
2026-04-04,daily,all subpops,all ages,new_H,E_to_I_rate=0.5,4.618987349140095,2.915126135751007,6.627726625767746
2026-04-05,daily,all subpops,all ages,new_H,E_to_I_rate=0.5,4.498628058928953,2.8182181823547885,6.462740381071012
2026-04-06,daily,all subpops,all ages,new_H,E_to_I_rate=0.5,4.30203371674364,2.6862149853137534,6.276668807204279
2026-04-07,daily,all subpops,all ages,new_H,E_to_I_rate=0.5,4.185294164467246,2.638079893497064,6.147568785463979
2026-04-08,daily,all subpops,all ages,new_H,E_to_I_rate=0.5,4.163330300977776,2.667897068453135,6.09135214232257
2026-04-09,daily,all subpops,all ages,new_H,E_to_I_rate=0.5,4.191189918657447,2.707580669933508,6.171445869182519
2026-04-10,daily,all subpops,all ages,new_H,E_to_I_rate=0.5,4.212114628650529,2.7469592249929384,6.160187064279868
2026-04-11,daily,all subpops,all ages,new_H,E_to_I_rate=0.5,4.203865287620658,2.7692554326164927,6.193242906164457
2026-04-12,daily,all subpops,all ages,new_H,E_to_I_rate=0.5,4.118348331960305,2.7084661475690215,5.96113890637913
2026-04-13,daily,all subpops,all ages,new_H,E_to_I_rate=0.5,3.951747409747395,2.620038182545504,5.769278921387555
2026-04-14,daily,all subpops,all ages,new_H,E_to_I_rate=0.5,3.8166230545096163,2.5532443553735154,5.641525595788328
2026-04-15,daily,all subpops,all ages,new_H,E_to_I_rate=0.5,3.702674292615341,2.523607201216047,5.4594948803373615
2026-04-16,daily,all subpops,all ages,new_H,E_to_I_rate=0.5,3.6147715099690805,2.522020904695335,5.367550004290315
2026-04-17,daily,all subpops,all ages,new_H,E_to_I_rate=0.5,3.5283382634051677,2.4779203925404,5.229797513979274
2026-04-18,daily,all subpops,all ages,new_H,E_to_I_rate=0.5,3.444938984423402,2.3970399613668114,5.15990404726183
2026-04-19,daily,all subpops,all ages,new_H,E_to_I_rate=0.5,3.2881958100802127,2.272064142411408,4.911247892082766
2026-04-20,daily,all subpops,all ages,new_H,E_to_I_rate=0.5,3.1358606134162375,2.128832557620055,4.636281816480746
2026-04-21,daily,all subpops,all ages,new_H,E_to_I_rate=0.5,3.032466384745545,2.0272284921754684,4.520657344980921
2026-04-22,daily,all subpops,all ages,new_H,E_to_I_rate=0.5,2.9555508785020725,1.9580559513142985,4.4851291569994265
2026-04-23,daily,all subpops,all ages,new_H,E_to_I_rate=0.5,2.896844214377543,1.8759460095621159,4.35082411833502
2026-04-24,daily,all subpops,all ages,new_H,E_to_I_rate=0.5,2.819057089683036,1.816860263143688,4.3134768119844065
2026-04-25,daily,all subpops,all ages,new_H,E_to_I_rate=0.5,2.73938784462248,1.7520744726807795,4.234638254368968
2026-04-26,daily,all subpops,all ages,new_H,E_to_I_rate=0.5,2.6197700236791914,1.656967105173188,4.148867595861452
2026-04-27,daily,all subpops,all ages,new_H,E_to_I_rate=0.5,2.492811044669326,1.540340846069632,3.9288234724511626
2026-04-28,daily,all subpops,all ages,new_H,E_to_I_rate=0.5,2.3822900885329075,1.4575611160210578,3.787754920359999
2026-04-29,daily,all subpops,all ages,new_H,E_to_I_rate=0.5,2.307985209742576,1.4072736307968672,3.7418313627146813
2026-04-30,daily,all subpops,all ages,new_H,E_to_I_rate=0.5,2.2589730434386923,1.3486693600563824,3.724107854923875
2026-05-01,daily,all subpops,all ages,new_H,E_to_I_rate=0.5,2.2241147044665595,1.2886452861333442,3.815490067463751
2026-05-02,daily,all subpops,all ages,new_H,E_to_I_rate=0.5,2.2038411628979233,1.2603935977587515,3.8916770967869216
2026-05-03,daily,all subpops,all ages,new_H,E_to_I_rate=0.5,2.153572249543958,1.2004877190228325,3.8726256258179323
2026-05-04,daily,all subpops,all ages,new_H,E_to_I_rate=0.5,2.099777547359566,1.119148743848161,3.8228304237412334
2026-05-05,daily,all subpops,all ages,new_H,E_to_I_rate=0.5,2.0952803284769503,1.0960696479093688,3.784350401432412
2026-05-06,daily,all subpops,all ages,new_H,E_to_I_rate=0.5,2.1036549323391673,1.0753112803786868,3.866637495225139
2026-05-07,daily,all subpops,all ages,new_H,E_to_I_rate=0.5,2.124385929872224,1.0372783390040738,4.127220269826207
2026-05-08,daily,all subpops,all ages,new_H,E_to_I_rate=0.5,2.1574576267368437,1.0026025782292225,4.313143377165035
2025-09-01,cumulative,all subpops,all ages,new_H,E_to_I_rate=0.5,0.5075576658556016,0.22790135823072233,0.9584070587392416
2025-09-02,cumulative,all subpops,all ages,new_H,E_to_I_rate=0.5,1.7265317944016307,0.774029993898732,3.2551832612000164
2025-09-03,cumulative,all subpops,all ages,new_H,E_to_I_rate=0.5,3.217658913958399,1.440682617663677,6.05575619254013
2025-09-04,cumulative,all subpops,all ages,new_H,E_to_I_rate=0.5,4.78676499721038,2.1442555018640315,9.00093364143131
2025-09-05,cumulative,all subpops,all ages,new_H,E_to_I_rate=0.5,6.360663253194396,2.8583401379178808,11.940155889954164
2025-09-06,cumulative,all subpops,all ages,new_H,E_to_I_rate=0.5,7.891267148381743,3.5656020730314397,14.791521438761851
2025-09-07,cumulative,all subpops,all ages,new_H,E_to_I_rate=0.5,9.33136467772691,4.251247839875562,17.477357776535708
2025-09-08,cumulative,all subpops,all ages,new_H,E_to_I_rate=0.5,10.702111904934592,4.904220860609858,19.98097976239049
2025-09-09,cumulative,all subpops,all ages,new_H,E_to_I_rate=0.5,12.014119492280951,5.556952200633752,22.388490494613166
2025-09-10,cumulative,all subpops,all ages,new_H,E_to_I_rate=0.5,13.317449643386428,6.205647121275368,24.66347901518905
2025-09-11,cumulative,all subpops,all ages,new_H,E_to_I_rate=0.5,14.626506406111435,6.860708647765356,26.79138729325435
2025-09-12,cumulative,all subpops,all ages,new_H,E_to_I_rate=0.5,15.94490908762021,7.480844374764925,29.051736664203066
2025-09-13,cumulative,all subpops,all ages,new_H,E_to_I_rate=0.5,17.243885053063217,8.078211750321815,31.242233561685644
2025-09-14,cumulative,all subpops,all ages,new_H,E_to_I_rate=0.5,18.4948349513119,8.681019278774928,33.377285504058406
2025-09-15,cumulative,all subpops,all ages,new_H,E_to_I_rate=0.5,19.70747190084959,9.31908099459323,35.36158306410961
2025-09-16,cumulative,all subpops,all ages,new_H,E_to_I_rate=0.5,20.887016092111757,9.939200309825454,37.22496762001705
2025-09-17,cumulative,all subpops,all ages,new_H,E_to_I_rate=0.5,22.17359885443628,10.595948450859554,39.02276231194623
2025-09-18,cumulative,all subpops,all ages,new_H,E_to_I_rate=0.5,23.389588327242432,11.268933412128996,40.862059677290645
2025-09-19,cumulative,all subpops,all ages,new_H,E_to_I_rate=0.5,24.5840149046592,12.07240165062433,42.70812024750086
2025-09-20,cumulative,all subpops,all ages,new_H,E_to_I_rate=0.5,25.743415829335873,12.927434396816047,44.75695291971327
2025-09-21,cumulative,all subpops,all ages,new_H,E_to_I_rate=0.5,26.878536683042462,13.58355909016389,46.4726799076296
2025-09-22,cumulative,all subpops,all ages,new_H,E_to_I_rate=0.5,28.202093802202583,14.171541429023986,48.05592106052132
2025-09-23,cumulative,all subpops,all ages,new_H,E_to_I_rate=0.5,29.411672270143978,14.79226310523566,50.00329681194107
2025-09-24,cumulative,all subpops,all ages,new_H,E_to_I_rate=0.5,30.537457958510117,15.416695374362352,51.69033718152763
2025-09-25,cumulative,all subpops,all ages,new_H,E_to_I_rate=0.5,31.68330213313496,16.382952156028082,53.153727394708795
2025-09-26,cumulative,all subpops,all ages,new_H,E_to_I_rate=0.5,33.01684545712773,17.15672754470005,54.96787823833738
2025-09-27,cumulative,all subpops,all ages,new_H,E_to_I_rate=0.5,34.09083474406786,17.945814374249284,56.77876485901205
2025-09-28,cumulative,all subpops,all ages,new_H,E_to_I_rate=0.5,35.36329359060226,18.730851349515607,58.31586372367992
2025-09-29,cumulative,all subpops,all ages,new_H,E_to_I_rate=0.5,36.58851571980294,19.42729815990171,60.08474459868174
2025-09-30,cumulative,all subpops,all ages,new_H,E_to_I_rate=0.5,37.58581416818055,20.02835153674722,61.83466955006996
2025-10-01,cumulative,all subpops,all ages,new_H,E_to_I_rate=0.5,38.62671771522935,20.716168290828627,63.22724073656861
2025-10-02,cumulative,all subpops,all ages,new_H,E_to_I_rate=0.5,39.660009902216956,21.607296840663977,64.81677804531735
2025-10-03,cumulative,all subpops,all ages,new_H,E_to_I_rate=0.5,40.732062762511205,22.538502591488857,66.5186539822815
2025-10-04,cumulative,all subpops,all ages,new_H,E_to_I_rate=0.5,41.78649088530205,23.344285475283176,67.76085031927535
2025-10-05,cumulative,all subpops,all ages,new_H,E_to_I_rate=0.5,42.879528317636854,24.175667617325164,69.10736273714454
2025-10-06,cumulative,all subpops,all ages,new_H,E_to_I_rate=0.5,44.02345489757569,25.07976631999773,70.37539790014608
2025-10-07,cumulative,all subpops,all ages,new_H,E_to_I_rate=0.5,45.12591502722306,25.785041058862056,71.65567038862324
2025-10-08,cumulative,all subpops,all ages,new_H,E_to_I_rate=0.5,46.33935043558661,26.66607683240217,72.93402725392338
2025-10-09,cumulative,all subpops,all ages,new_H,E_to_I_rate=0.5,47.441465356562134,27.646399700511783,75.1642093580555
2025-10-10,cumulative,all subpops,all ages,new_H,E_to_I_rate=0.5,48.51046433279036,28.600795398036304,77.4191615751148
2025-10-11,cumulative,all subpops,all ages,new_H,E_to_I_rate=0.5,49.82730395756553,29.57648638074617,79.19899154603571
2025-10-12,cumulative,all subpops,all ages,new_H,E_to_I_rate=0.5,51.04701856771217,30.77902321014132,80.96747059589153
2025-10-13,cumulative,all subpops,all ages,new_H,E_to_I_rate=0.5,52.28283337274932,31.703589054499346,82.88890625293097
2025-10-14,cumulative,all subpops,all ages,new_H,E_to_I_rate=0.5,53.746877445973624,32.56667793579134,84.98560025048009
2025-10-15,cumulative,all subpops,all ages,new_H,E_to_I_rate=0.5,55.20238790959934,33.928635874069556,86.78997734188916
2025-10-16,cumulative,all subpops,all ages,new_H,E_to_I_rate=0.5,56.53540934324959,35.157561364778346,89.37143556108754
2025-10-17,cumulative,all subpops,all ages,new_H,E_to_I_rate=0.5,58.32509779982534,36.394552181987564,91.57722131028359
2025-10-18,cumulative,all subpops,all ages,new_H,E_to_I_rate=0.5,59.91606289305267,37.566518407082384,94.06490827017319
2025-10-19,cumulative,all subpops,all ages,new_H,E_to_I_rate=0.5,61.57485247883888,38.53777920146205,96.27692782834134
2025-10-20,cumulative,all subpops,all ages,new_H,E_to_I_rate=0.5,63.10222908730975,39.66778131997189,98.46318998261597
2025-10-21,cumulative,all subpops,all ages,new_H,E_to_I_rate=0.5,64.88992767260123,40.922911170681026,100.64904753753356
2025-10-22,cumulative,all subpops,all ages,new_H,E_to_I_rate=0.5,66.60789571192868,41.69884679890978,102.8659644003803
2025-10-23,cumulative,all subpops,all ages,new_H,E_to_I_rate=0.5,68.20229047878503,43.23766597385572,105.11215339619739
2025-10-24,cumulative,all subpops,all ages,new_H,E_to_I_rate=0.5,70.23773719997277,44.76460402521658,107.39085392254371
2025-10-25,cumulative,all subpops,all ages,new_H,E_to_I_rate=0.5,72.41487487364132,46.128008128674324,110.50043903217963
2025-10-26,cumulative,all subpops,all ages,new_H,E_to_I_rate=0.5,74.60299005162679,47.53712676768724,113.7789387566979
2025-10-27,cumulative,all subpops,all ages,new_H,E_to_I_rate=0.5,76.72255428031428,49.110842231126945,116.89417972280472
2025-10-28,cumulative,all subpops,all ages,new_H,E_to_I_rate=0.5,78.89086190864711,50.97188040281058,119.46857342815879
2025-10-29,cumulative,all subpops,all ages,new_H,E_to_I_rate=0.5,81.42246224736141,52.85656674873092,121.9921197220015
2025-10-30,cumulative,all subpops,all ages,new_H,E_to_I_rate=0.5,84.00804608499939,54.80295386103644,125.01096039785824
2025-10-31,cumulative,all subpops,all ages,new_H,E_to_I_rate=0.5,86.73412232416736,57.10574000548519,128.13995323517995
2025-11-01,cumulative,all subpops,all ages,new_H,E_to_I_rate=0.5,89.67774818043446,59.25758242921174,132.7973480477209
2025-11-02,cumulative,all subpops,all ages,new_H,E_to_I_rate=0.5,92.51502752060479,61.18693313676248,135.40004818897117
2025-11-03,cumulative,all subpops,all ages,new_H,E_to_I_rate=0.5,95.24301557570855,63.7086665895429,138.5695647182954
2025-11-04,cumulative,all subpops,all ages,new_H,E_to_I_rate=0.5,98.40362780133542,66.22029215704161,141.52564874260602
2025-11-05,cumulative,all subpops,all ages,new_H,E_to_I_rate=0.5,101.76435001574174,68.39787958634388,144.6765129595048
2025-11-06,cumulative,all subpops,all ages,new_H,E_to_I_rate=0.5,105.5616028435852,70.69942930445798,149.28962871597386
2025-11-07,cumulative,all subpops,all ages,new_H,E_to_I_rate=0.5,109.2312801702715,73.35656290526066,153.60173829580614
2025-11-08,cumulative,all subpops,all ages,new_H,E_to_I_rate=0.5,113.28084576023744,76.4367876207757,158.0020943416681
2025-11-09,cumulative,all subpops,all ages,new_H,E_to_I_rate=0.5,117.40611622960367,79.66032291878,162.47047806099533
2025-11-10,cumulative,all subpops,all ages,new_H,E_to_I_rate=0.5,121.22197643090743,82.95736859646374,166.93163880159935
2025-11-11,cumulative,all subpops,all ages,new_H,E_to_I_rate=0.5,125.33754440219664,86.60334790528158,171.63814232707685
2025-11-12,cumulative,all subpops,all ages,new_H,E_to_I_rate=0.5,129.99549955529358,90.87322563285096,176.71742582038812
2025-11-13,cumulative,all subpops,all ages,new_H,E_to_I_rate=0.5,134.93434039150662,94.76275679442315,181.68324390919167
2025-11-14,cumulative,all subpops,all ages,new_H,E_to_I_rate=0.5,140.47763377250251,99.09328357563415,187.29169860208773
2025-11-15,cumulative,all subpops,all ages,new_H,E_to_I_rate=0.5,146.2688193184828,105.04041997125145,193.86310036821695
2025-11-16,cumulative,all subpops,all ages,new_H,E_to_I_rate=0.5,152.8550596747324,110.91073179607658,201.24772958002023
2025-11-17,cumulative,all subpops,all ages,new_H,E_to_I_rate=0.5,158.97943743418062,115.69506050517197,207.64805404896293
2025-11-18,cumulative,all subpops,all ages,new_H,E_to_I_rate=0.5,166.25538986741577,121.70252927498089,215.69428677574095
2025-11-19,cumulative,all subpops,all ages,new_H,E_to_I_rate=0.5,173.7075463903977,128.50903171168662,223.77662781880218
2025-11-20,cumulative,all subpops,all ages,new_H,E_to_I_rate=0.5,182.4145036975391,134.60005150334047,232.50355343219323
2025-11-21,cumulative,all subpops,all ages,new_H,E_to_I_rate=0.5,191.32016332506012,142.5993550969615,241.58296037844434
2025-11-22,cumulative,all subpops,all ages,new_H,E_to_I_rate=0.5,201.44524521810564,150.5747601880595,251.85757157511014
2025-11-23,cumulative,all subpops,all ages,new_H,E_to_I_rate=0.5,211.80685222563864,160.77718328631062,261.72837383295285
2025-11-24,cumulative,all subpops,all ages,new_H,E_to_I_rate=0.5,223.135719975146,168.84815869198957,272.3351641060491
2025-11-25,cumulative,all subpops,all ages,new_H,E_to_I_rate=0.5,234.6931022694937,178.77036441123664,285.0711235643579
2025-11-26,cumulative,all subpops,all ages,new_H,E_to_I_rate=0.5,247.12017897965515,190.06324126978512,299.10846887770236
2025-11-27,cumulative,all subpops,all ages,new_H,E_to_I_rate=0.5,261.4786051812499,202.529982383083,313.56558963341115
2025-11-28,cumulative,all subpops,all ages,new_H,E_to_I_rate=0.5,276.2738724880199,214.0086085683952,328.4373566624888
2025-11-29,cumulative,all subpops,all ages,new_H,E_to_I_rate=0.5,292.120852823683,228.0941061785795,348.0142020083616
2025-11-30,cumulative,all subpops,all ages,new_H,E_to_I_rate=0.5,307.6117804420154,242.1608565196867,366.616279992769
2025-12-01,cumulative,all subpops,all ages,new_H,E_to_I_rate=0.5,324.46178070416573,258.6468406627915,384.4494753720955
2025-12-02,cumulative,all subpops,all ages,new_H,E_to_I_rate=0.5,343.8689295111666,274.9423601189661,401.96111759320087
2025-12-03,cumulative,all subpops,all ages,new_H,E_to_I_rate=0.5,363.53947537212304,291.7540995502438,422.89606826199133
2025-12-04,cumulative,all subpops,all ages,new_H,E_to_I_rate=0.5,384.83323624996234,309.57961024330655,445.9746677596885
2025-12-05,cumulative,all subpops,all ages,new_H,E_to_I_rate=0.5,408.6176184546328,331.02668006126873,471.7255505225319
2025-12-06,cumulative,all subpops,all ages,new_H,E_to_I_rate=0.5,436.26383140591514,353.0812270014211,502.12117801002375
2025-12-07,cumulative,all subpops,all ages,new_H,E_to_I_rate=0.5,464.5810449742096,377.74249531028613,536.3021070689997
2025-12-08,cumulative,all subpops,all ages,new_H,E_to_I_rate=0.5,495.0642714389903,406.5653710304047,570.9401204198035
2025-12-09,cumulative,all subpops,all ages,new_H,E_to_I_rate=0.5,527.9816783814977,438.7019561410831,610.4457469886842
2025-12-10,cumulative,all subpops,all ages,new_H,E_to_I_rate=0.5,564.9425205131236,473.62294560677583,653.037052547889
2025-12-11,cumulative,all subpops,all ages,new_H,E_to_I_rate=0.5,606.3069070371002,512.0790511303165,698.1501158969032
2025-12-12,cumulative,all subpops,all ages,new_H,E_to_I_rate=0.5,651.2871891114855,553.9052233470602,750.5613722389103
2025-12-13,cumulative,all subpops,all ages,new_H,E_to_I_rate=0.5,703.0568166272876,599.9141708687641,808.4892895783829
2025-12-14,cumulative,all subpops,all ages,new_H,E_to_I_rate=0.5,758.6455106775554,649.6519666020117,872.8797203067766
2025-12-15,cumulative,all subpops,all ages,new_H,E_to_I_rate=0.5,818.4289004854023,702.9531011763377,943.8845275320233
2025-12-16,cumulative,all subpops,all ages,new_H,E_to_I_rate=0.5,884.8304640244563,763.2110869011302,1020.0059688568701
2025-12-17,cumulative,all subpops,all ages,new_H,E_to_I_rate=0.5,960.8839631435128,827.8501731822303,1106.3271288398694
2025-12-18,cumulative,all subpops,all ages,new_H,E_to_I_rate=0.5,1043.1247687605369,902.457073348813,1196.8588252313848
2025-12-19,cumulative,all subpops,all ages,new_H,E_to_I_rate=0.5,1137.87497181797,986.0770040212406,1297.8276370454814
2025-12-20,cumulative,all subpops,all ages,new_H,E_to_I_rate=0.5,1243.1850303388715,1079.521357414428,1414.3592076803359
2025-12-21,cumulative,all subpops,all ages,new_H,E_to_I_rate=0.5,1355.4153942782114,1180.6720052407165,1539.3655972449246
2025-12-22,cumulative,all subpops,all ages,new_H,E_to_I_rate=0.5,1475.2767619393703,1288.4460708159515,1673.827669904818
2025-12-23,cumulative,all subpops,all ages,new_H,E_to_I_rate=0.5,1605.708657067726,1408.027255135161,1812.0915065565837
2025-12-24,cumulative,all subpops,all ages,new_H,E_to_I_rate=0.5,1745.632908346757,1537.666060219775,1960.5928529232633
2025-12-25,cumulative,all subpops,all ages,new_H,E_to_I_rate=0.5,1894.3351464052798,1678.830245279058,2123.9623200024207
2025-12-26,cumulative,all subpops,all ages,new_H,E_to_I_rate=0.5,2050.310334670852,1822.0198509598852,2291.12147454054
2025-12-27,cumulative,all subpops,all ages,new_H,E_to_I_rate=0.5,2211.183067302716,1974.833767997381,2459.018304357839
2025-12-28,cumulative,all subpops,all ages,new_H,E_to_I_rate=0.5,2374.9367418748443,2123.268633305879,2625.9591175880932
2025-12-29,cumulative,all subpops,all ages,new_H,E_to_I_rate=0.5,2537.4154690960872,2269.6422297104273,2798.9185341852412
2025-12-30,cumulative,all subpops,all ages,new_H,E_to_I_rate=0.5,2697.7682499693874,2414.2835617903434,2967.1249793689403
2025-12-31,cumulative,all subpops,all ages,new_H,E_to_I_rate=0.5,2856.998457774427,2552.8605697945873,3144.6701004225274
2026-01-01,cumulative,all subpops,all ages,new_H,E_to_I_rate=0.5,3016.7391110558015,2699.1092184035288,3310.4540316929783
2026-01-02,cumulative,all subpops,all ages,new_H,E_to_I_rate=0.5,3170.285278115759,2841.5707914318364,3468.6985200731606
2026-01-03,cumulative,all subpops,all ages,new_H,E_to_I_rate=0.5,3323.6466357670856,2989.848348211686,3633.9518353045974
2026-01-04,cumulative,all subpops,all ages,new_H,E_to_I_rate=0.5,3466.218233018024,3123.417509621296,3783.6882249267574
2026-01-05,cumulative,all subpops,all ages,new_H,E_to_I_rate=0.5,3600.973855784837,3246.225141969472,3934.7781019939257
2026-01-06,cumulative,all subpops,all ages,new_H,E_to_I_rate=0.5,3729.935970464992,3368.9048556179605,4077.5869106176137
2026-01-07,cumulative,all subpops,all ages,new_H,E_to_I_rate=0.5,3853.2843326145808,3482.9866781086093,4208.1565945681605
2026-01-08,cumulative,all subpops,all ages,new_H,E_to_I_rate=0.5,3967.5995053562483,3596.1083087051325,4318.55251223564
2026-01-09,cumulative,all subpops,all ages,new_H,E_to_I_rate=0.5,4078.600851104731,3701.8329650280452,4444.483800776042
2026-01-10,cumulative,all subpops,all ages,new_H,E_to_I_rate=0.5,4185.193812745434,3802.2190215131227,4565.3434251778135
2026-01-11,cumulative,all subpops,all ages,new_H,E_to_I_rate=0.5,4284.2573326178845,3889.8755844227976,4672.341123698162
2026-01-12,cumulative,all subpops,all ages,new_H,E_to_I_rate=0.5,4374.484710270073,3970.2982132105926,4757.997889351325
2026-01-13,cumulative,all subpops,all ages,new_H,E_to_I_rate=0.5,4462.240369768266,4052.853632231656,4848.895658577036
2026-01-14,cumulative,all subpops,all ages,new_H,E_to_I_rate=0.5,4542.530980220117,4134.965476111807,4931.77195620867
2026-01-15,cumulative,all subpops,all ages,new_H,E_to_I_rate=0.5,4617.62548827834,4213.4395325848145,5006.150764028555
2026-01-16,cumulative,all subpops,all ages,new_H,E_to_I_rate=0.5,4686.067195906628,4280.942048738866,5075.044274255812
2026-01-17,cumulative,all subpops,all ages,new_H,E_to_I_rate=0.5,4750.524456271263,4335.8454756083165,5141.512416169165
2026-01-18,cumulative,all subpops,all ages,new_H,E_to_I_rate=0.5,4808.816640030815,4385.614676419864,5203.347097334622
2026-01-19,cumulative,all subpops,all ages,new_H,E_to_I_rate=0.5,4862.801720242882,4429.988062666065,5259.153497579535
2026-01-20,cumulative,all subpops,all ages,new_H,E_to_I_rate=0.5,4911.57054210211,4470.539259735348,5309.073863468079
2026-01-21,cumulative,all subpops,all ages,new_H,E_to_I_rate=0.5,4958.235848885681,4508.048345396997,5352.230720372873
2026-01-22,cumulative,all subpops,all ages,new_H,E_to_I_rate=0.5,4999.136677131006,4543.377471962769,5390.098875441984
2026-01-23,cumulative,all subpops,all ages,new_H,E_to_I_rate=0.5,5037.735492605978,4581.093090914346,5430.426640336408
2026-01-24,cumulative,all subpops,all ages,new_H,E_to_I_rate=0.5,5073.573093730536,4620.600112851533,5469.412530776468
2026-01-25,cumulative,all subpops,all ages,new_H,E_to_I_rate=0.5,5106.485573473558,4655.001393164065,5505.336201294542
2026-01-26,cumulative,all subpops,all ages,new_H,E_to_I_rate=0.5,5136.670644111369,4681.868377642005,5538.164057765327
2026-01-27,cumulative,all subpops,all ages,new_H,E_to_I_rate=0.5,5165.822152441446,4705.868176494199,5568.519714074945
2026-01-28,cumulative,all subpops,all ages,new_H,E_to_I_rate=0.5,5191.3753946712895,4730.160701040824,5596.982899269716
2026-01-29,cumulative,all subpops,all ages,new_H,E_to_I_rate=0.5,5216.784806897887,4753.448850044669,5623.925606596975
2026-01-30,cumulative,all subpops,all ages,new_H,E_to_I_rate=0.5,5239.883793965351,4779.462822897921,5649.606292999849
2026-01-31,cumulative,all subpops,all ages,new_H,E_to_I_rate=0.5,5263.655730576937,4804.5241851620085,5674.147013049693
2026-02-01,cumulative,all subpops,all ages,new_H,E_to_I_rate=0.5,5286.1898644376015,4829.547016068223,5697.056439760258
2026-02-02,cumulative,all subpops,all ages,new_H,E_to_I_rate=0.5,5306.273544596122,4853.601634196897,5718.361408628084
2026-02-03,cumulative,all subpops,all ages,new_H,E_to_I_rate=0.5,5324.182676308456,4875.489662364859,5738.437762620679
2026-02-04,cumulative,all subpops,all ages,new_H,E_to_I_rate=0.5,5342.561609631789,4895.260702592117,5757.599550930359
2026-02-05,cumulative,all subpops,all ages,new_H,E_to_I_rate=0.5,5361.563098714263,4914.265326063812,5776.046830771132
2026-02-06,cumulative,all subpops,all ages,new_H,E_to_I_rate=0.5,5380.08860113326,4932.6528490931205,5794.047847029928
2026-02-07,cumulative,all subpops,all ages,new_H,E_to_I_rate=0.5,5395.826032232649,4950.458507788211,5812.220097760334
2026-02-08,cumulative,all subpops,all ages,new_H,E_to_I_rate=0.5,5412.752974825639,4967.352446473785,5829.389560041727
2026-02-09,cumulative,all subpops,all ages,new_H,E_to_I_rate=0.5,5429.031422705813,4983.2379906865535,5845.515070250375
2026-02-10,cumulative,all subpops,all ages,new_H,E_to_I_rate=0.5,5445.204153082568,4998.419718476081,5860.622498480546
2026-02-11,cumulative,all subpops,all ages,new_H,E_to_I_rate=0.5,5459.3739937921855,5013.094733496942,5873.704031765637
2026-02-12,cumulative,all subpops,all ages,new_H,E_to_I_rate=0.5,5473.989037891803,5027.641790598907,5887.750440494804
2026-02-13,cumulative,all subpops,all ages,new_H,E_to_I_rate=0.5,5488.310172162851,5041.867303237483,5902.21015029054
2026-02-14,cumulative,all subpops,all ages,new_H,E_to_I_rate=0.5,5503.385749906234,5056.22382688559,5916.579473008285
2026-02-15,cumulative,all subpops,all ages,new_H,E_to_I_rate=0.5,5517.237931867355,5071.147800836412,5930.576662473331
2026-02-16,cumulative,all subpops,all ages,new_H,E_to_I_rate=0.5,5530.852993477287,5083.028137682024,5944.048462300314
2026-02-17,cumulative,all subpops,all ages,new_H,E_to_I_rate=0.5,5543.33379854349,5094.367246679547,5957.146731106718
2026-02-18,cumulative,all subpops,all ages,new_H,E_to_I_rate=0.5,5556.366496235312,5105.237690736835,5971.82474306076
2026-02-19,cumulative,all subpops,all ages,new_H,E_to_I_rate=0.5,5568.980837453906,5115.661583220075,5983.9086077852335
2026-02-20,cumulative,all subpops,all ages,new_H,E_to_I_rate=0.5,5581.9415229032975,5125.807572645707,5996.1297569872395
2026-02-21,cumulative,all subpops,all ages,new_H,E_to_I_rate=0.5,5593.814981171582,5138.483007214059,6008.078043057686
2026-02-22,cumulative,all subpops,all ages,new_H,E_to_I_rate=0.5,5605.175717557833,5150.296007949226,6019.024401484263
2026-02-23,cumulative,all subpops,all ages,new_H,E_to_I_rate=0.5,5615.312872120667,5161.2221495492195,6031.417281209592
2026-02-24,cumulative,all subpops,all ages,new_H,E_to_I_rate=0.5,5625.514323069572,5171.538357440506,6042.786072893071
2026-02-25,cumulative,all subpops,all ages,new_H,E_to_I_rate=0.5,5634.521568268895,5181.391115560601,6053.704576636083
2026-02-26,cumulative,all subpops,all ages,new_H,E_to_I_rate=0.5,5643.789612158469,5190.815928709508,6062.937163304412
2026-02-27,cumulative,all subpops,all ages,new_H,E_to_I_rate=0.5,5653.845096970612,5199.859126863895,6070.7392651311875
2026-02-28,cumulative,all subpops,all ages,new_H,E_to_I_rate=0.5,5662.816238509045,5208.544989351819,6080.484863651775
2026-03-01,cumulative,all subpops,all ages,new_H,E_to_I_rate=0.5,5671.631866471249,5216.7305979716875,6090.180442348817
2026-03-02,cumulative,all subpops,all ages,new_H,E_to_I_rate=0.5,5680.231608356982,5224.368439600167,6099.477528369884
2026-03-03,cumulative,all subpops,all ages,new_H,E_to_I_rate=0.5,5688.355721574948,5231.488249575201,6108.5772146365825
2026-03-04,cumulative,all subpops,all ages,new_H,E_to_I_rate=0.5,5696.518366269855,5238.053373972203,6117.579589331784
2026-03-05,cumulative,all subpops,all ages,new_H,E_to_I_rate=0.5,5704.377219965894,5244.564031239046,6126.497820710479
2026-03-06,cumulative,all subpops,all ages,new_H,E_to_I_rate=0.5,5711.870264769901,5251.671648265157,6135.335813863198
2026-03-07,cumulative,all subpops,all ages,new_H,E_to_I_rate=0.5,5719.163848646841,5257.813157264401,6143.882454063493
2026-03-08,cumulative,all subpops,all ages,new_H,E_to_I_rate=0.5,5727.000821927721,5263.648380866594,6151.256386540659
2026-03-09,cumulative,all subpops,all ages,new_H,E_to_I_rate=0.5,5733.604198017249,5269.128614665141,6158.226118093496
2026-03-10,cumulative,all subpops,all ages,new_H,E_to_I_rate=0.5,5739.527110340676,5274.36211521375,6164.914711159519
2026-03-11,cumulative,all subpops,all ages,new_H,E_to_I_rate=0.5,5746.294596585447,5279.675579320317,6171.418338270783
2026-03-12,cumulative,all subpops,all ages,new_H,E_to_I_rate=0.5,5753.118415211902,5284.988963045586,6177.78367572727
2026-03-13,cumulative,all subpops,all ages,new_H,E_to_I_rate=0.5,5760.103214721399,5290.262080563698,6184.053543081794
2026-03-14,cumulative,all subpops,all ages,new_H,E_to_I_rate=0.5,5766.9598044772,5295.524972498967,6190.248421746478
2026-03-15,cumulative,all subpops,all ages,new_H,E_to_I_rate=0.5,5773.586343829455,5300.665181582001,6196.249554122418
2026-03-16,cumulative,all subpops,all ages,new_H,E_to_I_rate=0.5,5779.409788347148,5305.614677277127,6201.992086923824
2026-03-17,cumulative,all subpops,all ages,new_H,E_to_I_rate=0.5,5784.745218314179,5310.4339745652,6207.561258114819
2026-03-18,cumulative,all subpops,all ages,new_H,E_to_I_rate=0.5,5789.4096321994,5315.214118258403,6213.050550081846
2026-03-19,cumulative,all subpops,all ages,new_H,E_to_I_rate=0.5,5795.031847821352,5320.027335004023,6218.525751046235
2026-03-20,cumulative,all subpops,all ages,new_H,E_to_I_rate=0.5,5800.388626863304,5324.895023203018,6224.02130314141
2026-03-21,cumulative,all subpops,all ages,new_H,E_to_I_rate=0.5,5805.917977309857,5329.7847727887765,6229.529596717395
2026-03-22,cumulative,all subpops,all ages,new_H,E_to_I_rate=0.5,5811.018109605018,5334.561760963846,6234.926695406769
2026-03-23,cumulative,all subpops,all ages,new_H,E_to_I_rate=0.5,5815.097564741736,5339.196953724833,6241.278262418431
2026-03-24,cumulative,all subpops,all ages,new_H,E_to_I_rate=0.5,5820.100290836576,5343.844921992283,6249.299244169505
2026-03-25,cumulative,all subpops,all ages,new_H,E_to_I_rate=0.5,5825.8279377244735,5350.642792317868,6257.263872326001
2026-03-26,cumulative,all subpops,all ages,new_H,E_to_I_rate=0.5,5831.26348903592,5357.60826648077,6264.3892354754735
2026-03-27,cumulative,all subpops,all ages,new_H,E_to_I_rate=0.5,5836.0664441967165,5364.704447141629,6269.519780152866
2026-03-28,cumulative,all subpops,all ages,new_H,E_to_I_rate=0.5,5840.190535511274,5371.927791885918,6274.650197724952
2026-03-29,cumulative,all subpops,all ages,new_H,E_to_I_rate=0.5,5845.334325427205,5379.18747755975,6279.619571691245
2026-03-30,cumulative,all subpops,all ages,new_H,E_to_I_rate=0.5,5850.175822370482,5386.340878318319,6284.412607371309
2026-03-31,cumulative,all subpops,all ages,new_H,E_to_I_rate=0.5,5855.277286542489,5393.418036511337,6289.151325385912
2026-04-01,cumulative,all subpops,all ages,new_H,E_to_I_rate=0.5,5860.327383882624,5400.427176263834,6293.790795172752
2026-04-02,cumulative,all subpops,all ages,new_H,E_to_I_rate=0.5,5865.967968487394,5407.364765608085,6298.314741834656
2026-04-03,cumulative,all subpops,all ages,new_H,E_to_I_rate=0.5,5871.687289844884,5411.768543415223,6302.7858781684745
2026-04-04,cumulative,all subpops,all ages,new_H,E_to_I_rate=0.5,5876.143452705359,5415.537432113785,6307.220017622316
2026-04-05,cumulative,all subpops,all ages,new_H,E_to_I_rate=0.5,5880.876224568877,5419.19300042991,6311.515757388956
2026-04-06,cumulative,all subpops,all ages,new_H,E_to_I_rate=0.5,5884.514979400219,5422.707452787365,6315.622796780005
2026-04-07,cumulative,all subpops,all ages,new_H,E_to_I_rate=0.5,5888.283157894673,5426.1473642111205,6319.968524138129
2026-04-08,cumulative,all subpops,all ages,new_H,E_to_I_rate=0.5,5892.841112709568,5429.5552288291465,6324.910827962519
2026-04-09,cumulative,all subpops,all ages,new_H,E_to_I_rate=0.5,5898.23964362927,5432.959196845201,6329.25026375797
2026-04-10,cumulative,all subpops,all ages,new_H,E_to_I_rate=0.5,5903.286573489123,5436.373895992245,6332.325561791431
2026-04-11,cumulative,all subpops,all ages,new_H,E_to_I_rate=0.5,5907.173591279867,5439.79163444247,6336.190027546826
2026-04-12,cumulative,all subpops,all ages,new_H,E_to_I_rate=0.5,5911.97359808367,5443.135083555249,6340.489047650597
2026-04-13,cumulative,all subpops,all ages,new_H,E_to_I_rate=0.5,5916.516435960135,5446.413583463894,6344.814272785587
2026-04-14,cumulative,all subpops,all ages,new_H,E_to_I_rate=0.5,5920.184603005036,5449.640659688677,6348.891120410638
2026-04-15,cumulative,all subpops,all ages,new_H,E_to_I_rate=0.5,5923.600198371545,5452.843416407778,6352.756060346315
2026-04-16,cumulative,all subpops,all ages,new_H,E_to_I_rate=0.5,5926.930662603105,5456.038515295184,6356.437000137267
2026-04-17,cumulative,all subpops,all ages,new_H,E_to_I_rate=0.5,5930.475450334824,5459.235840318428,6359.959648834104
2026-04-18,cumulative,all subpops,all ages,new_H,E_to_I_rate=0.5,5934.59354822621,5462.430536307709,6363.342383502625
2026-04-19,cumulative,all subpops,all ages,new_H,E_to_I_rate=0.5,5937.969995274134,5465.550734470637,6366.5452205105
2026-04-20,cumulative,all subpops,all ages,new_H,E_to_I_rate=0.5,5940.486493178469,5468.554533773893,6369.5605742137595
2026-04-21,cumulative,all subpops,all ages,new_H,E_to_I_rate=0.5,5943.2766295012325,5471.502006540105,6372.406814215747
2026-04-22,cumulative,all subpops,all ages,new_H,E_to_I_rate=0.5,5946.193708895264,5475.244254852407,6375.172810799649
2026-04-23,cumulative,all subpops,all ages,new_H,E_to_I_rate=0.5,5948.37719876697,5479.025316534408,6377.890247407882
2026-04-24,cumulative,all subpops,all ages,new_H,E_to_I_rate=0.5,5950.876716797741,5483.636238392477,6380.568450443159
2026-04-25,cumulative,all subpops,all ages,new_H,E_to_I_rate=0.5,5952.969144280029,5488.067263268631,6383.215675465553
2026-04-26,cumulative,all subpops,all ages,new_H,E_to_I_rate=0.5,5954.949189564668,5492.247817338254,6385.792422990601
2026-04-27,cumulative,all subpops,all ages,new_H,E_to_I_rate=0.5,5957.141389920114,5496.136943435253,6388.280295065747
2026-04-28,cumulative,all subpops,all ages,new_H,E_to_I_rate=0.5,5959.2272676644025,5499.784933970891,6390.724927372669
2026-04-29,cumulative,all subpops,all ages,new_H,E_to_I_rate=0.5,5961.887160566184,5503.237379723202,6392.189635442948
2026-04-30,cumulative,all subpops,all ages,new_H,E_to_I_rate=0.5,5965.233600530146,5506.5126711911735,6393.610155583693
2026-05-01,cumulative,all subpops,all ages,new_H,E_to_I_rate=0.5,5967.940956925868,5509.6238840269425,6395.001780424418
2026-05-02,cumulative,all subpops,all ages,new_H,E_to_I_rate=0.5,5970.586722284748,5512.586667268783,6396.783283201304
2026-05-03,cumulative,all subpops,all ages,new_H,E_to_I_rate=0.5,5972.037492857336,5515.36126827861,6398.794906721159
2026-05-04,cumulative,all subpops,all ages,new_H,E_to_I_rate=0.5,5973.4380909568845,5517.937523791208,6400.737951562767
2026-05-05,cumulative,all subpops,all ages,new_H,E_to_I_rate=0.5,5975.156469938436,5520.35546809519,6402.648541244644
2026-05-06,cumulative,all subpops,all ages,new_H,E_to_I_rate=0.5,5976.777639724566,5522.710967168625,6404.545690456172
2026-05-07,cumulative,all subpops,all ages,new_H,E_to_I_rate=0.5,5979.070770544307,5524.959287630049,6406.441054628924
2026-05-08,cumulative,all subpops,all ages,new_H,E_to_I_rate=0.5,5981.145534277992,5527.121546347605,6409.486636690384
2025-09-01,daily,all subpops,Age 0,new_H,E_to_I_rate=0.5,0.0019160387078064852,0.0005596194105198302,0.005549880436982622
2025-09-02,daily,all subpops,Age 0,new_H,E_to_I_rate=0.5,0.00460651831005698,0.0013499139271212716,0.01333086578270911
2025-09-03,daily,all subpops,Age 0,new_H,E_to_I_rate=0.5,0.005596558198022353,0.0016556185550612322,0.016174877386412705
2025-09-04,daily,all subpops,Age 0,new_H,E_to_I_rate=0.5,0.005851150303827635,0.0017352668422783751,0.016830422541355857
2025-09-05,daily,all subpops,Age 0,new_H,E_to_I_rate=0.5,0.005801450228516998,0.001726242948588596,0.01647027135344935
2025-09-06,daily,all subpops,Age 0,new_H,E_to_I_rate=0.5,0.0056567773024931815,0.0016705126275716631,0.015974855586329773
2025-09-07,daily,all subpops,Age 0,new_H,E_to_I_rate=0.5,0.005486667072009574,0.0016133384986395456,0.015439006698261018
2025-09-08,daily,all subpops,Age 0,new_H,E_to_I_rate=0.5,0.005345973321483647,0.0015847164642543473,0.014463903548655713
2025-09-09,daily,all subpops,Age 0,new_H,E_to_I_rate=0.5,0.0052063833255589324,0.0015585580201514166,0.013627832850758637
2025-09-10,daily,all subpops,Age 0,new_H,E_to_I_rate=0.5,0.005070718414559831,0.0015356825464854793,0.013194465388527022
2025-09-11,daily,all subpops,Age 0,new_H,E_to_I_rate=0.5,0.004971336866155144,0.0015311149634079616,0.012767776855852005
2025-09-12,daily,all subpops,Age 0,new_H,E_to_I_rate=0.5,0.004885244988208326,0.0015062034897241749,0.012494755485233988
2025-09-13,daily,all subpops,Age 0,new_H,E_to_I_rate=0.5,0.00486117168298408,0.0015040202256295524,0.012312135669380539
2025-09-14,daily,all subpops,Age 0,new_H,E_to_I_rate=0.5,0.004882893098932164,0.0015274593495239683,0.012252985244229323
2025-09-15,daily,all subpops,Age 0,new_H,E_to_I_rate=0.5,0.004847757512813508,0.0015269239512261635,0.012062800597214735
2025-09-16,daily,all subpops,Age 0,new_H,E_to_I_rate=0.5,0.004843698679513494,0.0015132545146151557,0.011734077383736403
2025-09-17,daily,all subpops,Age 0,new_H,E_to_I_rate=0.5,0.004791573664645229,0.00149432302433426,0.011683571417995612
2025-09-18,daily,all subpops,Age 0,new_H,E_to_I_rate=0.5,0.0047297768414599085,0.0014738548200496303,0.011617641030718023
2025-09-19,daily,all subpops,Age 0,new_H,E_to_I_rate=0.5,0.00467752072351043,0.0014624016207285672,0.011464761783123853
2025-09-20,daily,all subpops,Age 0,new_H,E_to_I_rate=0.5,0.004711681250108642,0.0014786710090114092,0.011241213863450278
2025-09-21,daily,all subpops,Age 0,new_H,E_to_I_rate=0.5,0.004742821812786601,0.0015233452949928877,0.011162889977311574
2025-09-22,daily,all subpops,Age 0,new_H,E_to_I_rate=0.5,0.004855511905208442,0.0015729195974131373,0.011465722280371715
2025-09-23,daily,all subpops,Age 0,new_H,E_to_I_rate=0.5,0.004822147389417517,0.0015996889554203907,0.011608407014022727
2025-09-24,daily,all subpops,Age 0,new_H,E_to_I_rate=0.5,0.004763418049885321,0.0015875767703337107,0.011447707626149382
2025-09-25,daily,all subpops,Age 0,new_H,E_to_I_rate=0.5,0.004674355092724101,0.0015656837978598195,0.011127207801106093
2025-09-26,daily,all subpops,Age 0,new_H,E_to_I_rate=0.5,0.00456617466134622,0.0015566772883106664,0.010865548792961885
2025-09-27,daily,all subpops,Age 0,new_H,E_to_I_rate=0.5,0.004457792376426703,0.0015506778090917884,0.010632765755273934
2025-09-28,daily,all subpops,Age 0,new_H,E_to_I_rate=0.5,0.004416884829113815,0.0015482614002453156,0.010381126322442093
2025-09-29,daily,all subpops,Age 0,new_H,E_to_I_rate=0.5,0.004383095829683832,0.0015418950421240427,0.01020792888686072
2025-09-30,daily,all subpops,Age 0,new_H,E_to_I_rate=0.5,0.004322719590579973,0.0015301879095498102,0.010253496923253426
2025-10-01,daily,all subpops,Age 0,new_H,E_to_I_rate=0.5,0.004279833473575134,0.0015470376375989337,0.010179584859413308
2025-10-02,daily,all subpops,Age 0,new_H,E_to_I_rate=0.5,0.004285080289100917,0.0015315109566853063,0.010190484568183932
2025-10-03,daily,all subpops,Age 0,new_H,E_to_I_rate=0.5,0.0042774561692257435,0.0015288722644441707,0.010281735437353444
2025-10-04,daily,all subpops,Age 0,new_H,E_to_I_rate=0.5,0.00428675400502734,0.001560453564180852,0.010449236115862414
2025-10-05,daily,all subpops,Age 0,new_H,E_to_I_rate=0.5,0.004357808291408156,0.0016137637387474092,0.010716250348003765
2025-10-06,daily,all subpops,Age 0,new_H,E_to_I_rate=0.5,0.004418934657651442,0.001684448759075648,0.010896383974437719
2025-10-07,daily,all subpops,Age 0,new_H,E_to_I_rate=0.5,0.004457374606911714,0.0017099159710221449,0.011244632245437427
2025-10-08,daily,all subpops,Age 0,new_H,E_to_I_rate=0.5,0.004491147818957004,0.0016890639515285244,0.011360330637045701
2025-10-09,daily,all subpops,Age 0,new_H,E_to_I_rate=0.5,0.00453933962373531,0.0016743677203844085,0.011337642325099397
2025-10-10,daily,all subpops,Age 0,new_H,E_to_I_rate=0.5,0.004658637557550926,0.0016977702369849704,0.01158152580098032
2025-10-11,daily,all subpops,Age 0,new_H,E_to_I_rate=0.5,0.004916370271024283,0.0017594754309634396,0.012039535321025923
2025-10-12,daily,all subpops,Age 0,new_H,E_to_I_rate=0.5,0.005140225359552288,0.0018482899487703226,0.012670220515516051
2025-10-13,daily,all subpops,Age 0,new_H,E_to_I_rate=0.5,0.005364177560846653,0.001924492516796217,0.01303040094935671
2025-10-14,daily,all subpops,Age 0,new_H,E_to_I_rate=0.5,0.005517283500629029,0.0019599232695271395,0.013493003730396433
2025-10-15,daily,all subpops,Age 0,new_H,E_to_I_rate=0.5,0.00566560890400618,0.001957394896875088,0.013587745564343659
2025-10-16,daily,all subpops,Age 0,new_H,E_to_I_rate=0.5,0.005749109771248208,0.0019517757298032892,0.013950036664824398
2025-10-17,daily,all subpops,Age 0,new_H,E_to_I_rate=0.5,0.005906752100493195,0.0019735872244070088,0.01421367800142744
2025-10-18,daily,all subpops,Age 0,new_H,E_to_I_rate=0.5,0.006166262885082143,0.002065006416099938,0.01478056679970283
2025-10-19,daily,all subpops,Age 0,new_H,E_to_I_rate=0.5,0.0064166383398085464,0.002180689986844675,0.015275593085704963
2025-10-20,daily,all subpops,Age 0,new_H,E_to_I_rate=0.5,0.006635549317845524,0.002259973500678916,0.015714284940138948
2025-10-21,daily,all subpops,Age 0,new_H,E_to_I_rate=0.5,0.006826396483367853,0.0022700717798197103,0.015915830986062304
2025-10-22,daily,all subpops,Age 0,new_H,E_to_I_rate=0.5,0.0070319451283948255,0.002352231169330099,0.016195143684017033
2025-10-23,daily,all subpops,Age 0,new_H,E_to_I_rate=0.5,0.007205692671842076,0.002396923367418587,0.01640474804386293
2025-10-24,daily,all subpops,Age 0,new_H,E_to_I_rate=0.5,0.007434105858163929,0.002485173661906813,0.016717047871757287
2025-10-25,daily,all subpops,Age 0,new_H,E_to_I_rate=0.5,0.007849810395237196,0.0025955122413140945,0.01719470042175811
2025-10-26,daily,all subpops,Age 0,new_H,E_to_I_rate=0.5,0.008350864015528588,0.002728143790233977,0.01816001369441476
2025-10-27,daily,all subpops,Age 0,new_H,E_to_I_rate=0.5,0.008830375443865486,0.00298161751827726,0.019647984482082295
2025-10-28,daily,all subpops,Age 0,new_H,E_to_I_rate=0.5,0.009311788369689319,0.003057038121482469,0.020419625996387532
2025-10-29,daily,all subpops,Age 0,new_H,E_to_I_rate=0.5,0.009636229117951539,0.0031999894230654224,0.021290777163418338
2025-10-30,daily,all subpops,Age 0,new_H,E_to_I_rate=0.5,0.010001833613908256,0.0033561891884650885,0.022490184022397323
2025-10-31,daily,all subpops,Age 0,new_H,E_to_I_rate=0.5,0.010449619702559509,0.003439200016904349,0.023258667306608232
2025-11-01,daily,all subpops,Age 0,new_H,E_to_I_rate=0.5,0.01096807540923906,0.0034057073510232257,0.02386993291047003
2025-11-02,daily,all subpops,Age 0,new_H,E_to_I_rate=0.5,0.01165768423638603,0.00364187493112716,0.024919808794869172
2025-11-03,daily,all subpops,Age 0,new_H,E_to_I_rate=0.5,0.012353460377733744,0.003905846919544085,0.026419147145890467
2025-11-04,daily,all subpops,Age 0,new_H,E_to_I_rate=0.5,0.013004537847061085,0.004149104604366022,0.027841542708536553
2025-11-05,daily,all subpops,Age 0,new_H,E_to_I_rate=0.5,0.013615834870696104,0.0042516241710245616,0.02887252637855261
2025-11-06,daily,all subpops,Age 0,new_H,E_to_I_rate=0.5,0.014193730159967735,0.0045334849916007424,0.029892791236207278
2025-11-07,daily,all subpops,Age 0,new_H,E_to_I_rate=0.5,0.014985758287833204,0.004892786746494495,0.031464262083320746
2025-11-08,daily,all subpops,Age 0,new_H,E_to_I_rate=0.5,0.01603401217721118,0.0052453061095219045,0.032956444115807226
2025-11-09,daily,all subpops,Age 0,new_H,E_to_I_rate=0.5,0.01721099096038642,0.005632580033107543,0.03430325022032677
2025-11-10,daily,all subpops,Age 0,new_H,E_to_I_rate=0.5,0.01837023676995158,0.006043979544778965,0.035566969678253464
2025-11-11,daily,all subpops,Age 0,new_H,E_to_I_rate=0.5,0.01930634345742316,0.006353201584934319,0.03725539482140497
2025-11-12,daily,all subpops,Age 0,new_H,E_to_I_rate=0.5,0.020400085133749322,0.00673098680743589,0.03929385187972281
2025-11-13,daily,all subpops,Age 0,new_H,E_to_I_rate=0.5,0.021339188657294637,0.007103784746772191,0.04152572045742001
2025-11-14,daily,all subpops,Age 0,new_H,E_to_I_rate=0.5,0.02274894038407893,0.007632069053476878,0.04396745633147754
2025-11-15,daily,all subpops,Age 0,new_H,E_to_I_rate=0.5,0.02429121403158849,0.008260751336167235,0.04619795274656822
2025-11-16,daily,all subpops,Age 0,new_H,E_to_I_rate=0.5,0.026025157083628,0.008816049119715764,0.04973144501404965
2025-11-17,daily,all subpops,Age 0,new_H,E_to_I_rate=0.5,0.027907172758592814,0.00939702661098414,0.052793916735940825
2025-11-18,daily,all subpops,Age 0,new_H,E_to_I_rate=0.5,0.029756219503336373,0.010157790129843584,0.05578148668806869
2025-11-19,daily,all subpops,Age 0,new_H,E_to_I_rate=0.5,0.03185903095696041,0.010938261819798175,0.05917744106742413
2025-11-20,daily,all subpops,Age 0,new_H,E_to_I_rate=0.5,0.03403094952298894,0.011684120638524975,0.06357915225127106
2025-11-21,daily,all subpops,Age 0,new_H,E_to_I_rate=0.5,0.03669626281729749,0.012716573669035645,0.06883220449147881
2025-11-22,daily,all subpops,Age 0,new_H,E_to_I_rate=0.5,0.039756657109053344,0.014077872834882519,0.07418780075460212
2025-11-23,daily,all subpops,Age 0,new_H,E_to_I_rate=0.5,0.043222135061732156,0.01533434410539242,0.08177564075144647
2025-11-24,daily,all subpops,Age 0,new_H,E_to_I_rate=0.5,0.04707417818364947,0.016701515500976163,0.09000200387704427
2025-11-25,daily,all subpops,Age 0,new_H,E_to_I_rate=0.5,0.0505250244618939,0.018307857375201794,0.09700105240248057
2025-11-26,daily,all subpops,Age 0,new_H,E_to_I_rate=0.5,0.053850057065210205,0.020157171875586268,0.10331657157858934
2025-11-27,daily,all subpops,Age 0,new_H,E_to_I_rate=0.5,0.05678500146327847,0.02125860627390441,0.10982389066439065
2025-11-28,daily,all subpops,Age 0,new_H,E_to_I_rate=0.5,0.06077532902593915,0.02267464831915064,0.11927798721327537
2025-11-29,daily,all subpops,Age 0,new_H,E_to_I_rate=0.5,0.06564818280042632,0.024382446002213242,0.12977456261967266
2025-11-30,daily,all subpops,Age 0,new_H,E_to_I_rate=0.5,0.07108998414897091,0.026203405083906124,0.14139844558557474
2025-12-01,daily,all subpops,Age 0,new_H,E_to_I_rate=0.5,0.07536037912944375,0.027832104971556713,0.15011790761215596
2025-12-02,daily,all subpops,Age 0,new_H,E_to_I_rate=0.5,0.07899508540640793,0.029444686609955088,0.15856446860054613
2025-12-03,daily,all subpops,Age 0,new_H,E_to_I_rate=0.5,0.08275541076439444,0.0310585029683805,0.1666427295526498
2025-12-04,daily,all subpops,Age 0,new_H,E_to_I_rate=0.5,0.0876342589570987,0.03295501539337975,0.17493797141748704
2025-12-05,daily,all subpops,Age 0,new_H,E_to_I_rate=0.5,0.09445804162324148,0.03545419360890945,0.1886108894794708
2025-12-06,daily,all subpops,Age 0,new_H,E_to_I_rate=0.5,0.10372384841845486,0.0388897509184031,0.20880612239048774
2025-12-07,daily,all subpops,Age 0,new_H,E_to_I_rate=0.5,0.1151350210558805,0.04336517443056431,0.23255678904834134
2025-12-08,daily,all subpops,Age 0,new_H,E_to_I_rate=0.5,0.1273203876449352,0.04831515929085069,0.2583042362419442
2025-12-09,daily,all subpops,Age 0,new_H,E_to_I_rate=0.5,0.13970082684155102,0.05271431100847392,0.2839628953010347
2025-12-10,daily,all subpops,Age 0,new_H,E_to_I_rate=0.5,0.15302619225987724,0.057307023953825066,0.3106534742169144
2025-12-11,daily,all subpops,Age 0,new_H,E_to_I_rate=0.5,0.16719247007189147,0.06286136742637276,0.3386969825287937
2025-12-12,daily,all subpops,Age 0,new_H,E_to_I_rate=0.5,0.18465318441129766,0.06969665103968815,0.37377508290158573
2025-12-13,daily,all subpops,Age 0,new_H,E_to_I_rate=0.5,0.20589151811290785,0.07833408715126212,0.4206597085737073
2025-12-14,daily,all subpops,Age 0,new_H,E_to_I_rate=0.5,0.2309232205033514,0.08833439684867483,0.47659103403361075
2025-12-15,daily,all subpops,Age 0,new_H,E_to_I_rate=0.5,0.2576297760473406,0.09836769306892319,0.5359092910510833
2025-12-16,daily,all subpops,Age 0,new_H,E_to_I_rate=0.5,0.28504029993848173,0.10924822337330131,0.5950382129990733
2025-12-17,daily,all subpops,Age 0,new_H,E_to_I_rate=0.5,0.31293991435796287,0.11998033225182092,0.652970888149604
2025-12-18,daily,all subpops,Age 0,new_H,E_to_I_rate=0.5,0.34159117132623174,0.13166857357262365,0.7122474717787046
2025-12-19,daily,all subpops,Age 0,new_H,E_to_I_rate=0.5,0.37309548695021,0.14357489929282644,0.774948246860313
2025-12-20,daily,all subpops,Age 0,new_H,E_to_I_rate=0.5,0.41128396497677594,0.1583325236988473,0.8435565856260313
2025-12-21,daily,all subpops,Age 0,new_H,E_to_I_rate=0.5,0.458129490512189,0.17725018244804608,0.9298409334350569
2025-12-22,daily,all subpops,Age 0,new_H,E_to_I_rate=0.5,0.5088639634060295,0.19837283490041285,1.0315596969741425
2025-12-23,daily,all subpops,Age 0,new_H,E_to_I_rate=0.5,0.561405747168904,0.21964747141904614,1.12816167286182
2025-12-24,daily,all subpops,Age 0,new_H,E_to_I_rate=0.5,0.6053020756087362,0.2374352463981602,1.2068570764986615
2025-12-25,daily,all subpops,Age 0,new_H,E_to_I_rate=0.5,0.6391358842306178,0.25179694510588224,1.273310093916322
2025-12-26,daily,all subpops,Age 0,new_H,E_to_I_rate=0.5,0.671542334022897,0.2640630991703555,1.3292263356495992
2025-12-27,daily,all subpops,Age 0,new_H,E_to_I_rate=0.5,0.6980526831015188,0.2721254616796935,1.3684244735726032
2025-12-28,daily,all subpops,Age 0,new_H,E_to_I_rate=0.5,0.7176261841711786,0.2774279038593974,1.3879156735686735
2025-12-29,daily,all subpops,Age 0,new_H,E_to_I_rate=0.5,0.7241749323001854,0.27965822981773475,1.4056440747381207
2025-12-30,daily,all subpops,Age 0,new_H,E_to_I_rate=0.5,0.7188715377599005,0.2766566168822636,1.3990709617642265
2025-12-31,daily,all subpops,Age 0,new_H,E_to_I_rate=0.5,0.705973067125722,0.27074995517701406,1.3725767087857301
2026-01-01,daily,all subpops,Age 0,new_H,E_to_I_rate=0.5,0.6886595417741908,0.26337910919183255,1.3382914473033218
2026-01-02,daily,all subpops,Age 0,new_H,E_to_I_rate=0.5,0.6712693113594179,0.25676182199559267,1.2988059391509352
2026-01-03,daily,all subpops,Age 0,new_H,E_to_I_rate=0.5,0.6483492971605018,0.2498657617296065,1.2545864271326321
2026-01-04,daily,all subpops,Age 0,new_H,E_to_I_rate=0.5,0.6214001831981191,0.2412604197184865,1.2036530059041195
2026-01-05,daily,all subpops,Age 0,new_H,E_to_I_rate=0.5,0.5906713988325645,0.22694706121970115,1.1443890257697875
2026-01-06,daily,all subpops,Age 0,new_H,E_to_I_rate=0.5,0.5561536627416797,0.2131604449847071,1.0797633379932308
2026-01-07,daily,all subpops,Age 0,new_H,E_to_I_rate=0.5,0.5198142253566951,0.20180465267057723,1.0085538856472065
2026-01-08,daily,all subpops,Age 0,new_H,E_to_I_rate=0.5,0.48394861398355354,0.19006147426721876,0.9356071688039885
2026-01-09,daily,all subpops,Age 0,new_H,E_to_I_rate=0.5,0.4479302882279273,0.1759659140232807,0.8665226494356277
2026-01-10,daily,all subpops,Age 0,new_H,E_to_I_rate=0.5,0.41806842291432184,0.1633224595062217,0.8099739417776514
2026-01-11,daily,all subpops,Age 0,new_H,E_to_I_rate=0.5,0.39059251956203644,0.1521057909633803,0.7539759079097872
2026-01-12,daily,all subpops,Age 0,new_H,E_to_I_rate=0.5,0.36375132132185084,0.1417837560106355,0.7075017549979177
2026-01-13,daily,all subpops,Age 0,new_H,E_to_I_rate=0.5,0.3390622609677111,0.13201980200900332,0.6590339899873954
2026-01-14,daily,all subpops,Age 0,new_H,E_to_I_rate=0.5,0.31679692005648624,0.12248756559813194,0.6120067638950584
2026-01-15,daily,all subpops,Age 0,new_H,E_to_I_rate=0.5,0.29473173807737785,0.11360569024508368,0.5653750820177732
2026-01-16,daily,all subpops,Age 0,new_H,E_to_I_rate=0.5,0.27233576314969066,0.10515585891117346,0.52171743238919
2026-01-17,daily,all subpops,Age 0,new_H,E_to_I_rate=0.5,0.2524114250292871,0.09766711969133064,0.48527784465232127
2026-01-18,daily,all subpops,Age 0,new_H,E_to_I_rate=0.5,0.23388199094101908,0.0906171264945477,0.45359537940202965
2026-01-19,daily,all subpops,Age 0,new_H,E_to_I_rate=0.5,0.21653230677648116,0.08324311097792006,0.422206764912352
2026-01-20,daily,all subpops,Age 0,new_H,E_to_I_rate=0.5,0.19957324591250672,0.07623337989141342,0.3893699541335247
2026-01-21,daily,all subpops,Age 0,new_H,E_to_I_rate=0.5,0.183594981171871,0.07027830187033575,0.3583811382883311
2026-01-22,daily,all subpops,Age 0,new_H,E_to_I_rate=0.5,0.16845694952451815,0.06496064270713504,0.32965315299498466
2026-01-23,daily,all subpops,Age 0,new_H,E_to_I_rate=0.5,0.1546591823008372,0.05996685390004601,0.3038671711190797
2026-01-24,daily,all subpops,Age 0,new_H,E_to_I_rate=0.5,0.14282172471554505,0.055649844923431634,0.2810410879602537
2026-01-25,daily,all subpops,Age 0,new_H,E_to_I_rate=0.5,0.1326499644268347,0.05209917668235041,0.2627808848225814
2026-01-26,daily,all subpops,Age 0,new_H,E_to_I_rate=0.5,0.12412792909653783,0.04892134331807806,0.24569982937908397
2026-01-27,daily,all subpops,Age 0,new_H,E_to_I_rate=0.5,0.11611159132818519,0.045687788737219584,0.22932189273127299
2026-01-28,daily,all subpops,Age 0,new_H,E_to_I_rate=0.5,0.10812775457250656,0.042259050317300324,0.2136682437651481
2026-01-29,daily,all subpops,Age 0,new_H,E_to_I_rate=0.5,0.10173522164313782,0.039210642476710404,0.19908194821110528
2026-01-30,daily,all subpops,Age 0,new_H,E_to_I_rate=0.5,0.0960673435319513,0.03663000079867225,0.18641626798496924
2026-01-31,daily,all subpops,Age 0,new_H,E_to_I_rate=0.5,0.09175338161803376,0.03532325398617111,0.1787646686341756
2026-02-01,daily,all subpops,Age 0,new_H,E_to_I_rate=0.5,0.08787545045722316,0.034061365295207605,0.16897339258683394
2026-02-02,daily,all subpops,Age 0,new_H,E_to_I_rate=0.5,0.08429640121851553,0.03292853037138672,0.16103498636648472
2026-02-03,daily,all subpops,Age 0,new_H,E_to_I_rate=0.5,0.08032319638505903,0.031986190452208414,0.15501754536536774
2026-02-04,daily,all subpops,Age 0,new_H,E_to_I_rate=0.5,0.07712055566851372,0.030525287833633695,0.15027996211351302
2026-02-05,daily,all subpops,Age 0,new_H,E_to_I_rate=0.5,0.0740446443257633,0.029171582043953627,0.14452078645067468
2026-02-06,daily,all subpops,Age 0,new_H,E_to_I_rate=0.5,0.07119723632387182,0.027920720078952105,0.13958754147327546
2026-02-07,daily,all subpops,Age 0,new_H,E_to_I_rate=0.5,0.06862100238072688,0.026968947567365068,0.13634080371978902
2026-02-08,daily,all subpops,Age 0,new_H,E_to_I_rate=0.5,0.0668580897813787,0.02637933446833732,0.13325455523900837
2026-02-09,daily,all subpops,Age 0,new_H,E_to_I_rate=0.5,0.06540169158497597,0.025738764444746633,0.13136263266443762
2026-02-10,daily,all subpops,Age 0,new_H,E_to_I_rate=0.5,0.06383898840080195,0.025118507583520695,0.12761053453992116
2026-02-11,daily,all subpops,Age 0,new_H,E_to_I_rate=0.5,0.062187033390554494,0.024454269045413417,0.1233340828231566
2026-02-12,daily,all subpops,Age 0,new_H,E_to_I_rate=0.5,0.059946170929203735,0.02381893342936804,0.11929977635136645
2026-02-13,daily,all subpops,Age 0,new_H,E_to_I_rate=0.5,0.05819129202370496,0.02336317799261046,0.11537389670366922
2026-02-14,daily,all subpops,Age 0,new_H,E_to_I_rate=0.5,0.056856403204120054,0.02316496335775528,0.11167946752767911
2026-02-15,daily,all subpops,Age 0,new_H,E_to_I_rate=0.5,0.055951550440329394,0.023177503155063707,0.10779364415560742
2026-02-16,daily,all subpops,Age 0,new_H,E_to_I_rate=0.5,0.055179947544627087,0.022962492639088665,0.1049446210979317
2026-02-17,daily,all subpops,Age 0,new_H,E_to_I_rate=0.5,0.054567580632322005,0.022444048176226857,0.10426001830220212
2026-02-18,daily,all subpops,Age 0,new_H,E_to_I_rate=0.5,0.05341970971839403,0.02180565040693994,0.10315525596753651
2026-02-19,daily,all subpops,Age 0,new_H,E_to_I_rate=0.5,0.051819020605993596,0.021010535139791203,0.10030698916429434
2026-02-20,daily,all subpops,Age 0,new_H,E_to_I_rate=0.5,0.04988638746943208,0.020067998960022853,0.09745033820707742
2026-02-21,daily,all subpops,Age 0,new_H,E_to_I_rate=0.5,0.048015543832493936,0.019340103649760982,0.09332826764381111
2026-02-22,daily,all subpops,Age 0,new_H,E_to_I_rate=0.5,0.04586696027175316,0.018480106980072863,0.08998127371211842
2026-02-23,daily,all subpops,Age 0,new_H,E_to_I_rate=0.5,0.043954759174640985,0.01745718544795237,0.08651521356527027
2026-02-24,daily,all subpops,Age 0,new_H,E_to_I_rate=0.5,0.042120627613965386,0.016730421337127314,0.08322878699175383
2026-02-25,daily,all subpops,Age 0,new_H,E_to_I_rate=0.5,0.04010460486635808,0.016142579651311672,0.07958159090277359
2026-02-26,daily,all subpops,Age 0,new_H,E_to_I_rate=0.5,0.03833732461927081,0.015595715745413094,0.07573131419842499
2026-02-27,daily,all subpops,Age 0,new_H,E_to_I_rate=0.5,0.03680742669205619,0.015141442806973325,0.07344725507023159
2026-02-28,daily,all subpops,Age 0,new_H,E_to_I_rate=0.5,0.035547572244532546,0.014568849558558389,0.07191738788449382
2026-03-01,daily,all subpops,Age 0,new_H,E_to_I_rate=0.5,0.03472452801939944,0.013918688223150594,0.07013059672819642
2026-03-02,daily,all subpops,Age 0,new_H,E_to_I_rate=0.5,0.03400245152675061,0.013678505486338454,0.06795227098680878
2026-03-03,daily,all subpops,Age 0,new_H,E_to_I_rate=0.5,0.03314747535992735,0.013360491596148157,0.06584317746289425
2026-03-04,daily,all subpops,Age 0,new_H,E_to_I_rate=0.5,0.03220927626868327,0.01319153320566579,0.06413311307730218
2026-03-05,daily,all subpops,Age 0,new_H,E_to_I_rate=0.5,0.03126639555139689,0.012556611026948489,0.06295087006436016
2026-03-06,daily,all subpops,Age 0,new_H,E_to_I_rate=0.5,0.03026003921211183,0.01214029045792919,0.06129049339713733
2026-03-07,daily,all subpops,Age 0,new_H,E_to_I_rate=0.5,0.029728918664283496,0.011862912672571332,0.06061490736197338
2026-03-08,daily,all subpops,Age 0,new_H,E_to_I_rate=0.5,0.0289789971155743,0.011476304484449664,0.05929330920625512
2026-03-09,daily,all subpops,Age 0,new_H,E_to_I_rate=0.5,0.028250315255624985,0.011107661794590861,0.05747552863800303
2026-03-10,daily,all subpops,Age 0,new_H,E_to_I_rate=0.5,0.027420161143497625,0.010736388546744838,0.05544862928628274
2026-03-11,daily,all subpops,Age 0,new_H,E_to_I_rate=0.5,0.02642628017322666,0.010355586001386769,0.053184306985613806
2026-03-12,daily,all subpops,Age 0,new_H,E_to_I_rate=0.5,0.02553946754782036,0.009987407847655665,0.051036523783256196
2026-03-13,daily,all subpops,Age 0,new_H,E_to_I_rate=0.5,0.024783710651614235,0.009707849139901126,0.04935557321951288
2026-03-14,daily,all subpops,Age 0,new_H,E_to_I_rate=0.5,0.02427306548588177,0.009576216952207495,0.04885386723014942
2026-03-15,daily,all subpops,Age 0,new_H,E_to_I_rate=0.5,0.02374817962290262,0.009270406730357367,0.04785320352186578
2026-03-16,daily,all subpops,Age 0,new_H,E_to_I_rate=0.5,0.023418605646445288,0.009257739863532887,0.04704299573817653
2026-03-17,daily,all subpops,Age 0,new_H,E_to_I_rate=0.5,0.022776403042708143,0.009147504192822132,0.045640823041801816
2026-03-18,daily,all subpops,Age 0,new_H,E_to_I_rate=0.5,0.02217638790955718,0.008857898752254319,0.04448010151864583
2026-03-19,daily,all subpops,Age 0,new_H,E_to_I_rate=0.5,0.021794014101546293,0.008664794517585348,0.04371979879783974
2026-03-20,daily,all subpops,Age 0,new_H,E_to_I_rate=0.5,0.021623649969050723,0.008670812415464755,0.04308911898060722
2026-03-21,daily,all subpops,Age 0,new_H,E_to_I_rate=0.5,0.02142406019348842,0.008683948113657742,0.042273567246543076
2026-03-22,daily,all subpops,Age 0,new_H,E_to_I_rate=0.5,0.02121705782973067,0.00871739264402917,0.04199381613005926
2026-03-23,daily,all subpops,Age 0,new_H,E_to_I_rate=0.5,0.020892807706818936,0.008552068948301262,0.0412940368496562
2026-03-24,daily,all subpops,Age 0,new_H,E_to_I_rate=0.5,0.020572319481217377,0.008388416119213555,0.04082325713547936
2026-03-25,daily,all subpops,Age 0,new_H,E_to_I_rate=0.5,0.02023738826297807,0.008231013764014593,0.0406111297672368
2026-03-26,daily,all subpops,Age 0,new_H,E_to_I_rate=0.5,0.01992313220848175,0.008041784474777762,0.039809423720942504
2026-03-27,daily,all subpops,Age 0,new_H,E_to_I_rate=0.5,0.019574563381547005,0.007837360396113078,0.039378045220578424
2026-03-28,daily,all subpops,Age 0,new_H,E_to_I_rate=0.5,0.01947226393807258,0.007681504078517027,0.039272019554867296
2026-03-29,daily,all subpops,Age 0,new_H,E_to_I_rate=0.5,0.019648062793900873,0.007611173103085777,0.03982727273872816
2026-03-30,daily,all subpops,Age 0,new_H,E_to_I_rate=0.5,0.01998194989439268,0.007537967174157173,0.040286179888688954
2026-03-31,daily,all subpops,Age 0,new_H,E_to_I_rate=0.5,0.01979543694655184,0.00736946016035924,0.039778785336705855
2026-04-01,daily,all subpops,Age 0,new_H,E_to_I_rate=0.5,0.019330805493528225,0.007137103592844002,0.03908315266562873
2026-04-02,daily,all subpops,Age 0,new_H,E_to_I_rate=0.5,0.018879394812256207,0.006935201438998253,0.03816153484201377
2026-04-03,daily,all subpops,Age 0,new_H,E_to_I_rate=0.5,0.018460551816463132,0.006766176401338168,0.03833511556283243
2026-04-04,daily,all subpops,Age 0,new_H,E_to_I_rate=0.5,0.018119942533854565,0.0065945516907827606,0.03738327350234455
2026-04-05,daily,all subpops,Age 0,new_H,E_to_I_rate=0.5,0.017810323689476416,0.006482038776394169,0.03656972287890105
2026-04-06,daily,all subpops,Age 0,new_H,E_to_I_rate=0.5,0.017431788658058257,0.006299027332185747,0.03653739062274524
2026-04-07,daily,all subpops,Age 0,new_H,E_to_I_rate=0.5,0.01729319650436383,0.006076895720803366,0.03583117065440592
2026-04-08,daily,all subpops,Age 0,new_H,E_to_I_rate=0.5,0.01690673076303131,0.005907034812172236,0.03488438679951967
2026-04-09,daily,all subpops,Age 0,new_H,E_to_I_rate=0.5,0.016618556120497504,0.005895665268466491,0.034792658028697104
2026-04-10,daily,all subpops,Age 0,new_H,E_to_I_rate=0.5,0.016381499836394454,0.005854103276428005,0.034561242816591994
2026-04-11,daily,all subpops,Age 0,new_H,E_to_I_rate=0.5,0.01615674636021069,0.0058686107803864575,0.034094837949011136
2026-04-12,daily,all subpops,Age 0,new_H,E_to_I_rate=0.5,0.01603409147000418,0.005901268605751631,0.03364916161402885
2026-04-13,daily,all subpops,Age 0,new_H,E_to_I_rate=0.5,0.015910528242306415,0.005890946807701105,0.03377559927849625
2026-04-14,daily,all subpops,Age 0,new_H,E_to_I_rate=0.5,0.0155614679122387,0.005864841071685181,0.03329890157963204
2026-04-15,daily,all subpops,Age 0,new_H,E_to_I_rate=0.5,0.014960552616803138,0.0057418014048027,0.03233204361709446
2026-04-16,daily,all subpops,Age 0,new_H,E_to_I_rate=0.5,0.014401935621959058,0.005505187685958762,0.03133901584206297
2026-04-17,daily,all subpops,Age 0,new_H,E_to_I_rate=0.5,0.013834619473900342,0.005290252831932034,0.029990926612148982
2026-04-18,daily,all subpops,Age 0,new_H,E_to_I_rate=0.5,0.013377765146688068,0.005107574583049135,0.028988977555197942
2026-04-19,daily,all subpops,Age 0,new_H,E_to_I_rate=0.5,0.013099826573092062,0.004941972121150701,0.028238263001449417
2026-04-20,daily,all subpops,Age 0,new_H,E_to_I_rate=0.5,0.012816148235592791,0.004817876594221819,0.027791342391455035
2026-04-21,daily,all subpops,Age 0,new_H,E_to_I_rate=0.5,0.012603261451622758,0.004718547160039849,0.027547063983447518
2026-04-22,daily,all subpops,Age 0,new_H,E_to_I_rate=0.5,0.012357259749989058,0.0046256573868514355,0.0273706304746655
2026-04-23,daily,all subpops,Age 0,new_H,E_to_I_rate=0.5,0.011935403663670675,0.004515561210753914,0.026973934718621407
2026-04-24,daily,all subpops,Age 0,new_H,E_to_I_rate=0.5,0.011559216471118489,0.004393340626508472,0.02643690273452815
2026-04-25,daily,all subpops,Age 0,new_H,E_to_I_rate=0.5,0.011164939440163961,0.00429194433630278,0.025707259036393103
2026-04-26,daily,all subpops,Age 0,new_H,E_to_I_rate=0.5,0.010865925248624071,0.004217541516253906,0.02478076240613469
2026-04-27,daily,all subpops,Age 0,new_H,E_to_I_rate=0.5,0.010374046915407612,0.004067583976030659,0.023875568517504355
2026-04-28,daily,all subpops,Age 0,new_H,E_to_I_rate=0.5,0.009910752313125866,0.003842160549470274,0.023170223180509597
2026-04-29,daily,all subpops,Age 0,new_H,E_to_I_rate=0.5,0.009360535229399034,0.003609746948164077,0.02211670323828857
2026-04-30,daily,all subpops,Age 0,new_H,E_to_I_rate=0.5,0.008870569758598169,0.0034009173488185203,0.02146140914753826
2026-05-01,daily,all subpops,Age 0,new_H,E_to_I_rate=0.5,0.00845365592151857,0.0032099175727857035,0.02060218630880001
2026-05-02,daily,all subpops,Age 0,new_H,E_to_I_rate=0.5,0.008155005277229944,0.003043875595052318,0.02035324955087518
2026-05-03,daily,all subpops,Age 0,new_H,E_to_I_rate=0.5,0.008019798948807073,0.003026499509708781,0.020390610793280792
2026-05-04,daily,all subpops,Age 0,new_H,E_to_I_rate=0.5,0.007963408623147167,0.0030692848897153095,0.02038692533581426
2026-05-05,daily,all subpops,Age 0,new_H,E_to_I_rate=0.5,0.007926070112471647,0.0031135933117833166,0.020772910999888924
2026-05-06,daily,all subpops,Age 0,new_H,E_to_I_rate=0.5,0.007870709712116265,0.0030523112095701163,0.02108369828194195
2026-05-07,daily,all subpops,Age 0,new_H,E_to_I_rate=0.5,0.00786275419128012,0.0029105064795128775,0.02155488360359408
2026-05-08,daily,all subpops,Age 0,new_H,E_to_I_rate=0.5,0.007867302175800187,0.002769035157919182,0.022284168658878452
2025-09-01,cumulative,all subpops,Age 0,new_H,E_to_I_rate=0.5,0.0019160387078064852,0.0005596194105198302,0.005549880436982622
2025-09-02,cumulative,all subpops,Age 0,new_H,E_to_I_rate=0.5,0.006522514335644799,0.0019095333376411019,0.018881883863122933
2025-09-03,cumulative,all subpops,Age 0,new_H,E_to_I_rate=0.5,0.012127013271718376,0.003565151892702334,0.03505694937694062
2025-09-04,cumulative,all subpops,Age 0,new_H,E_to_I_rate=0.5,0.017960573602442756,0.005319096930578847,0.05189177438646184
2025-09-05,cumulative,all subpops,Age 0,new_H,E_to_I_rate=0.5,0.02376049559666815,0.00706566930087633,0.06848910349988784
2025-09-06,cumulative,all subpops,Age 0,new_H,E_to_I_rate=0.5,0.029432846751173004,0.008723808990121467,0.08438029502146609
2025-09-07,cumulative,all subpops,Age 0,new_H,E_to_I_rate=0.5,0.034905420466227036,0.010380529501746494,0.09938077157451342
2025-09-08,cumulative,all subpops,Age 0,new_H,E_to_I_rate=0.5,0.04024809819897036,0.011944919445137677,0.11365147239386411
2025-09-09,cumulative,all subpops,Age 0,new_H,E_to_I_rate=0.5,0.04540239690600874,0.013410344305647122,0.12799036112749201
2025-09-10,cumulative,all subpops,Age 0,new_H,E_to_I_rate=0.5,0.05054456480942302,0.015035017219366151,0.14322645805416284
2025-09-11,cumulative,all subpops,Age 0,new_H,E_to_I_rate=0.5,0.05551660188343001,0.016512399125065715,0.1566811735943227
2025-09-12,cumulative,all subpops,Age 0,new_H,E_to_I_rate=0.5,0.060377576779527126,0.017992200992726005,0.16944842435619592
2025-09-13,cumulative,all subpops,Age 0,new_H,E_to_I_rate=0.5,0.0653146583498613,0.01948707747336266,0.18077519078167298
2025-09-14,cumulative,all subpops,Age 0,new_H,E_to_I_rate=0.5,0.0704300323506643,0.021008817456734368,0.19098931734444602
2025-09-15,cumulative,all subpops,Age 0,new_H,E_to_I_rate=0.5,0.0753548984775917,0.02242801609696034,0.200712337599427
2025-09-16,cumulative,all subpops,Age 0,new_H,E_to_I_rate=0.5,0.08021896960986408,0.02413314462348896,0.20993490367218876
2025-09-17,cumulative,all subpops,Age 0,new_H,E_to_I_rate=0.5,0.08485663031381196,0.025721779073940895,0.2197920385176832
2025-09-18,cumulative,all subpops,Age 0,new_H,E_to_I_rate=0.5,0.0898738371889291,0.027321204940442757,0.22812454838080182
2025-09-19,cumulative,all subpops,Age 0,new_H,E_to_I_rate=0.5,0.09447188801135388,0.028930389433494318,0.23863120839091603
2025-09-20,cumulative,all subpops,Age 0,new_H,E_to_I_rate=0.5,0.09908363038379912,0.030557183765370182,0.2508547077691086
2025-09-21,cumulative,all subpops,Age 0,new_H,E_to_I_rate=0.5,0.10386866513582327,0.03221841679577637,0.263332994149571
2025-09-22,cumulative,all subpops,Age 0,new_H,E_to_I_rate=0.5,0.10923410330908018,0.03390929227774552,0.27614404840540646
2025-09-23,cumulative,all subpops,Age 0,new_H,E_to_I_rate=0.5,0.11444415424070056,0.035604246545285156,0.28889676684777166
2025-09-24,cumulative,all subpops,Age 0,new_H,E_to_I_rate=0.5,0.11947562854795835,0.0372814690396137,0.3006772047140911
2025-09-25,cumulative,all subpops,Age 0,new_H,E_to_I_rate=0.5,0.12398852472936174,0.038937234339384875,0.31244596095537697
2025-09-26,cumulative,all subpops,Age 0,new_H,E_to_I_rate=0.5,0.129176421434781,0.04055299449809829,0.3242067538014512
2025-09-27,cumulative,all subpops,Age 0,new_H,E_to_I_rate=0.5,0.1341591513221258,0.042127686414941634,0.3360481496781456
2025-09-28,cumulative,all subpops,Age 0,new_H,E_to_I_rate=0.5,0.138785500093917,0.04366457453304589,0.34805373412687096
2025-09-29,cumulative,all subpops,Age 0,new_H,E_to_I_rate=0.5,0.14290041528072356,0.04516016885575083,0.35995769618425055
2025-09-30,cumulative,all subpops,Age 0,new_H,E_to_I_rate=0.5,0.14722263371226443,0.04693570961427209,0.368174120533055
2025-10-01,cumulative,all subpops,Age 0,new_H,E_to_I_rate=0.5,0.1522180909563855,0.04889616545378927,0.37608105992788604
2025-10-02,cumulative,all subpops,Age 0,new_H,E_to_I_rate=0.5,0.15696138654635378,0.05076455212976152,0.3838505804410878
2025-10-03,cumulative,all subpops,Age 0,new_H,E_to_I_rate=0.5,0.16120586351447666,0.05283444052920307,0.3915657300743463
2025-10-04,cumulative,all subpops,Age 0,new_H,E_to_I_rate=0.5,0.1656565998320611,0.054363640088631385,0.40084343041632725
2025-10-05,cumulative,all subpops,Age 0,new_H,E_to_I_rate=0.5,0.17069170520961802,0.05590185017922584,0.4118601007002341
2025-10-06,cumulative,all subpops,Age 0,new_H,E_to_I_rate=0.5,0.17592999354390476,0.05770143374356205,0.4204189577405468
2025-10-07,cumulative,all subpops,Age 0,new_H,E_to_I_rate=0.5,0.1812897286807435,0.06035862739093308,0.42900916904706493
2025-10-08,cumulative,all subpops,Age 0,new_H,E_to_I_rate=0.5,0.18637677051055102,0.06291458836566201,0.43758903957030776
2025-10-09,cumulative,all subpops,Age 0,new_H,E_to_I_rate=0.5,0.19116063106978376,0.06423913892453656,0.446479927117037
2025-10-10,cumulative,all subpops,Age 0,new_H,E_to_I_rate=0.5,0.19571991535040478,0.066468905133872,0.45745987999978294
2025-10-11,cumulative,all subpops,Age 0,new_H,E_to_I_rate=0.5,0.19997193416708803,0.0688524905890681,0.46876289040131497
2025-10-12,cumulative,all subpops,Age 0,new_H,E_to_I_rate=0.5,0.20630384934544546,0.070443109622887,0.4800934307561848
2025-10-13,cumulative,all subpops,Age 0,new_H,E_to_I_rate=0.5,0.21294180312883182,0.07208800764048151,0.4913997685378852
2025-10-14,cumulative,all subpops,Age 0,new_H,E_to_I_rate=0.5,0.2180573129511291,0.07392127168869575,0.5033029846926408
2025-10-15,cumulative,all subpops,Age 0,new_H,E_to_I_rate=0.5,0.22365802112947977,0.07618036361608103,0.5171826237542172
2025-10-16,cumulative,all subpops,Age 0,new_H,E_to_I_rate=0.5,0.2295598042750071,0.07848174537161412,0.5302260794677307
2025-10-17,cumulative,all subpops,Age 0,new_H,E_to_I_rate=0.5,0.23502634178956341,0.08084906993081421,0.5433069793677322
2025-10-18,cumulative,all subpops,Age 0,new_H,E_to_I_rate=0.5,0.24137663194922462,0.0833109180959408,0.5565944443951385
2025-10-19,cumulative,all subpops,Age 0,new_H,E_to_I_rate=0.5,0.24673231166940834,0.08589156034569102,0.5701547685667769
2025-10-20,cumulative,all subpops,Age 0,new_H,E_to_I_rate=0.5,0.2524419081700764,0.08860928913036023,0.5839372193473988
2025-10-21,cumulative,all subpops,Age 0,new_H,E_to_I_rate=0.5,0.2579654071151193,0.09145274004685215,0.5991145414038841
2025-10-22,cumulative,all subpops,Age 0,new_H,E_to_I_rate=0.5,0.26434304409850173,0.09440092273136448,0.6164517942721293
2025-10-23,cumulative,all subpops,Age 0,new_H,E_to_I_rate=0.5,0.2724309247712835,0.09747480320949688,0.6319762315700899
2025-10-24,cumulative,all subpops,Age 0,new_H,E_to_I_rate=0.5,0.28148282922410783,0.10071974784738591,0.647908842033204
2025-10-25,cumulative,all subpops,Age 0,new_H,E_to_I_rate=0.5,0.2891961092574626,0.1041951883952836,0.6640537834712856
2025-10-26,cumulative,all subpops,Age 0,new_H,E_to_I_rate=0.5,0.2968442942262501,0.10793930706010561,0.6788182794097647
2025-10-27,cumulative,all subpops,Age 0,new_H,E_to_I_rate=0.5,0.30454007741084915,0.11116991744885539,0.6931961872887802
2025-10-28,cumulative,all subpops,Age 0,new_H,E_to_I_rate=0.5,0.3131780663282507,0.11473213979576172,0.7086190564616496
2025-10-29,cumulative,all subpops,Age 0,new_H,E_to_I_rate=0.5,0.3223653587817577,0.11862444710322147,0.7272018422545043
2025-10-30,cumulative,all subpops,Age 0,new_H,E_to_I_rate=0.5,0.33214033658532693,0.1233218070191336,0.74981965754282
2025-10-31,cumulative,all subpops,Age 0,new_H,E_to_I_rate=0.5,0.341431891828585,0.12768229971293657,0.7707694392181972
2025-11-01,cumulative,all subpops,Age 0,new_H,E_to_I_rate=0.5,0.3507129647003533,0.13243543864376492,0.7879061856736328
2025-11-02,cumulative,all subpops,Age 0,new_H,E_to_I_rate=0.5,0.3633492914134272,0.13766011152641833,0.8080930446816463
2025-11-03,cumulative,all subpops,Age 0,new_H,E_to_I_rate=0.5,0.3746772428082467,0.14333008053574112,0.8324390819871945
2025-11-04,cumulative,all subpops,Age 0,new_H,E_to_I_rate=0.5,0.3894804977788294,0.148636252168044,0.8605909348259551
2025-11-05,cumulative,all subpops,Age 0,new_H,E_to_I_rate=0.5,0.4036728317012204,0.15301050584199857,0.8913328112786766
2025-11-06,cumulative,all subpops,Age 0,new_H,E_to_I_rate=0.5,0.41852503077205894,0.15765261050882692,0.9245793226978971
2025-11-07,cumulative,all subpops,Age 0,new_H,E_to_I_rate=0.5,0.4352032623838894,0.16270441449440481,0.9511101744460841
2025-11-08,cumulative,all subpops,Age 0,new_H,E_to_I_rate=0.5,0.4526663432386857,0.16835380944828732,0.9828414281492288
2025-11-09,cumulative,all subpops,Age 0,new_H,E_to_I_rate=0.5,0.4703919150058732,0.17706435062098394,1.0146233340787247
2025-11-10,cumulative,all subpops,Age 0,new_H,E_to_I_rate=0.5,0.4891430978155398,0.1864147209183036,1.0479606181723828
2025-11-11,cumulative,all subpops,Age 0,new_H,E_to_I_rate=0.5,0.5101513837883893,0.1933239530390698,1.0827265283393703
2025-11-12,cumulative,all subpops,Age 0,new_H,E_to_I_rate=0.5,0.5284233289084344,0.20179873735871828,1.118973433598384
2025-11-13,cumulative,all subpops,Age 0,new_H,E_to_I_rate=0.5,0.5505402279103394,0.21087488433854737,1.1568060082613858
2025-11-14,cumulative,all subpops,Age 0,new_H,E_to_I_rate=0.5,0.57514049111967,0.21776260191278676,1.1964409187330094
2025-11-15,cumulative,all subpops,Age 0,new_H,E_to_I_rate=0.5,0.6003641034780569,0.22546642310898804,1.238351935614567
2025-11-16,cumulative,all subpops,Age 0,new_H,E_to_I_rate=0.5,0.6256091477282836,0.23402795489631426,1.2829301529695558
2025-11-17,cumulative,all subpops,Age 0,new_H,E_to_I_rate=0.5,0.6529235138790047,0.2434746983581458,1.3396963359336573
2025-11-18,cumulative,all subpops,Age 0,new_H,E_to_I_rate=0.5,0.6860274592928932,0.25381376775386205,1.3938356910542535
2025-11-19,cumulative,all subpops,Age 0,new_H,E_to_I_rate=0.5,0.7140649097026134,0.265778597247901,1.450241008247321
2025-11-20,cumulative,all subpops,Age 0,new_H,E_to_I_rate=0.5,0.7471715262796392,0.2789838288048648,1.510582103931554
2025-11-21,cumulative,all subpops,Age 0,new_H,E_to_I_rate=0.5,0.7838988893023928,0.2906859714684263,1.5741394299262657
2025-11-22,cumulative,all subpops,Age 0,new_H,E_to_I_rate=0.5,0.8267283426541199,0.3054918307573247,1.6372511697323748
2025-11-23,cumulative,all subpops,Age 0,new_H,E_to_I_rate=0.5,0.8708110344029949,0.32005887615495354,1.7161973141242173
2025-11-24,cumulative,all subpops,Age 0,new_H,E_to_I_rate=0.5,0.9149981656166821,0.3355391756838215,1.8052315780347274
2025-11-25,cumulative,all subpops,Age 0,new_H,E_to_I_rate=0.5,0.9653494288624145,0.3523661503261542,1.904077928253165
2025-11-26,cumulative,all subpops,Age 0,new_H,E_to_I_rate=0.5,1.0216339581521123,0.3704181432171817,2.012383188266395
2025-11-27,cumulative,all subpops,Age 0,new_H,E_to_I_rate=0.5,1.0774101871802872,0.38954124364523085,2.130163861100824
2025-11-28,cumulative,all subpops,Age 0,new_H,E_to_I_rate=0.5,1.1415881432655675,0.4101062394662248,2.252196710596312
2025-11-29,cumulative,all subpops,Age 0,new_H,E_to_I_rate=0.5,1.2046282993241433,0.4333780796216721,2.3840648592732108
2025-11-30,cumulative,all subpops,Age 0,new_H,E_to_I_rate=0.5,1.2792712465012543,0.46136344907707094,2.5094366629568805
2025-12-01,cumulative,all subpops,Age 0,new_H,E_to_I_rate=0.5,1.3534844671900434,0.49155602537592574,2.6531364058493163
2025-12-02,cumulative,all subpops,Age 0,new_H,E_to_I_rate=0.5,1.430759576178052,0.5234778398459305,2.7927718999451767
2025-12-03,cumulative,all subpops,Age 0,new_H,E_to_I_rate=0.5,1.5141578300254603,0.5571033404310753,2.974528723868888
2025-12-04,cumulative,all subpops,Age 0,new_H,E_to_I_rate=0.5,1.5987895441243145,0.5928079530252139,3.168201426778021
2025-12-05,cumulative,all subpops,Age 0,new_H,E_to_I_rate=0.5,1.6914996383642453,0.6313251194043806,3.3449783084700453
2025-12-06,cumulative,all subpops,Age 0,new_H,E_to_I_rate=0.5,1.7958606495733525,0.6712526059254883,3.5289146768787867
2025-12-07,cumulative,all subpops,Age 0,new_H,E_to_I_rate=0.5,1.9064926054481852,0.7140103467145421,3.7615020382290734
2025-12-08,cumulative,all subpops,Age 0,new_H,E_to_I_rate=0.5,2.032586649575954,0.7649466864466913,4.018870118865651
2025-12-09,cumulative,all subpops,Age 0,new_H,E_to_I_rate=0.5,2.181530080756604,0.8175991374686171,4.301273508069316
2025-12-10,cumulative,all subpops,Age 0,new_H,E_to_I_rate=0.5,2.3369657397821872,0.8767995159085171,4.609758656504914
2025-12-11,cumulative,all subpops,Age 0,new_H,E_to_I_rate=0.5,2.498832128293432,0.942076681011812,4.943759981302007
2025-12-12,cumulative,all subpops,Age 0,new_H,E_to_I_rate=0.5,2.6685463607104136,1.0148163229402116,5.284973566367625
2025-12-13,cumulative,all subpops,Age 0,new_H,E_to_I_rate=0.5,2.882847984200052,1.0969856737367132,5.669193686560803
2025-12-14,cumulative,all subpops,Age 0,new_H,E_to_I_rate=0.5,3.11629745023656,1.19022904222926,6.176140787326953
2025-12-15,cumulative,all subpops,Age 0,new_H,E_to_I_rate=0.5,3.384002448813705,1.2913546151524693,6.726192647894806
2025-12-16,cumulative,all subpops,Age 0,new_H,E_to_I_rate=0.5,3.669396202946496,1.3946038843313524,7.308196237186345
2025-12-17,cumulative,all subpops,Age 0,new_H,E_to_I_rate=0.5,3.9874907079619386,1.5087117389396418,7.939845113373873
2025-12-18,cumulative,all subpops,Age 0,new_H,E_to_I_rate=0.5,4.332831738697502,1.6349131355277973,8.62787454384916
2025-12-19,cumulative,all subpops,Age 0,new_H,E_to_I_rate=0.5,4.714819603992304,1.7768808040891781,9.38252001324455
2025-12-20,cumulative,all subpops,Age 0,new_H,E_to_I_rate=0.5,5.124411235093893,1.9433217170872323,10.277226371874375
2025-12-21,cumulative,all subpops,Age 0,new_H,E_to_I_rate=0.5,5.581153308635871,2.1324546012933774,11.240931280376017
2025-12-22,cumulative,all subpops,Age 0,new_H,E_to_I_rate=0.5,6.084054637708366,2.3468978558263216,12.25949728537195
2025-12-23,cumulative,all subpops,Age 0,new_H,E_to_I_rate=0.5,6.659375976304576,2.557960654924827,13.381016236854968
2025-12-24,cumulative,all subpops,Age 0,new_H,E_to_I_rate=0.5,7.279373854695571,2.7997165618676,14.589793970159231
2025-12-25,cumulative,all subpops,Age 0,new_H,E_to_I_rate=0.5,7.926276024006535,3.0331393083030376,15.858108450809178
2025-12-26,cumulative,all subpops,Age 0,new_H,E_to_I_rate=0.5,8.594958059982748,3.2719426177736906,17.18223891471494
2025-12-27,cumulative,all subpops,Age 0,new_H,E_to_I_rate=0.5,9.269746869610811,3.5186642770539107,18.560878274251053
2025-12-28,cumulative,all subpops,Age 0,new_H,E_to_I_rate=0.5,9.938456681657872,3.7960274659791926,19.9785246850199
2025-12-29,cumulative,all subpops,Age 0,new_H,E_to_I_rate=0.5,10.633953257132932,4.092395004382479,21.395402249026723
2025-12-30,cumulative,all subpops,Age 0,new_H,E_to_I_rate=0.5,11.346228524268504,4.387117670865217,22.759910270491275
2025-12-31,cumulative,all subpops,Age 0,new_H,E_to_I_rate=0.5,12.05084908968695,4.667237295775774,24.148011468425647
2026-01-01,cumulative,all subpops,Age 0,new_H,E_to_I_rate=0.5,12.74536669252562,4.919954248961812,25.50365967053044
2026-01-02,cumulative,all subpops,Age 0,new_H,E_to_I_rate=0.5,13.435666660312204,5.164121581468757,26.821800336236024
2026-01-03,cumulative,all subpops,Age 0,new_H,E_to_I_rate=0.5,14.095254626092345,5.3998585767997245,28.097425022298157
2026-01-04,cumulative,all subpops,Age 0,new_H,E_to_I_rate=0.5,14.709072987603484,5.647769726952545,29.32425034350842
2026-01-05,cumulative,all subpops,Age 0,new_H,E_to_I_rate=0.5,15.323737669158144,5.884751010963759,30.49464626159598
2026-01-06,cumulative,all subpops,Age 0,new_H,E_to_I_rate=0.5,15.886276904649034,6.109064965071718,31.59660882282141
2026-01-07,cumulative,all subpops,Age 0,new_H,E_to_I_rate=0.5,16.410358306349366,6.319766713927183,32.62872900258744
2026-01-08,cumulative,all subpops,Age 0,new_H,E_to_I_rate=0.5,16.896272696207486,6.518617990176066,33.59364885659419
2026-01-09,cumulative,all subpops,Age 0,new_H,E_to_I_rate=0.5,17.345237632325762,6.68773228224956,34.49636161636448
2026-01-10,cumulative,all subpops,Age 0,new_H,E_to_I_rate=0.5,17.76871239356206,6.840545793188367,35.3426353905048
2026-01-11,cumulative,all subpops,Age 0,new_H,E_to_I_rate=0.5,18.167956675756272,6.983470722985548,36.13756734910834
2026-01-12,cumulative,all subpops,Age 0,new_H,E_to_I_rate=0.5,18.556628599045954,7.149192215699898,36.880242329350494
2026-01-13,cumulative,all subpops,Age 0,new_H,E_to_I_rate=0.5,18.903517034731074,7.3056346453022485,37.571944088323356
2026-01-14,cumulative,all subpops,Age 0,new_H,E_to_I_rate=0.5,19.21776604645069,7.452278133687421,38.21588506705783
2026-01-15,cumulative,all subpops,Age 0,new_H,E_to_I_rate=0.5,19.495109106579868,7.5716912495790325,38.812145820084076
2026-01-16,cumulative,all subpops,Age 0,new_H,E_to_I_rate=0.5,19.7576951234686,7.679324920263539,39.36314005484192
2026-01-17,cumulative,all subpops,Age 0,new_H,E_to_I_rate=0.5,20.00273594053059,7.778286836605758,39.8736908896659
2026-01-18,cumulative,all subpops,Age 0,new_H,E_to_I_rate=0.5,20.24886603105484,7.869154044586758,40.346398250518384
2026-01-19,cumulative,all subpops,Age 0,new_H,E_to_I_rate=0.5,20.478899080977406,7.952197139012571,40.78228186436524
2026-01-20,cumulative,all subpops,Age 0,new_H,E_to_I_rate=0.5,20.679823498198694,8.027732533519588,41.18218138215359
2026-01-21,cumulative,all subpops,Age 0,new_H,E_to_I_rate=0.5,20.855886354790087,8.096452103520802,41.54835990097029
2026-01-22,cumulative,all subpops,Age 0,new_H,E_to_I_rate=0.5,21.008618892960726,8.159028981070282,41.88324399394888
2026-01-23,cumulative,all subpops,Age 0,new_H,E_to_I_rate=0.5,21.14804631952886,8.216076398018831,42.18931466926337
2026-01-24,cumulative,all subpops,Age 0,new_H,E_to_I_rate=0.5,21.27906418728938,8.268477105169893,42.47028034164303
2026-01-25,cumulative,all subpops,Age 0,new_H,E_to_I_rate=0.5,21.403379795775322,8.317168876310019,42.730095557230406
2026-01-26,cumulative,all subpops,Age 0,new_H,E_to_I_rate=0.5,21.519143933592968,8.362685121192616,42.971050147773774
2026-01-27,cumulative,all subpops,Age 0,new_H,E_to_I_rate=0.5,21.631798199812913,8.40527778669951,43.194241730050415
2026-01-28,cumulative,all subpops,Age 0,new_H,E_to_I_rate=0.5,21.741208818311414,8.4452712512893,43.40103345997714
2026-01-29,cumulative,all subpops,Age 0,new_H,E_to_I_rate=0.5,21.84469465387995,8.483071593725937,43.593144306492974
2026-01-30,cumulative,all subpops,Age 0,new_H,E_to_I_rate=0.5,21.939342157905685,8.519198933667992,43.77243145672544
2026-01-31,cumulative,all subpops,Age 0,new_H,E_to_I_rate=0.5,22.026756096547448,8.554001447869783,43.940835082792894
2026-02-01,cumulative,all subpops,Age 0,new_H,E_to_I_rate=0.5,22.11090093682321,8.587869402907772,44.09993386062254
2026-02-02,cumulative,all subpops,Age 0,new_H,E_to_I_rate=0.5,22.192162225183928,8.620974780060461,44.250513674447376
2026-02-03,cumulative,all subpops,Age 0,new_H,E_to_I_rate=0.5,22.267318034012455,8.653316143269102,44.392792760978956
2026-02-04,cumulative,all subpops,Age 0,new_H,E_to_I_rate=0.5,22.33647950895839,8.684861700400885,44.527120878348725
2026-02-05,cumulative,all subpops,Age 0,new_H,E_to_I_rate=0.5,22.402500763467746,8.715711591227917,44.65431119702631
2026-02-06,cumulative,all subpops,Age 0,new_H,E_to_I_rate=0.5,22.465839144764466,8.745914070852773,44.77545535653281
2026-02-07,cumulative,all subpops,Age 0,new_H,E_to_I_rate=0.5,22.526979470506046,8.775586053061723,44.89167620228119
2026-02-08,cumulative,all subpops,Age 0,new_H,E_to_I_rate=0.5,22.586424461763734,8.804869599955904,45.004118118102625
2026-02-09,cumulative,all subpops,Age 0,new_H,E_to_I_rate=0.5,22.644502678618316,8.833835414291688,45.11359776389234
2026-02-10,cumulative,all subpops,Age 0,new_H,E_to_I_rate=0.5,22.701168866396642,8.862341608414148,45.220217725435326
2026-02-11,cumulative,all subpops,Age 0,new_H,E_to_I_rate=0.5,22.75627645567356,8.890175982954862,45.323868387218276
2026-02-12,cumulative,all subpops,Age 0,new_H,E_to_I_rate=0.5,22.81136745378241,8.917221141627875,45.4247525936969
2026-02-13,cumulative,all subpops,Age 0,new_H,E_to_I_rate=0.5,22.86586469658308,8.943543047301763,45.52364117843034
2026-02-14,cumulative,all subpops,Age 0,new_H,E_to_I_rate=0.5,22.91882663027805,8.96928598071758,45.62156997845073
2026-02-15,cumulative,all subpops,Age 0,new_H,E_to_I_rate=0.5,22.970605214550496,8.994528642608357,45.71936505208899
2026-02-16,cumulative,all subpops,Age 0,new_H,E_to_I_rate=0.5,23.021327114121984,9.019250236948528,45.81737323197705
2026-02-17,cumulative,all subpops,Age 0,new_H,E_to_I_rate=0.5,23.070849881263563,9.043305900654007,45.915299313519746
2026-02-18,cumulative,all subpops,Age 0,new_H,E_to_I_rate=0.5,23.11892001401669,9.066500333747458,46.01240413650214
2026-02-19,cumulative,all subpops,Age 0,new_H,E_to_I_rate=0.5,23.165357988471932,9.088689121521574,46.108009529695636
2026-02-20,cumulative,all subpops,Age 0,new_H,E_to_I_rate=0.5,23.211371946326437,9.109570277846359,46.20178127315121
2026-02-21,cumulative,all subpops,Age 0,new_H,E_to_I_rate=0.5,23.256985383640583,9.128407514668108,46.2934305607584
2026-02-22,cumulative,all subpops,Age 0,new_H,E_to_I_rate=0.5,23.301103095217602,9.146499828327444,46.3827466559695
2026-02-23,cumulative,all subpops,Age 0,new_H,E_to_I_rate=0.5,23.343973756637183,9.163831602996506,46.4694716312549
2026-02-24,cumulative,all subpops,Age 0,new_H,E_to_I_rate=0.5,23.388190687435234,9.180380132202453,46.553290321625816
2026-02-25,cumulative,all subpops,Age 0,new_H,E_to_I_rate=0.5,23.430527203533373,9.196187793251239,46.634236156854364
2026-02-26,cumulative,all subpops,Age 0,new_H,E_to_I_rate=0.5,23.471099216569975,9.211312824863406,46.712505293155196
2026-02-27,cumulative,all subpops,Age 0,new_H,E_to_I_rate=0.5,23.510138714083624,9.22585266542708,46.788528877251956
2026-02-28,cumulative,all subpops,Age 0,new_H,E_to_I_rate=0.5,23.54795713200618,9.239940306947389,46.86292395328041
2026-03-01,cumulative,all subpops,Age 0,new_H,E_to_I_rate=0.5,23.584782083199553,9.253667269634049,46.93611015164116
2026-03-02,cumulative,all subpops,Age 0,new_H,E_to_I_rate=0.5,23.62070566937349,9.265881521724802,47.00824987995637
2026-03-03,cumulative,all subpops,Age 0,new_H,E_to_I_rate=0.5,23.65570086469622,9.277324267858925,47.079277984315425
2026-03-04,cumulative,all subpops,Age 0,new_H,E_to_I_rate=0.5,23.689658703199687,9.288221027897636,47.1488570943628
2026-03-05,cumulative,all subpops,Age 0,new_H,E_to_I_rate=0.5,23.722555102032363,9.29859013845289,47.21679614172866
2026-03-06,cumulative,all subpops,Age 0,new_H,E_to_I_rate=0.5,23.754479114947877,9.30848728749424,47.28315874388201
2026-03-07,cumulative,all subpops,Age 0,new_H,E_to_I_rate=0.5,23.785575088792076,9.317985369407374,47.348136368228346
2026-03-08,cumulative,all subpops,Age 0,new_H,E_to_I_rate=0.5,23.81595451494197,9.327143663125488,47.41184550212177
2026-03-09,cumulative,all subpops,Age 0,new_H,E_to_I_rate=0.5,23.84559039400255,9.335980832627138,47.47411260233625
2026-03-10,cumulative,all subpops,Age 0,new_H,E_to_I_rate=0.5,23.874368607633844,9.344499133391732,47.534618155609216
2026-03-11,cumulative,all subpops,Age 0,new_H,E_to_I_rate=0.5,23.902184142458847,9.35269495645219,47.593056623159605
2026-03-12,cumulative,all subpops,Age 0,new_H,E_to_I_rate=0.5,23.92901587003265,9.360581451262744,47.649293822368826
2026-03-13,cumulative,all subpops,Age 0,new_H,E_to_I_rate=0.5,23.954985277696885,9.368230329241543,47.70355074430634
2026-03-14,cumulative,all subpops,Age 0,new_H,E_to_I_rate=0.5,23.98030496480797,9.375755944449846,47.75628456635214
2026-03-15,cumulative,all subpops,Age 0,new_H,E_to_I_rate=0.5,24.00701276907222,9.383234508744426,47.80776442766828
2026-03-16,cumulative,all subpops,Age 0,new_H,E_to_I_rate=0.5,24.035183290349146,9.390682612452519,47.85794250152609
2026-03-17,cumulative,all subpops,Age 0,new_H,E_to_I_rate=0.5,24.062666226536884,9.398025415456475,47.906360929559035
2026-03-18,cumulative,all subpops,Age 0,new_H,E_to_I_rate=0.5,24.089445948556538,9.405265218971335,47.95194531008514
2026-03-19,cumulative,all subpops,Age 0,new_H,E_to_I_rate=0.5,24.115727527791552,9.412460213115496,47.995453651118765
2026-03-20,cumulative,all subpops,Age 0,new_H,E_to_I_rate=0.5,24.141622212181726,9.419629042347005,48.03772867253358
2026-03-21,cumulative,all subpops,Age 0,new_H,E_to_I_rate=0.5,24.16715964959539,9.426759025785858,48.07898198443806
2026-03-22,cumulative,all subpops,Age 0,new_H,E_to_I_rate=0.5,24.192395390286066,9.433845293104353,48.11945195998373
2026-03-23,cumulative,all subpops,Age 0,new_H,E_to_I_rate=0.5,24.2137942810523,9.440850351677547,48.1591967623886
2026-03-24,cumulative,all subpops,Age 0,new_H,E_to_I_rate=0.5,24.23262815302509,9.447742551734903,48.198231180769845
2026-03-25,cumulative,all subpops,Age 0,new_H,E_to_I_rate=0.5,24.248895022446458,9.454514521158787,48.23666917170419
2026-03-26,cumulative,all subpops,Age 0,new_H,E_to_I_rate=0.5,24.26491424834522,9.461157789326391,48.274666617842335
2026-03-27,cumulative,all subpops,Age 0,new_H,E_to_I_rate=0.5,24.281604930832984,9.467646659530297,48.31234964333598
2026-03-28,cumulative,all subpops,Age 0,new_H,E_to_I_rate=0.5,24.30251079177586,9.474019449393829,48.350144198367616
2026-03-29,cumulative,all subpops,Age 0,new_H,E_to_I_rate=0.5,24.323728375968543,9.480353850291094,48.38865519958745
2026-03-30,cumulative,all subpops,Age 0,new_H,E_to_I_rate=0.5,24.34526866988361,9.48664308346388,48.428020051533046
2026-03-31,cumulative,all subpops,Age 0,new_H,E_to_I_rate=0.5,24.366763544591315,9.49279204445748,48.467823826904734
2026-04-01,cumulative,all subpops,Age 0,new_H,E_to_I_rate=0.5,24.38784029535483,9.498717736779398,48.507526950788275
2026-04-02,cumulative,all subpops,Age 0,new_H,E_to_I_rate=0.5,24.40836852833845,9.504403047482658,48.546851080777394
2026-04-03,cumulative,all subpops,Age 0,new_H,E_to_I_rate=0.5,24.428478467833436,9.509895030298496,48.585838056002125
2026-04-04,cumulative,all subpops,Age 0,new_H,E_to_I_rate=0.5,24.448212666718625,9.515222847854048,48.62444306699655
2026-04-05,cumulative,all subpops,Age 0,new_H,E_to_I_rate=0.5,24.46762353676482,9.520417987327725,48.662616124899834
2026-04-06,cumulative,all subpops,Age 0,new_H,E_to_I_rate=0.5,24.486695924415038,9.525493949805295,48.700158072412435
2026-04-07,cumulative,all subpops,Age 0,new_H,E_to_I_rate=0.5,24.505493007517217,9.530479392017831,48.73689461081623
2026-04-08,cumulative,all subpops,Age 0,new_H,E_to_I_rate=0.5,24.524051916271564,9.53539703746237,48.77264971766862
2026-04-09,cumulative,all subpops,Age 0,new_H,E_to_I_rate=0.5,24.542448133088413,9.540280978245624,48.807348424816176
2026-04-10,cumulative,all subpops,Age 0,new_H,E_to_I_rate=0.5,24.560692246602535,9.545151639326352,48.840903494049094
2026-04-11,cumulative,all subpops,Age 0,new_H,E_to_I_rate=0.5,24.578730587120152,9.550014818929125,48.873200717349306
2026-04-12,cumulative,all subpops,Age 0,new_H,E_to_I_rate=0.5,24.596592122787413,9.554896541882796,48.9042127063133
2026-04-13,cumulative,all subpops,Age 0,new_H,E_to_I_rate=0.5,24.61425755210599,9.559805071507736,48.93385420501862
2026-04-14,cumulative,all subpops,Age 0,new_H,E_to_I_rate=0.5,24.631476531277915,9.564679652901646,48.96184941606103
2026-04-15,cumulative,all subpops,Age 0,new_H,E_to_I_rate=0.5,24.648042748855868,9.569463246924052,48.988029935374385
2026-04-16,cumulative,all subpops,Age 0,new_H,E_to_I_rate=0.5,24.66389493288748,9.574135521408072,49.01240833732396
2026-04-17,cumulative,all subpops,Age 0,new_H,E_to_I_rate=0.5,24.679060588268932,9.578700495348524,49.035100897898175
2026-04-18,cumulative,all subpops,Age 0,new_H,E_to_I_rate=0.5,24.693651032204684,9.58318655108716,49.05629683703027
2026-04-19,cumulative,all subpops,Age 0,new_H,E_to_I_rate=0.5,24.707822999284318,9.587635074431855,49.076209342460544
2026-04-20,cumulative,all subpops,Age 0,new_H,E_to_I_rate=0.5,24.72169641018334,9.592073202259654,49.09499681538298
2026-04-21,cumulative,all subpops,Age 0,new_H,E_to_I_rate=0.5,24.735373161426388,9.596519885470823,49.11277279251046
2026-04-22,cumulative,all subpops,Age 0,new_H,E_to_I_rate=0.5,24.74888068878503,9.600972041271707,49.1295884238106
2026-04-23,cumulative,all subpops,Age 0,new_H,E_to_I_rate=0.5,24.762138422613795,9.60539535122012,49.14542889587825
2026-04-24,cumulative,all subpops,Age 0,new_H,E_to_I_rate=0.5,24.775555700523753,9.609766188704656,49.1603012494851
2026-04-25,cumulative,all subpops,Age 0,new_H,E_to_I_rate=0.5,24.79025307869687,9.614085494719593,49.17425920453031
2026-04-26,cumulative,all subpops,Age 0,new_H,E_to_I_rate=0.5,24.804510764652875,9.618349785248157,49.18735075043261
2026-04-27,cumulative,all subpops,Age 0,new_H,E_to_I_rate=0.5,24.81826527479634,9.622538585465593,49.19959522368669
2026-04-28,cumulative,all subpops,Age 0,new_H,E_to_I_rate=0.5,24.831446518217735,9.626626472999064,49.21100177165226
2026-04-29,cumulative,all subpops,Age 0,new_H,E_to_I_rate=0.5,24.844062900423275,9.630612141511564,49.22161263041093
2026-04-30,cumulative,all subpops,Age 0,new_H,E_to_I_rate=0.5,24.856182314879042,9.634514988855132,49.231499970562744
2026-05-01,cumulative,all subpops,Age 0,new_H,E_to_I_rate=0.5,24.86792706867903,9.638373997697956,49.240760019012775
2026-05-02,cumulative,all subpops,Age 0,new_H,E_to_I_rate=0.5,24.87781468708996,9.642254472887885,49.24951349518189
2026-05-03,cumulative,all subpops,Age 0,new_H,E_to_I_rate=0.5,24.886061942174074,9.646215443219043,49.25786294828029
2026-05-04,cumulative,all subpops,Age 0,new_H,E_to_I_rate=0.5,24.89398060118937,9.650300425968924,49.26587878921348
2026-05-05,cumulative,all subpops,Age 0,new_H,E_to_I_rate=0.5,24.901576360389242,9.654502999790667,49.273570593156805
2026-05-06,cumulative,all subpops,Age 0,new_H,E_to_I_rate=0.5,24.90882903470161,9.658801098556966,49.28092851201855
2026-05-07,cumulative,all subpops,Age 0,new_H,E_to_I_rate=0.5,24.915754752456422,9.663211597476671,49.28797395152998
2026-05-08,cumulative,all subpops,Age 0,new_H,E_to_I_rate=0.5,24.922434124926156,9.66782284032493,49.29477769680168
2025-09-01,daily,all subpops,Age 1,new_H,E_to_I_rate=0.5,0.009404590874698238,0.0037713495055904664,0.022865772134188677
2025-09-02,daily,all subpops,Age 1,new_H,E_to_I_rate=0.5,0.022698063712496414,0.009122567314307262,0.054934331823127354
2025-09-03,daily,all subpops,Age 1,new_H,E_to_I_rate=0.5,0.028342834992597092,0.011442809599680585,0.06774968282541441
2025-09-04,daily,all subpops,Age 1,new_H,E_to_I_rate=0.5,0.030793195414043406,0.012493142879592389,0.07302146437518697
2025-09-05,daily,all subpops,Age 1,new_H,E_to_I_rate=0.5,0.031905968097245246,0.013115250065696133,0.07424491339890066
2025-09-06,daily,all subpops,Age 1,new_H,E_to_I_rate=0.5,0.032528302069068954,0.013393217057897124,0.07441985243266726
2025-09-07,daily,all subpops,Age 1,new_H,E_to_I_rate=0.5,0.03206908361437544,0.013178196129726238,0.07183918773982043
2025-09-08,daily,all subpops,Age 1,new_H,E_to_I_rate=0.5,0.03103215515532362,0.012853235272656503,0.06954850958041829
2025-09-09,daily,all subpops,Age 1,new_H,E_to_I_rate=0.5,0.030760849094705632,0.012844876096419811,0.06813849509598419
2025-09-10,daily,all subpops,Age 1,new_H,E_to_I_rate=0.5,0.03095895545711199,0.013090525768065669,0.06796028635485936
2025-09-11,daily,all subpops,Age 1,new_H,E_to_I_rate=0.5,0.031516412549613564,0.013447769200646706,0.06868491217482374
2025-09-12,daily,all subpops,Age 1,new_H,E_to_I_rate=0.5,0.03237541063149797,0.014004809939899715,0.06894146589056853
2025-09-13,daily,all subpops,Age 1,new_H,E_to_I_rate=0.5,0.033229779388804816,0.014450968525545496,0.06878875508296578
2025-09-14,daily,all subpops,Age 1,new_H,E_to_I_rate=0.5,0.033218736303909445,0.014505720101557531,0.06676840969228598
2025-09-15,daily,all subpops,Age 1,new_H,E_to_I_rate=0.5,0.032185454826041585,0.014208427482669006,0.06427211561649364
2025-09-16,daily,all subpops,Age 1,new_H,E_to_I_rate=0.5,0.03202942554381638,0.014185501624382748,0.06165678461276481
2025-09-17,daily,all subpops,Age 1,new_H,E_to_I_rate=0.5,0.03225956735507102,0.014223231602306676,0.06309984694740849
2025-09-18,daily,all subpops,Age 1,new_H,E_to_I_rate=0.5,0.03272808704198233,0.014578706038225833,0.06269108656889144
2025-09-19,daily,all subpops,Age 1,new_H,E_to_I_rate=0.5,0.03348078551532054,0.014901047530665313,0.06395292700360791
2025-09-20,daily,all subpops,Age 1,new_H,E_to_I_rate=0.5,0.03415943641035889,0.015243954021258421,0.0657137695372926
2025-09-21,daily,all subpops,Age 1,new_H,E_to_I_rate=0.5,0.033774677723840116,0.01507080960275183,0.06415392471515094
2025-09-22,daily,all subpops,Age 1,new_H,E_to_I_rate=0.5,0.03294611804163077,0.014437599558026423,0.06268883687261491
2025-09-23,daily,all subpops,Age 1,new_H,E_to_I_rate=0.5,0.03242534315409675,0.014467472562531225,0.061475958592692795
2025-09-24,daily,all subpops,Age 1,new_H,E_to_I_rate=0.5,0.03258516399304098,0.014655056307462277,0.061222941407897385
2025-09-25,daily,all subpops,Age 1,new_H,E_to_I_rate=0.5,0.03285441704659048,0.014521016228437494,0.06096005683844202
2025-09-26,daily,all subpops,Age 1,new_H,E_to_I_rate=0.5,0.033283598018790814,0.014709218864750068,0.06151324795508215
2025-09-27,daily,all subpops,Age 1,new_H,E_to_I_rate=0.5,0.03331886991867,0.014921889223458721,0.06134720686916768
2025-09-28,daily,all subpops,Age 1,new_H,E_to_I_rate=0.5,0.032548688124445335,0.014509734894919106,0.06062002173089708
2025-09-29,daily,all subpops,Age 1,new_H,E_to_I_rate=0.5,0.031023984954650412,0.013895997460504841,0.057704141365688216
2025-09-30,daily,all subpops,Age 1,new_H,E_to_I_rate=0.5,0.03020466593174468,0.013695520191567369,0.05742487048651386
2025-10-01,daily,all subpops,Age 1,new_H,E_to_I_rate=0.5,0.030288961637761527,0.0138088881832259,0.05840595329734635
2025-10-02,daily,all subpops,Age 1,new_H,E_to_I_rate=0.5,0.03082220348727005,0.013853237699827211,0.0602702523665067
2025-10-03,daily,all subpops,Age 1,new_H,E_to_I_rate=0.5,0.03182402530405464,0.013987272902847044,0.06269774589742955
2025-10-04,daily,all subpops,Age 1,new_H,E_to_I_rate=0.5,0.032684485042031794,0.014330267765438828,0.06566976166587471
2025-10-05,daily,all subpops,Age 1,new_H,E_to_I_rate=0.5,0.03261774206134324,0.014267037951730392,0.06582668008183878
2025-10-06,daily,all subpops,Age 1,new_H,E_to_I_rate=0.5,0.031640808628312145,0.013775866320024742,0.06451982992468756
2025-10-07,daily,all subpops,Age 1,new_H,E_to_I_rate=0.5,0.03171871969254737,0.013708061871736496,0.06350367064586326
2025-10-08,daily,all subpops,Age 1,new_H,E_to_I_rate=0.5,0.03211909698753056,0.013858905498235432,0.06345023958778265
2025-10-09,daily,all subpops,Age 1,new_H,E_to_I_rate=0.5,0.03286793267445612,0.014119505881277099,0.0643479730698337
2025-10-10,daily,all subpops,Age 1,new_H,E_to_I_rate=0.5,0.03452307026500259,0.014672386248137537,0.06898638382568431
2025-10-11,daily,all subpops,Age 1,new_H,E_to_I_rate=0.5,0.036391905895561384,0.015367676627535048,0.07196024052921822
2025-10-12,daily,all subpops,Age 1,new_H,E_to_I_rate=0.5,0.03697966684045533,0.01557703588005062,0.0724019976186753
2025-10-13,daily,all subpops,Age 1,new_H,E_to_I_rate=0.5,0.03646469348030977,0.015475244184489445,0.0705902554879055
2025-10-14,daily,all subpops,Age 1,new_H,E_to_I_rate=0.5,0.03573784714809501,0.015046431968810437,0.0691553439001177
2025-10-15,daily,all subpops,Age 1,new_H,E_to_I_rate=0.5,0.03607231163060813,0.01526334415494458,0.06950132762139559
2025-10-16,daily,all subpops,Age 1,new_H,E_to_I_rate=0.5,0.03728559434415221,0.015686755412056098,0.0715599718082655
2025-10-17,daily,all subpops,Age 1,new_H,E_to_I_rate=0.5,0.0389965989859751,0.01669708906836327,0.07495278377391286
2025-10-18,daily,all subpops,Age 1,new_H,E_to_I_rate=0.5,0.04097761091134428,0.01746148262564169,0.07921061220481083
2025-10-19,daily,all subpops,Age 1,new_H,E_to_I_rate=0.5,0.04176022898828273,0.017526988165284214,0.0811978153259663
2025-10-20,daily,all subpops,Age 1,new_H,E_to_I_rate=0.5,0.04159641584007141,0.017390349868594574,0.08185468297681257
2025-10-21,daily,all subpops,Age 1,new_H,E_to_I_rate=0.5,0.042339902055604936,0.0180393495272575,0.0823245079405044
2025-10-22,daily,all subpops,Age 1,new_H,E_to_I_rate=0.5,0.04426085261981449,0.01925752945275829,0.08467144174388667
2025-10-23,daily,all subpops,Age 1,new_H,E_to_I_rate=0.5,0.04644936115091384,0.02080994906021169,0.08952199436831074
2025-10-24,daily,all subpops,Age 1,new_H,E_to_I_rate=0.5,0.04925564485879719,0.022278878068969415,0.09487654048679141
2025-10-25,daily,all subpops,Age 1,new_H,E_to_I_rate=0.5,0.052079844095325886,0.02431983128867981,0.09926404606491121
2025-10-26,daily,all subpops,Age 1,new_H,E_to_I_rate=0.5,0.053432891250840484,0.025536686431978147,0.10110730468533743
2025-10-27,daily,all subpops,Age 1,new_H,E_to_I_rate=0.5,0.05396931413347952,0.026346976373595423,0.10178336432968968
2025-10-28,daily,all subpops,Age 1,new_H,E_to_I_rate=0.5,0.056185888096185806,0.02802426546630455,0.10581805877228913
2025-10-29,daily,all subpops,Age 1,new_H,E_to_I_rate=0.5,0.05906765163133624,0.029313678430959996,0.11146983523744237
2025-10-30,daily,all subpops,Age 1,new_H,E_to_I_rate=0.5,0.06294304542808285,0.03035534088339974,0.11747853418383768
2025-10-31,daily,all subpops,Age 1,new_H,E_to_I_rate=0.5,0.0666519241116027,0.03360420599838481,0.12393194068605208
2025-11-01,daily,all subpops,Age 1,new_H,E_to_I_rate=0.5,0.07110199555130448,0.03587401286601279,0.13008742363350437
2025-11-02,daily,all subpops,Age 1,new_H,E_to_I_rate=0.5,0.07322413305363357,0.03718696281495823,0.13461372646240194
2025-11-03,daily,all subpops,Age 1,new_H,E_to_I_rate=0.5,0.07396022015478734,0.038072694843254734,0.1355806613277733
2025-11-04,daily,all subpops,Age 1,new_H,E_to_I_rate=0.5,0.07669504470976818,0.03995225300736301,0.14132310491391376
2025-11-05,daily,all subpops,Age 1,new_H,E_to_I_rate=0.5,0.08145333238119239,0.04315581360697888,0.14708445197888365
2025-11-06,daily,all subpops,Age 1,new_H,E_to_I_rate=0.5,0.08747858307969694,0.0467991334985829,0.15415235578325917
2025-11-07,daily,all subpops,Age 1,new_H,E_to_I_rate=0.5,0.09429385666905962,0.05142401049136785,0.16600339526701832
2025-11-08,daily,all subpops,Age 1,new_H,E_to_I_rate=0.5,0.10163039643143013,0.056574085013640724,0.17327583419996903
2025-11-09,daily,all subpops,Age 1,new_H,E_to_I_rate=0.5,0.1051855878121743,0.05845242701851586,0.17956788460344522
2025-11-10,daily,all subpops,Age 1,new_H,E_to_I_rate=0.5,0.10604585654141412,0.059897839315870956,0.17994409661906222
2025-11-11,daily,all subpops,Age 1,new_H,E_to_I_rate=0.5,0.10826524040372981,0.061507376892185994,0.18345347794889313
2025-11-12,daily,all subpops,Age 1,new_H,E_to_I_rate=0.5,0.11156270825609721,0.06397187662703407,0.18640541519399279
2025-11-13,daily,all subpops,Age 1,new_H,E_to_I_rate=0.5,0.11785987032684819,0.06868075761551116,0.1970099455716491
2025-11-14,daily,all subpops,Age 1,new_H,E_to_I_rate=0.5,0.12855720746599814,0.0736572909337739,0.2112591152343105
2025-11-15,daily,all subpops,Age 1,new_H,E_to_I_rate=0.5,0.1396110364134931,0.07979378473269615,0.23001474280158388
2025-11-16,daily,all subpops,Age 1,new_H,E_to_I_rate=0.5,0.14755536617851023,0.08293556595343887,0.24189376512798438
2025-11-17,daily,all subpops,Age 1,new_H,E_to_I_rate=0.5,0.15216046819908988,0.08540136711584606,0.24705721010293227
2025-11-18,daily,all subpops,Age 1,new_H,E_to_I_rate=0.5,0.1624458057232945,0.08946258765779652,0.2573558689173959
2025-11-19,daily,all subpops,Age 1,new_H,E_to_I_rate=0.5,0.17693701760981984,0.09694899567631592,0.27458276581399493
2025-11-20,daily,all subpops,Age 1,new_H,E_to_I_rate=0.5,0.19477353771455175,0.10735061828679854,0.2998199218149464
2025-11-21,daily,all subpops,Age 1,new_H,E_to_I_rate=0.5,0.21517372924064349,0.11742196696004197,0.3300731355347574
2025-11-22,daily,all subpops,Age 1,new_H,E_to_I_rate=0.5,0.23506620282435103,0.13046294134633393,0.36391024845777464
2025-11-23,daily,all subpops,Age 1,new_H,E_to_I_rate=0.5,0.24906215324588213,0.13995219224944425,0.3827871936671562
2025-11-24,daily,all subpops,Age 1,new_H,E_to_I_rate=0.5,0.2577379620234441,0.1451163069706586,0.39789743624382995
2025-11-25,daily,all subpops,Age 1,new_H,E_to_I_rate=0.5,0.2739536326101356,0.15828960143926923,0.42325743479939637
2025-11-26,daily,all subpops,Age 1,new_H,E_to_I_rate=0.5,0.2969385450913353,0.17517823069737307,0.4546961310139786
2025-11-27,daily,all subpops,Age 1,new_H,E_to_I_rate=0.5,0.31884907791203765,0.18884541722876616,0.48928781290381235
2025-11-28,daily,all subpops,Age 1,new_H,E_to_I_rate=0.5,0.33337644782080045,0.19545149118980615,0.5088572602135215
2025-11-29,daily,all subpops,Age 1,new_H,E_to_I_rate=0.5,0.341347806344513,0.20246659181067542,0.5318439802296983
2025-11-30,daily,all subpops,Age 1,new_H,E_to_I_rate=0.5,0.3506298172841422,0.20858848360462012,0.5489440247632658
2025-12-01,daily,all subpops,Age 1,new_H,E_to_I_rate=0.5,0.35922366792919713,0.2129474628447927,0.5646777051975381
2025-12-02,daily,all subpops,Age 1,new_H,E_to_I_rate=0.5,0.3807194264007205,0.2234573500327215,0.6028110299703727
2025-12-03,daily,all subpops,Age 1,new_H,E_to_I_rate=0.5,0.41141670763055194,0.2409007597664638,0.6566383717798377
2025-12-04,daily,all subpops,Age 1,new_H,E_to_I_rate=0.5,0.45379918675494124,0.26585333112374787,0.7222101426645176
2025-12-05,daily,all subpops,Age 1,new_H,E_to_I_rate=0.5,0.5090971432704734,0.3001801893305239,0.8115245853559636
2025-12-06,daily,all subpops,Age 1,new_H,E_to_I_rate=0.5,0.574609688006208,0.3353460141319351,0.9114232697778639
2025-12-07,daily,all subpops,Age 1,new_H,E_to_I_rate=0.5,0.6193819293843136,0.3674849234555896,0.9808162876551944
2025-12-08,daily,all subpops,Age 1,new_H,E_to_I_rate=0.5,0.652980400086917,0.3896066967913345,1.0375808951229473
2025-12-09,daily,all subpops,Age 1,new_H,E_to_I_rate=0.5,0.7171003181671745,0.42825224967278847,1.1357818870057088
2025-12-10,daily,all subpops,Age 1,new_H,E_to_I_rate=0.5,0.8033977713649245,0.47562651211506835,1.277508322906394
2025-12-11,daily,all subpops,Age 1,new_H,E_to_I_rate=0.5,0.9028003056148441,0.5296065525129338,1.4130606322961785
2025-12-12,daily,all subpops,Age 1,new_H,E_to_I_rate=0.5,1.017775685469522,0.5981879650139427,1.5885323278424812
2025-12-13,daily,all subpops,Age 1,new_H,E_to_I_rate=0.5,1.1532098499933723,0.6686422391263901,1.7918332859172756
2025-12-14,daily,all subpops,Age 1,new_H,E_to_I_rate=0.5,1.249930046881301,0.719183974062216,1.9360714630621647
2025-12-15,daily,all subpops,Age 1,new_H,E_to_I_rate=0.5,1.328817961396339,0.7638873519375728,2.0550392962681236
2025-12-16,daily,all subpops,Age 1,new_H,E_to_I_rate=0.5,1.4599724705274573,0.8468689609323153,2.254484862148956
2025-12-17,daily,all subpops,Age 1,new_H,E_to_I_rate=0.5,1.635429074430899,0.9574532359869263,2.5186756859752237
2025-12-18,daily,all subpops,Age 1,new_H,E_to_I_rate=0.5,1.8281642391667914,1.0912716461268654,2.811840520095586
2025-12-19,daily,all subpops,Age 1,new_H,E_to_I_rate=0.5,2.0499481520815177,1.2277887809207335,3.1220483981376157
2025-12-20,daily,all subpops,Age 1,new_H,E_to_I_rate=0.5,2.272794416020755,1.3913326305034635,3.4510528676734498
2025-12-21,daily,all subpops,Age 1,new_H,E_to_I_rate=0.5,2.454367631171853,1.5214783017731186,3.7039965880525796
2025-12-22,daily,all subpops,Age 1,new_H,E_to_I_rate=0.5,2.584301983658947,1.610708883100404,3.8845344102414603
2025-12-23,daily,all subpops,Age 1,new_H,E_to_I_rate=0.5,2.6922428273691974,1.6498159657280116,4.027066128730584
2025-12-24,daily,all subpops,Age 1,new_H,E_to_I_rate=0.5,2.76575321636324,1.7006151932789582,4.132785874280708
2025-12-25,daily,all subpops,Age 1,new_H,E_to_I_rate=0.5,2.816489182799157,1.7441054081760456,4.220474700550983
2025-12-26,daily,all subpops,Age 1,new_H,E_to_I_rate=0.5,2.8484056971855214,1.7773553565688947,4.29920396243047
2025-12-27,daily,all subpops,Age 1,new_H,E_to_I_rate=0.5,2.885898865119356,1.796358437928572,4.381853421210232
2025-12-28,daily,all subpops,Age 1,new_H,E_to_I_rate=0.5,2.8994627897267273,1.8041461726948012,4.4350534286581675
2025-12-29,daily,all subpops,Age 1,new_H,E_to_I_rate=0.5,2.8723803227493327,1.7923308736114278,4.38229830907259
2025-12-30,daily,all subpops,Age 1,new_H,E_to_I_rate=0.5,2.813657696667761,1.7550939294579762,4.304314880677537
2025-12-31,daily,all subpops,Age 1,new_H,E_to_I_rate=0.5,2.744350501150742,1.698327992521238,4.192986443094499
2026-01-01,daily,all subpops,Age 1,new_H,E_to_I_rate=0.5,2.6596426713117935,1.6442891154831942,4.06275689746424
2026-01-02,daily,all subpops,Age 1,new_H,E_to_I_rate=0.5,2.570952390204488,1.5967719214563032,3.9227338614231377
2026-01-03,daily,all subpops,Age 1,new_H,E_to_I_rate=0.5,2.4813434771291814,1.5466312905908064,3.7597960849088303
2026-01-04,daily,all subpops,Age 1,new_H,E_to_I_rate=0.5,2.375011422263019,1.4795294904108316,3.6118809901503726
2026-01-05,daily,all subpops,Age 1,new_H,E_to_I_rate=0.5,2.264358812183385,1.4106226862106406,3.4378433237063604
2026-01-06,daily,all subpops,Age 1,new_H,E_to_I_rate=0.5,2.1805348543399843,1.342397807628293,3.3046940512053995
2026-01-07,daily,all subpops,Age 1,new_H,E_to_I_rate=0.5,2.1019223321414975,1.2865456510886775,3.166793976401663
2026-01-08,daily,all subpops,Age 1,new_H,E_to_I_rate=0.5,2.0358350110673182,1.2675586502416956,3.0436172613130874
2026-01-09,daily,all subpops,Age 1,new_H,E_to_I_rate=0.5,1.9676596928013645,1.2165510896943097,2.967587372863809
2026-01-10,daily,all subpops,Age 1,new_H,E_to_I_rate=0.5,1.8854982553949622,1.1516565993612597,2.8624280140898453
2026-01-11,daily,all subpops,Age 1,new_H,E_to_I_rate=0.5,1.7780328822978557,1.069908455607649,2.683133455384412
2026-01-12,daily,all subpops,Age 1,new_H,E_to_I_rate=0.5,1.6503004215545736,0.9900769567503153,2.501255360952628
2026-01-13,daily,all subpops,Age 1,new_H,E_to_I_rate=0.5,1.5450907259787203,0.9265140712587799,2.365922319197036
2026-01-14,daily,all subpops,Age 1,new_H,E_to_I_rate=0.5,1.460206535582791,0.8736932672268201,2.2280713054660226
2026-01-15,daily,all subpops,Age 1,new_H,E_to_I_rate=0.5,1.3769523705420874,0.8247386819998511,2.103056135568914
2026-01-16,daily,all subpops,Age 1,new_H,E_to_I_rate=0.5,1.301910166030709,0.777328444717183,1.9795533857190584
2026-01-17,daily,all subpops,Age 1,new_H,E_to_I_rate=0.5,1.2296371249636946,0.7322803623399058,1.8931871695784936
2026-01-18,daily,all subpops,Age 1,new_H,E_to_I_rate=0.5,1.141060723848956,0.6768445417588083,1.7581772161543505
2026-01-19,daily,all subpops,Age 1,new_H,E_to_I_rate=0.5,1.0323233225609505,0.6144556655668668,1.6054643612347352
2026-01-20,daily,all subpops,Age 1,new_H,E_to_I_rate=0.5,0.9263146097414381,0.5496010098843521,1.4645012651831362
2026-01-21,daily,all subpops,Age 1,new_H,E_to_I_rate=0.5,0.8479857418396307,0.49908154473324406,1.3427372380424487
2026-01-22,daily,all subpops,Age 1,new_H,E_to_I_rate=0.5,0.783929779226406,0.45981380948946665,1.244285460678501
2026-01-23,daily,all subpops,Age 1,new_H,E_to_I_rate=0.5,0.730358890362033,0.4266697314906552,1.1562753562115506
2026-01-24,daily,all subpops,Age 1,new_H,E_to_I_rate=0.5,0.684692894848202,0.401797655211751,1.0739517558544787
2026-01-25,daily,all subpops,Age 1,new_H,E_to_I_rate=0.5,0.6356395196649536,0.37447644066697117,0.9902915137526994
2026-01-26,daily,all subpops,Age 1,new_H,E_to_I_rate=0.5,0.5837578098383456,0.3403734602305276,0.9127641000690522
2026-01-27,daily,all subpops,Age 1,new_H,E_to_I_rate=0.5,0.5438462345023052,0.31748193601198055,0.8493969911331071
2026-01-28,daily,all subpops,Age 1,new_H,E_to_I_rate=0.5,0.513373317313848,0.299364999146618,0.7926552262818122
2026-01-29,daily,all subpops,Age 1,new_H,E_to_I_rate=0.5,0.4901071195420465,0.2841413345420602,0.7569795395487997
2026-01-30,daily,all subpops,Age 1,new_H,E_to_I_rate=0.5,0.47158655029774166,0.27208182102055406,0.7219580101957566
2026-01-31,daily,all subpops,Age 1,new_H,E_to_I_rate=0.5,0.452974309399617,0.26306979062099245,0.6901316376235181
2026-02-01,daily,all subpops,Age 1,new_H,E_to_I_rate=0.5,0.4296490262780771,0.24981986086981958,0.6492342800390035
2026-02-02,daily,all subpops,Age 1,new_H,E_to_I_rate=0.5,0.39978483381845353,0.2331393914633828,0.6168443597849345
2026-02-03,daily,all subpops,Age 1,new_H,E_to_I_rate=0.5,0.3805672662437215,0.22127948576333129,0.5962676756506471
2026-02-04,daily,all subpops,Age 1,new_H,E_to_I_rate=0.5,0.36638018051427773,0.21644165309195068,0.5753452855048009
2026-02-05,daily,all subpops,Age 1,new_H,E_to_I_rate=0.5,0.3568459896144821,0.2117499819222603,0.553725020121284
2026-02-06,daily,all subpops,Age 1,new_H,E_to_I_rate=0.5,0.34849083615323695,0.20636531112093878,0.5377495894524779
2026-02-07,daily,all subpops,Age 1,new_H,E_to_I_rate=0.5,0.34051252550086486,0.2010352619976037,0.5302422767062903
2026-02-08,daily,all subpops,Age 1,new_H,E_to_I_rate=0.5,0.3264156685605478,0.19236285393492142,0.5087149875779203
2026-02-09,daily,all subpops,Age 1,new_H,E_to_I_rate=0.5,0.3098940020803103,0.18263954608775773,0.48371074207275694
2026-02-10,daily,all subpops,Age 1,new_H,E_to_I_rate=0.5,0.3007990523846191,0.17659870062741187,0.46805495299925604
2026-02-11,daily,all subpops,Age 1,new_H,E_to_I_rate=0.5,0.2938443749973635,0.1729208635048654,0.45901199778248575
2026-02-12,daily,all subpops,Age 1,new_H,E_to_I_rate=0.5,0.2880937540238572,0.1702126245572229,0.45719399200273814
2026-02-13,daily,all subpops,Age 1,new_H,E_to_I_rate=0.5,0.2859702956384399,0.16881856082106345,0.4522107232576841
2026-02-14,daily,all subpops,Age 1,new_H,E_to_I_rate=0.5,0.28429246875392455,0.16808568704971164,0.44858333127674604
2026-02-15,daily,all subpops,Age 1,new_H,E_to_I_rate=0.5,0.2755498554386734,0.16374812238111203,0.43547332991314835
2026-02-16,daily,all subpops,Age 1,new_H,E_to_I_rate=0.5,0.26182273334504835,0.1571131906134094,0.4164941489141643
2026-02-17,daily,all subpops,Age 1,new_H,E_to_I_rate=0.5,0.2485661531964906,0.14884523881169537,0.39654195264414893
2026-02-18,daily,all subpops,Age 1,new_H,E_to_I_rate=0.5,0.23438620602461632,0.14043781361064564,0.3746642172901163
2026-02-19,daily,all subpops,Age 1,new_H,E_to_I_rate=0.5,0.21956973018251585,0.12967304242882302,0.3487695605898129
2026-02-20,daily,all subpops,Age 1,new_H,E_to_I_rate=0.5,0.20568781238595218,0.11980954629147318,0.3259483366764063
2026-02-21,daily,all subpops,Age 1,new_H,E_to_I_rate=0.5,0.19378947674994754,0.11220261638936027,0.303625853237233
2026-02-22,daily,all subpops,Age 1,new_H,E_to_I_rate=0.5,0.18154355461521599,0.10474956129856565,0.2839073999963372
2026-02-23,daily,all subpops,Age 1,new_H,E_to_I_rate=0.5,0.17189936708463294,0.09814696491187166,0.26987479122410957
2026-02-24,daily,all subpops,Age 1,new_H,E_to_I_rate=0.5,0.16548442037443667,0.09425573055982343,0.26233261687297793
2026-02-25,daily,all subpops,Age 1,new_H,E_to_I_rate=0.5,0.16211958196735948,0.09248989728878104,0.2606659719952085
2026-02-26,daily,all subpops,Age 1,new_H,E_to_I_rate=0.5,0.16080111946396375,0.09193624716096781,0.26056566603983533
2026-02-27,daily,all subpops,Age 1,new_H,E_to_I_rate=0.5,0.16008735525219553,0.09173716019286153,0.2627652604005872
2026-02-28,daily,all subpops,Age 1,new_H,E_to_I_rate=0.5,0.15897869295856662,0.09172973264598659,0.26470839213855557
2026-03-01,daily,all subpops,Age 1,new_H,E_to_I_rate=0.5,0.15459502061606017,0.08876423773147411,0.258294003267977
2026-03-02,daily,all subpops,Age 1,new_H,E_to_I_rate=0.5,0.1482965391298463,0.08543532611807758,0.24808974472650103
2026-03-03,daily,all subpops,Age 1,new_H,E_to_I_rate=0.5,0.14424516994805966,0.08412686639526673,0.24162920640615673
2026-03-04,daily,all subpops,Age 1,new_H,E_to_I_rate=0.5,0.14316487626649538,0.08211540123991687,0.2403119597259506
2026-03-05,daily,all subpops,Age 1,new_H,E_to_I_rate=0.5,0.14232798871858632,0.0811369129416241,0.23997155786526236
2026-03-06,daily,all subpops,Age 1,new_H,E_to_I_rate=0.5,0.1409895541766355,0.07969463806176048,0.23840258880631382
2026-03-07,daily,all subpops,Age 1,new_H,E_to_I_rate=0.5,0.13918534688952905,0.07829760519166361,0.23734517718949447
2026-03-08,daily,all subpops,Age 1,new_H,E_to_I_rate=0.5,0.13383543087722635,0.07572596381718806,0.2295391625292208
2026-03-09,daily,all subpops,Age 1,new_H,E_to_I_rate=0.5,0.12733460686446257,0.07294347385153847,0.2181874213373152
2026-03-10,daily,all subpops,Age 1,new_H,E_to_I_rate=0.5,0.12230369462306664,0.0707885183583435,0.21078760163623406
2026-03-11,daily,all subpops,Age 1,new_H,E_to_I_rate=0.5,0.1187641796706814,0.06858912554986112,0.2048028927518858
2026-03-12,daily,all subpops,Age 1,new_H,E_to_I_rate=0.5,0.11662552083179815,0.06658872227114254,0.19919053075635879
2026-03-13,daily,all subpops,Age 1,new_H,E_to_I_rate=0.5,0.11497475863278292,0.06588827322229292,0.19667887422325428
2026-03-14,daily,all subpops,Age 1,new_H,E_to_I_rate=0.5,0.11489637707456271,0.06484304174878076,0.19651544828822584
2026-03-15,daily,all subpops,Age 1,new_H,E_to_I_rate=0.5,0.11185523557169948,0.06374332242809487,0.19162594570562116
2026-03-16,daily,all subpops,Age 1,new_H,E_to_I_rate=0.5,0.1072986704766541,0.061531456760860324,0.18364933184513324
2026-03-17,daily,all subpops,Age 1,new_H,E_to_I_rate=0.5,0.10354419810800514,0.05938464282133581,0.17674607646359405
2026-03-18,daily,all subpops,Age 1,new_H,E_to_I_rate=0.5,0.10164904679537805,0.05949032951663202,0.1738038911152943
2026-03-19,daily,all subpops,Age 1,new_H,E_to_I_rate=0.5,0.10217063440445226,0.05896671167182791,0.17342308925253216
2026-03-20,daily,all subpops,Age 1,new_H,E_to_I_rate=0.5,0.1026340581862639,0.05963843769497553,0.1740431610334901
2026-03-21,daily,all subpops,Age 1,new_H,E_to_I_rate=0.5,0.10179018282336513,0.0585403234406633,0.173569244728583
2026-03-22,daily,all subpops,Age 1,new_H,E_to_I_rate=0.5,0.09844059675055572,0.055994366721421954,0.16666377651979536
2026-03-23,daily,all subpops,Age 1,new_H,E_to_I_rate=0.5,0.09401630259231941,0.05333937816122732,0.15931616950553693
2026-03-24,daily,all subpops,Age 1,new_H,E_to_I_rate=0.5,0.09163638483262604,0.05187404947595302,0.15483538518585244
2026-03-25,daily,all subpops,Age 1,new_H,E_to_I_rate=0.5,0.09173863011768801,0.05150955455546419,0.1536851820186546
2026-03-26,daily,all subpops,Age 1,new_H,E_to_I_rate=0.5,0.09156445489287574,0.051594010122880875,0.15387784561619328
2026-03-27,daily,all subpops,Age 1,new_H,E_to_I_rate=0.5,0.09156346624587683,0.051893943138766885,0.15289493676598992
2026-03-28,daily,all subpops,Age 1,new_H,E_to_I_rate=0.5,0.09192207729151597,0.052008180556937164,0.15346985247174824
2026-03-29,daily,all subpops,Age 1,new_H,E_to_I_rate=0.5,0.09075922369305844,0.05029476903738106,0.14994459636975188
2026-03-30,daily,all subpops,Age 1,new_H,E_to_I_rate=0.5,0.08860084933193378,0.04850765946932229,0.145629691632482
2026-03-31,daily,all subpops,Age 1,new_H,E_to_I_rate=0.5,0.08719082994164773,0.04708863980302521,0.1436932633075014
2026-04-01,daily,all subpops,Age 1,new_H,E_to_I_rate=0.5,0.08634044630229158,0.04639102393301769,0.1429033681014178
2026-04-02,daily,all subpops,Age 1,new_H,E_to_I_rate=0.5,0.08530901823356199,0.0451153476171744,0.14154463657556943
2026-04-03,daily,all subpops,Age 1,new_H,E_to_I_rate=0.5,0.08538834232527637,0.04383773248670171,0.14190055445395083
2026-04-04,daily,all subpops,Age 1,new_H,E_to_I_rate=0.5,0.0843371802368548,0.04289626343569352,0.14300443424605178
2026-04-05,daily,all subpops,Age 1,new_H,E_to_I_rate=0.5,0.0817047703595851,0.04151210136748275,0.1390858285360783
2026-04-06,daily,all subpops,Age 1,new_H,E_to_I_rate=0.5,0.07814119081237014,0.040180196185502746,0.13341227938155423
2026-04-07,daily,all subpops,Age 1,new_H,E_to_I_rate=0.5,0.07603099168854813,0.039242359445967705,0.13187058130303897
2026-04-08,daily,all subpops,Age 1,new_H,E_to_I_rate=0.5,0.07544048788747018,0.039495194234077886,0.13185094752631596
2026-04-09,daily,all subpops,Age 1,new_H,E_to_I_rate=0.5,0.07609863815283249,0.04036054538390724,0.1316325068264343
2026-04-10,daily,all subpops,Age 1,new_H,E_to_I_rate=0.5,0.07659040004853054,0.04153228165698674,0.13317195131745377
2026-04-11,daily,all subpops,Age 1,new_H,E_to_I_rate=0.5,0.07670397814942614,0.04045831591452482,0.1351331047069174
2026-04-12,daily,all subpops,Age 1,new_H,E_to_I_rate=0.5,0.07504477831905924,0.03941902766965511,0.1322805108840459
2026-04-13,daily,all subpops,Age 1,new_H,E_to_I_rate=0.5,0.07216974432612151,0.03861811723781614,0.12554492419042584
2026-04-14,daily,all subpops,Age 1,new_H,E_to_I_rate=0.5,0.06990599901013966,0.038436723265890996,0.12324162307406723
2026-04-15,daily,all subpops,Age 1,new_H,E_to_I_rate=0.5,0.06774766116981998,0.03844846304342269,0.12100472543131062
2026-04-16,daily,all subpops,Age 1,new_H,E_to_I_rate=0.5,0.06601628442602261,0.037706364370909025,0.1183420734957584
2026-04-17,daily,all subpops,Age 1,new_H,E_to_I_rate=0.5,0.06477123805988755,0.036461482994683,0.11428472979671175
2026-04-18,daily,all subpops,Age 1,new_H,E_to_I_rate=0.5,0.06302281452681098,0.03555880644953684,0.1123197674871138
2026-04-19,daily,all subpops,Age 1,new_H,E_to_I_rate=0.5,0.0598557807374846,0.03391962993116074,0.10784926753310671
2026-04-20,daily,all subpops,Age 1,new_H,E_to_I_rate=0.5,0.05646774348424197,0.031669111074267814,0.10271089478944286
2026-04-21,daily,all subpops,Age 1,new_H,E_to_I_rate=0.5,0.05312226085162603,0.029805442357877864,0.09764776497064805
2026-04-22,daily,all subpops,Age 1,new_H,E_to_I_rate=0.5,0.050126537429687645,0.027828095674017582,0.09271826462412441
2026-04-23,daily,all subpops,Age 1,new_H,E_to_I_rate=0.5,0.04711087903790305,0.026421317214313716,0.08745174127647469
2026-04-24,daily,all subpops,Age 1,new_H,E_to_I_rate=0.5,0.04437078277354438,0.025032438563063426,0.08107747914180309
2026-04-25,daily,all subpops,Age 1,new_H,E_to_I_rate=0.5,0.04193208896807708,0.023459699725857368,0.07560542478501006
2026-04-26,daily,all subpops,Age 1,new_H,E_to_I_rate=0.5,0.03985111968189248,0.022066713755397992,0.07208706429085313
2026-04-27,daily,all subpops,Age 1,new_H,E_to_I_rate=0.5,0.03791566114709262,0.020611438048324698,0.0695364622362421
2026-04-28,daily,all subpops,Age 1,new_H,E_to_I_rate=0.5,0.03647284356807538,0.019749281286889846,0.0674280652848601
2026-04-29,daily,all subpops,Age 1,new_H,E_to_I_rate=0.5,0.03585215516876372,0.019008310393880585,0.06667160047547402
2026-04-30,daily,all subpops,Age 1,new_H,E_to_I_rate=0.5,0.035399413823433284,0.018388122084853645,0.06666560808299954
2026-05-01,daily,all subpops,Age 1,new_H,E_to_I_rate=0.5,0.03541258321817538,0.017801551147444927,0.06739996024050708
2026-05-02,daily,all subpops,Age 1,new_H,E_to_I_rate=0.5,0.036014888548571586,0.017894249324340743,0.069227986582066
2026-05-03,daily,all subpops,Age 1,new_H,E_to_I_rate=0.5,0.03544909864389129,0.017456209343163345,0.06956978554093798
2026-05-04,daily,all subpops,Age 1,new_H,E_to_I_rate=0.5,0.034749415710101775,0.01740682304844009,0.07014275829144519
2026-05-05,daily,all subpops,Age 1,new_H,E_to_I_rate=0.5,0.0346328136093258,0.01666048508678257,0.07209645803164162
2026-05-06,daily,all subpops,Age 1,new_H,E_to_I_rate=0.5,0.03482325800806322,0.016171575587056907,0.07574396952853503
2026-05-07,daily,all subpops,Age 1,new_H,E_to_I_rate=0.5,0.03518098146668268,0.01567956458327323,0.07742793862901025
2026-05-08,daily,all subpops,Age 1,new_H,E_to_I_rate=0.5,0.036209236519880006,0.015504898326025347,0.08329597748030707
2025-09-01,cumulative,all subpops,Age 1,new_H,E_to_I_rate=0.5,0.009404590874698238,0.0037713495055904664,0.022865772134188677
2025-09-02,cumulative,all subpops,Age 1,new_H,E_to_I_rate=0.5,0.032096335766567376,0.012893916299277549,0.07780010395731603
2025-09-03,cumulative,all subpops,Age 1,new_H,E_to_I_rate=0.5,0.06043917075916447,0.024291846974430903,0.14544060986272628
2025-09-04,cumulative,all subpops,Age 1,new_H,E_to_I_rate=0.5,0.09138119805376843,0.036911273196473686,0.21833187322718017
2025-09-05,cumulative,all subpops,Age 1,new_H,E_to_I_rate=0.5,0.12339811601566072,0.049876204005750185,0.2936543489341392
2025-09-06,cumulative,all subpops,Age 1,new_H,E_to_I_rate=0.5,0.15607073197099447,0.06334722528748017,0.36810133155344776
2025-09-07,cumulative,all subpops,Age 1,new_H,E_to_I_rate=0.5,0.1873619062290667,0.07671661646276876,0.4396721366168251
2025-09-08,cumulative,all subpops,Age 1,new_H,E_to_I_rate=0.5,0.21807193886602833,0.0897664938183776,0.5077859177751509
2025-09-09,cumulative,all subpops,Age 1,new_H,E_to_I_rate=0.5,0.24909924276025686,0.10260882463371263,0.5741185127851888
2025-09-10,cumulative,all subpops,Age 1,new_H,E_to_I_rate=0.5,0.27972745250264225,0.11571986478363912,0.6386611363578203
2025-09-11,cumulative,all subpops,Age 1,new_H,E_to_I_rate=0.5,0.3116885475459832,0.1295298340162507,0.7022975938276675
2025-09-12,cumulative,all subpops,Age 1,new_H,E_to_I_rate=0.5,0.3430321871927778,0.1433946797922307,0.770885674748406
2025-09-13,cumulative,all subpops,Age 1,new_H,E_to_I_rate=0.5,0.3779934428716459,0.157732662411339,0.845879187576502
2025-09-14,cumulative,all subpops,Age 1,new_H,E_to_I_rate=0.5,0.4114995999830006,0.17208156083971946,0.9197416684393165
2025-09-15,cumulative,all subpops,Age 1,new_H,E_to_I_rate=0.5,0.4434093604923365,0.1861702556716418,0.9909774634742934
2025-09-16,cumulative,all subpops,Age 1,new_H,E_to_I_rate=0.5,0.474234670452746,0.20236085165244877,1.0570996508578832
2025-09-17,cumulative,all subpops,Age 1,new_H,E_to_I_rate=0.5,0.5049564278325893,0.2162815024388243,1.116720894504647
2025-09-18,cumulative,all subpops,Age 1,new_H,E_to_I_rate=0.5,0.5371684459298858,0.22989775446550514,1.1755248327252217
2025-09-19,cumulative,all subpops,Age 1,new_H,E_to_I_rate=0.5,0.5737282139000724,0.24633617698460833,1.2421620376006723
2025-09-20,cumulative,all subpops,Age 1,new_H,E_to_I_rate=0.5,0.6084966055130314,0.26631078386072543,1.3119577480762554
2025-09-21,cumulative,all subpops,Age 1,new_H,E_to_I_rate=0.5,0.6428430687238949,0.28224691986387,1.3725663987289656
2025-09-22,cumulative,all subpops,Age 1,new_H,E_to_I_rate=0.5,0.6755676492731812,0.2999603046939591,1.4308752966406146
2025-09-23,cumulative,all subpops,Age 1,new_H,E_to_I_rate=0.5,0.7047896557731697,0.3146946664812191,1.488365107909895
2025-09-24,cumulative,all subpops,Age 1,new_H,E_to_I_rate=0.5,0.7339880343844527,0.33045575449782705,1.5445215528545284
2025-09-25,cumulative,all subpops,Age 1,new_H,E_to_I_rate=0.5,0.7680025815933598,0.3484041406912919,1.600850511037752
2025-09-26,cumulative,all subpops,Age 1,new_H,E_to_I_rate=0.5,0.7990248377461737,0.36426221829540895,1.6575983336007938
2025-09-27,cumulative,all subpops,Age 1,new_H,E_to_I_rate=0.5,0.8386170661386143,0.38046375232008983,1.7098051577403066
2025-09-28,cumulative,all subpops,Age 1,new_H,E_to_I_rate=0.5,0.873358703483316,0.3986313632396511,1.766839919942704
2025-09-29,cumulative,all subpops,Age 1,new_H,E_to_I_rate=0.5,0.9105752010436282,0.4163544042018568,1.828015156921964
2025-09-30,cumulative,all subpops,Age 1,new_H,E_to_I_rate=0.5,0.9395465730170498,0.43136956048966424,1.883748314334858
2025-10-01,cumulative,all subpops,Age 1,new_H,E_to_I_rate=0.5,0.9700251982309595,0.44830400226614775,1.9403258472849265
2025-10-02,cumulative,all subpops,Age 1,new_H,E_to_I_rate=0.5,0.99424443527888,0.46650314786498553,1.9971542592217197
2025-10-03,cumulative,all subpops,Age 1,new_H,E_to_I_rate=0.5,1.0234804667084836,0.4875395915916774,2.0451403549745883
2025-10-04,cumulative,all subpops,Age 1,new_H,E_to_I_rate=0.5,1.0540256260160992,0.5056303978750932,2.0907928424107305
2025-10-05,cumulative,all subpops,Age 1,new_H,E_to_I_rate=0.5,1.0851483838958882,0.5237407933465478,2.1424862027953027
2025-10-06,cumulative,all subpops,Age 1,new_H,E_to_I_rate=0.5,1.1174283231091948,0.5432309819170813,2.185627177129701
2025-10-07,cumulative,all subpops,Age 1,new_H,E_to_I_rate=0.5,1.1478269613473207,0.5631357962888551,2.239922156412525
2025-10-08,cumulative,all subpops,Age 1,new_H,E_to_I_rate=0.5,1.1826856591239407,0.5799578385879438,2.2950306229657573
2025-10-09,cumulative,all subpops,Age 1,new_H,E_to_I_rate=0.5,1.2165034363292384,0.5953225815586389,2.3626958377609384
2025-10-10,cumulative,all subpops,Age 1,new_H,E_to_I_rate=0.5,1.2530493122012945,0.6116016183288543,2.426532071193423
2025-10-11,cumulative,all subpops,Age 1,new_H,E_to_I_rate=0.5,1.2911432054887813,0.6305625146288649,2.4913055963257142
2025-10-12,cumulative,all subpops,Age 1,new_H,E_to_I_rate=0.5,1.3257456955434268,0.6509500276146345,2.5534477963592495
2025-10-13,cumulative,all subpops,Age 1,new_H,E_to_I_rate=0.5,1.3676865661893758,0.6773780525708035,2.6127143433065894
2025-10-14,cumulative,all subpops,Age 1,new_H,E_to_I_rate=0.5,1.4047660624776566,0.703966979924472,2.668742610263816
2025-10-15,cumulative,all subpops,Age 1,new_H,E_to_I_rate=0.5,1.445535449276508,0.7313404129675136,2.7182234610794342
2025-10-16,cumulative,all subpops,Age 1,new_H,E_to_I_rate=0.5,1.4830750999822007,0.7602545192186411,2.7780103724529845
2025-10-17,cumulative,all subpops,Age 1,new_H,E_to_I_rate=0.5,1.5218776294322767,0.788706083605086,2.8458796384902962
2025-10-18,cumulative,all subpops,Age 1,new_H,E_to_I_rate=0.5,1.5595612423415932,0.8099251817567352,2.908655331291842
2025-10-19,cumulative,all subpops,Age 1,new_H,E_to_I_rate=0.5,1.5970034618951374,0.8298125735836759,2.9810475774489613
2025-10-20,cumulative,all subpops,Age 1,new_H,E_to_I_rate=0.5,1.6375686808867487,0.8472326729838383,3.051487504644265
2025-10-21,cumulative,all subpops,Age 1,new_H,E_to_I_rate=0.5,1.677544081497678,0.8612411695633909,3.1212377639584687
2025-10-22,cumulative,all subpops,Age 1,new_H,E_to_I_rate=0.5,1.7209789033238474,0.8853005238692864,3.1916360239334103
2025-10-23,cumulative,all subpops,Age 1,new_H,E_to_I_rate=0.5,1.77475369923557,0.9147081727511402,3.2634366902268805
2025-10-24,cumulative,all subpops,Age 1,new_H,E_to_I_rate=0.5,1.8232745754644686,0.9482346453114122,3.3374249346242486
2025-10-25,cumulative,all subpops,Age 1,new_H,E_to_I_rate=0.5,1.8788409287333891,0.9828724714662848,3.4138504645861314
2025-10-26,cumulative,all subpops,Age 1,new_H,E_to_I_rate=0.5,1.9325302284689407,1.0169499341211072,3.4905421454902785
2025-10-27,cumulative,all subpops,Age 1,new_H,E_to_I_rate=0.5,1.9883133532010426,1.0460759835701747,3.595444126815673
2025-10-28,cumulative,all subpops,Age 1,new_H,E_to_I_rate=0.5,2.049604024862707,1.078101109011023,3.706594451029021
2025-10-29,cumulative,all subpops,Age 1,new_H,E_to_I_rate=0.5,2.11008300491695,1.1140357585300302,3.7895190259562863
2025-10-30,cumulative,all subpops,Age 1,new_H,E_to_I_rate=0.5,2.178356350225703,1.134898442862781,3.8981427817736045
2025-10-31,cumulative,all subpops,Age 1,new_H,E_to_I_rate=0.5,2.241795397651854,1.1577389258196822,4.025378824130529
2025-11-01,cumulative,all subpops,Age 1,new_H,E_to_I_rate=0.5,2.3132147756689765,1.1873460126148214,4.123236687433716
2025-11-02,cumulative,all subpops,Age 1,new_H,E_to_I_rate=0.5,2.386639290978854,1.2265982792529582,4.225438471080115
2025-11-03,cumulative,all subpops,Age 1,new_H,E_to_I_rate=0.5,2.462925015408348,1.2716002605650436,4.332024369894472
2025-11-04,cumulative,all subpops,Age 1,new_H,E_to_I_rate=0.5,2.530157101602337,1.3177782099309814,4.443104616203061
2025-11-05,cumulative,all subpops,Age 1,new_H,E_to_I_rate=0.5,2.6001548728853,1.3717316226155822,4.592891920516842
2025-11-06,cumulative,all subpops,Age 1,new_H,E_to_I_rate=0.5,2.6886116315623627,1.4298776824983521,4.763227374067811
2025-11-07,cumulative,all subpops,Age 1,new_H,E_to_I_rate=0.5,2.775535688748489,1.4951409052071039,4.882071559020314
2025-11-08,cumulative,all subpops,Age 1,new_H,E_to_I_rate=0.5,2.8855306908579434,1.5553293633753078,5.052046789554819
2025-11-09,cumulative,all subpops,Age 1,new_H,E_to_I_rate=0.5,2.9991791206586984,1.6086124353321847,5.196373651989699
2025-11-10,cumulative,all subpops,Age 1,new_H,E_to_I_rate=0.5,3.1117115757287586,1.6879420324720298,5.332446866112071
2025-11-11,cumulative,all subpops,Age 1,new_H,E_to_I_rate=0.5,3.233397715691194,1.7542958064213954,5.46704163052679
2025-11-12,cumulative,all subpops,Age 1,new_H,E_to_I_rate=0.5,3.364936347101514,1.8218549535951916,5.617031687990077
2025-11-13,cumulative,all subpops,Age 1,new_H,E_to_I_rate=0.5,3.4784246704478425,1.9177218887567662,5.772854566997007
2025-11-14,cumulative,all subpops,Age 1,new_H,E_to_I_rate=0.5,3.6033685284906944,1.99171936535269,5.969066933034054
2025-11-15,cumulative,all subpops,Age 1,new_H,E_to_I_rate=0.5,3.754735474480452,2.0936804406268132,6.1665071920745955
2025-11-16,cumulative,all subpops,Age 1,new_H,E_to_I_rate=0.5,3.899778673745973,2.1975124948800278,6.352592879776889
2025-11-17,cumulative,all subpops,Age 1,new_H,E_to_I_rate=0.5,4.0353091576236535,2.2965356630751645,6.579479211260857
2025-11-18,cumulative,all subpops,Age 1,new_H,E_to_I_rate=0.5,4.194776671456711,2.399423216209927,6.818801762916556
2025-11-19,cumulative,all subpops,Age 1,new_H,E_to_I_rate=0.5,4.371784559986118,2.4905783636146035,7.05603770824198
2025-11-20,cumulative,all subpops,Age 1,new_H,E_to_I_rate=0.5,4.572079777237934,2.6022387307425445,7.324174474690487
2025-11-21,cumulative,all subpops,Age 1,new_H,E_to_I_rate=0.5,4.810564104101327,2.7467602191205605,7.638839583488393
2025-11-22,cumulative,all subpops,Age 1,new_H,E_to_I_rate=0.5,5.041621620922457,2.906208048223435,8.010210943307099
2025-11-23,cumulative,all subpops,Age 1,new_H,E_to_I_rate=0.5,5.268995876339996,3.0662626566003635,8.358336385525961
2025-11-24,cumulative,all subpops,Age 1,new_H,E_to_I_rate=0.5,5.5151234998975935,3.212039329482914,8.752425980788491
2025-11-25,cumulative,all subpops,Age 1,new_H,E_to_I_rate=0.5,5.80095707317944,3.3722547875283806,9.109959913489705
2025-11-26,cumulative,all subpops,Age 1,new_H,E_to_I_rate=0.5,6.121233042619268,3.5506125441874863,9.53913436837167
2025-11-27,cumulative,all subpops,Age 1,new_H,E_to_I_rate=0.5,6.466751698751905,3.747393784270227,10.00424549061352
2025-11-28,cumulative,all subpops,Age 1,new_H,E_to_I_rate=0.5,6.82942941794881,3.9448564354936306,10.484222283638456
2025-11-29,cumulative,all subpops,Age 1,new_H,E_to_I_rate=0.5,7.199557760206288,4.17300331859737,10.920103499832663
2025-11-30,cumulative,all subpops,Age 1,new_H,E_to_I_rate=0.5,7.543855941632183,4.3954529721797035,11.360464716941012
2025-12-01,cumulative,all subpops,Age 1,new_H,E_to_I_rate=0.5,7.896860392215579,4.593477619099725,11.831002905933303
2025-12-02,cumulative,all subpops,Age 1,new_H,E_to_I_rate=0.5,8.280404038122526,4.829972778908874,12.386410636104873
2025-12-03,cumulative,all subpops,Age 1,new_H,E_to_I_rate=0.5,8.68346685372942,5.11663613150225,12.948718326397092
2025-12-04,cumulative,all subpops,Age 1,new_H,E_to_I_rate=0.5,9.146894660542126,5.428895686965299,13.63850437609072
2025-12-05,cumulative,all subpops,Age 1,new_H,E_to_I_rate=0.5,9.679190307703117,5.735394335172985,14.434099912408554
2025-12-06,cumulative,all subpops,Age 1,new_H,E_to_I_rate=0.5,10.242232210643671,6.0753785592246885,15.378352444670345
2025-12-07,cumulative,all subpops,Age 1,new_H,E_to_I_rate=0.5,10.897251503860996,6.451238191890997,16.38291161238359
2025-12-08,cumulative,all subpops,Age 1,new_H,E_to_I_rate=0.5,11.500797580100377,6.86332837258106,17.45936048351113
2025-12-09,cumulative,all subpops,Age 1,new_H,E_to_I_rate=0.5,12.257358916432402,7.311340750690144,18.548268612297345
2025-12-10,cumulative,all subpops,Age 1,new_H,E_to_I_rate=0.5,13.102899541275837,7.815705306677465,19.763708148938726
2025-12-11,cumulative,all subpops,Age 1,new_H,E_to_I_rate=0.5,14.01190743023199,8.383596399057202,21.128665321481066
2025-12-12,cumulative,all subpops,Age 1,new_H,E_to_I_rate=0.5,15.045194038578625,9.032493058591733,22.71752276269905
2025-12-13,cumulative,all subpops,Age 1,new_H,E_to_I_rate=0.5,16.25979153297518,9.731218098279061,24.44796907645505
2025-12-14,cumulative,all subpops,Age 1,new_H,E_to_I_rate=0.5,17.4838399244385,10.458300422246722,26.339846585275936
2025-12-15,cumulative,all subpops,Age 1,new_H,E_to_I_rate=0.5,18.862554605874596,11.226197925094434,28.349334191536077
2025-12-16,cumulative,all subpops,Age 1,new_H,E_to_I_rate=0.5,20.326061964034345,12.174633498455508,30.602763505665532
2025-12-17,cumulative,all subpops,Age 1,new_H,E_to_I_rate=0.5,21.930006774678567,13.119837189937575,33.201027904008676
2025-12-18,cumulative,all subpops,Age 1,new_H,E_to_I_rate=0.5,23.727431034043256,14.152008953549842,36.0666273633219
2025-12-19,cumulative,all subpops,Age 1,new_H,E_to_I_rate=0.5,25.821731017978397,15.30932250181865,39.391669186635994
2025-12-20,cumulative,all subpops,Age 1,new_H,E_to_I_rate=0.5,28.10492408949056,16.599839305483666,42.84331020485715
2025-12-21,cumulative,all subpops,Age 1,new_H,E_to_I_rate=0.5,30.510202429996504,18.02063220041366,46.52292033658847
2025-12-22,cumulative,all subpops,Age 1,new_H,E_to_I_rate=0.5,33.124804281124035,19.665407400285922,50.37237206909437
2025-12-23,cumulative,all subpops,Age 1,new_H,E_to_I_rate=0.5,35.73878356637075,21.403409926589273,54.36340521935128
2025-12-24,cumulative,all subpops,Age 1,new_H,E_to_I_rate=0.5,38.53537478659471,23.21135432126768,58.50678889425978
2025-12-25,cumulative,all subpops,Age 1,new_H,E_to_I_rate=0.5,41.427872763171656,24.984331989930713,62.674213163881504
2025-12-26,cumulative,all subpops,Age 1,new_H,E_to_I_rate=0.5,44.34242970176621,26.965572075021882,66.92522284757455
2025-12-27,cumulative,all subpops,Age 1,new_H,E_to_I_rate=0.5,47.180917147465365,28.764436564133174,71.24906352010935
2025-12-28,cumulative,all subpops,Age 1,new_H,E_to_I_rate=0.5,50.14402146571039,30.67357765782215,75.63071161718153
2025-12-29,cumulative,all subpops,Age 1,new_H,E_to_I_rate=0.5,53.11309773616139,32.604535776146996,79.62762644545819
2025-12-30,cumulative,all subpops,Age 1,new_H,E_to_I_rate=0.5,55.76622557772051,34.34577849040555,83.949775437944
2025-12-31,cumulative,all subpops,Age 1,new_H,E_to_I_rate=0.5,58.50228591924477,35.97995546666322,88.2369218444107
2026-01-01,cumulative,all subpops,Age 1,new_H,E_to_I_rate=0.5,61.24071338848687,37.56194484541853,92.19527134739283
2026-01-02,cumulative,all subpops,Age 1,new_H,E_to_I_rate=0.5,63.893845408561816,39.101539131677924,96.08113801753984
2026-01-03,cumulative,all subpops,Age 1,new_H,E_to_I_rate=0.5,66.45686505961586,40.58204695007601,99.90545157557608
2026-01-04,cumulative,all subpops,Age 1,new_H,E_to_I_rate=0.5,68.92938455148516,41.99656446672936,103.53352284326864
2026-01-05,cumulative,all subpops,Age 1,new_H,E_to_I_rate=0.5,71.28249062436169,43.34226007320242,106.9602581827642
2026-01-06,cumulative,all subpops,Age 1,new_H,E_to_I_rate=0.5,73.54275624918424,44.636598997246146,110.22700269519028
2026-01-07,cumulative,all subpops,Age 1,new_H,E_to_I_rate=0.5,75.66441850341641,45.887904556226964,113.46807230542474
2026-01-08,cumulative,all subpops,Age 1,new_H,E_to_I_rate=0.5,77.75154231977032,47.0974991594583,116.67240782228241
2026-01-09,cumulative,all subpops,Age 1,new_H,E_to_I_rate=0.5,79.70179450178006,48.26662141606042,119.7758183859045
2026-01-10,cumulative,all subpops,Age 1,new_H,E_to_I_rate=0.5,81.60383817797245,49.39161942397651,122.70314053615907
2026-01-11,cumulative,all subpops,Age 1,new_H,E_to_I_rate=0.5,83.40291052265192,50.451063580621586,125.29312316843394
2026-01-12,cumulative,all subpops,Age 1,new_H,E_to_I_rate=0.5,85.08799135870811,51.48003518100988,127.59865041193976
2026-01-13,cumulative,all subpops,Age 1,new_H,E_to_I_rate=0.5,86.66055272920829,52.456378965547096,129.73351535655044
2026-01-14,cumulative,all subpops,Age 1,new_H,E_to_I_rate=0.5,88.20474232432778,53.38330728265778,131.74645286396125
2026-01-15,cumulative,all subpops,Age 1,new_H,E_to_I_rate=0.5,89.60315089068297,54.26386815639236,133.6414417463247
2026-01-16,cumulative,all subpops,Age 1,new_H,E_to_I_rate=0.5,90.90161066788102,55.10932091005954,135.42529929541715
2026-01-17,cumulative,all subpops,Age 1,new_H,E_to_I_rate=0.5,92.13083173983057,55.91606831881031,137.1097159838761
2026-01-18,cumulative,all subpops,Age 1,new_H,E_to_I_rate=0.5,93.30546066360768,56.667915703048536,138.66866437001178
2026-01-19,cumulative,all subpops,Age 1,new_H,E_to_I_rate=0.5,94.41006277683272,57.355513021983455,140.0841010562727
2026-01-20,cumulative,all subpops,Age 1,new_H,E_to_I_rate=0.5,95.34642083439226,57.979628153100656,141.3602518385958
2026-01-21,cumulative,all subpops,Age 1,new_H,E_to_I_rate=0.5,96.15698380865763,58.55534919428243,142.53181985273773
2026-01-22,cumulative,all subpops,Age 1,new_H,E_to_I_rate=0.5,96.92055187991232,59.09381632756115,143.65112989487582
2026-01-23,cumulative,all subpops,Age 1,new_H,E_to_I_rate=0.5,97.7318125217655,59.60061892108507,144.69429636739318
2026-01-24,cumulative,all subpops,Age 1,new_H,E_to_I_rate=0.5,98.4359318412629,60.07935025353779,145.67070325545276
2026-01-25,cumulative,all subpops,Age 1,new_H,E_to_I_rate=0.5,99.03935983339319,60.52554870291869,146.57465840523417
2026-01-26,cumulative,all subpops,Age 1,new_H,E_to_I_rate=0.5,99.58970620212827,60.93744871025649,147.40405756051294
2026-01-27,cumulative,all subpops,Age 1,new_H,E_to_I_rate=0.5,100.0987382771284,61.32271104439804,148.17486823553705
2026-01-28,cumulative,all subpops,Age 1,new_H,E_to_I_rate=0.5,100.57865874125648,61.688105978983806,148.90137585343848
2026-01-29,cumulative,all subpops,Age 1,new_H,E_to_I_rate=0.5,101.02042093853382,62.037742313715526,149.59249464925648
2026-01-30,cumulative,all subpops,Age 1,new_H,E_to_I_rate=0.5,101.4434422338582,62.374497042496195,150.25450563196617
2026-01-31,cumulative,all subpops,Age 1,new_H,E_to_I_rate=0.5,101.85987004097217,62.69956597994032,150.89037459179582
2026-02-01,cumulative,all subpops,Age 1,new_H,E_to_I_rate=0.5,102.26800753806356,63.00756847579483,151.4903075823588
2026-02-02,cumulative,all subpops,Age 1,new_H,E_to_I_rate=0.5,102.65049075545978,63.295894117248565,152.04972092202206
2026-02-03,cumulative,all subpops,Age 1,new_H,E_to_I_rate=0.5,103.01419780844242,63.56967438047666,152.57888901422862
2026-02-04,cumulative,all subpops,Age 1,new_H,E_to_I_rate=0.5,103.3647329546243,63.832921576200455,153.08654669541033
2026-02-05,cumulative,all subpops,Age 1,new_H,E_to_I_rate=0.5,103.7055285540944,64.0877791592186,153.62729381535425
2026-02-06,cumulative,all subpops,Age 1,new_H,E_to_I_rate=0.5,104.03904636298854,64.33567825262864,154.17764083266886
2026-02-07,cumulative,all subpops,Age 1,new_H,E_to_I_rate=0.5,104.37442289835059,64.57661372172299,154.71518422106084
2026-02-08,cumulative,all subpops,Age 1,new_H,E_to_I_rate=0.5,104.72492823877857,64.80603644902067,155.2298948686296
2026-02-09,cumulative,all subpops,Age 1,new_H,E_to_I_rate=0.5,105.08324542626747,65.02202149663249,155.71804765867523
2026-02-10,cumulative,all subpops,Age 1,new_H,E_to_I_rate=0.5,105.40312282362535,65.2284162397518,156.18908311542134
2026-02-11,cumulative,all subpops,Age 1,new_H,E_to_I_rate=0.5,105.71739171321309,65.42785550853775,156.6489293743546
2026-02-12,cumulative,all subpops,Age 1,new_H,E_to_I_rate=0.5,106.05227684221714,65.62141375644352,157.09975159794828
2026-02-13,cumulative,all subpops,Age 1,new_H,E_to_I_rate=0.5,106.41758709321516,65.81010672050569,157.544337233247
2026-02-14,cumulative,all subpops,Age 1,new_H,E_to_I_rate=0.5,106.75167650988075,65.99414515818609,157.98371949359202
2026-02-15,cumulative,all subpops,Age 1,new_H,E_to_I_rate=0.5,107.06802949263488,66.1698126985396,158.40841835478003
2026-02-16,cumulative,all subpops,Age 1,new_H,E_to_I_rate=0.5,107.35170714642288,66.33457557397816,158.81177146893654
2026-02-17,cumulative,all subpops,Age 1,new_H,E_to_I_rate=0.5,107.58693495872409,66.48758712427721,159.19111738699144
2026-02-18,cumulative,all subpops,Age 1,new_H,E_to_I_rate=0.5,107.78652912110886,66.62893432287137,159.54554092767145
2026-02-19,cumulative,all subpops,Age 1,new_H,E_to_I_rate=0.5,107.9750993770261,66.75935119854284,159.8756340047865
2026-02-20,cumulative,all subpops,Age 1,new_H,E_to_I_rate=0.5,108.15373056063021,66.88001873051145,160.18344347458532
2026-02-21,cumulative,all subpops,Age 1,new_H,E_to_I_rate=0.5,108.32344040160717,66.99209163768838,160.4708884068134
2026-02-22,cumulative,all subpops,Age 1,new_H,E_to_I_rate=0.5,108.48805396358352,67.09665240788316,160.73984077763097
2026-02-23,cumulative,all subpops,Age 1,new_H,E_to_I_rate=0.5,108.65734288126708,67.19494684516361,160.99498172749145
2026-02-24,cumulative,all subpops,Age 1,new_H,E_to_I_rate=0.5,108.82104303346148,67.28965054311523,161.26867301731772
2026-02-25,cumulative,all subpops,Age 1,new_H,E_to_I_rate=0.5,108.98083725459236,67.38280956064041,161.5389679312391
2026-02-26,cumulative,all subpops,Age 1,new_H,E_to_I_rate=0.5,109.14303070098049,67.47547472334314,161.80760905936793
2026-02-27,cumulative,all subpops,Age 1,new_H,E_to_I_rate=0.5,109.30751264813685,67.56845325117118,162.07555149604426
2026-02-28,cumulative,all subpops,Age 1,new_H,E_to_I_rate=0.5,109.45471558569363,67.66216941848988,162.34296701534942
2026-03-01,cumulative,all subpops,Age 1,new_H,E_to_I_rate=0.5,109.61592876875578,67.7547859911422,162.6038152005764
2026-03-02,cumulative,all subpops,Age 1,new_H,E_to_I_rate=0.5,109.78267891808653,67.84545351887779,162.85514597054018
2026-03-03,cumulative,all subpops,Age 1,new_H,E_to_I_rate=0.5,109.93017046193367,67.93621145160255,163.10193937382283
2026-03-04,cumulative,all subpops,Age 1,new_H,E_to_I_rate=0.5,110.07345302218603,68.02816552239535,163.34649931780973
2026-03-05,cumulative,all subpops,Age 1,new_H,E_to_I_rate=0.5,110.21355597123751,68.12154686371656,163.588985217058
2026-03-06,cumulative,all subpops,Age 1,new_H,E_to_I_rate=0.5,110.3505926258841,68.21644658735073,163.82951107310637
2026-03-07,cumulative,all subpops,Age 1,new_H,E_to_I_rate=0.5,110.4841958468585,68.31247679440385,164.06729030067072
2026-03-08,cumulative,all subpops,Age 1,new_H,E_to_I_rate=0.5,110.61147503529173,68.40702684375002,164.2966477910028
2026-03-09,cumulative,all subpops,Age 1,new_H,E_to_I_rate=0.5,110.73635090587604,68.49845733971921,164.5277442666806
2026-03-10,cumulative,all subpops,Age 1,new_H,E_to_I_rate=0.5,110.86523566612232,68.58799655570621,164.7593738749454
2026-03-11,cumulative,all subpops,Age 1,new_H,E_to_I_rate=0.5,110.99055327123831,68.676503559287,164.9831925579715
2026-03-12,cumulative,all subpops,Age 1,new_H,E_to_I_rate=0.5,111.11268808672492,68.76416940993849,165.1998128828143
2026-03-13,cumulative,all subpops,Age 1,new_H,E_to_I_rate=0.5,111.23240116251382,68.85130351113399,165.39830997237837
2026-03-14,cumulative,all subpops,Age 1,new_H,E_to_I_rate=0.5,111.35036684012827,68.9380157768972,165.5750918860564
2026-03-15,cumulative,all subpops,Age 1,new_H,E_to_I_rate=0.5,111.46425401026954,69.02229577584309,165.74668180025793
2026-03-16,cumulative,all subpops,Age 1,new_H,E_to_I_rate=0.5,111.57255945598604,69.10285812364424,165.9106316647399
2026-03-17,cumulative,all subpops,Age 1,new_H,E_to_I_rate=0.5,111.67622717769405,69.18046833547784,166.06817435324697
2026-03-18,cumulative,all subpops,Age 1,new_H,E_to_I_rate=0.5,111.77718671590509,69.25634886752579,166.2220542260533
2026-03-19,cumulative,all subpops,Age 1,new_H,E_to_I_rate=0.5,111.87721139598057,69.33150798955035,166.3747255794116
2026-03-20,cumulative,all subpops,Age 1,new_H,E_to_I_rate=0.5,111.97093775590807,69.40640037561572,166.53814087388176
2026-03-21,cumulative,all subpops,Age 1,new_H,E_to_I_rate=0.5,112.0581146378326,69.48081563696758,166.7008838132103
2026-03-22,cumulative,all subpops,Age 1,new_H,E_to_I_rate=0.5,112.1491317326095,69.55303623327467,166.85861708976387
2026-03-23,cumulative,all subpops,Age 1,new_H,E_to_I_rate=0.5,112.25054617351775,69.62214071278898,167.00917130620337
2026-03-24,cumulative,all subpops,Age 1,new_H,E_to_I_rate=0.5,112.34949382330132,69.68949028195107,167.1557398439178
2026-03-25,cumulative,all subpops,Age 1,new_H,E_to_I_rate=0.5,112.44775353897774,69.75632680009629,167.301466085677
2026-03-26,cumulative,all subpops,Age 1,new_H,E_to_I_rate=0.5,112.54598636459899,69.82323452964738,167.4476913759208
2026-03-27,cumulative,all subpops,Age 1,new_H,E_to_I_rate=0.5,112.64402066840611,69.89038093586117,167.59430207805096
2026-03-28,cumulative,all subpops,Age 1,new_H,E_to_I_rate=0.5,112.74204016189417,69.95794418053376,167.74195962135772
2026-03-29,cumulative,all subpops,Age 1,new_H,E_to_I_rate=0.5,112.83856365502956,70.02474418205725,167.88880170548435
2026-03-30,cumulative,all subpops,Age 1,new_H,E_to_I_rate=0.5,112.93241222198957,70.0899810122482,168.0304883734625
2026-03-31,cumulative,all subpops,Age 1,new_H,E_to_I_rate=0.5,113.02435155794046,70.15447343601272,168.1596637214915
2026-04-01,cumulative,all subpops,Age 1,new_H,E_to_I_rate=0.5,113.11464947879465,70.21860721410071,168.28866227700462
2026-04-02,cumulative,all subpops,Age 1,new_H,E_to_I_rate=0.5,113.20348095054462,70.28247344991345,168.41773209341238
2026-04-03,cumulative,all subpops,Age 1,new_H,E_to_I_rate=0.5,113.29156766083426,70.34632863483259,168.54765247426613
2026-04-04,cumulative,all subpops,Age 1,new_H,E_to_I_rate=0.5,113.37863083978283,70.40984603793221,168.6778266880914
2026-04-05,cumulative,all subpops,Age 1,new_H,E_to_I_rate=0.5,113.4626424171762,70.47139162638072,168.80485246379888
2026-04-06,cumulative,all subpops,Age 1,new_H,E_to_I_rate=0.5,113.54257313328608,70.53004610944929,168.9268360205915
2026-04-07,cumulative,all subpops,Age 1,new_H,E_to_I_rate=0.5,113.62030844690082,70.58685593699575,169.0462833777385
2026-04-08,cumulative,all subpops,Age 1,new_H,E_to_I_rate=0.5,113.69726874678211,70.63891897163568,169.16506414841496
2026-04-09,cumulative,all subpops,Age 1,new_H,E_to_I_rate=0.5,113.78894168613982,70.6829752481792,169.28407187423258
2026-04-10,cumulative,all subpops,Age 1,new_H,E_to_I_rate=0.5,113.89160796674784,70.72804931737483,169.40335325775652
2026-04-11,cumulative,all subpops,Age 1,new_H,E_to_I_rate=0.5,113.99449870181002,70.7739252023377,169.52190395244187
2026-04-12,cumulative,all subpops,Age 1,new_H,E_to_I_rate=0.5,114.08764139339803,70.81943289819053,169.6366797869165
2026-04-13,cumulative,all subpops,Age 1,new_H,E_to_I_rate=0.5,114.17607039008809,70.86394038994167,169.7460126843277
2026-04-14,cumulative,all subpops,Age 1,new_H,E_to_I_rate=0.5,114.26135029199929,70.90794688227719,169.85077511640688
2026-04-15,cumulative,all subpops,Age 1,new_H,E_to_I_rate=0.5,114.34375472520202,70.9517041998097,169.95163987998075
2026-04-16,cumulative,all subpops,Age 1,new_H,E_to_I_rate=0.5,114.42335816096872,70.99519948585268,170.04891577929897
2026-04-17,cumulative,all subpops,Age 1,new_H,E_to_I_rate=0.5,114.50023541057186,71.03931288239701,170.14283974810945
2026-04-18,cumulative,all subpops,Age 1,new_H,E_to_I_rate=0.5,114.57438814447502,71.0832197512473,170.23345286812915
2026-04-19,cumulative,all subpops,Age 1,new_H,E_to_I_rate=0.5,114.6446501605669,71.12552893356572,170.3192879830487
2026-04-20,cumulative,all subpops,Age 1,new_H,E_to_I_rate=0.5,114.71038073269747,71.16557933161425,170.39949525367163
2026-04-21,cumulative,all subpops,Age 1,new_H,E_to_I_rate=0.5,114.77171572572374,71.20319422509577,170.47413145166547
2026-04-22,cumulative,all subpops,Age 1,new_H,E_to_I_rate=0.5,114.82892749929505,71.23834903905806,170.54348585054174
2026-04-23,cumulative,all subpops,Age 1,new_H,E_to_I_rate=0.5,114.8820981328128,71.2710035669847,170.6077390112746
2026-04-24,cumulative,all subpops,Age 1,new_H,E_to_I_rate=0.5,114.93142333293625,71.30120996334303,170.6672023658112
2026-04-25,cumulative,all subpops,Age 1,new_H,E_to_I_rate=0.5,114.97729003521552,71.3291277643499,170.72236593871932
2026-04-26,cumulative,all subpops,Age 1,new_H,E_to_I_rate=0.5,115.02001103549236,71.35489941306717,170.77364078099455
2026-04-27,cumulative,all subpops,Age 1,new_H,E_to_I_rate=0.5,115.05987219659391,71.37867561438902,170.8214199408996
2026-04-28,cumulative,all subpops,Age 1,new_H,E_to_I_rate=0.5,115.09653578806413,71.40089822174977,170.86669854094714
2026-04-29,cumulative,all subpops,Age 1,new_H,E_to_I_rate=0.5,115.1303543753518,71.4219200533173,170.91018491815947
2026-04-30,cumulative,all subpops,Age 1,new_H,E_to_I_rate=0.5,115.16375652847239,71.44195046091866,170.95221848978147
2026-05-01,cumulative,all subpops,Age 1,new_H,E_to_I_rate=0.5,115.19694068119654,71.46115914058554,170.9930404114751
2026-05-02,cumulative,all subpops,Age 1,new_H,E_to_I_rate=0.5,115.22841027271996,71.47967845454491,171.03281709009855
2026-05-03,cumulative,all subpops,Age 1,new_H,E_to_I_rate=0.5,115.25892005221218,71.49728917251127,171.07093300589872
2026-05-04,cumulative,all subpops,Age 1,new_H,E_to_I_rate=0.5,115.28879794063474,71.51392741806602,171.10712720158222
2026-05-05,cumulative,all subpops,Age 1,new_H,E_to_I_rate=0.5,115.31859469253745,71.52989226521757,171.14194306324228
2026-05-06,cumulative,all subpops,Age 1,new_H,E_to_I_rate=0.5,115.34866702947613,71.54537842992055,171.17569457121428
2026-05-07,cumulative,all subpops,Age 1,new_H,E_to_I_rate=0.5,115.37928427720671,71.56051143895958,171.2085471071297
2026-05-08,cumulative,all subpops,Age 1,new_H,E_to_I_rate=0.5,115.40958935469878,71.5754811012905,171.31514325346305
2025-09-01,daily,all subpops,Age 2,new_H,E_to_I_rate=0.5,0.006554346428123229,0.002517410150741289,0.015796825577058957
2025-09-02,daily,all subpops,Age 2,new_H,E_to_I_rate=0.5,0.015954401180957818,0.006128786955682233,0.03848125033843744
2025-09-03,daily,all subpops,Age 2,new_H,E_to_I_rate=0.5,0.02094518801936429,0.008116087382986135,0.050619340838922534
2025-09-04,daily,all subpops,Age 2,new_H,E_to_I_rate=0.5,0.0246561325432706,0.009704942468464291,0.05967102517970671
2025-09-05,daily,all subpops,Age 2,new_H,E_to_I_rate=0.5,0.028034936456781106,0.011241799646971718,0.06761801123114444
2025-09-06,daily,all subpops,Age 2,new_H,E_to_I_rate=0.5,0.030911141618388337,0.01255404176069889,0.07400821002465803
2025-09-07,daily,all subpops,Age 2,new_H,E_to_I_rate=0.5,0.03110842187817607,0.012803928814750738,0.0743275529332396
2025-09-08,daily,all subpops,Age 2,new_H,E_to_I_rate=0.5,0.030005041171403138,0.012453569285329277,0.07050475946482102
2025-09-09,daily,all subpops,Age 2,new_H,E_to_I_rate=0.5,0.030982414212397197,0.012983923639696485,0.07173110328848302
2025-09-10,daily,all subpops,Age 2,new_H,E_to_I_rate=0.5,0.032834685486197016,0.014195192872342083,0.07531431355417227
2025-09-11,daily,all subpops,Age 2,new_H,E_to_I_rate=0.5,0.03541870060197313,0.0156406616807158,0.07867956510948006
2025-09-12,daily,all subpops,Age 2,new_H,E_to_I_rate=0.5,0.038098703203233386,0.017289238954269405,0.08209167078062302
2025-09-13,daily,all subpops,Age 2,new_H,E_to_I_rate=0.5,0.040785039797007,0.018458536747640353,0.08637950954651875
2025-09-14,daily,all subpops,Age 2,new_H,E_to_I_rate=0.5,0.03992340194805859,0.0181783000204981,0.08460194078756299
2025-09-15,daily,all subpops,Age 2,new_H,E_to_I_rate=0.5,0.0376436614622163,0.017209921856842916,0.08014457614721367
2025-09-16,daily,all subpops,Age 2,new_H,E_to_I_rate=0.5,0.03703828549413518,0.01730770861034269,0.08008544746739248
2025-09-17,daily,all subpops,Age 2,new_H,E_to_I_rate=0.5,0.03808168527294639,0.017827215003640613,0.08209820644996207
2025-09-18,daily,all subpops,Age 2,new_H,E_to_I_rate=0.5,0.04025594584670303,0.019101618774424352,0.08511119937795257
2025-09-19,daily,all subpops,Age 2,new_H,E_to_I_rate=0.5,0.04217176946300595,0.020131875696495934,0.08960298416448403
2025-09-20,daily,all subpops,Age 2,new_H,E_to_I_rate=0.5,0.043720107711118464,0.021012659234797032,0.09314218778241103
2025-09-21,daily,all subpops,Age 2,new_H,E_to_I_rate=0.5,0.04232489051014195,0.020474418946665403,0.09041073485243879
2025-09-22,daily,all subpops,Age 2,new_H,E_to_I_rate=0.5,0.03965154959843803,0.019192314105369507,0.08426807485865734
2025-09-23,daily,all subpops,Age 2,new_H,E_to_I_rate=0.5,0.03866433700640132,0.01889152989947093,0.0818783978951012
2025-09-24,daily,all subpops,Age 2,new_H,E_to_I_rate=0.5,0.039549875572541596,0.01914305817847587,0.08189467318779504
2025-09-25,daily,all subpops,Age 2,new_H,E_to_I_rate=0.5,0.04038593017338126,0.01953512142438002,0.08406604625337741
2025-09-26,daily,all subpops,Age 2,new_H,E_to_I_rate=0.5,0.04178322908305519,0.019901848832756582,0.08575760388475187
2025-09-27,daily,all subpops,Age 2,new_H,E_to_I_rate=0.5,0.04266609975169225,0.02011896169180022,0.08686579903721468
2025-09-28,daily,all subpops,Age 2,new_H,E_to_I_rate=0.5,0.04076648642046962,0.019546185375579728,0.08338586374095622
2025-09-29,daily,all subpops,Age 2,new_H,E_to_I_rate=0.5,0.03758700101762487,0.018088710409541343,0.07796641619465135
2025-09-30,daily,all subpops,Age 2,new_H,E_to_I_rate=0.5,0.03643851607194537,0.01744655174575238,0.07537896805506443
2025-10-01,daily,all subpops,Age 2,new_H,E_to_I_rate=0.5,0.03717368259438861,0.018007230625407763,0.07685773138802036
2025-10-02,daily,all subpops,Age 2,new_H,E_to_I_rate=0.5,0.039283313030900255,0.01847969248286799,0.08243208517338933
2025-10-03,daily,all subpops,Age 2,new_H,E_to_I_rate=0.5,0.04142584897725148,0.01899958509116229,0.08668542980348506
2025-10-04,daily,all subpops,Age 2,new_H,E_to_I_rate=0.5,0.043530515797684105,0.019451855432940413,0.09116961734962278
2025-10-05,daily,all subpops,Age 2,new_H,E_to_I_rate=0.5,0.0422269876245546,0.018610277078546733,0.08973242959036787
2025-10-06,daily,all subpops,Age 2,new_H,E_to_I_rate=0.5,0.03939675462025985,0.017201818896739315,0.08388701363821208
2025-10-07,daily,all subpops,Age 2,new_H,E_to_I_rate=0.5,0.038914957125344984,0.01694823923986731,0.08282499058192717
2025-10-08,daily,all subpops,Age 2,new_H,E_to_I_rate=0.5,0.0402457951144396,0.01760053374113781,0.08592436322114431
2025-10-09,daily,all subpops,Age 2,new_H,E_to_I_rate=0.5,0.042504256370400645,0.01842775096731381,0.09131673914550567
2025-10-10,daily,all subpops,Age 2,new_H,E_to_I_rate=0.5,0.045971824971027975,0.019939114731380398,0.09748210314365761
2025-10-11,daily,all subpops,Age 2,new_H,E_to_I_rate=0.5,0.04964698550816059,0.021200722076393237,0.1043096132908031
2025-10-12,daily,all subpops,Age 2,new_H,E_to_I_rate=0.5,0.04945364320743368,0.020970832407790362,0.10398284660223557
2025-10-13,daily,all subpops,Age 2,new_H,E_to_I_rate=0.5,0.046388055897910965,0.019559755336649543,0.09655896631719871
2025-10-14,daily,all subpops,Age 2,new_H,E_to_I_rate=0.5,0.04286406136201037,0.018064987756269493,0.0883024503130144
2025-10-15,daily,all subpops,Age 2,new_H,E_to_I_rate=0.5,0.04294419623391827,0.018153629071339664,0.08742365300098985
2025-10-16,daily,all subpops,Age 2,new_H,E_to_I_rate=0.5,0.045617484123167094,0.01945757223508802,0.09518850838128397
2025-10-17,daily,all subpops,Age 2,new_H,E_to_I_rate=0.5,0.05025768322667583,0.020939725634027715,0.10531874908148181
2025-10-18,daily,all subpops,Age 2,new_H,E_to_I_rate=0.5,0.05433884504738232,0.022354657376249105,0.1141166847165472
2025-10-19,daily,all subpops,Age 2,new_H,E_to_I_rate=0.5,0.05476783419623482,0.02242499076138398,0.11324040014586963
2025-10-20,daily,all subpops,Age 2,new_H,E_to_I_rate=0.5,0.05197595153268361,0.021621628323760505,0.10738251610825611
2025-10-21,daily,all subpops,Age 2,new_H,E_to_I_rate=0.5,0.05261495603951118,0.022042199989083286,0.10786183095736608
2025-10-22,daily,all subpops,Age 2,new_H,E_to_I_rate=0.5,0.05614666125230809,0.0240755957543381,0.11745737510144025
2025-10-23,daily,all subpops,Age 2,new_H,E_to_I_rate=0.5,0.06097662106065077,0.026325718027737303,0.12994254825190968
2025-10-24,daily,all subpops,Age 2,new_H,E_to_I_rate=0.5,0.06713880197268227,0.029173068161437218,0.13981402277795874
2025-10-25,daily,all subpops,Age 2,new_H,E_to_I_rate=0.5,0.07271885895560998,0.032184481746335945,0.15028219603407247
2025-10-26,daily,all subpops,Age 2,new_H,E_to_I_rate=0.5,0.07274018800454377,0.032581503569136284,0.15176180777221515
2025-10-27,daily,all subpops,Age 2,new_H,E_to_I_rate=0.5,0.070400951807225,0.031485474972281095,0.14422826411702777
2025-10-28,daily,all subpops,Age 2,new_H,E_to_I_rate=0.5,0.07209511682146486,0.03264593003415103,0.14559635701935034
2025-10-29,daily,all subpops,Age 2,new_H,E_to_I_rate=0.5,0.07796445920755002,0.03548960973196043,0.15728567420773265
2025-10-30,daily,all subpops,Age 2,new_H,E_to_I_rate=0.5,0.08554254933545001,0.03936675800567523,0.17085772933066246
2025-10-31,daily,all subpops,Age 2,new_H,E_to_I_rate=0.5,0.09325469748520616,0.04377885738931477,0.1884167547699166
2025-11-01,daily,all subpops,Age 2,new_H,E_to_I_rate=0.5,0.10101893936663983,0.04774987720521371,0.2036364746991483
2025-11-02,daily,all subpops,Age 2,new_H,E_to_I_rate=0.5,0.10085255387378081,0.04819369580007422,0.2028321983910223
2025-11-03,daily,all subpops,Age 2,new_H,E_to_I_rate=0.5,0.09706371891586232,0.04630042265867095,0.19497763291060566
2025-11-04,daily,all subpops,Age 2,new_H,E_to_I_rate=0.5,0.09981054880784263,0.04807233840287379,0.19917930667783304
2025-11-05,daily,all subpops,Age 2,new_H,E_to_I_rate=0.5,0.10835279959163835,0.052197721084715924,0.2138223854809886
2025-11-06,daily,all subpops,Age 2,new_H,E_to_I_rate=0.5,0.11882668760105788,0.05884712748203713,0.23426839379159362
2025-11-07,daily,all subpops,Age 2,new_H,E_to_I_rate=0.5,0.13315008819194354,0.06553077494347401,0.2586938687364446
2025-11-08,daily,all subpops,Age 2,new_H,E_to_I_rate=0.5,0.14614720342350504,0.07315194410229407,0.28441271382925154
2025-11-09,daily,all subpops,Age 2,new_H,E_to_I_rate=0.5,0.1474212875202094,0.07416277125568718,0.280392381049707
2025-11-10,daily,all subpops,Age 2,new_H,E_to_I_rate=0.5,0.14185819998785235,0.07182013230167315,0.26876772202582433
2025-11-11,daily,all subpops,Age 2,new_H,E_to_I_rate=0.5,0.1435721029500817,0.0726605188745821,0.2657069970655819
2025-11-12,daily,all subpops,Age 2,new_H,E_to_I_rate=0.5,0.14265073223751346,0.07218584436827873,0.26015288506161366
2025-11-13,daily,all subpops,Age 2,new_H,E_to_I_rate=0.5,0.1501270675666781,0.07773706982742488,0.27384300164647063
2025-11-14,daily,all subpops,Age 2,new_H,E_to_I_rate=0.5,0.16730479355016564,0.08591424839344881,0.30199893057925187
2025-11-15,daily,all subpops,Age 2,new_H,E_to_I_rate=0.5,0.18631998291358887,0.09565704726565472,0.3345338487933927
2025-11-16,daily,all subpops,Age 2,new_H,E_to_I_rate=0.5,0.19031864184339503,0.09799877540212314,0.3446493951736341
2025-11-17,daily,all subpops,Age 2,new_H,E_to_I_rate=0.5,0.18744325054538183,0.09595025863767603,0.3381283386982304
2025-11-18,daily,all subpops,Age 2,new_H,E_to_I_rate=0.5,0.20012186447054947,0.10227455856144417,0.36236901270314953
2025-11-19,daily,all subpops,Age 2,new_H,E_to_I_rate=0.5,0.22522748424554923,0.1168279772560507,0.40255374883004863
2025-11-20,daily,all subpops,Age 2,new_H,E_to_I_rate=0.5,0.2580129834136271,0.1345995901254433,0.45888966112553425
2025-11-21,daily,all subpops,Age 2,new_H,E_to_I_rate=0.5,0.29582561457146594,0.15382184324301182,0.5253506081233094
2025-11-22,daily,all subpops,Age 2,new_H,E_to_I_rate=0.5,0.33107825299240473,0.17217663590356902,0.58747610906848
2025-11-23,daily,all subpops,Age 2,new_H,E_to_I_rate=0.5,0.3395828935352422,0.1754490463730914,0.6036815392480708
2025-11-24,daily,all subpops,Age 2,new_H,E_to_I_rate=0.5,0.33484960264391983,0.17255763313228847,0.5930281585438846
2025-11-25,daily,all subpops,Age 2,new_H,E_to_I_rate=0.5,0.35610094023995154,0.18395000956765972,0.6338347340463656
2025-11-26,daily,all subpops,Age 2,new_H,E_to_I_rate=0.5,0.39431214041012336,0.20854388097788676,0.7140251030386722
2025-11-27,daily,all subpops,Age 2,new_H,E_to_I_rate=0.5,0.43526535819126827,0.22841141704781837,0.7808170469461411
2025-11-28,daily,all subpops,Age 2,new_H,E_to_I_rate=0.5,0.44188914367292154,0.23397881902402687,0.8000239260351424
2025-11-29,daily,all subpops,Age 2,new_H,E_to_I_rate=0.5,0.4291405844297862,0.22705548031098394,0.7730897480058762
2025-11-30,daily,all subpops,Age 2,new_H,E_to_I_rate=0.5,0.40931438228051686,0.21664854040253004,0.7367313139653283
2025-12-01,daily,all subpops,Age 2,new_H,E_to_I_rate=0.5,0.39584965928291393,0.20910433670338305,0.7124415277838315
2025-12-02,daily,all subpops,Age 2,new_H,E_to_I_rate=0.5,0.4249557545803886,0.22427987756969708,0.7656433747189756
2025-12-03,daily,all subpops,Age 2,new_H,E_to_I_rate=0.5,0.4849235018412057,0.2562119507095699,0.8748577244190785
2025-12-04,daily,all subpops,Age 2,new_H,E_to_I_rate=0.5,0.5662415223664159,0.2990643138566833,1.0214173381838
2025-12-05,daily,all subpops,Age 2,new_H,E_to_I_rate=0.5,0.6693880285399463,0.35279096335755267,1.2035590213859138
2025-12-06,daily,all subpops,Age 2,new_H,E_to_I_rate=0.5,0.78083339464648,0.4119833651617605,1.4015204887316581
2025-12-07,daily,all subpops,Age 2,new_H,E_to_I_rate=0.5,0.8269679324524624,0.4385750070462065,1.4796620799310303
2025-12-08,daily,all subpops,Age 2,new_H,E_to_I_rate=0.5,0.8361309921288115,0.4449831143991889,1.4923435320999296
2025-12-09,daily,all subpops,Age 2,new_H,E_to_I_rate=0.5,0.9171144214189999,0.4913558389131589,1.6238942037227269
2025-12-10,daily,all subpops,Age 2,new_H,E_to_I_rate=0.5,1.0600687556094308,0.5764183463909898,1.852681643651174
2025-12-11,daily,all subpops,Age 2,new_H,E_to_I_rate=0.5,1.226034658003442,0.6660283110426256,2.130571344879256
2025-12-12,daily,all subpops,Age 2,new_H,E_to_I_rate=0.5,1.4256903785794517,0.7793187387947715,2.4653405737837892
2025-12-13,daily,all subpops,Age 2,new_H,E_to_I_rate=0.5,1.6366844395635232,0.8951433501719832,2.8348725740642786
2025-12-14,daily,all subpops,Age 2,new_H,E_to_I_rate=0.5,1.712351017305898,0.9393519523781966,2.9717248881977976
2025-12-15,daily,all subpops,Age 2,new_H,E_to_I_rate=0.5,1.7197293292704696,0.9415733669202934,2.9889207520598235
2025-12-16,daily,all subpops,Age 2,new_H,E_to_I_rate=0.5,1.880774234970697,1.03981356918002,3.2598446115252537
2025-12-17,daily,all subpops,Age 2,new_H,E_to_I_rate=0.5,2.1668492367629946,1.1952359092930644,3.747535085055028
2025-12-18,daily,all subpops,Age 2,new_H,E_to_I_rate=0.5,2.4962747596547414,1.40325763089109,4.323944500525547
2025-12-19,daily,all subpops,Age 2,new_H,E_to_I_rate=0.5,2.882225661144515,1.6338668086118548,4.947297670281067
2025-12-20,daily,all subpops,Age 2,new_H,E_to_I_rate=0.5,3.2449353073019482,1.8546651963193455,5.5853576299292875
2025-12-21,daily,all subpops,Age 2,new_H,E_to_I_rate=0.5,3.355260461773009,1.9095088586456912,5.785131216137796
2025-12-22,daily,all subpops,Age 2,new_H,E_to_I_rate=0.5,3.2712332429895428,1.8723905614286387,5.666966731112903
2025-12-23,daily,all subpops,Age 2,new_H,E_to_I_rate=0.5,3.1468959796489853,1.7979298323719237,5.4399971763005635
2025-12-24,daily,all subpops,Age 2,new_H,E_to_I_rate=0.5,2.99536435130244,1.70981012602268,5.121127441823338
2025-12-25,daily,all subpops,Age 2,new_H,E_to_I_rate=0.5,2.8559014878361317,1.6115738244060214,4.895712284720964
2025-12-26,daily,all subpops,Age 2,new_H,E_to_I_rate=0.5,2.723286907162584,1.5302943387650547,4.715085596232097
2025-12-27,daily,all subpops,Age 2,new_H,E_to_I_rate=0.5,2.6163355893291165,1.483312794202527,4.567478824786644
2025-12-28,daily,all subpops,Age 2,new_H,E_to_I_rate=0.5,2.5288462911763987,1.4196534489408865,4.4305946634429105
2025-12-29,daily,all subpops,Age 2,new_H,E_to_I_rate=0.5,2.425744659924457,1.356344421770627,4.268888529690341
2025-12-30,daily,all subpops,Age 2,new_H,E_to_I_rate=0.5,2.3028222745125397,1.2848673097156451,4.091159006475104
2025-12-31,daily,all subpops,Age 2,new_H,E_to_I_rate=0.5,2.193496703974477,1.2205627854968604,3.8876501719443746
2026-01-01,daily,all subpops,Age 2,new_H,E_to_I_rate=0.5,2.0924495934296505,1.1625585581262938,3.71381537113702
2026-01-02,daily,all subpops,Age 2,new_H,E_to_I_rate=0.5,1.9964017991817644,1.10659618182445,3.54024001435507
2026-01-03,daily,all subpops,Age 2,new_H,E_to_I_rate=0.5,1.9108788753807273,1.0530154359803094,3.359778725340221
2026-01-04,daily,all subpops,Age 2,new_H,E_to_I_rate=0.5,1.8297479747857301,0.9992490831928729,3.1694320443787243
2026-01-05,daily,all subpops,Age 2,new_H,E_to_I_rate=0.5,1.7527477743632223,0.9544081119965325,2.9915832768917983
2026-01-06,daily,all subpops,Age 2,new_H,E_to_I_rate=0.5,1.7819337066633505,0.9733460907454125,3.0047746741671326
2026-01-07,daily,all subpops,Age 2,new_H,E_to_I_rate=0.5,1.856929642908994,1.0246386090469064,3.1440439110318117
2026-01-08,daily,all subpops,Age 2,new_H,E_to_I_rate=0.5,1.9399784238823612,1.0725044791048561,3.249521960057662
2026-01-09,daily,all subpops,Age 2,new_H,E_to_I_rate=0.5,2.0043576540204198,1.0939567588331713,3.363198162449644
2026-01-10,daily,all subpops,Age 2,new_H,E_to_I_rate=0.5,2.0389411947255844,1.1125671856438772,3.411985110962126
2026-01-11,daily,all subpops,Age 2,new_H,E_to_I_rate=0.5,1.9548951563183956,1.0604435633093214,3.262327914189448
2026-01-12,daily,all subpops,Age 2,new_H,E_to_I_rate=0.5,1.8045169805693528,0.9775308477501817,2.9970116022731585
2026-01-13,daily,all subpops,Age 2,new_H,E_to_I_rate=0.5,1.716108853355499,0.9327836416028558,2.8430481839771247
2026-01-14,daily,all subpops,Age 2,new_H,E_to_I_rate=0.5,1.665983506732133,0.9140571891783493,2.767972631893967
2026-01-15,daily,all subpops,Age 2,new_H,E_to_I_rate=0.5,1.6297992103231,0.8989003120897597,2.7131418510253242
2026-01-16,daily,all subpops,Age 2,new_H,E_to_I_rate=0.5,1.5858439999171314,0.8840324292930308,2.6467589398777025
2026-01-17,daily,all subpops,Age 2,new_H,E_to_I_rate=0.5,1.5387002269417382,0.8609341106859869,2.567774877122513
2026-01-18,daily,all subpops,Age 2,new_H,E_to_I_rate=0.5,1.4187638511061031,0.7964710242627221,2.36898792440913
2026-01-19,daily,all subpops,Age 2,new_H,E_to_I_rate=0.5,1.2570290932289319,0.703645077748372,2.1001806394855707
2026-01-20,daily,all subpops,Age 2,new_H,E_to_I_rate=0.5,1.099137242665694,0.6106439997113181,1.8363102012981025
2026-01-21,daily,all subpops,Age 2,new_H,E_to_I_rate=0.5,0.9966729781618977,0.5502778976432053,1.67976586045597
2026-01-22,daily,all subpops,Age 2,new_H,E_to_I_rate=0.5,0.9360092379430793,0.5211058487721816,1.5762413705134959
2026-01-23,daily,all subpops,Age 2,new_H,E_to_I_rate=0.5,0.9001971185872443,0.49976774626653486,1.492137149710656
2026-01-24,daily,all subpops,Age 2,new_H,E_to_I_rate=0.5,0.860508910389122,0.4700710915828657,1.4133073428945548
2026-01-25,daily,all subpops,Age 2,new_H,E_to_I_rate=0.5,0.7942843056159276,0.42775963741248435,1.2937285158712337
2026-01-26,daily,all subpops,Age 2,new_H,E_to_I_rate=0.5,0.7106234113673269,0.3869989324475366,1.1551047098011287
2026-01-27,daily,all subpops,Age 2,new_H,E_to_I_rate=0.5,0.6583899550693557,0.3642453701472413,1.0715691285552071
2026-01-28,daily,all subpops,Age 2,new_H,E_to_I_rate=0.5,0.6305608992775666,0.35588724829474405,1.0295067222541685
2026-01-29,daily,all subpops,Age 2,new_H,E_to_I_rate=0.5,0.6159405597479939,0.34500773068937196,1.0108281470277947
2026-01-30,daily,all subpops,Age 2,new_H,E_to_I_rate=0.5,0.6027828792868406,0.3336842257529611,1.002896063768411
2026-01-31,daily,all subpops,Age 2,new_H,E_to_I_rate=0.5,0.5918426438626339,0.3292175247994425,0.9860660525690726
2026-02-01,daily,all subpops,Age 2,new_H,E_to_I_rate=0.5,0.559312654486166,0.3111494011693217,0.92693443522843
2026-02-02,daily,all subpops,Age 2,new_H,E_to_I_rate=0.5,0.5084151041551122,0.28288230176905726,0.834288851046242
2026-02-03,daily,all subpops,Age 2,new_H,E_to_I_rate=0.5,0.4744904633811012,0.26779363012938595,0.7890788992821883
2026-02-04,daily,all subpops,Age 2,new_H,E_to_I_rate=0.5,0.4606281433248689,0.25543083388804466,0.7720404131764766
2026-02-05,daily,all subpops,Age 2,new_H,E_to_I_rate=0.5,0.4596435720682618,0.2488949552895793,0.762426221154414
2026-02-06,daily,all subpops,Age 2,new_H,E_to_I_rate=0.5,0.4575653530345164,0.2504739900126327,0.7757705431107061
2026-02-07,daily,all subpops,Age 2,new_H,E_to_I_rate=0.5,0.4563992251221495,0.24766420762608352,0.7789852766897642
2026-02-08,daily,all subpops,Age 2,new_H,E_to_I_rate=0.5,0.43208700894149155,0.23297949550885044,0.736851695553848
2026-02-09,daily,all subpops,Age 2,new_H,E_to_I_rate=0.5,0.39668148613436055,0.21367314446352845,0.674702944792723
2026-02-10,daily,all subpops,Age 2,new_H,E_to_I_rate=0.5,0.3795395065273307,0.2045375961098414,0.643100504729002
2026-02-11,daily,all subpops,Age 2,new_H,E_to_I_rate=0.5,0.3764395959380036,0.20289276698661232,0.6408967480071044
2026-02-12,daily,all subpops,Age 2,new_H,E_to_I_rate=0.5,0.3779168970256982,0.20250731842977907,0.6442564186580099
2026-02-13,daily,all subpops,Age 2,new_H,E_to_I_rate=0.5,0.38200521109824526,0.20626058313848394,0.6442468827402035
2026-02-14,daily,all subpops,Age 2,new_H,E_to_I_rate=0.5,0.38558929902004957,0.20659064338621289,0.6466946132161553
2026-02-15,daily,all subpops,Age 2,new_H,E_to_I_rate=0.5,0.3671868456110919,0.19455348607826425,0.6121651103311759
2026-02-16,daily,all subpops,Age 2,new_H,E_to_I_rate=0.5,0.33482993873382577,0.18057006678703189,0.5574261654758854
2026-02-17,daily,all subpops,Age 2,new_H,E_to_I_rate=0.5,0.30010463824416644,0.16419360961241924,0.4997580336091299
2026-02-18,daily,all subpops,Age 2,new_H,E_to_I_rate=0.5,0.26669723371824255,0.14596443345315016,0.44635101595818255
2026-02-19,daily,all subpops,Age 2,new_H,E_to_I_rate=0.5,0.2364243982338247,0.12956965879230953,0.3959716035733681
2026-02-20,daily,all subpops,Age 2,new_H,E_to_I_rate=0.5,0.20898870946572168,0.1154265721575972,0.3543982968347753
2026-02-21,daily,all subpops,Age 2,new_H,E_to_I_rate=0.5,0.1869817309584883,0.1033379327037541,0.31878134963112253
2026-02-22,daily,all subpops,Age 2,new_H,E_to_I_rate=0.5,0.16955914871203726,0.09289752072991185,0.29017098208326275
2026-02-23,daily,all subpops,Age 2,new_H,E_to_I_rate=0.5,0.15519411537002345,0.08524179653799319,0.26417303798933145
2026-02-24,daily,all subpops,Age 2,new_H,E_to_I_rate=0.5,0.1520955089903116,0.08292068034129442,0.2596290651960028
2026-02-25,daily,all subpops,Age 2,new_H,E_to_I_rate=0.5,0.15940263020422152,0.08516367514826619,0.26754777762401205
2026-02-26,daily,all subpops,Age 2,new_H,E_to_I_rate=0.5,0.16719748034654908,0.08918308807874502,0.28366272335738935
2026-02-27,daily,all subpops,Age 2,new_H,E_to_I_rate=0.5,0.17696138035512732,0.09320905249016613,0.2978166528950275
2026-02-28,daily,all subpops,Age 2,new_H,E_to_I_rate=0.5,0.18305652568707992,0.09700994307055062,0.30998782742131825
2026-03-01,daily,all subpops,Age 2,new_H,E_to_I_rate=0.5,0.1787128568527465,0.0947287797917865,0.30387645177223666
2026-03-02,daily,all subpops,Age 2,new_H,E_to_I_rate=0.5,0.16892087738829098,0.08935001374778667,0.28676352973034736
2026-03-03,daily,all subpops,Age 2,new_H,E_to_I_rate=0.5,0.16642225325375853,0.0881947834549447,0.28264713085275134
2026-03-04,daily,all subpops,Age 2,new_H,E_to_I_rate=0.5,0.16849792114821419,0.09156070572204715,0.28725110439203366
2026-03-05,daily,all subpops,Age 2,new_H,E_to_I_rate=0.5,0.17244616089783352,0.09227301585426613,0.29575268902972013
2026-03-06,daily,all subpops,Age 2,new_H,E_to_I_rate=0.5,0.17650835726359054,0.09463177713025696,0.3045786532489971
2026-03-07,daily,all subpops,Age 2,new_H,E_to_I_rate=0.5,0.1788534903265957,0.09578815866901155,0.3100803110234244
2026-03-08,daily,all subpops,Age 2,new_H,E_to_I_rate=0.5,0.17104591140157785,0.09110641559967608,0.29750721569288413
2026-03-09,daily,all subpops,Age 2,new_H,E_to_I_rate=0.5,0.15832050624142968,0.08405123804108369,0.2753838068087294
2026-03-10,daily,all subpops,Age 2,new_H,E_to_I_rate=0.5,0.15111209436741352,0.08084885977164676,0.2662873508987136
2026-03-11,daily,all subpops,Age 2,new_H,E_to_I_rate=0.5,0.15012936233331117,0.07931384707884341,0.26856070422273615
2026-03-12,daily,all subpops,Age 2,new_H,E_to_I_rate=0.5,0.1510615619411475,0.0786344495527742,0.27241196338270407
2026-03-13,daily,all subpops,Age 2,new_H,E_to_I_rate=0.5,0.1526407125620476,0.07849888476665136,0.278514345134946
2026-03-14,daily,all subpops,Age 2,new_H,E_to_I_rate=0.5,0.15484570362719025,0.07902189456346498,0.2823155969008784
2026-03-15,daily,all subpops,Age 2,new_H,E_to_I_rate=0.5,0.14824029241159858,0.07521309753706468,0.26748265382694103
2026-03-16,daily,all subpops,Age 2,new_H,E_to_I_rate=0.5,0.13779201287475093,0.06993581896387874,0.24477726612360612
2026-03-17,daily,all subpops,Age 2,new_H,E_to_I_rate=0.5,0.13190262028753913,0.06746320765779619,0.23247187486069826
2026-03-18,daily,all subpops,Age 2,new_H,E_to_I_rate=0.5,0.13138257181458873,0.06795251983476683,0.23279944261481916
2026-03-19,daily,all subpops,Age 2,new_H,E_to_I_rate=0.5,0.1349506463619496,0.06914528175420988,0.23734785786400692
2026-03-20,daily,all subpops,Age 2,new_H,E_to_I_rate=0.5,0.13955840863839236,0.07081595370037276,0.24893443992210246
2026-03-21,daily,all subpops,Age 2,new_H,E_to_I_rate=0.5,0.14234197556411715,0.0712760258761026,0.2559013498006324
2026-03-22,daily,all subpops,Age 2,new_H,E_to_I_rate=0.5,0.13677096559430219,0.06788694655167958,0.24708169479624775
2026-03-23,daily,all subpops,Age 2,new_H,E_to_I_rate=0.5,0.1268567448454785,0.06206265548421577,0.2284350124208554
2026-03-24,daily,all subpops,Age 2,new_H,E_to_I_rate=0.5,0.12235424849092857,0.06040294596850226,0.22157235912303255
2026-03-25,daily,all subpops,Age 2,new_H,E_to_I_rate=0.5,0.12270826889464115,0.06086813594288521,0.2224760481530273
2026-03-26,daily,all subpops,Age 2,new_H,E_to_I_rate=0.5,0.1251162064637406,0.061831394432713925,0.22612537465768073
2026-03-27,daily,all subpops,Age 2,new_H,E_to_I_rate=0.5,0.12821161625654134,0.06261567218445012,0.23208203424795784
2026-03-28,daily,all subpops,Age 2,new_H,E_to_I_rate=0.5,0.13153167782810388,0.06489981803191448,0.23797946577036888
2026-03-29,daily,all subpops,Age 2,new_H,E_to_I_rate=0.5,0.12718877505538573,0.06261826289878718,0.23053172590307458
2026-03-30,daily,all subpops,Age 2,new_H,E_to_I_rate=0.5,0.11822759490264731,0.05853424855034433,0.21510883911063247
2026-03-31,daily,all subpops,Age 2,new_H,E_to_I_rate=0.5,0.11485738840512355,0.055827676573318996,0.2064053732715092
2026-04-01,daily,all subpops,Age 2,new_H,E_to_I_rate=0.5,0.11398451241295005,0.054703850597977714,0.2041539723159991
2026-04-02,daily,all subpops,Age 2,new_H,E_to_I_rate=0.5,0.11484397664295956,0.055014760148634524,0.2111356207812809
2026-04-03,daily,all subpops,Age 2,new_H,E_to_I_rate=0.5,0.1165801976941219,0.05699449843904342,0.2182207572344644
2026-04-04,daily,all subpops,Age 2,new_H,E_to_I_rate=0.5,0.1170172890797972,0.057922640091660225,0.2223654259369557
2026-04-05,daily,all subpops,Age 2,new_H,E_to_I_rate=0.5,0.1110702873376668,0.05588970232969267,0.21035367244098457
2026-04-06,daily,all subpops,Age 2,new_H,E_to_I_rate=0.5,0.10206734208581122,0.051723953527188615,0.19490407117909986
2026-04-07,daily,all subpops,Age 2,new_H,E_to_I_rate=0.5,0.0989872570239215,0.05050723639117678,0.1879734244016291
2026-04-08,daily,all subpops,Age 2,new_H,E_to_I_rate=0.5,0.10009676647498866,0.05049978846260615,0.1905998891253365
2026-04-09,daily,all subpops,Age 2,new_H,E_to_I_rate=0.5,0.10270769365158741,0.0524774806394424,0.1963093851657066
2026-04-10,daily,all subpops,Age 2,new_H,E_to_I_rate=0.5,0.10521443891083,0.0550514325806671,0.20471137317711188
2026-04-11,daily,all subpops,Age 2,new_H,E_to_I_rate=0.5,0.10665973135159565,0.05665184358373078,0.20658534284367344
2026-04-12,daily,all subpops,Age 2,new_H,E_to_I_rate=0.5,0.10204276315387772,0.05403011591348724,0.1962780987386941
2026-04-13,daily,all subpops,Age 2,new_H,E_to_I_rate=0.5,0.09445823245356769,0.049409029536153226,0.18023622562574412
2026-04-14,daily,all subpops,Age 2,new_H,E_to_I_rate=0.5,0.09003814469839505,0.047567939261430506,0.1714347634543497
2026-04-15,daily,all subpops,Age 2,new_H,E_to_I_rate=0.5,0.08823045291761208,0.04643544771693643,0.17153841441941994
2026-04-16,daily,all subpops,Age 2,new_H,E_to_I_rate=0.5,0.08752387537848058,0.04652043215351561,0.17186373542013064
2026-04-17,daily,all subpops,Age 2,new_H,E_to_I_rate=0.5,0.08812856103199895,0.046529170815509405,0.17130899318530912
2026-04-18,daily,all subpops,Age 2,new_H,E_to_I_rate=0.5,0.0869004135043026,0.04576391850296054,0.1707345782130318
2026-04-19,daily,all subpops,Age 2,new_H,E_to_I_rate=0.5,0.08232500286911507,0.04269064444832483,0.16080835080435446
2026-04-20,daily,all subpops,Age 2,new_H,E_to_I_rate=0.5,0.07449003623207916,0.03828661725108436,0.14789065842433452
2026-04-21,daily,all subpops,Age 2,new_H,E_to_I_rate=0.5,0.06646118040250137,0.0343093551769098,0.13403054165707337
2026-04-22,daily,all subpops,Age 2,new_H,E_to_I_rate=0.5,0.05910932249305922,0.03061715516389101,0.12068653816206096
2026-04-23,daily,all subpops,Age 2,new_H,E_to_I_rate=0.5,0.05272117778329124,0.026959106380575613,0.10770420581998601
2026-04-24,daily,all subpops,Age 2,new_H,E_to_I_rate=0.5,0.04704915449244167,0.024027650515288327,0.09618188497043667
2026-04-25,daily,all subpops,Age 2,new_H,E_to_I_rate=0.5,0.042388962805820996,0.021551304909507248,0.08636115452382169
2026-04-26,daily,all subpops,Age 2,new_H,E_to_I_rate=0.5,0.03866903539136295,0.019338494074795556,0.0784720520255329
2026-04-27,daily,all subpops,Age 2,new_H,E_to_I_rate=0.5,0.03537344645850779,0.017611669646143586,0.0716156728399311
2026-04-28,daily,all subpops,Age 2,new_H,E_to_I_rate=0.5,0.03549096529589339,0.017469550989781344,0.07200655052117469
2026-04-29,daily,all subpops,Age 2,new_H,E_to_I_rate=0.5,0.03698847456938156,0.018623885501169626,0.07708874179089896
2026-04-30,daily,all subpops,Age 2,new_H,E_to_I_rate=0.5,0.03896455363283772,0.019187419761837438,0.08277689822844514
2026-05-01,daily,all subpops,Age 2,new_H,E_to_I_rate=0.5,0.040946186309001806,0.019654668119660414,0.0890024501644555
2026-05-02,daily,all subpops,Age 2,new_H,E_to_I_rate=0.5,0.042713054466889847,0.020804224707387707,0.09436066013920637
2026-05-03,daily,all subpops,Age 2,new_H,E_to_I_rate=0.5,0.04211304451482066,0.020526990163680613,0.09349004382595746
2026-05-04,daily,all subpops,Age 2,new_H,E_to_I_rate=0.5,0.04029282715150732,0.018908707140159294,0.08948639105291036
2026-05-05,daily,all subpops,Age 2,new_H,E_to_I_rate=0.5,0.04002126626490412,0.01855230302377077,0.0918823661869372
2026-05-06,daily,all subpops,Age 2,new_H,E_to_I_rate=0.5,0.04170819844337111,0.019344400285691857,0.10104008917907757
2026-05-07,daily,all subpops,Age 2,new_H,E_to_I_rate=0.5,0.04410158793041812,0.01991177776279509,0.1058358435827686
2026-05-08,daily,all subpops,Age 2,new_H,E_to_I_rate=0.5,0.047340138351907486,0.020321620251614058,0.11601387059079925
2025-09-01,cumulative,all subpops,Age 2,new_H,E_to_I_rate=0.5,0.006554346428123229,0.002517410150741289,0.015796825577058957
2025-09-02,cumulative,all subpops,Age 2,new_H,E_to_I_rate=0.5,0.02250874760908105,0.008646892959960531,0.054278075915496396
2025-09-03,cumulative,all subpops,Age 2,new_H,E_to_I_rate=0.5,0.04338748539939771,0.016708828222957214,0.10489741675441892
2025-09-04,cumulative,all subpops,Age 2,new_H,E_to_I_rate=0.5,0.06816640138555782,0.026482277684166763,0.16456844193412565
2025-09-05,cumulative,all subpops,Age 2,new_H,E_to_I_rate=0.5,0.09585812745922216,0.03755906333553347,0.2321864531652701
2025-09-06,cumulative,all subpops,Age 2,new_H,E_to_I_rate=0.5,0.12702731687902363,0.05010937897992307,0.3061946631899281
2025-09-07,cumulative,all subpops,Age 2,new_H,E_to_I_rate=0.5,0.1583669329862753,0.0628951296329702,0.38052221612316767
2025-09-08,cumulative,all subpops,Age 2,new_H,E_to_I_rate=0.5,0.1881947409398912,0.07537015695186042,0.451877591510907
2025-09-09,cumulative,all subpops,Age 2,new_H,E_to_I_rate=0.5,0.21797393853335775,0.08838004022576595,0.5239537748647292
2025-09-10,cumulative,all subpops,Age 2,new_H,E_to_I_rate=0.5,0.25166405702606004,0.10261962658593915,0.599531249893885
2025-09-11,cumulative,all subpops,Age 2,new_H,E_to_I_rate=0.5,0.28716009149538413,0.11834586433645435,0.6794452534963215
2025-09-12,cumulative,all subpops,Age 2,new_H,E_to_I_rate=0.5,0.32419434084143445,0.13557277873368162,0.7627155705866686
2025-09-13,cumulative,all subpops,Age 2,new_H,E_to_I_rate=0.5,0.3663133995917466,0.15388872180692442,0.8480516048281243
2025-09-14,cumulative,all subpops,Age 2,new_H,E_to_I_rate=0.5,0.404537732159131,0.1739817959415894,0.9329948544205743
2025-09-15,cumulative,all subpops,Age 2,new_H,E_to_I_rate=0.5,0.4435258335495089,0.19005074308108086,1.0169341983800775
2025-09-16,cumulative,all subpops,Age 2,new_H,E_to_I_rate=0.5,0.48239592909187423,0.20744291144511348,1.0990258862897628
2025-09-17,cumulative,all subpops,Age 2,new_H,E_to_I_rate=0.5,0.5211198487146613,0.227842681158946,1.1714655509639447
2025-09-18,cumulative,all subpops,Age 2,new_H,E_to_I_rate=0.5,0.5609571159700321,0.24741398665938133,1.2365752190536732
2025-09-19,cumulative,all subpops,Age 2,new_H,E_to_I_rate=0.5,0.602677793246133,0.2686534301418874,1.3108355903032298
2025-09-20,cumulative,all subpops,Age 2,new_H,E_to_I_rate=0.5,0.6486581368573486,0.29935674447047694,1.3955598779754916
2025-09-21,cumulative,all subpops,Age 2,new_H,E_to_I_rate=0.5,0.6911931365891077,0.3159364022085626,1.4729234037926278
2025-09-22,cumulative,all subpops,Age 2,new_H,E_to_I_rate=0.5,0.7345231686425884,0.33252117343255083,1.5487274277083547
2025-09-23,cumulative,all subpops,Age 2,new_H,E_to_I_rate=0.5,0.7710923989968719,0.35070178102091343,1.6127562132921953
2025-09-24,cumulative,all subpops,Age 2,new_H,E_to_I_rate=0.5,0.8151170482089927,0.37170678296230375,1.6944862014012698
2025-09-25,cumulative,all subpops,Age 2,new_H,E_to_I_rate=0.5,0.854003402854097,0.3965835696504222,1.7811150652598138
2025-09-26,cumulative,all subpops,Age 2,new_H,E_to_I_rate=0.5,0.8932048703414347,0.41642679536567556,1.8658021600623986
2025-09-27,cumulative,all subpops,Age 2,new_H,E_to_I_rate=0.5,0.9361392963078355,0.43597021585546725,1.9491144867481602
2025-09-28,cumulative,all subpops,Age 2,new_H,E_to_I_rate=0.5,0.9809979724893394,0.45385359181273016,2.0370124722025196
2025-09-29,cumulative,all subpops,Age 2,new_H,E_to_I_rate=0.5,1.0200483383618235,0.47239861644134806,2.1167496615822174
2025-09-30,cumulative,all subpops,Age 2,new_H,E_to_I_rate=0.5,1.0504452446891888,0.4910246815789988,2.1895704508179556
2025-10-01,cumulative,all subpops,Age 2,new_H,E_to_I_rate=0.5,1.0924328450098533,0.511536578886928,2.266963820816277
2025-10-02,cumulative,all subpops,Age 2,new_H,E_to_I_rate=0.5,1.1303005715468464,0.5329394013782406,2.3414349350100556
2025-10-03,cumulative,all subpops,Age 2,new_H,E_to_I_rate=0.5,1.170152026998438,0.5556009684670835,2.4141588905666302
2025-10-04,cumulative,all subpops,Age 2,new_H,E_to_I_rate=0.5,1.217879185532249,0.5793305960345805,2.489120179701665
2025-10-05,cumulative,all subpops,Age 2,new_H,E_to_I_rate=0.5,1.2627631738298692,0.6014362010786116,2.5710734709370975
2025-10-06,cumulative,all subpops,Age 2,new_H,E_to_I_rate=0.5,1.313227485352901,0.6206271930778436,2.6406566531102365
2025-10-07,cumulative,all subpops,Age 2,new_H,E_to_I_rate=0.5,1.3471316968158162,0.6354231933500055,2.721275703238621
2025-10-08,cumulative,all subpops,Age 2,new_H,E_to_I_rate=0.5,1.384292792337816,0.66025018876668,2.807043184687252
2025-10-09,cumulative,all subpops,Age 2,new_H,E_to_I_rate=0.5,1.425709867472896,0.6824199171446899,2.8873458022117937
2025-10-10,cumulative,all subpops,Age 2,new_H,E_to_I_rate=0.5,1.4739260581388636,0.7071685869199925,2.974635644882496
2025-10-11,cumulative,all subpops,Age 2,new_H,E_to_I_rate=0.5,1.5313208153401991,0.7346932332447165,3.065108342088531
2025-10-12,cumulative,all subpops,Age 2,new_H,E_to_I_rate=0.5,1.5840756086095586,0.762754435742198,3.1735501240917117
2025-10-13,cumulative,all subpops,Age 2,new_H,E_to_I_rate=0.5,1.6273821630842074,0.7900113193463004,3.289536422603968
2025-10-14,cumulative,all subpops,Age 2,new_H,E_to_I_rate=0.5,1.6726067913354,0.8119760159360212,3.3976734864013625
2025-10-15,cumulative,all subpops,Age 2,new_H,E_to_I_rate=0.5,1.706234690229129,0.8337799261270731,3.4868692219026816
2025-10-16,cumulative,all subpops,Age 2,new_H,E_to_I_rate=0.5,1.7458886532229305,0.8568895701017408,3.5810134147189188
2025-10-17,cumulative,all subpops,Age 2,new_H,E_to_I_rate=0.5,1.7943660074109158,0.8807068524055264,3.681711222683225
2025-10-18,cumulative,all subpops,Age 2,new_H,E_to_I_rate=0.5,1.855635135911003,0.9052518138246902,3.7664754042330797
2025-10-19,cumulative,all subpops,Age 2,new_H,E_to_I_rate=0.5,1.9100875848184269,0.929229620450692,3.851422203397669
2025-10-20,cumulative,all subpops,Age 2,new_H,E_to_I_rate=0.5,1.9672245053300128,0.9576203377851196,3.9330223912890245
2025-10-21,cumulative,all subpops,Age 2,new_H,E_to_I_rate=0.5,2.0085173841931816,0.9845473663954365,4.0376088749230075
2025-10-22,cumulative,all subpops,Age 2,new_H,E_to_I_rate=0.5,2.0601802135421377,1.0068071311346831,4.14259280558083
2025-10-23,cumulative,all subpops,Age 2,new_H,E_to_I_rate=0.5,2.1247598800446044,1.031233577305114,4.225208784663894
2025-10-24,cumulative,all subpops,Age 2,new_H,E_to_I_rate=0.5,2.206739450619243,1.06248486313778,4.315629375466845
2025-10-25,cumulative,all subpops,Age 2,new_H,E_to_I_rate=0.5,2.2865700450806674,1.0975290911785613,4.427846385618579
2025-10-26,cumulative,all subpops,Age 2,new_H,E_to_I_rate=0.5,2.3586493579031105,1.1357426288942323,4.599749362532504
2025-10-27,cumulative,all subpops,Age 2,new_H,E_to_I_rate=0.5,2.43276314130629,1.1713352050590733,4.765018226448265
2025-10-28,cumulative,all subpops,Age 2,new_H,E_to_I_rate=0.5,2.4969036479253734,1.2049648814390304,4.903417109843916
2025-10-29,cumulative,all subpops,Age 2,new_H,E_to_I_rate=0.5,2.57668613692019,1.2449923848144135,5.0309178230791005
2025-10-30,cumulative,all subpops,Age 2,new_H,E_to_I_rate=0.5,2.658635591100192,1.2833827017612638,5.171629384551604
2025-10-31,cumulative,all subpops,Age 2,new_H,E_to_I_rate=0.5,2.74753258620559,1.3373507060992285,5.34978469028869
2025-11-01,cumulative,all subpops,Age 2,new_H,E_to_I_rate=0.5,2.8540965357945742,1.3952512776863033,5.498358231058745
2025-11-02,cumulative,all subpops,Age 2,new_H,E_to_I_rate=0.5,2.9657017755527675,1.4290435934472363,5.669915474625367
2025-11-03,cumulative,all subpops,Age 2,new_H,E_to_I_rate=0.5,3.0579490778811405,1.4817890700386447,5.833071756488212
2025-11-04,cumulative,all subpops,Age 2,new_H,E_to_I_rate=0.5,3.1604961085702463,1.5387359790281974,6.014158121370057
2025-11-05,cumulative,all subpops,Age 2,new_H,E_to_I_rate=0.5,3.262889178759101,1.5946785948378106,6.219896712533533
2025-11-06,cumulative,all subpops,Age 2,new_H,E_to_I_rate=0.5,3.3774995831343206,1.6701063854810378,6.367723421406385
2025-11-07,cumulative,all subpops,Age 2,new_H,E_to_I_rate=0.5,3.5066032233952384,1.748210762076443,6.679010015628207
2025-11-08,cumulative,all subpops,Age 2,new_H,E_to_I_rate=0.5,3.6445061221709487,1.8342481045144796,6.967571320855212
2025-11-09,cumulative,all subpops,Age 2,new_H,E_to_I_rate=0.5,3.794817083357543,1.9211039936793017,7.2502516193299495
2025-11-10,cumulative,all subpops,Age 2,new_H,E_to_I_rate=0.5,3.9293878982719512,2.001153493376221,7.495701760053136
2025-11-11,cumulative,all subpops,Age 2,new_H,E_to_I_rate=0.5,4.079908233825535,2.065854886104126,7.81737810493985
2025-11-12,cumulative,all subpops,Age 2,new_H,E_to_I_rate=0.5,4.220782462963362,2.1495562047689156,8.057129658934318
2025-11-13,cumulative,all subpops,Age 2,new_H,E_to_I_rate=0.5,4.358562648091239,2.2511782390494024,8.27372554453294
2025-11-14,cumulative,all subpops,Age 2,new_H,E_to_I_rate=0.5,4.54068994123813,2.346587554949948,8.509872536647672
2025-11-15,cumulative,all subpops,Age 2,new_H,E_to_I_rate=0.5,4.728921581859096,2.450596188468676,8.848067498983195
2025-11-16,cumulative,all subpops,Age 2,new_H,E_to_I_rate=0.5,4.929929172202494,2.5553517314975056,9.21832657638761
2025-11-17,cumulative,all subpops,Age 2,new_H,E_to_I_rate=0.5,5.145058862313329,2.6572578398810243,9.581303301643636
2025-11-18,cumulative,all subpops,Age 2,new_H,E_to_I_rate=0.5,5.350953066504361,2.7547645592869294,9.96535190311157
2025-11-19,cumulative,all subpops,Age 2,new_H,E_to_I_rate=0.5,5.574305582962473,2.9138206276855887,10.342854518890942
2025-11-20,cumulative,all subpops,Age 2,new_H,E_to_I_rate=0.5,5.83338769248174,3.08033504705412,10.742264183048771
2025-11-21,cumulative,all subpops,Age 2,new_H,E_to_I_rate=0.5,6.121520499219841,3.2646310373427596,11.229411274242816
2025-11-22,cumulative,all subpops,Age 2,new_H,E_to_I_rate=0.5,6.4658473674360035,3.452056678949516,11.709336668848984
2025-11-23,cumulative,all subpops,Age 2,new_H,E_to_I_rate=0.5,6.812094346653673,3.6474635625881566,12.269278585892058
2025-11-24,cumulative,all subpops,Age 2,new_H,E_to_I_rate=0.5,7.153865386143275,3.8442258615482086,12.78795967976649
2025-11-25,cumulative,all subpops,Age 2,new_H,E_to_I_rate=0.5,7.488443736790764,4.058050526855134,13.375634194045945
2025-11-26,cumulative,all subpops,Age 2,new_H,E_to_I_rate=0.5,7.868721751057969,4.259223521832715,14.127730072511742
2025-11-27,cumulative,all subpops,Age 2,new_H,E_to_I_rate=0.5,8.290539804913347,4.514547349313255,14.923679726646691
2025-11-28,cumulative,all subpops,Age 2,new_H,E_to_I_rate=0.5,8.740358872695102,4.775974485765204,15.685820885656407
2025-11-29,cumulative,all subpops,Age 2,new_H,E_to_I_rate=0.5,9.129955156582051,5.030712925424477,16.484275607464575
2025-11-30,cumulative,all subpops,Age 2,new_H,E_to_I_rate=0.5,9.541494410836844,5.274607295121069,17.219575534161375
2025-12-01,cumulative,all subpops,Age 2,new_H,E_to_I_rate=0.5,9.96306133406171,5.510508648482576,17.96253926567648
2025-12-02,cumulative,all subpops,Age 2,new_H,E_to_I_rate=0.5,10.369964102323308,5.76357936872894,18.73962563865759
2025-12-03,cumulative,all subpops,Age 2,new_H,E_to_I_rate=0.5,10.857880322527032,6.051631312944145,19.616572448762327
2025-12-04,cumulative,all subpops,Age 2,new_H,E_to_I_rate=0.5,11.438954176003897,6.385968591794335,20.58978063546474
2025-12-05,cumulative,all subpops,Age 2,new_H,E_to_I_rate=0.5,12.118903381389206,6.777576627730138,21.78494194319722
2025-12-06,cumulative,all subpops,Age 2,new_H,E_to_I_rate=0.5,12.928042359438138,7.230830603557455,23.175204383787836
2025-12-07,cumulative,all subpops,Age 2,new_H,E_to_I_rate=0.5,13.742316051991939,7.684941620215916,24.637687521970022
2025-12-08,cumulative,all subpops,Age 2,new_H,E_to_I_rate=0.5,14.625166451115664,8.107212900556451,26.105230079806187
2025-12-09,cumulative,all subpops,Age 2,new_H,E_to_I_rate=0.5,15.541578733609075,8.57997656319235,27.702583548381337
2025-12-10,cumulative,all subpops,Age 2,new_H,E_to_I_rate=0.5,16.62550646481635,9.139096156135652,29.559960898868663
2025-12-11,cumulative,all subpops,Age 2,new_H,E_to_I_rate=0.5,17.89708579602137,9.80796802058343,31.79583438914227
2025-12-12,cumulative,all subpops,Age 2,new_H,E_to_I_rate=0.5,19.348096265138565,10.602642789067321,34.41231911766082
2025-12-13,cumulative,all subpops,Age 2,new_H,E_to_I_rate=0.5,20.948575145330988,11.501483768444512,37.31885824512166
2025-12-14,cumulative,all subpops,Age 2,new_H,E_to_I_rate=0.5,22.544099140583583,12.354650777632063,40.25856465504667
2025-12-15,cumulative,all subpops,Age 2,new_H,E_to_I_rate=0.5,24.237614927127762,13.314760128337145,43.09619320718037
2025-12-16,cumulative,all subpops,Age 2,new_H,E_to_I_rate=0.5,26.137937902152757,14.394785850944757,46.266692942525566
2025-12-17,cumulative,all subpops,Age 2,new_H,E_to_I_rate=0.5,28.285457738946807,15.6412023578381,49.93309786638121
2025-12-18,cumulative,all subpops,Age 2,new_H,E_to_I_rate=0.5,30.906533530561127,17.075540342680576,53.9674664763867
2025-12-19,cumulative,all subpops,Age 2,new_H,E_to_I_rate=0.5,33.86896140627094,18.720960474620693,58.806258894326106
2025-12-20,cumulative,all subpops,Age 2,new_H,E_to_I_rate=0.5,37.19921717368511,20.561156875956698,64.39902395292917
2025-12-21,cumulative,all subpops,Age 2,new_H,E_to_I_rate=0.5,40.60871965098917,22.456591898757797,70.0360825478029
2025-12-22,cumulative,all subpops,Age 2,new_H,E_to_I_rate=0.5,43.90444395974163,24.30511106446466,75.4340977563226
2025-12-23,cumulative,all subpops,Age 2,new_H,E_to_I_rate=0.5,47.1205597075244,26.072040441938615,80.83657260877563
2025-12-24,cumulative,all subpops,Age 2,new_H,E_to_I_rate=0.5,50.22330522955943,27.745694482098124,85.96370245869412
2025-12-25,cumulative,all subpops,Age 2,new_H,E_to_I_rate=0.5,53.02750565800943,29.329095866955353,90.80753087689808
2025-12-26,cumulative,all subpops,Age 2,new_H,E_to_I_rate=0.5,55.69264409579753,30.86150350455456,95.448994567071
2025-12-27,cumulative,all subpops,Age 2,new_H,E_to_I_rate=0.5,58.35376596381086,32.44057444264432,99.90918587464495
2025-12-28,cumulative,all subpops,Age 2,new_H,E_to_I_rate=0.5,61.08257999105633,33.799432118754176,104.19794584828098
2025-12-29,cumulative,all subpops,Age 2,new_H,E_to_I_rate=0.5,63.606013680155485,35.0660761882096,108.4372055361123
2025-12-30,cumulative,all subpops,Age 2,new_H,E_to_I_rate=0.5,65.93082433915936,36.27153806059851,112.46929724598937
2025-12-31,cumulative,all subpops,Age 2,new_H,E_to_I_rate=0.5,68.17125210373004,37.4476757584883,116.389827194445
2026-01-01,cumulative,all subpops,Age 2,new_H,E_to_I_rate=0.5,70.42292634867238,38.59198037815872,120.12909867250566
2026-01-02,cumulative,all subpops,Age 2,new_H,E_to_I_rate=0.5,72.40635176619422,39.683460757911945,123.68725624646852
2026-01-03,cumulative,all subpops,Age 2,new_H,E_to_I_rate=0.5,74.34172892287324,40.73001445440468,127.06128027060755
2026-01-04,cumulative,all subpops,Age 2,new_H,E_to_I_rate=0.5,76.16456568651812,41.726518861892174,130.24434301111037
2026-01-05,cumulative,all subpops,Age 2,new_H,E_to_I_rate=0.5,77.95931972052253,42.68008538382352,133.25899555566775
2026-01-06,cumulative,all subpops,Age 2,new_H,E_to_I_rate=0.5,79.75323351296981,43.67107726605321,136.35140679000716
2026-01-07,cumulative,all subpops,Age 2,new_H,E_to_I_rate=0.5,81.55178248729334,44.73312349593441,139.68371948517603
2026-01-08,cumulative,all subpops,Age 2,new_H,E_to_I_rate=0.5,83.42284697585595,45.842024957740264,143.1716016751092
2026-01-09,cumulative,all subpops,Age 2,new_H,E_to_I_rate=0.5,85.23980550527777,46.993503090711236,146.75931337696707
2026-01-10,cumulative,all subpops,Age 2,new_H,E_to_I_rate=0.5,87.24520545647945,48.164794473984884,150.4152349481398
2026-01-11,cumulative,all subpops,Age 2,new_H,E_to_I_rate=0.5,89.14192802046136,49.28641581692177,153.91754678023995
2026-01-12,cumulative,all subpops,Age 2,new_H,E_to_I_rate=0.5,90.84226453949341,50.32214912569908,157.1477968652203
2026-01-13,cumulative,all subpops,Age 2,new_H,E_to_I_rate=0.5,92.55079403874643,51.30794178270308,160.05039323959716
2026-01-14,cumulative,all subpops,Age 2,new_H,E_to_I_rate=0.5,94.12722367265012,52.26895744387735,162.59841761275047
2026-01-15,cumulative,all subpops,Age 2,new_H,E_to_I_rate=0.5,95.6549795061201,53.20907141556861,165.08358346469677
2026-01-16,cumulative,all subpops,Age 2,new_H,E_to_I_rate=0.5,97.29393369818406,54.12770809827407,167.50822438954984
2026-01-17,cumulative,all subpops,Age 2,new_H,E_to_I_rate=0.5,98.97682669669081,55.019730204982494,169.86726986800875
2026-01-18,cumulative,all subpops,Age 2,new_H,E_to_I_rate=0.5,100.4089280240147,55.827158456354795,172.0497397336562
2026-01-19,cumulative,all subpops,Age 2,new_H,E_to_I_rate=0.5,101.68205681572232,56.513791396010056,173.98582230559217
2026-01-20,cumulative,all subpops,Age 2,new_H,E_to_I_rate=0.5,102.79853548558495,57.11642997214746,175.85807307700526
2026-01-21,cumulative,all subpops,Age 2,new_H,E_to_I_rate=0.5,103.81489003379542,57.66670786979067,177.58378961488393
2026-01-22,cumulative,all subpops,Age 2,new_H,E_to_I_rate=0.5,104.76688246061656,58.18744714302509,179.1759598024472
2026-01-23,cumulative,all subpops,Age 2,new_H,E_to_I_rate=0.5,105.64791312950851,58.688697039592476,180.6654866417724
2026-01-24,cumulative,all subpops,Age 2,new_H,E_to_I_rate=0.5,106.48347129196372,59.17240052025166,182.16105196634135
2026-01-25,cumulative,all subpops,Age 2,new_H,E_to_I_rate=0.5,107.25374333021739,59.62023900580535,183.57651999026933
2026-01-26,cumulative,all subpops,Age 2,new_H,E_to_I_rate=0.5,107.94646138944637,60.02421232143353,184.84466771377453
2026-01-27,cumulative,all subpops,Age 2,new_H,E_to_I_rate=0.5,108.59180253372236,60.401891311954294,186.01466699177257
2026-01-28,cumulative,all subpops,Age 2,new_H,E_to_I_rate=0.5,109.21352301116406,60.76770079209723,187.12628510200773
2026-01-29,cumulative,all subpops,Age 2,new_H,E_to_I_rate=0.5,109.7886836030508,61.12857463259199,188.19724337039818
2026-01-30,cumulative,all subpops,Age 2,new_H,E_to_I_rate=0.5,110.35706004314783,61.48803989591322,189.07868543407744
2026-01-31,cumulative,all subpops,Age 2,new_H,E_to_I_rate=0.5,110.91770017352363,61.844950801690544,189.94805042609005
2026-02-01,cumulative,all subpops,Age 2,new_H,E_to_I_rate=0.5,111.44422175063711,62.18177414115291,190.76916767131254
2026-02-02,cumulative,all subpops,Age 2,new_H,E_to_I_rate=0.5,111.92919155510488,62.490294756062156,191.52278458150423
2026-02-03,cumulative,all subpops,Age 2,new_H,E_to_I_rate=0.5,112.40162017562562,62.784597125953255,192.24514797828766
2026-02-04,cumulative,all subpops,Age 2,new_H,E_to_I_rate=0.5,112.86449087065668,63.07544739253094,192.96346996527006
2026-02-05,cumulative,all subpops,Age 2,new_H,E_to_I_rate=0.5,113.32542051912665,63.367233664159286,193.68892205070608
2026-02-06,cumulative,all subpops,Age 2,new_H,E_to_I_rate=0.5,113.78787295482454,63.66159945737414,194.42570291480394
2026-02-07,cumulative,all subpops,Age 2,new_H,E_to_I_rate=0.5,114.24849602610414,63.9560621933954,195.16699369018818
2026-02-08,cumulative,all subpops,Age 2,new_H,E_to_I_rate=0.5,114.68374724014878,64.234909901873,195.87202729957494
2026-02-09,cumulative,all subpops,Age 2,new_H,E_to_I_rate=0.5,115.08333576502613,64.4906912695672,196.52167769774286
2026-02-10,cumulative,all subpops,Age 2,new_H,E_to_I_rate=0.5,115.44102738852081,64.73443879028981,197.1446784329656
2026-02-11,cumulative,all subpops,Age 2,new_H,E_to_I_rate=0.5,115.79519409670922,64.97443861967594,197.7077775369029
2026-02-12,cumulative,all subpops,Age 2,new_H,E_to_I_rate=0.5,116.15058727588178,65.21375031244538,198.21509061141157
2026-02-13,cumulative,all subpops,Age 2,new_H,E_to_I_rate=0.5,116.52946783613748,65.4537104637931,198.7192000477895
2026-02-14,cumulative,all subpops,Age 2,new_H,E_to_I_rate=0.5,116.9318765231082,65.69267174100322,199.225554148707
2026-02-15,cumulative,all subpops,Age 2,new_H,E_to_I_rate=0.5,117.32458496154536,65.91813350231787,199.70780012329394
2026-02-16,cumulative,all subpops,Age 2,new_H,E_to_I_rate=0.5,117.66345237508847,66.12210506022512,200.14884548715955
2026-02-17,cumulative,all subpops,Age 2,new_H,E_to_I_rate=0.5,117.97870555833337,66.30273916271483,200.54482082301305
2026-02-18,cumulative,all subpops,Age 2,new_H,E_to_I_rate=0.5,118.23936758590742,66.46114094892489,200.89787705811318
2026-02-19,cumulative,all subpops,Age 2,new_H,E_to_I_rate=0.5,118.4685371938369,66.59974620889189,201.21287835635633
2026-02-20,cumulative,all subpops,Age 2,new_H,E_to_I_rate=0.5,118.67061269162224,66.7214551492152,201.4957063371473
2026-02-21,cumulative,all subpops,Age 2,new_H,E_to_I_rate=0.5,118.84964968760914,66.82901544578478,201.75197791887362
2026-02-22,cumulative,all subpops,Age 2,new_H,E_to_I_rate=0.5,119.00925218086269,66.92484714721552,201.98663919290698
2026-02-23,cumulative,all subpops,Age 2,new_H,E_to_I_rate=0.5,119.15398897182882,67.01185142935879,202.20633018249814
2026-02-24,cumulative,all subpops,Age 2,new_H,E_to_I_rate=0.5,119.2945861384039,67.09665065970863,202.42921446296796
2026-02-25,cumulative,all subpops,Age 2,new_H,E_to_I_rate=0.5,119.43833240602386,67.18363350110045,202.66776615837975
2026-02-26,cumulative,all subpops,Age 2,new_H,E_to_I_rate=0.5,119.59398198086821,67.27447037032364,202.92729712565688
2026-02-27,cumulative,all subpops,Age 2,new_H,E_to_I_rate=0.5,119.77602332498704,67.36979937545712,203.21056720700798
2026-02-28,cumulative,all subpops,Age 2,new_H,E_to_I_rate=0.5,119.96525591037734,67.46890829061019,203.51594220549035
2026-03-01,cumulative,all subpops,Age 2,new_H,E_to_I_rate=0.5,120.14999599807194,67.56585679647281,203.8229219212103
2026-03-02,cumulative,all subpops,Age 2,new_H,E_to_I_rate=0.5,120.32061429097283,67.65762673192788,204.1072345935013
2026-03-03,cumulative,all subpops,Age 2,new_H,E_to_I_rate=0.5,120.47030963847973,67.74863685622634,204.36954427158744
2026-03-04,cumulative,all subpops,Age 2,new_H,E_to_I_rate=0.5,120.62258337748708,67.8420460990756,204.64144789268548
2026-03-05,cumulative,all subpops,Age 2,new_H,E_to_I_rate=0.5,120.77882478565796,67.93890693157508,204.92543732283923
2026-03-06,cumulative,all subpops,Age 2,new_H,E_to_I_rate=0.5,120.97437359565069,68.03952701358963,205.22170619978775
2026-03-07,cumulative,all subpops,Age 2,new_H,E_to_I_rate=0.5,121.18725214011259,68.14285307807826,205.52640291716688
2026-03-08,cumulative,all subpops,Age 2,new_H,E_to_I_rate=0.5,121.39310479632965,68.24638009785953,205.8207091650498
2026-03-09,cumulative,all subpops,Age 2,new_H,E_to_I_rate=0.5,121.5845517348923,68.34292325084944,206.0946216418557
2026-03-10,cumulative,all subpops,Age 2,new_H,E_to_I_rate=0.5,121.76888620929225,68.43538103273791,206.35896990293338
2026-03-11,cumulative,all subpops,Age 2,new_H,E_to_I_rate=0.5,121.95141409003394,68.52696378969416,206.62197374812138
2026-03-12,cumulative,all subpops,Age 2,new_H,E_to_I_rate=0.5,122.13342607262338,68.61891947957317,206.8861818486393
2026-03-13,cumulative,all subpops,Age 2,new_H,E_to_I_rate=0.5,122.31578275544001,68.71209472606978,207.15249181946888
2026-03-14,cumulative,all subpops,Age 2,new_H,E_to_I_rate=0.5,122.49793580440986,68.80637516852725,207.41891234782415
2026-03-15,cumulative,all subpops,Age 2,new_H,E_to_I_rate=0.5,122.67039542228477,68.8966925100783,207.67118222853733
2026-03-16,cumulative,all subpops,Age 2,new_H,E_to_I_rate=0.5,122.82801137800666,68.98040956923165,207.90190814542805
2026-03-17,cumulative,all subpops,Age 2,new_H,E_to_I_rate=0.5,122.97569664560234,69.06091039160232,208.11927143414326
2026-03-18,cumulative,all subpops,Age 2,new_H,E_to_I_rate=0.5,123.11958427499923,69.14338018488691,208.33126313196837
2026-03-19,cumulative,all subpops,Age 2,new_H,E_to_I_rate=0.5,123.26392499219064,69.22761360115027,208.54229268387675
2026-03-20,cumulative,all subpops,Age 2,new_H,E_to_I_rate=0.5,123.41031274275281,69.31411902088546,208.75414154286858
2026-03-21,cumulative,all subpops,Age 2,new_H,E_to_I_rate=0.5,123.55735616321057,69.40200041459855,208.96525629743527
2026-03-22,cumulative,all subpops,Age 2,new_H,E_to_I_rate=0.5,123.69711050423459,69.48618236741065,209.16478093917496
2026-03-23,cumulative,all subpops,Age 2,new_H,E_to_I_rate=0.5,123.82585814123999,69.5641428933159,209.3476470356574
2026-03-24,cumulative,all subpops,Age 2,new_H,E_to_I_rate=0.5,123.95022544253503,69.63947598343537,209.52242415462288
2026-03-25,cumulative,all subpops,Age 2,new_H,E_to_I_rate=0.5,124.07607067853476,69.7151591146037,209.69625455851974
2026-03-26,cumulative,all subpops,Age 2,new_H,E_to_I_rate=0.5,124.20595979322829,69.79239540784327,209.87228335948225
2026-03-27,cumulative,all subpops,Age 2,new_H,E_to_I_rate=0.5,124.34034378022085,69.87147221494037,210.05159895765354
2026-03-28,cumulative,all subpops,Age 2,new_H,E_to_I_rate=0.5,124.4790982473835,69.95187869249021,210.23346344324108
2026-03-29,cumulative,all subpops,Age 2,new_H,E_to_I_rate=0.5,124.61492463613462,70.02921260017924,210.40824898850315
2026-03-30,cumulative,all subpops,Age 2,new_H,E_to_I_rate=0.5,124.74390465359889,70.10120027254136,210.5711293846771
2026-03-31,cumulative,all subpops,Age 2,new_H,E_to_I_rate=0.5,124.87192721361359,70.17090067854727,210.72957182950344
2026-04-01,cumulative,all subpops,Age 2,new_H,E_to_I_rate=0.5,125.0027039171008,70.24051300754081,210.8890649111404
2026-04-02,cumulative,all subpops,Age 2,new_H,E_to_I_rate=0.5,125.13386148384663,70.31082344096302,211.05185380701187
2026-04-03,cumulative,all subpops,Age 2,new_H,E_to_I_rate=0.5,125.2492633320683,70.38221359886612,211.2192942295076
2026-04-04,cumulative,all subpops,Age 2,new_H,E_to_I_rate=0.5,125.36143182966327,70.45389662844852,211.3898306412952
2026-04-05,cumulative,all subpops,Age 2,new_H,E_to_I_rate=0.5,125.46339280115892,70.52188644242085,211.55351920687397
2026-04-06,cumulative,all subpops,Age 2,new_H,E_to_I_rate=0.5,125.55276903023886,70.58422481787612,211.705462808085
2026-04-07,cumulative,all subpops,Age 2,new_H,E_to_I_rate=0.5,125.63996655115945,70.64357955315279,211.85302440965123
2026-04-08,cumulative,all subpops,Age 2,new_H,E_to_I_rate=0.5,125.72880802630172,70.70200160163203,212.00197907846334
2026-04-09,cumulative,all subpops,Age 2,new_H,E_to_I_rate=0.5,125.82114801019335,70.76028711471581,212.15483524333035
2026-04-10,cumulative,all subpops,Age 2,new_H,E_to_I_rate=0.5,125.91746209620436,70.81855407927678,212.3123117136946
2026-04-11,cumulative,all subpops,Age 2,new_H,E_to_I_rate=0.5,126.01635565259559,70.87609101831706,212.4725680948084
2026-04-12,cumulative,all subpops,Age 2,new_H,E_to_I_rate=0.5,126.11182531754937,70.929959922587,212.6262530471858
2026-04-13,cumulative,all subpops,Age 2,new_H,E_to_I_rate=0.5,126.20088340831911,70.97875261221034,212.76868595010495
2026-04-14,cumulative,all subpops,Age 2,new_H,E_to_I_rate=0.5,126.28696727093177,71.02417325373375,212.90563349767336
2026-04-15,cumulative,all subpops,Age 2,new_H,E_to_I_rate=0.5,126.37271901584165,71.06768802611316,213.04171525579142
2026-04-16,cumulative,all subpops,Age 2,new_H,E_to_I_rate=0.5,126.4591824568638,71.11003624266336,213.17890024241325
2026-04-17,cumulative,all subpops,Age 2,new_H,E_to_I_rate=0.5,126.53777319504333,71.15163572086428,213.31805023824734
2026-04-18,cumulative,all subpops,Age 2,new_H,E_to_I_rate=0.5,126.60579125620714,71.19243279167031,213.45831394244746
2026-04-19,cumulative,all subpops,Age 2,new_H,E_to_I_rate=0.5,126.67055311051251,71.23062904373641,213.59219297782664
2026-04-20,cumulative,all subpops,Age 2,new_H,E_to_I_rate=0.5,126.72986599223725,71.26513346944304,213.71485493052737
2026-04-21,cumulative,all subpops,Age 2,new_H,E_to_I_rate=0.5,126.78339326618158,71.29583886347955,213.82525536621557
2026-04-22,cumulative,all subpops,Age 2,new_H,E_to_I_rate=0.5,126.83152706964435,71.323059641214,213.92403431201714
2026-04-23,cumulative,all subpops,Age 2,new_H,E_to_I_rate=0.5,126.87479033240356,71.3472414940956,214.01241937500848
2026-04-24,cumulative,all subpops,Age 2,new_H,E_to_I_rate=0.5,126.91383289805256,71.36887938644144,214.091900010403
2026-04-25,cumulative,all subpops,Age 2,new_H,E_to_I_rate=0.5,126.94939436478558,71.38846958907959,214.16402789658642
2026-04-26,cumulative,all subpops,Age 2,new_H,E_to_I_rate=0.5,126.98208650919413,71.40643766517512,214.23013563008797
2026-04-27,cumulative,all subpops,Age 2,new_H,E_to_I_rate=0.5,127.02128521506485,71.42331622605387,214.29193259403294
2026-04-28,cumulative,all subpops,Age 2,new_H,E_to_I_rate=0.5,127.06396615599313,71.44053888313958,214.3541531810925
2026-04-29,cumulative,all subpops,Age 2,new_H,E_to_I_rate=0.5,127.1073163277573,71.45913743645934,214.4197807545716
2026-04-30,cumulative,all subpops,Age 2,new_H,E_to_I_rate=0.5,127.15200318701186,71.47966414641334,214.4898089006004
2026-05-01,cumulative,all subpops,Age 2,new_H,E_to_I_rate=0.5,127.19826198025028,71.50253439702333,214.56446342129627
2026-05-02,cumulative,all subpops,Age 2,new_H,E_to_I_rate=0.5,127.24592273391667,71.52785435304898,214.6429711927403
2026-05-03,cumulative,all subpops,Age 2,new_H,E_to_I_rate=0.5,127.29235692622765,71.55394956051023,214.72035944261188
2026-05-04,cumulative,all subpops,Age 2,new_H,E_to_I_rate=0.5,127.33629050126538,71.58003000826305,214.7939510525587
2026-05-05,cumulative,all subpops,Age 2,new_H,E_to_I_rate=0.5,127.37970976649694,71.60802098847805,214.86676322268193
2026-05-06,cumulative,all subpops,Age 2,new_H,E_to_I_rate=0.5,127.42397714667565,71.63961133046617,214.94101954528966
2026-05-07,cumulative,all subpops,Age 2,new_H,E_to_I_rate=0.5,127.47647902050744,71.67603660185037,215.01752919493438
2026-05-08,cumulative,all subpops,Age 2,new_H,E_to_I_rate=0.5,127.53305904408151,71.71875284715432,215.09683047427484
2025-09-01,daily,all subpops,Age 3,new_H,E_to_I_rate=0.5,0.0041537884536561355,0.001406153140935486,0.010523092534641332
2025-09-02,daily,all subpops,Age 3,new_H,E_to_I_rate=0.5,0.010126820625197307,0.0034081775152027846,0.02570287323402132
2025-09-03,daily,all subpops,Age 3,new_H,E_to_I_rate=0.5,0.013180308188236737,0.004445179278548608,0.03349120888690136
2025-09-04,daily,all subpops,Age 3,new_H,E_to_I_rate=0.5,0.01564414048671702,0.005328890294051586,0.03890903484559616
2025-09-05,daily,all subpops,Age 3,new_H,E_to_I_rate=0.5,0.017933632874792722,0.006213688007615535,0.04377464300380215
2025-09-06,daily,all subpops,Age 3,new_H,E_to_I_rate=0.5,0.019965686822805813,0.006927667198840697,0.048116676760111846
2025-09-07,daily,all subpops,Age 3,new_H,E_to_I_rate=0.5,0.02018527955491127,0.007022637461979018,0.04780045117336442
2025-09-08,daily,all subpops,Age 3,new_H,E_to_I_rate=0.5,0.019412506532819413,0.006668302676388081,0.04506340810626787
2025-09-09,daily,all subpops,Age 3,new_H,E_to_I_rate=0.5,0.020029070187719995,0.0067929800098938484,0.045393638205723286
2025-09-10,daily,all subpops,Age 3,new_H,E_to_I_rate=0.5,0.021480068262842746,0.007257398803055071,0.0482618252905767
2025-09-11,daily,all subpops,Age 3,new_H,E_to_I_rate=0.5,0.023099027825290164,0.008016360480458574,0.051635509510536186
2025-09-12,daily,all subpops,Age 3,new_H,E_to_I_rate=0.5,0.024917683493004397,0.008941361807030644,0.05503185609673743
2025-09-13,daily,all subpops,Age 3,new_H,E_to_I_rate=0.5,0.026578874039216095,0.009798870363247348,0.057617123328398266
2025-09-14,daily,all subpops,Age 3,new_H,E_to_I_rate=0.5,0.026256199949118313,0.009655655938874304,0.05782666660833583
2025-09-15,daily,all subpops,Age 3,new_H,E_to_I_rate=0.5,0.024734847119501063,0.00913789611003268,0.05491423993603039
2025-09-16,daily,all subpops,Age 3,new_H,E_to_I_rate=0.5,0.02440273933159795,0.00924087133124746,0.05301087819808202
2025-09-17,daily,all subpops,Age 3,new_H,E_to_I_rate=0.5,0.024971989917786167,0.009829941761168413,0.05517490755641551
2025-09-18,daily,all subpops,Age 3,new_H,E_to_I_rate=0.5,0.02615761134221415,0.01034593056479265,0.056809781672452146
2025-09-19,daily,all subpops,Age 3,new_H,E_to_I_rate=0.5,0.02764873330105804,0.010500372669099775,0.06066827023932884
2025-09-20,daily,all subpops,Age 3,new_H,E_to_I_rate=0.5,0.028745068867827493,0.010846114601686517,0.06316561941224604
2025-09-21,daily,all subpops,Age 3,new_H,E_to_I_rate=0.5,0.027885437016210615,0.010549326298526231,0.060873045679860426
2025-09-22,daily,all subpops,Age 3,new_H,E_to_I_rate=0.5,0.026034095676219438,0.009825901456538817,0.05642400037526981
2025-09-23,daily,all subpops,Age 3,new_H,E_to_I_rate=0.5,0.025418687274204224,0.009552993026490146,0.054964339603480135
2025-09-24,daily,all subpops,Age 3,new_H,E_to_I_rate=0.5,0.02593173537147584,0.00980387364971065,0.057053816767110535
2025-09-25,daily,all subpops,Age 3,new_H,E_to_I_rate=0.5,0.026657703943017683,0.010137430125798218,0.059066912248277946
2025-09-26,daily,all subpops,Age 3,new_H,E_to_I_rate=0.5,0.02739120256835144,0.010724388934666792,0.061186083589358585
2025-09-27,daily,all subpops,Age 3,new_H,E_to_I_rate=0.5,0.027969786429115906,0.011249616410473378,0.0635825791251631
2025-09-28,daily,all subpops,Age 3,new_H,E_to_I_rate=0.5,0.026814874745997194,0.010806578971896113,0.06078254947535968
2025-09-29,daily,all subpops,Age 3,new_H,E_to_I_rate=0.5,0.024662933170112575,0.00997741009217732,0.05553448822113606
2025-09-30,daily,all subpops,Age 3,new_H,E_to_I_rate=0.5,0.023914604871542258,0.00975983989804375,0.053142203714090244
2025-10-01,daily,all subpops,Age 3,new_H,E_to_I_rate=0.5,0.02426325716229881,0.010026040806776998,0.054122572264251774
2025-10-02,daily,all subpops,Age 3,new_H,E_to_I_rate=0.5,0.02535815944173773,0.010685075519996078,0.05691172461964315
2025-10-03,daily,all subpops,Age 3,new_H,E_to_I_rate=0.5,0.02657093376500931,0.011362238272953544,0.06080022646049785
2025-10-04,daily,all subpops,Age 3,new_H,E_to_I_rate=0.5,0.027925594163680546,0.011836302418921748,0.06400234695284492
2025-10-05,daily,all subpops,Age 3,new_H,E_to_I_rate=0.5,0.027271444893309682,0.011489939133367157,0.06268129935369454
2025-10-06,daily,all subpops,Age 3,new_H,E_to_I_rate=0.5,0.025501843187972786,0.010643165358350422,0.05791133301582025
2025-10-07,daily,all subpops,Age 3,new_H,E_to_I_rate=0.5,0.025028124417438326,0.0106206388970669,0.05701416138560508
2025-10-08,daily,all subpops,Age 3,new_H,E_to_I_rate=0.5,0.025563248739890597,0.011106788580520322,0.05880417640904192
2025-10-09,daily,all subpops,Age 3,new_H,E_to_I_rate=0.5,0.02687309439702116,0.011725197094419708,0.06235922109722421
2025-10-10,daily,all subpops,Age 3,new_H,E_to_I_rate=0.5,0.029472503159037447,0.01266418936040023,0.06785721845847564
2025-10-11,daily,all subpops,Age 3,new_H,E_to_I_rate=0.5,0.03172875736826904,0.01367866745339485,0.0725604588262137
2025-10-12,daily,all subpops,Age 3,new_H,E_to_I_rate=0.5,0.031553999533581636,0.013559411643109821,0.07148039972307198
2025-10-13,daily,all subpops,Age 3,new_H,E_to_I_rate=0.5,0.029526357038549132,0.012656392380510204,0.0669198592458378
2025-10-14,daily,all subpops,Age 3,new_H,E_to_I_rate=0.5,0.027271844135662367,0.011684354122776769,0.0623086192147826
2025-10-15,daily,all subpops,Age 3,new_H,E_to_I_rate=0.5,0.02729524229248239,0.01137663001882454,0.0614554228122197
2025-10-16,daily,all subpops,Age 3,new_H,E_to_I_rate=0.5,0.028889354802250453,0.011839180640779254,0.06547410581828612
2025-10-17,daily,all subpops,Age 3,new_H,E_to_I_rate=0.5,0.031713072428030606,0.013164427600359118,0.07288640581208872
2025-10-18,daily,all subpops,Age 3,new_H,E_to_I_rate=0.5,0.03447245870922676,0.014428207980372438,0.07932800902896762
2025-10-19,daily,all subpops,Age 3,new_H,E_to_I_rate=0.5,0.034674726892553805,0.014325778449947106,0.07827708203458683
2025-10-20,daily,all subpops,Age 3,new_H,E_to_I_rate=0.5,0.0331020675078344,0.013664243084767484,0.07527481331880553
2025-10-21,daily,all subpops,Age 3,new_H,E_to_I_rate=0.5,0.03369327696845488,0.013946163004542655,0.07609243129562283
2025-10-22,daily,all subpops,Age 3,new_H,E_to_I_rate=0.5,0.036078183647878834,0.015046992723907108,0.08051347568099965
2025-10-23,daily,all subpops,Age 3,new_H,E_to_I_rate=0.5,0.03933962571920267,0.01657818863362118,0.08650761471627932
2025-10-24,daily,all subpops,Age 3,new_H,E_to_I_rate=0.5,0.043811052748909736,0.01847223594187882,0.09393080015107029
2025-10-25,daily,all subpops,Age 3,new_H,E_to_I_rate=0.5,0.04775212302181203,0.020295700848658022,0.10034968082531202
2025-10-26,daily,all subpops,Age 3,new_H,E_to_I_rate=0.5,0.047660650670356644,0.020602739053138867,0.10046729474808402
2025-10-27,daily,all subpops,Age 3,new_H,E_to_I_rate=0.5,0.04555420035481553,0.019802014006767062,0.09729874960908978
2025-10-28,daily,all subpops,Age 3,new_H,E_to_I_rate=0.5,0.047178835266181274,0.02034816893065386,0.10136518762319886
2025-10-29,daily,all subpops,Age 3,new_H,E_to_I_rate=0.5,0.050995179592637205,0.021952204096134315,0.10987373650104146
2025-10-30,daily,all subpops,Age 3,new_H,E_to_I_rate=0.5,0.05553056692394788,0.024449001768951033,0.12139598016676861
2025-10-31,daily,all subpops,Age 3,new_H,E_to_I_rate=0.5,0.061671179318941505,0.02645946800699193,0.13372674832051124
2025-11-01,daily,all subpops,Age 3,new_H,E_to_I_rate=0.5,0.06636150351066492,0.028827514334874148,0.14447901222129517
2025-11-02,daily,all subpops,Age 3,new_H,E_to_I_rate=0.5,0.06617425040527475,0.028600899140795007,0.14165335126931033
2025-11-03,daily,all subpops,Age 3,new_H,E_to_I_rate=0.5,0.0634751032034541,0.027671698775051087,0.13520570814572508
2025-11-04,daily,all subpops,Age 3,new_H,E_to_I_rate=0.5,0.06481665753771268,0.029020669436537742,0.13735251898917836
2025-11-05,daily,all subpops,Age 3,new_H,E_to_I_rate=0.5,0.07034362627669351,0.032390400408100414,0.14869362120435398
2025-11-06,daily,all subpops,Age 3,new_H,E_to_I_rate=0.5,0.07816374257257408,0.03612473539842693,0.16232427906321273
2025-11-07,daily,all subpops,Age 3,new_H,E_to_I_rate=0.5,0.08734631923879654,0.04100070718604121,0.1811713214192358
2025-11-08,daily,all subpops,Age 3,new_H,E_to_I_rate=0.5,0.09592826638217317,0.045440130448085106,0.19654464718335563
2025-11-09,daily,all subpops,Age 3,new_H,E_to_I_rate=0.5,0.09653155428067163,0.04590222043564441,0.19629363556053134
2025-11-10,daily,all subpops,Age 3,new_H,E_to_I_rate=0.5,0.09269174837351035,0.04424232613894286,0.18637115923222022
2025-11-11,daily,all subpops,Age 3,new_H,E_to_I_rate=0.5,0.09308025055943121,0.04477919161934664,0.1880211015738971
2025-11-12,daily,all subpops,Age 3,new_H,E_to_I_rate=0.5,0.09249613494267267,0.0445067519966968,0.18456498604526397
2025-11-13,daily,all subpops,Age 3,new_H,E_to_I_rate=0.5,0.09846855279270392,0.047295768692403574,0.19353372237453137
2025-11-14,daily,all subpops,Age 3,new_H,E_to_I_rate=0.5,0.11036944121530798,0.05228469247991714,0.21364553760042093
2025-11-15,daily,all subpops,Age 3,new_H,E_to_I_rate=0.5,0.1250222409624425,0.05895379717155167,0.23875208154298
2025-11-16,daily,all subpops,Age 3,new_H,E_to_I_rate=0.5,0.12807643394086066,0.060390566747741105,0.2445369726551237
2025-11-17,daily,all subpops,Age 3,new_H,E_to_I_rate=0.5,0.12520395807523238,0.059269671095686316,0.2404221044432216
2025-11-18,daily,all subpops,Age 3,new_H,E_to_I_rate=0.5,0.13305387089139464,0.061885347550978805,0.25089578820924063
2025-11-19,daily,all subpops,Age 3,new_H,E_to_I_rate=0.5,0.14992760305007768,0.07051225656503832,0.2775552349676931
2025-11-20,daily,all subpops,Age 3,new_H,E_to_I_rate=0.5,0.17377042660525377,0.08067337603898411,0.31906161554678697
2025-11-21,daily,all subpops,Age 3,new_H,E_to_I_rate=0.5,0.19900504800619795,0.09297621848029682,0.36741719732391126
2025-11-22,daily,all subpops,Age 3,new_H,E_to_I_rate=0.5,0.22438745024061008,0.10607109143835923,0.4113951343561965
2025-11-23,daily,all subpops,Age 3,new_H,E_to_I_rate=0.5,0.2289817876559096,0.10819601994393865,0.4196380777062236
2025-11-24,daily,all subpops,Age 3,new_H,E_to_I_rate=0.5,0.2247596298041832,0.10665458992230399,0.4117571878651792
2025-11-25,daily,all subpops,Age 3,new_H,E_to_I_rate=0.5,0.23862221196655028,0.11323765835160272,0.43923487018999247
2025-11-26,daily,all subpops,Age 3,new_H,E_to_I_rate=0.5,0.26770996999875074,0.12575733678620973,0.4773238134331233
2025-11-27,daily,all subpops,Age 3,new_H,E_to_I_rate=0.5,0.29535643217425744,0.1380721123540319,0.5207948806588713
2025-11-28,daily,all subpops,Age 3,new_H,E_to_I_rate=0.5,0.30104859342659884,0.13924137230525527,0.5320992030050394
2025-11-29,daily,all subpops,Age 3,new_H,E_to_I_rate=0.5,0.29214897966545517,0.1344920768450151,0.5141423658619335
2025-11-30,daily,all subpops,Age 3,new_H,E_to_I_rate=0.5,0.27791307957113065,0.12816753689955523,0.48716832821187483
2025-12-01,daily,all subpops,Age 3,new_H,E_to_I_rate=0.5,0.2672686775414622,0.12375114789121902,0.46646692747472035
2025-12-02,daily,all subpops,Age 3,new_H,E_to_I_rate=0.5,0.2880343460187917,0.13381277847313533,0.5018086793004611
2025-12-03,daily,all subpops,Age 3,new_H,E_to_I_rate=0.5,0.330715334265477,0.15398326070122012,0.5789564505747595
2025-12-04,daily,all subpops,Age 3,new_H,E_to_I_rate=0.5,0.38879055394038164,0.18034353998899608,0.6815908523099385
2025-12-05,daily,all subpops,Age 3,new_H,E_to_I_rate=0.5,0.46151472246575226,0.21427186599447937,0.8107453640095479
2025-12-06,daily,all subpops,Age 3,new_H,E_to_I_rate=0.5,0.5388864705598193,0.25222229784445316,0.952335246424174
2025-12-07,daily,all subpops,Age 3,new_H,E_to_I_rate=0.5,0.5661933590912553,0.26724970876103105,1.0040936461203882
2025-12-08,daily,all subpops,Age 3,new_H,E_to_I_rate=0.5,0.570395372788344,0.2697268705319689,1.012419892947239
2025-12-09,daily,all subpops,Age 3,new_H,E_to_I_rate=0.5,0.6267217692204553,0.2963886161568647,1.1030342642274555
2025-12-10,daily,all subpops,Age 3,new_H,E_to_I_rate=0.5,0.7313075291902994,0.34203178000739554,1.2967227289131915
2025-12-11,daily,all subpops,Age 3,new_H,E_to_I_rate=0.5,0.8563271407188309,0.40390612240805013,1.5209774780412606
2025-12-12,daily,all subpops,Age 3,new_H,E_to_I_rate=0.5,1.002316491416099,0.4744452072103907,1.7779715121710857
2025-12-13,daily,all subpops,Age 3,new_H,E_to_I_rate=0.5,1.1609546653068668,0.5493594144385942,2.060573976446286
2025-12-14,daily,all subpops,Age 3,new_H,E_to_I_rate=0.5,1.2199536308396088,0.5752451144066744,2.140573744997879
2025-12-15,daily,all subpops,Age 3,new_H,E_to_I_rate=0.5,1.2175791898046624,0.5759838880970412,2.147585545850767
2025-12-16,daily,all subpops,Age 3,new_H,E_to_I_rate=0.5,1.3321549571739466,0.6305386112465159,2.3283764057700354
2025-12-17,daily,all subpops,Age 3,new_H,E_to_I_rate=0.5,1.543524312011807,0.7287942386796541,2.662316549473705
2025-12-18,daily,all subpops,Age 3,new_H,E_to_I_rate=0.5,1.7928895425390272,0.8459185330440642,3.0986076475979125
2025-12-19,daily,all subpops,Age 3,new_H,E_to_I_rate=0.5,2.070066381964544,0.9787119964579001,3.586587195872331
2025-12-20,daily,all subpops,Age 3,new_H,E_to_I_rate=0.5,2.3345754475146525,1.1056765848612975,4.047601001330507
2025-12-21,daily,all subpops,Age 3,new_H,E_to_I_rate=0.5,2.4033008833295466,1.1429772918974528,4.173209321441883
2025-12-22,daily,all subpops,Age 3,new_H,E_to_I_rate=0.5,2.340430079721615,1.1139766846210768,4.06378920419806
2025-12-23,daily,all subpops,Age 3,new_H,E_to_I_rate=0.5,2.2585666481582987,1.0567362680820442,3.8473949748813303
2025-12-24,daily,all subpops,Age 3,new_H,E_to_I_rate=0.5,2.1534116709060354,0.9960286637905355,3.638825957375973
2025-12-25,daily,all subpops,Age 3,new_H,E_to_I_rate=0.5,2.037600462661362,0.9452599302545731,3.4242618423750373
2025-12-26,daily,all subpops,Age 3,new_H,E_to_I_rate=0.5,1.945578714415863,0.9153724782820821,3.259191629761884
2025-12-27,daily,all subpops,Age 3,new_H,E_to_I_rate=0.5,1.8738053548898572,0.8949372501093593,3.1213489588130736
2025-12-28,daily,all subpops,Age 3,new_H,E_to_I_rate=0.5,1.8023732464736573,0.8697618325741273,3.02988000776144
2025-12-29,daily,all subpops,Age 3,new_H,E_to_I_rate=0.5,1.7257673631143966,0.8345479254892056,2.927643974725516
2025-12-30,daily,all subpops,Age 3,new_H,E_to_I_rate=0.5,1.6505072470234428,0.7991046809800464,2.8048106520349823
2025-12-31,daily,all subpops,Age 3,new_H,E_to_I_rate=0.5,1.5805645976831066,0.7629740667749362,2.6801479262022316
2026-01-01,daily,all subpops,Age 3,new_H,E_to_I_rate=0.5,1.5118160412443626,0.7295213222533524,2.564240108407765
2026-01-02,daily,all subpops,Age 3,new_H,E_to_I_rate=0.5,1.4458269200279348,0.6952798974275676,2.4521220163638158
2026-01-03,daily,all subpops,Age 3,new_H,E_to_I_rate=0.5,1.3875061501406596,0.6632334726200841,2.3458644819344916
2026-01-04,daily,all subpops,Age 3,new_H,E_to_I_rate=0.5,1.319042424596292,0.6290262070182623,2.2269039245215967
2026-01-05,daily,all subpops,Age 3,new_H,E_to_I_rate=0.5,1.2632752658407993,0.6001392149695619,2.129193745360915
2026-01-06,daily,all subpops,Age 3,new_H,E_to_I_rate=0.5,1.28106864741037,0.612071257198308,2.176022272256791
2026-01-07,daily,all subpops,Age 3,new_H,E_to_I_rate=0.5,1.343499842282502,0.6452872031752227,2.2929408912226785
2026-01-08,daily,all subpops,Age 3,new_H,E_to_I_rate=0.5,1.4075352429618704,0.6755519514404921,2.422588612250039
2026-01-09,daily,all subpops,Age 3,new_H,E_to_I_rate=0.5,1.4730914478997217,0.7144859859766259,2.529312191214875
2026-01-10,daily,all subpops,Age 3,new_H,E_to_I_rate=0.5,1.504364609684919,0.7207674234500094,2.5743175691701077
2026-01-11,daily,all subpops,Age 3,new_H,E_to_I_rate=0.5,1.4367394785342684,0.6870713318207488,2.464583939478142
2026-01-12,daily,all subpops,Age 3,new_H,E_to_I_rate=0.5,1.317312570902943,0.6338136579745977,2.2646612555771273
2026-01-13,daily,all subpops,Age 3,new_H,E_to_I_rate=0.5,1.250551019321577,0.6043279722180892,2.159853554845459
2026-01-14,daily,all subpops,Age 3,new_H,E_to_I_rate=0.5,1.2193399658244126,0.5914422561498894,2.11140831275774
2026-01-15,daily,all subpops,Age 3,new_H,E_to_I_rate=0.5,1.1958517920952385,0.5802614185266922,2.0590041580590697
2026-01-16,daily,all subpops,Age 3,new_H,E_to_I_rate=0.5,1.1646461078518902,0.5639190047717473,2.011289066147202
2026-01-17,daily,all subpops,Age 3,new_H,E_to_I_rate=0.5,1.1307890672904946,0.552920796874864,1.9691250123120645
2026-01-18,daily,all subpops,Age 3,new_H,E_to_I_rate=0.5,1.0424960608326428,0.5111775777508694,1.8203409485153714
2026-01-19,daily,all subpops,Age 3,new_H,E_to_I_rate=0.5,0.9182712808460575,0.45162801022977483,1.609980294852555
2026-01-20,daily,all subpops,Age 3,new_H,E_to_I_rate=0.5,0.7997554206174416,0.39250763241740005,1.404429831467712
2026-01-21,daily,all subpops,Age 3,new_H,E_to_I_rate=0.5,0.7279890012730053,0.3569625977585577,1.2811515604885146
2026-01-22,daily,all subpops,Age 3,new_H,E_to_I_rate=0.5,0.6925450260636289,0.33507758995664033,1.204042617050276
2026-01-23,daily,all subpops,Age 3,new_H,E_to_I_rate=0.5,0.6660102465379695,0.3172832490662809,1.1577572065900186
2026-01-24,daily,all subpops,Age 3,new_H,E_to_I_rate=0.5,0.6405196911385058,0.3029386581822201,1.1152439091727722
2026-01-25,daily,all subpops,Age 3,new_H,E_to_I_rate=0.5,0.5906316887609261,0.2778083021855598,1.0278760276997418
2026-01-26,daily,all subpops,Age 3,new_H,E_to_I_rate=0.5,0.5288814864870468,0.24738172997197508,0.9204267044879908
2026-01-27,daily,all subpops,Age 3,new_H,E_to_I_rate=0.5,0.48965681303592157,0.22767507389919456,0.8543762176497498
2026-01-28,daily,all subpops,Age 3,new_H,E_to_I_rate=0.5,0.46870198635653726,0.21694629404696597,0.8157369239553072
2026-01-29,daily,all subpops,Age 3,new_H,E_to_I_rate=0.5,0.45964472413569246,0.2104875327707647,0.792999789291997
2026-01-30,daily,all subpops,Age 3,new_H,E_to_I_rate=0.5,0.45512757990965036,0.20961759914187167,0.784438036623994
2026-01-31,daily,all subpops,Age 3,new_H,E_to_I_rate=0.5,0.4476527093875009,0.2090155218907721,0.7648983368475514
2026-02-01,daily,all subpops,Age 3,new_H,E_to_I_rate=0.5,0.4171438077999059,0.1973985842296321,0.7123941035976061
2026-02-02,daily,all subpops,Age 3,new_H,E_to_I_rate=0.5,0.3780362192970925,0.18061244421200484,0.6516859568292371
2026-02-03,daily,all subpops,Age 3,new_H,E_to_I_rate=0.5,0.3531664518880753,0.17110176143486688,0.6152922207756273
2026-02-04,daily,all subpops,Age 3,new_H,E_to_I_rate=0.5,0.34418910404672476,0.16674594195446085,0.6027495029740741
2026-02-05,daily,all subpops,Age 3,new_H,E_to_I_rate=0.5,0.34276614457434673,0.16727679054266312,0.6016341396839554
2026-02-06,daily,all subpops,Age 3,new_H,E_to_I_rate=0.5,0.34460067147673246,0.16793431259528907,0.6103065085083955
2026-02-07,daily,all subpops,Age 3,new_H,E_to_I_rate=0.5,0.3438665166142657,0.1655876017119524,0.6116100812863359
2026-02-08,daily,all subpops,Age 3,new_H,E_to_I_rate=0.5,0.32426238521626294,0.1550963791837276,0.5794924829274427
2026-02-09,daily,all subpops,Age 3,new_H,E_to_I_rate=0.5,0.2963740463001158,0.1413264895050116,0.528143606873211
2026-02-10,daily,all subpops,Age 3,new_H,E_to_I_rate=0.5,0.2829592942441637,0.13523934779632996,0.5037839201822407
2026-02-11,daily,all subpops,Age 3,new_H,E_to_I_rate=0.5,0.27958068668396246,0.13413796274853015,0.5022123641325972
2026-02-12,daily,all subpops,Age 3,new_H,E_to_I_rate=0.5,0.2798848842697071,0.1361564138477214,0.5024821508410839
2026-02-13,daily,all subpops,Age 3,new_H,E_to_I_rate=0.5,0.2831050111507484,0.13743873491271788,0.5076791025981372
2026-02-14,daily,all subpops,Age 3,new_H,E_to_I_rate=0.5,0.2877766862050453,0.13827857176229644,0.5109368855704742
2026-02-15,daily,all subpops,Age 3,new_H,E_to_I_rate=0.5,0.2769808633599487,0.13126053325621986,0.4863769398649836
2026-02-16,daily,all subpops,Age 3,new_H,E_to_I_rate=0.5,0.25191460411,0.11943312606925882,0.44363100283826945
2026-02-17,daily,all subpops,Age 3,new_H,E_to_I_rate=0.5,0.2247078156437236,0.10786816715226655,0.39188632682673474
2026-02-18,daily,all subpops,Age 3,new_H,E_to_I_rate=0.5,0.19862850688888226,0.09632081371419628,0.346640182528784
2026-02-19,daily,all subpops,Age 3,new_H,E_to_I_rate=0.5,0.1769075876577605,0.084437511813187,0.30594772021666417
2026-02-20,daily,all subpops,Age 3,new_H,E_to_I_rate=0.5,0.1574075956937772,0.07390964457264537,0.2701970212626128
2026-02-21,daily,all subpops,Age 3,new_H,E_to_I_rate=0.5,0.14048856587191128,0.06569830095596262,0.24100108563604822
2026-02-22,daily,all subpops,Age 3,new_H,E_to_I_rate=0.5,0.12635159453982467,0.058134604631503765,0.21501896484580993
2026-02-23,daily,all subpops,Age 3,new_H,E_to_I_rate=0.5,0.11573957196541607,0.05450116488426931,0.1968829187806347
2026-02-24,daily,all subpops,Age 3,new_H,E_to_I_rate=0.5,0.11480870438392791,0.05396370975682421,0.19441702990117551
2026-02-25,daily,all subpops,Age 3,new_H,E_to_I_rate=0.5,0.12048790222164037,0.0564154336869096,0.20326185116119244
2026-02-26,daily,all subpops,Age 3,new_H,E_to_I_rate=0.5,0.1272319589731692,0.06003621438920309,0.21807284881872505
2026-02-27,daily,all subpops,Age 3,new_H,E_to_I_rate=0.5,0.13471181324684842,0.0625590519432443,0.23545364007919695
2026-02-28,daily,all subpops,Age 3,new_H,E_to_I_rate=0.5,0.14089514569899736,0.06407213158677605,0.2475170034251479
2026-03-01,daily,all subpops,Age 3,new_H,E_to_I_rate=0.5,0.13728294480658354,0.06208460492679321,0.2428538992178574
2026-03-02,daily,all subpops,Age 3,new_H,E_to_I_rate=0.5,0.12928991387341499,0.057913767943197206,0.22841975473822385
2026-03-03,daily,all subpops,Age 3,new_H,E_to_I_rate=0.5,0.1273842561573445,0.05688159235496297,0.2316331176583982
2026-03-04,daily,all subpops,Age 3,new_H,E_to_I_rate=0.5,0.12961755084660997,0.05795937095960364,0.23895674143114587
2026-03-05,daily,all subpops,Age 3,new_H,E_to_I_rate=0.5,0.13331397175741372,0.05853928629175465,0.24697588057187894
2026-03-06,daily,all subpops,Age 3,new_H,E_to_I_rate=0.5,0.13598077566647,0.0606817876704215,0.25482526969330666
2026-03-07,daily,all subpops,Age 3,new_H,E_to_I_rate=0.5,0.13827232988667543,0.060954242581466506,0.2600676174672193
2026-03-08,daily,all subpops,Age 3,new_H,E_to_I_rate=0.5,0.13212917456423295,0.05801177833385158,0.25280715715943075
2026-03-09,daily,all subpops,Age 3,new_H,E_to_I_rate=0.5,0.12127700127749494,0.05336611228031331,0.23589982012657343
2026-03-10,daily,all subpops,Age 3,new_H,E_to_I_rate=0.5,0.11705994182695029,0.05111450670019198,0.22426956713154422
2026-03-11,daily,all subpops,Age 3,new_H,E_to_I_rate=0.5,0.11619403979080829,0.051198303461476004,0.2239090800051091
2026-03-12,daily,all subpops,Age 3,new_H,E_to_I_rate=0.5,0.11751644811054987,0.052090386632748065,0.22731972091801197
2026-03-13,daily,all subpops,Age 3,new_H,E_to_I_rate=0.5,0.11966218657749605,0.052608404490855604,0.23255412857610647
2026-03-14,daily,all subpops,Age 3,new_H,E_to_I_rate=0.5,0.12157090876685174,0.053352977927936446,0.23809334452144554
2026-03-15,daily,all subpops,Age 3,new_H,E_to_I_rate=0.5,0.1167084847504595,0.051975676937641366,0.22720676663435607
2026-03-16,daily,all subpops,Age 3,new_H,E_to_I_rate=0.5,0.10818242686844295,0.04778605413195988,0.209153941630492
2026-03-17,daily,all subpops,Age 3,new_H,E_to_I_rate=0.5,0.10245905356015915,0.04515553405200713,0.19683766515039253
2026-03-18,daily,all subpops,Age 3,new_H,E_to_I_rate=0.5,0.10169677774333309,0.04422576652887663,0.19459752915229706
2026-03-19,daily,all subpops,Age 3,new_H,E_to_I_rate=0.5,0.10519912723005367,0.046426153584152016,0.1991740612186574
2026-03-20,daily,all subpops,Age 3,new_H,E_to_I_rate=0.5,0.10857622463058547,0.04782126815092815,0.2065398471714113
2026-03-21,daily,all subpops,Age 3,new_H,E_to_I_rate=0.5,0.11071391930426706,0.049225756169768,0.21127367643263886
2026-03-22,daily,all subpops,Age 3,new_H,E_to_I_rate=0.5,0.10583635979684727,0.04702966448121281,0.20384997256372214
2026-03-23,daily,all subpops,Age 3,new_H,E_to_I_rate=0.5,0.09720978799534846,0.043321292753343656,0.188540526856547
2026-03-24,daily,all subpops,Age 3,new_H,E_to_I_rate=0.5,0.09365081552432995,0.04191358536370629,0.18206176965802115
2026-03-25,daily,all subpops,Age 3,new_H,E_to_I_rate=0.5,0.0943742746782932,0.0422994054766201,0.18263161788376864
2026-03-26,daily,all subpops,Age 3,new_H,E_to_I_rate=0.5,0.09678298364832713,0.043622166620840355,0.18619116655060133
2026-03-27,daily,all subpops,Age 3,new_H,E_to_I_rate=0.5,0.09981554805565203,0.04532846609993645,0.18914551947388097
2026-03-28,daily,all subpops,Age 3,new_H,E_to_I_rate=0.5,0.101950107535556,0.04546094197538411,0.19234436710590727
2026-03-29,daily,all subpops,Age 3,new_H,E_to_I_rate=0.5,0.09803375355903218,0.04392044513676145,0.18459881704578326
2026-03-30,daily,all subpops,Age 3,new_H,E_to_I_rate=0.5,0.09110602516999902,0.0406275799992356,0.17055931280319864
2026-03-31,daily,all subpops,Age 3,new_H,E_to_I_rate=0.5,0.08839049048951772,0.03992546918509084,0.16449410800217062
2026-04-01,daily,all subpops,Age 3,new_H,E_to_I_rate=0.5,0.08875471922097859,0.0400054845117406,0.16326747875037279
2026-04-02,daily,all subpops,Age 3,new_H,E_to_I_rate=0.5,0.08909724126129367,0.0403424039799302,0.16691056292460657
2026-04-03,daily,all subpops,Age 3,new_H,E_to_I_rate=0.5,0.09137311070279731,0.04019005933283443,0.1714823985720831
2026-04-04,daily,all subpops,Age 3,new_H,E_to_I_rate=0.5,0.09231234660380977,0.0410159760225062,0.17542304120597485
2026-04-05,daily,all subpops,Age 3,new_H,E_to_I_rate=0.5,0.08772992766712609,0.03890556745547424,0.16748862863129518
2026-04-06,daily,all subpops,Age 3,new_H,E_to_I_rate=0.5,0.0808774204591063,0.03537125297626725,0.15512661505905515
2026-04-07,daily,all subpops,Age 3,new_H,E_to_I_rate=0.5,0.07824968317574604,0.03400661159248668,0.14975933064512478
2026-04-08,daily,all subpops,Age 3,new_H,E_to_I_rate=0.5,0.07900749436382533,0.0341860571495739,0.1517711929167533
2026-04-09,daily,all subpops,Age 3,new_H,E_to_I_rate=0.5,0.08063779095624908,0.03559987762175757,0.1590774840452532
2026-04-10,daily,all subpops,Age 3,new_H,E_to_I_rate=0.5,0.08280919804227277,0.03712276155044576,0.1644754280051253
2026-04-11,daily,all subpops,Age 3,new_H,E_to_I_rate=0.5,0.08445452648608955,0.038214631186962084,0.16842585333846538
2026-04-12,daily,all subpops,Age 3,new_H,E_to_I_rate=0.5,0.0808060149645374,0.0366191663589347,0.16220075921872787
2026-04-13,daily,all subpops,Age 3,new_H,E_to_I_rate=0.5,0.0740600350324152,0.03361814570084377,0.14986957484220303
2026-04-14,daily,all subpops,Age 3,new_H,E_to_I_rate=0.5,0.07054359631237134,0.0321695966034294,0.14313539115608934
2026-04-15,daily,all subpops,Age 3,new_H,E_to_I_rate=0.5,0.06948760717850289,0.03142998784556397,0.14124719088127552
2026-04-16,daily,all subpops,Age 3,new_H,E_to_I_rate=0.5,0.06862051850010079,0.03144343960899414,0.13873926249118015
2026-04-17,daily,all subpops,Age 3,new_H,E_to_I_rate=0.5,0.0687322005656135,0.03154343202865229,0.13738500140878057
2026-04-18,daily,all subpops,Age 3,new_H,E_to_I_rate=0.5,0.06783025183764299,0.031319744313838285,0.13861121762496367
2026-04-19,daily,all subpops,Age 3,new_H,E_to_I_rate=0.5,0.06360906719431277,0.02953188948773462,0.12922883358500142
2026-04-20,daily,all subpops,Age 3,new_H,E_to_I_rate=0.5,0.057399891046331766,0.026769647468587888,0.11668354327883675
2026-04-21,daily,all subpops,Age 3,new_H,E_to_I_rate=0.5,0.05125149144422295,0.023801645888914293,0.10512018348139969
2026-04-22,daily,all subpops,Age 3,new_H,E_to_I_rate=0.5,0.04544215026069585,0.020953702058672308,0.0928582167969515
2026-04-23,daily,all subpops,Age 3,new_H,E_to_I_rate=0.5,0.04049055425253774,0.018249065334031204,0.0818002322659919
2026-04-24,daily,all subpops,Age 3,new_H,E_to_I_rate=0.5,0.036196533853668236,0.016413086226609433,0.07361749760535793
2026-04-25,daily,all subpops,Age 3,new_H,E_to_I_rate=0.5,0.032519317409225,0.014672000947021572,0.06662793684175461
2026-04-26,daily,all subpops,Age 3,new_H,E_to_I_rate=0.5,0.029188057781637897,0.01320224595850296,0.06021568622298049
2026-04-27,daily,all subpops,Age 3,new_H,E_to_I_rate=0.5,0.026630137487212806,0.012089522373524864,0.056488607004788305
2026-04-28,daily,all subpops,Age 3,new_H,E_to_I_rate=0.5,0.026406305536488674,0.011973529817111488,0.056233581985689556
2026-04-29,daily,all subpops,Age 3,new_H,E_to_I_rate=0.5,0.027460659529563815,0.012466494079984574,0.059245171740998116
2026-04-30,daily,all subpops,Age 3,new_H,E_to_I_rate=0.5,0.029288201833473602,0.012926054940677731,0.06364462514639439
2026-05-01,daily,all subpops,Age 3,new_H,E_to_I_rate=0.5,0.03141428141592657,0.013179043173044486,0.06776755169368587
2026-05-02,daily,all subpops,Age 3,new_H,E_to_I_rate=0.5,0.033303310257954244,0.013480342726825953,0.07316722126714542
2026-05-03,daily,all subpops,Age 3,new_H,E_to_I_rate=0.5,0.032589102403326485,0.01287433172496033,0.07391972505626297
2026-05-04,daily,all subpops,Age 3,new_H,E_to_I_rate=0.5,0.0309899191061351,0.012065157733436688,0.07174456593220449
2026-05-05,daily,all subpops,Age 3,new_H,E_to_I_rate=0.5,0.03082995680593737,0.011707782367725822,0.072150920749615
2026-05-06,daily,all subpops,Age 3,new_H,E_to_I_rate=0.5,0.03203108012761936,0.011676325506673472,0.07865593831387577
2026-05-07,daily,all subpops,Age 3,new_H,E_to_I_rate=0.5,0.03410006590123266,0.011784250715744909,0.08345468144944482
2026-05-08,daily,all subpops,Age 3,new_H,E_to_I_rate=0.5,0.036901066152379106,0.012067523223745224,0.09024886857991071
2025-09-01,cumulative,all subpops,Age 3,new_H,E_to_I_rate=0.5,0.0041537884536561355,0.001406153140935486,0.010523092534641332
2025-09-02,cumulative,all subpops,Age 3,new_H,E_to_I_rate=0.5,0.014282283603663995,0.00481433065613827,0.03622596576866265
2025-09-03,cumulative,all subpops,Age 3,new_H,E_to_I_rate=0.5,0.02757982887781215,0.00923926368842947,0.06987061715880229
2025-09-04,cumulative,all subpops,Age 3,new_H,E_to_I_rate=0.5,0.042867233490447215,0.01449333792917321,0.1087681971804099
2025-09-05,cumulative,all subpops,Age 3,new_H,E_to_I_rate=0.5,0.06068022259947706,0.020660616978310085,0.1512842693922716
2025-09-06,cumulative,all subpops,Age 3,new_H,E_to_I_rate=0.5,0.08049771957265041,0.027652059556950756,0.1990967621687298
2025-09-07,cumulative,all subpops,Age 3,new_H,E_to_I_rate=0.5,0.10071770677595472,0.0348272719716578,0.24612217972846107
2025-09-08,cumulative,all subpops,Age 3,new_H,E_to_I_rate=0.5,0.12022377193559053,0.041886237874186424,0.2920087294630514
2025-09-09,cumulative,all subpops,Age 3,new_H,E_to_I_rate=0.5,0.140482422510427,0.049075610498466656,0.3397976896906714
2025-09-10,cumulative,all subpops,Age 3,new_H,E_to_I_rate=0.5,0.16227606411786444,0.05656413418093959,0.3911659101431091
2025-09-11,cumulative,all subpops,Age 3,new_H,E_to_I_rate=0.5,0.18573879702895124,0.06496997400603599,0.44245987508628315
2025-09-12,cumulative,all subpops,Age 3,new_H,E_to_I_rate=0.5,0.21085396244463095,0.07257723760490015,0.4919387065146222
2025-09-13,cumulative,all subpops,Age 3,new_H,E_to_I_rate=0.5,0.23831410745091358,0.08135984562602433,0.5427977498747174
2025-09-14,cumulative,all subpops,Age 3,new_H,E_to_I_rate=0.5,0.2654719682412193,0.09003672525731939,0.601575024659654
2025-09-15,cumulative,all subpops,Age 3,new_H,E_to_I_rate=0.5,0.28998775073836636,0.09834985225543305,0.6486202682397418
2025-09-16,cumulative,all subpops,Age 3,new_H,E_to_I_rate=0.5,0.3149665506376056,0.10869651073506256,0.6928394754659211
2025-09-17,cumulative,all subpops,Age 3,new_H,E_to_I_rate=0.5,0.3402634791228044,0.11756595213845172,0.7396499872707214
2025-09-18,cumulative,all subpops,Age 3,new_H,E_to_I_rate=0.5,0.3653538501919148,0.128233428075074,0.7911985430359421
2025-09-19,cumulative,all subpops,Age 3,new_H,E_to_I_rate=0.5,0.39398736099735915,0.14295026866537194,0.8442939264829603
2025-09-20,cumulative,all subpops,Age 3,new_H,E_to_I_rate=0.5,0.42171756299864116,0.16123632254030038,0.9041126847850429
2025-09-21,cumulative,all subpops,Age 3,new_H,E_to_I_rate=0.5,0.45008007367819863,0.1709458250394519,0.9802729523337724
2025-09-22,cumulative,all subpops,Age 3,new_H,E_to_I_rate=0.5,0.4767161814201317,0.1795654756259086,1.052219796750814
2025-09-23,cumulative,all subpops,Age 3,new_H,E_to_I_rate=0.5,0.504709705924726,0.19271299406724587,1.1237720829468738
2025-09-24,cumulative,all subpops,Age 3,new_H,E_to_I_rate=0.5,0.5311841450801592,0.20449248728256686,1.181493806559116
2025-09-25,cumulative,all subpops,Age 3,new_H,E_to_I_rate=0.5,0.5565169558169574,0.21863662322824656,1.2364429970195396
2025-09-26,cumulative,all subpops,Age 3,new_H,E_to_I_rate=0.5,0.5823869655459533,0.2327800428773582,1.2938983668402924
2025-09-27,cumulative,all subpops,Age 3,new_H,E_to_I_rate=0.5,0.6122870398798823,0.246160630786328,1.3459929407466122
2025-09-28,cumulative,all subpops,Age 3,new_H,E_to_I_rate=0.5,0.6349771782509483,0.2591539340694512,1.3950953090809806
2025-09-29,cumulative,all subpops,Age 3,new_H,E_to_I_rate=0.5,0.6595555249817404,0.2717333211037117,1.4419896234845675
2025-09-30,cumulative,all subpops,Age 3,new_H,E_to_I_rate=0.5,0.6859539674010677,0.2863468020918728,1.4866991631660087
2025-10-01,cumulative,all subpops,Age 3,new_H,E_to_I_rate=0.5,0.7096445890307789,0.3004163497161647,1.5313766633369166
2025-10-02,cumulative,all subpops,Age 3,new_H,E_to_I_rate=0.5,0.7348574721864986,0.3129813541226875,1.5973598887420086
2025-10-03,cumulative,all subpops,Age 3,new_H,E_to_I_rate=0.5,0.7589088207755694,0.32353092443857656,1.6710780064290407
2025-10-04,cumulative,all subpops,Age 3,new_H,E_to_I_rate=0.5,0.7890336955686266,0.33713935244348436,1.7279506588367737
2025-10-05,cumulative,all subpops,Age 3,new_H,E_to_I_rate=0.5,0.8162148828155121,0.3491614885504822,1.778299831820023
2025-10-06,cumulative,all subpops,Age 3,new_H,E_to_I_rate=0.5,0.8397146633485232,0.35929820764403125,1.8245641955330059
2025-10-07,cumulative,all subpops,Age 3,new_H,E_to_I_rate=0.5,0.8637427079121136,0.37124728099194426,1.8688998132303376
2025-10-08,cumulative,all subpops,Age 3,new_H,E_to_I_rate=0.5,0.8882453013412206,0.38207585894816004,1.9224360949496804
2025-10-09,cumulative,all subpops,Age 3,new_H,E_to_I_rate=0.5,0.9161369000758218,0.3994733387065426,1.9800923672371442
2025-10-10,cumulative,all subpops,Age 3,new_H,E_to_I_rate=0.5,0.9485032047333397,0.41182973399036044,2.0513907579382504
2025-10-11,cumulative,all subpops,Age 3,new_H,E_to_I_rate=0.5,0.9841373914911324,0.4209934342782666,2.1122920472271747
2025-10-12,cumulative,all subpops,Age 3,new_H,E_to_I_rate=0.5,1.0164465280254982,0.4381535029822337,2.1610765630271005
2025-10-13,cumulative,all subpops,Age 3,new_H,E_to_I_rate=0.5,1.0431871120927152,0.45111694551215087,2.2266197476264256
2025-10-14,cumulative,all subpops,Age 3,new_H,E_to_I_rate=0.5,1.0715838467070697,0.4622254593143673,2.2770313151390904
2025-10-15,cumulative,all subpops,Age 3,new_H,E_to_I_rate=0.5,1.095898976987133,0.4731217243555896,2.3271454738413833
2025-10-16,cumulative,all subpops,Age 3,new_H,E_to_I_rate=0.5,1.1232505774849681,0.48455071931242893,2.391967999954981
2025-10-17,cumulative,all subpops,Age 3,new_H,E_to_I_rate=0.5,1.153128238333807,0.504635988399682,2.487142794951384
2025-10-18,cumulative,all subpops,Age 3,new_H,E_to_I_rate=0.5,1.1873624311853752,0.5244366388931085,2.5653089203576007
2025-10-19,cumulative,all subpops,Age 3,new_H,E_to_I_rate=0.5,1.2241703422168193,0.5377604421169468,2.642581009397185
2025-10-20,cumulative,all subpops,Age 3,new_H,E_to_I_rate=0.5,1.254786820389413,0.5527196149486012,2.711708368963384
2025-10-21,cumulative,all subpops,Age 3,new_H,E_to_I_rate=0.5,1.285694254969619,0.5647087841464912,2.7803701873335163
2025-10-22,cumulative,all subpops,Age 3,new_H,E_to_I_rate=0.5,1.3220409542512936,0.5773212260701873,2.852911999452387
2025-10-23,cumulative,all subpops,Age 3,new_H,E_to_I_rate=0.5,1.3648034706489127,0.5924171333635766,2.9307320520918005
2025-10-24,cumulative,all subpops,Age 3,new_H,E_to_I_rate=0.5,1.415888291653634,0.6213534954739243,3.014812263171868
2025-10-25,cumulative,all subpops,Age 3,new_H,E_to_I_rate=0.5,1.4637469835220172,0.6503330127463357,3.103814919883788
2025-10-26,cumulative,all subpops,Age 3,new_H,E_to_I_rate=0.5,1.5223557206596405,0.6712258769117028,3.1908890134157133
2025-10-27,cumulative,all subpops,Age 3,new_H,E_to_I_rate=0.5,1.572911823156871,0.6917060784253322,3.2790520813022845
2025-10-28,cumulative,all subpops,Age 3,new_H,E_to_I_rate=0.5,1.6235604782286361,0.7135394662288659,3.3581571874253084
2025-10-29,cumulative,all subpops,Age 3,new_H,E_to_I_rate=0.5,1.6683131038398458,0.7381483418727942,3.471346730137682
2025-10-30,cumulative,all subpops,Age 3,new_H,E_to_I_rate=0.5,1.7293839526143167,0.7663008755420698,3.6010458947334527
2025-10-31,cumulative,all subpops,Age 3,new_H,E_to_I_rate=0.5,1.7938328170602844,0.8022764111168631,3.7105846396535602
2025-11-01,cumulative,all subpops,Age 3,new_H,E_to_I_rate=0.5,1.857575262949211,0.8427384199233544,3.823455797282439
2025-11-02,cumulative,all subpops,Age 3,new_H,E_to_I_rate=0.5,1.921696497020286,0.8835545381338641,3.934656819971197
2025-11-03,cumulative,all subpops,Age 3,new_H,E_to_I_rate=0.5,1.98476331743022,0.9148186077986128,4.041002764985449
2025-11-04,cumulative,all subpops,Age 3,new_H,E_to_I_rate=0.5,2.0511141208888937,0.9489726062858284,4.149055662541083
2025-11-05,cumulative,all subpops,Age 3,new_H,E_to_I_rate=0.5,2.119666939283246,0.993657650203904,4.2787849257179715
2025-11-06,cumulative,all subpops,Age 3,new_H,E_to_I_rate=0.5,2.1973606342455367,1.0292032501806492,4.450426035675323
2025-11-07,cumulative,all subpops,Age 3,new_H,E_to_I_rate=0.5,2.2887795120281798,1.0704539530918946,4.640092195919383
2025-11-08,cumulative,all subpops,Age 3,new_H,E_to_I_rate=0.5,2.3968693015727895,1.1234617225668413,4.784513926683759
2025-11-09,cumulative,all subpops,Age 3,new_H,E_to_I_rate=0.5,2.5081526006461576,1.1795336858881285,4.965487901314286
2025-11-10,cumulative,all subpops,Age 3,new_H,E_to_I_rate=0.5,2.611703297287895,1.2336602486477757,5.13879548863497
2025-11-11,cumulative,all subpops,Age 3,new_H,E_to_I_rate=0.5,2.7028670608070997,1.2827671487982264,5.345748731292163
2025-11-12,cumulative,all subpops,Age 3,new_H,E_to_I_rate=0.5,2.7950375268537746,1.336868254596682,5.544767197863837
2025-11-13,cumulative,all subpops,Age 3,new_H,E_to_I_rate=0.5,2.904658909628404,1.39426245187345,5.718394266830277
2025-11-14,cumulative,all subpops,Age 3,new_H,E_to_I_rate=0.5,3.0143642883558055,1.4520421543440856,5.879825883425859
2025-11-15,cumulative,all subpops,Age 3,new_H,E_to_I_rate=0.5,3.141849042252206,1.5036059286652907,6.105869277171877
2025-11-16,cumulative,all subpops,Age 3,new_H,E_to_I_rate=0.5,3.27692352761776,1.556968259430549,6.346612915693543
2025-11-17,cumulative,all subpops,Age 3,new_H,E_to_I_rate=0.5,3.4019172861155806,1.6072334625851268,6.561689072113232
2025-11-18,cumulative,all subpops,Age 3,new_H,E_to_I_rate=0.5,3.5395457491742683,1.6598343172435552,6.801146155189232
2025-11-19,cumulative,all subpops,Age 3,new_H,E_to_I_rate=0.5,3.693909491764282,1.73658105387432,7.069354801645845
2025-11-20,cumulative,all subpops,Age 3,new_H,E_to_I_rate=0.5,3.8639483328680777,1.822638017785973,7.378159196615407
2025-11-21,cumulative,all subpops,Age 3,new_H,E_to_I_rate=0.5,4.070238405570189,1.9072595566658541,7.728970687421996
2025-11-22,cumulative,all subpops,Age 3,new_H,E_to_I_rate=0.5,4.2864457167375125,2.0008010697707954,8.074087121579261
2025-11-23,cumulative,all subpops,Age 3,new_H,E_to_I_rate=0.5,4.522997031808,2.1058335110631874,8.431299379539352
2025-11-24,cumulative,all subpops,Age 3,new_H,E_to_I_rate=0.5,4.756052540368537,2.2349168599161913,8.79494785102635
2025-11-25,cumulative,all subpops,Age 3,new_H,E_to_I_rate=0.5,4.983492976212114,2.3691012975932226,9.262461392317576
2025-11-26,cumulative,all subpops,Age 3,new_H,E_to_I_rate=0.5,5.254027912870485,2.516370672477633,9.71292226728059
2025-11-27,cumulative,all subpops,Age 3,new_H,E_to_I_rate=0.5,5.557158528385734,2.6759598716003854,10.230821914106816
2025-11-28,cumulative,all subpops,Age 3,new_H,E_to_I_rate=0.5,5.866612227842631,2.8364498047082365,10.744332380201834
2025-11-29,cumulative,all subpops,Age 3,new_H,E_to_I_rate=0.5,6.177032164343547,2.986347441719115,11.262857913424728
2025-11-30,cumulative,all subpops,Age 3,new_H,E_to_I_rate=0.5,6.461528020653677,3.122082216570592,11.758657264974426
2025-12-01,cumulative,all subpops,Age 3,new_H,E_to_I_rate=0.5,6.719717372676949,3.2529738672480186,12.171284912334707
2025-12-02,cumulative,all subpops,Age 3,new_H,E_to_I_rate=0.5,7.010130429924044,3.393019042117634,12.649083276558795
2025-12-03,cumulative,all subpops,Age 3,new_H,E_to_I_rate=0.5,7.323200176759518,3.5510455911030814,13.191644498605182
2025-12-04,cumulative,all subpops,Age 3,new_H,E_to_I_rate=0.5,7.70299304698305,3.7401975253530066,13.822741339943308
2025-12-05,cumulative,all subpops,Age 3,new_H,E_to_I_rate=0.5,8.181207338510395,3.9807542243240053,14.559424060488341
2025-12-06,cumulative,all subpops,Age 3,new_H,E_to_I_rate=0.5,8.698915072959228,4.225562439051185,15.312810424646726
2025-12-07,cumulative,all subpops,Age 3,new_H,E_to_I_rate=0.5,9.241894594068512,4.491756753615437,16.27413613621871
2025-12-08,cumulative,all subpops,Age 3,new_H,E_to_I_rate=0.5,9.80252633499223,4.762291300002864,17.287233092484342
2025-12-09,cumulative,all subpops,Age 3,new_H,E_to_I_rate=0.5,10.419511413179006,5.058112582220537,18.39619988968476
2025-12-10,cumulative,all subpops,Age 3,new_H,E_to_I_rate=0.5,11.170669642680998,5.400144362227933,19.568795261554435
2025-12-11,cumulative,all subpops,Age 3,new_H,E_to_I_rate=0.5,12.004722570083484,5.821357567233413,21.091981997187705
2025-12-12,cumulative,all subpops,Age 3,new_H,E_to_I_rate=0.5,12.992801810174385,6.280074717214609,22.968567106419133
2025-12-13,cumulative,all subpops,Age 3,new_H,E_to_I_rate=0.5,14.180051221753978,6.797945546043273,25.12887552354381
2025-12-14,cumulative,all subpops,Age 3,new_H,E_to_I_rate=0.5,15.45466990962109,7.3499924395928735,27.276894202942938
2025-12-15,cumulative,all subpops,Age 3,new_H,E_to_I_rate=0.5,16.7249112881549,7.9036688221903155,29.414924878258336
2025-12-16,cumulative,all subpops,Age 3,new_H,E_to_I_rate=0.5,17.994994314237857,8.510133087928955,31.720517338819242
2025-12-17,cumulative,all subpops,Age 3,new_H,E_to_I_rate=0.5,19.488352199150007,9.24918284714902,34.158651305183376
2025-12-18,cumulative,all subpops,Age 3,new_H,E_to_I_rate=0.5,21.228067898430737,10.145092461838962,37.09674913134738
2025-12-19,cumulative,all subpops,Age 3,new_H,E_to_I_rate=0.5,23.267116477496423,11.189507224942604,40.63821181094935
2025-12-20,cumulative,all subpops,Age 3,new_H,E_to_I_rate=0.5,25.59385985975721,12.375958554742901,44.76563587736464
2025-12-21,cumulative,all subpops,Age 3,new_H,E_to_I_rate=0.5,27.91506160177784,13.605632822640667,48.87764885481813
2025-12-22,cumulative,all subpops,Age 3,new_H,E_to_I_rate=0.5,30.237308866231565,14.807245208058502,52.793112629544495
2025-12-23,cumulative,all subpops,Age 3,new_H,E_to_I_rate=0.5,32.50027384061342,15.90615844689477,56.60575831280277
2025-12-24,cumulative,all subpops,Age 3,new_H,E_to_I_rate=0.5,34.64196474190506,16.940278981525687,60.23901677631549
2025-12-25,cumulative,all subpops,Age 3,new_H,E_to_I_rate=0.5,36.6983987312741,17.921836815768618,63.64163911682867
2025-12-26,cumulative,all subpops,Age 3,new_H,E_to_I_rate=0.5,38.55031057916308,18.857543883122283,66.84722510916525
2025-12-27,cumulative,all subpops,Age 3,new_H,E_to_I_rate=0.5,40.41776420582204,19.75855416136139,69.91368118693336
2025-12-28,cumulative,all subpops,Age 3,new_H,E_to_I_rate=0.5,42.199440667891025,20.62745845140119,72.84936606171283
2025-12-29,cumulative,all subpops,Age 3,new_H,E_to_I_rate=0.5,43.98619220046265,21.46307285129828,75.63607875785064
2025-12-30,cumulative,all subpops,Age 3,new_H,E_to_I_rate=0.5,45.70809038435982,22.271049009685743,78.34220184959158
2025-12-31,cumulative,all subpops,Age 3,new_H,E_to_I_rate=0.5,47.39211715549325,23.050815962865872,80.96756631374501
2026-01-01,cumulative,all subpops,Age 3,new_H,E_to_I_rate=0.5,48.902238420183394,23.803547600971008,83.49029956981768
2026-01-02,cumulative,all subpops,Age 3,new_H,E_to_I_rate=0.5,50.34674728492758,24.51828833649992,85.90716669704652
2026-01-03,cumulative,all subpops,Age 3,new_H,E_to_I_rate=0.5,51.79287601775853,25.145057308067216,88.3017609166669
2026-01-04,cumulative,all subpops,Age 3,new_H,E_to_I_rate=0.5,53.1746793382073,25.742276994076033,90.63843030023523
2026-01-05,cumulative,all subpops,Age 3,new_H,E_to_I_rate=0.5,54.502257501786204,26.314497651117918,92.86843906156571
2026-01-06,cumulative,all subpops,Age 3,new_H,E_to_I_rate=0.5,55.84714563958303,26.900547339772192,95.13855874931072
2026-01-07,cumulative,all subpops,Age 3,new_H,E_to_I_rate=0.5,57.23416521806607,27.52050401221985,97.50720183428744
2026-01-08,cumulative,all subpops,Age 3,new_H,E_to_I_rate=0.5,58.65060108221103,28.175938021622628,99.90686492851782
2026-01-09,cumulative,all subpops,Age 3,new_H,E_to_I_rate=0.5,60.12400988408781,28.862704354076353,102.40032108632812
2026-01-10,cumulative,all subpops,Age 3,new_H,E_to_I_rate=0.5,61.633946807000484,29.56653229447103,104.93200118455444
2026-01-11,cumulative,all subpops,Age 3,new_H,E_to_I_rate=0.5,63.140929662348164,30.24123521654794,107.34884107512426
2026-01-12,cumulative,all subpops,Age 3,new_H,E_to_I_rate=0.5,64.4400328076193,30.86266063637986,109.56774818697917
2026-01-13,cumulative,all subpops,Age 3,new_H,E_to_I_rate=0.5,65.62407880846845,31.45390734865449,111.66113062479447
2026-01-14,cumulative,all subpops,Age 3,new_H,E_to_I_rate=0.5,66.78904520144198,32.0307527209805,113.62873001033468
2026-01-15,cumulative,all subpops,Age 3,new_H,E_to_I_rate=0.5,67.98364851260521,32.59739548053002,115.53108089473224
2026-01-16,cumulative,all subpops,Age 3,new_H,E_to_I_rate=0.5,69.15109264110112,33.15528993604805,117.6090179718794
2026-01-17,cumulative,all subpops,Age 3,new_H,E_to_I_rate=0.5,70.28149891547864,33.69637337645235,119.57364284689254
2026-01-18,cumulative,all subpops,Age 3,new_H,E_to_I_rate=0.5,71.31514538278981,34.19448615867296,121.46097855164277
2026-01-19,cumulative,all subpops,Age 3,new_H,E_to_I_rate=0.5,72.16439822203898,34.63354296221532,123.1361612559217
2026-01-20,cumulative,all subpops,Age 3,new_H,E_to_I_rate=0.5,72.92719304253232,35.0415049120663,124.60360588702534
2026-01-21,cumulative,all subpops,Age 3,new_H,E_to_I_rate=0.5,73.63750155218233,35.467150960915,125.94107084205052
2026-01-22,cumulative,all subpops,Age 3,new_H,E_to_I_rate=0.5,74.30699133245267,35.86885253987573,127.20616218811709
2026-01-23,cumulative,all subpops,Age 3,new_H,E_to_I_rate=0.5,74.94757265331097,36.25346128270855,128.42477716211488
2026-01-24,cumulative,all subpops,Age 3,new_H,E_to_I_rate=0.5,75.57983464643931,36.6224119301112,129.47274721762537
2026-01-25,cumulative,all subpops,Age 3,new_H,E_to_I_rate=0.5,76.19342902541126,36.961525273683144,130.4029022258847
2026-01-26,cumulative,all subpops,Age 3,new_H,E_to_I_rate=0.5,76.7468527663742,37.26451706512728,131.22704507737024
2026-01-27,cumulative,all subpops,Age 3,new_H,E_to_I_rate=0.5,77.2783368266395,37.54475220018551,131.9866139925202
2026-01-28,cumulative,all subpops,Age 3,new_H,E_to_I_rate=0.5,77.76772095713808,37.81341293233178,132.71501643794798
2026-01-29,cumulative,all subpops,Age 3,new_H,E_to_I_rate=0.5,78.2201450926201,38.075805479900055,133.42765412268844
2026-01-30,cumulative,all subpops,Age 3,new_H,E_to_I_rate=0.5,78.67200027905713,38.334412630362,134.13213730805404
2026-01-31,cumulative,all subpops,Age 3,new_H,E_to_I_rate=0.5,79.09855406088022,38.58832086634393,134.8267054043546
2026-02-01,cumulative,all subpops,Age 3,new_H,E_to_I_rate=0.5,79.54411823402397,38.824926346538795,135.47636556536816
2026-02-02,cumulative,all subpops,Age 3,new_H,E_to_I_rate=0.5,79.92700555737522,39.03834123222572,136.06461779274508
2026-02-03,cumulative,all subpops,Age 3,new_H,E_to_I_rate=0.5,80.26022197190572,39.23814562502622,136.61874798861686
2026-02-04,cumulative,all subpops,Age 3,new_H,E_to_I_rate=0.5,80.58598428741573,39.431903469609104,137.160304125059
2026-02-05,cumulative,all subpops,Age 3,new_H,E_to_I_rate=0.5,80.93472240268736,39.62303092875247,137.69924719078767
2026-02-06,cumulative,all subpops,Age 3,new_H,E_to_I_rate=0.5,81.30068519474145,39.81308578071996,138.24034860216813
2026-02-07,cumulative,all subpops,Age 3,new_H,E_to_I_rate=0.5,81.6452547843909,40.000791781006896,138.7257505394017
2026-02-08,cumulative,all subpops,Age 3,new_H,E_to_I_rate=0.5,81.96120263946554,40.17639708981857,139.1439402517806
2026-02-09,cumulative,all subpops,Age 3,new_H,E_to_I_rate=0.5,82.24984102586902,40.33566926377481,139.60936319390947
2026-02-10,cumulative,all subpops,Age 3,new_H,E_to_I_rate=0.5,82.52631777570835,40.48636697635245,140.10841898954178
2026-02-11,cumulative,all subpops,Age 3,new_H,E_to_I_rate=0.5,82.80187793255965,40.63411547707597,140.6012318991696
2026-02-12,cumulative,all subpops,Age 3,new_H,E_to_I_rate=0.5,83.08109578625755,40.7810024098725,141.09439282055357
2026-02-13,cumulative,all subpops,Age 3,new_H,E_to_I_rate=0.5,83.36693219362098,40.9282470954691,141.59017818408023
2026-02-14,cumulative,all subpops,Age 3,new_H,E_to_I_rate=0.5,83.65832523938462,41.0751680844368,142.05906111993235
2026-02-15,cumulative,all subpops,Age 3,new_H,E_to_I_rate=0.5,83.93756906430104,41.21362339177084,142.50541938073923
2026-02-16,cumulative,all subpops,Age 3,new_H,E_to_I_rate=0.5,84.19663711201419,41.338459445937254,142.91127363923576
2026-02-17,cumulative,all subpops,Age 3,new_H,E_to_I_rate=0.5,84.43659687126163,41.44878242803776,143.27289936726194
2026-02-18,cumulative,all subpops,Age 3,new_H,E_to_I_rate=0.5,84.65103709989185,41.54544991667718,143.59230708736274
2026-02-19,cumulative,all subpops,Age 3,new_H,E_to_I_rate=0.5,84.84238818385103,41.630033903116626,143.87395304535096
2026-02-20,cumulative,all subpops,Age 3,new_H,E_to_I_rate=0.5,85.01389617365018,41.70439400295894,144.12348550008568
2026-02-21,cumulative,all subpops,Age 3,new_H,E_to_I_rate=0.5,85.16841706801463,41.77018882473475,144.34588862005452
2026-02-22,cumulative,all subpops,Age 3,new_H,E_to_I_rate=0.5,85.3080242366488,41.828700608790484,144.5449537531402
2026-02-23,cumulative,all subpops,Age 3,new_H,E_to_I_rate=0.5,85.43612795787308,41.881678159556316,144.72625752948974
2026-02-24,cumulative,all subpops,Age 3,new_H,E_to_I_rate=0.5,85.5630281435763,41.93358470090964,144.90497528992896
2026-02-25,cumulative,all subpops,Age 3,new_H,E_to_I_rate=0.5,85.6955893356367,41.98746416637536,145.09154887505144
2026-02-26,cumulative,all subpops,Age 3,new_H,E_to_I_rate=0.5,85.83256927716815,42.044357338280236,145.28916891849235
2026-02-27,cumulative,all subpops,Age 3,new_H,E_to_I_rate=0.5,85.97160972010946,42.10459120968102,145.4985190169257
2026-02-28,cumulative,all subpops,Age 3,new_H,E_to_I_rate=0.5,86.11681797870145,42.167628895981096,145.7174506930977
2026-03-01,cumulative,all subpops,Age 3,new_H,E_to_I_rate=0.5,86.25828243844373,42.22924622869099,145.9311413566959
2026-03-02,cumulative,all subpops,Age 3,new_H,E_to_I_rate=0.5,86.39088366918484,42.287323345473894,146.13212463750523
2026-03-03,cumulative,all subpops,Age 3,new_H,E_to_I_rate=0.5,86.52104936141149,42.34502776810387,146.33107448221045
2026-03-04,cumulative,all subpops,Age 3,new_H,E_to_I_rate=0.5,86.65300748859757,42.40448610763483,146.5348965096056
2026-03-05,cumulative,all subpops,Age 3,new_H,E_to_I_rate=0.5,86.78780389666194,42.4663329951137,146.74543238890894
2026-03-06,cumulative,all subpops,Age 3,new_H,E_to_I_rate=0.5,86.92553511767217,42.53075367718804,146.96313893419534
2026-03-07,cumulative,all subpops,Age 3,new_H,E_to_I_rate=0.5,87.06455142599839,42.597028284021015,147.18558745830828
2026-03-08,cumulative,all subpops,Age 3,new_H,E_to_I_rate=0.5,87.19650287262874,42.66086004159482,147.39876095036115
2026-03-09,cumulative,all subpops,Age 3,new_H,E_to_I_rate=0.5,87.31718598676952,42.72004139213531,147.59552094145232
2026-03-10,cumulative,all subpops,Age 3,new_H,E_to_I_rate=0.5,87.43190803851124,42.777448611294545,147.7852817010999
2026-03-11,cumulative,all subpops,Age 3,new_H,E_to_I_rate=0.5,87.5468586158683,42.83526746126899,147.97510055554642
2026-03-12,cumulative,all subpops,Age 3,new_H,E_to_I_rate=0.5,87.65808656472278,42.89427869548007,148.16740903257542
2026-03-13,cumulative,all subpops,Age 3,new_H,E_to_I_rate=0.5,87.77001793376988,42.9550903537157,148.36443286523723
2026-03-14,cumulative,all subpops,Age 3,new_H,E_to_I_rate=0.5,87.88272007236465,43.017675606224266,148.56665651047015
2026-03-15,cumulative,all subpops,Age 3,new_H,E_to_I_rate=0.5,87.98989749303183,43.07813120253185,148.7617864516976
2026-03-16,cumulative,all subpops,Age 3,new_H,E_to_I_rate=0.5,88.08825973578246,43.13434047275527,148.94304799652488
2026-03-17,cumulative,all subpops,Age 3,new_H,E_to_I_rate=0.5,88.20089612646554,43.18873453403849,149.11790355486207
2026-03-18,cumulative,all subpops,Age 3,new_H,E_to_I_rate=0.5,88.32012283869776,43.24391665506209,149.29518539885913
2026-03-19,cumulative,all subpops,Age 3,new_H,E_to_I_rate=0.5,88.4446523560454,43.301433870635655,149.48066854318228
2026-03-20,cumulative,all subpops,Age 3,new_H,E_to_I_rate=0.5,88.57521159477899,43.361661195070134,149.67579408307702
2026-03-21,cumulative,all subpops,Age 3,new_H,E_to_I_rate=0.5,88.70239531690807,43.42361560632199,149.87716654348563
2026-03-22,cumulative,all subpops,Age 3,new_H,E_to_I_rate=0.5,88.81310789292905,43.48313183763468,150.07103705228727
2026-03-23,cumulative,all subpops,Age 3,new_H,E_to_I_rate=0.5,88.91508873905835,43.53808908698754,150.25042386431483
2026-03-24,cumulative,all subpops,Age 3,new_H,E_to_I_rate=0.5,89.01351189240728,43.59120157508656,150.42458012702554
2026-03-25,cumulative,all subpops,Age 3,new_H,E_to_I_rate=0.5,89.1127818503139,43.64477525528523,150.60064601880956
2026-03-26,cumulative,all subpops,Age 3,new_H,E_to_I_rate=0.5,89.21457131208726,43.699615407083414,150.77707538646365
2026-03-27,cumulative,all subpops,Age 3,new_H,E_to_I_rate=0.5,89.31893612799624,43.75562480702901,150.95874467601607
2026-03-28,cumulative,all subpops,Age 3,new_H,E_to_I_rate=0.5,89.42518589316458,43.812354343163676,151.14448998024614
2026-03-29,cumulative,all subpops,Age 3,new_H,E_to_I_rate=0.5,89.52720311850746,43.866587024242385,151.32369689246303
2026-03-30,cumulative,all subpops,Age 3,new_H,E_to_I_rate=0.5,89.62174013012216,43.91659586798635,151.49049316272612
2026-03-31,cumulative,all subpops,Age 3,new_H,E_to_I_rate=0.5,89.71725467162821,43.96437594174398,151.65156940596498
2026-04-01,cumulative,all subpops,Age 3,new_H,E_to_I_rate=0.5,89.8130796469626,44.01137154073427,151.8111818224871
2026-04-02,cumulative,all subpops,Age 3,new_H,E_to_I_rate=0.5,89.90954273419625,44.05822665067261,151.97084399405713
2026-04-03,cumulative,all subpops,Age 3,new_H,E_to_I_rate=0.5,90.00758064576172,44.105526847885635,152.1322001735423
2026-04-04,cumulative,all subpops,Age 3,new_H,E_to_I_rate=0.5,90.10617861996653,44.15286174473253,152.29320875466584
2026-04-05,cumulative,all subpops,Age 3,new_H,E_to_I_rate=0.5,90.1995015741345,44.197532400559346,152.44452779782137
2026-04-06,cumulative,all subpops,Age 3,new_H,E_to_I_rate=0.5,90.28481077896404,44.23832574271339,152.58188257588972
2026-04-07,cumulative,all subpops,Age 3,new_H,E_to_I_rate=0.5,90.36662513896692,44.27757555934553,152.71251662645108
2026-04-08,cumulative,all subpops,Age 3,new_H,E_to_I_rate=0.5,90.44844208128154,44.31710137624164,152.8418777019078
2026-04-09,cumulative,all subpops,Age 3,new_H,E_to_I_rate=0.5,90.53181183327933,44.35778285098072,152.97230370081851
2026-04-10,cumulative,all subpops,Age 3,new_H,E_to_I_rate=0.5,90.61706700511525,44.39985499475899,153.10386311279686
2026-04-11,cumulative,all subpops,Age 3,new_H,E_to_I_rate=0.5,90.7029806390747,44.44270446536319,153.23413212821802
2026-04-12,cumulative,all subpops,Age 3,new_H,E_to_I_rate=0.5,90.78438396432097,44.483648327525934,153.3557699020335
2026-04-13,cumulative,all subpops,Age 3,new_H,E_to_I_rate=0.5,90.86847361847452,44.521381259482624,153.46531261380946
2026-04-14,cumulative,all subpops,Age 3,new_H,E_to_I_rate=0.5,90.95040235298517,44.55748097656707,153.56628012341173
2026-04-15,cumulative,all subpops,Age 3,new_H,E_to_I_rate=0.5,91.03266109114216,44.59311347714718,153.66153170496787
2026-04-16,cumulative,all subpops,Age 3,new_H,E_to_I_rate=0.5,91.11616630652784,44.62868375743415,153.75236140585656
2026-04-17,cumulative,all subpops,Age 3,new_H,E_to_I_rate=0.5,91.20106280835412,44.664281525028215,153.8393875917182
2026-04-18,cumulative,all subpops,Age 3,new_H,E_to_I_rate=0.5,91.28649386442902,44.69960838866723,153.92248467772856
2026-04-19,cumulative,all subpops,Age 3,new_H,E_to_I_rate=0.5,91.35831476905133,44.732778831010656,153.99841165552758
2026-04-20,cumulative,all subpops,Age 3,new_H,E_to_I_rate=0.5,91.4355660240639,44.76264715110469,154.06543686583555
2026-04-21,cumulative,all subpops,Age 3,new_H,E_to_I_rate=0.5,91.49086377896808,44.789111556519444,154.1238995362272
2026-04-22,cumulative,all subpops,Age 3,new_H,E_to_I_rate=0.5,91.53602413589005,44.81244552701375,154.17478592089842
2026-04-23,cumulative,all subpops,Age 3,new_H,E_to_I_rate=0.5,91.57596635557923,44.83298202015986,154.2190621153809
2026-04-24,cumulative,all subpops,Age 3,new_H,E_to_I_rate=0.5,91.61142073453485,44.85109679550456,154.25771888151485
2026-04-25,cumulative,all subpops,Age 3,new_H,E_to_I_rate=0.5,91.64314489210253,44.86717673531058,154.29174364121954
2026-04-26,cumulative,all subpops,Age 3,new_H,E_to_I_rate=0.5,91.67167882164702,44.88150483944417,154.3218625414045
2026-04-27,cumulative,all subpops,Age 3,new_H,E_to_I_rate=0.5,91.6977331550639,44.89444126381803,154.3489243254044
2026-04-28,cumulative,all subpops,Age 3,new_H,E_to_I_rate=0.5,91.723334945699,44.906947889469464,154.37501254611252
2026-04-29,cumulative,all subpops,Age 3,new_H,E_to_I_rate=0.5,91.74983340664608,44.919666639341635,154.4015365056107
2026-04-30,cumulative,all subpops,Age 3,new_H,E_to_I_rate=0.5,91.77772924227365,44.93284419349196,154.42905584995572
2026-05-01,cumulative,all subpops,Age 3,new_H,E_to_I_rate=0.5,91.80722768524257,44.946584230187746,154.45783534952952
2026-05-02,cumulative,all subpops,Age 3,new_H,E_to_I_rate=0.5,91.83821888907309,44.96083847997247,154.48785881449234
2026-05-03,cumulative,all subpops,Age 3,new_H,E_to_I_rate=0.5,91.86870777715387,44.97473530585736,154.5172866135227
2026-05-04,cumulative,all subpops,Age 3,new_H,E_to_I_rate=0.5,91.89771357997186,44.987851563971915,154.5452505613402
2026-05-05,cumulative,all subpops,Age 3,new_H,E_to_I_rate=0.5,91.92680592243134,45.00088001326087,154.5733280933447
2026-05-06,cumulative,all subpops,Age 3,new_H,E_to_I_rate=0.5,91.95708575928725,45.0143192106763,154.60260681936393
2026-05-07,cumulative,all subpops,Age 3,new_H,E_to_I_rate=0.5,92.00224047921645,45.028416052518295,154.63364709227227
2026-05-08,cumulative,all subpops,Age 3,new_H,E_to_I_rate=0.5,92.05924913980321,45.04346977070741,154.66726458622563
2025-09-01,daily,all subpops,Age 4,new_H,E_to_I_rate=0.5,0.033486515200118,0.0144780545835854,0.0690763285804884
2025-09-02,daily,all subpops,Age 4,new_H,E_to_I_rate=0.5,0.08100001982756593,0.03516298277307536,0.16645223336576814
2025-09-03,daily,all subpops,Age 4,new_H,E_to_I_rate=0.5,0.10375737523485376,0.04508190479784456,0.21145935231257204
2025-09-04,daily,all subpops,Age 4,new_H,E_to_I_rate=0.5,0.1170387963637986,0.050981205247892666,0.23572215744958858
2025-09-05,daily,all subpops,Age 4,new_H,E_to_I_rate=0.5,0.126069578157686,0.05516216517877297,0.25261997438520795
2025-09-06,daily,all subpops,Age 4,new_H,E_to_I_rate=0.5,0.13248732433034727,0.05818571912987422,0.26656709609042706
2025-09-07,daily,all subpops,Age 4,new_H,E_to_I_rate=0.5,0.13117851223899324,0.05790348526523024,0.26117337697142134
2025-09-08,daily,all subpops,Age 4,new_H,E_to_I_rate=0.5,0.12613188885563414,0.05625524745761298,0.2482937485420528
2025-09-09,daily,all subpops,Age 4,new_H,E_to_I_rate=0.5,0.1253645079740186,0.057366517722462235,0.24578349329471005
2025-09-10,daily,all subpops,Age 4,new_H,E_to_I_rate=0.5,0.1297813483608488,0.06244299144573978,0.25121793910723
2025-09-11,daily,all subpops,Age 4,new_H,E_to_I_rate=0.5,0.13495910094029756,0.06641218280014254,0.25714175496250985
2025-09-12,daily,all subpops,Age 4,new_H,E_to_I_rate=0.5,0.1398834095504433,0.06984931130348027,0.26069626896196263
2025-09-13,daily,all subpops,Age 4,new_H,E_to_I_rate=0.5,0.14429590671661585,0.07361969560159377,0.26738642405543417
2025-09-14,daily,all subpops,Age 4,new_H,E_to_I_rate=0.5,0.14179154521072582,0.072065639958039,0.2589688583764283
2025-09-15,daily,all subpops,Age 4,new_H,E_to_I_rate=0.5,0.1351832441172771,0.06843696080936297,0.24524285424564365
2025-09-16,daily,all subpops,Age 4,new_H,E_to_I_rate=0.5,0.13305533408760523,0.06866402883484687,0.23924699875521782
2025-09-17,daily,all subpops,Age 4,new_H,E_to_I_rate=0.5,0.1343478231304352,0.07050994606857534,0.24048675796097585
2025-09-18,daily,all subpops,Age 4,new_H,E_to_I_rate=0.5,0.13852204066153545,0.07088578218153738,0.24474114422336724
2025-09-19,daily,all subpops,Age 4,new_H,E_to_I_rate=0.5,0.14285364781507334,0.07336706230313905,0.24937598974223318
2025-09-20,daily,all subpops,Age 4,new_H,E_to_I_rate=0.5,0.14583901380851183,0.07417074510266568,0.2603003460074556
2025-09-21,daily,all subpops,Age 4,new_H,E_to_I_rate=0.5,0.14325503666082068,0.07228716636493411,0.25679527070549796
2025-09-22,daily,all subpops,Age 4,new_H,E_to_I_rate=0.5,0.13660668201158793,0.06870029672447073,0.24336825651696078
2025-09-23,daily,all subpops,Age 4,new_H,E_to_I_rate=0.5,0.13474765155650004,0.06762462256894465,0.23750220932429197
2025-09-24,daily,all subpops,Age 4,new_H,E_to_I_rate=0.5,0.13595360159320904,0.06855193189638674,0.23879658932751696
2025-09-25,daily,all subpops,Age 4,new_H,E_to_I_rate=0.5,0.1381072163748258,0.07004144907420598,0.24246410106575278
2025-09-26,daily,all subpops,Age 4,new_H,E_to_I_rate=0.5,0.13987261130783074,0.0715136687141777,0.24449882633552697
2025-09-27,daily,all subpops,Age 4,new_H,E_to_I_rate=0.5,0.1408372390874559,0.07338042535633868,0.24196445317503074
2025-09-28,daily,all subpops,Age 4,new_H,E_to_I_rate=0.5,0.13554095330572502,0.07125610992870952,0.23383890357682666
2025-09-29,daily,all subpops,Age 4,new_H,E_to_I_rate=0.5,0.127832454113131,0.0667017579286483,0.22262917818791675
2025-09-30,daily,all subpops,Age 4,new_H,E_to_I_rate=0.5,0.12381074161517464,0.06523255998206148,0.21603081093847687
2025-10-01,daily,all subpops,Age 4,new_H,E_to_I_rate=0.5,0.12483538947483125,0.06675842894796279,0.2191880218572006
2025-10-02,daily,all subpops,Age 4,new_H,E_to_I_rate=0.5,0.12793200386133358,0.06732469849395724,0.2276423451933437
2025-10-03,daily,all subpops,Age 4,new_H,E_to_I_rate=0.5,0.13369349509723752,0.06970111223174238,0.23928315703179295
2025-10-04,daily,all subpops,Age 4,new_H,E_to_I_rate=0.5,0.13946031212317178,0.06959357996057798,0.25222638864874797
2025-10-05,daily,all subpops,Age 4,new_H,E_to_I_rate=0.5,0.1366754128474778,0.06787989379816488,0.25276299989350404
2025-10-06,daily,all subpops,Age 4,new_H,E_to_I_rate=0.5,0.13129659098949403,0.06464471647883081,0.24029751359014961
2025-10-07,daily,all subpops,Age 4,new_H,E_to_I_rate=0.5,0.12989444112758028,0.06422065183114112,0.24042478899732372
2025-10-08,daily,all subpops,Age 4,new_H,E_to_I_rate=0.5,0.13304122453271078,0.06529103910371005,0.24820913826886315
2025-10-09,daily,all subpops,Age 4,new_H,E_to_I_rate=0.5,0.13928800343181796,0.0676077187433214,0.2592288423250121
2025-10-10,daily,all subpops,Age 4,new_H,E_to_I_rate=0.5,0.1494864965596519,0.07102950357351558,0.27007561436228816
2025-10-11,daily,all subpops,Age 4,new_H,E_to_I_rate=0.5,0.16031602860900548,0.07620716103998972,0.2911056820091991
2025-10-12,daily,all subpops,Age 4,new_H,E_to_I_rate=0.5,0.1611815430883109,0.07598885816774899,0.29201560369033164
2025-10-13,daily,all subpops,Age 4,new_H,E_to_I_rate=0.5,0.1573235810298545,0.0728381781469138,0.2814726924552886
2025-10-14,daily,all subpops,Age 4,new_H,E_to_I_rate=0.5,0.15691149383991407,0.07319472366445928,0.28080121245676604
2025-10-15,daily,all subpops,Age 4,new_H,E_to_I_rate=0.5,0.16192667103383013,0.07708094220507451,0.2846028997526589
2025-10-16,daily,all subpops,Age 4,new_H,E_to_I_rate=0.5,0.17252258523506303,0.08148936581075462,0.30685730501281927
2025-10-17,daily,all subpops,Age 4,new_H,E_to_I_rate=0.5,0.1865189069991586,0.08850553379990181,0.317052023253395
2025-10-18,daily,all subpops,Age 4,new_H,E_to_I_rate=0.5,0.1990708502306179,0.0937262536549421,0.3302447882108959
2025-10-19,daily,all subpops,Age 4,new_H,E_to_I_rate=0.5,0.20151954914139877,0.09489936297636356,0.3321969602318165
2025-10-20,daily,all subpops,Age 4,new_H,E_to_I_rate=0.5,0.1963202121958622,0.09318401380505666,0.32401147062360147
2025-10-21,daily,all subpops,Age 4,new_H,E_to_I_rate=0.5,0.19928255153365332,0.09598253241340057,0.3281512573633434
2025-10-22,daily,all subpops,Age 4,new_H,E_to_I_rate=0.5,0.20870911000267972,0.10336244373142063,0.34499395356655005
2025-10-23,daily,all subpops,Age 4,new_H,E_to_I_rate=0.5,0.222727341449881,0.11301448629395833,0.3590813876427211
2025-10-24,daily,all subpops,Age 4,new_H,E_to_I_rate=0.5,0.24063649104827955,0.1233689557519888,0.3818804570432688
2025-10-25,daily,all subpops,Age 4,new_H,E_to_I_rate=0.5,0.2584327007437054,0.13582358717753112,0.4082181352210322
2025-10-26,daily,all subpops,Age 4,new_H,E_to_I_rate=0.5,0.26315354235544486,0.14309732114264323,0.41153402293121294
2025-10-27,daily,all subpops,Age 4,new_H,E_to_I_rate=0.5,0.25862431439847033,0.1423271609335758,0.40724872200971035
2025-10-28,daily,all subpops,Age 4,new_H,E_to_I_rate=0.5,0.26948484452061017,0.14777883493359661,0.42291781268158707
2025-10-29,daily,all subpops,Age 4,new_H,E_to_I_rate=0.5,0.2891911566661912,0.16060063090734683,0.446451685860081
2025-10-30,daily,all subpops,Age 4,new_H,E_to_I_rate=0.5,0.31113089332393734,0.17473203380465063,0.4826598194191153
2025-10-31,daily,all subpops,Age 4,new_H,E_to_I_rate=0.5,0.334809320470019,0.1891975714785893,0.5190185020850918
2025-11-01,daily,all subpops,Age 4,new_H,E_to_I_rate=0.5,0.3568655240160691,0.2062963189935418,0.5519835726741658
2025-11-02,daily,all subpops,Age 4,new_H,E_to_I_rate=0.5,0.3619392761861019,0.21229039289353124,0.5643053490079938
2025-11-03,daily,all subpops,Age 4,new_H,E_to_I_rate=0.5,0.3577446395424241,0.21412626540080698,0.561453236755328
2025-11-04,daily,all subpops,Age 4,new_H,E_to_I_rate=0.5,0.3699644579160274,0.22689089443590268,0.5771172063716858
2025-11-05,daily,all subpops,Age 4,new_H,E_to_I_rate=0.5,0.4006092433351399,0.2473579818336874,0.6240983046183791
2025-11-06,daily,all subpops,Age 4,new_H,E_to_I_rate=0.5,0.43701188979128364,0.2719341780411586,0.6706545966396781
2025-11-07,daily,all subpops,Age 4,new_H,E_to_I_rate=0.5,0.4824761090784636,0.3023878701332734,0.7240897643503953
2025-11-08,daily,all subpops,Age 4,new_H,E_to_I_rate=0.5,0.527230094637561,0.33013118871590647,0.7711709493918559
2025-11-09,daily,all subpops,Age 4,new_H,E_to_I_rate=0.5,0.5361841827534952,0.3414271520797968,0.7781278041511909
2025-11-10,daily,all subpops,Age 4,new_H,E_to_I_rate=0.5,0.528641837999718,0.34565599291417637,0.7635774530963387
2025-11-11,daily,all subpops,Age 4,new_H,E_to_I_rate=0.5,0.5452995665726417,0.36022074657804437,0.7728476987157519
2025-11-12,daily,all subpops,Age 4,new_H,E_to_I_rate=0.5,0.5794485995208167,0.384732802963989,0.8145471830790711
2025-11-13,daily,all subpops,Age 4,new_H,E_to_I_rate=0.5,0.6299905583198002,0.4224492726763089,0.8862985159708938
2025-11-14,daily,all subpops,Age 4,new_H,E_to_I_rate=0.5,0.6964243044019298,0.46708640013576397,0.979754527278064
2025-11-15,daily,all subpops,Age 4,new_H,E_to_I_rate=0.5,0.7659564546545428,0.5212106554119615,1.0732985354636575
2025-11-16,daily,all subpops,Age 4,new_H,E_to_I_rate=0.5,0.7899245926701007,0.5339529412938249,1.1131212886981245
2025-11-17,daily,all subpops,Age 4,new_H,E_to_I_rate=0.5,0.7920369683413442,0.5301099877453477,1.116817241117087
2025-11-18,daily,all subpops,Age 4,new_H,E_to_I_rate=0.5,0.8398428519155294,0.565152955354003,1.1724983301079313
2025-11-19,daily,all subpops,Age 4,new_H,E_to_I_rate=0.5,0.9308249327682185,0.6364153492561287,1.2888491266656124
2025-11-20,daily,all subpops,Age 4,new_H,E_to_I_rate=0.5,1.0449865502436149,0.7199262480148617,1.4394480834557901
2025-11-21,daily,all subpops,Age 4,new_H,E_to_I_rate=0.5,1.1847914248965759,0.8175685103115875,1.627693484618222
2025-11-22,daily,all subpops,Age 4,new_H,E_to_I_rate=0.5,1.3166401331080324,0.9154227460540064,1.8216073118321772
2025-11-23,daily,all subpops,Age 4,new_H,E_to_I_rate=0.5,1.3661325378036213,0.9602212473063625,1.8782178358388333
2025-11-24,daily,all subpops,Age 4,new_H,E_to_I_rate=0.5,1.3787978272182049,0.9717847507723976,1.8946008638462253
2025-11-25,daily,all subpops,Age 4,new_H,E_to_I_rate=0.5,1.4795252087082815,1.0522372600825531,1.9914616213888783
2025-11-26,daily,all subpops,Age 4,new_H,E_to_I_rate=0.5,1.6283440338563944,1.1747397143809697,2.204798396402241
2025-11-27,daily,all subpops,Age 4,new_H,E_to_I_rate=0.5,1.7734903297782274,1.2852356149580166,2.414768062723307
2025-11-28,daily,all subpops,Age 4,new_H,E_to_I_rate=0.5,1.8458087601605593,1.342135636730674,2.518953894470839
2025-11-29,daily,all subpops,Age 4,new_H,E_to_I_rate=0.5,1.943163334168909,1.404792873277197,2.6431582924572377
2025-11-30,daily,all subpops,Age 4,new_H,E_to_I_rate=0.5,1.9747921317957728,1.4252359296249164,2.7256421610869506
2025-12-01,daily,all subpops,Age 4,new_H,E_to_I_rate=0.5,1.9829370508554862,1.4290926788801632,2.717234399514999
2025-12-02,daily,all subpops,Age 4,new_H,E_to_I_rate=0.5,2.1189522864458463,1.5457158473475383,2.89431758498376
2025-12-03,daily,all subpops,Age 4,new_H,E_to_I_rate=0.5,2.360936106285199,1.7059506269812892,3.2218968614350576
2025-12-04,daily,all subpops,Age 4,new_H,E_to_I_rate=0.5,2.681486498136358,1.9662068505849983,3.64873864240708
2025-12-05,daily,all subpops,Age 4,new_H,E_to_I_rate=0.5,3.074805616628055,2.277900018753645,4.170978313706216
2025-12-06,daily,all subpops,Age 4,new_H,E_to_I_rate=0.5,3.5124283478756175,2.627872341213055,4.789255961513613
2025-12-07,daily,all subpops,Age 4,new_H,E_to_I_rate=0.5,3.722319460259369,2.790492428713015,5.069475165498007
2025-12-08,daily,all subpops,Age 4,new_H,E_to_I_rate=0.5,3.803238824340342,2.846415361767449,5.179181037458768
2025-12-09,daily,all subpops,Age 4,new_H,E_to_I_rate=0.5,4.158764358440479,3.1419021793210278,5.633930785571747
2025-12-10,daily,all subpops,Age 4,new_H,E_to_I_rate=0.5,4.737003621190064,3.582181677624,6.451702906497016
2025-12-11,daily,all subpops,Age 4,new_H,E_to_I_rate=0.5,5.419675538798502,4.085642274276076,7.279688836213773
2025-12-12,daily,all subpops,Age 4,new_H,E_to_I_rate=0.5,6.240566583559135,4.666531112382995,8.322200965099762
2025-12-13,daily,all subpops,Age 4,new_H,E_to_I_rate=0.5,7.115437186280128,5.317567619606855,9.479700274043768
2025-12-14,daily,all subpops,Age 4,new_H,E_to_I_rate=0.5,7.556093607857356,5.650425162419261,10.036809648232405
2025-12-15,daily,all subpops,Age 4,new_H,E_to_I_rate=0.5,7.7716870064843615,5.775802226996651,10.295425828091615
2025-12-16,daily,all subpops,Age 4,new_H,E_to_I_rate=0.5,8.522428674089792,6.35702477161935,11.277651788550958
2025-12-17,daily,all subpops,Age 4,new_H,E_to_I_rate=0.5,9.757369358275865,7.2827520408732305,12.777257371781722
2025-12-18,daily,all subpops,Age 4,new_H,E_to_I_rate=0.5,11.224453584307268,8.430983825099927,14.503315190453307
2025-12-19,daily,all subpops,Age 4,new_H,E_to_I_rate=0.5,12.86576864010192,9.729476701172977,16.494123377159855
2025-12-20,daily,all subpops,Age 4,new_H,E_to_I_rate=0.5,14.410038485338939,11.025392521255801,18.51360527890447
2025-12-21,daily,all subpops,Age 4,new_H,E_to_I_rate=0.5,15.12766830113021,11.671149828724449,19.46795330271641
2025-12-22,daily,all subpops,Age 4,new_H,E_to_I_rate=0.5,15.429494559351719,11.931732566775322,19.825394132137955
2025-12-23,daily,all subpops,Age 4,new_H,E_to_I_rate=0.5,16.308785168673317,12.568715000955024,21.006301908009156
2025-12-24,daily,all subpops,Age 4,new_H,E_to_I_rate=0.5,17.51108762859415,13.543365075122152,22.57239385695368
2025-12-25,daily,all subpops,Age 4,new_H,E_to_I_rate=0.5,18.55533616299527,14.288061432827037,23.825238337209697
2025-12-26,daily,all subpops,Age 4,new_H,E_to_I_rate=0.5,18.883945213694187,14.54706493854228,24.385855490688595
2025-12-27,daily,all subpops,Age 4,new_H,E_to_I_rate=0.5,19.291731011104392,14.896846263249877,24.9036185387276
2025-12-28,daily,all subpops,Age 4,new_H,E_to_I_rate=0.5,19.070464387333676,14.754102456140194,24.621875019007565
2025-12-29,daily,all subpops,Age 4,new_H,E_to_I_rate=0.5,18.355614889873543,14.220128873461949,23.709948047480957
2025-12-30,daily,all subpops,Age 4,new_H,E_to_I_rate=0.5,18.006904123180995,13.957877479435501,23.27899123636315
2025-12-31,daily,all subpops,Age 4,new_H,E_to_I_rate=0.5,18.069905816834734,14.121632811701717,23.352478751525922
2026-01-01,daily,all subpops,Age 4,new_H,E_to_I_rate=0.5,18.126202596607506,14.223414188265982,23.279022295930346
2026-01-02,daily,all subpops,Age 4,new_H,E_to_I_rate=0.5,17.59214059239698,13.853359089896813,22.530642379853354
2026-01-03,daily,all subpops,Age 4,new_H,E_to_I_rate=0.5,17.052352614090893,13.436960356820729,21.909323949605938
2026-01-04,daily,all subpops,Age 4,new_H,E_to_I_rate=0.5,16.107999195547784,12.666387987121691,20.549006451956377
2026-01-05,daily,all subpops,Age 4,new_H,E_to_I_rate=0.5,14.891394990693893,11.736645214004799,18.852607322186476
2026-01-06,daily,all subpops,Age 4,new_H,E_to_I_rate=0.5,14.253844270091157,11.267329810294212,17.96458269935746
2026-01-07,daily,all subpops,Age 4,new_H,E_to_I_rate=0.5,13.97160077767548,11.004506138962359,17.5501991204368
2026-01-08,daily,all subpops,Age 4,new_H,E_to_I_rate=0.5,13.780547814813694,10.751115855495854,17.33093183871424
2026-01-09,daily,all subpops,Age 4,new_H,E_to_I_rate=0.5,13.573426075535103,10.570239896095886,16.972986576780436
2026-01-10,daily,all subpops,Age 4,new_H,E_to_I_rate=0.5,13.19142995863877,10.20422612669,16.50070223234923
2026-01-11,daily,all subpops,Age 4,new_H,E_to_I_rate=0.5,12.28210982849006,9.504479347391245,15.326447590595581
2026-01-12,daily,all subpops,Age 4,new_H,E_to_I_rate=0.5,11.146062400577692,8.574136704758354,13.88546350884883
2026-01-13,daily,all subpops,Age 4,new_H,E_to_I_rate=0.5,10.382166271495453,7.904673571754306,12.870766427380033
2026-01-14,daily,all subpops,Age 4,new_H,E_to_I_rate=0.5,9.834846610961463,7.5409351214125975,12.21401287399222
2026-01-15,daily,all subpops,Age 4,new_H,E_to_I_rate=0.5,9.38306351298166,7.150848776440479,11.565081747171327
2026-01-16,daily,all subpops,Age 4,new_H,E_to_I_rate=0.5,8.931286044984581,6.792033136311281,11.079923420658975
2026-01-17,daily,all subpops,Age 4,new_H,E_to_I_rate=0.5,8.474471479501204,6.453089885022524,10.634846008767093
2026-01-18,daily,all subpops,Age 4,new_H,E_to_I_rate=0.5,7.754275398176224,5.909854611974466,9.680295670500351
2026-01-19,daily,all subpops,Age 4,new_H,E_to_I_rate=0.5,6.884700018742986,5.271746311099578,8.655147816289691
2026-01-20,daily,all subpops,Age 4,new_H,E_to_I_rate=0.5,6.166352889394293,4.717000087990321,7.759706155221058
2026-01-21,daily,all subpops,Age 4,new_H,E_to_I_rate=0.5,5.69092281460399,4.3805999120951595,7.207136575910102
2026-01-22,daily,all subpops,Age 4,new_H,E_to_I_rate=0.5,5.337139204359189,4.077216661294727,6.864779230843676
2026-01-23,daily,all subpops,Age 4,new_H,E_to_I_rate=0.5,5.038609465677299,3.822292872884937,6.537129138873581
2026-01-24,daily,all subpops,Age 4,new_H,E_to_I_rate=0.5,4.759603402845925,3.601766922882647,6.2327135273063625
2026-01-25,daily,all subpops,Age 4,new_H,E_to_I_rate=0.5,4.364723372684685,3.281609632052357,5.756029131071085
2026-01-26,daily,all subpops,Age 4,new_H,E_to_I_rate=0.5,3.9143266397628373,2.929717902023564,5.162314365318392
2026-01-27,daily,all subpops,Age 4,new_H,E_to_I_rate=0.5,3.6044731118514752,2.707453813372125,4.76328328024402
2026-01-28,daily,all subpops,Age 4,new_H,E_to_I_rate=0.5,3.4252358043496964,2.549945832833286,4.516252504688209
2026-01-29,daily,all subpops,Age 4,new_H,E_to_I_rate=0.5,3.294681520907288,2.444554627610785,4.348549660772643
2026-01-30,daily,all subpops,Age 4,new_H,E_to_I_rate=0.5,3.2123212538523305,2.3768803056418055,4.22883360226411
2026-01-31,daily,all subpops,Age 4,new_H,E_to_I_rate=0.5,3.125288352450151,2.3181422995026617,4.123983574473336
2026-02-01,daily,all subpops,Age 4,new_H,E_to_I_rate=0.5,2.9212366656107145,2.1776987290406855,3.8450991576306657
2026-02-02,daily,all subpops,Age 4,new_H,E_to_I_rate=0.5,2.673068445553751,1.981028577021282,3.542819060633157
2026-02-03,daily,all subpops,Age 4,new_H,E_to_I_rate=0.5,2.509496441902116,1.8638963701704725,3.3549128020434384
2026-02-04,daily,all subpops,Age 4,new_H,E_to_I_rate=0.5,2.429672168952811,1.8097293062084248,3.2611154342144903
2026-02-05,daily,all subpops,Age 4,new_H,E_to_I_rate=0.5,2.391455714052946,1.7529981822851195,3.2226452772814347
2026-02-06,daily,all subpops,Age 4,new_H,E_to_I_rate=0.5,2.3736256588291713,1.7202882855218609,3.239828534525023
2026-02-07,daily,all subpops,Age 4,new_H,E_to_I_rate=0.5,2.343756418992152,1.696276090394959,3.1977763730201634
2026-02-08,daily,all subpops,Age 4,new_H,E_to_I_rate=0.5,2.2194901692687057,1.6054520966224564,3.049101910943054
2026-02-09,daily,all subpops,Age 4,new_H,E_to_I_rate=0.5,2.054024778478082,1.4796690697600259,2.8449184191359334
2026-02-10,daily,all subpops,Age 4,new_H,E_to_I_rate=0.5,1.9692997024024144,1.4021600437727288,2.7379009722926786
2026-02-11,daily,all subpops,Age 4,new_H,E_to_I_rate=0.5,1.933915024369152,1.3803781374442674,2.7070022802059186
2026-02-12,daily,all subpops,Age 4,new_H,E_to_I_rate=0.5,1.9322139387013233,1.3862436081413618,2.7064506792916436
2026-02-13,daily,all subpops,Age 4,new_H,E_to_I_rate=0.5,1.9368652262040071,1.39932591067404,2.6951421941335605
2026-02-14,daily,all subpops,Age 4,new_H,E_to_I_rate=0.5,1.9397971627262094,1.4348139175505417,2.701327170827441
2026-02-15,daily,all subpops,Age 4,new_H,E_to_I_rate=0.5,1.8619910863135276,1.3773032860907386,2.57522764420097
2026-02-16,daily,all subpops,Age 4,new_H,E_to_I_rate=0.5,1.7380782889641915,1.2927009948108066,2.4148599955380092
2026-02-17,daily,all subpops,Age 4,new_H,E_to_I_rate=0.5,1.648491830035376,1.2457826025426746,2.2689519490137844
2026-02-18,daily,all subpops,Age 4,new_H,E_to_I_rate=0.5,1.5932289020856216,1.1969762829190136,2.1936020713
2026-02-19,daily,all subpops,Age 4,new_H,E_to_I_rate=0.5,1.5479264826749386,1.1512753507587359,2.119448173064844
2026-02-20,daily,all subpops,Age 4,new_H,E_to_I_rate=0.5,1.5101324185547562,1.1222550499209665,2.0703351756832253
2026-02-21,daily,all subpops,Age 4,new_H,E_to_I_rate=0.5,1.4629940087407691,1.0774231654587323,2.0192738552919516
2026-02-22,daily,all subpops,Age 4,new_H,E_to_I_rate=0.5,1.367928426745995,1.0025907947573465,1.9074803872397443
2026-02-23,daily,all subpops,Age 4,new_H,E_to_I_rate=0.5,1.249701242310505,0.9142911021709728,1.7521294414865929
2026-02-24,daily,all subpops,Age 4,new_H,E_to_I_rate=0.5,1.1951223329741234,0.8729748080283491,1.6786649722438205
2026-02-25,daily,all subpops,Age 4,new_H,E_to_I_rate=0.5,1.1801702802016276,0.8625076019190634,1.6710531316437
2026-02-26,daily,all subpops,Age 4,new_H,E_to_I_rate=0.5,1.1859110495955574,0.8579700648919568,1.6791160891495478
2026-02-27,daily,all subpops,Age 4,new_H,E_to_I_rate=0.5,1.1944648640500364,0.8579346226276136,1.6785821194108934
2026-02-28,daily,all subpops,Age 4,new_H,E_to_I_rate=0.5,1.1958665460795932,0.8536410638852373,1.6910466551027277
2026-03-01,daily,all subpops,Age 4,new_H,E_to_I_rate=0.5,1.145851773707491,0.8112293090152273,1.6062651958679144
2026-03-02,daily,all subpops,Age 4,new_H,E_to_I_rate=0.5,1.0652505474891751,0.7511293087055219,1.485996046698256
2026-03-03,daily,all subpops,Age 4,new_H,E_to_I_rate=0.5,1.0255543314509523,0.7283086829187839,1.4274007331012322
2026-03-04,daily,all subpops,Age 4,new_H,E_to_I_rate=0.5,1.0182422785756253,0.7271082292243283,1.4156187383764343
2026-03-05,daily,all subpops,Age 4,new_H,E_to_I_rate=0.5,1.0217612729790044,0.7316327031622071,1.4242618954822814
2026-03-06,daily,all subpops,Age 4,new_H,E_to_I_rate=0.5,1.0291469839447638,0.7401582951686827,1.4475297947083698
2026-03-07,daily,all subpops,Age 4,new_H,E_to_I_rate=0.5,1.0235747831224118,0.72459107488793,1.4590162117346859
2026-03-08,daily,all subpops,Age 4,new_H,E_to_I_rate=0.5,0.97291033637715,0.6868339114519654,1.39550485830285
2026-03-09,daily,all subpops,Age 4,new_H,E_to_I_rate=0.5,0.8995936474494651,0.6264463406905143,1.3038121575056674
2026-03-10,daily,all subpops,Age 4,new_H,E_to_I_rate=0.5,0.8579446115188449,0.5891933698081286,1.2460250555635408
2026-03-11,daily,all subpops,Age 4,new_H,E_to_I_rate=0.5,0.841518025531534,0.5784371127376869,1.2198398937251727
2026-03-12,daily,all subpops,Age 4,new_H,E_to_I_rate=0.5,0.8330304461162825,0.5805193325008573,1.2083593220430346
2026-03-13,daily,all subpops,Age 4,new_H,E_to_I_rate=0.5,0.8339280609572708,0.5809843814593206,1.2162232833397475
2026-03-14,daily,all subpops,Age 4,new_H,E_to_I_rate=0.5,0.8366413776110615,0.5828972953272445,1.224964335007589
2026-03-15,daily,all subpops,Age 4,new_H,E_to_I_rate=0.5,0.8035163674377901,0.5533511313558926,1.1752275433304544
2026-03-16,daily,all subpops,Age 4,new_H,E_to_I_rate=0.5,0.7498204241109976,0.5138772704275846,1.0928168700765595
2026-03-17,daily,all subpops,Age 4,new_H,E_to_I_rate=0.5,0.7174836593685855,0.48816444720965085,1.0370314025129648
2026-03-18,daily,all subpops,Age 4,new_H,E_to_I_rate=0.5,0.7124581800089109,0.477642538368919,1.0306372594568145
2026-03-19,daily,all subpops,Age 4,new_H,E_to_I_rate=0.5,0.7213304189370825,0.4828505731372683,1.0516919713705943
2026-03-20,daily,all subpops,Age 4,new_H,E_to_I_rate=0.5,0.7345990615065618,0.4830365510252696,1.072031222800696
2026-03-21,daily,all subpops,Age 4,new_H,E_to_I_rate=0.5,0.7382208595300588,0.4753050203789626,1.097039345009914
2026-03-22,daily,all subpops,Age 4,new_H,E_to_I_rate=0.5,0.7094682736961215,0.4490318903759738,1.0678687477645583
2026-03-23,daily,all subpops,Age 4,new_H,E_to_I_rate=0.5,0.6628673063531372,0.4148210845469818,1.0028123480353763
2026-03-24,daily,all subpops,Age 4,new_H,E_to_I_rate=0.5,0.6454437401230084,0.3990014365987435,0.9674563622448579
2026-03-25,daily,all subpops,Age 4,new_H,E_to_I_rate=0.5,0.648834714595697,0.40215876253248856,0.9685329348643595
2026-03-26,daily,all subpops,Age 4,new_H,E_to_I_rate=0.5,0.6584537078413399,0.4125342276171917,0.9825442189005471
2026-03-27,daily,all subpops,Age 4,new_H,E_to_I_rate=0.5,0.6686092688993025,0.42260799059215876,0.9916302240913456
2026-03-28,daily,all subpops,Age 4,new_H,E_to_I_rate=0.5,0.6758270382622427,0.43384086597019816,0.9945616138953632
2026-03-29,daily,all subpops,Age 4,new_H,E_to_I_rate=0.5,0.6614721745132381,0.42441695659332135,0.9706774200848013
2026-03-30,daily,all subpops,Age 4,new_H,E_to_I_rate=0.5,0.6296204960712743,0.3987378936559716,0.9139291213020091
2026-03-31,daily,all subpops,Age 4,new_H,E_to_I_rate=0.5,0.6117829415758416,0.3846828867531481,0.8900769483669635
2026-04-01,daily,all subpops,Age 4,new_H,E_to_I_rate=0.5,0.6083451215714604,0.3803729577859625,0.8878885873626612
2026-04-02,daily,all subpops,Age 4,new_H,E_to_I_rate=0.5,0.6126831941347116,0.3803549540997751,0.8968063722318949
2026-04-03,daily,all subpops,Age 4,new_H,E_to_I_rate=0.5,0.6216622451361512,0.3807587117943177,0.9085760047966976
2026-04-04,daily,all subpops,Age 4,new_H,E_to_I_rate=0.5,0.6272690428478908,0.3775631423188507,0.9328732933782966
2026-04-05,daily,all subpops,Age 4,new_H,E_to_I_rate=0.5,0.60082869454227,0.3608949014373229,0.9040888196394864
2026-04-06,daily,all subpops,Age 4,new_H,E_to_I_rate=0.5,0.5583525554639612,0.33454187680719244,0.8369494263910504
2026-04-07,daily,all subpops,Age 4,new_H,E_to_I_rate=0.5,0.5454957684887175,0.32770470147140435,0.8166923708148488
2026-04-08,daily,all subpops,Age 4,new_H,E_to_I_rate=0.5,0.5486956391012179,0.328923042751782,0.8260038319996847
2026-04-09,daily,all subpops,Age 4,new_H,E_to_I_rate=0.5,0.5578258677136645,0.34212904740671185,0.8485432019258167
2026-04-10,daily,all subpops,Age 4,new_H,E_to_I_rate=0.5,0.5718905042925873,0.3556542824481436,0.8757253975122233
2026-04-11,daily,all subpops,Age 4,new_H,E_to_I_rate=0.5,0.5773195776851352,0.3621111836368827,0.8887935768379552
2026-04-12,daily,all subpops,Age 4,new_H,E_to_I_rate=0.5,0.5525104135382674,0.3503532856915571,0.8575362076115002
2026-04-13,daily,all subpops,Age 4,new_H,E_to_I_rate=0.5,0.515326644722535,0.3278445699910612,0.8079313733624482
2026-04-14,daily,all subpops,Age 4,new_H,E_to_I_rate=0.5,0.4948451511061109,0.3181308489626596,0.7763382719335161
2026-04-15,daily,all subpops,Age 4,new_H,E_to_I_rate=0.5,0.4836858747545446,0.3104714748489753,0.7600647873703953
2026-04-16,daily,all subpops,Age 4,new_H,E_to_I_rate=0.5,0.47624559634311797,0.31242970072091314,0.7484921468902141
2026-04-17,daily,all subpops,Age 4,new_H,E_to_I_rate=0.5,0.4726626047712349,0.30859743744052637,0.7328788223754001
2026-04-18,daily,all subpops,Age 4,new_H,E_to_I_rate=0.5,0.46593850105802276,0.30259772377466204,0.7197901251982338
2026-04-19,daily,all subpops,Age 4,new_H,E_to_I_rate=0.5,0.4385283964247402,0.28362810377977377,0.6814397274165147
2026-04-20,daily,all subpops,Age 4,new_H,E_to_I_rate=0.5,0.4068449133690721,0.26203440795473587,0.6305090895242942
2026-04-21,daily,all subpops,Age 4,new_H,E_to_I_rate=0.5,0.38596616971929754,0.24617316957005814,0.5977695267782716
2026-04-22,daily,all subpops,Age 4,new_H,E_to_I_rate=0.5,0.3755131073350088,0.2322150897767275,0.5844067271431679
2026-04-23,daily,all subpops,Age 4,new_H,E_to_I_rate=0.5,0.3672590545787366,0.22591913286940438,0.5822353074673384
2026-04-24,daily,all subpops,Age 4,new_H,E_to_I_rate=0.5,0.35891987101816475,0.2184961467200203,0.5732528763962613
2026-04-25,daily,all subpops,Age 4,new_H,E_to_I_rate=0.5,0.3503066418183195,0.2081949092137873,0.5624960708701152
2026-04-26,daily,all subpops,Age 4,new_H,E_to_I_rate=0.5,0.3293051949631006,0.1936945210932123,0.5308376015185202
2026-04-27,daily,all subpops,Age 4,new_H,E_to_I_rate=0.5,0.30266877404139203,0.17908447825513454,0.4932333715107478
2026-04-28,daily,all subpops,Age 4,new_H,E_to_I_rate=0.5,0.2883818861619674,0.1727655007160066,0.48066411399934805
2026-04-29,daily,all subpops,Age 4,new_H,E_to_I_rate=0.5,0.28600741183213063,0.16529207600882634,0.48396727886846275
2026-04-30,daily,all subpops,Age 4,new_H,E_to_I_rate=0.5,0.28685618412413066,0.16264354825642655,0.4979060673804689
2026-05-01,daily,all subpops,Age 4,new_H,E_to_I_rate=0.5,0.2889683854816336,0.16261995618361286,0.5108608012703372
2026-05-02,daily,all subpops,Age 4,new_H,E_to_I_rate=0.5,0.28834286918574586,0.1604780124802742,0.5310960618936927
2026-05-03,daily,all subpops,Age 4,new_H,E_to_I_rate=0.5,0.27747979823574087,0.15278624053833162,0.5261778172514294
2026-05-04,daily,all subpops,Age 4,new_H,E_to_I_rate=0.5,0.26071559783880993,0.14202976370715262,0.5076317967465237
2026-05-05,daily,all subpops,Age 4,new_H,E_to_I_rate=0.5,0.2567088143722633,0.13666214841050917,0.5147937250635968
2026-05-06,daily,all subpops,Age 4,new_H,E_to_I_rate=0.5,0.260143064334183,0.1314190274464985,0.5454236419046117
2026-05-07,daily,all subpops,Age 4,new_H,E_to_I_rate=0.5,0.2659240164620476,0.13325429146697348,0.593228216526576
2026-05-08,daily,all subpops,Age 4,new_H,E_to_I_rate=0.5,0.27704153522381814,0.13158405217642058,0.6453935108050957
2025-09-01,cumulative,all subpops,Age 4,new_H,E_to_I_rate=0.5,0.033486515200118,0.0144780545835854,0.0690763285804884
2025-09-02,cumulative,all subpops,Age 4,new_H,E_to_I_rate=0.5,0.11444460159969669,0.04964103735666076,0.23552856194625654
2025-09-03,cumulative,all subpops,Age 4,new_H,E_to_I_rate=0.5,0.21782913512491853,0.09504670637714469,0.4460015701978298
2025-09-04,cumulative,all subpops,Age 4,new_H,E_to_I_rate=0.5,0.33591034753389426,0.14591703818955787,0.6847946968592784
2025-09-05,cumulative,all subpops,Age 4,new_H,E_to_I_rate=0.5,0.46214003222955924,0.20096367884287195,0.9376576055656182
2025-09-06,cumulative,all subpops,Age 4,new_H,E_to_I_rate=0.5,0.5946698059957314,0.25941722472620493,1.193659213983316
2025-09-07,cumulative,all subpops,Age 4,new_H,E_to_I_rate=0.5,0.725355659722613,0.31672455685131073,1.4486123130905662
2025-09-08,cumulative,all subpops,Age 4,new_H,E_to_I_rate=0.5,0.8496012598542824,0.37178157639663567,1.7015202713989148
2025-09-09,cumulative,all subpops,Age 4,new_H,E_to_I_rate=0.5,0.9725754276206401,0.4307060281875798,1.9617336657784292
2025-09-10,cumulative,all subpops,Age 4,new_H,E_to_I_rate=0.5,1.1068086306045792,0.4870973399244133,2.2147301928903196
2025-09-11,cumulative,all subpops,Age 4,new_H,E_to_I_rate=0.5,1.2349505659359816,0.5493215240594661,2.4727376901741502
2025-09-12,cumulative,all subpops,Age 4,new_H,E_to_I_rate=0.5,1.3726378391631293,0.6183389321808441,2.7364507983745807
2025-09-13,cumulative,all subpops,Age 4,new_H,E_to_I_rate=0.5,1.5166626857790348,0.6880972799414258,2.986955641746341
2025-09-14,cumulative,all subpops,Age 4,new_H,E_to_I_rate=0.5,1.6666366703531006,0.7760584813432738,3.238808496041868
2025-09-15,cumulative,all subpops,Age 4,new_H,E_to_I_rate=0.5,1.7983900349223243,0.8661946343928646,3.4818503513090735
2025-09-16,cumulative,all subpops,Age 4,new_H,E_to_I_rate=0.5,1.9271128412107823,0.9393499268896852,3.7226674279190783
2025-09-17,cumulative,all subpops,Age 4,new_H,E_to_I_rate=0.5,2.0745682513881154,1.0267687647598265,3.961983400119923
2025-09-18,cumulative,all subpops,Age 4,new_H,E_to_I_rate=0.5,2.212835835247522,1.09888169258024,4.203671728529289
2025-09-19,cumulative,all subpops,Age 4,new_H,E_to_I_rate=0.5,2.368441983065307,1.1781122413288256,4.426665519842391
2025-09-20,cumulative,all subpops,Age 4,new_H,E_to_I_rate=0.5,2.508951538748879,1.2578102831877627,4.656647169688923
2025-09-21,cumulative,all subpops,Age 4,new_H,E_to_I_rate=0.5,2.6501047845358325,1.3313989852336037,4.887519903251547
2025-09-22,cumulative,all subpops,Age 4,new_H,E_to_I_rate=0.5,2.777686791498791,1.4114957383358897,5.091594335482693
2025-09-23,cumulative,all subpops,Age 4,new_H,E_to_I_rate=0.5,2.907295719495128,1.482233144196724,5.309964059291038
2025-09-24,cumulative,all subpops,Age 4,new_H,E_to_I_rate=0.5,3.039770112126227,1.5528889689302887,5.530087797979389
2025-09-25,cumulative,all subpops,Age 4,new_H,E_to_I_rate=0.5,3.1852372662534587,1.6293646379032156,5.748667396954231
2025-09-26,cumulative,all subpops,Age 4,new_H,E_to_I_rate=0.5,3.3326738159899225,1.7209683115316543,5.93025861339233
2025-09-27,cumulative,all subpops,Age 4,new_H,E_to_I_rate=0.5,3.47431013542456,1.8122424797542125,6.143612630626281
2025-09-28,cumulative,all subpops,Age 4,new_H,E_to_I_rate=0.5,3.616580002732634,1.9038390178406799,6.33904781066253
2025-09-29,cumulative,all subpops,Age 4,new_H,E_to_I_rate=0.5,3.7507530366932578,1.9759040090482116,6.567468478821846
2025-09-30,cumulative,all subpops,Age 4,new_H,E_to_I_rate=0.5,3.896980061373366,2.0517273440932313,6.783268383492877
2025-10-01,cumulative,all subpops,Age 4,new_H,E_to_I_rate=0.5,4.029797113732615,2.153597886745288,6.973958690540452
2025-10-02,cumulative,all subpops,Age 4,new_H,E_to_I_rate=0.5,4.175576875040149,2.233392031449755,7.1759012407779394
2025-10-03,cumulative,all subpops,Age 4,new_H,E_to_I_rate=0.5,4.325105386855407,2.33643348982244,7.394892727800114
2025-10-04,cumulative,all subpops,Age 4,new_H,E_to_I_rate=0.5,4.4561281653391385,2.4414798781791087,7.63375506216814
2025-10-05,cumulative,all subpops,Age 4,new_H,E_to_I_rate=0.5,4.600486271493885,2.53129927793948,7.856353802354349
2025-10-06,cumulative,all subpops,Age 4,new_H,E_to_I_rate=0.5,4.744065690787088,2.615225382539058,8.066570475381972
2025-10-07,cumulative,all subpops,Age 4,new_H,E_to_I_rate=0.5,4.869689225281869,2.6929019334593063,8.268676270361492
2025-10-08,cumulative,all subpops,Age 4,new_H,E_to_I_rate=0.5,5.002036854555096,2.7605949097657247,8.475677605145734
2025-10-09,cumulative,all subpops,Age 4,new_H,E_to_I_rate=0.5,5.148410837550286,2.8437652680549887,8.68481574727355
2025-10-10,cumulative,all subpops,Age 4,new_H,E_to_I_rate=0.5,5.292163176110561,2.955066353880986,8.898749725928475
2025-10-11,cumulative,all subpops,Age 4,new_H,E_to_I_rate=0.5,5.452751519225394,3.0598045715812545,9.11995080170123
2025-10-12,cumulative,all subpops,Age 4,new_H,E_to_I_rate=0.5,5.608472942308154,3.170762304736687,9.398619454690145
2025-10-13,cumulative,all subpops,Age 4,new_H,E_to_I_rate=0.5,5.773119031802801,3.2994133126082823,9.646672521696006
2025-10-14,cumulative,all subpops,Age 4,new_H,E_to_I_rate=0.5,5.930454525321261,3.3765344816502396,9.823530462844086
2025-10-15,cumulative,all subpops,Age 4,new_H,E_to_I_rate=0.5,6.1013348306885895,3.4451414676850693,10.040684308083394
2025-10-16,cumulative,all subpops,Age 4,new_H,E_to_I_rate=0.5,6.250142850177117,3.569799274682946,10.375178676544767
2025-10-17,cumulative,all subpops,Age 4,new_H,E_to_I_rate=0.5,6.44281419785624,3.7456236847637716,10.631012747552806
2025-10-18,cumulative,all subpops,Age 4,new_H,E_to_I_rate=0.5,6.63981592697845,3.8756303127597813,10.928447709437025
2025-10-19,cumulative,all subpops,Age 4,new_H,E_to_I_rate=0.5,6.837205551603959,4.00354931525663,11.183505158364525
2025-10-20,cumulative,all subpops,Age 4,new_H,E_to_I_rate=0.5,7.031520111879947,4.12961348118727,11.513535538432183
2025-10-21,cumulative,all subpops,Age 4,new_H,E_to_I_rate=0.5,7.246556167953063,4.257501294841898,11.801988120967208
2025-10-22,cumulative,all subpops,Age 4,new_H,E_to_I_rate=0.5,7.464606852303284,4.374221251721709,12.099828074181845
2025-10-23,cumulative,all subpops,Age 4,new_H,E_to_I_rate=0.5,7.682866579456712,4.517468604743593,12.337900585053134
2025-10-24,cumulative,all subpops,Age 4,new_H,E_to_I_rate=0.5,7.9440143890142725,4.671087334637356,12.655760802883108
2025-10-25,cumulative,all subpops,Age 4,new_H,E_to_I_rate=0.5,8.251653029895092,4.8180950673565714,13.108271710507777
2025-10-26,cumulative,all subpops,Age 4,new_H,E_to_I_rate=0.5,8.547430134280113,4.946904347591371,13.524144280828635
2025-10-27,cumulative,all subpops,Age 4,new_H,E_to_I_rate=0.5,8.806869725792739,5.104344113906324,13.896819528502506
2025-10-28,cumulative,all subpops,Age 4,new_H,E_to_I_rate=0.5,9.085723945673042,5.290693188224568,14.280321315718146
2025-10-29,cumulative,all subpops,Age 4,new_H,E_to_I_rate=0.5,9.370321409727957,5.504103987665733,14.629403012604243
2025-10-30,cumulative,all subpops,Age 4,new_H,E_to_I_rate=0.5,9.703985058503264,5.735923902803661,15.047412012421066
2025-10-31,cumulative,all subpops,Age 4,new_H,E_to_I_rate=0.5,10.031306380820796,5.955109668489608,15.522905386584016
2025-11-01,cumulative,all subpops,Age 4,new_H,E_to_I_rate=0.5,10.392840932683935,6.26024342374638,15.983482275048365
2025-11-02,cumulative,all subpops,Age 4,new_H,E_to_I_rate=0.5,10.731376998166361,6.5744431083681265,16.477843252596937
2025-11-03,cumulative,all subpops,Age 4,new_H,E_to_I_rate=0.5,11.079637051433714,6.806904336041425,17.01251309919692
2025-11-04,cumulative,all subpops,Age 4,new_H,E_to_I_rate=0.5,11.499562117350102,7.106558824628437,17.411954359406682
2025-11-05,cumulative,all subpops,Age 4,new_H,E_to_I_rate=0.5,11.937960811167773,7.412464360380697,17.82858535987721
2025-11-06,cumulative,all subpops,Age 4,new_H,E_to_I_rate=0.5,12.460838237235741,7.644082262689184,18.428147767132337
2025-11-07,cumulative,all subpops,Age 4,new_H,E_to_I_rate=0.5,12.970995956716255,8.064775343475612,19.061276199002926
2025-11-08,cumulative,all subpops,Age 4,new_H,E_to_I_rate=0.5,13.499129455638888,8.441520095752582,19.72844744935337
2025-11-09,cumulative,all subpops,Age 4,new_H,E_to_I_rate=0.5,14.098024856257123,8.884247583107175,20.40175509512359
2025-11-10,cumulative,all subpops,Age 4,new_H,E_to_I_rate=0.5,14.605147227483835,9.270346114158,21.08378051582304
2025-11-11,cumulative,all subpops,Age 4,new_H,E_to_I_rate=0.5,15.13212635152416,9.67234089385305,21.75292083764094
2025-11-12,cumulative,all subpops,Age 4,new_H,E_to_I_rate=0.5,15.757754831152017,10.113016069297965,22.35376916897399
2025-11-13,cumulative,all subpops,Age 4,new_H,E_to_I_rate=0.5,16.431157592024462,10.600554163822007,23.17080239146668
2025-11-14,cumulative,all subpops,Age 4,new_H,E_to_I_rate=0.5,17.14872584021944,11.148559570005164,24.047753133484843
2025-11-15,cumulative,all subpops,Age 4,new_H,E_to_I_rate=0.5,17.947471064593397,11.75146599807627,24.97826634503083
2025-11-16,cumulative,all subpops,Age 4,new_H,E_to_I_rate=0.5,18.7391502291224,12.376794912701799,25.986709044183144
2025-11-17,cumulative,all subpops,Age 4,new_H,E_to_I_rate=0.5,19.518462873843177,13.00498313652755,26.953970245864202
2025-11-18,cumulative,all subpops,Age 4,new_H,E_to_I_rate=0.5,20.323516158874284,13.655949825797045,27.990488624558353
2025-11-19,cumulative,all subpops,Age 4,new_H,E_to_I_rate=0.5,21.2447987584096,14.500531591648326,29.005682005675997
2025-11-20,cumulative,all subpops,Age 4,new_H,E_to_I_rate=0.5,22.323413488519144,15.263000414886776,30.261085668789363
2025-11-21,cumulative,all subpops,Age 4,new_H,E_to_I_rate=0.5,23.48933232695937,16.171270346804565,31.763411727351993
2025-11-22,cumulative,all subpops,Age 4,new_H,E_to_I_rate=0.5,24.811930648205966,17.120406876418983,33.395577759534945
2025-11-23,cumulative,all subpops,Age 4,new_H,E_to_I_rate=0.5,26.1809403740074,18.24783902204021,35.053078225141775
2025-11-24,cumulative,all subpops,Age 4,new_H,E_to_I_rate=0.5,27.540856949121675,19.410025942807756,36.6618614164166
2025-11-25,cumulative,all subpops,Age 4,new_H,E_to_I_rate=0.5,29.07647098283433,20.559089423039513,38.34208288028264
2025-11-26,cumulative,all subpops,Age 4,new_H,E_to_I_rate=0.5,30.73291734665527,21.745593722152027,40.2397591833573
2025-11-27,cumulative,all subpops,Age 4,new_H,E_to_I_rate=0.5,32.44417663938803,23.16742035623106,42.36381317551146
2025-11-28,cumulative,all subpops,Age 4,new_H,E_to_I_rate=0.5,34.35590703228682,24.51111887935498,44.83110552730105
2025-11-29,cumulative,all subpops,Age 4,new_H,E_to_I_rate=0.5,36.36454193733178,25.93996352527471,47.453843251946026
2025-11-30,cumulative,all subpops,Age 4,new_H,E_to_I_rate=0.5,38.3162198360036,27.415632183626794,50.07920278890623
2025-12-01,cumulative,all subpops,Age 4,new_H,E_to_I_rate=0.5,40.28578285170561,29.00307128120996,52.89658636218637
2025-12-02,cumulative,all subpops,Age 4,new_H,E_to_I_rate=0.5,42.471279147165106,30.718724802662,55.464890396628675
2025-12-03,cumulative,all subpops,Age 4,new_H,E_to_I_rate=0.5,44.89143552062916,32.505409496635814,58.59108126751131
2025-12-04,cumulative,all subpops,Age 4,new_H,E_to_I_rate=0.5,47.63282025910888,34.63285947217952,62.16754889508616
2025-12-05,cumulative,all subpops,Age 4,new_H,E_to_I_rate=0.5,50.55895686372629,37.28762995775613,66.3065945979584
2025-12-06,cumulative,all subpops,Age 4,new_H,E_to_I_rate=0.5,54.064852348584886,39.951340923295106,71.00569875231493
2025-12-07,cumulative,all subpops,Age 4,new_H,E_to_I_rate=0.5,57.76484487038821,42.971513704677,75.90651100352635
2025-12-08,cumulative,all subpops,Age 4,new_H,E_to_I_rate=0.5,61.54356128772173,46.09164892625931,80.64246333483233
2025-12-09,cumulative,all subpops,Age 4,new_H,E_to_I_rate=0.5,65.5245695688505,49.37892400911208,86.13642717149533
2025-12-10,cumulative,all subpops,Age 4,new_H,E_to_I_rate=0.5,70.31772397478429,53.17579975918088,92.45424035170932
2025-12-11,cumulative,all subpops,Age 4,new_H,E_to_I_rate=0.5,75.72081460563604,57.393637655990844,99.66661305452305
2025-12-12,cumulative,all subpops,Age 4,new_H,E_to_I_rate=0.5,82.25015729075096,62.23732422110115,107.97775472568657
2025-12-13,cumulative,all subpops,Age 4,new_H,E_to_I_rate=0.5,89.48332576871773,68.19425209883005,117.49236039967346
2025-12-14,cumulative,all subpops,Age 4,new_H,E_to_I_rate=0.5,96.65016550919682,74.24262037989898,127.3962652117198
2025-12-15,cumulative,all subpops,Age 4,new_H,E_to_I_rate=0.5,104.09101504233195,80.13223116459434,137.36900600040673
2025-12-16,cumulative,all subpops,Age 4,new_H,E_to_I_rate=0.5,112.7042729541015,86.57380264374842,148.09844502299367
2025-12-17,cumulative,all subpops,Age 4,new_H,E_to_I_rate=0.5,122.242921922833,93.97107208033833,160.4946636544083
2025-12-18,cumulative,all subpops,Age 4,new_H,E_to_I_rate=0.5,133.3701292280478,102.7237466257238,174.82215020386235
2025-12-19,cumulative,all subpops,Age 4,new_H,E_to_I_rate=0.5,145.96907360940563,112.40757956943148,191.28637202346647
2025-12-20,cumulative,all subpops,Age 4,new_H,E_to_I_rate=0.5,160.38453948438675,124.03782147262778,209.3105919742274
2025-12-21,cumulative,all subpops,Age 4,new_H,E_to_I_rate=0.5,175.453400271522,135.41693596203845,228.78580127902447
2025-12-22,cumulative,all subpops,Age 4,new_H,E_to_I_rate=0.5,190.78775811293963,147.22743033495743,247.60308487624349
2025-12-23,cumulative,all subpops,Age 4,new_H,E_to_I_rate=0.5,207.19678249244288,160.0874030285779,267.7912702837992
2025-12-24,cumulative,all subpops,Age 4,new_H,E_to_I_rate=0.5,224.5616972253356,174.32623807306828,290.24448645852823
2025-12-25,cumulative,all subpops,Age 4,new_H,E_to_I_rate=0.5,243.40459128026356,189.4682436379405,312.1933674493041
2025-12-26,cumulative,all subpops,Age 4,new_H,E_to_I_rate=0.5,262.6196115957863,203.48797264457892,336.34375770146386
2025-12-27,cumulative,all subpops,Age 4,new_H,E_to_I_rate=0.5,282.065412800361,219.35887454582007,361.1551397815227
2025-12-28,cumulative,all subpops,Age 4,new_H,E_to_I_rate=0.5,301.2569813014304,235.26287747367,385.3024801640691
2025-12-29,cumulative,all subpops,Age 4,new_H,E_to_I_rate=0.5,319.58395778789736,249.9081461037795,409.435721022536
2025-12-30,cumulative,all subpops,Age 4,new_H,E_to_I_rate=0.5,337.859328668457,264.21212655293436,432.7421024047427
2025-12-31,cumulative,all subpops,Age 4,new_H,E_to_I_rate=0.5,355.9475452003081,278.68736652505186,456.1781846686804
2026-01-01,cumulative,all subpops,Age 4,new_H,E_to_I_rate=0.5,374.5864392213615,293.33587470022417,479.1419255297137
2026-01-02,cumulative,all subpops,Age 4,new_H,E_to_I_rate=0.5,392.740733760726,307.1784396566842,501.01126285786285
2026-01-03,cumulative,all subpops,Age 4,new_H,E_to_I_rate=0.5,409.8485195397655,320.1857536240599,521.6991230976895
2026-01-04,cumulative,all subpops,Age 4,new_H,E_to_I_rate=0.5,426.2386641110861,333.24471294854555,540.0909987702421
2026-01-05,cumulative,all subpops,Age 4,new_H,E_to_I_rate=0.5,441.52226381575156,345.33349504858677,557.1099239668092
2026-01-06,cumulative,all subpops,Age 4,new_H,E_to_I_rate=0.5,455.66832052351185,356.8677716423759,573.4398766209093
2026-01-07,cumulative,all subpops,Age 4,new_H,E_to_I_rate=0.5,469.40894796263706,367.59241932858737,590.2423892067553
2026-01-08,cumulative,all subpops,Age 4,new_H,E_to_I_rate=0.5,483.0527661774606,379.15562979398544,607.0133283098589
2026-01-09,cumulative,all subpops,Age 4,new_H,E_to_I_rate=0.5,496.44731316278876,389.9637222350439,622.8720179213597
2026-01-10,cumulative,all subpops,Age 4,new_H,E_to_I_rate=0.5,509.6867729296544,400.4365557489751,638.8045907893899
2026-01-11,cumulative,all subpops,Age 4,new_H,E_to_I_rate=0.5,522.1278505610669,410.1489851072302,653.5793927771822
2026-01-12,cumulative,all subpops,Age 4,new_H,E_to_I_rate=0.5,533.5103064671285,419.9647061975759,666.9309190434445
2026-01-13,cumulative,all subpops,Age 4,new_H,E_to_I_rate=0.5,543.7645796464392,428.0740870781755,679.315402163997
2026-01-14,cumulative,all subpops,Age 4,new_H,E_to_I_rate=0.5,553.8101866018528,435.50519566422827,690.8170160412333
2026-01-15,cumulative,all subpops,Age 4,new_H,E_to_I_rate=0.5,563.092237524909,442.55136918572134,701.6795702307685
2026-01-16,cumulative,all subpops,Age 4,new_H,E_to_I_rate=0.5,572.4522658531978,449.2367833531027,711.9669977876296
2026-01-17,cumulative,all subpops,Age 4,new_H,E_to_I_rate=0.5,580.7908203012128,455.5819945812372,721.691624483942
2026-01-18,cumulative,all subpops,Age 4,new_H,E_to_I_rate=0.5,588.4161922570559,461.3825301653553,730.6694774355412
2026-01-19,cumulative,all subpops,Age 4,new_H,E_to_I_rate=0.5,595.0990404910212,466.5325760621919,738.6624814960422
2026-01-20,cumulative,all subpops,Age 4,new_H,E_to_I_rate=0.5,601.0683586740455,471.1473332718572,745.7832377890653
2026-01-21,cumulative,all subpops,Age 4,new_H,E_to_I_rate=0.5,606.6228970679676,475.4058678168956,752.2939751352776
2026-01-22,cumulative,all subpops,Age 4,new_H,E_to_I_rate=0.5,611.9387971679591,479.40682764277074,758.7488712825465
2026-01-23,cumulative,all subpops,Age 4,new_H,E_to_I_rate=0.5,617.1550874345845,483.14049367218166,764.9971094117766
2026-01-24,cumulative,all subpops,Age 4,new_H,E_to_I_rate=0.5,621.9114318661336,486.6586607971848,770.8758566303433
2026-01-25,cumulative,all subpops,Age 4,new_H,E_to_I_rate=0.5,626.3708177610943,490.16272866987174,776.2902134056594
2026-01-26,cumulative,all subpops,Age 4,new_H,E_to_I_rate=0.5,630.6861781189723,493.1480274939063,781.1831515761028
2026-01-27,cumulative,all subpops,Age 4,new_H,E_to_I_rate=0.5,634.2232642817922,495.9170142221731,785.738632189491
2026-01-28,cumulative,all subpops,Age 4,new_H,E_to_I_rate=0.5,637.6913558091522,498.565857785579,790.1158970275083
2026-01-29,cumulative,all subpops,Age 4,new_H,E_to_I_rate=0.5,641.0559649767101,501.1459429705402,794.3997538758335
2026-01-30,cumulative,all subpops,Age 4,new_H,E_to_I_rate=0.5,644.3027418457926,503.6857680008117,798.6384256700946
2026-01-31,cumulative,all subpops,Age 4,new_H,E_to_I_rate=0.5,647.7099945637023,506.1870246266803,802.8341440387902
2026-02-01,cumulative,all subpops,Age 4,new_H,E_to_I_rate=0.5,650.7843683391689,508.5573425357033,806.8008443705845
2026-02-02,cumulative,all subpops,Age 4,new_H,E_to_I_rate=0.5,653.5377056007164,510.7454089536429,810.1580280873197
2026-02-03,cumulative,all subpops,Age 4,new_H,E_to_I_rate=0.5,655.9777443110738,512.8286163364091,813.4285707440025
2026-02-04,cumulative,all subpops,Age 4,new_H,E_to_I_rate=0.5,658.4916655905679,514.869805729371,816.7207328890642
2026-02-05,cumulative,all subpops,Age 4,new_H,E_to_I_rate=0.5,661.0200881055518,516.8984043857621,820.0772738064269
2026-02-06,cumulative,all subpops,Age 4,new_H,E_to_I_rate=0.5,663.6274230080699,518.9288291671008,823.5132612362071
2026-02-07,cumulative,all subpops,Age 4,new_H,E_to_I_rate=0.5,666.1478548606528,520.9534881005966,826.9998865154574
2026-02-08,cumulative,all subpops,Age 4,new_H,E_to_I_rate=0.5,668.523179954309,522.8869917630451,830.3663293919207
2026-02-09,cumulative,all subpops,Age 4,new_H,E_to_I_rate=0.5,670.6546076466834,524.6887959291519,833.5273567011578
2026-02-10,cumulative,all subpops,Age 4,new_H,E_to_I_rate=0.5,672.4189509738027,526.4289857649561,836.5953091358647
2026-02-11,cumulative,all subpops,Age 4,new_H,E_to_I_rate=0.5,674.3212981178951,528.1545739462642,839.6341522935263
2026-02-12,cumulative,all subpops,Age 4,new_H,E_to_I_rate=0.5,676.2155390173745,529.8799770345121,842.6515417400963
2026-02-13,cumulative,all subpops,Age 4,new_H,E_to_I_rate=0.5,678.1111413821652,531.6166029911737,845.3156207553747
2026-02-14,cumulative,all subpops,Age 4,new_H,E_to_I_rate=0.5,680.0881016159094,533.3596795025284,847.6208791888903
2026-02-15,cumulative,all subpops,Age 4,new_H,E_to_I_rate=0.5,682.1719954757777,535.0364305081324,849.811830754047
2026-02-16,cumulative,all subpops,Age 4,new_H,E_to_I_rate=0.5,684.1153492172989,536.5992485043442,851.8552631941582
2026-02-17,cumulative,all subpops,Age 4,new_H,E_to_I_rate=0.5,685.8045995698781,538.0764659071247,853.5667009278636
2026-02-18,cumulative,all subpops,Age 4,new_H,E_to_I_rate=0.5,687.3574897883337,539.4925880127134,855.1780917511252
2026-02-19,cumulative,all subpops,Age 4,new_H,E_to_I_rate=0.5,688.8980394992714,540.8563748847303,856.7142832268256
2026-02-20,cumulative,all subpops,Age 4,new_H,E_to_I_rate=0.5,690.4411821267609,542.1737472826609,858.187471048241
2026-02-21,cumulative,all subpops,Age 4,new_H,E_to_I_rate=0.5,692.0129904099675,543.4380951667974,859.5961626467601
2026-02-22,cumulative,all subpops,Age 4,new_H,E_to_I_rate=0.5,693.4728619088087,544.6114742354237,860.9025498374178
2026-02-23,cumulative,all subpops,Age 4,new_H,E_to_I_rate=0.5,694.8408039827409,545.6815377826014,862.0963473871863
2026-02-24,cumulative,all subpops,Age 4,new_H,E_to_I_rate=0.5,696.1432172862231,546.6947967629445,863.2344655083466
2026-02-25,cumulative,all subpops,Age 4,new_H,E_to_I_rate=0.5,697.3714423222343,547.6890891518663,864.3633918673983
2026-02-26,cumulative,all subpops,Age 4,new_H,E_to_I_rate=0.5,698.5741254519091,548.6769875249988,865.5022382767432
2026-02-27,cumulative,all subpops,Age 4,new_H,E_to_I_rate=0.5,699.8574088761021,549.6624394295709,866.6606894157867
2026-02-28,cumulative,all subpops,Age 4,new_H,E_to_I_rate=0.5,701.1503266504922,550.6407695788363,867.8365986343179
2026-03-01,cumulative,all subpops,Age 4,new_H,E_to_I_rate=0.5,702.2341786586785,551.5681196363793,868.9738772689634
2026-03-02,cumulative,all subpops,Age 4,new_H,E_to_I_rate=0.5,703.3976075201883,552.4247820840144,870.0473262782075
2026-03-03,cumulative,all subpops,Age 4,new_H,E_to_I_rate=0.5,704.5129476966268,553.2460879150009,871.1088549254289
2026-03-04,cumulative,all subpops,Age 4,new_H,E_to_I_rate=0.5,705.5957229611902,554.0550330410032,872.191541754407
2026-03-05,cumulative,all subpops,Age 4,new_H,E_to_I_rate=0.5,706.674333050247,554.8591416098712,873.3048208632057
2026-03-06,cumulative,all subpops,Age 4,new_H,E_to_I_rate=0.5,707.754602928969,555.66192993347,874.4512440600959
2026-03-07,cumulative,all subpops,Age 4,new_H,E_to_I_rate=0.5,708.7288782777356,556.4591681394157,875.6205122744146
2026-03-08,cumulative,all subpops,Age 4,new_H,E_to_I_rate=0.5,709.603820355369,557.2159976658385,876.7523362267918
2026-03-09,cumulative,all subpops,Age 4,new_H,E_to_I_rate=0.5,710.4093344029122,557.915529124047,877.8148016617382
2026-03-10,cumulative,all subpops,Age 4,new_H,E_to_I_rate=0.5,711.1760079259029,558.5845591182191,878.846249174894
2026-03-11,cumulative,all subpops,Age 4,new_H,E_to_I_rate=0.5,711.9817373639769,559.2455353010625,879.8752022935058
2026-03-12,cumulative,all subpops,Age 4,new_H,E_to_I_rate=0.5,712.8026323073789,559.906994946954,880.9106693516845
2026-03-13,cumulative,all subpops,Age 4,new_H,E_to_I_rate=0.5,713.6191599355236,560.5776709690324,881.9604349953973
2026-03-14,cumulative,all subpops,Age 4,new_H,E_to_I_rate=0.5,714.5098306120367,561.2585090627343,883.0250955380913
2026-03-15,cumulative,all subpops,Age 4,new_H,E_to_I_rate=0.5,715.3943589136743,561.9195740461844,884.0548180784871
2026-03-16,cumulative,all subpops,Age 4,new_H,E_to_I_rate=0.5,716.1523822507879,562.5440843680456,885.0216320355551
2026-03-17,cumulative,all subpops,Age 4,new_H,E_to_I_rate=0.5,716.8477618740997,563.1508064370422,885.9530504857855
2026-03-18,cumulative,all subpops,Age 4,new_H,E_to_I_rate=0.5,717.5491446669735,563.7650211902703,886.8826542924145
2026-03-19,cumulative,all subpops,Age 4,new_H,E_to_I_rate=0.5,718.2779130224926,564.4050143279338,887.8326810087133
2026-03-20,cumulative,all subpops,Age 4,new_H,E_to_I_rate=0.5,719.0407920539551,565.0749555308433,888.8090458457888
2026-03-21,cumulative,all subpops,Age 4,new_H,E_to_I_rate=0.5,719.8282807448128,565.7642373976382,889.7997547275112
2026-03-22,cumulative,all subpops,Age 4,new_H,E_to_I_rate=0.5,720.5978260546403,566.4348007367087,890.7545962513103
2026-03-23,cumulative,all subpops,Age 4,new_H,E_to_I_rate=0.5,721.3604610788614,567.066487137109,891.6478992707242
2026-03-24,cumulative,all subpops,Age 4,new_H,E_to_I_rate=0.5,722.1224249886405,567.684276150306,892.5142843557069
2026-03-25,cumulative,all subpops,Age 4,new_H,E_to_I_rate=0.5,722.8536766231537,568.3107953761747,893.3841013111039
2026-03-26,cumulative,all subpops,Age 4,new_H,E_to_I_rate=0.5,723.4677081402735,568.953463980144,894.2684405421087
2026-03-27,cumulative,all subpops,Age 4,new_H,E_to_I_rate=0.5,724.140309667187,569.6088420172035,895.1660205708714
2026-03-28,cumulative,all subpops,Age 4,new_H,E_to_I_rate=0.5,724.8181306841284,570.2741183417123,896.0731764165456
2026-03-29,cumulative,all subpops,Age 4,new_H,E_to_I_rate=0.5,725.472743470719,570.9221891329071,896.9521843021095
2026-03-30,cumulative,all subpops,Age 4,new_H,E_to_I_rate=0.5,726.1162385718501,571.5365063630705,897.7815894473832
2026-03-31,cumulative,all subpops,Age 4,new_H,E_to_I_rate=0.5,726.8073422075729,572.1324974890457,898.585469682028
2026-04-01,cumulative,all subpops,Age 4,new_H,E_to_I_rate=0.5,727.5518624199628,572.7196856083011,899.3792103779922
2026-04-02,cumulative,all subpops,Age 4,new_H,E_to_I_rate=0.5,728.1531045728909,573.3026025522096,900.1684275841441
2026-04-03,cumulative,all subpops,Age 4,new_H,E_to_I_rate=0.5,728.7540468680797,573.8888459252038,900.959445205792
2026-04-04,cumulative,all subpops,Age 4,new_H,E_to_I_rate=0.5,729.4235376304028,574.4739398038017,901.7449031848156
2026-04-05,cumulative,all subpops,Age 4,new_H,E_to_I_rate=0.5,730.0569864809409,575.0314893531125,902.4893241676997
2026-04-06,cumulative,all subpops,Age 4,new_H,E_to_I_rate=0.5,730.627965457179,575.5498563768276,903.1760762607121
2026-04-07,cumulative,all subpops,Age 4,new_H,E_to_I_rate=0.5,731.1799423453288,576.0548123794196,903.833092629791
2026-04-08,cumulative,all subpops,Age 4,new_H,E_to_I_rate=0.5,731.7315842645485,576.5663268520995,904.4815885110105
2026-04-09,cumulative,all subpops,Age 4,new_H,E_to_I_rate=0.5,732.2913959892043,577.0948631206338,905.1308569260175
2026-04-10,cumulative,all subpops,Age 4,new_H,E_to_I_rate=0.5,732.8605239446943,577.6423364666036,905.781548940864
2026-04-11,cumulative,all subpops,Age 4,new_H,E_to_I_rate=0.5,733.4312557905898,578.2002403992093,906.4246582015601
2026-04-12,cumulative,all subpops,Age 4,new_H,E_to_I_rate=0.5,733.9765022081847,578.7404095485377,907.0315527931663
2026-04-13,cumulative,all subpops,Age 4,new_H,E_to_I_rate=0.5,734.5095946283384,579.2490390945723,907.5885283311774
2026-04-14,cumulative,all subpops,Age 4,new_H,E_to_I_rate=0.5,734.9830958147159,579.7393384855959,908.1094992562906
2026-04-15,cumulative,all subpops,Age 4,new_H,E_to_I_rate=0.5,735.42438907228,580.2206456502846,908.6058235527735
2026-04-16,cumulative,all subpops,Age 4,new_H,E_to_I_rate=0.5,735.8558874059827,580.6959523433626,909.0827551934992
2026-04-17,cumulative,all subpops,Age 4,new_H,E_to_I_rate=0.5,736.2787848421694,581.1657859116862,909.5429739015638
2026-04-18,cumulative,all subpops,Age 4,new_H,E_to_I_rate=0.5,736.6916060068056,581.6279403943507,909.9860038877371
2026-04-19,cumulative,all subpops,Age 4,new_H,E_to_I_rate=0.5,737.1622829332264,582.0648363963808,910.4835739074607
2026-04-20,cumulative,all subpops,Age 4,new_H,E_to_I_rate=0.5,737.6281032036615,582.3873395969164,911.0062399125837
2026-04-21,cumulative,all subpops,Age 4,new_H,E_to_I_rate=0.5,738.0707227949022,582.6637331906209,911.499229291233
2026-04-22,cumulative,all subpops,Age 4,new_H,E_to_I_rate=0.5,738.4998641923088,582.93598410994,912.0284636594122
2026-04-23,cumulative,all subpops,Age 4,new_H,E_to_I_rate=0.5,738.9133340771331,583.2054259109871,912.5566587846417
2026-04-24,cumulative,all subpops,Age 4,new_H,E_to_I_rate=0.5,739.2042231959715,583.4720362839315,913.073103710563
2026-04-25,cumulative,all subpops,Age 4,new_H,E_to_I_rate=0.5,739.4831232998661,583.7345980704071,913.5763902589221
2026-04-26,cumulative,all subpops,Age 4,new_H,E_to_I_rate=0.5,739.7419916059966,583.9837684457432,914.0501461073286
2026-04-27,cumulative,all subpops,Age 4,new_H,E_to_I_rate=0.5,739.9777079481972,584.2153611140399,914.4873824521603
2026-04-28,cumulative,all subpops,Age 4,new_H,E_to_I_rate=0.5,740.1996206180842,584.4390969043667,914.9062970321637
2026-04-29,cumulative,all subpops,Age 4,new_H,E_to_I_rate=0.5,740.4150084856615,584.6627287108555,915.3210694417168
2026-04-30,cumulative,all subpops,Age 4,new_H,E_to_I_rate=0.5,740.6268542135081,584.8894399852634,915.7371346498493
2026-05-01,cumulative,all subpops,Age 4,new_H,E_to_I_rate=0.5,740.8365338365163,585.1208261399333,916.1568677611145
2026-05-02,cumulative,all subpops,Age 4,new_H,E_to_I_rate=0.5,741.0438161026921,585.3566868465593,916.5797023963027
2026-05-03,cumulative,all subpops,Age 4,new_H,E_to_I_rate=0.5,741.240215593544,585.5858281765508,916.986463116302
2026-05-04,cumulative,all subpops,Age 4,new_H,E_to_I_rate=0.5,741.4219728304724,585.8030557423486,917.3683262900754
2026-05-05,cumulative,all subpops,Age 4,new_H,E_to_I_rate=0.5,741.6328102037935,586.0175050201218,917.740125736545
2026-05-06,cumulative,all subpops,Age 4,new_H,E_to_I_rate=0.5,741.8251078453382,586.2354555929919,918.1116273415057
2026-05-07,cumulative,all subpops,Age 4,new_H,E_to_I_rate=0.5,742.0705436018065,586.4598402791056,918.487010257433
2026-05-08,cumulative,all subpops,Age 4,new_H,E_to_I_rate=0.5,742.3895037679289,586.6943376909998,918.8717468473949
2025-09-01,daily,all subpops,Age 5,new_H,E_to_I_rate=0.5,0.043252965278849795,0.017940042235079747,0.08325591708593526
2025-09-02,daily,all subpops,Age 5,new_H,E_to_I_rate=0.5,0.10447141227577095,0.04337856404095241,0.19963698779507302
2025-09-03,daily,all subpops,Age 5,new_H,E_to_I_rate=0.5,0.13094649650095466,0.05445619301575665,0.2467836533585328
2025-09-04,daily,all subpops,Age 5,new_H,E_to_I_rate=0.5,0.1440317826943835,0.060038022849955595,0.2697259599996895
2025-09-05,daily,all subpops,Age 5,new_H,E_to_I_rate=0.5,0.1519848067882557,0.06497746086000475,0.28208901875164794
2025-09-06,daily,all subpops,Age 5,new_H,E_to_I_rate=0.5,0.15550371011035352,0.06677230379532274,0.2849312670836379
2025-09-07,daily,all subpops,Age 5,new_H,E_to_I_rate=0.5,0.1518600624471553,0.0650378250529673,0.2771830798632331
2025-09-08,daily,all subpops,Age 5,new_H,E_to_I_rate=0.5,0.14403552802558744,0.0626072942375817,0.26308124165447877
2025-09-09,daily,all subpops,Age 5,new_H,E_to_I_rate=0.5,0.14176454857382415,0.06295063581115466,0.25732783401845577
2025-09-10,daily,all subpops,Age 5,new_H,E_to_I_rate=0.5,0.14386681595342,0.0651255144065971,0.2594312128260419
2025-09-11,daily,all subpops,Age 5,new_H,E_to_I_rate=0.5,0.14654194418267044,0.06836021850351183,0.2643982199746495
2025-09-12,daily,all subpops,Age 5,new_H,E_to_I_rate=0.5,0.15087263786028113,0.0709615524399721,0.269919979543542
2025-09-13,daily,all subpops,Age 5,new_H,E_to_I_rate=0.5,0.15354917231033008,0.07239467210394626,0.2719409177204832
2025-09-14,daily,all subpops,Age 5,new_H,E_to_I_rate=0.5,0.1497603266142956,0.07224321350134075,0.2647529726540335
2025-09-15,daily,all subpops,Age 5,new_H,E_to_I_rate=0.5,0.14206080994911582,0.06965206534324248,0.2529785830307987
2025-09-16,daily,all subpops,Age 5,new_H,E_to_I_rate=0.5,0.14002353351210411,0.07021016719153317,0.24926465513395873
2025-09-17,daily,all subpops,Age 5,new_H,E_to_I_rate=0.5,0.14109162891170088,0.0721724179759216,0.25003662459491455
2025-09-18,daily,all subpops,Age 5,new_H,E_to_I_rate=0.5,0.1441379885867788,0.07473572635080812,0.2567508109146476
2025-09-19,daily,all subpops,Age 5,new_H,E_to_I_rate=0.5,0.14669919959206243,0.07672925725150953,0.26173364444475117
2025-09-20,daily,all subpops,Age 5,new_H,E_to_I_rate=0.5,0.1494688236593274,0.0787312742365453,0.26398566051909345
2025-09-21,daily,all subpops,Age 5,new_H,E_to_I_rate=0.5,0.14690456844516744,0.07731257758523562,0.267880942131469
2025-09-22,daily,all subpops,Age 5,new_H,E_to_I_rate=0.5,0.1413237775728377,0.07355749730794219,0.25528139270219086
2025-09-23,daily,all subpops,Age 5,new_H,E_to_I_rate=0.5,0.13822196243287643,0.07269321323252588,0.25257015080052886
2025-09-24,daily,all subpops,Age 5,new_H,E_to_I_rate=0.5,0.13765537868927977,0.07259076020041172,0.2519757048840889
2025-09-25,daily,all subpops,Age 5,new_H,E_to_I_rate=0.5,0.13928590810756286,0.07443082041280584,0.25179757801559577
2025-09-26,daily,all subpops,Age 5,new_H,E_to_I_rate=0.5,0.14037935246472094,0.07679424594704351,0.25353718647556606
2025-09-27,daily,all subpops,Age 5,new_H,E_to_I_rate=0.5,0.14133589603081365,0.0770250854628401,0.2543666696722303
2025-09-28,daily,all subpops,Age 5,new_H,E_to_I_rate=0.5,0.13736842370084404,0.07455574975502119,0.2430616360365133
2025-09-29,daily,all subpops,Age 5,new_H,E_to_I_rate=0.5,0.13050438139156717,0.07119246875437822,0.22884681357133635
2025-09-30,daily,all subpops,Age 5,new_H,E_to_I_rate=0.5,0.1261136172629922,0.06972904668074045,0.22109380954584376
2025-10-01,daily,all subpops,Age 5,new_H,E_to_I_rate=0.5,0.1258922028058275,0.06963456577604653,0.21945404493026596
2025-10-02,daily,all subpops,Age 5,new_H,E_to_I_rate=0.5,0.1291539704314216,0.07180458861173857,0.22358891206212134
2025-10-03,daily,all subpops,Age 5,new_H,E_to_I_rate=0.5,0.13462436891501633,0.07586929196456586,0.2344574143985443
2025-10-04,daily,all subpops,Age 5,new_H,E_to_I_rate=0.5,0.13878839778172186,0.07753937647725635,0.24794138134663365
2025-10-05,daily,all subpops,Age 5,new_H,E_to_I_rate=0.5,0.13636284247532812,0.07518695971847575,0.24622772658465272
2025-10-06,daily,all subpops,Age 5,new_H,E_to_I_rate=0.5,0.13114382621452847,0.07096202048322614,0.2424723983135256
2025-10-07,daily,all subpops,Age 5,new_H,E_to_I_rate=0.5,0.13011243443909026,0.06900315694462807,0.23982693685105555
2025-10-08,daily,all subpops,Age 5,new_H,E_to_I_rate=0.5,0.13275500875897395,0.07034770147817257,0.24631499367380352
2025-10-09,daily,all subpops,Age 5,new_H,E_to_I_rate=0.5,0.1375418334895643,0.07207075361352089,0.25632529222409767
2025-10-10,daily,all subpops,Age 5,new_H,E_to_I_rate=0.5,0.1463774497374727,0.07383119874763909,0.2704342315621784
2025-10-11,daily,all subpops,Age 5,new_H,E_to_I_rate=0.5,0.15585413273749127,0.07640909511325385,0.2846574381625984
2025-10-12,daily,all subpops,Age 5,new_H,E_to_I_rate=0.5,0.1578611894231594,0.07647235643581782,0.28548525282610265
2025-10-13,daily,all subpops,Age 5,new_H,E_to_I_rate=0.5,0.15502294313533685,0.07576876147955562,0.2780984968716941
2025-10-14,daily,all subpops,Age 5,new_H,E_to_I_rate=0.5,0.15731130680269284,0.07924588257893196,0.2804665095898574
2025-10-15,daily,all subpops,Age 5,new_H,E_to_I_rate=0.5,0.1631017037544716,0.08583667004383037,0.2896078119961451
2025-10-16,daily,all subpops,Age 5,new_H,E_to_I_rate=0.5,0.17255142809040067,0.08931103708729272,0.309439790390255
2025-10-17,daily,all subpops,Age 5,new_H,E_to_I_rate=0.5,0.1844961400279257,0.09393526458530187,0.327995560479877
2025-10-18,daily,all subpops,Age 5,new_H,E_to_I_rate=0.5,0.19741045870551313,0.10050021369338684,0.3432896123159427
2025-10-19,daily,all subpops,Age 5,new_H,E_to_I_rate=0.5,0.20023848521775062,0.10133521674947117,0.3510422937469762
2025-10-20,daily,all subpops,Age 5,new_H,E_to_I_rate=0.5,0.19677280189958601,0.10116598820988616,0.34316872707634793
2025-10-21,daily,all subpops,Age 5,new_H,E_to_I_rate=0.5,0.1995484388814327,0.10524144024977426,0.3450715483530986
2025-10-22,daily,all subpops,Age 5,new_H,E_to_I_rate=0.5,0.20795704027813572,0.11232679654007843,0.35468603218496475
2025-10-23,daily,all subpops,Age 5,new_H,E_to_I_rate=0.5,0.220362684864928,0.11837475963207947,0.3701272341331535
2025-10-24,daily,all subpops,Age 5,new_H,E_to_I_rate=0.5,0.2359560328094213,0.12753052226099845,0.39139899408958967
2025-10-25,daily,all subpops,Age 5,new_H,E_to_I_rate=0.5,0.25283218913268063,0.13821783815791774,0.4124620648075082
2025-10-26,daily,all subpops,Age 5,new_H,E_to_I_rate=0.5,0.25831908690350114,0.1445233951083933,0.41575287850167775
2025-10-27,daily,all subpops,Age 5,new_H,E_to_I_rate=0.5,0.2580883547215408,0.1452676823143435,0.4129346877309006
2025-10-28,daily,all subpops,Age 5,new_H,E_to_I_rate=0.5,0.2672535133370225,0.15441454677438643,0.42707299221776623
2025-10-29,daily,all subpops,Age 5,new_H,E_to_I_rate=0.5,0.28581333626549577,0.1693893152655325,0.45343695100218634
2025-10-30,daily,all subpops,Age 5,new_H,E_to_I_rate=0.5,0.30705301810089203,0.18382875522295822,0.48734999756162917
2025-10-31,daily,all subpops,Age 5,new_H,E_to_I_rate=0.5,0.3280493281201808,0.19578688046080697,0.5292558170844176
2025-11-01,daily,all subpops,Age 5,new_H,E_to_I_rate=0.5,0.35055484352439437,0.20995136630665726,0.5676589788411831
2025-11-02,daily,all subpops,Age 5,new_H,E_to_I_rate=0.5,0.3567300481548303,0.21392956912321792,0.570831845323852
2025-11-03,daily,all subpops,Age 5,new_H,E_to_I_rate=0.5,0.3564519140739225,0.2143236668317774,0.565640629468923
2025-11-04,daily,all subpops,Age 5,new_H,E_to_I_rate=0.5,0.36931690740105383,0.22726444963110634,0.5854332041682978
2025-11-05,daily,all subpops,Age 5,new_H,E_to_I_rate=0.5,0.3965842173467964,0.24816730526954,0.6241548220900393
2025-11-06,daily,all subpops,Age 5,new_H,E_to_I_rate=0.5,0.43042189156481375,0.27100097080605623,0.6664070296608852
2025-11-07,daily,all subpops,Age 5,new_H,E_to_I_rate=0.5,0.4705815291197529,0.2999185913177206,0.7364615148262713
2025-11-08,daily,all subpops,Age 5,new_H,E_to_I_rate=0.5,0.5134203320536821,0.3286348930180612,0.7943566997867954
2025-11-09,daily,all subpops,Age 5,new_H,E_to_I_rate=0.5,0.5271107941630899,0.3373852272581609,0.7997926028743373
2025-11-10,daily,all subpops,Age 5,new_H,E_to_I_rate=0.5,0.5249781445184815,0.3393588505129999,0.7796484169285987
2025-11-11,daily,all subpops,Age 5,new_H,E_to_I_rate=0.5,0.5458596877264035,0.35518544296659377,0.7920151234694761
2025-11-12,daily,all subpops,Age 5,new_H,E_to_I_rate=0.5,0.5872369350556834,0.388835082318921,0.8423401236401806
2025-11-13,daily,all subpops,Age 5,new_H,E_to_I_rate=0.5,0.6414909251521439,0.42879336726178746,0.922802897799172
2025-11-14,daily,all subpops,Age 5,new_H,E_to_I_rate=0.5,0.7076155260860748,0.4808177110935601,1.0023809059918738
2025-11-15,daily,all subpops,Age 5,new_H,E_to_I_rate=0.5,0.7715974657477643,0.5295233226890786,1.0953724912822842
2025-11-16,daily,all subpops,Age 5,new_H,E_to_I_rate=0.5,0.7989229169110634,0.5447619236719612,1.1332767246416253
2025-11-17,daily,all subpops,Age 5,new_H,E_to_I_rate=0.5,0.8035460229612057,0.5461612570161299,1.13141068543772
2025-11-18,daily,all subpops,Age 5,new_H,E_to_I_rate=0.5,0.8516231002856185,0.5845889901489537,1.1926124398005478
2025-11-19,daily,all subpops,Age 5,new_H,E_to_I_rate=0.5,0.935003122356861,0.647696075317163,1.3028235526086456
2025-11-20,daily,all subpops,Age 5,new_H,E_to_I_rate=0.5,1.038282906947292,0.7247548062567162,1.455867549772933
2025-11-21,daily,all subpops,Age 5,new_H,E_to_I_rate=0.5,1.1628617374567995,0.8066605236467724,1.6370091792439507
2025-11-22,daily,all subpops,Age 5,new_H,E_to_I_rate=0.5,1.2886250181794205,0.8887727626988147,1.7821551728819662
2025-11-23,daily,all subpops,Age 5,new_H,E_to_I_rate=0.5,1.3430920441665113,0.9286218882843106,1.8674525301607974
2025-11-24,daily,all subpops,Age 5,new_H,E_to_I_rate=0.5,1.3694294871999748,0.9526676707989655,1.8986119732733036
2025-11-25,daily,all subpops,Age 5,new_H,E_to_I_rate=0.5,1.4631885233262636,1.023594567058581,2.011152459851538
2025-11-26,daily,all subpops,Age 5,new_H,E_to_I_rate=0.5,1.6121066401913464,1.136209806926176,2.1764564485534383
2025-11-27,daily,all subpops,Age 5,new_H,E_to_I_rate=0.5,1.7629131240347444,1.2440109155674584,2.3547550402665283
2025-11-28,daily,all subpops,Age 5,new_H,E_to_I_rate=0.5,1.8594649541300048,1.310040711651088,2.490778413024984
2025-11-29,daily,all subpops,Age 5,new_H,E_to_I_rate=0.5,1.9751892337324604,1.4047034198663417,2.668873591194352
2025-11-30,daily,all subpops,Age 5,new_H,E_to_I_rate=0.5,2.0428173271060848,1.4607496021882507,2.7356137357024983
2025-12-01,daily,all subpops,Age 5,new_H,E_to_I_rate=0.5,2.069226921163469,1.4855380048385034,2.773622602027299
2025-12-02,daily,all subpops,Age 5,new_H,E_to_I_rate=0.5,2.204928966374837,1.6076957464724064,2.9634476699776005
2025-12-03,daily,all subpops,Age 5,new_H,E_to_I_rate=0.5,2.4253690988665078,1.7913095032550759,3.267636008627106
2025-12-04,daily,all subpops,Age 5,new_H,E_to_I_rate=0.5,2.700198696564567,2.0281699723687594,3.6530455982728784
2025-12-05,daily,all subpops,Age 5,new_H,E_to_I_rate=0.5,3.0567216423762504,2.3059175649778694,4.12978764899251
2025-12-06,daily,all subpops,Age 5,new_H,E_to_I_rate=0.5,3.474197169744286,2.65563953831568,4.652275158979699
2025-12-07,daily,all subpops,Age 5,new_H,E_to_I_rate=0.5,3.6894133624337346,2.7990797101384635,4.9259183185332045
2025-12-08,daily,all subpops,Age 5,new_H,E_to_I_rate=0.5,3.793392992020575,2.9092367481690338,5.049946150922678
2025-12-09,daily,all subpops,Age 5,new_H,E_to_I_rate=0.5,4.145381598297142,3.2055063424371877,5.4619931804546
2025-12-10,daily,all subpops,Age 5,new_H,E_to_I_rate=0.5,4.689054476258242,3.6216909070866707,6.161563499549927
2025-12-11,daily,all subpops,Age 5,new_H,E_to_I_rate=0.5,5.35054678164977,4.077707648735554,6.966413302338545
2025-12-12,daily,all subpops,Age 5,new_H,E_to_I_rate=0.5,6.0849379955592955,4.635237329322269,7.951280453609954
2025-12-13,daily,all subpops,Age 5,new_H,E_to_I_rate=0.5,6.920736455128269,5.274570314906079,8.982616202215812
2025-12-14,daily,all subpops,Age 5,new_H,E_to_I_rate=0.5,7.393988306118967,5.6228862726634565,9.589232327169569
2025-12-15,daily,all subpops,Age 5,new_H,E_to_I_rate=0.5,7.697558517588966,5.859921189388268,10.002536933454339
2025-12-16,daily,all subpops,Age 5,new_H,E_to_I_rate=0.5,8.4549840739355,6.449934566872917,11.027105429114489
2025-12-17,daily,all subpops,Age 5,new_H,E_to_I_rate=0.5,9.594829806287862,7.347475227842347,12.466223999984154
2025-12-18,daily,all subpops,Age 5,new_H,E_to_I_rate=0.5,10.988260393436349,8.374612713061985,14.083322657190983
2025-12-19,daily,all subpops,Age 5,new_H,E_to_I_rate=0.5,12.50192825158963,9.537736043972467,15.884350315628309
2025-12-20,daily,all subpops,Age 5,new_H,E_to_I_rate=0.5,13.98963735696539,10.727359166901685,17.76266268023316
2025-12-21,daily,all subpops,Age 5,new_H,E_to_I_rate=0.5,14.817235692059802,11.338562260107734,18.808577557643225
2025-12-22,daily,all subpops,Age 5,new_H,E_to_I_rate=0.5,15.24584301769919,11.69567645244664,19.310641023120027
2025-12-23,daily,all subpops,Age 5,new_H,E_to_I_rate=0.5,16.443338248792827,12.70460363846253,20.824014528618815
2025-12-24,daily,all subpops,Age 5,new_H,E_to_I_rate=0.5,18.117050390175542,13.95879930132911,22.94022184319917
2025-12-25,daily,all subpops,Age 5,new_H,E_to_I_rate=0.5,19.679231983766474,15.066180973524698,24.95573673333987
2025-12-26,daily,all subpops,Age 5,new_H,E_to_I_rate=0.5,20.274003957971498,15.547916884599273,25.87562732810721
2025-12-27,daily,all subpops,Age 5,new_H,E_to_I_rate=0.5,21.043821053390143,16.09723751559583,26.84199152901996
2025-12-28,daily,all subpops,Age 5,new_H,E_to_I_rate=0.5,21.029765826813637,16.1087474286801,26.773041950619227
2025-12-29,daily,all subpops,Age 5,new_H,E_to_I_rate=0.5,20.38261355509198,15.673661800756957,25.94536544942452
2025-12-30,daily,all subpops,Age 5,new_H,E_to_I_rate=0.5,20.13682215780532,15.460750188095075,25.601059557188286
2025-12-31,daily,all subpops,Age 5,new_H,E_to_I_rate=0.5,20.373156832737685,15.597899770488038,25.93751353014673
2026-01-01,daily,all subpops,Age 5,new_H,E_to_I_rate=0.5,20.52820623437411,15.735077219933896,26.175768182485168
2026-01-02,daily,all subpops,Age 5,new_H,E_to_I_rate=0.5,19.967566572531652,15.360278348862641,25.471056883838838
2026-01-03,daily,all subpops,Age 5,new_H,E_to_I_rate=0.5,19.421647951969895,14.887203344811685,24.57349442071273
2026-01-04,daily,all subpops,Age 5,new_H,E_to_I_rate=0.5,18.349510690481175,14.046698015070245,23.166926204250455
2026-01-05,daily,all subpops,Age 5,new_H,E_to_I_rate=0.5,16.911177955577383,12.963241747423458,21.335980194443408
2026-01-06,daily,all subpops,Age 5,new_H,E_to_I_rate=0.5,15.973758951059649,12.264164403334808,20.08778713371302
2026-01-07,daily,all subpops,Age 5,new_H,E_to_I_rate=0.5,15.312039301043743,11.944997873932328,19.246053701943456
2026-01-08,daily,all subpops,Age 5,new_H,E_to_I_rate=0.5,14.766944941927765,11.492268305036891,18.63072130795274
2026-01-09,daily,all subpops,Age 5,new_H,E_to_I_rate=0.5,14.281719329457282,11.025803807233446,18.024408501400412
2026-01-10,daily,all subpops,Age 5,new_H,E_to_I_rate=0.5,13.708917719135144,10.576626467446612,17.244201512192504
2026-01-11,daily,all subpops,Age 5,new_H,E_to_I_rate=0.5,12.701799696348308,9.781788226019376,16.117377335912465
2026-01-12,daily,all subpops,Age 5,new_H,E_to_I_rate=0.5,11.50300532427502,8.830890734652275,14.733986089721952
2026-01-13,daily,all subpops,Age 5,new_H,E_to_I_rate=0.5,10.646579073502359,8.165397293541467,13.672189096350564
2026-01-14,daily,all subpops,Age 5,new_H,E_to_I_rate=0.5,9.99923323537504,7.68284203241623,12.745468323625856
2026-01-15,daily,all subpops,Age 5,new_H,E_to_I_rate=0.5,9.436672615585511,7.233764947060634,12.084472307503997
2026-01-16,daily,all subpops,Age 5,new_H,E_to_I_rate=0.5,8.893473039243982,6.832511944298338,11.45657747440219
2026-01-17,daily,all subpops,Age 5,new_H,E_to_I_rate=0.5,8.379631245975322,6.4611080860122945,10.858036884105632
2026-01-18,daily,all subpops,Age 5,new_H,E_to_I_rate=0.5,7.653677288072699,5.923959785199323,10.057111290286349
2026-01-19,daily,all subpops,Age 5,new_H,E_to_I_rate=0.5,6.863414730427339,5.286734285838814,9.07898113425549
2026-01-20,daily,all subpops,Age 5,new_H,E_to_I_rate=0.5,6.20532337158295,4.783032403572169,8.340540468238407
2026-01-21,daily,all subpops,Age 5,new_H,E_to_I_rate=0.5,5.7306106149098825,4.409303139815302,7.758637484112408
2026-01-22,daily,all subpops,Age 5,new_H,E_to_I_rate=0.5,5.363816109819122,4.107838604593292,7.333793065477091
2026-01-23,daily,all subpops,Age 5,new_H,E_to_I_rate=0.5,5.0348649319535,3.84530402936752,6.944845348704169
2026-01-24,daily,all subpops,Age 5,new_H,E_to_I_rate=0.5,4.747176794336395,3.612749828388484,6.532471810584845
2026-01-25,daily,all subpops,Age 5,new_H,E_to_I_rate=0.5,4.357923056210968,3.296236509003383,5.963278599350721
2026-01-26,daily,all subpops,Age 5,new_H,E_to_I_rate=0.5,3.924059055357457,2.9558654418642893,5.354219979978423
2026-01-27,daily,all subpops,Age 5,new_H,E_to_I_rate=0.5,3.6166758251494446,2.717317626287646,4.896975437476922
2026-01-28,daily,all subpops,Age 5,new_H,E_to_I_rate=0.5,3.4135175609430637,2.553265597850358,4.634227497970617
2026-01-29,daily,all subpops,Age 5,new_H,E_to_I_rate=0.5,3.2806572027382392,2.446200491000706,4.441110305080078
2026-01-30,daily,all subpops,Age 5,new_H,E_to_I_rate=0.5,3.1756902162925815,2.3541575142587776,4.259945095562386
2026-01-31,daily,all subpops,Age 5,new_H,E_to_I_rate=0.5,3.0792049137719237,2.2849960094586494,4.088057666794869
2026-02-01,daily,all subpops,Age 5,new_H,E_to_I_rate=0.5,2.880808627239845,2.122995158653253,3.7925235498893812
2026-02-02,daily,all subpops,Age 5,new_H,E_to_I_rate=0.5,2.6440452731267285,1.9601545340790858,3.476463006579206
2026-02-03,daily,all subpops,Age 5,new_H,E_to_I_rate=0.5,2.4962166321713672,1.8312738441956606,3.2575247474193474
2026-02-04,daily,all subpops,Age 5,new_H,E_to_I_rate=0.5,2.4097185040686293,1.7684651611337976,3.1728177583566097
2026-02-05,daily,all subpops,Age 5,new_H,E_to_I_rate=0.5,2.350158464986893,1.723115033242029,3.0880008003423347
2026-02-06,daily,all subpops,Age 5,new_H,E_to_I_rate=0.5,2.3182816095542984,1.6844427191120774,3.0431704197013327
2026-02-07,daily,all subpops,Age 5,new_H,E_to_I_rate=0.5,2.27940970037763,1.647342265739662,3.0063110387688257
2026-02-08,daily,all subpops,Age 5,new_H,E_to_I_rate=0.5,2.160866294798635,1.5580256202744382,2.8627427890287476
2026-02-09,daily,all subpops,Age 5,new_H,E_to_I_rate=0.5,2.015981088455198,1.4493602826733207,2.6656483213067546
2026-02-10,daily,all subpops,Age 5,new_H,E_to_I_rate=0.5,1.934163811385634,1.3890063577865381,2.5743320411075565
2026-02-11,daily,all subpops,Age 5,new_H,E_to_I_rate=0.5,1.8964471274797559,1.3711919557535477,2.53234716993503
2026-02-12,daily,all subpops,Age 5,new_H,E_to_I_rate=0.5,1.8889665281182677,1.3607640614641672,2.508488725676154
2026-02-13,daily,all subpops,Age 5,new_H,E_to_I_rate=0.5,1.8907619749454128,1.3861614176209218,2.500505378463248
2026-02-14,daily,all subpops,Age 5,new_H,E_to_I_rate=0.5,1.9001974787652407,1.3973344041009963,2.4987969287962417
2026-02-15,daily,all subpops,Age 5,new_H,E_to_I_rate=0.5,1.8300907959273522,1.352654359063474,2.420336163494229
2026-02-16,daily,all subpops,Age 5,new_H,E_to_I_rate=0.5,1.7261586728875935,1.2759194204171365,2.283472221353101
2026-02-17,daily,all subpops,Age 5,new_H,E_to_I_rate=0.5,1.6715398019421874,1.2229604387155237,2.1969305403449986
2026-02-18,daily,all subpops,Age 5,new_H,E_to_I_rate=0.5,1.6423296719638247,1.197286937733768,2.1398253048926716
2026-02-19,daily,all subpops,Age 5,new_H,E_to_I_rate=0.5,1.6223637352682703,1.1781601893549372,2.1250065754069007
2026-02-20,daily,all subpops,Age 5,new_H,E_to_I_rate=0.5,1.6021447493990073,1.1642835540023426,2.1080766129154216
2026-02-21,daily,all subpops,Age 5,new_H,E_to_I_rate=0.5,1.571768425674871,1.1413653070477154,2.1052494348142425
2026-02-22,daily,all subpops,Age 5,new_H,E_to_I_rate=0.5,1.4747296543846065,1.0721296288829925,2.0051981723873604
2026-02-23,daily,all subpops,Age 5,new_H,E_to_I_rate=0.5,1.3649669726492037,0.9877425623158654,1.8658237906286754
2026-02-24,daily,all subpops,Age 5,new_H,E_to_I_rate=0.5,1.2955955484553725,0.9380003355402693,1.795218028924975
2026-02-25,daily,all subpops,Age 5,new_H,E_to_I_rate=0.5,1.2598582664507134,0.9126026906892492,1.7707418278482507
2026-02-26,daily,all subpops,Age 5,new_H,E_to_I_rate=0.5,1.237631754884335,0.9112707584849884,1.7516659364868281
2026-02-27,daily,all subpops,Age 5,new_H,E_to_I_rate=0.5,1.2229872936541508,0.9102705584583385,1.7457221409125894
2026-02-28,daily,all subpops,Age 5,new_H,E_to_I_rate=0.5,1.2112668265913054,0.9026315909355578,1.7292155068864115
2026-03-01,daily,all subpops,Age 5,new_H,E_to_I_rate=0.5,1.1563944589167199,0.8566542980327079,1.6440746928724161
2026-03-02,daily,all subpops,Age 5,new_H,E_to_I_rate=0.5,1.0837975433102045,0.7982314572561565,1.5393618435071217
2026-03-03,daily,all subpops,Age 5,new_H,E_to_I_rate=0.5,1.0428440482661332,0.7668917922695502,1.4986635219971152
2026-03-04,daily,all subpops,Age 5,new_H,E_to_I_rate=0.5,1.0214868128417574,0.7462863181624507,1.4711541392700915
2026-03-05,daily,all subpops,Age 5,new_H,E_to_I_rate=0.5,1.0150734375141872,0.7306381320085509,1.4738201543284177
2026-03-06,daily,all subpops,Age 5,new_H,E_to_I_rate=0.5,1.0124943685251266,0.7195494202015964,1.468219397965198
2026-03-07,daily,all subpops,Age 5,new_H,E_to_I_rate=0.5,1.0054146743727053,0.7131820129373804,1.4711937554009682
2026-03-08,daily,all subpops,Age 5,new_H,E_to_I_rate=0.5,0.9605954207625342,0.6733973495282887,1.4027429982464281
2026-03-09,daily,all subpops,Age 5,new_H,E_to_I_rate=0.5,0.8931765395201915,0.632600741439394,1.3125327210439315
2026-03-10,daily,all subpops,Age 5,new_H,E_to_I_rate=0.5,0.8563711657286035,0.6010228497537502,1.2536461942901072
2026-03-11,daily,all subpops,Age 5,new_H,E_to_I_rate=0.5,0.836564325107098,0.5829976575482032,1.2169757611822873
2026-03-12,daily,all subpops,Age 5,new_H,E_to_I_rate=0.5,0.823621357712691,0.57156572376992,1.2010929356465436
2026-03-13,daily,all subpops,Age 5,new_H,E_to_I_rate=0.5,0.8172822069871553,0.5667119979242298,1.2027515918988
2026-03-14,daily,all subpops,Age 5,new_H,E_to_I_rate=0.5,0.8153665659346465,0.5696818293274037,1.2186172220981901
2026-03-15,daily,all subpops,Age 5,new_H,E_to_I_rate=0.5,0.7830807080903288,0.5492166858000163,1.1795216012072562
2026-03-16,daily,all subpops,Age 5,new_H,E_to_I_rate=0.5,0.733551974292361,0.5178872223720762,1.113832159908679
2026-03-17,daily,all subpops,Age 5,new_H,E_to_I_rate=0.5,0.703600619682805,0.4967880054766731,1.0655307479693397
2026-03-18,daily,all subpops,Age 5,new_H,E_to_I_rate=0.5,0.6961902245781267,0.49105901288638193,1.0473772115160658
2026-03-19,daily,all subpops,Age 5,new_H,E_to_I_rate=0.5,0.7040330411758494,0.49495221770234005,1.049745449953524
2026-03-20,daily,all subpops,Age 5,new_H,E_to_I_rate=0.5,0.7177478751262941,0.49165227059708555,1.0879953669602622
2026-03-21,daily,all subpops,Age 5,new_H,E_to_I_rate=0.5,0.723366681786445,0.48862290207180303,1.0985202324546208
2026-03-22,daily,all subpops,Age 5,new_H,E_to_I_rate=0.5,0.6972118748977426,0.4699642055854038,1.0570365575532996
2026-03-23,daily,all subpops,Age 5,new_H,E_to_I_rate=0.5,0.6538185035678179,0.4386233190236303,0.9889507278470937
2026-03-24,daily,all subpops,Age 5,new_H,E_to_I_rate=0.5,0.6363555381615837,0.4205719381246717,0.9532755589213963
2026-03-25,daily,all subpops,Age 5,new_H,E_to_I_rate=0.5,0.6375529799036223,0.41319381565939534,0.9436326735885618
2026-03-26,daily,all subpops,Age 5,new_H,E_to_I_rate=0.5,0.6483175713262603,0.41536311864171643,0.9607485027340893
2026-03-27,daily,all subpops,Age 5,new_H,E_to_I_rate=0.5,0.655342252475348,0.4161525660794236,0.9681339157456135
2026-03-28,daily,all subpops,Age 5,new_H,E_to_I_rate=0.5,0.6587839929158945,0.4160727182526313,0.9778180812897503
2026-03-29,daily,all subpops,Age 5,new_H,E_to_I_rate=0.5,0.6435619021958549,0.40309238293781363,0.9551414584081626
2026-03-30,daily,all subpops,Age 5,new_H,E_to_I_rate=0.5,0.6161595855299625,0.3834688677770089,0.9101248050360758
2026-03-31,daily,all subpops,Age 5,new_H,E_to_I_rate=0.5,0.6047815099054688,0.37393759622672607,0.8893367905671103
2026-04-01,daily,all subpops,Age 5,new_H,E_to_I_rate=0.5,0.6006144236369215,0.37397869481044543,0.8696291710724574
2026-04-02,daily,all subpops,Age 5,new_H,E_to_I_rate=0.5,0.598354051033214,0.36924787258601716,0.8799856925220905
2026-04-03,daily,all subpops,Age 5,new_H,E_to_I_rate=0.5,0.6034111511165052,0.3657541661928855,0.9000553655341363
2026-04-04,daily,all subpops,Age 5,new_H,E_to_I_rate=0.5,0.6039971382841763,0.35971677457570944,0.9070774045644692
2026-04-05,daily,all subpops,Age 5,new_H,E_to_I_rate=0.5,0.5778017851404595,0.34139708790333034,0.8726059030846053
2026-04-06,daily,all subpops,Age 5,new_H,E_to_I_rate=0.5,0.5421508714970371,0.3202730088044826,0.8223435562097744
2026-04-07,daily,all subpops,Age 5,new_H,E_to_I_rate=0.5,0.5259749372347747,0.3165238465487002,0.8054945969371854
2026-04-08,daily,all subpops,Age 5,new_H,E_to_I_rate=0.5,0.5262406817641968,0.32190364030844026,0.8180164356501884
2026-04-09,daily,all subpops,Age 5,new_H,E_to_I_rate=0.5,0.5335865560260455,0.326040587072886,0.832334118622217
2026-04-10,daily,all subpops,Age 5,new_H,E_to_I_rate=0.5,0.5446521415886236,0.33305195279465505,0.8471771043347065
2026-04-11,daily,all subpops,Age 5,new_H,E_to_I_rate=0.5,0.5456122611275571,0.3412339123507595,0.8506683984617937
2026-04-12,daily,all subpops,Age 5,new_H,E_to_I_rate=0.5,0.5274879756490699,0.33490915105307556,0.8263704158737654
2026-04-13,daily,all subpops,Age 5,new_H,E_to_I_rate=0.5,0.4985797613957605,0.3194356941127537,0.7842236164888877
2026-04-14,daily,all subpops,Age 5,new_H,E_to_I_rate=0.5,0.47859509101692466,0.31170491219574475,0.7487684113805734
2026-04-15,daily,all subpops,Age 5,new_H,E_to_I_rate=0.5,0.4665990032256174,0.3046866208364942,0.7337132364608556
2026-04-16,daily,all subpops,Age 5,new_H,E_to_I_rate=0.5,0.45823857413592134,0.30083512593416695,0.7205455939710531
2026-04-17,daily,all subpops,Age 5,new_H,E_to_I_rate=0.5,0.452411051657656,0.29467815124508406,0.7146736704438758
2026-04-18,daily,all subpops,Age 5,new_H,E_to_I_rate=0.5,0.44474069502011676,0.28726017854378844,0.7039756608705816
2026-04-19,daily,all subpops,Age 5,new_H,E_to_I_rate=0.5,0.42526972270255525,0.2660565052945412,0.6687557099535203
2026-04-20,daily,all subpops,Age 5,new_H,E_to_I_rate=0.5,0.39787142930320657,0.24656047404417916,0.6207108862451889
2026-04-21,daily,all subpops,Age 5,new_H,E_to_I_rate=0.5,0.3827544339820641,0.2349892029593754,0.5991051455285501
2026-04-22,daily,all subpops,Age 5,new_H,E_to_I_rate=0.5,0.37756114962378107,0.22944532350814767,0.6060674690249093
2026-04-23,daily,all subpops,Age 5,new_H,E_to_I_rate=0.5,0.37482142868204316,0.22690165702563467,0.5980571192749543
2026-04-24,daily,all subpops,Age 5,new_H,E_to_I_rate=0.5,0.371454802804458,0.22202138797380483,0.6004006616854851
2026-04-25,daily,all subpops,Age 5,new_H,E_to_I_rate=0.5,0.36714841810088183,0.21878501483335477,0.5955438172770688
2026-04-26,daily,all subpops,Age 5,new_H,E_to_I_rate=0.5,0.34968353250921524,0.2062432992757254,0.569292853765962
2026-04-27,daily,all subpops,Age 5,new_H,E_to_I_rate=0.5,0.32506356009727705,0.1897639239106485,0.5291588315049486
2026-04-28,daily,all subpops,Age 5,new_H,E_to_I_rate=0.5,0.3108939752722448,0.17813508719679924,0.5068178714373681
2026-04-29,daily,all subpops,Age 5,new_H,E_to_I_rate=0.5,0.29974443259938394,0.16837708554904016,0.500657808155572
2026-04-30,daily,all subpops,Age 5,new_H,E_to_I_rate=0.5,0.29576677861542505,0.16221234288158928,0.497070035980974
2026-05-01,daily,all subpops,Age 5,new_H,E_to_I_rate=0.5,0.29754842738626386,0.16229763700021163,0.5060412821679431
2026-05-02,daily,all subpops,Age 5,new_H,E_to_I_rate=0.5,0.297025332007393,0.15894404838904955,0.513156428115477
2026-05-03,daily,all subpops,Age 5,new_H,E_to_I_rate=0.5,0.2842399076305492,0.15063662237493167,0.49876668536235524
2026-05-04,daily,all subpops,Age 5,new_H,E_to_I_rate=0.5,0.26722748389273165,0.13788492895638702,0.48207641120198597
2026-05-05,daily,all subpops,Age 5,new_H,E_to_I_rate=0.5,0.26384916365869715,0.12904168089064366,0.48147298683726114
2026-05-06,daily,all subpops,Age 5,new_H,E_to_I_rate=0.5,0.26333253115639715,0.13118309991028448,0.4919032326426685
2026-05-07,daily,all subpops,Age 5,new_H,E_to_I_rate=0.5,0.2678249110639733,0.12208197061686102,0.5417195574922083
2026-05-08,daily,all subpops,Age 5,new_H,E_to_I_rate=0.5,0.28049957252499114,0.12699813795923476,0.5756534581279962
2025-09-01,cumulative,all subpops,Age 5,new_H,E_to_I_rate=0.5,0.043252965278849795,0.017940042235079747,0.08325591708593526
2025-09-02,cumulative,all subpops,Age 5,new_H,E_to_I_rate=0.5,0.14776147283030325,0.06131860627603215,0.28289290488100827
2025-09-03,cumulative,all subpops,Age 5,new_H,E_to_I_rate=0.5,0.2790402319447502,0.11589329454002714,0.5293315102776343
2025-09-04,cumulative,all subpops,Age 5,new_H,E_to_I_rate=0.5,0.4228547649499904,0.1758757062176357,0.7963436743622689
2025-09-05,cumulative,all subpops,Age 5,new_H,E_to_I_rate=0.5,0.5736569834989449,0.23932521016337627,1.078144074608253
2025-09-06,cumulative,all subpops,Age 5,new_H,E_to_I_rate=0.5,0.731197021146941,0.30668495243498534,1.3651593223143588
2025-09-07,cumulative,all subpops,Age 5,new_H,E_to_I_rate=0.5,0.8857579232317817,0.37618434280428853,1.644703880258494
2025-09-08,cumulative,all subpops,Age 5,new_H,E_to_I_rate=0.5,1.0285040183747243,0.44281053099371015,1.9088521195933017
2025-09-09,cumulative,all subpops,Age 5,new_H,E_to_I_rate=0.5,1.1709879455933496,0.5038735448935507,2.1545632766088447
2025-09-10,cumulative,all subpops,Age 5,new_H,E_to_I_rate=0.5,1.313188026711618,0.5658993972163308,2.398096250622587
2025-09-11,cumulative,all subpops,Age 5,new_H,E_to_I_rate=0.5,1.4603923254012594,0.6295282478075346,2.651382790958536
2025-09-12,cumulative,all subpops,Age 5,new_H,E_to_I_rate=0.5,1.6134235228604645,0.7003843880797856,2.915963060572413
2025-09-13,cumulative,all subpops,Age 5,new_H,E_to_I_rate=0.5,1.7649754983039831,0.7744450784228915,3.174834344898963
2025-09-14,cumulative,all subpops,Age 5,new_H,E_to_I_rate=0.5,1.9091734070350808,0.851486741558895,3.426754619338736
2025-09-15,cumulative,all subpops,Age 5,new_H,E_to_I_rate=0.5,2.0535248495570646,0.919702429661831,3.6629943524950357
2025-09-16,cumulative,all subpops,Age 5,new_H,E_to_I_rate=0.5,2.1900721638008154,0.991851714810284,3.8889917317786455
2025-09-17,cumulative,all subpops,Age 5,new_H,E_to_I_rate=0.5,2.340855740165029,1.0740922895258163,4.118599269122726
2025-09-18,cumulative,all subpops,Age 5,new_H,E_to_I_rate=0.5,2.4719096462884655,1.1488500323648319,4.362745753320517
2025-09-19,cumulative,all subpops,Age 5,new_H,E_to_I_rate=0.5,2.6121941996614586,1.216997843728068,4.613502853235027
2025-09-20,cumulative,all subpops,Age 5,new_H,E_to_I_rate=0.5,2.7649207365518826,1.2939295921764888,4.83984195907987
2025-09-21,cumulative,all subpops,Age 5,new_H,E_to_I_rate=0.5,2.922716506345849,1.3687635460770626,5.086739228631723
2025-09-22,cumulative,all subpops,Age 5,new_H,E_to_I_rate=0.5,3.0561686917750865,1.4648631506291447,5.338080386954618
2025-09-23,cumulative,all subpops,Age 5,new_H,E_to_I_rate=0.5,3.2013932623795647,1.5394398032144494,5.582156230810954
2025-09-24,cumulative,all subpops,Age 5,new_H,E_to_I_rate=0.5,3.3374014402464147,1.6306329979779166,5.811288780456322
2025-09-25,cumulative,all subpops,Age 5,new_H,E_to_I_rate=0.5,3.476427754444969,1.7385495398464264,6.040239804383612
2025-09-26,cumulative,all subpops,Age 5,new_H,E_to_I_rate=0.5,3.6202093605890333,1.8279275011318175,6.269653611939956
2025-09-27,cumulative,all subpops,Age 5,new_H,E_to_I_rate=0.5,3.7624191460638974,1.916683317544153,6.479080347617247
2025-09-28,cumulative,all subpops,Age 5,new_H,E_to_I_rate=0.5,3.8869180810674804,2.001728441634687,6.682301292784722
2025-09-29,cumulative,all subpops,Age 5,new_H,E_to_I_rate=0.5,4.034581439275716,2.08306629497286,6.922950725034803
2025-09-30,cumulative,all subpops,Age 5,new_H,E_to_I_rate=0.5,4.148260441544442,2.163428923967178,7.125075329556037
2025-10-01,cumulative,all subpops,Age 5,new_H,E_to_I_rate=0.5,4.276579650921755,2.2452397225165006,7.3251829593226745
2025-10-02,cumulative,all subpops,Age 5,new_H,E_to_I_rate=0.5,4.407106723107004,2.3365236016179396,7.529517679134383
2025-10-03,cumulative,all subpops,Age 5,new_H,E_to_I_rate=0.5,4.5474270130207355,2.4362613491708083,7.741187473954308
2025-10-04,cumulative,all subpops,Age 5,new_H,E_to_I_rate=0.5,4.687443952276258,2.542733546359094,7.958793535886742
2025-10-05,cumulative,all subpops,Age 5,new_H,E_to_I_rate=0.5,4.853936143748777,2.650269948834807,8.09422354990086
2025-10-06,cumulative,all subpops,Age 5,new_H,E_to_I_rate=0.5,5.000869498639871,2.749788534124924,8.256530033298546
2025-10-07,cumulative,all subpops,Age 5,new_H,E_to_I_rate=0.5,5.142839155856754,2.8394987092000044,8.437449113713264
2025-10-08,cumulative,all subpops,Age 5,new_H,E_to_I_rate=0.5,5.271255498076918,2.9334893035897704,8.616854491920249
2025-10-09,cumulative,all subpops,Age 5,new_H,E_to_I_rate=0.5,5.419242900195947,3.035072254341046,8.80806515510735
2025-10-10,cumulative,all subpops,Age 5,new_H,E_to_I_rate=0.5,5.5799982043358884,3.144978091080084,9.081202930366894
2025-10-11,cumulative,all subpops,Age 5,new_H,E_to_I_rate=0.5,5.763275344087565,3.2710529331533817,9.325135052233005
2025-10-12,cumulative,all subpops,Age 5,new_H,E_to_I_rate=0.5,5.919975338209355,3.392109420956511,9.510031843067424
2025-10-13,cumulative,all subpops,Age 5,new_H,E_to_I_rate=0.5,6.0720858571897764,3.516544483892742,9.819872980546261
2025-10-14,cumulative,all subpops,Age 5,new_H,E_to_I_rate=0.5,6.22594890346537,3.646816731464356,10.072361507205962
2025-10-15,cumulative,all subpops,Age 5,new_H,E_to_I_rate=0.5,6.3939243109335475,3.7697382731965683,10.3491563242935
2025-10-16,cumulative,all subpops,Age 5,new_H,E_to_I_rate=0.5,6.574139296281455,3.912362323448203,10.635413019374797
2025-10-17,cumulative,all subpops,Age 5,new_H,E_to_I_rate=0.5,6.747497246679794,4.079622218912321,10.90175076114024
2025-10-18,cumulative,all subpops,Age 5,new_H,E_to_I_rate=0.5,6.963323078512209,4.201041379958642,11.190702622746727
2025-10-19,cumulative,all subpops,Age 5,new_H,E_to_I_rate=0.5,7.154482632671648,4.365839314017718,11.4714503002196
2025-10-20,cumulative,all subpops,Age 5,new_H,E_to_I_rate=0.5,7.36090467369819,4.5027578436339075,11.743122471531894
2025-10-21,cumulative,all subpops,Age 5,new_H,E_to_I_rate=0.5,7.5449388223653635,4.616641701189297,12.013776162032302
2025-10-22,cumulative,all subpops,Age 5,new_H,E_to_I_rate=0.5,7.756267645319286,4.761508224250368,12.340207248488134
2025-10-23,cumulative,all subpops,Age 5,new_H,E_to_I_rate=0.5,7.970173987721879,4.958725060768662,12.656954423129994
2025-10-24,cumulative,all subpops,Age 5,new_H,E_to_I_rate=0.5,8.230804582995454,5.149084823785681,13.03004330701018
2025-10-25,cumulative,all subpops,Age 5,new_H,E_to_I_rate=0.5,8.513528655563558,5.349365013272758,13.338852902073109
2025-10-26,cumulative,all subpops,Age 5,new_H,E_to_I_rate=0.5,8.782912190043007,5.548065519713271,13.720280174545245
2025-10-27,cumulative,all subpops,Age 5,new_H,E_to_I_rate=0.5,9.060900543395686,5.731511492976477,14.090613028735506
2025-10-28,cumulative,all subpops,Age 5,new_H,E_to_I_rate=0.5,9.358577514542997,5.9182150465241286,14.460247080558895
2025-10-29,cumulative,all subpops,Age 5,new_H,E_to_I_rate=0.5,9.655321670365977,6.106330667332124,14.768288731055568
2025-10-30,cumulative,all subpops,Age 5,new_H,E_to_I_rate=0.5,9.966466062389458,6.354617382015439,15.098645786427578
2025-10-31,cumulative,all subpops,Age 5,new_H,E_to_I_rate=0.5,10.289813910034269,6.5903609391409,15.61112710502091
2025-11-01,cumulative,all subpops,Age 5,new_H,E_to_I_rate=0.5,10.636916656955783,6.826531486729539,16.144503455944697
2025-11-02,cumulative,all subpops,Age 5,new_H,E_to_I_rate=0.5,10.96715417066467,7.06865460470169,16.794207987080327
2025-11-03,cumulative,all subpops,Age 5,new_H,E_to_I_rate=0.5,11.300991933307188,7.309157513972627,17.290003323017675
2025-11-04,cumulative,all subpops,Age 5,new_H,E_to_I_rate=0.5,11.644123084529825,7.538739049739669,17.705637562117257
2025-11-05,cumulative,all subpops,Age 5,new_H,E_to_I_rate=0.5,12.037230973980968,7.841311953973376,18.21127688936019
2025-11-06,cumulative,all subpops,Age 5,new_H,E_to_I_rate=0.5,12.43117968875934,8.150296525891934,18.733588283420698
2025-11-07,cumulative,all subpops,Age 5,new_H,E_to_I_rate=0.5,12.914025611527563,8.49959383128077,19.30264587989743
2025-11-08,cumulative,all subpops,Age 5,new_H,E_to_I_rate=0.5,13.431246024565578,8.890406677266277,19.918376460529963
2025-11-09,cumulative,all subpops,Age 5,new_H,E_to_I_rate=0.5,13.98235520612381,9.29392756605774,20.746057238841395
2025-11-10,cumulative,all subpops,Age 5,new_H,E_to_I_rate=0.5,14.520419489033939,9.685867595792317,21.481727881864657
2025-11-11,cumulative,all subpops,Age 5,new_H,E_to_I_rate=0.5,15.04818625003918,10.139643595214576,22.330775355360686
2025-11-12,cumulative,all subpops,Age 5,new_H,E_to_I_rate=0.5,15.645865274060263,10.624678582663638,23.06697236450279
2025-11-13,cumulative,all subpops,Age 5,new_H,E_to_I_rate=0.5,16.332663456592613,11.143174548944206,23.842871970176923
2025-11-14,cumulative,all subpops,Age 5,new_H,E_to_I_rate=0.5,17.072004498196836,11.712873188270265,24.669124623116613
2025-11-15,cumulative,all subpops,Age 5,new_H,E_to_I_rate=0.5,17.836900161337468,12.265617484706762,25.663141144916064
2025-11-16,cumulative,all subpops,Age 5,new_H,E_to_I_rate=0.5,18.665155039615712,12.887878480216813,26.425863448566528
2025-11-17,cumulative,all subpops,Age 5,new_H,E_to_I_rate=0.5,19.482522781112472,13.59990625079254,27.44006944808284
2025-11-18,cumulative,all subpops,Age 5,new_H,E_to_I_rate=0.5,20.363091127459498,14.283590602394826,28.548125309871814
2025-11-19,cumulative,all subpops,Age 5,new_H,E_to_I_rate=0.5,21.34949105206425,15.060920189100152,29.812858427353884
2025-11-20,cumulative,all subpops,Age 5,new_H,E_to_I_rate=0.5,22.419810695582072,15.904358617844148,31.218229186459304
2025-11-21,cumulative,all subpops,Age 5,new_H,E_to_I_rate=0.5,23.68470185344139,16.87257776241461,32.40200375809671
2025-11-22,cumulative,all subpops,Age 5,new_H,E_to_I_rate=0.5,24.935171525819122,17.905083146754986,33.703270761287904
2025-11-23,cumulative,all subpops,Age 5,new_H,E_to_I_rate=0.5,26.29261899928283,18.87568326031307,35.18765390021266
2025-11-24,cumulative,all subpops,Age 5,new_H,E_to_I_rate=0.5,27.718440311766564,20.047481723070852,36.922422519502106
2025-11-25,cumulative,all subpops,Age 5,new_H,E_to_I_rate=0.5,29.176069996475384,21.216916565597252,38.68107816652502
2025-11-26,cumulative,all subpops,Age 5,new_H,E_to_I_rate=0.5,30.752546703094296,22.65652052908538,40.62536178638892
2025-11-27,cumulative,all subpops,Age 5,new_H,E_to_I_rate=0.5,32.47074175428442,23.941050111532025,42.5026239855557
2025-11-28,cumulative,all subpops,Age 5,new_H,E_to_I_rate=0.5,34.302039834492234,25.480907797745438,44.809902253224365
2025-11-29,cumulative,all subpops,Age 5,new_H,E_to_I_rate=0.5,36.28807810226154,26.899985470834878,47.21608128396353
2025-11-30,cumulative,all subpops,Age 5,new_H,E_to_I_rate=0.5,38.253067284943036,28.40748550512163,49.7798847481609
2025-12-01,cumulative,all subpops,Age 5,new_H,E_to_I_rate=0.5,40.348981018433435,30.050132699631714,52.349058975551436
2025-12-02,cumulative,all subpops,Age 5,new_H,E_to_I_rate=0.5,42.57086572840073,31.606588724737843,55.223596636017454
2025-12-03,cumulative,all subpops,Age 5,new_H,E_to_I_rate=0.5,45.02990817393583,33.47335006644064,58.40829477468081
2025-12-04,cumulative,all subpops,Age 5,new_H,E_to_I_rate=0.5,47.79834589814267,35.67419235935912,61.80099344292772
2025-12-05,cumulative,all subpops,Age 5,new_H,E_to_I_rate=0.5,50.99054167138314,38.21442267454017,65.52250715085299
2025-12-06,cumulative,all subpops,Age 5,new_H,E_to_I_rate=0.5,54.60111581853823,41.011847250054714,70.17924064616983
2025-12-07,cumulative,all subpops,Age 5,new_H,E_to_I_rate=0.5,58.335233496029375,43.779685464994046,75.08978883825196
2025-12-08,cumulative,all subpops,Age 5,new_H,E_to_I_rate=0.5,62.07438140176953,46.69921563498712,80.23032155571124
2025-12-09,cumulative,all subpops,Age 5,new_H,E_to_I_rate=0.5,66.11028705749132,49.92542733467066,85.61148239428233
2025-12-10,cumulative,all subpops,Age 5,new_H,E_to_I_rate=0.5,70.67495704334807,53.99181944106347,91.09040377066805
2025-12-11,cumulative,all subpops,Age 5,new_H,E_to_I_rate=0.5,76.10228713449189,58.35907483482363,97.35625534410177
2025-12-12,cumulative,all subpops,Age 5,new_H,E_to_I_rate=0.5,82.17164148116015,63.72876568801278,105.62426591175544
2025-12-13,cumulative,all subpops,Age 5,new_H,E_to_I_rate=0.5,89.09412185179275,69.19449688753328,114.55327221570768
2025-12-14,cumulative,all subpops,Age 5,new_H,E_to_I_rate=0.5,96.64155794127356,74.68504782906193,123.7715822966404
2025-12-15,cumulative,all subpops,Age 5,new_H,E_to_I_rate=0.5,104.21331385767482,80.99437233873378,133.24602262893785
2025-12-16,cumulative,all subpops,Age 5,new_H,E_to_I_rate=0.5,112.70426762225156,87.74961982968779,143.68862654684784
2025-12-17,cumulative,all subpops,Age 5,new_H,E_to_I_rate=0.5,122.57423115868974,95.13124336759955,155.61420338340966
2025-12-18,cumulative,all subpops,Age 5,new_H,E_to_I_rate=0.5,133.7142648313046,103.98888927882825,169.12392176539697
2025-12-19,cumulative,all subpops,Age 5,new_H,E_to_I_rate=0.5,146.1184531503157,113.37373753014487,184.6331017412761
2025-12-20,cumulative,all subpops,Age 5,new_H,E_to_I_rate=0.5,160.00939342305932,124.44551323673214,202.066699096609
2025-12-21,cumulative,all subpops,Age 5,new_H,E_to_I_rate=0.5,174.7070527556938,135.9775126144089,221.4091027021872
2025-12-22,cumulative,all subpops,Age 5,new_H,E_to_I_rate=0.5,189.83393630124726,148.2091443071895,241.4614593555043
2025-12-23,cumulative,all subpops,Age 5,new_H,E_to_I_rate=0.5,206.40466407418648,160.74921899587605,260.7056871734995
2025-12-24,cumulative,all subpops,Age 5,new_H,E_to_I_rate=0.5,224.75653952151168,174.23880623321782,284.79759061128453
2025-12-25,cumulative,all subpops,Age 5,new_H,E_to_I_rate=0.5,244.73564174495834,189.94422119840422,309.17060097498825
2025-12-26,cumulative,all subpops,Age 5,new_H,E_to_I_rate=0.5,265.1991845218541,206.45725297699087,334.350129810282
2025-12-27,cumulative,all subpops,Age 5,new_H,E_to_I_rate=0.5,286.58612493483633,223.15957129995917,360.85700470192654
2025-12-28,cumulative,all subpops,Age 5,new_H,E_to_I_rate=0.5,307.6807224056423,240.22521277863802,387.3816338996814
2025-12-29,cumulative,all subpops,Age 5,new_H,E_to_I_rate=0.5,327.4407477857252,256.59024965822323,412.978779005028
2025-12-30,cumulative,all subpops,Age 5,new_H,E_to_I_rate=0.5,347.1504619023775,272.5883575359725,438.23302988247116
2025-12-31,cumulative,all subpops,Age 5,new_H,E_to_I_rate=0.5,367.256011943111,287.9387745891139,463.6773988091986
2026-01-01,cumulative,all subpops,Age 5,new_H,E_to_I_rate=0.5,387.05535913534345,303.3418024458766,489.12741805123653
2026-01-02,cumulative,all subpops,Age 5,new_H,E_to_I_rate=0.5,407.3919489767501,317.8174292599697,513.592767318516
2026-01-03,cumulative,all subpops,Age 5,new_H,E_to_I_rate=0.5,426.9511926293517,332.5224906964913,536.7904372382557
2026-01-04,cumulative,all subpops,Age 5,new_H,E_to_I_rate=0.5,444.6290237161537,347.1285833527446,558.8330903260006
2026-01-05,cumulative,all subpops,Age 5,new_H,E_to_I_rate=0.5,461.6572809611007,360.48748910375605,579.1262341218019
2026-01-06,cumulative,all subpops,Age 5,new_H,E_to_I_rate=0.5,477.6466673643328,372.72921012529554,598.2090055043923
2026-01-07,cumulative,all subpops,Age 5,new_H,E_to_I_rate=0.5,492.60606296752394,384.7258124342231,616.3253754467644
2026-01-08,cumulative,all subpops,Age 5,new_H,E_to_I_rate=0.5,507.6850953223832,396.3859379466408,634.0425035169072
2026-01-09,cumulative,all subpops,Age 5,new_H,E_to_I_rate=0.5,522.0359846938051,407.9022453981924,651.1246106629745
2026-01-10,cumulative,all subpops,Age 5,new_H,E_to_I_rate=0.5,535.6924108376154,419.16007116112075,667.276151321961
2026-01-11,cumulative,all subpops,Age 5,new_H,E_to_I_rate=0.5,547.7122944395367,429.7798365284479,683.2740906855424
2026-01-12,cumulative,all subpops,Age 5,new_H,E_to_I_rate=0.5,558.9488021166349,438.84514129957773,698.8653539799443
2026-01-13,cumulative,all subpops,Age 5,new_H,E_to_I_rate=0.5,569.3038880712522,447.49238353446833,713.0342729371448
2026-01-14,cumulative,all subpops,Age 5,new_H,E_to_I_rate=0.5,579.300507797208,455.6962985480464,724.9179509949345
2026-01-15,cumulative,all subpops,Age 5,new_H,E_to_I_rate=0.5,588.2220097990165,463.46750181142835,736.0454039128517
2026-01-16,cumulative,all subpops,Age 5,new_H,E_to_I_rate=0.5,596.7707938022918,470.83725568603717,747.8886475543053
2026-01-17,cumulative,all subpops,Age 5,new_H,E_to_I_rate=0.5,605.4676018396881,477.821445375926,759.1509602524316
2026-01-18,cumulative,all subpops,Age 5,new_H,E_to_I_rate=0.5,613.147813551195,484.28575625975054,769.509139151377
2026-01-19,cumulative,all subpops,Age 5,new_H,E_to_I_rate=0.5,619.6886088288477,490.0810694385705,777.4881838096484
2026-01-20,cumulative,all subpops,Age 5,new_H,E_to_I_rate=0.5,626.0942708854113,495.34710341536265,784.2722916334036
2026-01-21,cumulative,all subpops,Age 5,new_H,E_to_I_rate=0.5,631.7643021616789,500.1794749956728,790.4378175549074
2026-01-22,cumulative,all subpops,Age 5,new_H,E_to_I_rate=0.5,637.050805367876,504.42594996654225,796.0704949750784
2026-01-23,cumulative,all subpops,Age 5,new_H,E_to_I_rate=0.5,642.6036805169808,508.26430481735207,801.5838787296951
2026-01-24,cumulative,all subpops,Age 5,new_H,E_to_I_rate=0.5,647.8182425791641,511.8458132398252,808.0112850809296
2026-01-25,cumulative,all subpops,Age 5,new_H,E_to_I_rate=0.5,652.208130958656,515.1164913310636,813.87541853217
2026-01-26,cumulative,all subpops,Age 5,new_H,E_to_I_rate=0.5,656.3215021562588,518.293460939079,819.1761426739203
2026-01-27,cumulative,all subpops,Age 5,new_H,E_to_I_rate=0.5,660.0470137782368,521.3345883064428,823.9641371216344
2026-01-28,cumulative,all subpops,Age 5,new_H,E_to_I_rate=0.5,663.1380390829892,523.9773926422649,828.5488393562872
2026-01-29,cumulative,all subpops,Age 5,new_H,E_to_I_rate=0.5,666.4787497957684,526.9929238598769,832.7824736371753
2026-01-30,cumulative,all subpops,Age 5,new_H,E_to_I_rate=0.5,669.7719631407107,530.0660296208507,836.8670518468347
2026-01-31,cumulative,all subpops,Age 5,new_H,E_to_I_rate=0.5,672.7310004899548,533.0869834789172,840.7373535987281
2026-02-01,cumulative,all subpops,Age 5,new_H,E_to_I_rate=0.5,675.4731772659525,535.9583184192081,844.2939644150123
2026-02-02,cumulative,all subpops,Age 5,new_H,E_to_I_rate=0.5,677.8504613762509,538.6350431146088,847.4951048127524
2026-02-03,cumulative,all subpops,Age 5,new_H,E_to_I_rate=0.5,680.2225902298228,540.6913845882242,850.4311412700275
2026-02-04,cumulative,all subpops,Age 5,new_H,E_to_I_rate=0.5,682.9304781772523,542.5057248674448,853.1810695680989
2026-02-05,cumulative,all subpops,Age 5,new_H,E_to_I_rate=0.5,685.1588392001586,544.3038283595386,855.792862100334
2026-02-06,cumulative,all subpops,Age 5,new_H,E_to_I_rate=0.5,687.4457076855344,546.0971439852401,858.2990654406437
2026-02-07,cumulative,all subpops,Age 5,new_H,E_to_I_rate=0.5,689.9332974218751,547.877601204927,860.706919800685
2026-02-08,cumulative,all subpops,Age 5,new_H,E_to_I_rate=0.5,692.3690048653572,549.5798545601875,862.9540479308765
2026-02-09,cumulative,all subpops,Age 5,new_H,E_to_I_rate=0.5,694.6179303110926,551.175555347423,865.0220632138986
2026-02-10,cumulative,all subpops,Age 5,new_H,E_to_I_rate=0.5,696.4103807923987,552.716275427169,867.3014330409989
2026-02-11,cumulative,all subpops,Age 5,new_H,E_to_I_rate=0.5,698.5503117427378,554.2369375417528,869.6634979723303
2026-02-12,cumulative,all subpops,Age 5,new_H,E_to_I_rate=0.5,700.8734681553742,555.7486929765743,871.9944740738758
2026-02-13,cumulative,all subpops,Age 5,new_H,E_to_I_rate=0.5,702.9363434856439,557.565046917939,874.3173599201456
2026-02-14,cumulative,all subpops,Age 5,new_H,E_to_I_rate=0.5,704.660292240557,558.9172278775927,876.6360194793081
2026-02-15,cumulative,all subpops,Age 5,new_H,E_to_I_rate=0.5,706.735312441481,560.2205513276394,878.8664256431907
2026-02-16,cumulative,all subpops,Age 5,new_H,E_to_I_rate=0.5,708.5521776867809,561.4670771239411,880.9676782032464
2026-02-17,cumulative,all subpops,Age 5,new_H,E_to_I_rate=0.5,710.1017650098263,562.7386487091296,883.0020591272076
2026-02-18,cumulative,all subpops,Age 5,new_H,E_to_I_rate=0.5,711.6027419856432,563.9826715074015,885.0003293105427
2026-02-19,cumulative,all subpops,Age 5,new_H,E_to_I_rate=0.5,713.0649916789805,565.2078119896713,886.9799763370813
2026-02-20,cumulative,all subpops,Age 5,new_H,E_to_I_rate=0.5,714.5250401580404,566.4189779881629,888.9446945025238
2026-02-21,cumulative,all subpops,Age 5,new_H,E_to_I_rate=0.5,716.0047650307785,567.6085511631004,890.875744363704
2026-02-22,cumulative,all subpops,Age 5,new_H,E_to_I_rate=0.5,717.408252313222,568.7349133177755,892.7012961313335
2026-02-23,cumulative,all subpops,Age 5,new_H,E_to_I_rate=0.5,718.7110411032704,569.7805714025843,894.3889956892226
2026-02-24,cumulative,all subpops,Age 5,new_H,E_to_I_rate=0.5,719.955424346171,570.7892860849374,895.9910710537156
2026-02-25,cumulative,all subpops,Age 5,new_H,E_to_I_rate=0.5,721.1785211278359,571.788519535723,897.5537497420275
2026-02-26,cumulative,all subpops,Age 5,new_H,E_to_I_rate=0.5,722.3951996328008,572.7917613042218,899.0936575774635
2026-02-27,cumulative,all subpops,Age 5,new_H,E_to_I_rate=0.5,723.5108047509948,573.8077605175415,900.6177497839437
2026-02-28,cumulative,all subpops,Age 5,new_H,E_to_I_rate=0.5,724.5701550156477,574.8371642479879,902.1221346462493
2026-03-01,cumulative,all subpops,Age 5,new_H,E_to_I_rate=0.5,725.6752030692303,575.8387712162465,903.5509872624637
2026-03-02,cumulative,all subpops,Age 5,new_H,E_to_I_rate=0.5,726.710741184168,576.7945203093439,904.8793987537886
2026-03-03,cumulative,all subpops,Age 5,new_H,E_to_I_rate=0.5,727.7154457921683,577.7453350081116,906.1540478203373
2026-03-04,cumulative,all subpops,Age 5,new_H,E_to_I_rate=0.5,728.7130377945623,578.7151734248357,907.4053514975049
2026-03-05,cumulative,all subpops,Age 5,new_H,E_to_I_rate=0.5,729.7098922250743,579.7089692683603,908.6436961861458
2026-03-06,cumulative,all subpops,Age 5,new_H,E_to_I_rate=0.5,730.708006442384,580.7265518297316,909.8744088284797
2026-03-07,cumulative,all subpops,Age 5,new_H,E_to_I_rate=0.5,731.663711522328,581.7891057784125,911.1260707205087
2026-03-08,cumulative,all subpops,Age 5,new_H,E_to_I_rate=0.5,732.5280666284068,582.8305634540147,912.5838030802045
2026-03-09,cumulative,all subpops,Age 5,new_H,E_to_I_rate=0.5,733.3345048734459,583.8153066901443,913.9422417651303
2026-03-10,cumulative,all subpops,Age 5,new_H,E_to_I_rate=0.5,734.1226571608399,584.7717380231885,915.239055223746
2026-03-11,cumulative,all subpops,Age 5,new_H,E_to_I_rate=0.5,734.9428202228448,585.7206001964414,916.5113424369854
2026-03-12,cumulative,all subpops,Age 5,new_H,E_to_I_rate=0.5,735.7970240775862,586.5470436750223,917.7675404152806
2026-03-13,cumulative,all subpops,Age 5,new_H,E_to_I_rate=0.5,736.6306199290821,587.238130157647,919.0176961101655
2026-03-14,cumulative,all subpops,Age 5,new_H,E_to_I_rate=0.5,737.4457697853634,588.0609973567329,920.2670572547357
2026-03-15,cumulative,all subpops,Age 5,new_H,E_to_I_rate=0.5,738.2158351883916,588.8654957840574,921.4694312965499
2026-03-16,cumulative,all subpops,Age 5,new_H,E_to_I_rate=0.5,738.9268254966287,589.6127055325402,922.5980185727691
2026-03-17,cumulative,all subpops,Age 5,new_H,E_to_I_rate=0.5,739.5952707686139,590.3168724718149,923.53566850023
2026-03-18,cumulative,all subpops,Age 5,new_H,E_to_I_rate=0.5,740.2418903935867,590.9980212489423,924.3506740234012
2026-03-19,cumulative,all subpops,Age 5,new_H,E_to_I_rate=0.5,740.8816439471004,591.6704422889337,925.1810323002909
2026-03-20,cumulative,all subpops,Age 5,new_H,E_to_I_rate=0.5,741.543112770164,592.3381116385299,926.0327295252763
2026-03-21,cumulative,all subpops,Age 5,new_H,E_to_I_rate=0.5,742.2793393898461,592.9948285950059,926.8991735778118
2026-03-22,cumulative,all subpops,Age 5,new_H,E_to_I_rate=0.5,742.9779635094985,593.6157589507412,927.7305796231752
2026-03-23,cumulative,all subpops,Age 5,new_H,E_to_I_rate=0.5,743.6258880791147,594.1888870686688,928.5190874103542
2026-03-24,cumulative,all subpops,Age 5,new_H,E_to_I_rate=0.5,744.2448451083087,594.7323241970817,929.2943686453935
2026-03-25,cumulative,all subpops,Age 5,new_H,E_to_I_rate=0.5,744.8541003034501,595.2621312834432,930.0808491181447
2026-03-26,cumulative,all subpops,Age 5,new_H,E_to_I_rate=0.5,745.4616329891783,595.7844209947654,930.8888336436042
2026-03-27,cumulative,all subpops,Age 5,new_H,E_to_I_rate=0.5,746.0680812531896,596.298744354085,931.7201259994671
2026-03-28,cumulative,all subpops,Age 5,new_H,E_to_I_rate=0.5,746.6732752733208,596.8044357645929,932.5733008354231
2026-03-29,cumulative,all subpops,Age 5,new_H,E_to_I_rate=0.5,747.2583160632499,597.2868043124482,933.4157330613725
2026-03-30,cumulative,all subpops,Age 5,new_H,E_to_I_rate=0.5,747.8382757257477,597.7375082546374,934.2288235889221
2026-03-31,cumulative,all subpops,Age 5,new_H,E_to_I_rate=0.5,748.4565549542499,598.1665512075384,935.0358345334062
2026-04-01,cumulative,all subpops,Age 5,new_H,E_to_I_rate=0.5,749.072742447501,598.5806734253441,935.8509837606175
2026-04-02,cumulative,all subpops,Age 5,new_H,E_to_I_rate=0.5,749.6892011260193,598.983438434549,936.6780586737161
2026-04-03,cumulative,all subpops,Age 5,new_H,E_to_I_rate=0.5,750.2358910756707,599.3795132303012,937.5202766563859
2026-04-04,cumulative,all subpops,Age 5,new_H,E_to_I_rate=0.5,751.0573428854975,599.7673859907333,938.3686184926407
2026-04-05,cumulative,all subpops,Age 5,new_H,E_to_I_rate=0.5,751.8102985569099,600.1337341725928,939.1856347775606
2026-04-06,cumulative,all subpops,Age 5,new_H,E_to_I_rate=0.5,752.521449971216,600.4729427941721,939.9517583280723
2026-04-07,cumulative,all subpops,Age 5,new_H,E_to_I_rate=0.5,753.2182948549176,600.7986948959772,940.690528257635
2026-04-08,cumulative,all subpops,Age 5,new_H,E_to_I_rate=0.5,753.9214405280438,601.1216314637392,941.4195431686833
2026-04-09,cumulative,all subpops,Age 5,new_H,E_to_I_rate=0.5,754.6401474490516,601.4473472928406,942.1452402385319
2026-04-10,cumulative,all subpops,Age 5,new_H,E_to_I_rate=0.5,755.3736555304338,601.7773173371143,942.866781849738
2026-04-11,cumulative,all subpops,Age 5,new_H,E_to_I_rate=0.5,756.109813793218,602.1080987738613,943.5750700335497
2026-04-12,cumulative,all subpops,Age 5,new_H,E_to_I_rate=0.5,756.6695780627292,602.4264546127143,944.2427242221686
2026-04-13,cumulative,all subpops,Age 5,new_H,E_to_I_rate=0.5,757.3356638525056,602.7260924336935,944.8562425309665
2026-04-14,cumulative,all subpops,Age 5,new_H,E_to_I_rate=0.5,757.9737750803965,603.0140346256368,945.4279849286606
2026-04-15,cumulative,all subpops,Age 5,new_H,E_to_I_rate=0.5,758.5948736625818,603.2953371877493,945.9693554461298
2026-04-16,cumulative,all subpops,Age 5,new_H,E_to_I_rate=0.5,759.2038795496057,603.5718500089048,946.4815192456189
2026-04-17,cumulative,all subpops,Age 5,new_H,E_to_I_rate=0.5,759.8033668228838,603.84419508406,946.9629785480032
2026-04-18,cumulative,all subpops,Age 5,new_H,E_to_I_rate=0.5,760.3671552577629,604.1114863816105,947.4264702558991
2026-04-19,cumulative,all subpops,Age 5,new_H,E_to_I_rate=0.5,760.7709576394736,604.3650183824709,947.859961533592
2026-04-20,cumulative,all subpops,Age 5,new_H,E_to_I_rate=0.5,761.1997768066642,604.6012469045718,948.2593925057819
2026-04-21,cumulative,all subpops,Age 5,new_H,E_to_I_rate=0.5,761.648269832812,604.8325242016352,948.6397057340293
2026-04-22,cumulative,all subpops,Age 5,new_H,E_to_I_rate=0.5,762.0805530327114,605.0648653762154,949.0123998340586
2026-04-23,cumulative,all subpops,Age 5,new_H,E_to_I_rate=0.5,762.4989264502913,605.2956571313176,949.5258480221509
2026-04-24,cumulative,all subpops,Age 5,new_H,E_to_I_rate=0.5,762.9032332307233,605.5243223866194,950.0544604749134
2026-04-25,cumulative,all subpops,Age 5,new_H,E_to_I_rate=0.5,763.2913072075014,605.7493723850944,950.5292802149368
2026-04-26,cumulative,all subpops,Age 5,new_H,E_to_I_rate=0.5,763.6292360998528,605.9625953814226,950.8201257000095
2026-04-27,cumulative,all subpops,Age 5,new_H,E_to_I_rate=0.5,763.8565541523891,606.1597782836141,951.0878122940962
2026-04-28,cumulative,all subpops,Age 5,new_H,E_to_I_rate=0.5,764.0732410078145,606.346504214846,951.3397026510992
2026-04-29,cumulative,all subpops,Age 5,new_H,E_to_I_rate=0.5,764.2860785676654,606.5284751788629,951.5825780412388
2026-04-30,cumulative,all subpops,Age 5,new_H,E_to_I_rate=0.5,764.4987615051721,606.709325643147,951.8515472653304
2026-05-01,cumulative,all subpops,Age 5,new_H,E_to_I_rate=0.5,764.7140308659434,606.8921992908281,952.212575419773
2026-05-02,cumulative,all subpops,Age 5,new_H,E_to_I_rate=0.5,764.9515051426706,607.0794323169029,952.590668362158
2026-05-03,cumulative,all subpops,Age 5,new_H,E_to_I_rate=0.5,765.2538193647401,607.2649123636371,952.9708120559709
2026-05-04,cumulative,all subpops,Age 5,new_H,E_to_I_rate=0.5,765.5503341335724,607.4469857417292,953.3470647933228
2026-05-05,cumulative,all subpops,Age 5,new_H,E_to_I_rate=0.5,765.8548660056717,607.6359072417001,953.7390431985443
2026-05-06,cumulative,all subpops,Age 5,new_H,E_to_I_rate=0.5,766.1779186278136,607.8399336306296,954.163012929682
2026-05-07,cumulative,all subpops,Age 5,new_H,E_to_I_rate=0.5,766.5266214157975,608.066108309251,954.6312096463805
2026-05-08,cumulative,all subpops,Age 5,new_H,E_to_I_rate=0.5,766.9109853559544,608.3257095639865,955.1595874727651
2025-09-01,daily,all subpops,Age 6,new_H,E_to_I_rate=0.5,0.41119730407526733,0.1823375845316166,0.7715558274434917
2025-09-02,daily,all subpops,Age 6,new_H,E_to_I_rate=0.5,0.9840681918217697,0.4365968173351617,1.8444166862774873
2025-09-03,daily,all subpops,Age 6,new_H,E_to_I_rate=0.5,1.1913360385392777,0.5294127331686332,2.2261801758621482
2025-09-04,daily,all subpops,Age 6,new_H,E_to_I_rate=0.5,1.2313520512554716,0.5522101653476257,2.3032245867030494
2025-09-05,daily,all subpops,Age 6,new_H,E_to_I_rate=0.5,1.203077269501418,0.5470011694734426,2.2512515777023765
2025-09-06,daily,all subpops,Age 6,new_H,E_to_I_rate=0.5,1.1565466452839899,0.5293340802281128,2.14716795587158
2025-09-07,daily,all subpops,Age 6,new_H,E_to_I_rate=0.5,1.1014061620935074,0.5024791351215881,2.007806401517276
2025-09-08,daily,all subpops,Age 6,new_H,E_to_I_rate=0.5,1.0324700994790361,0.473809493931277,1.8568665953078418
2025-09-09,daily,all subpops,Age 6,new_H,E_to_I_rate=0.5,0.9802326156594955,0.45752913714792554,1.7597013251005698
2025-09-10,daily,all subpops,Age 6,new_H,E_to_I_rate=0.5,0.9463269540971038,0.44290600343098474,1.6795994174033295
2025-09-11,daily,all subpops,Age 6,new_H,E_to_I_rate=0.5,0.9209486851612096,0.4362079210167577,1.6046168831117678
2025-09-12,daily,all subpops,Age 6,new_H,E_to_I_rate=0.5,0.8992576934592689,0.4397261609965319,1.5381422084805014
2025-09-13,daily,all subpops,Age 6,new_H,E_to_I_rate=0.5,0.8824420521688555,0.4379903669943097,1.5001750809312706
2025-09-14,daily,all subpops,Age 6,new_H,E_to_I_rate=0.5,0.8558421889756691,0.4301632890168138,1.4611464179291367
2025-09-15,daily,all subpops,Age 6,new_H,E_to_I_rate=0.5,0.8351274842390168,0.4246863207254811,1.399290529395372
2025-09-16,daily,all subpops,Age 6,new_H,E_to_I_rate=0.5,0.814113389456812,0.4244587431402348,1.3593836576143696
2025-09-17,daily,all subpops,Age 6,new_H,E_to_I_rate=0.5,0.8030957661236571,0.42372688595328606,1.3511284318863612
2025-09-18,daily,all subpops,Age 6,new_H,E_to_I_rate=0.5,0.7974908649479229,0.41296800822774304,1.304636778631297
2025-09-19,daily,all subpops,Age 6,new_H,E_to_I_rate=0.5,0.7910401348163674,0.4152144153979098,1.2980092046043783
2025-09-20,daily,all subpops,Age 6,new_H,E_to_I_rate=0.5,0.7922173296026294,0.4162153593936862,1.2940070486492543
2025-09-21,daily,all subpops,Age 6,new_H,E_to_I_rate=0.5,0.7895427829322715,0.4175424570575662,1.294109555556444
2025-09-22,daily,all subpops,Age 6,new_H,E_to_I_rate=0.5,0.7807567216417579,0.4166824954635477,1.2886713475446376
2025-09-23,daily,all subpops,Age 6,new_H,E_to_I_rate=0.5,0.7713715513762069,0.41532172960791547,1.280449483445628
2025-09-24,daily,all subpops,Age 6,new_H,E_to_I_rate=0.5,0.7647500969939296,0.4105490291623854,1.2640630577267327
2025-09-25,daily,all subpops,Age 6,new_H,E_to_I_rate=0.5,0.7605161834667977,0.40961207266683863,1.250394097915127
2025-09-26,daily,all subpops,Age 6,new_H,E_to_I_rate=0.5,0.7549736971801169,0.40545150221653475,1.2418719586914382
2025-09-27,daily,all subpops,Age 6,new_H,E_to_I_rate=0.5,0.7470351859039048,0.409102304286412,1.2111642729758254
2025-09-28,daily,all subpops,Age 6,new_H,E_to_I_rate=0.5,0.7328125655846288,0.4064087306525016,1.205654415599225
2025-09-29,daily,all subpops,Age 6,new_H,E_to_I_rate=0.5,0.7112004754575825,0.39863378676384476,1.1730048415758911
2025-09-30,daily,all subpops,Age 6,new_H,E_to_I_rate=0.5,0.6961175002776802,0.39273452434102396,1.1652445855789888
2025-10-01,daily,all subpops,Age 6,new_H,E_to_I_rate=0.5,0.6877464904126102,0.38396534253772424,1.1834106358922838
2025-10-02,daily,all subpops,Age 6,new_H,E_to_I_rate=0.5,0.6918586711637845,0.3827981278846509,1.1986034082697172
2025-10-03,daily,all subpops,Age 6,new_H,E_to_I_rate=0.5,0.707012447017743,0.3847441540100779,1.2152028450964407
2025-10-04,daily,all subpops,Age 6,new_H,E_to_I_rate=0.5,0.7241817572891258,0.38184908416870256,1.2326069573330358
2025-10-05,daily,all subpops,Age 6,new_H,E_to_I_rate=0.5,0.7298677992020348,0.3816845953071165,1.2737165875290137
2025-10-06,daily,all subpops,Age 6,new_H,E_to_I_rate=0.5,0.7269059612940837,0.378898967221604,1.259004604103865
2025-10-07,daily,all subpops,Age 6,new_H,E_to_I_rate=0.5,0.7340443090435376,0.37888517878807526,1.262737351307175
2025-10-08,daily,all subpops,Age 6,new_H,E_to_I_rate=0.5,0.7382222240197787,0.3789560588426681,1.2668516284537872
2025-10-09,daily,all subpops,Age 6,new_H,E_to_I_rate=0.5,0.747664080303303,0.38091206244936626,1.2852283664814108
2025-10-10,daily,all subpops,Age 6,new_H,E_to_I_rate=0.5,0.7804358656792971,0.39484412040336053,1.3293288741087814
2025-10-11,daily,all subpops,Age 6,new_H,E_to_I_rate=0.5,0.8226247918725826,0.41340681822346836,1.403831137918698
2025-10-12,daily,all subpops,Age 6,new_H,E_to_I_rate=0.5,0.8454203313690415,0.4273705575248525,1.4379811962742735
2025-10-13,daily,all subpops,Age 6,new_H,E_to_I_rate=0.5,0.8584077169243972,0.431547648995969,1.4490149186395969
2025-10-14,daily,all subpops,Age 6,new_H,E_to_I_rate=0.5,0.8778114543313151,0.4443986751188623,1.4466893318091023
2025-10-15,daily,all subpops,Age 6,new_H,E_to_I_rate=0.5,0.8981652727718299,0.45995330620645103,1.4807776898131704
2025-10-16,daily,all subpops,Age 6,new_H,E_to_I_rate=0.5,0.9267325412718559,0.4767102848625696,1.533052376204196
2025-10-17,daily,all subpops,Age 6,new_H,E_to_I_rate=0.5,0.9701531832596528,0.5012445917366105,1.6061157251716525
2025-10-18,daily,all subpops,Age 6,new_H,E_to_I_rate=0.5,1.0177444699421743,0.5321303847193135,1.6743340633546195
2025-10-19,daily,all subpops,Age 6,new_H,E_to_I_rate=0.5,1.061755515356332,0.5541909067144527,1.7213021567409306
2025-10-20,daily,all subpops,Age 6,new_H,E_to_I_rate=0.5,1.0810176036379824,0.5649526901651822,1.7329093037122432
2025-10-21,daily,all subpops,Age 6,new_H,E_to_I_rate=0.5,1.1003270957339502,0.5823987947416391,1.757917536143063
2025-10-22,daily,all subpops,Age 6,new_H,E_to_I_rate=0.5,1.1347930116167597,0.614502658846881,1.8160102345447293
2025-10-23,daily,all subpops,Age 6,new_H,E_to_I_rate=0.5,1.1714557756668813,0.6383401206090912,1.878093114919946
2025-10-24,daily,all subpops,Age 6,new_H,E_to_I_rate=0.5,1.2333003013771071,0.6719029396530983,1.9226359560114987
2025-10-25,daily,all subpops,Age 6,new_H,E_to_I_rate=0.5,1.3032727465045473,0.721863775943621,2.0145750246199645
2025-10-26,daily,all subpops,Age 6,new_H,E_to_I_rate=0.5,1.3553344339067608,0.769817404919469,2.0649167856323496
2025-10-27,daily,all subpops,Age 6,new_H,E_to_I_rate=0.5,1.3924867393060887,0.8026460096833983,2.141773036161359
2025-10-28,daily,all subpops,Age 6,new_H,E_to_I_rate=0.5,1.4421829605583802,0.8456170748632407,2.232509988907355
2025-10-29,daily,all subpops,Age 6,new_H,E_to_I_rate=0.5,1.5135314380604163,0.8926233026022835,2.316335952908573
2025-10-30,daily,all subpops,Age 6,new_H,E_to_I_rate=0.5,1.587822282159813,0.9472495402002131,2.412128330542573
2025-10-31,daily,all subpops,Age 6,new_H,E_to_I_rate=0.5,1.677625554489134,0.9988054315113539,2.5311546281466524
2025-11-01,daily,all subpops,Age 6,new_H,E_to_I_rate=0.5,1.772524446665984,1.052307496000157,2.658334385143459
2025-11-02,daily,all subpops,Age 6,new_H,E_to_I_rate=0.5,1.8519706464824253,1.1230176135360663,2.7533597150388998
2025-11-03,daily,all subpops,Age 6,new_H,E_to_I_rate=0.5,1.9252109080746669,1.1817307106707693,2.8664578260739386
2025-11-04,daily,all subpops,Age 6,new_H,E_to_I_rate=0.5,2.012586676194604,1.2474383964500373,3.0077747488052524
2025-11-05,daily,all subpops,Age 6,new_H,E_to_I_rate=0.5,2.1192024484690863,1.3394074665116327,3.1479924785736335
2025-11-06,daily,all subpops,Age 6,new_H,E_to_I_rate=0.5,2.2527748476435105,1.4461405378658143,3.310525553953023
2025-11-07,daily,all subpops,Age 6,new_H,E_to_I_rate=0.5,2.4082554269141068,1.5710584399981404,3.536367566013368
2025-11-08,daily,all subpops,Age 6,new_H,E_to_I_rate=0.5,2.5786448899905516,1.7287166334727908,3.657086760114096
2025-11-09,daily,all subpops,Age 6,new_H,E_to_I_rate=0.5,2.693483169800995,1.83702873443293,3.7986878940716844
2025-11-10,daily,all subpops,Age 6,new_H,E_to_I_rate=0.5,2.7871459451748217,1.9450406377628642,3.870108500882658
2025-11-11,daily,all subpops,Age 6,new_H,E_to_I_rate=0.5,2.8955198130199706,2.056070117378627,4.006067722627462
2025-11-12,daily,all subpops,Age 6,new_H,E_to_I_rate=0.5,3.074678572024251,2.1858893838204962,4.183868236007085
2025-11-13,daily,all subpops,Age 6,new_H,E_to_I_rate=0.5,3.2854145804084256,2.341699920252644,4.451388820568888
2025-11-14,daily,all subpops,Age 6,new_H,E_to_I_rate=0.5,3.5273294642519,2.5330087994541737,4.7386799077453565
2025-11-15,daily,all subpops,Age 6,new_H,E_to_I_rate=0.5,3.8003472916861765,2.76164498160378,5.1121772745483804
2025-11-16,daily,all subpops,Age 6,new_H,E_to_I_rate=0.5,4.03107668405556,2.9274994763336153,5.386070010542292
2025-11-17,daily,all subpops,Age 6,new_H,E_to_I_rate=0.5,4.2290711910390355,3.0803634002755893,5.676482769439103
2025-11-18,daily,all subpops,Age 6,new_H,E_to_I_rate=0.5,4.524250607317591,3.29855595676708,6.013929815083652
2025-11-19,daily,all subpops,Age 6,new_H,E_to_I_rate=0.5,4.89452782971384,3.5603121862621796,6.445216237612897
2025-11-20,daily,all subpops,Age 6,new_H,E_to_I_rate=0.5,5.2991715753736095,3.866831591385911,6.951114284659285
2025-11-21,daily,all subpops,Age 6,new_H,E_to_I_rate=0.5,5.795098673573899,4.246328978216904,7.533227515232888
2025-11-22,daily,all subpops,Age 6,new_H,E_to_I_rate=0.5,6.344980007543608,4.6948523448720625,8.208825325296417
2025-11-23,daily,all subpops,Age 6,new_H,E_to_I_rate=0.5,6.804077610682748,5.006828925377964,8.635576245747131
2025-11-24,daily,all subpops,Age 6,new_H,E_to_I_rate=0.5,7.230203339429149,5.440470420198401,8.994506480459984
2025-11-25,daily,all subpops,Age 6,new_H,E_to_I_rate=0.5,7.76911907006625,5.910738490049272,9.693299036467813
2025-11-26,daily,all subpops,Age 6,new_H,E_to_I_rate=0.5,8.391596647161627,6.461328118668972,10.384711888814259
2025-11-27,daily,all subpops,Age 6,new_H,E_to_I_rate=0.5,9.008284244080077,6.981876855269414,11.275092755512484
2025-11-28,daily,all subpops,Age 6,new_H,E_to_I_rate=0.5,9.585364836091449,7.41532482774344,11.949105803405844
2025-11-29,daily,all subpops,Age 6,new_H,E_to_I_rate=0.5,10.341272826452801,8.030659673292678,12.817784935442084
2025-11-30,daily,all subpops,Age 6,new_H,E_to_I_rate=0.5,11.057376702844396,8.605002147580292,13.825681793277314
2025-12-01,daily,all subpops,Age 6,new_H,E_to_I_rate=0.5,11.622513520814998,9.017527944196958,14.447793097245164
2025-12-02,daily,all subpops,Age 6,new_H,E_to_I_rate=0.5,12.35370554471352,9.499363295499869,15.323020569039432
2025-12-03,daily,all subpops,Age 6,new_H,E_to_I_rate=0.5,13.229283576470529,10.256220598871025,16.298140873112352
2025-12-04,daily,all subpops,Age 6,new_H,E_to_I_rate=0.5,14.290867651468368,11.163750776217205,17.53221563511088
2025-12-05,daily,all subpops,Age 6,new_H,E_to_I_rate=0.5,15.636770131106747,12.248352815364626,19.241935112495945
2025-12-06,daily,all subpops,Age 6,new_H,E_to_I_rate=0.5,17.344900283193624,13.667933959934098,21.289131919231636
2025-12-07,daily,all subpops,Age 6,new_H,E_to_I_rate=0.5,18.80421216654221,15.036268255476239,22.953663976124886
2025-12-08,daily,all subpops,Age 6,new_H,E_to_I_rate=0.5,20.251898275370806,16.44481075376489,24.23235549587137
2025-12-09,daily,all subpops,Age 6,new_H,E_to_I_rate=0.5,22.20903693141731,18.198541181046103,26.38573918765492
2025-12-10,daily,all subpops,Age 6,new_H,E_to_I_rate=0.5,24.463297635248765,20.424450940311143,29.254296268758427
2025-12-11,daily,all subpops,Age 6,new_H,E_to_I_rate=0.5,27.013144638936012,22.607305140208133,32.205184594013254
2025-12-12,daily,all subpops,Age 6,new_H,E_to_I_rate=0.5,30.069974872005385,25.370033406948856,35.94854854695067
2025-12-13,daily,all subpops,Age 6,new_H,E_to_I_rate=0.5,33.766691777499936,28.417590063682734,40.1835621951085
2025-12-14,daily,all subpops,Age 6,new_H,E_to_I_rate=0.5,37.22170782484731,31.49030215835252,44.43730589495657
2025-12-15,daily,all subpops,Age 6,new_H,E_to_I_rate=0.5,40.50599811719928,34.296303349167395,48.094117307475464
2025-12-16,daily,all subpops,Age 6,new_H,E_to_I_rate=0.5,44.762161401786926,38.034355894892514,53.03181067002148
2025-12-17,daily,all subpops,Age 6,new_H,E_to_I_rate=0.5,49.772182507177895,42.43623811966551,58.955212289807285
2025-12-18,daily,all subpops,Age 6,new_H,E_to_I_rate=0.5,55.25199559073597,47.4305184296129,65.14529285104433
2025-12-19,daily,all subpops,Age 6,new_H,E_to_I_rate=0.5,61.20476633712972,53.12213295079336,71.77329063383642
2025-12-20,daily,all subpops,Age 6,new_H,E_to_I_rate=0.5,67.86538786726257,59.07728748118832,78.43768420491874
2025-12-21,daily,all subpops,Age 6,new_H,E_to_I_rate=0.5,74.20838026299961,64.69254454473861,84.77065215633303
2025-12-22,daily,all subpops,Age 6,new_H,E_to_I_rate=0.5,80.4705553112197,71.19384474536179,91.26077632095546
2025-12-23,daily,all subpops,Age 6,new_H,E_to_I_rate=0.5,88.13158916323265,77.90526502096937,98.8567074296753
2025-12-24,daily,all subpops,Age 6,new_H,E_to_I_rate=0.5,96.08444927005868,84.67014337978664,106.91636060353174
2025-12-25,daily,all subpops,Age 6,new_H,E_to_I_rate=0.5,102.71971353129666,89.72712719080052,114.11896851477674
2025-12-26,daily,all subpops,Age 6,new_H,E_to_I_rate=0.5,107.57337562590249,93.80231391763968,119.73691844591123
2025-12-27,daily,all subpops,Age 6,new_H,E_to_I_rate=0.5,112.36416599608349,96.83679250021952,125.60425645714882
2025-12-28,daily,all subpops,Age 6,new_H,E_to_I_rate=0.5,114.80304707388234,97.9408988216606,129.4719152303427
2025-12-29,daily,all subpops,Age 6,new_H,E_to_I_rate=0.5,114.93058051836277,98.10199552430385,130.37961797498727
2025-12-30,daily,all subpops,Age 6,new_H,E_to_I_rate=0.5,114.37456565362297,97.55782761701926,129.91730161189227
2025-12-31,daily,all subpops,Age 6,new_H,E_to_I_rate=0.5,114.03581618416347,97.23190960832864,129.37206477979868
2026-01-01,daily,all subpops,Age 6,new_H,E_to_I_rate=0.5,112.79162187009581,96.44677205876692,128.3880048443347
2026-01-02,daily,all subpops,Age 6,new_H,E_to_I_rate=0.5,110.37740741361367,94.2222198020312,125.02367471902598
2026-01-03,daily,all subpops,Age 6,new_H,E_to_I_rate=0.5,107.22532884009112,91.64394962931586,121.20944648875374
2026-01-04,daily,all subpops,Age 6,new_H,E_to_I_rate=0.5,102.78684564098874,88.2934526872518,116.74556278613387
2026-01-05,daily,all subpops,Age 6,new_H,E_to_I_rate=0.5,97.16702415211938,84.0192909268539,110.54500638423607
2026-01-06,daily,all subpops,Age 6,new_H,E_to_I_rate=0.5,92.12513555334047,80.04897005217899,104.4617478750221
2026-01-07,daily,all subpops,Age 6,new_H,E_to_I_rate=0.5,87.0375507444494,75.62557742247219,98.98718580970758
2026-01-08,daily,all subpops,Age 6,new_H,E_to_I_rate=0.5,82.12075140358697,71.01055247342299,93.65221136681262
2026-01-09,daily,all subpops,Age 6,new_H,E_to_I_rate=0.5,77.21407961139599,67.04388757344499,88.58821813501493
2026-01-10,daily,all subpops,Age 6,new_H,E_to_I_rate=0.5,72.6109587657229,62.77859215319856,83.6830633060512
2026-01-11,daily,all subpops,Age 6,new_H,E_to_I_rate=0.5,67.58348732765303,58.12953128766557,77.821562454489
2026-01-12,daily,all subpops,Age 6,new_H,E_to_I_rate=0.5,62.34091901070301,53.37884732843771,71.6696427082041
2026-01-13,daily,all subpops,Age 6,new_H,E_to_I_rate=0.5,57.93204812796571,49.42744144528804,66.44159769767857
2026-01-14,daily,all subpops,Age 6,new_H,E_to_I_rate=0.5,54.12050370724937,45.8537510435811,61.813289986552775
2026-01-15,daily,all subpops,Age 6,new_H,E_to_I_rate=0.5,50.27966360471484,42.760970456945124,57.8116034535025
2026-01-16,daily,all subpops,Age 6,new_H,E_to_I_rate=0.5,46.68014935890943,39.7648714199987,53.52651968085306
2026-01-17,daily,all subpops,Age 6,new_H,E_to_I_rate=0.5,43.488992277700774,37.158365087587356,49.935843583223935
2026-01-18,daily,all subpops,Age 6,new_H,E_to_I_rate=0.5,39.91733037828889,34.306742120931425,46.031001836184544
2026-01-19,daily,all subpops,Age 6,new_H,E_to_I_rate=0.5,36.36434898828027,31.17300848431448,42.335790746040175
2026-01-20,daily,all subpops,Age 6,new_H,E_to_I_rate=0.5,33.11917454801865,28.512394818133455,38.80833203274206
2026-01-21,daily,all subpops,Age 6,new_H,E_to_I_rate=0.5,30.476859933272564,25.96847507397654,35.735273700282455
2026-01-22,daily,all subpops,Age 6,new_H,E_to_I_rate=0.5,28.22102768040913,23.81264505240507,33.28275068048056
2026-01-23,daily,all subpops,Age 6,new_H,E_to_I_rate=0.5,26.132839955630953,22.039910329842062,31.071511495795193
2026-01-24,daily,all subpops,Age 6,new_H,E_to_I_rate=0.5,24.216426609603452,20.347210313410045,28.957991264154863
2026-01-25,daily,all subpops,Age 6,new_H,E_to_I_rate=0.5,22.46012584675661,18.741990543257675,26.8215262329332
2026-01-26,daily,all subpops,Age 6,new_H,E_to_I_rate=0.5,20.651374644435386,17.128388588716938,24.683549676200514
2026-01-27,daily,all subpops,Age 6,new_H,E_to_I_rate=0.5,19.20196330083094,15.815117122537933,23.066561880920176
2026-01-28,daily,all subpops,Age 6,new_H,E_to_I_rate=0.5,18.016417214171568,14.818274235949005,21.767282655656683
2026-01-29,daily,all subpops,Age 6,new_H,E_to_I_rate=0.5,17.055889110211403,14.094921178015303,20.656961235590305
2026-01-30,daily,all subpops,Age 6,new_H,E_to_I_rate=0.5,16.210203306796018,13.462502167000467,19.697660423877753
2026-01-31,daily,all subpops,Age 6,new_H,E_to_I_rate=0.5,15.493179631345619,12.848079465441515,18.750926850502445
2026-02-01,daily,all subpops,Age 6,new_H,E_to_I_rate=0.5,14.689483982106267,12.158227567067557,17.961097297359338
2026-02-02,daily,all subpops,Age 6,new_H,E_to_I_rate=0.5,13.855423939323074,11.507774341880902,17.025093093753807
2026-02-03,daily,all subpops,Age 6,new_H,E_to_I_rate=0.5,13.168245083126758,11.009556156079205,16.08331205749831
2026-02-04,daily,all subpops,Age 6,new_H,E_to_I_rate=0.5,12.57896518904061,10.493884318788721,15.52994299956379
2026-02-05,daily,all subpops,Age 6,new_H,E_to_I_rate=0.5,12.107413473598996,9.954877122446158,15.078884137144385
2026-02-06,daily,all subpops,Age 6,new_H,E_to_I_rate=0.5,11.791125607406926,9.532654852475297,14.795532211417866
2026-02-07,daily,all subpops,Age 6,new_H,E_to_I_rate=0.5,11.42741140830515,9.255053112105989,14.4232494855972
2026-02-08,daily,all subpops,Age 6,new_H,E_to_I_rate=0.5,10.989807085989487,8.87909603345968,14.00121644414293
2026-02-09,daily,all subpops,Age 6,new_H,E_to_I_rate=0.5,10.536887687239549,8.463081119493733,13.431475446885948
2026-02-10,daily,all subpops,Age 6,new_H,E_to_I_rate=0.5,10.255515542595163,8.126086839388707,13.071117031098419
2026-02-11,daily,all subpops,Age 6,new_H,E_to_I_rate=0.5,10.032855910894364,7.917087273577743,12.776188576934661
2026-02-12,daily,all subpops,Age 6,new_H,E_to_I_rate=0.5,9.802704113215837,7.781524580325634,12.528910946898343
2026-02-13,daily,all subpops,Age 6,new_H,E_to_I_rate=0.5,9.628598390408127,7.713779377985924,12.31619374612178
2026-02-14,daily,all subpops,Age 6,new_H,E_to_I_rate=0.5,9.545374683761542,7.613530485176952,12.129604415330421
2026-02-15,daily,all subpops,Age 6,new_H,E_to_I_rate=0.5,9.358801087244041,7.473761261665662,11.696335899589986
2026-02-16,daily,all subpops,Age 6,new_H,E_to_I_rate=0.5,9.096672900807727,7.2520905200766,11.301059817368683
2026-02-17,daily,all subpops,Age 6,new_H,E_to_I_rate=0.5,8.89375853651643,7.138945154085628,10.886899169646634
2026-02-18,daily,all subpops,Age 6,new_H,E_to_I_rate=0.5,8.715093926465222,6.983607495010858,10.698705007803136
2026-02-19,daily,all subpops,Age 6,new_H,E_to_I_rate=0.5,8.490544149468437,6.806382392546268,10.494830435502148
2026-02-20,daily,all subpops,Age 6,new_H,E_to_I_rate=0.5,8.24856459043135,6.574096693464466,10.290871208942612
2026-02-21,daily,all subpops,Age 6,new_H,E_to_I_rate=0.5,7.989666801211049,6.318140717406103,10.151154203133672
2026-02-22,daily,all subpops,Age 6,new_H,E_to_I_rate=0.5,7.651343604323897,6.014810324398164,9.793485728507063
2026-02-23,daily,all subpops,Age 6,new_H,E_to_I_rate=0.5,7.272225015770136,5.680021090108064,9.294227823221012
2026-02-24,daily,all subpops,Age 6,new_H,E_to_I_rate=0.5,6.965688995025888,5.4474927400265525,8.917861636061332
2026-02-25,daily,all subpops,Age 6,new_H,E_to_I_rate=0.5,6.725202930273469,5.224907660808129,8.659560288873127
2026-02-26,daily,all subpops,Age 6,new_H,E_to_I_rate=0.5,6.52053134777176,5.0978388096062,8.457839416274657
2026-02-27,daily,all subpops,Age 6,new_H,E_to_I_rate=0.5,6.335764671694438,4.984520136584812,8.253191528849483
2026-02-28,daily,all subpops,Age 6,new_H,E_to_I_rate=0.5,6.200347504051967,4.8536069946386835,8.089314947133177
2026-03-01,daily,all subpops,Age 6,new_H,E_to_I_rate=0.5,5.9915026485526734,4.684124535244207,7.795489511620704
2026-03-02,daily,all subpops,Age 6,new_H,E_to_I_rate=0.5,5.750883446265968,4.5070386430704374,7.453181233089152
2026-03-03,daily,all subpops,Age 6,new_H,E_to_I_rate=0.5,5.590234057256771,4.366015941007157,7.322083317663795
2026-03-04,daily,all subpops,Age 6,new_H,E_to_I_rate=0.5,5.4657613051879235,4.267000151696602,7.103129060262097
2026-03-05,daily,all subpops,Age 6,new_H,E_to_I_rate=0.5,5.334637929832165,4.088892294510242,7.05180723081578
2026-03-06,daily,all subpops,Age 6,new_H,E_to_I_rate=0.5,5.202329686480132,3.9545815424098234,6.9067710788284
2026-03-07,daily,all subpops,Age 6,new_H,E_to_I_rate=0.5,5.107006759818323,3.860928089656473,6.821297812493804
2026-03-08,daily,all subpops,Age 6,new_H,E_to_I_rate=0.5,4.946311887880116,3.685657495421762,6.715197735105272
2026-03-09,daily,all subpops,Age 6,new_H,E_to_I_rate=0.5,4.752468834062439,3.491543986523472,6.505380437909208
2026-03-10,daily,all subpops,Age 6,new_H,E_to_I_rate=0.5,4.588986442962199,3.3795281487501883,6.3067780647495955
2026-03-11,daily,all subpops,Age 6,new_H,E_to_I_rate=0.5,4.438872402962523,3.2678458641478745,6.117112406114629
2026-03-12,daily,all subpops,Age 6,new_H,E_to_I_rate=0.5,4.308385484682544,3.1729825793437256,5.929484292849258
2026-03-13,daily,all subpops,Age 6,new_H,E_to_I_rate=0.5,4.204918959598071,3.07868483396168,5.807457052340615
2026-03-14,daily,all subpops,Age 6,new_H,E_to_I_rate=0.5,4.127844322339922,3.016855598468589,5.659076056862303
2026-03-15,daily,all subpops,Age 6,new_H,E_to_I_rate=0.5,4.034535428220206,2.925328014035962,5.501188181271479
2026-03-16,daily,all subpops,Age 6,new_H,E_to_I_rate=0.5,3.913441787184473,2.8415250340213096,5.303685548799461
2026-03-17,daily,all subpops,Age 6,new_H,E_to_I_rate=0.5,3.793924893064946,2.770183932312065,5.138795583527868
2026-03-18,daily,all subpops,Age 6,new_H,E_to_I_rate=0.5,3.717618042221675,2.7001101736627477,5.016516134874121
2026-03-19,daily,all subpops,Age 6,new_H,E_to_I_rate=0.5,3.696099882381545,2.643888332558276,4.963390591213451
2026-03-20,daily,all subpops,Age 6,new_H,E_to_I_rate=0.5,3.6950796838654205,2.649538489221183,5.02603322263855
2026-03-21,daily,all subpops,Age 6,new_H,E_to_I_rate=0.5,3.6760098348212527,2.593658817479212,5.083774954942834
2026-03-22,daily,all subpops,Age 6,new_H,E_to_I_rate=0.5,3.6072936930857002,2.486608904290844,5.0161466363965275
2026-03-23,daily,all subpops,Age 6,new_H,E_to_I_rate=0.5,3.503492874414256,2.3667358487252286,4.830365922322226
2026-03-24,daily,all subpops,Age 6,new_H,E_to_I_rate=0.5,3.4323162861386924,2.3116984408535464,4.7475841132392755
2026-03-25,daily,all subpops,Age 6,new_H,E_to_I_rate=0.5,3.396045834137027,2.290439913359285,4.736133922367437
2026-03-26,daily,all subpops,Age 6,new_H,E_to_I_rate=0.5,3.3802506111756987,2.260708847473956,4.735549209997961
2026-03-27,daily,all subpops,Age 6,new_H,E_to_I_rate=0.5,3.3615402832024444,2.2572345020311704,4.672956586048654
2026-03-28,daily,all subpops,Age 6,new_H,E_to_I_rate=0.5,3.3524084720787295,2.240476626991778,4.620178274407275
2026-03-29,daily,all subpops,Age 6,new_H,E_to_I_rate=0.5,3.324775994169315,2.203848989985347,4.598086581396774
2026-03-30,daily,all subpops,Age 6,new_H,E_to_I_rate=0.5,3.2725847027461983,2.169663071623296,4.513655424078222
2026-03-31,daily,all subpops,Age 6,new_H,E_to_I_rate=0.5,3.231318755004018,2.129741301653916,4.458204193946005
2026-04-01,daily,all subpops,Age 6,new_H,E_to_I_rate=0.5,3.176985194640216,2.0851727288942534,4.433519758284352
2026-04-02,daily,all subpops,Age 6,new_H,E_to_I_rate=0.5,3.1245748551000423,2.0216505294328426,4.404821144616864
2026-04-03,daily,all subpops,Age 6,new_H,E_to_I_rate=0.5,3.099004806602092,2.0137942791613352,4.398256318575413
2026-04-04,daily,all subpops,Age 6,new_H,E_to_I_rate=0.5,3.063707544467505,1.9703993743134576,4.419648440631635
2026-04-05,daily,all subpops,Age 6,new_H,E_to_I_rate=0.5,2.9819128429193253,1.9021926203006754,4.324701237676452
2026-04-06,daily,all subpops,Age 6,new_H,E_to_I_rate=0.5,2.872158873276162,1.8347995488801934,4.1727961918694705
2026-04-07,daily,all subpops,Age 6,new_H,E_to_I_rate=0.5,2.8180895673964086,1.793272308185314,4.1151267921760555
2026-04-08,daily,all subpops,Age 6,new_H,E_to_I_rate=0.5,2.796024622570747,1.7826687169606166,4.13172569070333
2026-04-09,daily,all subpops,Age 6,new_H,E_to_I_rate=0.5,2.794243397076487,1.7957395747156746,4.133017992025428
2026-04-10,daily,all subpops,Age 6,new_H,E_to_I_rate=0.5,2.7926364494797005,1.8424287313404513,4.1284887392293586
2026-04-11,daily,all subpops,Age 6,new_H,E_to_I_rate=0.5,2.784785578997129,1.8353221005963996,4.063845990957356
2026-04-12,daily,all subpops,Age 6,new_H,E_to_I_rate=0.5,2.7305130489479437,1.791330818554767,3.991166488481999
2026-04-13,daily,all subpops,Age 6,new_H,E_to_I_rate=0.5,2.655508303425276,1.75666318368547,3.9051730918181393
2026-04-14,daily,all subpops,Age 6,new_H,E_to_I_rate=0.5,2.5831869889526446,1.7363803642552185,3.7864275175081863
2026-04-15,daily,all subpops,Age 6,new_H,E_to_I_rate=0.5,2.496853258868583,1.691853805898195,3.653803557475573
2026-04-16,daily,all subpops,Age 6,new_H,E_to_I_rate=0.5,2.422565275748172,1.6691826274438173,3.5562436919289855
2026-04-17,daily,all subpops,Age 6,new_H,E_to_I_rate=0.5,2.3347057741758297,1.621976955112841,3.474472004413437
2026-04-18,daily,all subpops,Age 6,new_H,E_to_I_rate=0.5,2.2633086472444743,1.5856844493535867,3.356676683420457
2026-04-19,daily,all subpops,Age 6,new_H,E_to_I_rate=0.5,2.194734366566966,1.5154573891553604,3.2615331815871027
2026-04-20,daily,all subpops,Age 6,new_H,E_to_I_rate=0.5,2.115722065989436,1.4300961957091098,3.135634797560207
2026-04-21,daily,all subpops,Age 6,new_H,E_to_I_rate=0.5,2.0618936192772583,1.3675212187569015,3.103132044885819
2026-04-22,daily,all subpops,Age 6,new_H,E_to_I_rate=0.5,2.028778148069183,1.3344879917577157,3.0535772532620955
2026-04-23,daily,all subpops,Age 6,new_H,E_to_I_rate=0.5,1.9845298464519157,1.2949552850771702,3.0224223147628972
2026-04-24,daily,all subpops,Age 6,new_H,E_to_I_rate=0.5,1.9335123254427817,1.2516705577258054,2.95881728417257
2026-04-25,daily,all subpops,Age 6,new_H,E_to_I_rate=0.5,1.8901643100899919,1.1996804959103606,2.9523714330349913
2026-04-26,daily,all subpops,Age 6,new_H,E_to_I_rate=0.5,1.827960267191521,1.144309954645274,2.8928133264956113
2026-04-27,daily,all subpops,Age 6,new_H,E_to_I_rate=0.5,1.7383708410255063,1.0830019630839047,2.7832169498596184
2026-04-28,daily,all subpops,Age 6,new_H,E_to_I_rate=0.5,1.6651813365145975,1.0313650364327236,2.6993250241118
2026-04-29,daily,all subpops,Age 6,new_H,E_to_I_rate=0.5,1.6082931373452536,0.9843256631849677,2.6423963927405167
2026-04-30,daily,all subpops,Age 6,new_H,E_to_I_rate=0.5,1.5630371165938597,0.9358660426241271,2.6239036450275903
2026-05-01,daily,all subpops,Age 6,new_H,E_to_I_rate=0.5,1.5274208464341494,0.900308973514148,2.645256849962304
2026-05-02,daily,all subpops,Age 6,new_H,E_to_I_rate=0.5,1.506746838365714,0.8478278957416974,2.656511539610646
2026-05-03,daily,all subpops,Age 6,new_H,E_to_I_rate=0.5,1.4738755798080883,0.8103023195437161,2.662578420791548
2026-05-04,daily,all subpops,Age 6,new_H,E_to_I_rate=0.5,1.450438095516495,0.7859685733659706,2.616745384794738
2026-05-05,daily,all subpops,Age 6,new_H,E_to_I_rate=0.5,1.4377831824538982,0.7765735838709333,2.6352671263497944
2026-05-06,daily,all subpops,Age 6,new_H,E_to_I_rate=0.5,1.4479358910197004,0.7293410094749966,2.6581895151579333
2026-05-07,daily,all subpops,Age 6,new_H,E_to_I_rate=0.5,1.441369074480561,0.6846206626043211,2.774690118685967
2026-05-08,daily,all subpops,Age 6,new_H,E_to_I_rate=0.5,1.4559107219204677,0.6562109727632468,2.962797862022839
2025-09-01,cumulative,all subpops,Age 6,new_H,E_to_I_rate=0.5,0.41119730407526733,0.1823375845316166,0.7715558274434917
2025-09-02,cumulative,all subpops,Age 6,new_H,E_to_I_rate=0.5,1.3955859374299333,0.6189344018667783,2.6159725137209793
2025-09-03,cumulative,all subpops,Age 6,new_H,E_to_I_rate=0.5,2.5891328753247778,1.1483471350354115,4.842152689583128
2025-09-04,cumulative,all subpops,Age 6,new_H,E_to_I_rate=0.5,3.82284417972667,1.7005573003830372,7.145377276286177
2025-09-05,cumulative,all subpops,Age 6,new_H,E_to_I_rate=0.5,5.028568073884227,2.247075020300225,9.39626999515689
2025-09-06,cumulative,all subpops,Age 6,new_H,E_to_I_rate=0.5,6.1716397397724165,2.777100801638256,11.540303555152114
2025-09-07,cumulative,all subpops,Age 6,new_H,E_to_I_rate=0.5,7.250737323006263,3.2858289413567117,13.553990860237862
2025-09-08,cumulative,all subpops,Age 6,new_H,E_to_I_rate=0.5,8.26014904124475,3.7715973512223506,15.429580385140257
2025-09-09,cumulative,all subpops,Age 6,new_H,E_to_I_rate=0.5,9.23753632855222,4.2309704588281,17.179015856144424
2025-09-10,cumulative,all subpops,Age 6,new_H,E_to_I_rate=0.5,10.181869630563735,4.670395156198404,18.870087949403185
2025-09-11,cumulative,all subpops,Age 6,new_H,E_to_I_rate=0.5,11.11885968326456,5.105475427898111,20.47321578297523
2025-09-12,cumulative,all subpops,Age 6,new_H,E_to_I_rate=0.5,12.02527535746203,5.538664600169203,21.97305619480306
2025-09-13,cumulative,all subpops,Age 6,new_H,E_to_I_rate=0.5,12.929660338269308,5.973464666674751,23.450976274740846
2025-09-14,cumulative,all subpops,Age 6,new_H,E_to_I_rate=0.5,13.80238772453562,6.416547962045739,24.771316973764804
2025-09-15,cumulative,all subpops,Age 6,new_H,E_to_I_rate=0.5,14.639033859323739,6.842930751293493,26.108136234515047
2025-09-16,cumulative,all subpops,Age 6,new_H,E_to_I_rate=0.5,15.484636177342072,7.273500024806227,27.42616246409428
2025-09-17,cumulative,all subpops,Age 6,new_H,E_to_I_rate=0.5,16.275333195892934,7.724840651001629,28.684320765638095
2025-09-18,cumulative,all subpops,Age 6,new_H,E_to_I_rate=0.5,17.0437344844915,8.168383929373643,29.86859701745206
2025-09-19,cumulative,all subpops,Age 6,new_H,E_to_I_rate=0.5,17.836358410159157,8.635573530390833,31.02025492003856
2025-09-20,cumulative,all subpops,Age 6,new_H,E_to_I_rate=0.5,18.704764606448244,9.105752848815916,32.14877587824127
2025-09-21,cumulative,all subpops,Age 6,new_H,E_to_I_rate=0.5,19.568553347225528,9.629041499327155,33.25613848782989
2025-09-22,cumulative,all subpops,Age 6,new_H,E_to_I_rate=0.5,20.401153299552725,10.107741139356033,34.38028681665809
2025-09-23,cumulative,all subpops,Age 6,new_H,E_to_I_rate=0.5,21.15665188155258,10.571520180665267,35.63189314483483
2025-09-24,cumulative,all subpops,Age 6,new_H,E_to_I_rate=0.5,21.967728041262184,11.080260417105777,37.00187761179661
2025-09-25,cumulative,all subpops,Age 6,new_H,E_to_I_rate=0.5,22.75157731120398,11.59577246486817,38.45454958100451
2025-09-26,cumulative,all subpops,Age 6,new_H,E_to_I_rate=0.5,23.471574746753202,12.07625315351687,39.24967080723388
2025-09-27,cumulative,all subpops,Age 6,new_H,E_to_I_rate=0.5,24.220144008390328,12.569774872194094,40.24068498876954
2025-09-28,cumulative,all subpops,Age 6,new_H,E_to_I_rate=0.5,25.011559688432754,13.072079144496016,41.3489931015541
2025-09-29,cumulative,all subpops,Age 6,new_H,E_to_I_rate=0.5,25.65126087959333,13.636782182009995,42.27695380686485
2025-09-30,cumulative,all subpops,Age 6,new_H,E_to_I_rate=0.5,26.33166716204363,14.146072012277527,43.22543751239577
2025-10-01,cumulative,all subpops,Age 6,new_H,E_to_I_rate=0.5,27.009427781243726,14.653260918714382,44.13246613743664
2025-10-02,cumulative,all subpops,Age 6,new_H,E_to_I_rate=0.5,27.61715029858682,15.176485546163127,44.994578673818076
2025-10-03,cumulative,all subpops,Age 6,new_H,E_to_I_rate=0.5,28.22293372596352,15.711503439526444,45.838644560493634
2025-10-04,cumulative,all subpops,Age 6,new_H,E_to_I_rate=0.5,29.200710326900143,16.264978321804993,46.82854025916804
2025-10-05,cumulative,all subpops,Age 6,new_H,E_to_I_rate=0.5,30.031969618030807,16.83469703869869,47.729275922955416
2025-10-06,cumulative,all subpops,Age 6,new_H,E_to_I_rate=0.5,30.785892863730716,17.42658957311527,48.733461856768905
2025-10-07,cumulative,all subpops,Age 6,new_H,E_to_I_rate=0.5,31.541626239489833,17.91850304034959,49.78729214499507
2025-10-08,cumulative,all subpops,Age 6,new_H,E_to_I_rate=0.5,32.374609585787454,18.532695087029868,50.60440211483934
2025-10-09,cumulative,all subpops,Age 6,new_H,E_to_I_rate=0.5,33.08876037759726,19.06182026112603,51.69074905955064
2025-10-10,cumulative,all subpops,Age 6,new_H,E_to_I_rate=0.5,33.959340784861126,19.676406699510753,53.07863141710323
2025-10-11,cumulative,all subpops,Age 6,new_H,E_to_I_rate=0.5,34.85344536685214,20.460268965073073,54.28129929343373
2025-10-12,cumulative,all subpops,Age 6,new_H,E_to_I_rate=0.5,35.55344990597018,21.05755030735132,55.235500078559404
2025-10-13,cumulative,all subpops,Age 6,new_H,E_to_I_rate=0.5,36.34399506762945,21.776775371692434,56.44552282621126
2025-10-14,cumulative,all subpops,Age 6,new_H,E_to_I_rate=0.5,37.109304311464875,22.47110806001366,57.91664378273092
2025-10-15,cumulative,all subpops,Age 6,new_H,E_to_I_rate=0.5,37.91185563480754,23.236867406812422,59.40979669564661
2025-10-16,cumulative,all subpops,Age 6,new_H,E_to_I_rate=0.5,38.69282304077912,24.01659360764734,60.88620516954548
2025-10-17,cumulative,all subpops,Age 6,new_H,E_to_I_rate=0.5,39.74268920413513,24.72299014708597,62.34833553331086
2025-10-18,cumulative,all subpops,Age 6,new_H,E_to_I_rate=0.5,40.89498766915159,25.45934959323138,63.65479342600744
2025-10-19,cumulative,all subpops,Age 6,new_H,E_to_I_rate=0.5,41.8938055161511,26.209659232866915,65.00496451148406
2025-10-20,cumulative,all subpops,Age 6,new_H,E_to_I_rate=0.5,42.94489711882969,27.007056655095003,66.69364675592455
2025-10-21,cumulative,all subpops,Age 6,new_H,E_to_I_rate=0.5,44.03352332872565,27.796332413277423,68.18743413526714
2025-10-22,cumulative,all subpops,Age 6,new_H,E_to_I_rate=0.5,45.23283927323892,28.620397313162574,69.56488472524714
2025-10-23,cumulative,all subpops,Age 6,new_H,E_to_I_rate=0.5,46.29705551004622,29.406298048884853,70.96646858009446
2025-10-24,cumulative,all subpops,Age 6,new_H,E_to_I_rate=0.5,47.7723427571366,30.4568502352961,72.79269203316618
2025-10-25,cumulative,all subpops,Age 6,new_H,E_to_I_rate=0.5,49.183468349488194,31.4822284422157,74.38363227257112
2025-10-26,cumulative,all subpops,Age 6,new_H,E_to_I_rate=0.5,50.50307207231134,32.56513003271931,75.99506609504799
2025-10-27,cumulative,all subpops,Age 6,new_H,E_to_I_rate=0.5,51.98640520229239,33.809959968362286,77.74873057656005
2025-10-28,cumulative,all subpops,Age 6,new_H,E_to_I_rate=0.5,53.47366020705074,34.98392078421392,80.03961193831715
2025-10-29,cumulative,all subpops,Age 6,new_H,E_to_I_rate=0.5,55.03869723886745,36.248271344027906,82.499806604955
2025-10-30,cumulative,all subpops,Age 6,new_H,E_to_I_rate=0.5,56.68678538295535,37.54000197501045,84.62383701535256
2025-10-31,cumulative,all subpops,Age 6,new_H,E_to_I_rate=0.5,58.4534134453793,38.82553333754649,87.03847777935545
2025-11-01,cumulative,all subpops,Age 6,new_H,E_to_I_rate=0.5,60.348067419932704,40.18876215413326,89.34679813023631
2025-11-02,cumulative,all subpops,Age 6,new_H,E_to_I_rate=0.5,62.2247225588886,41.44217789377244,90.89932974781159
2025-11-03,cumulative,all subpops,Age 6,new_H,E_to_I_rate=0.5,64.26075864830119,42.998812510388,93.01607752676095
2025-11-04,cumulative,all subpops,Age 6,new_H,E_to_I_rate=0.5,66.24075568367931,44.48861878419763,95.17141956801828
2025-11-05,cumulative,all subpops,Age 6,new_H,E_to_I_rate=0.5,68.382017166378,46.424582389073585,97.38469834473382
2025-11-06,cumulative,all subpops,Age 6,new_H,E_to_I_rate=0.5,70.79829755216473,48.206080061498994,99.90835643119453
2025-11-07,cumulative,all subpops,Age 6,new_H,E_to_I_rate=0.5,73.32512646859001,50.10965261963699,102.56030318855865
2025-11-08,cumulative,all subpops,Age 6,new_H,E_to_I_rate=0.5,76.07786228907358,52.13703898636184,106.08722884013143
2025-11-09,cumulative,all subpops,Age 6,new_H,E_to_I_rate=0.5,78.57023491435518,54.26017150958102,109.4845676657889
2025-11-10,cumulative,all subpops,Age 6,new_H,E_to_I_rate=0.5,81.51702206222863,56.47175341457362,113.01703519046605
2025-11-11,cumulative,all subpops,Age 6,new_H,E_to_I_rate=0.5,84.21965631314265,59.04191864659563,116.70914757089218
2025-11-12,cumulative,all subpops,Age 6,new_H,E_to_I_rate=0.5,87.38829098450225,61.87891278039987,120.19203145488196
2025-11-13,cumulative,all subpops,Age 6,new_H,E_to_I_rate=0.5,90.98576614819524,64.59784022652053,123.63979033846344
2025-11-14,cumulative,all subpops,Age 6,new_H,E_to_I_rate=0.5,94.4120619920689,67.51418838435679,127.89587247055147
2025-11-15,cumulative,all subpops,Age 6,new_H,E_to_I_rate=0.5,98.11820434625443,70.57591542809432,131.83222847126297
2025-11-16,cumulative,all subpops,Age 6,new_H,E_to_I_rate=0.5,102.215442573979,73.69255809779071,136.79099382857953
2025-11-17,cumulative,all subpops,Age 6,new_H,E_to_I_rate=0.5,106.56904421433661,77.56607941588697,140.97540616853283
2025-11-18,cumulative,all subpops,Age 6,new_H,E_to_I_rate=0.5,111.0074604516067,81.60388089506968,145.59448686450202
2025-11-19,cumulative,all subpops,Age 6,new_H,E_to_I_rate=0.5,116.23301611761339,86.24289318561424,150.61248287683884
2025-11-20,cumulative,all subpops,Age 6,new_H,E_to_I_rate=0.5,122.0432438533623,90.77685706874733,155.75207581616607
2025-11-21,cumulative,all subpops,Age 6,new_H,E_to_I_rate=0.5,127.69556401665004,95.61554567273524,161.52328311686617
2025-11-22,cumulative,all subpops,Age 6,new_H,E_to_I_rate=0.5,133.85260577697053,100.74873242945827,167.89691917320658
2025-11-23,cumulative,all subpops,Age 6,new_H,E_to_I_rate=0.5,141.05703109430232,106.93457888425098,174.8540536921194
2025-11-24,cumulative,all subpops,Age 6,new_H,E_to_I_rate=0.5,148.34735909907056,113.85598868950292,182.4212460725728
2025-11-25,cumulative,all subpops,Age 6,new_H,E_to_I_rate=0.5,156.05355693783517,120.94896380810745,190.7482182419121
2025-11-26,cumulative,all subpops,Age 6,new_H,E_to_I_rate=0.5,164.4895519482016,128.38500025159755,199.22646371941443
2025-11-27,cumulative,all subpops,Age 6,new_H,E_to_I_rate=0.5,173.41701221755136,136.49206715569255,209.88702801524764
2025-11-28,cumulative,all subpops,Age 6,new_H,E_to_I_rate=0.5,183.12710387010014,144.98892216273472,220.76320776885495
2025-11-29,cumulative,all subpops,Age 6,new_H,E_to_I_rate=0.5,193.81452878443895,153.65332799677955,231.99503378955905
2025-11-30,cumulative,all subpops,Age 6,new_H,E_to_I_rate=0.5,205.0481614684108,163.79306368953627,243.1044990100046
2025-12-01,cumulative,all subpops,Age 6,new_H,E_to_I_rate=0.5,217.44936326656318,173.06864828236567,256.74148407847946
2025-12-02,cumulative,all subpops,Age 6,new_H,E_to_I_rate=0.5,229.70690013875387,182.2290162710928,271.62181846179953
2025-12-03,cumulative,all subpops,Age 6,new_H,E_to_I_rate=0.5,243.1096895799019,194.1860880762148,285.6711963210866
2025-12-04,cumulative,all subpops,Age 6,new_H,E_to_I_rate=0.5,256.99227281861454,207.7485561706894,302.0758610599994
2025-12-05,cumulative,all subpops,Age 6,new_H,E_to_I_rate=0.5,272.59293094312966,220.87702915670891,321.9322944325187
2025-12-06,cumulative,all subpops,Age 6,new_H,E_to_I_rate=0.5,289.9118516716428,235.325347089229,339.8921880109954
2025-12-07,cumulative,all subpops,Age 6,new_H,E_to_I_rate=0.5,308.8578428915515,252.11345661968645,360.4109821222364
2025-12-08,cumulative,all subpops,Age 6,new_H,E_to_I_rate=0.5,329.5793246396247,270.92430149631497,384.135372626731
2025-12-09,cumulative,all subpops,Age 6,new_H,E_to_I_rate=0.5,351.9220450449209,292.0726921145615,408.049148035847
2025-12-10,cumulative,all subpops,Age 6,new_H,E_to_I_rate=0.5,376.3709008124383,311.8737495667921,435.34464118863156
2025-12-11,cumulative,all subpops,Age 6,new_H,E_to_I_rate=0.5,403.62265542669695,336.66591403615655,465.2638799937065
2025-12-12,cumulative,all subpops,Age 6,new_H,E_to_I_rate=0.5,433.3962645554263,362.10009903812437,498.8834595394713
2025-12-13,cumulative,all subpops,Age 6,new_H,E_to_I_rate=0.5,466.53640176445174,394.33160697346227,536.9466956990678
2025-12-14,cumulative,all subpops,Age 6,new_H,E_to_I_rate=0.5,504.5379626355484,426.22753266524387,578.9356560139456
2025-12-15,cumulative,all subpops,Age 6,new_H,E_to_I_rate=0.5,544.6535136672214,463.2018671424336,623.1996227903189
2025-12-16,cumulative,all subpops,Age 6,new_H,E_to_I_rate=0.5,588.903396958691,502.61059038251835,672.3054502078534
2025-12-17,cumulative,all subpops,Age 6,new_H,E_to_I_rate=0.5,638.5756345770119,546.1144318039093,727.6733082860565
2025-12-18,cumulative,all subpops,Age 6,new_H,E_to_I_rate=0.5,692.9956937298621,595.457986011989,787.4788988601732
2025-12-19,cumulative,all subpops,Age 6,new_H,E_to_I_rate=0.5,754.203393849516,648.9801835410307,856.6622299400892
2025-12-20,cumulative,all subpops,Age 6,new_H,E_to_I_rate=0.5,823.7220539583905,711.3880975807642,932.6534207921604
2025-12-21,cumulative,all subpops,Age 6,new_H,E_to_I_rate=0.5,896.4813748172462,777.9729370262656,1013.4944726950202
2025-12-22,cumulative,all subpops,Age 6,new_H,E_to_I_rate=0.5,976.586684864275,851.4603735748666,1100.7802751405284
2025-12-23,cumulative,all subpops,Age 6,new_H,E_to_I_rate=0.5,1064.5679934868483,931.3084287304282,1199.6173330132756
2025-12-24,cumulative,all subpops,Age 6,new_H,E_to_I_rate=0.5,1160.3538828534706,1021.4064916516086,1300.46580698605
2025-12-25,cumulative,all subpops,Age 6,new_H,E_to_I_rate=0.5,1264.0183891136073,1118.3725270674038,1410.8970437793382
2025-12-26,cumulative,all subpops,Age 6,new_H,E_to_I_rate=0.5,1372.12032798347,1219.3238309712226,1522.5620461301298
2025-12-27,cumulative,all subpops,Age 6,new_H,E_to_I_rate=0.5,1486.1487691287134,1321.7559664950384,1642.387849242316
2025-12-28,cumulative,all subpops,Age 6,new_H,E_to_I_rate=0.5,1600.5427975972902,1427.466948341032,1763.0434263146676
2025-12-29,cumulative,all subpops,Age 6,new_H,E_to_I_rate=0.5,1714.4986098116894,1531.6144212567879,1888.001715402859
2025-12-30,cumulative,all subpops,Age 6,new_H,E_to_I_rate=0.5,1828.037570734401,1636.0945295968772,2010.3338701341288
2025-12-31,cumulative,all subpops,Age 6,new_H,E_to_I_rate=0.5,1943.7675919440112,1737.2609813471206,2134.311338930492
2026-01-01,cumulative,all subpops,Age 6,new_H,E_to_I_rate=0.5,2056.998358749401,1840.1523618894678,2243.760495516317
2026-01-02,cumulative,all subpops,Age 6,new_H,E_to_I_rate=0.5,2168.653428294888,1946.7455496102023,2362.7280624033497
2026-01-03,cumulative,all subpops,Age 6,new_H,E_to_I_rate=0.5,2277.418459313809,2044.2596429307157,2481.6412269924976
2026-01-04,cumulative,all subpops,Age 6,new_H,E_to_I_rate=0.5,2382.1934704794407,2136.6607289003578,2595.6749139888
2026-01-05,cumulative,all subpops,Age 6,new_H,E_to_I_rate=0.5,2479.336349175386,2222.2776355405854,2697.2890700301978
2026-01-06,cumulative,all subpops,Age 6,new_H,E_to_I_rate=0.5,2571.3386400845466,2308.4179415826984,2791.822689702091
2026-01-07,cumulative,all subpops,Age 6,new_H,E_to_I_rate=0.5,2658.440973237412,2391.5073442028606,2891.860743014569
2026-01-08,cumulative,all subpops,Age 6,new_H,E_to_I_rate=0.5,2738.511504848145,2467.6198443244393,2986.2850304722756
2026-01-09,cumulative,all subpops,Age 6,new_H,E_to_I_rate=0.5,2814.5334719701673,2538.552841659244,3074.970455745068
2026-01-10,cumulative,all subpops,Age 6,new_H,E_to_I_rate=0.5,2889.550380115904,2606.330751659617,3150.944870149273
2026-01-11,cumulative,all subpops,Age 6,new_H,E_to_I_rate=0.5,2957.8485165860593,2672.428676757578,3222.2558121106963
2026-01-12,cumulative,all subpops,Age 6,new_H,E_to_I_rate=0.5,3019.2802897093143,2731.4698476019557,3289.240833622774
2026-01-13,cumulative,all subpops,Age 6,new_H,E_to_I_rate=0.5,3078.825452425015,2786.307189341069,3347.9293634303476
2026-01-14,cumulative,all subpops,Age 6,new_H,E_to_I_rate=0.5,3133.7303529655383,2837.030401171544,3409.0327236512535
2026-01-15,cumulative,all subpops,Age 6,new_H,E_to_I_rate=0.5,3182.229522066024,2884.6841616079955,3465.509746330275
2026-01-16,cumulative,all subpops,Age 6,new_H,E_to_I_rate=0.5,3228.6767055964397,2929.769524574759,3517.6588485283332
2026-01-17,cumulative,all subpops,Age 6,new_H,E_to_I_rate=0.5,3271.14059600524,2970.023306713556,3565.9666049686684
2026-01-18,cumulative,all subpops,Age 6,new_H,E_to_I_rate=0.5,3312.452032819419,3006.0927942615454,3610.221934868589
2026-01-19,cumulative,all subpops,Age 6,new_H,E_to_I_rate=0.5,3350.4075834029954,3039.7148879725696,3650.33540322107
2026-01-20,cumulative,all subpops,Age 6,new_H,E_to_I_rate=0.5,3381.4518027723525,3071.1175573099654,3686.745900831912
2026-01-21,cumulative,all subpops,Age 6,new_H,E_to_I_rate=0.5,3409.8889467851195,3101.6736402624833,3720.0647000076738
2026-01-22,cumulative,all subpops,Age 6,new_H,E_to_I_rate=0.5,3437.603370673283,3131.3770214662477,3750.68090755543
2026-01-23,cumulative,all subpops,Age 6,new_H,E_to_I_rate=0.5,3463.5258023830365,3158.9537588455796,3778.813454052053
2026-01-24,cumulative,all subpops,Age 6,new_H,E_to_I_rate=0.5,3488.0048462109007,3183.5321136442217,3804.204908345559
2026-01-25,cumulative,all subpops,Age 6,new_H,E_to_I_rate=0.5,3510.9761266959867,3205.931646603476,3826.911309361709
2026-01-26,cumulative,all subpops,Age 6,new_H,E_to_I_rate=0.5,3531.429875531526,3226.3209631530945,3847.9033364891693
2026-01-27,cumulative,all subpops,Age 6,new_H,E_to_I_rate=0.5,3551.3927120575954,3245.568471678292,3867.4931284396266
2026-01-28,cumulative,all subpops,Age 6,new_H,E_to_I_rate=0.5,3570.480088446976,3263.6121626586364,3885.9832866242946
2026-01-29,cumulative,all subpops,Age 6,new_H,E_to_I_rate=0.5,3587.9246314963757,3280.6272145050825,3903.598030394678
2026-01-30,cumulative,all subpops,Age 6,new_H,E_to_I_rate=0.5,3602.530922457272,3296.7518314126637,3920.0413762298376
2026-01-31,cumulative,all subpops,Age 6,new_H,E_to_I_rate=0.5,3619.3420855867207,3312.180885964717,3934.9268694270227
2026-02-01,cumulative,all subpops,Age 6,new_H,E_to_I_rate=0.5,3633.994851006311,3327.987904469594,3948.9210070927998
2026-02-02,cumulative,all subpops,Age 6,new_H,E_to_I_rate=0.5,3648.6226233190982,3342.9769303244734,3962.2280615474097
2026-02-03,cumulative,all subpops,Age 6,new_H,E_to_I_rate=0.5,3662.393287957525,3355.377369124925,3975.0205463240327
2026-02-04,cumulative,all subpops,Age 6,new_H,E_to_I_rate=0.5,3675.628286683962,3366.4670650077696,3987.422686728193
2026-02-05,cumulative,all subpops,Age 6,new_H,E_to_I_rate=0.5,3688.313822661874,3377.1477138292826,3999.5131574107822
2026-02-06,cumulative,all subpops,Age 6,new_H,E_to_I_rate=0.5,3700.4466987470423,3387.505923229013,4011.3451693498278
2026-02-07,cumulative,all subpops,Age 6,new_H,E_to_I_rate=0.5,3712.337589459301,3397.5868272291727,4022.8565128983423
2026-02-08,cumulative,all subpops,Age 6,new_H,E_to_I_rate=0.5,3723.036361832058,3407.4315753304772,4034.0100492064003
2026-02-09,cumulative,all subpops,Age 6,new_H,E_to_I_rate=0.5,3733.128544179851,3417.1242870644314,4044.7597618677505
2026-02-10,cumulative,all subpops,Age 6,new_H,E_to_I_rate=0.5,3743.04070303182,3426.5470275953344,4055.2388091052353
2026-02-11,cumulative,all subpops,Age 6,new_H,E_to_I_rate=0.5,3752.306649590733,3435.7750803062067,4064.7431438597782
2026-02-12,cumulative,all subpops,Age 6,new_H,E_to_I_rate=0.5,3761.3735795595844,3444.8474774809224,4073.385692365948
2026-02-13,cumulative,all subpops,Age 6,new_H,E_to_I_rate=0.5,3770.893302153397,3453.8400300576122,4081.802499089205
2026-02-14,cumulative,all subpops,Age 6,new_H,E_to_I_rate=0.5,3779.617858587628,3462.8200791790355,4090.131033330187
2026-02-15,cumulative,all subpops,Age 6,new_H,E_to_I_rate=0.5,3788.646977179719,3471.7104208793485,4098.299500948248
2026-02-16,cumulative,all subpops,Age 6,new_H,E_to_I_rate=0.5,3797.764115227198,3480.4722795683765,4107.074361134895
2026-02-17,cumulative,all subpops,Age 6,new_H,E_to_I_rate=0.5,3807.476716270214,3489.1759362924245,4116.009749648566
2026-02-18,cumulative,all subpops,Age 6,new_H,E_to_I_rate=0.5,3816.700605064113,3497.49798038908,4124.796822394832
2026-02-19,cumulative,all subpops,Age 6,new_H,E_to_I_rate=0.5,3825.713889375731,3505.4046815594124,4133.417942652725
2026-02-20,cumulative,all subpops,Age 6,new_H,E_to_I_rate=0.5,3833.203185959427,3513.7939726388026,4141.872199317644
2026-02-21,cumulative,all subpops,Age 6,new_H,E_to_I_rate=0.5,3841.1933734444174,3522.5421852990166,4150.126468705917
2026-02-22,cumulative,all subpops,Age 6,new_H,E_to_I_rate=0.5,3849.442376318074,3530.1301161141273,4158.077147407218
2026-02-23,cumulative,all subpops,Age 6,new_H,E_to_I_rate=0.5,3857.352109992688,3537.7537989315388,4165.67715543619
2026-02-24,cumulative,all subpops,Age 6,new_H,E_to_I_rate=0.5,3864.2326369124034,3545.1117046137665,4173.001522104747
2026-02-25,cumulative,all subpops,Age 6,new_H,E_to_I_rate=0.5,3870.428472462384,3552.2810598773494,4179.888839534899
2026-02-26,cumulative,all subpops,Age 6,new_H,E_to_I_rate=0.5,3876.4491625236487,3559.282170027813,4186.356860702524
2026-02-27,cumulative,all subpops,Age 6,new_H,E_to_I_rate=0.5,3882.8380787660512,3566.130245267288,4192.897951207155
2026-02-28,cumulative,all subpops,Age 6,new_H,E_to_I_rate=0.5,3888.938743065444,3572.8401186124306,4199.382595749764
2026-03-01,cumulative,all subpops,Age 6,new_H,E_to_I_rate=0.5,3895.185167300865,3578.558170629019,4205.465086200456
2026-03-02,cumulative,all subpops,Age 6,new_H,E_to_I_rate=0.5,3900.5928515375776,3583.9741939681276,4211.124677099948
2026-03-03,cumulative,all subpops,Age 6,new_H,E_to_I_rate=0.5,3906.1181391087853,3589.2755488803805,4216.434370838543
2026-03-04,cumulative,all subpops,Age 6,new_H,E_to_I_rate=0.5,3911.8720728887156,3594.496440310976,4221.440284167778
2026-03-05,cumulative,all subpops,Age 6,new_H,E_to_I_rate=0.5,3917.7012455827644,3599.5053256666433,4226.172247320298
2026-03-06,cumulative,all subpops,Age 6,new_H,E_to_I_rate=0.5,3923.2214026338643,3604.00029591949,4230.76560999928
2026-03-07,cumulative,all subpops,Age 6,new_H,E_to_I_rate=0.5,3927.4985275859494,3608.3322945779933,4235.493507982959
2026-03-08,cumulative,all subpops,Age 6,new_H,E_to_I_rate=0.5,3931.4262578659464,3612.6208076206167,4239.984728120112
2026-03-09,cumulative,all subpops,Age 6,new_H,E_to_I_rate=0.5,3935.8720369590737,3617.2682882464687,4244.24554508971
2026-03-10,cumulative,all subpops,Age 6,new_H,E_to_I_rate=0.5,3940.5943210915257,3621.202017763774,4248.317117686537
2026-03-11,cumulative,all subpops,Age 6,new_H,E_to_I_rate=0.5,3944.0824927298636,3625.049350149214,4252.227565182912
2026-03-12,cumulative,all subpops,Age 6,new_H,E_to_I_rate=0.5,3947.479700259732,3628.8460777529363,4255.988111429239
2026-03-13,cumulative,all subpops,Age 6,new_H,E_to_I_rate=0.5,3951.148506345852,3633.471681496186,4259.62781986829
2026-03-14,cumulative,all subpops,Age 6,new_H,E_to_I_rate=0.5,3955.099323236469,3638.1957666463913,4263.182598829496
2026-03-15,cumulative,all subpops,Age 6,new_H,E_to_I_rate=0.5,3959.624065813721,3642.921741818802,4266.627517735457
2026-03-16,cumulative,all subpops,Age 6,new_H,E_to_I_rate=0.5,3963.5464613489203,3647.6183750693763,4269.941800658089
2026-03-17,cumulative,all subpops,Age 6,new_H,E_to_I_rate=0.5,3966.9687645632303,3652.309230966407,4273.130554304476
2026-03-18,cumulative,all subpops,Age 6,new_H,E_to_I_rate=0.5,3971.196062472047,3657.0364378658005,4276.236344889077
2026-03-19,cumulative,all subpops,Age 6,new_H,E_to_I_rate=0.5,3974.9462206637445,3660.7931070354384,4279.31054256666
2026-03-20,cumulative,all subpops,Age 6,new_H,E_to_I_rate=0.5,3978.5753410311227,3664.206691870017,4282.810019845883
2026-03-21,cumulative,all subpops,Age 6,new_H,E_to_I_rate=0.5,3982.5874638179885,3667.618455141038,4286.59920356633
2026-03-22,cumulative,all subpops,Age 6,new_H,E_to_I_rate=0.5,3986.700501834219,3670.9836523663444,4290.316517852979
2026-03-23,cumulative,all subpops,Age 6,new_H,E_to_I_rate=0.5,3990.471252400065,3673.473906112526,4293.925259561478
2026-03-24,cumulative,all subpops,Age 6,new_H,E_to_I_rate=0.5,3994.176774876276,3675.57060734546,4297.436560806283
2026-03-25,cumulative,all subpops,Age 6,new_H,E_to_I_rate=0.5,3997.645878971168,3677.6636795881814,4300.919542301759
2026-03-26,cumulative,all subpops,Age 6,new_H,E_to_I_rate=0.5,4001.0265232816446,3679.767682745466,4304.408045620242
2026-03-27,cumulative,all subpops,Age 6,new_H,E_to_I_rate=0.5,4004.564819235278,3681.8827522196507,4307.893112700593
2026-03-28,cumulative,all subpops,Age 6,new_H,E_to_I_rate=0.5,4008.091674629253,3684.0239336022973,4311.39704501031
2026-03-29,cumulative,all subpops,Age 6,new_H,E_to_I_rate=0.5,4011.4660142662688,3686.190748024725,4314.92299149931
2026-03-30,cumulative,all subpops,Age 6,new_H,E_to_I_rate=0.5,4014.3840494187534,3688.3728777747338,4318.679132051502
2026-03-31,cumulative,all subpops,Age 6,new_H,E_to_I_rate=0.5,4017.3194605977733,3690.570931784224,4322.956813221635
2026-04-01,cumulative,all subpops,Age 6,new_H,E_to_I_rate=0.5,4020.3005255076396,3692.776613124217,4327.23566381424
2026-04-02,cumulative,all subpops,Age 6,new_H,E_to_I_rate=0.5,4023.818682615187,3694.990368600997,4331.493816528974
2026-04-03,cumulative,all subpops,Age 6,new_H,E_to_I_rate=0.5,4026.755958634142,3697.4077004620694,4335.7060558799685
2026-04-04,cumulative,all subpops,Age 6,new_H,E_to_I_rate=0.5,4029.1683770429586,3700.4024509871183,4339.909033249813
2026-04-05,cumulative,all subpops,Age 6,new_H,E_to_I_rate=0.5,4031.890938791265,3703.36829968825,4344.037932669037
2026-04-06,cumulative,all subpops,Age 6,new_H,E_to_I_rate=0.5,4034.7406224902015,3706.2783267107857,4348.054512802551
2026-04-07,cumulative,all subpops,Age 6,new_H,E_to_I_rate=0.5,4037.6545514232894,3709.170661218127,4352.024437328814
2026-04-08,cumulative,all subpops,Age 6,new_H,E_to_I_rate=0.5,4040.2548973159946,3712.0736554821524,4355.994657873767
2026-04-09,cumulative,all subpops,Age 6,new_H,E_to_I_rate=0.5,4043.1133115487373,3715.0046326084225,4359.993202885004
2026-04-10,cumulative,all subpops,Age 6,new_H,E_to_I_rate=0.5,4046.1626981851887,3717.9655829926287,4364.014334260631
2026-04-11,cumulative,all subpops,Age 6,new_H,E_to_I_rate=0.5,4049.4026074120593,3720.939409929573,4367.792427845772
2026-04-12,cumulative,all subpops,Age 6,new_H,E_to_I_rate=0.5,4052.1183345663676,3723.8815292604554,4370.160376161212
2026-04-13,cumulative,all subpops,Age 6,new_H,E_to_I_rate=0.5,4054.6418756617486,3726.76493271018,4372.413921675701
2026-04-14,cumulative,all subpops,Age 6,new_H,E_to_I_rate=0.5,4057.231400886634,3729.5888104407654,4374.580528227115
2026-04-15,cumulative,all subpops,Age 6,new_H,E_to_I_rate=0.5,4059.693508162438,3732.3488456580335,4376.725163028565
2026-04-16,cumulative,all subpops,Age 6,new_H,E_to_I_rate=0.5,4062.030343068166,3735.041332649752,4378.850325268929
2026-04-17,cumulative,all subpops,Age 6,new_H,E_to_I_rate=0.5,4064.210456604709,3737.665821417618,4380.961590026004
2026-04-18,cumulative,all subpops,Age 6,new_H,E_to_I_rate=0.5,4066.1510331314644,3739.991289225247,4383.0659262589525
2026-04-19,cumulative,all subpops,Age 6,new_H,E_to_I_rate=0.5,4068.172894474599,3742.190862582699,4385.148156132053
2026-04-20,cumulative,all subpops,Age 6,new_H,E_to_I_rate=0.5,4070.475358285911,3744.3355294169505,4387.204700642622
2026-04-21,cumulative,all subpops,Age 6,new_H,E_to_I_rate=0.5,4072.945969079665,3746.4498753855883,4389.124113269167
2026-04-22,cumulative,all subpops,Age 6,new_H,E_to_I_rate=0.5,4075.118988412546,3748.5490539594093,4391.114635913453
2026-04-23,cumulative,all subpops,Age 6,new_H,E_to_I_rate=0.5,4077.1750091976182,3750.6297601443043,4393.576998830253
2026-04-24,cumulative,all subpops,Age 6,new_H,E_to_I_rate=0.5,4079.1697750591993,3752.6875880930293,4395.787907417748
2026-04-25,cumulative,all subpops,Age 6,new_H,E_to_I_rate=0.5,4081.1005972779385,3754.7192030367373,4398.01587380179
2026-04-26,cumulative,all subpops,Age 6,new_H,E_to_I_rate=0.5,4082.9459337248427,3756.699927846019,4400.232234522997
2026-04-27,cumulative,all subpops,Age 6,new_H,E_to_I_rate=0.5,4084.8161961903847,3758.613624192142,4402.416265682799
2026-04-28,cumulative,all subpops,Age 6,new_H,E_to_I_rate=0.5,4087.7288102890197,3760.4742467699375,4404.584659044599
2026-04-29,cumulative,all subpops,Age 6,new_H,E_to_I_rate=0.5,4089.7306619761735,3762.296993525656,4406.759592444964
2026-04-30,cumulative,all subpops,Age 6,new_H,E_to_I_rate=0.5,4091.2885118533386,3764.0926121671187,4408.960042430396
2026-05-01,cumulative,all subpops,Age 6,new_H,E_to_I_rate=0.5,4093.130419479889,3765.8728683625714,4411.198838406243
2026-05-02,cumulative,all subpops,Age 6,new_H,E_to_I_rate=0.5,4094.75414833093,3767.557376173138,4413.467554141938
2026-05-03,cumulative,all subpops,Age 6,new_H,E_to_I_rate=0.5,4095.9219513529442,3768.9610277102984,4415.323545519102
2026-05-04,cumulative,all subpops,Age 6,new_H,E_to_I_rate=0.5,4097.051702295203,3770.314781173505,4416.679253856014
2026-05-05,cumulative,all subpops,Age 6,new_H,E_to_I_rate=0.5,4098.3448925062885,3771.6358680616913,4418.025289565298
2026-05-06,cumulative,all subpops,Age 6,new_H,E_to_I_rate=0.5,4099.782656097725,3772.9341078900047,4419.3399754840275
2026-05-07,cumulative,all subpops,Age 6,new_H,E_to_I_rate=0.5,4101.222264904946,3774.2182439430217,4420.625343872996
2026-05-08,cumulative,all subpops,Age 6,new_H,E_to_I_rate=0.5,4102.619306764833,3775.5057985454278,4421.922083910583
