{
  "compartments": {
    "S": [
      [
        12000.0,
        3000.0
      ],
      [
        51995.0,
        12995.0
      ],
      [
        16000.000000000004,
        4000.000000000001
      ]
    ],
    "E": [
      [
        0.0,
        0.0
      ],
      [
        5.0,
        5.0
      ],
      [
        0.0,
        0.0
      ]
    ],
    "I": [
      [
        0.0,
        0.0
      ],
      [
        0.0,
        0.0
      ],
      [
        0.0,
        0.0
      ]
    ],
    "R": [
      [
        0.0,
        0.0
      ],
      [
        0.0,
        0.0
      ],
      [
        0.0,
        0.0
      ]
    ]
  },
  "epi_metrics": {
    "M": [
      [
        0.05,
        0.05
      ],
      [
        0.05,
        0.05
      ],
      [
        0.025,
        0.025
      ]
    ],
    "MV": [
      [
        0.0,
        0.0
      ],
      [
        0.0,
        0.0
      ],
      [
        0.0,
        0.0
      ]
    ]
  }
}