{
  "compartments": {
    "S": [
      [
        18000.0,
        4500.0
      ],
      [
        78000.0,
        19500.0
      ],
      [
        24000.000000000004,
        6000.000000000001
      ]
    ],
    "E": [
      [
        0.0,
        0.0
      ],
      [
        0.0,
        0.0
      ],
      [
        0.0,
        0.0
      ]
    ],
    "I": [
      [
        0.0,
        0.0
      ],
      [
        0.0,
        0.0
      ],
      [
        0.0,
        0.0
      ]
    ],
    "R": [
      [
        0.0,
        0.0
      ],
      [
        0.0,
        0.0
      ],
      [
        0.0,
        0.0
      ]
    ]
  },
  "epi_metrics": {
    "M": [
      [
        0.05,
        0.05
      ],
      [
        0.05,
        0.05
      ],
      [
        0.025,
        0.025
      ]
    ],
    "MV": [
      [
        0.0,
        0.0
      ],
      [
        0.0,
        0.0
      ],
      [
        0.0,
        0.0
      ]
    ]
  }
}