date,series,subpopulation,age_group,metric,scenario,median,ci_lower_2.5,ci_upper_97.5
2025-09-01,daily,all subpops,all ages,new_H,baseline,0.0,0.0,1.0
2025-09-02,daily,all subpops,all ages,new_H,baseline,0.0,0.0,1.0
2025-09-03,daily,all subpops,all ages,new_H,baseline,0.0,0.0,1.0
2025-09-04,daily,all subpops,all ages,new_H,baseline,0.0,0.0,1.0
2025-09-05,daily,all subpops,all ages,new_H,baseline,0.0,0.0,1.0
2025-09-06,daily,all subpops,all ages,new_H,baseline,0.0,0.0,1.0
2025-09-07,daily,all subpops,all ages,new_H,baseline,0.0,0.0,1.0
2025-09-08,daily,all subpops,all ages,new_H,baseline,0.0,0.0,1.0
2025-09-09,daily,all subpops,all ages,new_H,baseline,0.0,0.0,1.0
2025-09-10,daily,all subpops,all ages,new_H,baseline,0.0,0.0,1.0
2025-09-11,daily,all subpops,all ages,new_H,baseline,0.0,0.0,1.0
2025-09-12,daily,all subpops,all ages,new_H,baseline,0.0,0.0,2.0
2025-09-13,daily,all subpops,all ages,new_H,baseline,0.0,0.0,1.0
2025-09-14,daily,all subpops,all ages,new_H,baseline,0.0,0.0,1.0
2025-09-15,daily,all subpops,all ages,new_H,baseline,0.0,0.0,2.0
2025-09-16,daily,all subpops,all ages,new_H,baseline,0.0,0.0,2.0
2025-09-17,daily,all subpops,all ages,new_H,baseline,0.0,0.0,1.0
2025-09-18,daily,all subpops,all ages,new_H,baseline,0.0,0.0,2.0
2025-09-19,daily,all subpops,all ages,new_H,baseline,0.0,0.0,2.0
2025-09-20,daily,all subpops,all ages,new_H,baseline,0.0,0.0,2.0
2025-09-21,daily,all subpops,all ages,new_H,baseline,0.0,0.0,2.0
2025-09-22,daily,all subpops,all ages,new_H,baseline,0.0,0.0,2.0
2025-09-23,daily,all subpops,all ages,new_H,baseline,0.0,0.0,2.0
2025-09-24,daily,all subpops,all ages,new_H,baseline,0.0,0.0,2.0
2025-09-25,daily,all subpops,all ages,new_H,baseline,0.0,0.0,2.0
2025-09-26,daily,all subpops,all ages,new_H,baseline,0.0,0.0,2.0
2025-09-27,daily,all subpops,all ages,new_H,baseline,0.0,0.0,2.0
2025-09-28,daily,all subpops,all ages,new_H,baseline,0.0,0.0,3.0
2025-09-29,daily,all subpops,all ages,new_H,baseline,0.0,0.0,2.3000000000000114
2025-09-30,daily,all subpops,all ages,new_H,baseline,0.0,0.0,3.0
2025-10-01,daily,all subpops,all ages,new_H,baseline,0.0,0.0,3.0
2025-10-02,daily,all subpops,all ages,new_H,baseline,1.0,0.0,3.0
2025-10-03,daily,all subpops,all ages,new_H,baseline,1.0,0.0,3.0
2025-10-04,daily,all subpops,all ages,new_H,baseline,1.0,0.0,3.0
2025-10-05,daily,all subpops,all ages,new_H,baseline,1.0,0.0,3.0
2025-10-06,daily,all subpops,all ages,new_H,baseline,1.0,0.0,3.0
2025-10-07,daily,all subpops,all ages,new_H,baseline,1.0,0.0,4.0
2025-10-08,daily,all subpops,all ages,new_H,baseline,1.0,0.0,3.0
2025-10-09,daily,all subpops,all ages,new_H,baseline,1.0,0.0,4.0
2025-10-10,daily,all subpops,all ages,new_H,baseline,1.0,0.0,4.0
2025-10-11,daily,all subpops,all ages,new_H,baseline,1.0,0.0,5.0
2025-10-12,daily,all subpops,all ages,new_H,baseline,1.0,0.0,5.0
2025-10-13,daily,all subpops,all ages,new_H,baseline,2.0,0.0,5.0
2025-10-14,daily,all subpops,all ages,new_H,baseline,2.0,0.0,5.0
2025-10-15,daily,all subpops,all ages,new_H,baseline,2.0,0.0,5.0
2025-10-16,daily,all subpops,all ages,new_H,baseline,2.0,0.0,5.0
2025-10-17,daily,all subpops,all ages,new_H,baseline,2.0,0.0,6.0
2025-10-18,daily,all subpops,all ages,new_H,baseline,2.0,0.0,6.0
2025-10-19,daily,all subpops,all ages,new_H,baseline,2.0,0.0,6.0
2025-10-20,daily,all subpops,all ages,new_H,baseline,2.0,0.0,6.0
2025-10-21,daily,all subpops,all ages,new_H,baseline,3.0,0.0,7.0
2025-10-22,daily,all subpops,all ages,new_H,baseline,3.0,0.0,7.0
2025-10-23,daily,all subpops,all ages,new_H,baseline,3.0,0.0,7.0
2025-10-24,daily,all subpops,all ages,new_H,baseline,3.0,1.0,8.0
2025-10-25,daily,all subpops,all ages,new_H,baseline,4.0,0.7000000000000011,9.0
2025-10-26,daily,all subpops,all ages,new_H,baseline,4.0,1.0,9.0
2025-10-27,daily,all subpops,all ages,new_H,baseline,4.0,1.0,9.0
2025-10-28,daily,all subpops,all ages,new_H,baseline,4.0,1.0,9.300000000000011
2025-10-29,daily,all subpops,all ages,new_H,baseline,5.0,1.0,9.0
2025-10-30,daily,all subpops,all ages,new_H,baseline,5.0,1.0,10.0
2025-10-31,daily,all subpops,all ages,new_H,baseline,6.0,2.0,11.0
2025-11-01,daily,all subpops,all ages,new_H,baseline,6.0,1.0,12.300000000000011
2025-11-02,daily,all subpops,all ages,new_H,baseline,7.0,2.0,13.0
2025-11-03,daily,all subpops,all ages,new_H,baseline,7.0,2.0,13.0
2025-11-04,daily,all subpops,all ages,new_H,baseline,7.0,2.0,13.0
2025-11-05,daily,all subpops,all ages,new_H,baseline,8.0,3.0,15.0
2025-11-06,daily,all subpops,all ages,new_H,baseline,9.0,3.0,15.0
2025-11-07,daily,all subpops,all ages,new_H,baseline,9.0,3.0,18.0
2025-11-08,daily,all subpops,all ages,new_H,baseline,10.0,3.700000000000001,18.0
2025-11-09,daily,all subpops,all ages,new_H,baseline,11.0,4.700000000000001,18.30000000000001
2025-11-10,daily,all subpops,all ages,new_H,baseline,11.0,5.0,19.0
2025-11-11,daily,all subpops,all ages,new_H,baseline,12.0,5.700000000000001,20.0
2025-11-12,daily,all subpops,all ages,new_H,baseline,12.0,5.0,20.0
2025-11-13,daily,all subpops,all ages,new_H,baseline,13.0,6.0,22.0
2025-11-14,daily,all subpops,all ages,new_H,baseline,14.0,7.0,24.0
2025-11-15,daily,all subpops,all ages,new_H,baseline,16.0,8.0,25.0
2025-11-16,daily,all subpops,all ages,new_H,baseline,16.0,8.0,27.0
2025-11-17,daily,all subpops,all ages,new_H,baseline,17.0,8.0,26.0
2025-11-18,daily,all subpops,all ages,new_H,baseline,18.0,10.0,29.0
2025-11-19,daily,all subpops,all ages,new_H,baseline,19.0,10.0,30.0
2025-11-20,daily,all subpops,all ages,new_H,baseline,21.0,11.0,32.0
2025-11-21,daily,all subpops,all ages,new_H,baseline,23.0,13.0,34.0
2025-11-22,daily,all subpops,all ages,new_H,baseline,25.0,14.0,38.0
2025-11-23,daily,all subpops,all ages,new_H,baseline,25.0,15.0,39.0
2025-11-24,daily,all subpops,all ages,new_H,baseline,26.0,17.0,40.0
2025-11-25,daily,all subpops,all ages,new_H,baseline,27.0,16.0,41.0
2025-11-26,daily,all subpops,all ages,new_H,baseline,30.0,18.0,43.0
2025-11-27,daily,all subpops,all ages,new_H,baseline,31.0,20.0,47.0
2025-11-28,daily,all subpops,all ages,new_H,baseline,33.0,21.0,47.30000000000001
2025-11-29,daily,all subpops,all ages,new_H,baseline,34.0,19.0,47.30000000000001
2025-11-30,daily,all subpops,all ages,new_H,baseline,34.0,22.0,49.0
2025-12-01,daily,all subpops,all ages,new_H,baseline,34.0,21.700000000000003,49.0
2025-12-02,daily,all subpops,all ages,new_H,baseline,36.0,25.0,51.0
2025-12-03,daily,all subpops,all ages,new_H,baseline,37.0,26.0,52.0
2025-12-04,daily,all subpops,all ages,new_H,baseline,39.0,27.0,57.0
2025-12-05,daily,all subpops,all ages,new_H,baseline,42.0,29.0,59.0
2025-12-06,daily,all subpops,all ages,new_H,baseline,44.0,30.0,63.0
2025-12-07,daily,all subpops,all ages,new_H,baseline,47.0,32.0,63.30000000000001
2025-12-08,daily,all subpops,all ages,new_H,baseline,47.0,33.0,64.30000000000001
2025-12-09,daily,all subpops,all ages,new_H,baseline,49.0,35.0,67.30000000000001
2025-12-10,daily,all subpops,all ages,new_H,baseline,52.0,36.0,71.0
2025-12-11,daily,all subpops,all ages,new_H,baseline,55.0,37.0,74.0
2025-12-12,daily,all subpops,all ages,new_H,baseline,59.0,40.0,79.30000000000001
2025-12-13,daily,all subpops,all ages,new_H,baseline,63.0,45.7,82.0
2025-12-14,daily,all subpops,all ages,new_H,baseline,66.0,46.0,84.30000000000001
2025-12-15,daily,all subpops,all ages,new_H,baseline,66.0,49.0,86.0
2025-12-16,daily,all subpops,all ages,new_H,baseline,69.0,50.0,88.0
2025-12-17,daily,all subpops,all ages,new_H,baseline,71.0,51.7,92.30000000000001
2025-12-18,daily,all subpops,all ages,new_H,baseline,75.0,58.0,97.0
2025-12-19,daily,all subpops,all ages,new_H,baseline,80.0,59.7,99.30000000000001
2025-12-20,daily,all subpops,all ages,new_H,baseline,84.0,62.0,103.0
2025-12-21,daily,all subpops,all ages,new_H,baseline,85.0,65.7,106.0
2025-12-22,daily,all subpops,all ages,new_H,baseline,85.0,65.0,106.30000000000001
2025-12-23,daily,all subpops,all ages,new_H,baseline,85.0,65.7,104.0
2025-12-24,daily,all subpops,all ages,new_H,baseline,85.0,67.0,107.0
2025-12-25,daily,all subpops,all ages,new_H,baseline,87.0,67.0,107.0
2025-12-26,daily,all subpops,all ages,new_H,baseline,85.0,67.0,106.0
2025-12-27,daily,all subpops,all ages,new_H,baseline,85.0,67.0,105.0
2025-12-28,daily,all subpops,all ages,new_H,baseline,84.0,63.7,104.0
2025-12-29,daily,all subpops,all ages,new_H,baseline,79.0,63.0,99.30000000000001
2025-12-30,daily,all subpops,all ages,new_H,baseline,78.0,61.0,97.30000000000001
2025-12-31,daily,all subpops,all ages,new_H,baseline,76.0,60.0,95.0
2026-01-01,daily,all subpops,all ages,new_H,baseline,75.0,59.0,93.0
2026-01-02,daily,all subpops,all ages,new_H,baseline,74.0,59.0,91.30000000000001
2026-01-03,daily,all subpops,all ages,new_H,baseline,71.0,55.7,90.0
2026-01-04,daily,all subpops,all ages,new_H,baseline,70.0,51.0,85.0
2026-01-05,daily,all subpops,all ages,new_H,baseline,65.0,50.0,82.0
2026-01-06,daily,all subpops,all ages,new_H,baseline,64.0,47.0,78.30000000000001
2026-01-07,daily,all subpops,all ages,new_H,baseline,62.0,47.0,81.0
2026-01-08,daily,all subpops,all ages,new_H,baseline,62.0,47.0,79.0
2026-01-09,daily,all subpops,all ages,new_H,baseline,61.0,46.0,78.0
2026-01-10,daily,all subpops,all ages,new_H,baseline,61.0,45.0,75.0
2026-01-11,daily,all subpops,all ages,new_H,baseline,60.0,45.0,76.30000000000001
2026-01-12,daily,all subpops,all ages,new_H,baseline,57.0,43.0,72.0
2026-01-13,daily,all subpops,all ages,new_H,baseline,56.0,41.0,70.0
2026-01-14,daily,all subpops,all ages,new_H,baseline,55.0,43.0,69.0
2026-01-15,daily,all subpops,all ages,new_H,baseline,56.0,42.7,72.0
2026-01-16,daily,all subpops,all ages,new_H,baseline,56.0,42.7,73.0
2026-01-17,daily,all subpops,all ages,new_H,baseline,57.0,42.400000000000006,73.0
2026-01-18,daily,all subpops,all ages,new_H,baseline,55.0,42.0,69.0
2026-01-19,daily,all subpops,all ages,new_H,baseline,53.0,39.0,71.0
2026-01-20,daily,all subpops,all ages,new_H,baseline,52.0,36.0,68.0
2026-01-21,daily,all subpops,all ages,new_H,baseline,50.0,35.0,67.0
2026-01-22,daily,all subpops,all ages,new_H,baseline,50.0,35.7,67.30000000000001
2026-01-23,daily,all subpops,all ages,new_H,baseline,52.0,36.0,67.0
2026-01-24,daily,all subpops,all ages,new_H,baseline,50.0,35.7,67.0
2026-01-25,daily,all subpops,all ages,new_H,baseline,50.0,35.0,68.0
2026-01-26,daily,all subpops,all ages,new_H,baseline,48.0,35.0,63.30000000000001
2026-01-27,daily,all subpops,all ages,new_H,baseline,46.0,33.0,63.0
2026-01-28,daily,all subpops,all ages,new_H,baseline,46.0,31.700000000000003,63.0
2026-01-29,daily,all subpops,all ages,new_H,baseline,46.0,32.7,62.30000000000001
2026-01-30,daily,all subpops,all ages,new_H,baseline,46.0,32.0,61.0
2026-01-31,daily,all subpops,all ages,new_H,baseline,46.0,31.700000000000003,61.0
2026-02-01,daily,all subpops,all ages,new_H,baseline,45.0,30.0,62.0
2026-02-02,daily,all subpops,all ages,new_H,baseline,44.0,29.0,60.30000000000001
2026-02-03,daily,all subpops,all ages,new_H,baseline,42.0,27.700000000000003,57.0
2026-02-04,daily,all subpops,all ages,new_H,baseline,42.0,29.0,58.0
2026-02-05,daily,all subpops,all ages,new_H,baseline,41.0,27.0,56.30000000000001
2026-02-06,daily,all subpops,all ages,new_H,baseline,41.0,26.0,57.0
2026-02-07,daily,all subpops,all ages,new_H,baseline,40.0,27.0,57.0
2026-02-08,daily,all subpops,all ages,new_H,baseline,39.0,25.700000000000003,57.0
2026-02-09,daily,all subpops,all ages,new_H,baseline,38.0,23.700000000000003,54.0
2026-02-10,daily,all subpops,all ages,new_H,baseline,37.0,23.0,53.30000000000001
2026-02-11,daily,all subpops,all ages,new_H,baseline,36.0,23.0,51.0
2026-02-12,daily,all subpops,all ages,new_H,baseline,36.0,22.0,51.0
2026-02-13,daily,all subpops,all ages,new_H,baseline,34.0,23.0,51.0
2026-02-14,daily,all subpops,all ages,new_H,baseline,34.0,21.0,51.0
2026-02-15,daily,all subpops,all ages,new_H,baseline,33.0,21.0,49.0
2026-02-16,daily,all subpops,all ages,new_H,baseline,31.0,20.0,45.60000000000002
2026-02-17,daily,all subpops,all ages,new_H,baseline,30.0,18.0,46.0
2026-02-18,daily,all subpops,all ages,new_H,baseline,28.0,17.700000000000003,41.0
2026-02-19,daily,all subpops,all ages,new_H,baseline,27.0,16.700000000000003,41.30000000000001
2026-02-20,daily,all subpops,all ages,new_H,baseline,27.0,16.0,40.0
2026-02-21,daily,all subpops,all ages,new_H,baseline,25.0,14.700000000000001,39.0
2026-02-22,daily,all subpops,all ages,new_H,baseline,24.0,14.0,37.30000000000001
2026-02-23,daily,all subpops,all ages,new_H,baseline,22.0,11.700000000000001,35.0
2026-02-24,daily,all subpops,all ages,new_H,baseline,21.0,11.700000000000001,32.0
2026-02-25,daily,all subpops,all ages,new_H,baseline,20.0,10.700000000000001,31.30000000000001
2026-02-26,daily,all subpops,all ages,new_H,baseline,19.0,10.700000000000001,30.0
2026-02-27,daily,all subpops,all ages,new_H,baseline,19.0,10.0,30.0
2026-02-28,daily,all subpops,all ages,new_H,baseline,18.0,9.0,28.0
2026-03-01,daily,all subpops,all ages,new_H,baseline,17.0,8.0,28.0
2026-03-02,daily,all subpops,all ages,new_H,baseline,15.0,8.0,25.0
2026-03-03,daily,all subpops,all ages,new_H,baseline,15.0,8.0,25.0
2026-03-04,daily,all subpops,all ages,new_H,baseline,14.0,7.0,23.30000000000001
2026-03-05,daily,all subpops,all ages,new_H,baseline,14.0,6.0,22.0
2026-03-06,daily,all subpops,all ages,new_H,baseline,14.0,7.0,23.0
2026-03-07,daily,all subpops,all ages,new_H,baseline,13.0,6.0,22.0
2026-03-08,daily,all subpops,all ages,new_H,baseline,12.0,6.0,21.30000000000001
2026-03-09,daily,all subpops,all ages,new_H,baseline,12.0,5.0,19.0
2026-03-10,daily,all subpops,all ages,new_H,baseline,11.0,6.0,19.0
2026-03-11,daily,all subpops,all ages,new_H,baseline,10.0,5.0,18.30000000000001
2026-03-12,daily,all subpops,all ages,new_H,baseline,10.0,4.0,17.0
2026-03-13,daily,all subpops,all ages,new_H,baseline,10.0,4.0,18.30000000000001
2026-03-14,daily,all subpops,all ages,new_H,baseline,9.0,4.0,17.0
2026-03-15,daily,all subpops,all ages,new_H,baseline,9.0,3.700000000000001,16.0
2026-03-16,daily,all subpops,all ages,new_H,baseline,8.0,3.0,15.0
2026-03-17,daily,all subpops,all ages,new_H,baseline,8.0,3.0,15.0
2026-03-18,daily,all subpops,all ages,new_H,baseline,8.0,2.0,15.0
2026-03-19,daily,all subpops,all ages,new_H,baseline,7.0,2.0,13.0
2026-03-20,daily,all subpops,all ages,new_H,baseline,7.0,2.0,14.0
2026-03-21,daily,all subpops,all ages,new_H,baseline,7.0,2.0,13.0
2026-03-22,daily,all subpops,all ages,new_H,baseline,7.0,2.0,13.0
2026-03-23,daily,all subpops,all ages,new_H,baseline,6.0,1.700000000000001,12.0
2026-03-24,daily,all subpops,all ages,new_H,baseline,6.0,1.0,11.300000000000011
2026-03-25,daily,all subpops,all ages,new_H,baseline,5.0,2.0,11.0
2026-03-26,daily,all subpops,all ages,new_H,baseline,5.0,1.0,10.0
2026-03-27,daily,all subpops,all ages,new_H,baseline,5.0,1.0,10.0
2026-03-28,daily,all subpops,all ages,new_H,baseline,5.0,1.0,11.0
2026-03-29,daily,all subpops,all ages,new_H,baseline,5.0,1.0,10.0
2026-03-30,daily,all subpops,all ages,new_H,baseline,4.0,1.0,10.0
2026-03-31,daily,all subpops,all ages,new_H,baseline,4.0,1.0,9.300000000000011
2026-04-01,daily,all subpops,all ages,new_H,baseline,4.0,1.0,8.0
2026-04-02,daily,all subpops,all ages,new_H,baseline,4.0,0.0,8.0
2026-04-03,daily,all subpops,all ages,new_H,baseline,3.0,0.0,8.0
2026-04-04,daily,all subpops,all ages,new_H,baseline,3.0,0.0,8.0
2026-04-05,daily,all subpops,all ages,new_H,baseline,3.0,0.0,7.300000000000011
2026-04-06,daily,all subpops,all ages,new_H,baseline,3.0,0.0,7.0
2026-04-07,daily,all subpops,all ages,new_H,baseline,3.0,0.0,7.0
2026-04-08,daily,all subpops,all ages,new_H,baseline,3.0,0.0,7.0
2026-04-09,daily,all subpops,all ages,new_H,baseline,2.0,0.0,6.0
2026-04-10,daily,all subpops,all ages,new_H,baseline,3.0,0.0,7.0
2026-04-11,daily,all subpops,all ages,new_H,baseline,2.0,0.0,6.0
2026-04-12,daily,all subpops,all ages,new_H,baseline,2.0,0.0,6.0
2026-04-13,daily,all subpops,all ages,new_H,baseline,2.0,0.0,6.0
2026-04-14,daily,all subpops,all ages,new_H,baseline,2.0,0.0,6.0
2026-04-15,daily,all subpops,all ages,new_H,baseline,2.0,0.0,5.0
2026-04-16,daily,all subpops,all ages,new_H,baseline,2.0,0.0,5.0
2026-04-17,daily,all subpops,all ages,new_H,baseline,2.0,0.0,5.0
2026-04-18,daily,all subpops,all ages,new_H,baseline,2.0,0.0,5.0
2026-04-19,daily,all subpops,all ages,new_H,baseline,1.0,0.0,5.0
2026-04-20,daily,all subpops,all ages,new_H,baseline,1.0,0.0,4.0
2026-04-21,daily,all subpops,all ages,new_H,baseline,1.0,0.0,4.0
2026-04-22,daily,all subpops,all ages,new_H,baseline,1.0,0.0,4.0
2026-04-23,daily,all subpops,all ages,new_H,baseline,1.0,0.0,4.0
2026-04-24,daily,all subpops,all ages,new_H,baseline,1.0,0.0,4.0
2026-04-25,daily,all subpops,all ages,new_H,baseline,1.0,0.0,4.0
2026-04-26,daily,all subpops,all ages,new_H,baseline,1.0,0.0,3.0
2026-04-27,daily,all subpops,all ages,new_H,baseline,1.0,0.0,3.3000000000000114
2026-04-28,daily,all subpops,all ages,new_H,baseline,1.0,0.0,3.0
2026-04-29,daily,all subpops,all ages,new_H,baseline,1.0,0.0,3.0
2026-04-30,daily,all subpops,all ages,new_H,baseline,1.0,0.0,3.0
2026-05-01,daily,all subpops,all ages,new_H,baseline,1.0,0.0,3.0
2026-05-02,daily,all subpops,all ages,new_H,baseline,0.0,0.0,2.0
2026-05-03,daily,all subpops,all ages,new_H,baseline,0.0,0.0,3.0
2026-05-04,daily,all subpops,all ages,new_H,baseline,1.0,0.0,2.3000000000000114
2026-05-05,daily,all subpops,all ages,new_H,baseline,0.0,0.0,2.0
2026-05-06,daily,all subpops,all ages,new_H,baseline,0.0,0.0,2.3000000000000114
2026-05-07,daily,all subpops,all ages,new_H,baseline,0.0,0.0,2.0
2026-05-08,daily,all subpops,all ages,new_H,baseline,0.0,0.0,2.0
2025-09-01,cumulative,all subpops,all ages,new_H,baseline,0.0,0.0,1.0
2025-09-02,cumulative,all subpops,all ages,new_H,baseline,0.0,0.0,2.0
2025-09-03,cumulative,all subpops,all ages,new_H,baseline,0.0,0.0,2.0
2025-09-04,cumulative,all subpops,all ages,new_H,baseline,0.0,0.0,3.0
2025-09-05,cumulative,all subpops,all ages,new_H,baseline,1.0,0.0,3.0
2025-09-06,cumulative,all subpops,all ages,new_H,baseline,1.0,0.0,3.3000000000000114
2025-09-07,cumulative,all subpops,all ages,new_H,baseline,1.0,0.0,4.0
2025-09-08,cumulative,all subpops,all ages,new_H,baseline,1.0,0.0,4.0
2025-09-09,cumulative,all subpops,all ages,new_H,baseline,1.0,0.0,4.0
2025-09-10,cumulative,all subpops,all ages,new_H,baseline,2.0,0.0,5.0
2025-09-11,cumulative,all subpops,all ages,new_H,baseline,2.0,0.0,5.0
2025-09-12,cumulative,all subpops,all ages,new_H,baseline,2.0,0.0,5.0
2025-09-13,cumulative,all subpops,all ages,new_H,baseline,2.0,0.0,6.0
2025-09-14,cumulative,all subpops,all ages,new_H,baseline,2.0,0.0,6.0
2025-09-15,cumulative,all subpops,all ages,new_H,baseline,3.0,0.0,6.0
2025-09-16,cumulative,all subpops,all ages,new_H,baseline,3.0,1.0,7.0
2025-09-17,cumulative,all subpops,all ages,new_H,baseline,3.0,1.0,7.0
2025-09-18,cumulative,all subpops,all ages,new_H,baseline,4.0,1.0,8.0
2025-09-19,cumulative,all subpops,all ages,new_H,baseline,4.0,1.0,9.0
2025-09-20,cumulative,all subpops,all ages,new_H,baseline,4.0,1.0,9.0
2025-09-21,cumulative,all subpops,all ages,new_H,baseline,5.0,1.0,9.0
2025-09-22,cumulative,all subpops,all ages,new_H,baseline,5.0,2.0,10.0
2025-09-23,cumulative,all subpops,all ages,new_H,baseline,6.0,2.0,11.0
2025-09-24,cumulative,all subpops,all ages,new_H,baseline,6.0,2.0,11.0
2025-09-25,cumulative,all subpops,all ages,new_H,baseline,6.0,2.0,12.300000000000011
2025-09-26,cumulative,all subpops,all ages,new_H,baseline,7.0,2.0,13.0
2025-09-27,cumulative,all subpops,all ages,new_H,baseline,8.0,3.0,14.0
2025-09-28,cumulative,all subpops,all ages,new_H,baseline,8.0,3.0,15.0
2025-09-29,cumulative,all subpops,all ages,new_H,baseline,9.0,4.0,16.0
2025-09-30,cumulative,all subpops,all ages,new_H,baseline,9.0,4.0,17.0
2025-10-01,cumulative,all subpops,all ages,new_H,baseline,10.0,4.0,18.0
2025-10-02,cumulative,all subpops,all ages,new_H,baseline,11.0,5.0,18.0
2025-10-03,cumulative,all subpops,all ages,new_H,baseline,12.0,5.0,20.0
2025-10-04,cumulative,all subpops,all ages,new_H,baseline,13.0,6.0,21.0
2025-10-05,cumulative,all subpops,all ages,new_H,baseline,14.0,7.0,22.30000000000001
2025-10-06,cumulative,all subpops,all ages,new_H,baseline,15.0,7.0,25.0
2025-10-07,cumulative,all subpops,all ages,new_H,baseline,16.0,8.0,25.0
2025-10-08,cumulative,all subpops,all ages,new_H,baseline,17.0,9.0,27.0
2025-10-09,cumulative,all subpops,all ages,new_H,baseline,19.0,10.0,29.0
2025-10-10,cumulative,all subpops,all ages,new_H,baseline,20.0,11.0,31.0
2025-10-11,cumulative,all subpops,all ages,new_H,baseline,22.0,12.0,33.0
2025-10-12,cumulative,all subpops,all ages,new_H,baseline,23.0,14.0,35.0
2025-10-13,cumulative,all subpops,all ages,new_H,baseline,25.0,15.0,37.0
2025-10-14,cumulative,all subpops,all ages,new_H,baseline,27.0,16.0,39.0
2025-10-15,cumulative,all subpops,all ages,new_H,baseline,29.0,17.0,41.30000000000001
2025-10-16,cumulative,all subpops,all ages,new_H,baseline,30.0,18.700000000000003,44.0
2025-10-17,cumulative,all subpops,all ages,new_H,baseline,32.0,20.0,47.0
2025-10-18,cumulative,all subpops,all ages,new_H,baseline,35.0,22.0,51.0
2025-10-19,cumulative,all subpops,all ages,new_H,baseline,38.0,24.0,55.30000000000001
2025-10-20,cumulative,all subpops,all ages,new_H,baseline,40.0,25.0,57.0
2025-10-21,cumulative,all subpops,all ages,new_H,baseline,43.0,27.0,61.30000000000001
2025-10-22,cumulative,all subpops,all ages,new_H,baseline,46.0,28.700000000000003,65.30000000000001
2025-10-23,cumulative,all subpops,all ages,new_H,baseline,49.0,31.0,69.0
2025-10-24,cumulative,all subpops,all ages,new_H,baseline,52.0,34.7,75.0
2025-10-25,cumulative,all subpops,all ages,new_H,baseline,56.0,38.0,79.0
2025-10-26,cumulative,all subpops,all ages,new_H,baseline,60.0,41.0,84.30000000000001
2025-10-27,cumulative,all subpops,all ages,new_H,baseline,64.0,44.0,92.60000000000002
2025-10-28,cumulative,all subpops,all ages,new_H,baseline,68.0,48.0,97.30000000000001
2025-10-29,cumulative,all subpops,all ages,new_H,baseline,73.0,51.7,104.30000000000001
2025-10-30,cumulative,all subpops,all ages,new_H,baseline,78.0,55.0,110.0
2025-10-31,cumulative,all subpops,all ages,new_H,baseline,84.0,59.0,119.60000000000002
2025-11-01,cumulative,all subpops,all ages,new_H,baseline,89.0,64.0,127.0
2025-11-02,cumulative,all subpops,all ages,new_H,baseline,96.0,68.0,139.3
2025-11-03,cumulative,all subpops,all ages,new_H,baseline,104.0,75.7,146.90000000000003
2025-11-04,cumulative,all subpops,all ages,new_H,baseline,110.0,80.0,156.90000000000003
2025-11-05,cumulative,all subpops,all ages,new_H,baseline,119.0,85.0,167.3
2025-11-06,cumulative,all subpops,all ages,new_H,baseline,127.0,92.7,176.0
2025-11-07,cumulative,all subpops,all ages,new_H,baseline,137.0,99.4,192.60000000000002
2025-11-08,cumulative,all subpops,all ages,new_H,baseline,147.0,108.7,205.0
2025-11-09,cumulative,all subpops,all ages,new_H,baseline,159.0,116.7,220.3
2025-11-10,cumulative,all subpops,all ages,new_H,baseline,169.0,123.7,234.3
2025-11-11,cumulative,all subpops,all ages,new_H,baseline,182.0,132.0,247.60000000000002
2025-11-12,cumulative,all subpops,all ages,new_H,baseline,194.0,140.7,261.90000000000003
2025-11-13,cumulative,all subpops,all ages,new_H,baseline,207.0,150.7,280.90000000000003
2025-11-14,cumulative,all subpops,all ages,new_H,baseline,223.0,159.7,303.0
2025-11-15,cumulative,all subpops,all ages,new_H,baseline,238.0,172.1,324.3
2025-11-16,cumulative,all subpops,all ages,new_H,baseline,254.0,185.0,344.90000000000003
2025-11-17,cumulative,all subpops,all ages,new_H,baseline,271.0,197.7,364.0
2025-11-18,cumulative,all subpops,all ages,new_H,baseline,289.0,213.7,389.3
2025-11-19,cumulative,all subpops,all ages,new_H,baseline,308.0,227.0,412.0
2025-11-20,cumulative,all subpops,all ages,new_H,baseline,328.0,242.0,439.0
2025-11-21,cumulative,all subpops,all ages,new_H,baseline,353.0,261.6,462.90000000000003
2025-11-22,cumulative,all subpops,all ages,new_H,baseline,378.0,277.4,494.3
2025-11-23,cumulative,all subpops,all ages,new_H,baseline,404.0,301.7,526.5
2025-11-24,cumulative,all subpops,all ages,new_H,baseline,432.0,325.7,559.8000000000001
2025-11-25,cumulative,all subpops,all ages,new_H,baseline,460.0,344.7,597.0
2025-11-26,cumulative,all subpops,all ages,new_H,baseline,490.0,370.5,628.4000000000001
2025-11-27,cumulative,all subpops,all ages,new_H,baseline,519.0,393.7,672.3000000000002
2025-11-28,cumulative,all subpops,all ages,new_H,baseline,553.0,419.7,718.5
2025-11-29,cumulative,all subpops,all ages,new_H,baseline,587.0,445.4,761.8000000000001
2025-11-30,cumulative,all subpops,all ages,new_H,baseline,621.0,471.3,804.6
2025-12-01,cumulative,all subpops,all ages,new_H,baseline,655.0,496.90000000000003,848.2
2025-12-02,cumulative,all subpops,all ages,new_H,baseline,689.0,527.0,889.3
2025-12-03,cumulative,all subpops,all ages,new_H,baseline,727.0,557.7,937.3
2025-12-04,cumulative,all subpops,all ages,new_H,baseline,766.0,587.1,986.3
2025-12-05,cumulative,all subpops,all ages,new_H,baseline,811.0,620.1,1041.0
2025-12-06,cumulative,all subpops,all ages,new_H,baseline,854.0,651.7,1094.3
2025-12-07,cumulative,all subpops,all ages,new_H,baseline,903.0,689.1,1147.0
2025-12-08,cumulative,all subpops,all ages,new_H,baseline,950.0,727.1,1204.6
2025-12-09,cumulative,all subpops,all ages,new_H,baseline,1001.0,768.4,1259.8000000000002
2025-12-10,cumulative,all subpops,all ages,new_H,baseline,1050.0,814.6,1325.6
2025-12-11,cumulative,all subpops,all ages,new_H,baseline,1104.0,860.4,1388.3
2025-12-12,cumulative,all subpops,all ages,new_H,baseline,1164.0,916.5,1467.3
2025-12-13,cumulative,all subpops,all ages,new_H,baseline,1228.0,963.7,1544.4
2025-12-14,cumulative,all subpops,all ages,new_H,baseline,1295.0,1013.7,1619.6
2025-12-15,cumulative,all subpops,all ages,new_H,baseline,1362.0,1075.9,1697.2000000000003
2025-12-16,cumulative,all subpops,all ages,new_H,baseline,1428.0,1134.9,1772.7000000000003
2025-12-17,cumulative,all subpops,all ages,new_H,baseline,1501.0,1191.5,1861.0
2025-12-18,cumulative,all subpops,all ages,new_H,baseline,1578.0,1254.7,1944.3
2025-12-19,cumulative,all subpops,all ages,new_H,baseline,1658.0,1326.0,2039.9
2025-12-20,cumulative,all subpops,all ages,new_H,baseline,1743.0,1406.8,2126.3
2025-12-21,cumulative,all subpops,all ages,new_H,baseline,1826.0,1488.4,2220.3
2025-12-22,cumulative,all subpops,all ages,new_H,baseline,1911.0,1561.6,2307.9
2025-12-23,cumulative,all subpops,all ages,new_H,baseline,1993.0,1633.3,2400.6
2025-12-24,cumulative,all subpops,all ages,new_H,baseline,2080.0,1702.7,2491.5
2025-12-25,cumulative,all subpops,all ages,new_H,baseline,2172.0,1782.4,2593.5
2025-12-26,cumulative,all subpops,all ages,new_H,baseline,2255.0,1846.7,2686.6
2025-12-27,cumulative,all subpops,all ages,new_H,baseline,2340.0,1936.7,2780.5
2025-12-28,cumulative,all subpops,all ages,new_H,baseline,2425.0,2012.6,2875.8
2025-12-29,cumulative,all subpops,all ages,new_H,baseline,2505.0,2081.7,2950.2000000000003
2025-12-30,cumulative,all subpops,all ages,new_H,baseline,2582.0,2155.2,3032.3
2025-12-31,cumulative,all subpops,all ages,new_H,baseline,2660.0,2228.3,3106.7000000000003
2026-01-01,cumulative,all subpops,all ages,new_H,baseline,2730.0,2291.3,3180.8
2026-01-02,cumulative,all subpops,all ages,new_H,baseline,2808.0,2362.0,3247.0000000000005
2026-01-03,cumulative,all subpops,all ages,new_H,baseline,2880.0,2425.0,3330.9
2026-01-04,cumulative,all subpops,all ages,new_H,baseline,2949.0,2491.3,3395.8
2026-01-05,cumulative,all subpops,all ages,new_H,baseline,3014.0,2554.7,3463.7000000000003
2026-01-06,cumulative,all subpops,all ages,new_H,baseline,3087.0,2607.7,3522.8
2026-01-07,cumulative,all subpops,all ages,new_H,baseline,3146.0,2670.1,3580.0000000000005
2026-01-08,cumulative,all subpops,all ages,new_H,baseline,3207.0,2740.1,3646.9
2026-01-09,cumulative,all subpops,all ages,new_H,baseline,3266.0,2800.1,3708.5000000000005
2026-01-10,cumulative,all subpops,all ages,new_H,baseline,3333.0,2853.2,3771.0
2026-01-11,cumulative,all subpops,all ages,new_H,baseline,3395.0,2908.8,3832.6000000000004
2026-01-12,cumulative,all subpops,all ages,new_H,baseline,3450.0,2965.5,3894.4
2026-01-13,cumulative,all subpops,all ages,new_H,baseline,3499.0,3014.7,3969.3
2026-01-14,cumulative,all subpops,all ages,new_H,baseline,3560.0,3066.0,4012.0
2026-01-15,cumulative,all subpops,all ages,new_H,baseline,3614.0,3131.9,4063.6000000000004
2026-01-16,cumulative,all subpops,all ages,new_H,baseline,3673.0,3202.4,4113.5
2026-01-17,cumulative,all subpops,all ages,new_H,baseline,3727.0,3261.7,4156.5
2026-01-18,cumulative,all subpops,all ages,new_H,baseline,3781.0,3314.8,4200.0
2026-01-19,cumulative,all subpops,all ages,new_H,baseline,3837.0,3382.5,4243.2
2026-01-20,cumulative,all subpops,all ages,new_H,baseline,3888.0,3433.5,4290.0
2026-01-21,cumulative,all subpops,all ages,new_H,baseline,3939.0,3481.5,4337.4
2026-01-22,cumulative,all subpops,all ages,new_H,baseline,3987.0,3540.2,4387.8
2026-01-23,cumulative,all subpops,all ages,new_H,baseline,4038.0,3595.5,4432.0
2026-01-24,cumulative,all subpops,all ages,new_H,baseline,4089.0,3649.0,4482.0
2026-01-25,cumulative,all subpops,all ages,new_H,baseline,4141.0,3721.9,4527.6
2026-01-26,cumulative,all subpops,all ages,new_H,baseline,4191.0,3775.1,4563.1
2026-01-27,cumulative,all subpops,all ages,new_H,baseline,4239.0,3823.8,4604.0
2026-01-28,cumulative,all subpops,all ages,new_H,baseline,4282.0,3879.0,4645.3
2026-01-29,cumulative,all subpops,all ages,new_H,baseline,4330.0,3934.2,4682.900000000001
2026-01-30,cumulative,all subpops,all ages,new_H,baseline,4377.0,3980.8,4730.8
2026-01-31,cumulative,all subpops,all ages,new_H,baseline,4427.0,4030.4,4771.2
2026-02-01,cumulative,all subpops,all ages,new_H,baseline,4471.0,4086.0,4799.6
2026-02-02,cumulative,all subpops,all ages,new_H,baseline,4513.0,4139.7,4835.2
2026-02-03,cumulative,all subpops,all ages,new_H,baseline,4557.0,4187.4,4867.0
2026-02-04,cumulative,all subpops,all ages,new_H,baseline,4598.0,4238.3,4901.3
2026-02-05,cumulative,all subpops,all ages,new_H,baseline,4639.0,4288.2,4937.6
2026-02-06,cumulative,all subpops,all ages,new_H,baseline,4682.0,4332.7,4974.8
2026-02-07,cumulative,all subpops,all ages,new_H,baseline,4720.0,4386.7,5014.6
2026-02-08,cumulative,all subpops,all ages,new_H,baseline,4762.0,4443.8,5044.5
2026-02-09,cumulative,all subpops,all ages,new_H,baseline,4798.0,4487.5,5076.9
2026-02-10,cumulative,all subpops,all ages,new_H,baseline,4836.0,4540.8,5107.2
2026-02-11,cumulative,all subpops,all ages,new_H,baseline,4873.0,4584.9,5134.1
2026-02-12,cumulative,all subpops,all ages,new_H,baseline,4910.0,4627.7,5157.7
2026-02-13,cumulative,all subpops,all ages,new_H,baseline,4946.0,4675.2,5190.2
2026-02-14,cumulative,all subpops,all ages,new_H,baseline,4982.0,4724.4,5220.6
2026-02-15,cumulative,all subpops,all ages,new_H,baseline,5015.0,4761.1,5247.2
2026-02-16,cumulative,all subpops,all ages,new_H,baseline,5049.0,4799.0,5271.7
2026-02-17,cumulative,all subpops,all ages,new_H,baseline,5078.0,4838.7,5292.6
2026-02-18,cumulative,all subpops,all ages,new_H,baseline,5108.0,4874.0,5316.0
2026-02-19,cumulative,all subpops,all ages,new_H,baseline,5135.0,4904.7,5338.8
2026-02-20,cumulative,all subpops,all ages,new_H,baseline,5161.0,4940.1,5362.0
2026-02-21,cumulative,all subpops,all ages,new_H,baseline,5184.0,4967.8,5381.6
2026-02-22,cumulative,all subpops,all ages,new_H,baseline,5207.0,5001.6,5401.0
2026-02-23,cumulative,all subpops,all ages,new_H,baseline,5229.0,5031.0,5415.8
2026-02-24,cumulative,all subpops,all ages,new_H,baseline,5247.0,5060.0,5432.3
2026-02-25,cumulative,all subpops,all ages,new_H,baseline,5269.0,5083.1,5454.3
2026-02-26,cumulative,all subpops,all ages,new_H,baseline,5285.0,5109.9,5467.2
2026-02-27,cumulative,all subpops,all ages,new_H,baseline,5306.0,5132.5,5483.4
2026-02-28,cumulative,all subpops,all ages,new_H,baseline,5323.0,5150.7,5500.7
2026-03-01,cumulative,all subpops,all ages,new_H,baseline,5339.0,5171.1,5514.2
2026-03-02,cumulative,all subpops,all ages,new_H,baseline,5354.0,5187.7,5529.9
2026-03-03,cumulative,all subpops,all ages,new_H,baseline,5369.0,5207.7,5546.3
2026-03-04,cumulative,all subpops,all ages,new_H,baseline,5384.0,5225.7,5559.6
2026-03-05,cumulative,all subpops,all ages,new_H,baseline,5398.0,5241.0,5570.3
2026-03-06,cumulative,all subpops,all ages,new_H,baseline,5412.0,5255.0,5579.9
2026-03-07,cumulative,all subpops,all ages,new_H,baseline,5427.0,5269.4,5591.3
2026-03-08,cumulative,all subpops,all ages,new_H,baseline,5439.0,5284.7,5601.0
2026-03-09,cumulative,all subpops,all ages,new_H,baseline,5450.0,5296.0,5617.0
2026-03-10,cumulative,all subpops,all ages,new_H,baseline,5461.0,5305.4,5626.7
2026-03-11,cumulative,all subpops,all ages,new_H,baseline,5472.0,5317.7,5636.0
2026-03-12,cumulative,all subpops,all ages,new_H,baseline,5483.0,5330.1,5645.5
2026-03-13,cumulative,all subpops,all ages,new_H,baseline,5494.0,5341.7,5656.2
2026-03-14,cumulative,all subpops,all ages,new_H,baseline,5502.0,5350.8,5667.6
2026-03-15,cumulative,all subpops,all ages,new_H,baseline,5512.0,5359.4,5674.6
2026-03-16,cumulative,all subpops,all ages,new_H,baseline,5520.0,5366.4,5680.3
2026-03-17,cumulative,all subpops,all ages,new_H,baseline,5531.0,5381.0,5688.6
2026-03-18,cumulative,all subpops,all ages,new_H,baseline,5540.0,5388.9,5694.9
2026-03-19,cumulative,all subpops,all ages,new_H,baseline,5546.0,5397.5,5702.3
2026-03-20,cumulative,all subpops,all ages,new_H,baseline,5553.0,5401.7,5710.0
2026-03-21,cumulative,all subpops,all ages,new_H,baseline,5562.0,5410.3,5714.9
2026-03-22,cumulative,all subpops,all ages,new_H,baseline,5569.0,5416.7,5722.0
2026-03-23,cumulative,all subpops,all ages,new_H,baseline,5575.0,5421.0,5726.3
2026-03-24,cumulative,all subpops,all ages,new_H,baseline,5581.0,5426.5,5733.0
2026-03-25,cumulative,all subpops,all ages,new_H,baseline,5587.0,5433.4,5737.3
2026-03-26,cumulative,all subpops,all ages,new_H,baseline,5592.0,5440.9,5743.0
2026-03-27,cumulative,all subpops,all ages,new_H,baseline,5596.0,5446.1,5745.3
2026-03-28,cumulative,all subpops,all ages,new_H,baseline,5601.0,5451.4,5750.3
2026-03-29,cumulative,all subpops,all ages,new_H,baseline,5605.0,5456.4,5755.9
2026-03-30,cumulative,all subpops,all ages,new_H,baseline,5610.0,5462.1,5759.6
2026-03-31,cumulative,all subpops,all ages,new_H,baseline,5616.0,5465.9,5762.5
2026-04-01,cumulative,all subpops,all ages,new_H,baseline,5619.0,5468.8,5767.2
2026-04-02,cumulative,all subpops,all ages,new_H,baseline,5624.0,5473.8,5772.3
2026-04-03,cumulative,all subpops,all ages,new_H,baseline,5628.0,5477.9,5774.6
2026-04-04,cumulative,all subpops,all ages,new_H,baseline,5632.0,5483.5,5778.6
2026-04-05,cumulative,all subpops,all ages,new_H,baseline,5636.0,5487.1,5781.9
2026-04-06,cumulative,all subpops,all ages,new_H,baseline,5639.0,5491.1,5784.3
2026-04-07,cumulative,all subpops,all ages,new_H,baseline,5642.0,5493.7,5787.6
2026-04-08,cumulative,all subpops,all ages,new_H,baseline,5643.0,5497.8,5792.0
2026-04-09,cumulative,all subpops,all ages,new_H,baseline,5649.0,5499.1,5794.0
2026-04-10,cumulative,all subpops,all ages,new_H,baseline,5652.0,5502.2,5795.3
2026-04-11,cumulative,all subpops,all ages,new_H,baseline,5654.0,5505.1,5798.0
2026-04-12,cumulative,all subpops,all ages,new_H,baseline,5657.0,5507.4,5800.3
2026-04-13,cumulative,all subpops,all ages,new_H,baseline,5660.0,5511.5,5802.0
2026-04-14,cumulative,all subpops,all ages,new_H,baseline,5662.0,5514.1,5802.3
2026-04-15,cumulative,all subpops,all ages,new_H,baseline,5664.0,5515.7,5805.0
2026-04-16,cumulative,all subpops,all ages,new_H,baseline,5666.0,5520.5,5806.3
2026-04-17,cumulative,all subpops,all ages,new_H,baseline,5668.0,5521.1,5807.5
2026-04-18,cumulative,all subpops,all ages,new_H,baseline,5669.0,5521.8,5810.8
2026-04-19,cumulative,all subpops,all ages,new_H,baseline,5671.0,5522.7,5812.5
2026-04-20,cumulative,all subpops,all ages,new_H,baseline,5672.0,5523.7,5814.6
2026-04-21,cumulative,all subpops,all ages,new_H,baseline,5673.0,5526.1,5816.3
2026-04-22,cumulative,all subpops,all ages,new_H,baseline,5674.0,5526.7,5816.9
2026-04-23,cumulative,all subpops,all ages,new_H,baseline,5675.0,5527.7,5817.5
2026-04-24,cumulative,all subpops,all ages,new_H,baseline,5677.0,5527.7,5818.2
2026-04-25,cumulative,all subpops,all ages,new_H,baseline,5678.0,5531.1,5819.5
2026-04-26,cumulative,all subpops,all ages,new_H,baseline,5679.0,5533.0,5819.5
2026-04-27,cumulative,all subpops,all ages,new_H,baseline,5679.0,5536.1,5821.2
2026-04-28,cumulative,all subpops,all ages,new_H,baseline,5680.0,5537.0,5821.9
2026-04-29,cumulative,all subpops,all ages,new_H,baseline,5682.0,5537.0,5821.9
2026-04-30,cumulative,all subpops,all ages,new_H,baseline,5682.0,5537.0,5821.9
2026-05-01,cumulative,all subpops,all ages,new_H,baseline,5683.0,5537.0,5822.6
2026-05-02,cumulative,all subpops,all ages,new_H,baseline,5683.0,5538.0,5822.6
2026-05-03,cumulative,all subpops,all ages,new_H,baseline,5684.0,5538.0,5822.6
2026-05-04,cumulative,all subpops,all ages,new_H,baseline,5684.0,5540.4,5822.6
2026-05-05,cumulative,all subpops,all ages,new_H,baseline,5686.0,5540.7,5823.6
2026-05-06,cumulative,all subpops,all ages,new_H,baseline,5686.0,5542.1,5824.3
2026-05-07,cumulative,all subpops,all ages,new_H,baseline,5686.0,5542.8,5824.3
2026-05-08,cumulative,all subpops,all ages,new_H,baseline,5687.0,5543.8,5825.0
2025-09-01,daily,all subpops,Age 0,new_H,baseline,0.0,0.0,0.0
2025-09-02,daily,all subpops,Age 0,new_H,baseline,0.0,0.0,0.0
2025-09-03,daily,all subpops,Age 0,new_H,baseline,0.0,0.0,0.0
2025-09-04,daily,all subpops,Age 0,new_H,baseline,0.0,0.0,0.0
2025-09-05,daily,all subpops,Age 0,new_H,baseline,0.0,0.0,0.0
2025-09-06,daily,all subpops,Age 0,new_H,baseline,0.0,0.0,0.0
2025-09-07,daily,all subpops,Age 0,new_H,baseline,0.0,0.0,0.0
2025-09-08,daily,all subpops,Age 0,new_H,baseline,0.0,0.0,0.0
2025-09-09,daily,all subpops,Age 0,new_H,baseline,0.0,0.0,0.0
2025-09-10,daily,all subpops,Age 0,new_H,baseline,0.0,0.0,0.0
2025-09-11,daily,all subpops,Age 0,new_H,baseline,0.0,0.0,0.0
2025-09-12,daily,all subpops,Age 0,new_H,baseline,0.0,0.0,0.0
2025-09-13,daily,all subpops,Age 0,new_H,baseline,0.0,0.0,0.0
2025-09-14,daily,all subpops,Age 0,new_H,baseline,0.0,0.0,0.0
2025-09-15,daily,all subpops,Age 0,new_H,baseline,0.0,0.0,0.0
2025-09-16,daily,all subpops,Age 0,new_H,baseline,0.0,0.0,0.0
2025-09-17,daily,all subpops,Age 0,new_H,baseline,0.0,0.0,0.0
2025-09-18,daily,all subpops,Age 0,new_H,baseline,0.0,0.0,0.0
2025-09-19,daily,all subpops,Age 0,new_H,baseline,0.0,0.0,0.0
2025-09-20,daily,all subpops,Age 0,new_H,baseline,0.0,0.0,0.0
2025-09-21,daily,all subpops,Age 0,new_H,baseline,0.0,0.0,0.0
2025-09-22,daily,all subpops,Age 0,new_H,baseline,0.0,0.0,0.0
2025-09-23,daily,all subpops,Age 0,new_H,baseline,0.0,0.0,0.0
2025-09-24,daily,all subpops,Age 0,new_H,baseline,0.0,0.0,0.0
2025-09-25,daily,all subpops,Age 0,new_H,baseline,0.0,0.0,0.0
2025-09-26,daily,all subpops,Age 0,new_H,baseline,0.0,0.0,0.0
2025-09-27,daily,all subpops,Age 0,new_H,baseline,0.0,0.0,0.0
2025-09-28,daily,all subpops,Age 0,new_H,baseline,0.0,0.0,0.0
2025-09-29,daily,all subpops,Age 0,new_H,baseline,0.0,0.0,0.0
2025-09-30,daily,all subpops,Age 0,new_H,baseline,0.0,0.0,0.0
2025-10-01,daily,all subpops,Age 0,new_H,baseline,0.0,0.0,0.0
2025-10-02,daily,all subpops,Age 0,new_H,baseline,0.0,0.0,0.0
2025-10-03,daily,all subpops,Age 0,new_H,baseline,0.0,0.0,0.0
2025-10-04,daily,all subpops,Age 0,new_H,baseline,0.0,0.0,0.0
2025-10-05,daily,all subpops,Age 0,new_H,baseline,0.0,0.0,0.0
2025-10-06,daily,all subpops,Age 0,new_H,baseline,0.0,0.0,0.0
2025-10-07,daily,all subpops,Age 0,new_H,baseline,0.0,0.0,0.0
2025-10-08,daily,all subpops,Age 0,new_H,baseline,0.0,0.0,0.0
2025-10-09,daily,all subpops,Age 0,new_H,baseline,0.0,0.0,0.0
2025-10-10,daily,all subpops,Age 0,new_H,baseline,0.0,0.0,0.0
2025-10-11,daily,all subpops,Age 0,new_H,baseline,0.0,0.0,0.0
2025-10-12,daily,all subpops,Age 0,new_H,baseline,0.0,0.0,0.0
2025-10-13,daily,all subpops,Age 0,new_H,baseline,0.0,0.0,0.0
2025-10-14,daily,all subpops,Age 0,new_H,baseline,0.0,0.0,0.0
2025-10-15,daily,all subpops,Age 0,new_H,baseline,0.0,0.0,0.0
2025-10-16,daily,all subpops,Age 0,new_H,baseline,0.0,0.0,0.0
2025-10-17,daily,all subpops,Age 0,new_H,baseline,0.0,0.0,0.0
2025-10-18,daily,all subpops,Age 0,new_H,baseline,0.0,0.0,0.0
2025-10-19,daily,all subpops,Age 0,new_H,baseline,0.0,0.0,0.0
2025-10-20,daily,all subpops,Age 0,new_H,baseline,0.0,0.0,0.0
2025-10-21,daily,all subpops,Age 0,new_H,baseline,0.0,0.0,0.0
2025-10-22,daily,all subpops,Age 0,new_H,baseline,0.0,0.0,0.0
2025-10-23,daily,all subpops,Age 0,new_H,baseline,0.0,0.0,1.0
2025-10-24,daily,all subpops,Age 0,new_H,baseline,0.0,0.0,0.0
2025-10-25,daily,all subpops,Age 0,new_H,baseline,0.0,0.0,1.0
2025-10-26,daily,all subpops,Age 0,new_H,baseline,0.0,0.0,1.0
2025-10-27,daily,all subpops,Age 0,new_H,baseline,0.0,0.0,0.0
2025-10-28,daily,all subpops,Age 0,new_H,baseline,0.0,0.0,0.0
2025-10-29,daily,all subpops,Age 0,new_H,baseline,0.0,0.0,1.0
2025-10-30,daily,all subpops,Age 0,new_H,baseline,0.0,0.0,1.0
2025-10-31,daily,all subpops,Age 0,new_H,baseline,0.0,0.0,1.0
2025-11-01,daily,all subpops,Age 0,new_H,baseline,0.0,0.0,1.0
2025-11-02,daily,all subpops,Age 0,new_H,baseline,0.0,0.0,1.0
2025-11-03,daily,all subpops,Age 0,new_H,baseline,0.0,0.0,1.0
2025-11-04,daily,all subpops,Age 0,new_H,baseline,0.0,0.0,1.0
2025-11-05,daily,all subpops,Age 0,new_H,baseline,0.0,0.0,1.0
2025-11-06,daily,all subpops,Age 0,new_H,baseline,0.0,0.0,1.0
2025-11-07,daily,all subpops,Age 0,new_H,baseline,0.0,0.0,1.0
2025-11-08,daily,all subpops,Age 0,new_H,baseline,0.0,0.0,1.0
2025-11-09,daily,all subpops,Age 0,new_H,baseline,0.0,0.0,1.0
2025-11-10,daily,all subpops,Age 0,new_H,baseline,0.0,0.0,1.0
2025-11-11,daily,all subpops,Age 0,new_H,baseline,0.0,0.0,1.0
2025-11-12,daily,all subpops,Age 0,new_H,baseline,0.0,0.0,1.0
2025-11-13,daily,all subpops,Age 0,new_H,baseline,0.0,0.0,1.0
2025-11-14,daily,all subpops,Age 0,new_H,baseline,0.0,0.0,1.0
2025-11-15,daily,all subpops,Age 0,new_H,baseline,0.0,0.0,1.0
2025-11-16,daily,all subpops,Age 0,new_H,baseline,0.0,0.0,1.0
2025-11-17,daily,all subpops,Age 0,new_H,baseline,0.0,0.0,1.0
2025-11-18,daily,all subpops,Age 0,new_H,baseline,0.0,0.0,1.0
2025-11-19,daily,all subpops,Age 0,new_H,baseline,0.0,0.0,1.0
2025-11-20,daily,all subpops,Age 0,new_H,baseline,0.0,0.0,1.0
2025-11-21,daily,all subpops,Age 0,new_H,baseline,0.0,0.0,1.0
2025-11-22,daily,all subpops,Age 0,new_H,baseline,0.0,0.0,1.0
2025-11-23,daily,all subpops,Age 0,new_H,baseline,0.0,0.0,1.3000000000000114
2025-11-24,daily,all subpops,Age 0,new_H,baseline,0.0,0.0,1.0
2025-11-25,daily,all subpops,Age 0,new_H,baseline,0.0,0.0,1.0
2025-11-26,daily,all subpops,Age 0,new_H,baseline,0.0,0.0,2.0
2025-11-27,daily,all subpops,Age 0,new_H,baseline,0.0,0.0,1.0
2025-11-28,daily,all subpops,Age 0,new_H,baseline,0.0,0.0,1.0
2025-11-29,daily,all subpops,Age 0,new_H,baseline,0.0,0.0,1.0
2025-11-30,daily,all subpops,Age 0,new_H,baseline,0.0,0.0,2.0
2025-12-01,daily,all subpops,Age 0,new_H,baseline,0.0,0.0,2.0
2025-12-02,daily,all subpops,Age 0,new_H,baseline,0.0,0.0,1.3000000000000114
2025-12-03,daily,all subpops,Age 0,new_H,baseline,0.0,0.0,2.0
2025-12-04,daily,all subpops,Age 0,new_H,baseline,0.0,0.0,2.0
2025-12-05,daily,all subpops,Age 0,new_H,baseline,0.0,0.0,2.0
2025-12-06,daily,all subpops,Age 0,new_H,baseline,0.0,0.0,2.0
2025-12-07,daily,all subpops,Age 0,new_H,baseline,0.0,0.0,2.0
2025-12-08,daily,all subpops,Age 0,new_H,baseline,0.0,0.0,2.0
2025-12-09,daily,all subpops,Age 0,new_H,baseline,0.0,0.0,2.0
2025-12-10,daily,all subpops,Age 0,new_H,baseline,0.0,0.0,2.0
2025-12-11,daily,all subpops,Age 0,new_H,baseline,0.0,0.0,2.0
2025-12-12,daily,all subpops,Age 0,new_H,baseline,0.0,0.0,2.0
2025-12-13,daily,all subpops,Age 0,new_H,baseline,0.0,0.0,2.0
2025-12-14,daily,all subpops,Age 0,new_H,baseline,0.0,0.0,2.0
2025-12-15,daily,all subpops,Age 0,new_H,baseline,0.0,0.0,2.0
2025-12-16,daily,all subpops,Age 0,new_H,baseline,0.0,0.0,2.0
2025-12-17,daily,all subpops,Age 0,new_H,baseline,0.0,0.0,2.3000000000000114
2025-12-18,daily,all subpops,Age 0,new_H,baseline,0.0,0.0,2.0
2025-12-19,daily,all subpops,Age 0,new_H,baseline,0.0,0.0,2.0
2025-12-20,daily,all subpops,Age 0,new_H,baseline,0.0,0.0,2.3000000000000114
2025-12-21,daily,all subpops,Age 0,new_H,baseline,0.0,0.0,2.0
2025-12-22,daily,all subpops,Age 0,new_H,baseline,0.0,0.0,2.0
2025-12-23,daily,all subpops,Age 0,new_H,baseline,0.0,0.0,3.0
2025-12-24,daily,all subpops,Age 0,new_H,baseline,0.0,0.0,3.0
2025-12-25,daily,all subpops,Age 0,new_H,baseline,0.0,0.0,2.0
2025-12-26,daily,all subpops,Age 0,new_H,baseline,0.0,0.0,2.0
2025-12-27,daily,all subpops,Age 0,new_H,baseline,0.0,0.0,2.0
2025-12-28,daily,all subpops,Age 0,new_H,baseline,0.0,0.0,3.0
2025-12-29,daily,all subpops,Age 0,new_H,baseline,0.0,0.0,2.0
2025-12-30,daily,all subpops,Age 0,new_H,baseline,0.0,0.0,3.0
2025-12-31,daily,all subpops,Age 0,new_H,baseline,0.0,0.0,2.0
2026-01-01,daily,all subpops,Age 0,new_H,baseline,0.0,0.0,2.0
2026-01-02,daily,all subpops,Age 0,new_H,baseline,0.0,0.0,2.0
2026-01-03,daily,all subpops,Age 0,new_H,baseline,0.0,0.0,2.0
2026-01-04,daily,all subpops,Age 0,new_H,baseline,0.0,0.0,2.0
2026-01-05,daily,all subpops,Age 0,new_H,baseline,0.0,0.0,2.0
2026-01-06,daily,all subpops,Age 0,new_H,baseline,0.0,0.0,2.0
2026-01-07,daily,all subpops,Age 0,new_H,baseline,0.0,0.0,2.0
2026-01-08,daily,all subpops,Age 0,new_H,baseline,0.0,0.0,2.0
2026-01-09,daily,all subpops,Age 0,new_H,baseline,0.0,0.0,2.0
2026-01-10,daily,all subpops,Age 0,new_H,baseline,0.0,0.0,2.0
2026-01-11,daily,all subpops,Age 0,new_H,baseline,0.0,0.0,2.0
2026-01-12,daily,all subpops,Age 0,new_H,baseline,0.0,0.0,2.0
2026-01-13,daily,all subpops,Age 0,new_H,baseline,0.0,0.0,2.0
2026-01-14,daily,all subpops,Age 0,new_H,baseline,0.0,0.0,2.0
2026-01-15,daily,all subpops,Age 0,new_H,baseline,0.0,0.0,2.0
2026-01-16,daily,all subpops,Age 0,new_H,baseline,0.0,0.0,2.0
2026-01-17,daily,all subpops,Age 0,new_H,baseline,0.0,0.0,2.0
2026-01-18,daily,all subpops,Age 0,new_H,baseline,0.0,0.0,2.0
2026-01-19,daily,all subpops,Age 0,new_H,baseline,0.0,0.0,2.0
2026-01-20,daily,all subpops,Age 0,new_H,baseline,0.0,0.0,2.0
2026-01-21,daily,all subpops,Age 0,new_H,baseline,0.0,0.0,2.0
2026-01-22,daily,all subpops,Age 0,new_H,baseline,0.0,0.0,2.0
2026-01-23,daily,all subpops,Age 0,new_H,baseline,0.0,0.0,2.0
2026-01-24,daily,all subpops,Age 0,new_H,baseline,0.0,0.0,2.0
2026-01-25,daily,all subpops,Age 0,new_H,baseline,0.0,0.0,2.0
2026-01-26,daily,all subpops,Age 0,new_H,baseline,0.0,0.0,2.0
2026-01-27,daily,all subpops,Age 0,new_H,baseline,0.0,0.0,2.0
2026-01-28,daily,all subpops,Age 0,new_H,baseline,0.0,0.0,2.0
2026-01-29,daily,all subpops,Age 0,new_H,baseline,0.0,0.0,2.0
2026-01-30,daily,all subpops,Age 0,new_H,baseline,0.0,0.0,2.0
2026-01-31,daily,all subpops,Age 0,new_H,baseline,0.0,0.0,2.0
2026-02-01,daily,all subpops,Age 0,new_H,baseline,0.0,0.0,2.0
2026-02-02,daily,all subpops,Age 0,new_H,baseline,0.0,0.0,2.0
2026-02-03,daily,all subpops,Age 0,new_H,baseline,0.0,0.0,2.0
2026-02-04,daily,all subpops,Age 0,new_H,baseline,0.0,0.0,1.0
2026-02-05,daily,all subpops,Age 0,new_H,baseline,0.0,0.0,2.0
2026-02-06,daily,all subpops,Age 0,new_H,baseline,0.0,0.0,2.0
2026-02-07,daily,all subpops,Age 0,new_H,baseline,0.0,0.0,2.0
2026-02-08,daily,all subpops,Age 0,new_H,baseline,0.0,0.0,1.0
2026-02-09,daily,all subpops,Age 0,new_H,baseline,0.0,0.0,1.0
2026-02-10,daily,all subpops,Age 0,new_H,baseline,0.0,0.0,1.3000000000000114
2026-02-11,daily,all subpops,Age 0,new_H,baseline,0.0,0.0,2.0
2026-02-12,daily,all subpops,Age 0,new_H,baseline,0.0,0.0,1.0
2026-02-13,daily,all subpops,Age 0,new_H,baseline,0.0,0.0,1.0
2026-02-14,daily,all subpops,Age 0,new_H,baseline,0.0,0.0,1.0
2026-02-15,daily,all subpops,Age 0,new_H,baseline,0.0,0.0,2.0
2026-02-16,daily,all subpops,Age 0,new_H,baseline,0.0,0.0,1.0
2026-02-17,daily,all subpops,Age 0,new_H,baseline,0.0,0.0,1.0
2026-02-18,daily,all subpops,Age 0,new_H,baseline,0.0,0.0,1.0
2026-02-19,daily,all subpops,Age 0,new_H,baseline,0.0,0.0,1.0
2026-02-20,daily,all subpops,Age 0,new_H,baseline,0.0,0.0,1.0
2026-02-21,daily,all subpops,Age 0,new_H,baseline,0.0,0.0,1.0
2026-02-22,daily,all subpops,Age 0,new_H,baseline,0.0,0.0,1.0
2026-02-23,daily,all subpops,Age 0,new_H,baseline,0.0,0.0,1.0
2026-02-24,daily,all subpops,Age 0,new_H,baseline,0.0,0.0,1.0
2026-02-25,daily,all subpops,Age 0,new_H,baseline,0.0,0.0,1.0
2026-02-26,daily,all subpops,Age 0,new_H,baseline,0.0,0.0,1.0
2026-02-27,daily,all subpops,Age 0,new_H,baseline,0.0,0.0,1.0
2026-02-28,daily,all subpops,Age 0,new_H,baseline,0.0,0.0,1.0
2026-03-01,daily,all subpops,Age 0,new_H,baseline,0.0,0.0,1.0
2026-03-02,daily,all subpops,Age 0,new_H,baseline,0.0,0.0,1.0
2026-03-03,daily,all subpops,Age 0,new_H,baseline,0.0,0.0,1.0
2026-03-04,daily,all subpops,Age 0,new_H,baseline,0.0,0.0,1.0
2026-03-05,daily,all subpops,Age 0,new_H,baseline,0.0,0.0,1.0
2026-03-06,daily,all subpops,Age 0,new_H,baseline,0.0,0.0,1.0
2026-03-07,daily,all subpops,Age 0,new_H,baseline,0.0,0.0,1.0
2026-03-08,daily,all subpops,Age 0,new_H,baseline,0.0,0.0,1.0
2026-03-09,daily,all subpops,Age 0,new_H,baseline,0.0,0.0,1.0
2026-03-10,daily,all subpops,Age 0,new_H,baseline,0.0,0.0,1.0
2026-03-11,daily,all subpops,Age 0,new_H,baseline,0.0,0.0,1.0
2026-03-12,daily,all subpops,Age 0,new_H,baseline,0.0,0.0,1.0
2026-03-13,daily,all subpops,Age 0,new_H,baseline,0.0,0.0,1.0
2026-03-14,daily,all subpops,Age 0,new_H,baseline,0.0,0.0,1.0
2026-03-15,daily,all subpops,Age 0,new_H,baseline,0.0,0.0,1.0
2026-03-16,daily,all subpops,Age 0,new_H,baseline,0.0,0.0,1.0
2026-03-17,daily,all subpops,Age 0,new_H,baseline,0.0,0.0,1.0
2026-03-18,daily,all subpops,Age 0,new_H,baseline,0.0,0.0,1.0
2026-03-19,daily,all subpops,Age 0,new_H,baseline,0.0,0.0,1.0
2026-03-20,daily,all subpops,Age 0,new_H,baseline,0.0,0.0,1.0
2026-03-21,daily,all subpops,Age 0,new_H,baseline,0.0,0.0,1.0
2026-03-22,daily,all subpops,Age 0,new_H,baseline,0.0,0.0,1.0
2026-03-23,daily,all subpops,Age 0,new_H,baseline,0.0,0.0,1.0
2026-03-24,daily,all subpops,Age 0,new_H,baseline,0.0,0.0,1.0
2026-03-25,daily,all subpops,Age 0,new_H,baseline,0.0,0.0,1.0
2026-03-26,daily,all subpops,Age 0,new_H,baseline,0.0,0.0,1.0
2026-03-27,daily,all subpops,Age 0,new_H,baseline,0.0,0.0,0.0
2026-03-28,daily,all subpops,Age 0,new_H,baseline,0.0,0.0,1.0
2026-03-29,daily,all subpops,Age 0,new_H,baseline,0.0,0.0,1.0
2026-03-30,daily,all subpops,Age 0,new_H,baseline,0.0,0.0,1.0
2026-03-31,daily,all subpops,Age 0,new_H,baseline,0.0,0.0,0.0
2026-04-01,daily,all subpops,Age 0,new_H,baseline,0.0,0.0,1.0
2026-04-02,daily,all subpops,Age 0,new_H,baseline,0.0,0.0,0.0
2026-04-03,daily,all subpops,Age 0,new_H,baseline,0.0,0.0,0.0
2026-04-04,daily,all subpops,Age 0,new_H,baseline,0.0,0.0,0.0
2026-04-05,daily,all subpops,Age 0,new_H,baseline,0.0,0.0,0.0
2026-04-06,daily,all subpops,Age 0,new_H,baseline,0.0,0.0,0.0
2026-04-07,daily,all subpops,Age 0,new_H,baseline,0.0,0.0,1.0
2026-04-08,daily,all subpops,Age 0,new_H,baseline,0.0,0.0,0.0
2026-04-09,daily,all subpops,Age 0,new_H,baseline,0.0,0.0,0.0
2026-04-10,daily,all subpops,Age 0,new_H,baseline,0.0,0.0,0.0
2026-04-11,daily,all subpops,Age 0,new_H,baseline,0.0,0.0,0.0
2026-04-12,daily,all subpops,Age 0,new_H,baseline,0.0,0.0,0.0
2026-04-13,daily,all subpops,Age 0,new_H,baseline,0.0,0.0,0.0
2026-04-14,daily,all subpops,Age 0,new_H,baseline,0.0,0.0,0.0
2026-04-15,daily,all subpops,Age 0,new_H,baseline,0.0,0.0,0.0
2026-04-16,daily,all subpops,Age 0,new_H,baseline,0.0,0.0,0.0
2026-04-17,daily,all subpops,Age 0,new_H,baseline,0.0,0.0,0.0
2026-04-18,daily,all subpops,Age 0,new_H,baseline,0.0,0.0,0.0
2026-04-19,daily,all subpops,Age 0,new_H,baseline,0.0,0.0,0.0
2026-04-20,daily,all subpops,Age 0,new_H,baseline,0.0,0.0,0.0
2026-04-21,daily,all subpops,Age 0,new_H,baseline,0.0,0.0,0.0
2026-04-22,daily,all subpops,Age 0,new_H,baseline,0.0,0.0,0.0
2026-04-23,daily,all subpops,Age 0,new_H,baseline,0.0,0.0,0.0
2026-04-24,daily,all subpops,Age 0,new_H,baseline,0.0,0.0,0.0
2026-04-25,daily,all subpops,Age 0,new_H,baseline,0.0,0.0,0.0
2026-04-26,daily,all subpops,Age 0,new_H,baseline,0.0,0.0,0.0
2026-04-27,daily,all subpops,Age 0,new_H,baseline,0.0,0.0,0.0
2026-04-28,daily,all subpops,Age 0,new_H,baseline,0.0,0.0,0.0
2026-04-29,daily,all subpops,Age 0,new_H,baseline,0.0,0.0,0.0
2026-04-30,daily,all subpops,Age 0,new_H,baseline,0.0,0.0,0.0
2026-05-01,daily,all subpops,Age 0,new_H,baseline,0.0,0.0,0.0
2026-05-02,daily,all subpops,Age 0,new_H,baseline,0.0,0.0,0.0
2026-05-03,daily,all subpops,Age 0,new_H,baseline,0.0,0.0,0.0
2026-05-04,daily,all subpops,Age 0,new_H,baseline,0.0,0.0,0.0
2026-05-05,daily,all subpops,Age 0,new_H,baseline,0.0,0.0,0.0
2026-05-06,daily,all subpops,Age 0,new_H,baseline,0.0,0.0,0.0
2026-05-07,daily,all subpops,Age 0,new_H,baseline,0.0,0.0,0.0
2026-05-08,daily,all subpops,Age 0,new_H,baseline,0.0,0.0,0.0
2025-09-01,cumulative,all subpops,Age 0,new_H,baseline,0.0,0.0,0.0
2025-09-02,cumulative,all subpops,Age 0,new_H,baseline,0.0,0.0,0.0
2025-09-03,cumulative,all subpops,Age 0,new_H,baseline,0.0,0.0,0.0
2025-09-04,cumulative,all subpops,Age 0,new_H,baseline,0.0,0.0,0.0
2025-09-05,cumulative,all subpops,Age 0,new_H,baseline,0.0,0.0,0.0
2025-09-06,cumulative,all subpops,Age 0,new_H,baseline,0.0,0.0,0.0
2025-09-07,cumulative,all subpops,Age 0,new_H,baseline,0.0,0.0,0.0
2025-09-08,cumulative,all subpops,Age 0,new_H,baseline,0.0,0.0,0.0
2025-09-09,cumulative,all subpops,Age 0,new_H,baseline,0.0,0.0,0.0
2025-09-10,cumulative,all subpops,Age 0,new_H,baseline,0.0,0.0,0.0
2025-09-11,cumulative,all subpops,Age 0,new_H,baseline,0.0,0.0,0.0
2025-09-12,cumulative,all subpops,Age 0,new_H,baseline,0.0,0.0,0.0
2025-09-13,cumulative,all subpops,Age 0,new_H,baseline,0.0,0.0,0.0
2025-09-14,cumulative,all subpops,Age 0,new_H,baseline,0.0,0.0,0.0
2025-09-15,cumulative,all subpops,Age 0,new_H,baseline,0.0,0.0,0.0
2025-09-16,cumulative,all subpops,Age 0,new_H,baseline,0.0,0.0,0.0
2025-09-17,cumulative,all subpops,Age 0,new_H,baseline,0.0,0.0,0.0
2025-09-18,cumulative,all subpops,Age 0,new_H,baseline,0.0,0.0,0.0
2025-09-19,cumulative,all subpops,Age 0,new_H,baseline,0.0,0.0,0.0
2025-09-20,cumulative,all subpops,Age 0,new_H,baseline,0.0,0.0,0.0
2025-09-21,cumulative,all subpops,Age 0,new_H,baseline,0.0,0.0,0.30000000000001137
2025-09-22,cumulative,all subpops,Age 0,new_H,baseline,0.0,0.0,0.30000000000001137
2025-09-23,cumulative,all subpops,Age 0,new_H,baseline,0.0,0.0,0.30000000000001137
2025-09-24,cumulative,all subpops,Age 0,new_H,baseline,0.0,0.0,0.30000000000001137
2025-09-25,cumulative,all subpops,Age 0,new_H,baseline,0.0,0.0,0.30000000000001137
2025-09-26,cumulative,all subpops,Age 0,new_H,baseline,0.0,0.0,1.0
2025-09-27,cumulative,all subpops,Age 0,new_H,baseline,0.0,0.0,1.0
2025-09-28,cumulative,all subpops,Age 0,new_H,baseline,0.0,0.0,1.0
2025-09-29,cumulative,all subpops,Age 0,new_H,baseline,0.0,0.0,1.0
2025-09-30,cumulative,all subpops,Age 0,new_H,baseline,0.0,0.0,1.0
2025-10-01,cumulative,all subpops,Age 0,new_H,baseline,0.0,0.0,1.0
2025-10-02,cumulative,all subpops,Age 0,new_H,baseline,0.0,0.0,1.0
2025-10-03,cumulative,all subpops,Age 0,new_H,baseline,0.0,0.0,1.0
2025-10-04,cumulative,all subpops,Age 0,new_H,baseline,0.0,0.0,1.0
2025-10-05,cumulative,all subpops,Age 0,new_H,baseline,0.0,0.0,1.0
2025-10-06,cumulative,all subpops,Age 0,new_H,baseline,0.0,0.0,1.0
2025-10-07,cumulative,all subpops,Age 0,new_H,baseline,0.0,0.0,1.0
2025-10-08,cumulative,all subpops,Age 0,new_H,baseline,0.0,0.0,1.0
2025-10-09,cumulative,all subpops,Age 0,new_H,baseline,0.0,0.0,1.0
2025-10-10,cumulative,all subpops,Age 0,new_H,baseline,0.0,0.0,1.0
2025-10-11,cumulative,all subpops,Age 0,new_H,baseline,0.0,0.0,1.0
2025-10-12,cumulative,all subpops,Age 0,new_H,baseline,0.0,0.0,1.0
2025-10-13,cumulative,all subpops,Age 0,new_H,baseline,0.0,0.0,1.0
2025-10-14,cumulative,all subpops,Age 0,new_H,baseline,0.0,0.0,1.0
2025-10-15,cumulative,all subpops,Age 0,new_H,baseline,0.0,0.0,1.0
2025-10-16,cumulative,all subpops,Age 0,new_H,baseline,0.0,0.0,1.0
2025-10-17,cumulative,all subpops,Age 0,new_H,baseline,0.0,0.0,1.0
2025-10-18,cumulative,all subpops,Age 0,new_H,baseline,0.0,0.0,1.0
2025-10-19,cumulative,all subpops,Age 0,new_H,baseline,0.0,0.0,1.3000000000000114
2025-10-20,cumulative,all subpops,Age 0,new_H,baseline,0.0,0.0,2.0
2025-10-21,cumulative,all subpops,Age 0,new_H,baseline,0.0,0.0,2.0
2025-10-22,cumulative,all subpops,Age 0,new_H,baseline,0.0,0.0,2.0
2025-10-23,cumulative,all subpops,Age 0,new_H,baseline,0.0,0.0,2.0
2025-10-24,cumulative,all subpops,Age 0,new_H,baseline,0.0,0.0,2.0
2025-10-25,cumulative,all subpops,Age 0,new_H,baseline,0.0,0.0,2.0
2025-10-26,cumulative,all subpops,Age 0,new_H,baseline,0.0,0.0,2.0
2025-10-27,cumulative,all subpops,Age 0,new_H,baseline,0.0,0.0,2.0
2025-10-28,cumulative,all subpops,Age 0,new_H,baseline,0.0,0.0,2.0
2025-10-29,cumulative,all subpops,Age 0,new_H,baseline,0.0,0.0,2.0
2025-10-30,cumulative,all subpops,Age 0,new_H,baseline,0.0,0.0,2.0
2025-10-31,cumulative,all subpops,Age 0,new_H,baseline,0.0,0.0,3.0
2025-11-01,cumulative,all subpops,Age 0,new_H,baseline,0.0,0.0,3.0
2025-11-02,cumulative,all subpops,Age 0,new_H,baseline,0.0,0.0,3.0
2025-11-03,cumulative,all subpops,Age 0,new_H,baseline,1.0,0.0,3.0
2025-11-04,cumulative,all subpops,Age 0,new_H,baseline,1.0,0.0,3.0
2025-11-05,cumulative,all subpops,Age 0,new_H,baseline,1.0,0.0,3.0
2025-11-06,cumulative,all subpops,Age 0,new_H,baseline,1.0,0.0,3.0
2025-11-07,cumulative,all subpops,Age 0,new_H,baseline,1.0,0.0,3.0
2025-11-08,cumulative,all subpops,Age 0,new_H,baseline,1.0,0.0,3.0
2025-11-09,cumulative,all subpops,Age 0,new_H,baseline,1.0,0.0,4.0
2025-11-10,cumulative,all subpops,Age 0,new_H,baseline,1.0,0.0,4.0
2025-11-11,cumulative,all subpops,Age 0,new_H,baseline,1.0,0.0,4.0
2025-11-12,cumulative,all subpops,Age 0,new_H,baseline,1.0,0.0,4.0
2025-11-13,cumulative,all subpops,Age 0,new_H,baseline,1.0,0.0,4.0
2025-11-14,cumulative,all subpops,Age 0,new_H,baseline,1.0,0.0,4.0
2025-11-15,cumulative,all subpops,Age 0,new_H,baseline,1.0,0.0,4.300000000000011
2025-11-16,cumulative,all subpops,Age 0,new_H,baseline,2.0,0.0,5.0
2025-11-17,cumulative,all subpops,Age 0,new_H,baseline,2.0,0.0,5.0
2025-11-18,cumulative,all subpops,Age 0,new_H,baseline,2.0,0.0,5.0
2025-11-19,cumulative,all subpops,Age 0,new_H,baseline,2.0,0.0,5.0
2025-11-20,cumulative,all subpops,Age 0,new_H,baseline,2.0,0.0,6.0
2025-11-21,cumulative,all subpops,Age 0,new_H,baseline,2.0,0.0,6.0
2025-11-22,cumulative,all subpops,Age 0,new_H,baseline,2.0,0.0,6.0
2025-11-23,cumulative,all subpops,Age 0,new_H,baseline,3.0,0.0,7.0
2025-11-24,cumulative,all subpops,Age 0,new_H,baseline,3.0,0.0,7.0
2025-11-25,cumulative,all subpops,Age 0,new_H,baseline,3.0,0.0,7.0
2025-11-26,cumulative,all subpops,Age 0,new_H,baseline,3.0,0.0,8.0
2025-11-27,cumulative,all subpops,Age 0,new_H,baseline,4.0,0.0,8.0
2025-11-28,cumulative,all subpops,Age 0,new_H,baseline,4.0,0.0,8.0
2025-11-29,cumulative,all subpops,Age 0,new_H,baseline,4.0,1.0,8.300000000000011
2025-11-30,cumulative,all subpops,Age 0,new_H,baseline,4.0,1.0,9.0
2025-12-01,cumulative,all subpops,Age 0,new_H,baseline,5.0,1.0,9.0
2025-12-02,cumulative,all subpops,Age 0,new_H,baseline,5.0,1.0,10.0
2025-12-03,cumulative,all subpops,Age 0,new_H,baseline,5.0,1.0,10.0
2025-12-04,cumulative,all subpops,Age 0,new_H,baseline,5.0,2.0,10.300000000000011
2025-12-05,cumulative,all subpops,Age 0,new_H,baseline,6.0,2.0,11.0
2025-12-06,cumulative,all subpops,Age 0,new_H,baseline,6.0,2.0,12.0
2025-12-07,cumulative,all subpops,Age 0,new_H,baseline,6.0,2.0,12.300000000000011
2025-12-08,cumulative,all subpops,Age 0,new_H,baseline,7.0,2.0,13.0
2025-12-09,cumulative,all subpops,Age 0,new_H,baseline,7.0,2.0,13.0
2025-12-10,cumulative,all subpops,Age 0,new_H,baseline,7.0,3.0,13.300000000000011
2025-12-11,cumulative,all subpops,Age 0,new_H,baseline,8.0,3.0,14.0
2025-12-12,cumulative,all subpops,Age 0,new_H,baseline,8.0,3.0,15.0
2025-12-13,cumulative,all subpops,Age 0,new_H,baseline,9.0,3.700000000000001,15.0
2025-12-14,cumulative,all subpops,Age 0,new_H,baseline,9.0,4.0,16.0
2025-12-15,cumulative,all subpops,Age 0,new_H,baseline,10.0,4.0,16.30000000000001
2025-12-16,cumulative,all subpops,Age 0,new_H,baseline,10.0,4.0,17.0
2025-12-17,cumulative,all subpops,Age 0,new_H,baseline,11.0,4.700000000000001,19.0
2025-12-18,cumulative,all subpops,Age 0,new_H,baseline,11.0,5.0,19.0
2025-12-19,cumulative,all subpops,Age 0,new_H,baseline,12.0,5.0,20.0
2025-12-20,cumulative,all subpops,Age 0,new_H,baseline,12.0,6.0,20.0
2025-12-21,cumulative,all subpops,Age 0,new_H,baseline,13.0,6.0,21.0
2025-12-22,cumulative,all subpops,Age 0,new_H,baseline,13.0,7.0,22.0
2025-12-23,cumulative,all subpops,Age 0,new_H,baseline,14.0,7.0,23.0
2025-12-24,cumulative,all subpops,Age 0,new_H,baseline,14.0,8.0,23.0
2025-12-25,cumulative,all subpops,Age 0,new_H,baseline,15.0,8.0,24.0
2025-12-26,cumulative,all subpops,Age 0,new_H,baseline,16.0,9.0,24.30000000000001
2025-12-27,cumulative,all subpops,Age 0,new_H,baseline,16.0,9.0,25.0
2025-12-28,cumulative,all subpops,Age 0,new_H,baseline,17.0,9.700000000000001,26.0
2025-12-29,cumulative,all subpops,Age 0,new_H,baseline,17.0,10.0,27.0
2025-12-30,cumulative,all subpops,Age 0,new_H,baseline,18.0,10.0,28.0
2025-12-31,cumulative,all subpops,Age 0,new_H,baseline,19.0,11.0,28.30000000000001
2026-01-01,cumulative,all subpops,Age 0,new_H,baseline,19.0,11.700000000000001,29.30000000000001
2026-01-02,cumulative,all subpops,Age 0,new_H,baseline,20.0,12.0,30.0
2026-01-03,cumulative,all subpops,Age 0,new_H,baseline,20.0,13.0,31.0
2026-01-04,cumulative,all subpops,Age 0,new_H,baseline,21.0,13.0,31.0
2026-01-05,cumulative,all subpops,Age 0,new_H,baseline,21.0,13.700000000000001,32.0
2026-01-06,cumulative,all subpops,Age 0,new_H,baseline,22.0,14.0,33.0
2026-01-07,cumulative,all subpops,Age 0,new_H,baseline,22.0,14.0,33.30000000000001
2026-01-08,cumulative,all subpops,Age 0,new_H,baseline,23.0,14.0,34.0
2026-01-09,cumulative,all subpops,Age 0,new_H,baseline,23.0,14.700000000000001,35.0
2026-01-10,cumulative,all subpops,Age 0,new_H,baseline,24.0,15.0,35.0
2026-01-11,cumulative,all subpops,Age 0,new_H,baseline,24.0,15.0,36.0
2026-01-12,cumulative,all subpops,Age 0,new_H,baseline,24.0,15.700000000000001,36.0
2026-01-13,cumulative,all subpops,Age 0,new_H,baseline,25.0,16.0,37.0
2026-01-14,cumulative,all subpops,Age 0,new_H,baseline,25.0,16.0,37.0
2026-01-15,cumulative,all subpops,Age 0,new_H,baseline,26.0,16.0,37.0
2026-01-16,cumulative,all subpops,Age 0,new_H,baseline,26.0,17.0,37.0
2026-01-17,cumulative,all subpops,Age 0,new_H,baseline,26.0,17.0,37.0
2026-01-18,cumulative,all subpops,Age 0,new_H,baseline,27.0,17.700000000000003,37.0
2026-01-19,cumulative,all subpops,Age 0,new_H,baseline,27.0,18.0,38.0
2026-01-20,cumulative,all subpops,Age 0,new_H,baseline,28.0,18.0,38.0
2026-01-21,cumulative,all subpops,Age 0,new_H,baseline,28.0,19.0,38.0
2026-01-22,cumulative,all subpops,Age 0,new_H,baseline,28.0,19.700000000000003,39.0
2026-01-23,cumulative,all subpops,Age 0,new_H,baseline,29.0,19.700000000000003,39.0
2026-01-24,cumulative,all subpops,Age 0,new_H,baseline,29.0,20.0,40.0
2026-01-25,cumulative,all subpops,Age 0,new_H,baseline,29.0,20.0,40.30000000000001
2026-01-26,cumulative,all subpops,Age 0,new_H,baseline,30.0,20.700000000000003,41.0
2026-01-27,cumulative,all subpops,Age 0,new_H,baseline,30.0,21.0,41.0
2026-01-28,cumulative,all subpops,Age 0,new_H,baseline,30.0,21.0,41.0
2026-01-29,cumulative,all subpops,Age 0,new_H,baseline,31.0,21.0,41.30000000000001
2026-01-30,cumulative,all subpops,Age 0,new_H,baseline,31.0,21.700000000000003,42.0
2026-01-31,cumulative,all subpops,Age 0,new_H,baseline,31.0,21.700000000000003,42.30000000000001
2026-02-01,cumulative,all subpops,Age 0,new_H,baseline,31.0,22.0,43.0
2026-02-02,cumulative,all subpops,Age 0,new_H,baseline,32.0,22.0,44.0
2026-02-03,cumulative,all subpops,Age 0,new_H,baseline,32.0,22.0,44.0
2026-02-04,cumulative,all subpops,Age 0,new_H,baseline,33.0,23.0,44.0
2026-02-05,cumulative,all subpops,Age 0,new_H,baseline,33.0,23.0,44.0
2026-02-06,cumulative,all subpops,Age 0,new_H,baseline,33.0,23.0,44.30000000000001
2026-02-07,cumulative,all subpops,Age 0,new_H,baseline,33.0,23.0,45.0
2026-02-08,cumulative,all subpops,Age 0,new_H,baseline,34.0,24.0,45.0
2026-02-09,cumulative,all subpops,Age 0,new_H,baseline,34.0,24.0,45.0
2026-02-10,cumulative,all subpops,Age 0,new_H,baseline,34.0,24.0,45.30000000000001
2026-02-11,cumulative,all subpops,Age 0,new_H,baseline,34.0,25.0,46.0
2026-02-12,cumulative,all subpops,Age 0,new_H,baseline,35.0,25.0,46.0
2026-02-13,cumulative,all subpops,Age 0,new_H,baseline,35.0,25.0,46.0
2026-02-14,cumulative,all subpops,Age 0,new_H,baseline,35.0,25.0,46.30000000000001
2026-02-15,cumulative,all subpops,Age 0,new_H,baseline,35.0,25.700000000000003,47.0
2026-02-16,cumulative,all subpops,Age 0,new_H,baseline,36.0,26.0,47.0
2026-02-17,cumulative,all subpops,Age 0,new_H,baseline,36.0,26.0,47.0
2026-02-18,cumulative,all subpops,Age 0,new_H,baseline,36.0,26.0,47.30000000000001
2026-02-19,cumulative,all subpops,Age 0,new_H,baseline,36.0,26.0,47.30000000000001
2026-02-20,cumulative,all subpops,Age 0,new_H,baseline,37.0,26.0,48.0
2026-02-21,cumulative,all subpops,Age 0,new_H,baseline,37.0,26.0,48.0
2026-02-22,cumulative,all subpops,Age 0,new_H,baseline,37.0,26.0,48.30000000000001
2026-02-23,cumulative,all subpops,Age 0,new_H,baseline,37.0,26.700000000000003,48.30000000000001
2026-02-24,cumulative,all subpops,Age 0,new_H,baseline,37.0,26.700000000000003,48.30000000000001
2026-02-25,cumulative,all subpops,Age 0,new_H,baseline,37.0,27.700000000000003,49.0
2026-02-26,cumulative,all subpops,Age 0,new_H,baseline,37.0,27.700000000000003,49.0
2026-02-27,cumulative,all subpops,Age 0,new_H,baseline,37.0,27.700000000000003,49.0
2026-02-28,cumulative,all subpops,Age 0,new_H,baseline,38.0,27.700000000000003,49.0
2026-03-01,cumulative,all subpops,Age 0,new_H,baseline,38.0,27.700000000000003,49.0
2026-03-02,cumulative,all subpops,Age 0,new_H,baseline,38.0,27.700000000000003,49.0
2026-03-03,cumulative,all subpops,Age 0,new_H,baseline,38.0,27.700000000000003,49.0
2026-03-04,cumulative,all subpops,Age 0,new_H,baseline,38.0,27.700000000000003,49.0
2026-03-05,cumulative,all subpops,Age 0,new_H,baseline,39.0,27.700000000000003,49.0
2026-03-06,cumulative,all subpops,Age 0,new_H,baseline,39.0,28.0,49.0
2026-03-07,cumulative,all subpops,Age 0,new_H,baseline,39.0,28.0,49.30000000000001
2026-03-08,cumulative,all subpops,Age 0,new_H,baseline,39.0,28.0,50.0
2026-03-09,cumulative,all subpops,Age 0,new_H,baseline,39.0,28.0,50.0
2026-03-10,cumulative,all subpops,Age 0,new_H,baseline,39.0,28.0,50.0
2026-03-11,cumulative,all subpops,Age 0,new_H,baseline,39.0,28.0,50.0
2026-03-12,cumulative,all subpops,Age 0,new_H,baseline,39.0,28.0,50.0
2026-03-13,cumulative,all subpops,Age 0,new_H,baseline,39.0,28.0,50.0
2026-03-14,cumulative,all subpops,Age 0,new_H,baseline,39.0,28.0,50.0
2026-03-15,cumulative,all subpops,Age 0,new_H,baseline,39.0,28.0,50.0
2026-03-16,cumulative,all subpops,Age 0,new_H,baseline,39.0,28.0,50.0
2026-03-17,cumulative,all subpops,Age 0,new_H,baseline,39.0,28.0,50.0
2026-03-18,cumulative,all subpops,Age 0,new_H,baseline,39.0,28.0,50.0
2026-03-19,cumulative,all subpops,Age 0,new_H,baseline,39.0,28.700000000000003,50.0
2026-03-20,cumulative,all subpops,Age 0,new_H,baseline,39.0,28.700000000000003,50.0
2026-03-21,cumulative,all subpops,Age 0,new_H,baseline,39.0,28.700000000000003,50.0
2026-03-22,cumulative,all subpops,Age 0,new_H,baseline,39.0,28.700000000000003,50.30000000000001
2026-03-23,cumulative,all subpops,Age 0,new_H,baseline,39.0,28.700000000000003,50.30000000000001
2026-03-24,cumulative,all subpops,Age 0,new_H,baseline,39.0,28.700000000000003,50.30000000000001
2026-03-25,cumulative,all subpops,Age 0,new_H,baseline,39.0,28.700000000000003,50.30000000000001
2026-03-26,cumulative,all subpops,Age 0,new_H,baseline,39.0,28.700000000000003,51.0
2026-03-27,cumulative,all subpops,Age 0,new_H,baseline,39.0,28.700000000000003,51.0
2026-03-28,cumulative,all subpops,Age 0,new_H,baseline,40.0,28.700000000000003,51.0
2026-03-29,cumulative,all subpops,Age 0,new_H,baseline,40.0,28.700000000000003,51.0
2026-03-30,cumulative,all subpops,Age 0,new_H,baseline,40.0,28.700000000000003,51.0
2026-03-31,cumulative,all subpops,Age 0,new_H,baseline,40.0,28.700000000000003,51.0
2026-04-01,cumulative,all subpops,Age 0,new_H,baseline,40.0,28.700000000000003,51.0
2026-04-02,cumulative,all subpops,Age 0,new_H,baseline,40.0,28.700000000000003,51.0
2026-04-03,cumulative,all subpops,Age 0,new_H,baseline,40.0,29.0,51.0
2026-04-04,cumulative,all subpops,Age 0,new_H,baseline,40.0,29.0,51.0
2026-04-05,cumulative,all subpops,Age 0,new_H,baseline,40.0,29.0,51.0
2026-04-06,cumulative,all subpops,Age 0,new_H,baseline,40.0,29.0,51.0
2026-04-07,cumulative,all subpops,Age 0,new_H,baseline,40.0,29.0,51.0
2026-04-08,cumulative,all subpops,Age 0,new_H,baseline,40.0,29.0,51.0
2026-04-09,cumulative,all subpops,Age 0,new_H,baseline,40.0,29.0,51.0
2026-04-10,cumulative,all subpops,Age 0,new_H,baseline,40.0,29.0,51.0
2026-04-11,cumulative,all subpops,Age 0,new_H,baseline,40.0,29.0,51.0
2026-04-12,cumulative,all subpops,Age 0,new_H,baseline,40.0,29.0,51.0
2026-04-13,cumulative,all subpops,Age 0,new_H,baseline,40.0,29.0,51.0
2026-04-14,cumulative,all subpops,Age 0,new_H,baseline,40.0,29.0,51.0
2026-04-15,cumulative,all subpops,Age 0,new_H,baseline,40.0,29.0,51.0
2026-04-16,cumulative,all subpops,Age 0,new_H,baseline,40.0,29.0,51.0
2026-04-17,cumulative,all subpops,Age 0,new_H,baseline,40.0,29.0,51.0
2026-04-18,cumulative,all subpops,Age 0,new_H,baseline,40.0,29.700000000000003,51.0
2026-04-19,cumulative,all subpops,Age 0,new_H,baseline,40.0,29.700000000000003,51.0
2026-04-20,cumulative,all subpops,Age 0,new_H,baseline,40.0,29.700000000000003,51.0
2026-04-21,cumulative,all subpops,Age 0,new_H,baseline,40.0,29.700000000000003,51.0
2026-04-22,cumulative,all subpops,Age 0,new_H,baseline,40.0,29.700000000000003,51.0
2026-04-23,cumulative,all subpops,Age 0,new_H,baseline,40.0,29.700000000000003,51.0
2026-04-24,cumulative,all subpops,Age 0,new_H,baseline,40.0,29.700000000000003,51.0
2026-04-25,cumulative,all subpops,Age 0,new_H,baseline,40.0,29.700000000000003,51.0
2026-04-26,cumulative,all subpops,Age 0,new_H,baseline,40.0,29.700000000000003,51.0
2026-04-27,cumulative,all subpops,Age 0,new_H,baseline,40.0,29.700000000000003,51.0
2026-04-28,cumulative,all subpops,Age 0,new_H,baseline,40.0,30.0,51.0
2026-04-29,cumulative,all subpops,Age 0,new_H,baseline,40.0,30.0,51.0
2026-04-30,cumulative,all subpops,Age 0,new_H,baseline,40.0,30.0,51.0
2026-05-01,cumulative,all subpops,Age 0,new_H,baseline,40.0,30.0,51.0
2026-05-02,cumulative,all subpops,Age 0,new_H,baseline,40.0,30.0,51.0
2026-05-03,cumulative,all subpops,Age 0,new_H,baseline,40.0,30.0,51.0
2026-05-04,cumulative,all subpops,Age 0,new_H,baseline,40.0,30.0,51.0
2026-05-05,cumulative,all subpops,Age 0,new_H,baseline,40.0,30.0,51.0
2026-05-06,cumulative,all subpops,Age 0,new_H,baseline,40.0,30.0,51.0
2026-05-07,cumulative,all subpops,Age 0,new_H,baseline,40.0,30.0,51.0
2026-05-08,cumulative,all subpops,Age 0,new_H,baseline,40.0,30.0,51.0
2025-09-01,daily,all subpops,Age 1,new_H,baseline,0.0,0.0,0.0
2025-09-02,daily,all subpops,Age 1,new_H,baseline,0.0,0.0,0.0
2025-09-03,daily,all subpops,Age 1,new_H,baseline,0.0,0.0,0.0
2025-09-04,daily,all subpops,Age 1,new_H,baseline,0.0,0.0,0.0
2025-09-05,daily,all subpops,Age 1,new_H,baseline,0.0,0.0,0.0
2025-09-06,daily,all subpops,Age 1,new_H,baseline,0.0,0.0,0.0
2025-09-07,daily,all subpops,Age 1,new_H,baseline,0.0,0.0,0.0
2025-09-08,daily,all subpops,Age 1,new_H,baseline,0.0,0.0,0.0
2025-09-09,daily,all subpops,Age 1,new_H,baseline,0.0,0.0,0.0
2025-09-10,daily,all subpops,Age 1,new_H,baseline,0.0,0.0,0.0
2025-09-11,daily,all subpops,Age 1,new_H,baseline,0.0,0.0,0.0
2025-09-12,daily,all subpops,Age 1,new_H,baseline,0.0,0.0,0.0
2025-09-13,daily,all subpops,Age 1,new_H,baseline,0.0,0.0,0.0
2025-09-14,daily,all subpops,Age 1,new_H,baseline,0.0,0.0,0.0
2025-09-15,daily,all subpops,Age 1,new_H,baseline,0.0,0.0,0.0
2025-09-16,daily,all subpops,Age 1,new_H,baseline,0.0,0.0,0.0
2025-09-17,daily,all subpops,Age 1,new_H,baseline,0.0,0.0,0.0
2025-09-18,daily,all subpops,Age 1,new_H,baseline,0.0,0.0,0.0
2025-09-19,daily,all subpops,Age 1,new_H,baseline,0.0,0.0,0.0
2025-09-20,daily,all subpops,Age 1,new_H,baseline,0.0,0.0,0.0
2025-09-21,daily,all subpops,Age 1,new_H,baseline,0.0,0.0,0.0
2025-09-22,daily,all subpops,Age 1,new_H,baseline,0.0,0.0,0.0
2025-09-23,daily,all subpops,Age 1,new_H,baseline,0.0,0.0,0.0
2025-09-24,daily,all subpops,Age 1,new_H,baseline,0.0,0.0,0.0
2025-09-25,daily,all subpops,Age 1,new_H,baseline,0.0,0.0,0.0
2025-09-26,daily,all subpops,Age 1,new_H,baseline,0.0,0.0,0.0
2025-09-27,daily,all subpops,Age 1,new_H,baseline,0.0,0.0,0.0
2025-09-28,daily,all subpops,Age 1,new_H,baseline,0.0,0.0,0.0
2025-09-29,daily,all subpops,Age 1,new_H,baseline,0.0,0.0,1.0
2025-09-30,daily,all subpops,Age 1,new_H,baseline,0.0,0.0,0.0
2025-10-01,daily,all subpops,Age 1,new_H,baseline,0.0,0.0,0.0
2025-10-02,daily,all subpops,Age 1,new_H,baseline,0.0,0.0,0.0
2025-10-03,daily,all subpops,Age 1,new_H,baseline,0.0,0.0,1.0
2025-10-04,daily,all subpops,Age 1,new_H,baseline,0.0,0.0,1.0
2025-10-05,daily,all subpops,Age 1,new_H,baseline,0.0,0.0,1.0
2025-10-06,daily,all subpops,Age 1,new_H,baseline,0.0,0.0,1.0
2025-10-07,daily,all subpops,Age 1,new_H,baseline,0.0,0.0,1.0
2025-10-08,daily,all subpops,Age 1,new_H,baseline,0.0,0.0,1.0
2025-10-09,daily,all subpops,Age 1,new_H,baseline,0.0,0.0,1.0
2025-10-10,daily,all subpops,Age 1,new_H,baseline,0.0,0.0,1.0
2025-10-11,daily,all subpops,Age 1,new_H,baseline,0.0,0.0,1.0
2025-10-12,daily,all subpops,Age 1,new_H,baseline,0.0,0.0,1.0
2025-10-13,daily,all subpops,Age 1,new_H,baseline,0.0,0.0,1.0
2025-10-14,daily,all subpops,Age 1,new_H,baseline,0.0,0.0,1.0
2025-10-15,daily,all subpops,Age 1,new_H,baseline,0.0,0.0,1.0
2025-10-16,daily,all subpops,Age 1,new_H,baseline,0.0,0.0,1.0
2025-10-17,daily,all subpops,Age 1,new_H,baseline,0.0,0.0,1.0
2025-10-18,daily,all subpops,Age 1,new_H,baseline,0.0,0.0,1.0
2025-10-19,daily,all subpops,Age 1,new_H,baseline,0.0,0.0,1.0
2025-10-20,daily,all subpops,Age 1,new_H,baseline,0.0,0.0,1.0
2025-10-21,daily,all subpops,Age 1,new_H,baseline,0.0,0.0,1.0
2025-10-22,daily,all subpops,Age 1,new_H,baseline,0.0,0.0,1.0
2025-10-23,daily,all subpops,Age 1,new_H,baseline,0.0,0.0,1.0
2025-10-24,daily,all subpops,Age 1,new_H,baseline,0.0,0.0,1.0
2025-10-25,daily,all subpops,Age 1,new_H,baseline,0.0,0.0,1.0
2025-10-26,daily,all subpops,Age 1,new_H,baseline,0.0,0.0,1.0
2025-10-27,daily,all subpops,Age 1,new_H,baseline,0.0,0.0,1.0
2025-10-28,daily,all subpops,Age 1,new_H,baseline,0.0,0.0,1.0
2025-10-29,daily,all subpops,Age 1,new_H,baseline,0.0,0.0,1.0
2025-10-30,daily,all subpops,Age 1,new_H,baseline,0.0,0.0,1.0
2025-10-31,daily,all subpops,Age 1,new_H,baseline,0.0,0.0,1.0
2025-11-01,daily,all subpops,Age 1,new_H,baseline,0.0,0.0,1.0
2025-11-02,daily,all subpops,Age 1,new_H,baseline,0.0,0.0,1.0
2025-11-03,daily,all subpops,Age 1,new_H,baseline,0.0,0.0,1.0
2025-11-04,daily,all subpops,Age 1,new_H,baseline,0.0,0.0,2.0
2025-11-05,daily,all subpops,Age 1,new_H,baseline,0.0,0.0,2.0
2025-11-06,daily,all subpops,Age 1,new_H,baseline,0.0,0.0,2.0
2025-11-07,daily,all subpops,Age 1,new_H,baseline,0.0,0.0,2.0
2025-11-08,daily,all subpops,Age 1,new_H,baseline,0.0,0.0,2.0
2025-11-09,daily,all subpops,Age 1,new_H,baseline,0.0,0.0,2.0
2025-11-10,daily,all subpops,Age 1,new_H,baseline,0.0,0.0,2.0
2025-11-11,daily,all subpops,Age 1,new_H,baseline,0.0,0.0,2.0
2025-11-12,daily,all subpops,Age 1,new_H,baseline,0.0,0.0,2.0
2025-11-13,daily,all subpops,Age 1,new_H,baseline,0.0,0.0,2.0
2025-11-14,daily,all subpops,Age 1,new_H,baseline,0.0,0.0,2.0
2025-11-15,daily,all subpops,Age 1,new_H,baseline,0.0,0.0,2.0
2025-11-16,daily,all subpops,Age 1,new_H,baseline,0.0,0.0,2.3000000000000114
2025-11-17,daily,all subpops,Age 1,new_H,baseline,0.0,0.0,2.0
2025-11-18,daily,all subpops,Age 1,new_H,baseline,0.0,0.0,3.0
2025-11-19,daily,all subpops,Age 1,new_H,baseline,0.0,0.0,3.0
2025-11-20,daily,all subpops,Age 1,new_H,baseline,1.0,0.0,3.0
2025-11-21,daily,all subpops,Age 1,new_H,baseline,1.0,0.0,3.0
2025-11-22,daily,all subpops,Age 1,new_H,baseline,1.0,0.0,3.0
2025-11-23,daily,all subpops,Age 1,new_H,baseline,1.0,0.0,3.0
2025-11-24,daily,all subpops,Age 1,new_H,baseline,1.0,0.0,3.0
2025-11-25,daily,all subpops,Age 1,new_H,baseline,1.0,0.0,4.0
2025-11-26,daily,all subpops,Age 1,new_H,baseline,1.0,0.0,3.0
2025-11-27,daily,all subpops,Age 1,new_H,baseline,1.0,0.0,3.3000000000000114
2025-11-28,daily,all subpops,Age 1,new_H,baseline,1.0,0.0,3.3000000000000114
2025-11-29,daily,all subpops,Age 1,new_H,baseline,1.0,0.0,4.0
2025-11-30,daily,all subpops,Age 1,new_H,baseline,1.0,0.0,3.3000000000000114
2025-12-01,daily,all subpops,Age 1,new_H,baseline,1.0,0.0,3.0
2025-12-02,daily,all subpops,Age 1,new_H,baseline,1.0,0.0,3.0
2025-12-03,daily,all subpops,Age 1,new_H,baseline,1.0,0.0,4.0
2025-12-04,daily,all subpops,Age 1,new_H,baseline,1.0,0.0,4.0
2025-12-05,daily,all subpops,Age 1,new_H,baseline,1.0,0.0,4.0
2025-12-06,daily,all subpops,Age 1,new_H,baseline,1.0,0.0,4.0
2025-12-07,daily,all subpops,Age 1,new_H,baseline,1.0,0.0,4.0
2025-12-08,daily,all subpops,Age 1,new_H,baseline,1.0,0.0,4.0
2025-12-09,daily,all subpops,Age 1,new_H,baseline,1.0,0.0,4.0
2025-12-10,daily,all subpops,Age 1,new_H,baseline,1.0,0.0,4.0
2025-12-11,daily,all subpops,Age 1,new_H,baseline,2.0,0.0,5.0
2025-12-12,daily,all subpops,Age 1,new_H,baseline,2.0,0.0,5.0
2025-12-13,daily,all subpops,Age 1,new_H,baseline,2.0,0.0,5.0
2025-12-14,daily,all subpops,Age 1,new_H,baseline,2.0,0.0,5.0
2025-12-15,daily,all subpops,Age 1,new_H,baseline,2.0,0.0,5.0
2025-12-16,daily,all subpops,Age 1,new_H,baseline,2.0,0.0,5.0
2025-12-17,daily,all subpops,Age 1,new_H,baseline,2.0,0.0,6.0
2025-12-18,daily,all subpops,Age 1,new_H,baseline,2.0,0.0,6.0
2025-12-19,daily,all subpops,Age 1,new_H,baseline,2.0,0.0,6.0
2025-12-20,daily,all subpops,Age 1,new_H,baseline,3.0,0.0,7.0
2025-12-21,daily,all subpops,Age 1,new_H,baseline,2.0,0.0,6.0
2025-12-22,daily,all subpops,Age 1,new_H,baseline,3.0,0.0,6.300000000000011
2025-12-23,daily,all subpops,Age 1,new_H,baseline,3.0,0.0,6.0
2025-12-24,daily,all subpops,Age 1,new_H,baseline,2.0,0.0,6.0
2025-12-25,daily,all subpops,Age 1,new_H,baseline,2.0,0.0,6.0
2025-12-26,daily,all subpops,Age 1,new_H,baseline,2.0,0.0,6.0
2025-12-27,daily,all subpops,Age 1,new_H,baseline,2.0,0.0,6.0
2025-12-28,daily,all subpops,Age 1,new_H,baseline,2.0,0.0,6.0
2025-12-29,daily,all subpops,Age 1,new_H,baseline,2.0,0.0,5.0
2025-12-30,daily,all subpops,Age 1,new_H,baseline,2.0,0.0,5.0
2025-12-31,daily,all subpops,Age 1,new_H,baseline,2.0,0.0,5.0
2026-01-01,daily,all subpops,Age 1,new_H,baseline,2.0,0.0,5.0
2026-01-02,daily,all subpops,Age 1,new_H,baseline,2.0,0.0,5.0
2026-01-03,daily,all subpops,Age 1,new_H,baseline,2.0,0.0,5.0
2026-01-04,daily,all subpops,Age 1,new_H,baseline,2.0,0.0,5.0
2026-01-05,daily,all subpops,Age 1,new_H,baseline,1.0,0.0,4.0
2026-01-06,daily,all subpops,Age 1,new_H,baseline,2.0,0.0,4.0
2026-01-07,daily,all subpops,Age 1,new_H,baseline,1.0,0.0,5.0
2026-01-08,daily,all subpops,Age 1,new_H,baseline,1.0,0.0,4.0
2026-01-09,daily,all subpops,Age 1,new_H,baseline,1.0,0.0,4.0
2026-01-10,daily,all subpops,Age 1,new_H,baseline,2.0,0.0,4.0
2026-01-11,daily,all subpops,Age 1,new_H,baseline,2.0,0.0,5.0
2026-01-12,daily,all subpops,Age 1,new_H,baseline,1.0,0.0,5.0
2026-01-13,daily,all subpops,Age 1,new_H,baseline,1.0,0.0,4.0
2026-01-14,daily,all subpops,Age 1,new_H,baseline,1.0,0.0,4.0
2026-01-15,daily,all subpops,Age 1,new_H,baseline,1.0,0.0,5.0
2026-01-16,daily,all subpops,Age 1,new_H,baseline,2.0,0.0,5.0
2026-01-17,daily,all subpops,Age 1,new_H,baseline,1.0,0.0,5.0
2026-01-18,daily,all subpops,Age 1,new_H,baseline,1.0,0.0,4.0
2026-01-19,daily,all subpops,Age 1,new_H,baseline,1.0,0.0,4.300000000000011
2026-01-20,daily,all subpops,Age 1,new_H,baseline,1.0,0.0,4.0
2026-01-21,daily,all subpops,Age 1,new_H,baseline,1.0,0.0,4.0
2026-01-22,daily,all subpops,Age 1,new_H,baseline,1.0,0.0,4.0
2026-01-23,daily,all subpops,Age 1,new_H,baseline,1.0,0.0,4.0
2026-01-24,daily,all subpops,Age 1,new_H,baseline,1.0,0.0,4.0
2026-01-25,daily,all subpops,Age 1,new_H,baseline,1.0,0.0,4.0
2026-01-26,daily,all subpops,Age 1,new_H,baseline,1.0,0.0,4.0
2026-01-27,daily,all subpops,Age 1,new_H,baseline,1.0,0.0,4.0
2026-01-28,daily,all subpops,Age 1,new_H,baseline,1.0,0.0,4.0
2026-01-29,daily,all subpops,Age 1,new_H,baseline,1.0,0.0,4.0
2026-01-30,daily,all subpops,Age 1,new_H,baseline,1.0,0.0,4.0
2026-01-31,daily,all subpops,Age 1,new_H,baseline,1.0,0.0,4.0
2026-02-01,daily,all subpops,Age 1,new_H,baseline,1.0,0.0,4.0
2026-02-02,daily,all subpops,Age 1,new_H,baseline,1.0,0.0,4.0
2026-02-03,daily,all subpops,Age 1,new_H,baseline,1.0,0.0,4.0
2026-02-04,daily,all subpops,Age 1,new_H,baseline,1.0,0.0,4.0
2026-02-05,daily,all subpops,Age 1,new_H,baseline,1.0,0.0,4.0
2026-02-06,daily,all subpops,Age 1,new_H,baseline,1.0,0.0,4.0
2026-02-07,daily,all subpops,Age 1,new_H,baseline,1.0,0.0,4.0
2026-02-08,daily,all subpops,Age 1,new_H,baseline,1.0,0.0,3.3000000000000114
2026-02-09,daily,all subpops,Age 1,new_H,baseline,1.0,0.0,4.0
2026-02-10,daily,all subpops,Age 1,new_H,baseline,1.0,0.0,4.0
2026-02-11,daily,all subpops,Age 1,new_H,baseline,1.0,0.0,4.0
2026-02-12,daily,all subpops,Age 1,new_H,baseline,1.0,0.0,4.0
2026-02-13,daily,all subpops,Age 1,new_H,baseline,1.0,0.0,3.0
2026-02-14,daily,all subpops,Age 1,new_H,baseline,1.0,0.0,3.0
2026-02-15,daily,all subpops,Age 1,new_H,baseline,1.0,0.0,3.0
2026-02-16,daily,all subpops,Age 1,new_H,baseline,1.0,0.0,4.0
2026-02-17,daily,all subpops,Age 1,new_H,baseline,1.0,0.0,3.0
2026-02-18,daily,all subpops,Age 1,new_H,baseline,1.0,0.0,3.0
2026-02-19,daily,all subpops,Age 1,new_H,baseline,1.0,0.0,3.0
2026-02-20,daily,all subpops,Age 1,new_H,baseline,0.0,0.0,3.0
2026-02-21,daily,all subpops,Age 1,new_H,baseline,0.0,0.0,2.0
2026-02-22,daily,all subpops,Age 1,new_H,baseline,0.0,0.0,3.0
2026-02-23,daily,all subpops,Age 1,new_H,baseline,0.0,0.0,2.0
2026-02-24,daily,all subpops,Age 1,new_H,baseline,0.0,0.0,2.0
2026-02-25,daily,all subpops,Age 1,new_H,baseline,0.0,0.0,2.0
2026-02-26,daily,all subpops,Age 1,new_H,baseline,0.0,0.0,2.3000000000000114
2026-02-27,daily,all subpops,Age 1,new_H,baseline,0.0,0.0,3.0
2026-02-28,daily,all subpops,Age 1,new_H,baseline,0.0,0.0,2.0
2026-03-01,daily,all subpops,Age 1,new_H,baseline,0.0,0.0,2.0
2026-03-02,daily,all subpops,Age 1,new_H,baseline,0.0,0.0,2.0
2026-03-03,daily,all subpops,Age 1,new_H,baseline,0.0,0.0,2.0
2026-03-04,daily,all subpops,Age 1,new_H,baseline,0.0,0.0,2.0
2026-03-05,daily,all subpops,Age 1,new_H,baseline,0.0,0.0,2.0
2026-03-06,daily,all subpops,Age 1,new_H,baseline,0.0,0.0,2.0
2026-03-07,daily,all subpops,Age 1,new_H,baseline,0.0,0.0,2.0
2026-03-08,daily,all subpops,Age 1,new_H,baseline,0.0,0.0,2.0
2026-03-09,daily,all subpops,Age 1,new_H,baseline,0.0,0.0,2.0
2026-03-10,daily,all subpops,Age 1,new_H,baseline,0.0,0.0,2.0
2026-03-11,daily,all subpops,Age 1,new_H,baseline,0.0,0.0,2.0
2026-03-12,daily,all subpops,Age 1,new_H,baseline,0.0,0.0,2.0
2026-03-13,daily,all subpops,Age 1,new_H,baseline,0.0,0.0,2.0
2026-03-14,daily,all subpops,Age 1,new_H,baseline,0.0,0.0,1.3000000000000114
2026-03-15,daily,all subpops,Age 1,new_H,baseline,0.0,0.0,1.0
2026-03-16,daily,all subpops,Age 1,new_H,baseline,0.0,0.0,1.0
2026-03-17,daily,all subpops,Age 1,new_H,baseline,0.0,0.0,1.0
2026-03-18,daily,all subpops,Age 1,new_H,baseline,0.0,0.0,1.3000000000000114
2026-03-19,daily,all subpops,Age 1,new_H,baseline,0.0,0.0,1.0
2026-03-20,daily,all subpops,Age 1,new_H,baseline,0.0,0.0,2.0
2026-03-21,daily,all subpops,Age 1,new_H,baseline,0.0,0.0,1.0
2026-03-22,daily,all subpops,Age 1,new_H,baseline,0.0,0.0,1.0
2026-03-23,daily,all subpops,Age 1,new_H,baseline,0.0,0.0,1.0
2026-03-24,daily,all subpops,Age 1,new_H,baseline,0.0,0.0,1.0
2026-03-25,daily,all subpops,Age 1,new_H,baseline,0.0,0.0,1.0
2026-03-26,daily,all subpops,Age 1,new_H,baseline,0.0,0.0,1.0
2026-03-27,daily,all subpops,Age 1,new_H,baseline,0.0,0.0,1.0
2026-03-28,daily,all subpops,Age 1,new_H,baseline,0.0,0.0,1.0
2026-03-29,daily,all subpops,Age 1,new_H,baseline,0.0,0.0,1.0
2026-03-30,daily,all subpops,Age 1,new_H,baseline,0.0,0.0,1.0
2026-03-31,daily,all subpops,Age 1,new_H,baseline,0.0,0.0,1.0
2026-04-01,daily,all subpops,Age 1,new_H,baseline,0.0,0.0,1.0
2026-04-02,daily,all subpops,Age 1,new_H,baseline,0.0,0.0,1.0
2026-04-03,daily,all subpops,Age 1,new_H,baseline,0.0,0.0,1.0
2026-04-04,daily,all subpops,Age 1,new_H,baseline,0.0,0.0,1.0
2026-04-05,daily,all subpops,Age 1,new_H,baseline,0.0,0.0,1.0
2026-04-06,daily,all subpops,Age 1,new_H,baseline,0.0,0.0,1.0
2026-04-07,daily,all subpops,Age 1,new_H,baseline,0.0,0.0,1.0
2026-04-08,daily,all subpops,Age 1,new_H,baseline,0.0,0.0,1.0
2026-04-09,daily,all subpops,Age 1,new_H,baseline,0.0,0.0,1.0
2026-04-10,daily,all subpops,Age 1,new_H,baseline,0.0,0.0,1.0
2026-04-11,daily,all subpops,Age 1,new_H,baseline,0.0,0.0,1.0
2026-04-12,daily,all subpops,Age 1,new_H,baseline,0.0,0.0,1.0
2026-04-13,daily,all subpops,Age 1,new_H,baseline,0.0,0.0,1.0
2026-04-14,daily,all subpops,Age 1,new_H,baseline,0.0,0.0,1.0
2026-04-15,daily,all subpops,Age 1,new_H,baseline,0.0,0.0,1.0
2026-04-16,daily,all subpops,Age 1,new_H,baseline,0.0,0.0,1.0
2026-04-17,daily,all subpops,Age 1,new_H,baseline,0.0,0.0,1.0
2026-04-18,daily,all subpops,Age 1,new_H,baseline,0.0,0.0,1.0
2026-04-19,daily,all subpops,Age 1,new_H,baseline,0.0,0.0,1.0
2026-04-20,daily,all subpops,Age 1,new_H,baseline,0.0,0.0,1.0
2026-04-21,daily,all subpops,Age 1,new_H,baseline,0.0,0.0,0.30000000000001137
2026-04-22,daily,all subpops,Age 1,new_H,baseline,0.0,0.0,1.0
2026-04-23,daily,all subpops,Age 1,new_H,baseline,0.0,0.0,1.0
2026-04-24,daily,all subpops,Age 1,new_H,baseline,0.0,0.0,1.0
2026-04-25,daily,all subpops,Age 1,new_H,baseline,0.0,0.0,1.0
2026-04-26,daily,all subpops,Age 1,new_H,baseline,0.0,0.0,0.0
2026-04-27,daily,all subpops,Age 1,new_H,baseline,0.0,0.0,1.0
2026-04-28,daily,all subpops,Age 1,new_H,baseline,0.0,0.0,0.30000000000001137
2026-04-29,daily,all subpops,Age 1,new_H,baseline,0.0,0.0,0.30000000000001137
2026-04-30,daily,all subpops,Age 1,new_H,baseline,0.0,0.0,0.30000000000001137
2026-05-01,daily,all subpops,Age 1,new_H,baseline,0.0,0.0,0.0
2026-05-02,daily,all subpops,Age 1,new_H,baseline,0.0,0.0,0.0
2026-05-03,daily,all subpops,Age 1,new_H,baseline,0.0,0.0,0.0
2026-05-04,daily,all subpops,Age 1,new_H,baseline,0.0,0.0,0.0
2026-05-05,daily,all subpops,Age 1,new_H,baseline,0.0,0.0,0.30000000000001137
2026-05-06,daily,all subpops,Age 1,new_H,baseline,0.0,0.0,0.0
2026-05-07,daily,all subpops,Age 1,new_H,baseline,0.0,0.0,0.0
2026-05-08,daily,all subpops,Age 1,new_H,baseline,0.0,0.0,0.0
2025-09-01,cumulative,all subpops,Age 1,new_H,baseline,0.0,0.0,0.0
2025-09-02,cumulative,all subpops,Age 1,new_H,baseline,0.0,0.0,0.0
2025-09-03,cumulative,all subpops,Age 1,new_H,baseline,0.0,0.0,0.0
2025-09-04,cumulative,all subpops,Age 1,new_H,baseline,0.0,0.0,0.30000000000001137
2025-09-05,cumulative,all subpops,Age 1,new_H,baseline,0.0,0.0,1.0
2025-09-06,cumulative,all subpops,Age 1,new_H,baseline,0.0,0.0,1.0
2025-09-07,cumulative,all subpops,Age 1,new_H,baseline,0.0,0.0,1.0
2025-09-08,cumulative,all subpops,Age 1,new_H,baseline,0.0,0.0,1.0
2025-09-09,cumulative,all subpops,Age 1,new_H,baseline,0.0,0.0,1.0
2025-09-10,cumulative,all subpops,Age 1,new_H,baseline,0.0,0.0,1.0
2025-09-11,cumulative,all subpops,Age 1,new_H,baseline,0.0,0.0,1.0
2025-09-12,cumulative,all subpops,Age 1,new_H,baseline,0.0,0.0,1.0
2025-09-13,cumulative,all subpops,Age 1,new_H,baseline,0.0,0.0,1.0
2025-09-14,cumulative,all subpops,Age 1,new_H,baseline,0.0,0.0,1.0
2025-09-15,cumulative,all subpops,Age 1,new_H,baseline,0.0,0.0,1.0
2025-09-16,cumulative,all subpops,Age 1,new_H,baseline,0.0,0.0,1.0
2025-09-17,cumulative,all subpops,Age 1,new_H,baseline,0.0,0.0,1.0
2025-09-18,cumulative,all subpops,Age 1,new_H,baseline,0.0,0.0,1.0
2025-09-19,cumulative,all subpops,Age 1,new_H,baseline,0.0,0.0,1.0
2025-09-20,cumulative,all subpops,Age 1,new_H,baseline,0.0,0.0,1.0
2025-09-21,cumulative,all subpops,Age 1,new_H,baseline,0.0,0.0,1.0
2025-09-22,cumulative,all subpops,Age 1,new_H,baseline,0.0,0.0,1.0
2025-09-23,cumulative,all subpops,Age 1,new_H,baseline,0.0,0.0,1.0
2025-09-24,cumulative,all subpops,Age 1,new_H,baseline,0.0,0.0,1.0
2025-09-25,cumulative,all subpops,Age 1,new_H,baseline,0.0,0.0,1.3000000000000114
2025-09-26,cumulative,all subpops,Age 1,new_H,baseline,0.0,0.0,2.0
2025-09-27,cumulative,all subpops,Age 1,new_H,baseline,0.0,0.0,2.0
2025-09-28,cumulative,all subpops,Age 1,new_H,baseline,0.0,0.0,2.0
2025-09-29,cumulative,all subpops,Age 1,new_H,baseline,0.0,0.0,2.0
2025-09-30,cumulative,all subpops,Age 1,new_H,baseline,0.0,0.0,2.0
2025-10-01,cumulative,all subpops,Age 1,new_H,baseline,0.0,0.0,2.0
2025-10-02,cumulative,all subpops,Age 1,new_H,baseline,0.0,0.0,2.0
2025-10-03,cumulative,all subpops,Age 1,new_H,baseline,0.0,0.0,2.0
2025-10-04,cumulative,all subpops,Age 1,new_H,baseline,0.0,0.0,2.0
2025-10-05,cumulative,all subpops,Age 1,new_H,baseline,0.0,0.0,2.0
2025-10-06,cumulative,all subpops,Age 1,new_H,baseline,0.0,0.0,2.0
2025-10-07,cumulative,all subpops,Age 1,new_H,baseline,0.0,0.0,2.0
2025-10-08,cumulative,all subpops,Age 1,new_H,baseline,0.0,0.0,2.3000000000000114
2025-10-09,cumulative,all subpops,Age 1,new_H,baseline,0.0,0.0,3.0
2025-10-10,cumulative,all subpops,Age 1,new_H,baseline,0.0,0.0,3.0
2025-10-11,cumulative,all subpops,Age 1,new_H,baseline,1.0,0.0,3.0
2025-10-12,cumulative,all subpops,Age 1,new_H,baseline,1.0,0.0,3.0
2025-10-13,cumulative,all subpops,Age 1,new_H,baseline,1.0,0.0,3.0
2025-10-14,cumulative,all subpops,Age 1,new_H,baseline,1.0,0.0,3.0
2025-10-15,cumulative,all subpops,Age 1,new_H,baseline,1.0,0.0,3.0
2025-10-16,cumulative,all subpops,Age 1,new_H,baseline,1.0,0.0,3.0
2025-10-17,cumulative,all subpops,Age 1,new_H,baseline,1.0,0.0,4.0
2025-10-18,cumulative,all subpops,Age 1,new_H,baseline,1.0,0.0,4.0
2025-10-19,cumulative,all subpops,Age 1,new_H,baseline,1.0,0.0,4.0
2025-10-20,cumulative,all subpops,Age 1,new_H,baseline,1.0,0.0,4.0
2025-10-21,cumulative,all subpops,Age 1,new_H,baseline,1.0,0.0,4.0
2025-10-22,cumulative,all subpops,Age 1,new_H,baseline,1.0,0.0,5.0
2025-10-23,cumulative,all subpops,Age 1,new_H,baseline,1.0,0.0,5.0
2025-10-24,cumulative,all subpops,Age 1,new_H,baseline,2.0,0.0,5.0
2025-10-25,cumulative,all subpops,Age 1,new_H,baseline,2.0,0.0,5.0
2025-10-26,cumulative,all subpops,Age 1,new_H,baseline,2.0,0.0,5.0
2025-10-27,cumulative,all subpops,Age 1,new_H,baseline,2.0,0.0,5.0
2025-10-28,cumulative,all subpops,Age 1,new_H,baseline,2.0,0.0,6.0
2025-10-29,cumulative,all subpops,Age 1,new_H,baseline,2.0,0.0,6.0
2025-10-30,cumulative,all subpops,Age 1,new_H,baseline,2.0,0.0,6.0
2025-10-31,cumulative,all subpops,Age 1,new_H,baseline,3.0,0.0,7.0
2025-11-01,cumulative,all subpops,Age 1,new_H,baseline,3.0,0.0,7.300000000000011
2025-11-02,cumulative,all subpops,Age 1,new_H,baseline,3.0,1.0,8.0
2025-11-03,cumulative,all subpops,Age 1,new_H,baseline,3.0,1.0,8.0
2025-11-04,cumulative,all subpops,Age 1,new_H,baseline,4.0,1.0,9.0
2025-11-05,cumulative,all subpops,Age 1,new_H,baseline,4.0,1.0,9.0
2025-11-06,cumulative,all subpops,Age 1,new_H,baseline,4.0,1.0,9.0
2025-11-07,cumulative,all subpops,Age 1,new_H,baseline,5.0,1.0,10.0
2025-11-08,cumulative,all subpops,Age 1,new_H,baseline,5.0,1.0,10.0
2025-11-09,cumulative,all subpops,Age 1,new_H,baseline,5.0,2.0,11.0
2025-11-10,cumulative,all subpops,Age 1,new_H,baseline,6.0,2.0,12.0
2025-11-11,cumulative,all subpops,Age 1,new_H,baseline,6.0,2.0,13.0
2025-11-12,cumulative,all subpops,Age 1,new_H,baseline,7.0,2.0,13.0
2025-11-13,cumulative,all subpops,Age 1,new_H,baseline,7.0,3.0,13.0
2025-11-14,cumulative,all subpops,Age 1,new_H,baseline,8.0,3.0,14.0
2025-11-15,cumulative,all subpops,Age 1,new_H,baseline,8.0,4.0,14.0
2025-11-16,cumulative,all subpops,Age 1,new_H,baseline,9.0,4.0,15.0
2025-11-17,cumulative,all subpops,Age 1,new_H,baseline,10.0,4.0,16.0
2025-11-18,cumulative,all subpops,Age 1,new_H,baseline,10.0,5.0,17.0
2025-11-19,cumulative,all subpops,Age 1,new_H,baseline,11.0,5.0,17.30000000000001
2025-11-20,cumulative,all subpops,Age 1,new_H,baseline,12.0,6.0,18.30000000000001
2025-11-21,cumulative,all subpops,Age 1,new_H,baseline,13.0,6.0,20.0
2025-11-22,cumulative,all subpops,Age 1,new_H,baseline,13.0,6.0,21.0
2025-11-23,cumulative,all subpops,Age 1,new_H,baseline,14.0,7.0,23.0
2025-11-24,cumulative,all subpops,Age 1,new_H,baseline,15.0,7.0,23.0
2025-11-25,cumulative,all subpops,Age 1,new_H,baseline,16.0,8.0,25.0
2025-11-26,cumulative,all subpops,Age 1,new_H,baseline,17.0,9.0,25.30000000000001
2025-11-27,cumulative,all subpops,Age 1,new_H,baseline,18.0,10.0,27.0
2025-11-28,cumulative,all subpops,Age 1,new_H,baseline,19.0,10.0,29.0
2025-11-29,cumulative,all subpops,Age 1,new_H,baseline,21.0,11.700000000000001,31.30000000000001
2025-11-30,cumulative,all subpops,Age 1,new_H,baseline,22.0,12.0,33.0
2025-12-01,cumulative,all subpops,Age 1,new_H,baseline,23.0,13.0,34.30000000000001
2025-12-02,cumulative,all subpops,Age 1,new_H,baseline,24.0,14.0,37.0
2025-12-03,cumulative,all subpops,Age 1,new_H,baseline,25.0,15.0,38.0
2025-12-04,cumulative,all subpops,Age 1,new_H,baseline,26.0,16.0,39.0
2025-12-05,cumulative,all subpops,Age 1,new_H,baseline,28.0,17.0,41.0
2025-12-06,cumulative,all subpops,Age 1,new_H,baseline,29.0,18.700000000000003,43.0
2025-12-07,cumulative,all subpops,Age 1,new_H,baseline,31.0,20.0,44.0
2025-12-08,cumulative,all subpops,Age 1,new_H,baseline,32.0,20.0,46.30000000000001
2025-12-09,cumulative,all subpops,Age 1,new_H,baseline,33.0,21.0,48.0
2025-12-10,cumulative,all subpops,Age 1,new_H,baseline,35.0,23.0,49.30000000000001
2025-12-11,cumulative,all subpops,Age 1,new_H,baseline,37.0,24.0,52.0
2025-12-12,cumulative,all subpops,Age 1,new_H,baseline,39.0,25.0,54.0
2025-12-13,cumulative,all subpops,Age 1,new_H,baseline,41.0,27.0,58.0
2025-12-14,cumulative,all subpops,Age 1,new_H,baseline,43.0,27.700000000000003,61.0
2025-12-15,cumulative,all subpops,Age 1,new_H,baseline,45.0,29.0,63.0
2025-12-16,cumulative,all subpops,Age 1,new_H,baseline,47.0,31.700000000000003,65.0
2025-12-17,cumulative,all subpops,Age 1,new_H,baseline,50.0,34.0,68.0
2025-12-18,cumulative,all subpops,Age 1,new_H,baseline,52.0,36.0,70.30000000000001
2025-12-19,cumulative,all subpops,Age 1,new_H,baseline,55.0,37.7,73.30000000000001
2025-12-20,cumulative,all subpops,Age 1,new_H,baseline,57.0,39.0,77.0
2025-12-21,cumulative,all subpops,Age 1,new_H,baseline,60.0,42.0,79.30000000000001
2025-12-22,cumulative,all subpops,Age 1,new_H,baseline,63.0,44.0,83.0
2025-12-23,cumulative,all subpops,Age 1,new_H,baseline,66.0,47.0,86.0
2025-12-24,cumulative,all subpops,Age 1,new_H,baseline,69.0,49.7,90.0
2025-12-25,cumulative,all subpops,Age 1,new_H,baseline,71.0,51.7,93.0
2025-12-26,cumulative,all subpops,Age 1,new_H,baseline,73.0,52.7,96.0
2025-12-27,cumulative,all subpops,Age 1,new_H,baseline,76.0,53.0,98.0
2025-12-28,cumulative,all subpops,Age 1,new_H,baseline,78.0,57.0,102.0
2025-12-29,cumulative,all subpops,Age 1,new_H,baseline,80.0,59.400000000000006,105.0
2025-12-30,cumulative,all subpops,Age 1,new_H,baseline,82.0,61.0,106.30000000000001
2025-12-31,cumulative,all subpops,Age 1,new_H,baseline,84.0,62.7,109.0
2026-01-01,cumulative,all subpops,Age 1,new_H,baseline,86.0,65.4,111.0
2026-01-02,cumulative,all subpops,Age 1,new_H,baseline,88.0,66.7,113.0
2026-01-03,cumulative,all subpops,Age 1,new_H,baseline,90.0,67.7,113.0
2026-01-04,cumulative,all subpops,Age 1,new_H,baseline,92.0,68.0,115.30000000000001
2026-01-05,cumulative,all subpops,Age 1,new_H,baseline,93.0,70.0,117.30000000000001
2026-01-06,cumulative,all subpops,Age 1,new_H,baseline,95.0,72.0,120.0
2026-01-07,cumulative,all subpops,Age 1,new_H,baseline,96.0,73.0,120.60000000000002
2026-01-08,cumulative,all subpops,Age 1,new_H,baseline,98.0,74.7,123.0
2026-01-09,cumulative,all subpops,Age 1,new_H,baseline,99.0,75.0,125.0
2026-01-10,cumulative,all subpops,Age 1,new_H,baseline,101.0,76.7,125.0
2026-01-11,cumulative,all subpops,Age 1,new_H,baseline,103.0,78.0,127.0
2026-01-12,cumulative,all subpops,Age 1,new_H,baseline,105.0,79.0,128.0
2026-01-13,cumulative,all subpops,Age 1,new_H,baseline,106.0,80.7,130.0
2026-01-14,cumulative,all subpops,Age 1,new_H,baseline,107.0,82.7,131.0
2026-01-15,cumulative,all subpops,Age 1,new_H,baseline,109.0,84.7,132.0
2026-01-16,cumulative,all subpops,Age 1,new_H,baseline,111.0,87.0,133.60000000000002
2026-01-17,cumulative,all subpops,Age 1,new_H,baseline,113.0,88.7,136.0
2026-01-18,cumulative,all subpops,Age 1,new_H,baseline,114.0,91.7,138.0
2026-01-19,cumulative,all subpops,Age 1,new_H,baseline,116.0,92.0,139.0
2026-01-20,cumulative,all subpops,Age 1,new_H,baseline,117.0,93.0,141.0
2026-01-21,cumulative,all subpops,Age 1,new_H,baseline,118.0,95.0,142.0
2026-01-22,cumulative,all subpops,Age 1,new_H,baseline,120.0,97.0,143.0
2026-01-23,cumulative,all subpops,Age 1,new_H,baseline,121.0,99.0,145.3
2026-01-24,cumulative,all subpops,Age 1,new_H,baseline,122.0,101.0,146.3
2026-01-25,cumulative,all subpops,Age 1,new_H,baseline,124.0,102.0,148.3
2026-01-26,cumulative,all subpops,Age 1,new_H,baseline,125.0,103.0,149.3
2026-01-27,cumulative,all subpops,Age 1,new_H,baseline,127.0,104.0,150.3
2026-01-28,cumulative,all subpops,Age 1,new_H,baseline,128.0,106.7,151.3
2026-01-29,cumulative,all subpops,Age 1,new_H,baseline,130.0,108.0,153.0
2026-01-30,cumulative,all subpops,Age 1,new_H,baseline,131.0,109.0,155.0
2026-01-31,cumulative,all subpops,Age 1,new_H,baseline,133.0,109.7,157.0
2026-02-01,cumulative,all subpops,Age 1,new_H,baseline,134.0,110.7,158.0
2026-02-02,cumulative,all subpops,Age 1,new_H,baseline,135.0,111.0,159.0
2026-02-03,cumulative,all subpops,Age 1,new_H,baseline,137.0,113.0,161.0
2026-02-04,cumulative,all subpops,Age 1,new_H,baseline,138.0,113.7,161.3
2026-02-05,cumulative,all subpops,Age 1,new_H,baseline,139.0,115.4,163.3
2026-02-06,cumulative,all subpops,Age 1,new_H,baseline,140.0,115.7,165.0
2026-02-07,cumulative,all subpops,Age 1,new_H,baseline,142.0,117.0,166.0
2026-02-08,cumulative,all subpops,Age 1,new_H,baseline,143.0,118.0,167.0
2026-02-09,cumulative,all subpops,Age 1,new_H,baseline,144.0,118.7,168.3
2026-02-10,cumulative,all subpops,Age 1,new_H,baseline,145.0,120.7,169.0
2026-02-11,cumulative,all subpops,Age 1,new_H,baseline,146.0,120.7,170.0
2026-02-12,cumulative,all subpops,Age 1,new_H,baseline,147.0,121.7,172.0
2026-02-13,cumulative,all subpops,Age 1,new_H,baseline,148.0,124.4,172.0
2026-02-14,cumulative,all subpops,Age 1,new_H,baseline,149.0,125.7,173.3
2026-02-15,cumulative,all subpops,Age 1,new_H,baseline,150.0,126.7,174.0
2026-02-16,cumulative,all subpops,Age 1,new_H,baseline,151.0,127.0,175.0
2026-02-17,cumulative,all subpops,Age 1,new_H,baseline,153.0,128.0,178.0
2026-02-18,cumulative,all subpops,Age 1,new_H,baseline,154.0,128.7,178.0
2026-02-19,cumulative,all subpops,Age 1,new_H,baseline,154.0,128.7,179.0
2026-02-20,cumulative,all subpops,Age 1,new_H,baseline,155.0,129.4,180.0
2026-02-21,cumulative,all subpops,Age 1,new_H,baseline,155.0,130.0,180.3
2026-02-22,cumulative,all subpops,Age 1,new_H,baseline,156.0,130.7,181.0
2026-02-23,cumulative,all subpops,Age 1,new_H,baseline,157.0,131.0,181.3
2026-02-24,cumulative,all subpops,Age 1,new_H,baseline,157.0,131.0,182.0
2026-02-25,cumulative,all subpops,Age 1,new_H,baseline,158.0,131.0,182.3
2026-02-26,cumulative,all subpops,Age 1,new_H,baseline,158.0,131.7,183.3
2026-02-27,cumulative,all subpops,Age 1,new_H,baseline,159.0,132.0,184.0
2026-02-28,cumulative,all subpops,Age 1,new_H,baseline,159.0,133.0,184.3
2026-03-01,cumulative,all subpops,Age 1,new_H,baseline,160.0,133.0,185.3
2026-03-02,cumulative,all subpops,Age 1,new_H,baseline,160.0,133.7,186.0
2026-03-03,cumulative,all subpops,Age 1,new_H,baseline,161.0,134.0,186.0
2026-03-04,cumulative,all subpops,Age 1,new_H,baseline,161.0,134.7,186.0
2026-03-05,cumulative,all subpops,Age 1,new_H,baseline,161.0,135.7,187.0
2026-03-06,cumulative,all subpops,Age 1,new_H,baseline,162.0,136.7,188.0
2026-03-07,cumulative,all subpops,Age 1,new_H,baseline,162.0,137.0,188.0
2026-03-08,cumulative,all subpops,Age 1,new_H,baseline,162.0,137.0,188.0
2026-03-09,cumulative,all subpops,Age 1,new_H,baseline,163.0,137.0,189.0
2026-03-10,cumulative,all subpops,Age 1,new_H,baseline,163.0,137.0,189.3
2026-03-11,cumulative,all subpops,Age 1,new_H,baseline,163.0,137.7,189.3
2026-03-12,cumulative,all subpops,Age 1,new_H,baseline,164.0,138.0,189.3
2026-03-13,cumulative,all subpops,Age 1,new_H,baseline,164.0,138.7,189.3
2026-03-14,cumulative,all subpops,Age 1,new_H,baseline,164.0,138.7,190.0
2026-03-15,cumulative,all subpops,Age 1,new_H,baseline,165.0,138.7,190.3
2026-03-16,cumulative,all subpops,Age 1,new_H,baseline,165.0,139.0,190.3
2026-03-17,cumulative,all subpops,Age 1,new_H,baseline,165.0,139.0,190.3
2026-03-18,cumulative,all subpops,Age 1,new_H,baseline,165.0,140.0,190.3
2026-03-19,cumulative,all subpops,Age 1,new_H,baseline,165.0,140.0,191.0
2026-03-20,cumulative,all subpops,Age 1,new_H,baseline,165.0,140.7,191.3
2026-03-21,cumulative,all subpops,Age 1,new_H,baseline,166.0,140.7,192.0
2026-03-22,cumulative,all subpops,Age 1,new_H,baseline,166.0,140.7,192.0
2026-03-23,cumulative,all subpops,Age 1,new_H,baseline,166.0,140.7,192.0
2026-03-24,cumulative,all subpops,Age 1,new_H,baseline,166.0,141.0,192.0
2026-03-25,cumulative,all subpops,Age 1,new_H,baseline,167.0,141.0,192.3
2026-03-26,cumulative,all subpops,Age 1,new_H,baseline,167.0,141.0,192.3
2026-03-27,cumulative,all subpops,Age 1,new_H,baseline,167.0,141.7,192.3
2026-03-28,cumulative,all subpops,Age 1,new_H,baseline,167.0,141.7,193.0
2026-03-29,cumulative,all subpops,Age 1,new_H,baseline,167.0,141.7,193.0
2026-03-30,cumulative,all subpops,Age 1,new_H,baseline,167.0,141.7,193.0
2026-03-31,cumulative,all subpops,Age 1,new_H,baseline,167.0,141.7,193.0
2026-04-01,cumulative,all subpops,Age 1,new_H,baseline,167.0,141.7,193.0
2026-04-02,cumulative,all subpops,Age 1,new_H,baseline,167.0,141.7,193.0
2026-04-03,cumulative,all subpops,Age 1,new_H,baseline,167.0,141.7,193.0
2026-04-04,cumulative,all subpops,Age 1,new_H,baseline,167.0,141.7,194.0
2026-04-05,cumulative,all subpops,Age 1,new_H,baseline,167.0,141.7,194.0
2026-04-06,cumulative,all subpops,Age 1,new_H,baseline,168.0,142.0,194.0
2026-04-07,cumulative,all subpops,Age 1,new_H,baseline,168.0,142.0,194.0
2026-04-08,cumulative,all subpops,Age 1,new_H,baseline,168.0,142.0,194.0
2026-04-09,cumulative,all subpops,Age 1,new_H,baseline,168.0,142.0,194.0
2026-04-10,cumulative,all subpops,Age 1,new_H,baseline,168.0,142.0,194.0
2026-04-11,cumulative,all subpops,Age 1,new_H,baseline,168.0,142.0,194.0
2026-04-12,cumulative,all subpops,Age 1,new_H,baseline,168.0,142.7,194.0
2026-04-13,cumulative,all subpops,Age 1,new_H,baseline,168.0,142.7,194.3
2026-04-14,cumulative,all subpops,Age 1,new_H,baseline,168.0,142.7,195.0
2026-04-15,cumulative,all subpops,Age 1,new_H,baseline,168.0,142.7,195.0
2026-04-16,cumulative,all subpops,Age 1,new_H,baseline,169.0,142.7,195.0
2026-04-17,cumulative,all subpops,Age 1,new_H,baseline,169.0,142.7,195.0
2026-04-18,cumulative,all subpops,Age 1,new_H,baseline,169.0,142.7,195.0
2026-04-19,cumulative,all subpops,Age 1,new_H,baseline,169.0,142.7,195.0
2026-04-20,cumulative,all subpops,Age 1,new_H,baseline,169.0,142.7,195.0
2026-04-21,cumulative,all subpops,Age 1,new_H,baseline,169.0,142.7,195.0
2026-04-22,cumulative,all subpops,Age 1,new_H,baseline,169.0,142.7,195.0
2026-04-23,cumulative,all subpops,Age 1,new_H,baseline,169.0,142.7,195.0
2026-04-24,cumulative,all subpops,Age 1,new_H,baseline,169.0,142.7,195.0
2026-04-25,cumulative,all subpops,Age 1,new_H,baseline,169.0,142.7,195.0
2026-04-26,cumulative,all subpops,Age 1,new_H,baseline,169.0,142.7,195.0
2026-04-27,cumulative,all subpops,Age 1,new_H,baseline,169.0,143.0,195.0
2026-04-28,cumulative,all subpops,Age 1,new_H,baseline,169.0,143.0,195.0
2026-04-29,cumulative,all subpops,Age 1,new_H,baseline,169.0,143.0,195.0
2026-04-30,cumulative,all subpops,Age 1,new_H,baseline,169.0,143.0,195.0
2026-05-01,cumulative,all subpops,Age 1,new_H,baseline,169.0,143.0,195.0
2026-05-02,cumulative,all subpops,Age 1,new_H,baseline,169.0,143.0,195.0
2026-05-03,cumulative,all subpops,Age 1,new_H,baseline,169.0,143.0,195.0
2026-05-04,cumulative,all subpops,Age 1,new_H,baseline,169.0,143.0,195.0
2026-05-05,cumulative,all subpops,Age 1,new_H,baseline,169.0,143.0,195.0
2026-05-06,cumulative,all subpops,Age 1,new_H,baseline,169.0,143.0,195.0
2026-05-07,cumulative,all subpops,Age 1,new_H,baseline,169.0,143.0,195.0
2026-05-08,cumulative,all subpops,Age 1,new_H,baseline,169.0,143.0,195.0
2025-09-01,daily,all subpops,Age 2,new_H,baseline,0.0,0.0,0.0
2025-09-02,daily,all subpops,Age 2,new_H,baseline,0.0,0.0,0.0
2025-09-03,daily,all subpops,Age 2,new_H,baseline,0.0,0.0,0.0
2025-09-04,daily,all subpops,Age 2,new_H,baseline,0.0,0.0,0.0
2025-09-05,daily,all subpops,Age 2,new_H,baseline,0.0,0.0,0.0
2025-09-06,daily,all subpops,Age 2,new_H,baseline,0.0,0.0,0.0
2025-09-07,daily,all subpops,Age 2,new_H,baseline,0.0,0.0,0.0
2025-09-08,daily,all subpops,Age 2,new_H,baseline,0.0,0.0,0.0
2025-09-09,daily,all subpops,Age 2,new_H,baseline,0.0,0.0,0.0
2025-09-10,daily,all subpops,Age 2,new_H,baseline,0.0,0.0,0.0
2025-09-11,daily,all subpops,Age 2,new_H,baseline,0.0,0.0,0.0
2025-09-12,daily,all subpops,Age 2,new_H,baseline,0.0,0.0,0.0
2025-09-13,daily,all subpops,Age 2,new_H,baseline,0.0,0.0,0.0
2025-09-14,daily,all subpops,Age 2,new_H,baseline,0.0,0.0,0.0
2025-09-15,daily,all subpops,Age 2,new_H,baseline,0.0,0.0,0.0
2025-09-16,daily,all subpops,Age 2,new_H,baseline,0.0,0.0,0.0
2025-09-17,daily,all subpops,Age 2,new_H,baseline,0.0,0.0,0.0
2025-09-18,daily,all subpops,Age 2,new_H,baseline,0.0,0.0,0.0
2025-09-19,daily,all subpops,Age 2,new_H,baseline,0.0,0.0,0.0
2025-09-20,daily,all subpops,Age 2,new_H,baseline,0.0,0.0,0.30000000000001137
2025-09-21,daily,all subpops,Age 2,new_H,baseline,0.0,0.0,1.0
2025-09-22,daily,all subpops,Age 2,new_H,baseline,0.0,0.0,0.0
2025-09-23,daily,all subpops,Age 2,new_H,baseline,0.0,0.0,0.0
2025-09-24,daily,all subpops,Age 2,new_H,baseline,0.0,0.0,0.0
2025-09-25,daily,all subpops,Age 2,new_H,baseline,0.0,0.0,0.0
2025-09-26,daily,all subpops,Age 2,new_H,baseline,0.0,0.0,0.0
2025-09-27,daily,all subpops,Age 2,new_H,baseline,0.0,0.0,0.0
2025-09-28,daily,all subpops,Age 2,new_H,baseline,0.0,0.0,0.30000000000001137
2025-09-29,daily,all subpops,Age 2,new_H,baseline,0.0,0.0,0.0
2025-09-30,daily,all subpops,Age 2,new_H,baseline,0.0,0.0,0.0
2025-10-01,daily,all subpops,Age 2,new_H,baseline,0.0,0.0,0.30000000000001137
2025-10-02,daily,all subpops,Age 2,new_H,baseline,0.0,0.0,1.0
2025-10-03,daily,all subpops,Age 2,new_H,baseline,0.0,0.0,1.0
2025-10-04,daily,all subpops,Age 2,new_H,baseline,0.0,0.0,1.0
2025-10-05,daily,all subpops,Age 2,new_H,baseline,0.0,0.0,1.0
2025-10-06,daily,all subpops,Age 2,new_H,baseline,0.0,0.0,1.0
2025-10-07,daily,all subpops,Age 2,new_H,baseline,0.0,0.0,1.0
2025-10-08,daily,all subpops,Age 2,new_H,baseline,0.0,0.0,1.0
2025-10-09,daily,all subpops,Age 2,new_H,baseline,0.0,0.0,1.0
2025-10-10,daily,all subpops,Age 2,new_H,baseline,0.0,0.0,1.0
2025-10-11,daily,all subpops,Age 2,new_H,baseline,0.0,0.0,1.0
2025-10-12,daily,all subpops,Age 2,new_H,baseline,0.0,0.0,1.0
2025-10-13,daily,all subpops,Age 2,new_H,baseline,0.0,0.0,1.0
2025-10-14,daily,all subpops,Age 2,new_H,baseline,0.0,0.0,1.0
2025-10-15,daily,all subpops,Age 2,new_H,baseline,0.0,0.0,1.0
2025-10-16,daily,all subpops,Age 2,new_H,baseline,0.0,0.0,1.0
2025-10-17,daily,all subpops,Age 2,new_H,baseline,0.0,0.0,1.0
2025-10-18,daily,all subpops,Age 2,new_H,baseline,0.0,0.0,1.0
2025-10-19,daily,all subpops,Age 2,new_H,baseline,0.0,0.0,1.0
2025-10-20,daily,all subpops,Age 2,new_H,baseline,0.0,0.0,1.0
2025-10-21,daily,all subpops,Age 2,new_H,baseline,0.0,0.0,1.0
2025-10-22,daily,all subpops,Age 2,new_H,baseline,0.0,0.0,1.0
2025-10-23,daily,all subpops,Age 2,new_H,baseline,0.0,0.0,1.0
2025-10-24,daily,all subpops,Age 2,new_H,baseline,0.0,0.0,1.0
2025-10-25,daily,all subpops,Age 2,new_H,baseline,0.0,0.0,1.0
2025-10-26,daily,all subpops,Age 2,new_H,baseline,0.0,0.0,1.0
2025-10-27,daily,all subpops,Age 2,new_H,baseline,0.0,0.0,1.0
2025-10-28,daily,all subpops,Age 2,new_H,baseline,0.0,0.0,1.0
2025-10-29,daily,all subpops,Age 2,new_H,baseline,0.0,0.0,1.0
2025-10-30,daily,all subpops,Age 2,new_H,baseline,0.0,0.0,2.0
2025-10-31,daily,all subpops,Age 2,new_H,baseline,0.0,0.0,1.3000000000000114
2025-11-01,daily,all subpops,Age 2,new_H,baseline,0.0,0.0,1.0
2025-11-02,daily,all subpops,Age 2,new_H,baseline,0.0,0.0,2.0
2025-11-03,daily,all subpops,Age 2,new_H,baseline,0.0,0.0,2.0
2025-11-04,daily,all subpops,Age 2,new_H,baseline,0.0,0.0,2.0
2025-11-05,daily,all subpops,Age 2,new_H,baseline,0.0,0.0,2.0
2025-11-06,daily,all subpops,Age 2,new_H,baseline,0.0,0.0,2.0
2025-11-07,daily,all subpops,Age 2,new_H,baseline,0.0,0.0,2.0
2025-11-08,daily,all subpops,Age 2,new_H,baseline,0.0,0.0,2.0
2025-11-09,daily,all subpops,Age 2,new_H,baseline,0.0,0.0,2.0
2025-11-10,daily,all subpops,Age 2,new_H,baseline,0.0,0.0,2.0
2025-11-11,daily,all subpops,Age 2,new_H,baseline,0.0,0.0,2.0
2025-11-12,daily,all subpops,Age 2,new_H,baseline,0.0,0.0,2.0
2025-11-13,daily,all subpops,Age 2,new_H,baseline,0.0,0.0,2.3000000000000114
2025-11-14,daily,all subpops,Age 2,new_H,baseline,0.0,0.0,2.0
2025-11-15,daily,all subpops,Age 2,new_H,baseline,0.0,0.0,3.0
2025-11-16,daily,all subpops,Age 2,new_H,baseline,1.0,0.0,3.0
2025-11-17,daily,all subpops,Age 2,new_H,baseline,0.0,0.0,3.0
2025-11-18,daily,all subpops,Age 2,new_H,baseline,0.0,0.0,3.0
2025-11-19,daily,all subpops,Age 2,new_H,baseline,1.0,0.0,3.0
2025-11-20,daily,all subpops,Age 2,new_H,baseline,1.0,0.0,3.0
2025-11-21,daily,all subpops,Age 2,new_H,baseline,1.0,0.0,3.0
2025-11-22,daily,all subpops,Age 2,new_H,baseline,1.0,0.0,4.0
2025-11-23,daily,all subpops,Age 2,new_H,baseline,1.0,0.0,4.0
2025-11-24,daily,all subpops,Age 2,new_H,baseline,1.0,0.0,3.0
2025-11-25,daily,all subpops,Age 2,new_H,baseline,1.0,0.0,3.3000000000000114
2025-11-26,daily,all subpops,Age 2,new_H,baseline,1.0,0.0,4.0
2025-11-27,daily,all subpops,Age 2,new_H,baseline,1.0,0.0,3.0
2025-11-28,daily,all subpops,Age 2,new_H,baseline,1.0,0.0,4.0
2025-11-29,daily,all subpops,Age 2,new_H,baseline,1.0,0.0,4.0
2025-11-30,daily,all subpops,Age 2,new_H,baseline,1.0,0.0,3.0
2025-12-01,daily,all subpops,Age 2,new_H,baseline,1.0,0.0,4.0
2025-12-02,daily,all subpops,Age 2,new_H,baseline,1.0,0.0,4.0
2025-12-03,daily,all subpops,Age 2,new_H,baseline,1.0,0.0,4.0
2025-12-04,daily,all subpops,Age 2,new_H,baseline,1.0,0.0,4.0
2025-12-05,daily,all subpops,Age 2,new_H,baseline,1.0,0.0,4.0
2025-12-06,daily,all subpops,Age 2,new_H,baseline,2.0,0.0,4.0
2025-12-07,daily,all subpops,Age 2,new_H,baseline,2.0,0.0,5.0
2025-12-08,daily,all subpops,Age 2,new_H,baseline,2.0,0.0,5.0
2025-12-09,daily,all subpops,Age 2,new_H,baseline,2.0,0.0,4.0
2025-12-10,daily,all subpops,Age 2,new_H,baseline,2.0,0.0,5.0
2025-12-11,daily,all subpops,Age 2,new_H,baseline,2.0,0.0,5.0
2025-12-12,daily,all subpops,Age 2,new_H,baseline,2.0,0.0,5.300000000000011
2025-12-13,daily,all subpops,Age 2,new_H,baseline,2.0,0.0,6.0
2025-12-14,daily,all subpops,Age 2,new_H,baseline,2.0,0.0,6.0
2025-12-15,daily,all subpops,Age 2,new_H,baseline,2.0,0.0,6.0
2025-12-16,daily,all subpops,Age 2,new_H,baseline,2.0,0.0,6.0
2025-12-17,daily,all subpops,Age 2,new_H,baseline,2.0,0.0,6.0
2025-12-18,daily,all subpops,Age 2,new_H,baseline,3.0,0.0,6.0
2025-12-19,daily,all subpops,Age 2,new_H,baseline,3.0,0.0,6.0
2025-12-20,daily,all subpops,Age 2,new_H,baseline,3.0,0.0,7.0
2025-12-21,daily,all subpops,Age 2,new_H,baseline,3.0,0.0,7.0
2025-12-22,daily,all subpops,Age 2,new_H,baseline,3.0,0.0,6.0
2025-12-23,daily,all subpops,Age 2,new_H,baseline,3.0,0.0,6.0
2025-12-24,daily,all subpops,Age 2,new_H,baseline,2.0,0.0,6.0
2025-12-25,daily,all subpops,Age 2,new_H,baseline,2.0,0.0,5.0
2025-12-26,daily,all subpops,Age 2,new_H,baseline,2.0,0.0,5.0
2025-12-27,daily,all subpops,Age 2,new_H,baseline,2.0,0.0,5.0
2025-12-28,daily,all subpops,Age 2,new_H,baseline,1.0,0.0,5.0
2025-12-29,daily,all subpops,Age 2,new_H,baseline,1.0,0.0,4.0
2025-12-30,daily,all subpops,Age 2,new_H,baseline,1.0,0.0,4.0
2025-12-31,daily,all subpops,Age 2,new_H,baseline,1.0,0.0,4.0
2026-01-01,daily,all subpops,Age 2,new_H,baseline,1.0,0.0,4.0
2026-01-02,daily,all subpops,Age 2,new_H,baseline,1.0,0.0,4.0
2026-01-03,daily,all subpops,Age 2,new_H,baseline,1.0,0.0,3.3000000000000114
2026-01-04,daily,all subpops,Age 2,new_H,baseline,1.0,0.0,3.0
2026-01-05,daily,all subpops,Age 2,new_H,baseline,1.0,0.0,3.0
2026-01-06,daily,all subpops,Age 2,new_H,baseline,1.0,0.0,4.0
2026-01-07,daily,all subpops,Age 2,new_H,baseline,1.0,0.0,3.0
2026-01-08,daily,all subpops,Age 2,new_H,baseline,1.0,0.0,4.0
2026-01-09,daily,all subpops,Age 2,new_H,baseline,1.0,0.0,4.0
2026-01-10,daily,all subpops,Age 2,new_H,baseline,1.0,0.0,4.0
2026-01-11,daily,all subpops,Age 2,new_H,baseline,1.0,0.0,4.0
2026-01-12,daily,all subpops,Age 2,new_H,baseline,1.0,0.0,4.0
2026-01-13,daily,all subpops,Age 2,new_H,baseline,1.0,0.0,4.0
2026-01-14,daily,all subpops,Age 2,new_H,baseline,1.0,0.0,4.0
2026-01-15,daily,all subpops,Age 2,new_H,baseline,1.0,0.0,4.0
2026-01-16,daily,all subpops,Age 2,new_H,baseline,2.0,0.0,4.0
2026-01-17,daily,all subpops,Age 2,new_H,baseline,2.0,0.0,4.300000000000011
2026-01-18,daily,all subpops,Age 2,new_H,baseline,1.0,0.0,5.0
2026-01-19,daily,all subpops,Age 2,new_H,baseline,1.0,0.0,4.0
2026-01-20,daily,all subpops,Age 2,new_H,baseline,1.0,0.0,4.0
2026-01-21,daily,all subpops,Age 2,new_H,baseline,1.0,0.0,4.0
2026-01-22,daily,all subpops,Age 2,new_H,baseline,1.0,0.0,4.0
2026-01-23,daily,all subpops,Age 2,new_H,baseline,1.0,0.0,4.0
2026-01-24,daily,all subpops,Age 2,new_H,baseline,1.0,0.0,4.0
2026-01-25,daily,all subpops,Age 2,new_H,baseline,1.0,0.0,4.0
2026-01-26,daily,all subpops,Age 2,new_H,baseline,1.0,0.0,4.0
2026-01-27,daily,all subpops,Age 2,new_H,baseline,1.0,0.0,4.0
2026-01-28,daily,all subpops,Age 2,new_H,baseline,1.0,0.0,4.0
2026-01-29,daily,all subpops,Age 2,new_H,baseline,1.0,0.0,4.0
2026-01-30,daily,all subpops,Age 2,new_H,baseline,1.0,0.0,4.0
2026-01-31,daily,all subpops,Age 2,new_H,baseline,1.0,0.0,4.0
2026-02-01,daily,all subpops,Age 2,new_H,baseline,1.0,0.0,4.0
2026-02-02,daily,all subpops,Age 2,new_H,baseline,1.0,0.0,4.0
2026-02-03,daily,all subpops,Age 2,new_H,baseline,1.0,0.0,4.0
2026-02-04,daily,all subpops,Age 2,new_H,baseline,1.0,0.0,4.0
2026-02-05,daily,all subpops,Age 2,new_H,baseline,1.0,0.0,3.0
2026-02-06,daily,all subpops,Age 2,new_H,baseline,1.0,0.0,4.0
2026-02-07,daily,all subpops,Age 2,new_H,baseline,1.0,0.0,4.0
2026-02-08,daily,all subpops,Age 2,new_H,baseline,1.0,0.0,4.0
2026-02-09,daily,all subpops,Age 2,new_H,baseline,1.0,0.0,3.3000000000000114
2026-02-10,daily,all subpops,Age 2,new_H,baseline,1.0,0.0,3.0
2026-02-11,daily,all subpops,Age 2,new_H,baseline,1.0,0.0,3.0
2026-02-12,daily,all subpops,Age 2,new_H,baseline,1.0,0.0,3.0
2026-02-13,daily,all subpops,Age 2,new_H,baseline,1.0,0.0,3.0
2026-02-14,daily,all subpops,Age 2,new_H,baseline,1.0,0.0,3.0
2026-02-15,daily,all subpops,Age 2,new_H,baseline,1.0,0.0,3.0
2026-02-16,daily,all subpops,Age 2,new_H,baseline,1.0,0.0,3.0
2026-02-17,daily,all subpops,Age 2,new_H,baseline,1.0,0.0,3.0
2026-02-18,daily,all subpops,Age 2,new_H,baseline,1.0,0.0,2.3000000000000114
2026-02-19,daily,all subpops,Age 2,new_H,baseline,0.0,0.0,2.0
2026-02-20,daily,all subpops,Age 2,new_H,baseline,0.0,0.0,2.0
2026-02-21,daily,all subpops,Age 2,new_H,baseline,0.0,0.0,2.0
2026-02-22,daily,all subpops,Age 2,new_H,baseline,0.0,0.0,2.0
2026-02-23,daily,all subpops,Age 2,new_H,baseline,0.0,0.0,2.0
2026-02-24,daily,all subpops,Age 2,new_H,baseline,0.0,0.0,2.0
2026-02-25,daily,all subpops,Age 2,new_H,baseline,0.0,0.0,2.0
2026-02-26,daily,all subpops,Age 2,new_H,baseline,0.0,0.0,2.0
2026-02-27,daily,all subpops,Age 2,new_H,baseline,0.0,0.0,2.0
2026-02-28,daily,all subpops,Age 2,new_H,baseline,0.0,0.0,2.0
2026-03-01,daily,all subpops,Age 2,new_H,baseline,0.0,0.0,2.0
2026-03-02,daily,all subpops,Age 2,new_H,baseline,0.0,0.0,2.0
2026-03-03,daily,all subpops,Age 2,new_H,baseline,0.0,0.0,2.0
2026-03-04,daily,all subpops,Age 2,new_H,baseline,0.0,0.0,2.0
2026-03-05,daily,all subpops,Age 2,new_H,baseline,0.0,0.0,2.0
2026-03-06,daily,all subpops,Age 2,new_H,baseline,0.0,0.0,2.0
2026-03-07,daily,all subpops,Age 2,new_H,baseline,0.0,0.0,2.0
2026-03-08,daily,all subpops,Age 2,new_H,baseline,0.0,0.0,2.0
2026-03-09,daily,all subpops,Age 2,new_H,baseline,0.0,0.0,1.0
2026-03-10,daily,all subpops,Age 2,new_H,baseline,0.0,0.0,2.0
2026-03-11,daily,all subpops,Age 2,new_H,baseline,0.0,0.0,2.0
2026-03-12,daily,all subpops,Age 2,new_H,baseline,0.0,0.0,1.0
2026-03-13,daily,all subpops,Age 2,new_H,baseline,0.0,0.0,1.0
2026-03-14,daily,all subpops,Age 2,new_H,baseline,0.0,0.0,2.0
2026-03-15,daily,all subpops,Age 2,new_H,baseline,0.0,0.0,1.3000000000000114
2026-03-16,daily,all subpops,Age 2,new_H,baseline,0.0,0.0,1.0
2026-03-17,daily,all subpops,Age 2,new_H,baseline,0.0,0.0,1.0
2026-03-18,daily,all subpops,Age 2,new_H,baseline,0.0,0.0,1.0
2026-03-19,daily,all subpops,Age 2,new_H,baseline,0.0,0.0,1.0
2026-03-20,daily,all subpops,Age 2,new_H,baseline,0.0,0.0,1.0
2026-03-21,daily,all subpops,Age 2,new_H,baseline,0.0,0.0,1.0
2026-03-22,daily,all subpops,Age 2,new_H,baseline,0.0,0.0,1.0
2026-03-23,daily,all subpops,Age 2,new_H,baseline,0.0,0.0,1.0
2026-03-24,daily,all subpops,Age 2,new_H,baseline,0.0,0.0,1.0
2026-03-25,daily,all subpops,Age 2,new_H,baseline,0.0,0.0,1.0
2026-03-26,daily,all subpops,Age 2,new_H,baseline,0.0,0.0,1.0
2026-03-27,daily,all subpops,Age 2,new_H,baseline,0.0,0.0,1.0
2026-03-28,daily,all subpops,Age 2,new_H,baseline,0.0,0.0,1.0
2026-03-29,daily,all subpops,Age 2,new_H,baseline,0.0,0.0,1.0
2026-03-30,daily,all subpops,Age 2,new_H,baseline,0.0,0.0,1.0
2026-03-31,daily,all subpops,Age 2,new_H,baseline,0.0,0.0,1.0
2026-04-01,daily,all subpops,Age 2,new_H,baseline,0.0,0.0,1.0
2026-04-02,daily,all subpops,Age 2,new_H,baseline,0.0,0.0,1.0
2026-04-03,daily,all subpops,Age 2,new_H,baseline,0.0,0.0,1.0
2026-04-04,daily,all subpops,Age 2,new_H,baseline,0.0,0.0,1.0
2026-04-05,daily,all subpops,Age 2,new_H,baseline,0.0,0.0,1.0
2026-04-06,daily,all subpops,Age 2,new_H,baseline,0.0,0.0,1.0
2026-04-07,daily,all subpops,Age 2,new_H,baseline,0.0,0.0,1.0
2026-04-08,daily,all subpops,Age 2,new_H,baseline,0.0,0.0,1.0
2026-04-09,daily,all subpops,Age 2,new_H,baseline,0.0,0.0,1.0
2026-04-10,daily,all subpops,Age 2,new_H,baseline,0.0,0.0,1.0
2026-04-11,daily,all subpops,Age 2,new_H,baseline,0.0,0.0,1.0
2026-04-12,daily,all subpops,Age 2,new_H,baseline,0.0,0.0,1.0
2026-04-13,daily,all subpops,Age 2,new_H,baseline,0.0,0.0,1.0
2026-04-14,daily,all subpops,Age 2,new_H,baseline,0.0,0.0,1.0
2026-04-15,daily,all subpops,Age 2,new_H,baseline,0.0,0.0,1.0
2026-04-16,daily,all subpops,Age 2,new_H,baseline,0.0,0.0,1.0
2026-04-17,daily,all subpops,Age 2,new_H,baseline,0.0,0.0,1.0
2026-04-18,daily,all subpops,Age 2,new_H,baseline,0.0,0.0,1.0
2026-04-19,daily,all subpops,Age 2,new_H,baseline,0.0,0.0,1.0
2026-04-20,daily,all subpops,Age 2,new_H,baseline,0.0,0.0,1.0
2026-04-21,daily,all subpops,Age 2,new_H,baseline,0.0,0.0,1.0
2026-04-22,daily,all subpops,Age 2,new_H,baseline,0.0,0.0,0.0
2026-04-23,daily,all subpops,Age 2,new_H,baseline,0.0,0.0,0.0
2026-04-24,daily,all subpops,Age 2,new_H,baseline,0.0,0.0,1.0
2026-04-25,daily,all subpops,Age 2,new_H,baseline,0.0,0.0,0.0
2026-04-26,daily,all subpops,Age 2,new_H,baseline,0.0,0.0,0.0
2026-04-27,daily,all subpops,Age 2,new_H,baseline,0.0,0.0,0.0
2026-04-28,daily,all subpops,Age 2,new_H,baseline,0.0,0.0,0.30000000000001137
2026-04-29,daily,all subpops,Age 2,new_H,baseline,0.0,0.0,0.0
2026-04-30,daily,all subpops,Age 2,new_H,baseline,0.0,0.0,0.0
2026-05-01,daily,all subpops,Age 2,new_H,baseline,0.0,0.0,0.0
2026-05-02,daily,all subpops,Age 2,new_H,baseline,0.0,0.0,0.0
2026-05-03,daily,all subpops,Age 2,new_H,baseline,0.0,0.0,0.0
2026-05-04,daily,all subpops,Age 2,new_H,baseline,0.0,0.0,0.0
2026-05-05,daily,all subpops,Age 2,new_H,baseline,0.0,0.0,0.0
2026-05-06,daily,all subpops,Age 2,new_H,baseline,0.0,0.0,0.0
2026-05-07,daily,all subpops,Age 2,new_H,baseline,0.0,0.0,0.0
2026-05-08,daily,all subpops,Age 2,new_H,baseline,0.0,0.0,0.0
2025-09-01,cumulative,all subpops,Age 2,new_H,baseline,0.0,0.0,0.0
2025-09-02,cumulative,all subpops,Age 2,new_H,baseline,0.0,0.0,0.0
2025-09-03,cumulative,all subpops,Age 2,new_H,baseline,0.0,0.0,0.0
2025-09-04,cumulative,all subpops,Age 2,new_H,baseline,0.0,0.0,0.0
2025-09-05,cumulative,all subpops,Age 2,new_H,baseline,0.0,0.0,0.0
2025-09-06,cumulative,all subpops,Age 2,new_H,baseline,0.0,0.0,0.0
2025-09-07,cumulative,all subpops,Age 2,new_H,baseline,0.0,0.0,1.0
2025-09-08,cumulative,all subpops,Age 2,new_H,baseline,0.0,0.0,1.0
2025-09-09,cumulative,all subpops,Age 2,new_H,baseline,0.0,0.0,1.0
2025-09-10,cumulative,all subpops,Age 2,new_H,baseline,0.0,0.0,1.0
2025-09-11,cumulative,all subpops,Age 2,new_H,baseline,0.0,0.0,1.0
2025-09-12,cumulative,all subpops,Age 2,new_H,baseline,0.0,0.0,1.0
2025-09-13,cumulative,all subpops,Age 2,new_H,baseline,0.0,0.0,1.0
2025-09-14,cumulative,all subpops,Age 2,new_H,baseline,0.0,0.0,1.0
2025-09-15,cumulative,all subpops,Age 2,new_H,baseline,0.0,0.0,1.0
2025-09-16,cumulative,all subpops,Age 2,new_H,baseline,0.0,0.0,1.0
2025-09-17,cumulative,all subpops,Age 2,new_H,baseline,0.0,0.0,1.0
2025-09-18,cumulative,all subpops,Age 2,new_H,baseline,0.0,0.0,1.0
2025-09-19,cumulative,all subpops,Age 2,new_H,baseline,0.0,0.0,1.0
2025-09-20,cumulative,all subpops,Age 2,new_H,baseline,0.0,0.0,1.0
2025-09-21,cumulative,all subpops,Age 2,new_H,baseline,0.0,0.0,1.0
2025-09-22,cumulative,all subpops,Age 2,new_H,baseline,0.0,0.0,1.0
2025-09-23,cumulative,all subpops,Age 2,new_H,baseline,0.0,0.0,1.3000000000000114
2025-09-24,cumulative,all subpops,Age 2,new_H,baseline,0.0,0.0,2.0
2025-09-25,cumulative,all subpops,Age 2,new_H,baseline,0.0,0.0,2.0
2025-09-26,cumulative,all subpops,Age 2,new_H,baseline,0.0,0.0,2.0
2025-09-27,cumulative,all subpops,Age 2,new_H,baseline,0.0,0.0,2.0
2025-09-28,cumulative,all subpops,Age 2,new_H,baseline,0.0,0.0,2.0
2025-09-29,cumulative,all subpops,Age 2,new_H,baseline,0.0,0.0,2.0
2025-09-30,cumulative,all subpops,Age 2,new_H,baseline,0.0,0.0,2.0
2025-10-01,cumulative,all subpops,Age 2,new_H,baseline,0.0,0.0,2.0
2025-10-02,cumulative,all subpops,Age 2,new_H,baseline,0.0,0.0,2.0
2025-10-03,cumulative,all subpops,Age 2,new_H,baseline,0.0,0.0,2.0
2025-10-04,cumulative,all subpops,Age 2,new_H,baseline,0.0,0.0,2.0
2025-10-05,cumulative,all subpops,Age 2,new_H,baseline,0.0,0.0,2.0
2025-10-06,cumulative,all subpops,Age 2,new_H,baseline,0.0,0.0,3.0
2025-10-07,cumulative,all subpops,Age 2,new_H,baseline,0.0,0.0,3.0
2025-10-08,cumulative,all subpops,Age 2,new_H,baseline,0.0,0.0,3.0
2025-10-09,cumulative,all subpops,Age 2,new_H,baseline,1.0,0.0,3.0
2025-10-10,cumulative,all subpops,Age 2,new_H,baseline,1.0,0.0,3.0
2025-10-11,cumulative,all subpops,Age 2,new_H,baseline,1.0,0.0,3.0
2025-10-12,cumulative,all subpops,Age 2,new_H,baseline,1.0,0.0,3.0
2025-10-13,cumulative,all subpops,Age 2,new_H,baseline,1.0,0.0,3.0
2025-10-14,cumulative,all subpops,Age 2,new_H,baseline,1.0,0.0,4.0
2025-10-15,cumulative,all subpops,Age 2,new_H,baseline,1.0,0.0,4.0
2025-10-16,cumulative,all subpops,Age 2,new_H,baseline,1.0,0.0,4.0
2025-10-17,cumulative,all subpops,Age 2,new_H,baseline,1.0,0.0,4.0
2025-10-18,cumulative,all subpops,Age 2,new_H,baseline,1.0,0.0,4.0
2025-10-19,cumulative,all subpops,Age 2,new_H,baseline,1.0,0.0,5.0
2025-10-20,cumulative,all subpops,Age 2,new_H,baseline,1.0,0.0,5.0
2025-10-21,cumulative,all subpops,Age 2,new_H,baseline,2.0,0.0,5.0
2025-10-22,cumulative,all subpops,Age 2,new_H,baseline,2.0,0.0,5.0
2025-10-23,cumulative,all subpops,Age 2,new_H,baseline,2.0,0.0,5.0
2025-10-24,cumulative,all subpops,Age 2,new_H,baseline,2.0,0.0,5.0
2025-10-25,cumulative,all subpops,Age 2,new_H,baseline,2.0,0.0,5.300000000000011
2025-10-26,cumulative,all subpops,Age 2,new_H,baseline,2.0,0.0,6.0
2025-10-27,cumulative,all subpops,Age 2,new_H,baseline,2.0,0.0,6.0
2025-10-28,cumulative,all subpops,Age 2,new_H,baseline,3.0,0.0,6.0
2025-10-29,cumulative,all subpops,Age 2,new_H,baseline,3.0,0.0,7.0
2025-10-30,cumulative,all subpops,Age 2,new_H,baseline,3.0,0.0,7.0
2025-10-31,cumulative,all subpops,Age 2,new_H,baseline,3.0,0.0,8.0
2025-11-01,cumulative,all subpops,Age 2,new_H,baseline,3.0,1.0,8.0
2025-11-02,cumulative,all subpops,Age 2,new_H,baseline,4.0,1.0,8.0
2025-11-03,cumulative,all subpops,Age 2,new_H,baseline,4.0,1.0,9.0
2025-11-04,cumulative,all subpops,Age 2,new_H,baseline,4.0,1.0,9.0
2025-11-05,cumulative,all subpops,Age 2,new_H,baseline,5.0,1.0,10.0
2025-11-06,cumulative,all subpops,Age 2,new_H,baseline,5.0,1.0,10.0
2025-11-07,cumulative,all subpops,Age 2,new_H,baseline,6.0,1.700000000000001,10.300000000000011
2025-11-08,cumulative,all subpops,Age 2,new_H,baseline,6.0,2.0,11.0
2025-11-09,cumulative,all subpops,Age 2,new_H,baseline,6.0,2.0,12.0
2025-11-10,cumulative,all subpops,Age 2,new_H,baseline,7.0,2.700000000000001,13.0
2025-11-11,cumulative,all subpops,Age 2,new_H,baseline,7.0,3.0,13.300000000000011
2025-11-12,cumulative,all subpops,Age 2,new_H,baseline,8.0,3.0,14.0
2025-11-13,cumulative,all subpops,Age 2,new_H,baseline,8.0,3.0,14.300000000000011
2025-11-14,cumulative,all subpops,Age 2,new_H,baseline,9.0,3.700000000000001,16.0
2025-11-15,cumulative,all subpops,Age 2,new_H,baseline,10.0,4.0,16.0
2025-11-16,cumulative,all subpops,Age 2,new_H,baseline,10.0,4.0,17.30000000000001
2025-11-17,cumulative,all subpops,Age 2,new_H,baseline,11.0,5.0,19.0
2025-11-18,cumulative,all subpops,Age 2,new_H,baseline,12.0,5.0,19.30000000000001
2025-11-19,cumulative,all subpops,Age 2,new_H,baseline,12.0,5.700000000000001,21.30000000000001
2025-11-20,cumulative,all subpops,Age 2,new_H,baseline,13.0,6.0,22.0
2025-11-21,cumulative,all subpops,Age 2,new_H,baseline,14.0,6.700000000000001,23.30000000000001
2025-11-22,cumulative,all subpops,Age 2,new_H,baseline,16.0,7.0,25.0
2025-11-23,cumulative,all subpops,Age 2,new_H,baseline,17.0,8.0,26.30000000000001
2025-11-24,cumulative,all subpops,Age 2,new_H,baseline,18.0,9.0,28.0
2025-11-25,cumulative,all subpops,Age 2,new_H,baseline,19.0,9.700000000000001,29.0
2025-11-26,cumulative,all subpops,Age 2,new_H,baseline,20.0,10.0,30.30000000000001
2025-11-27,cumulative,all subpops,Age 2,new_H,baseline,21.0,11.0,32.0
2025-11-28,cumulative,all subpops,Age 2,new_H,baseline,22.0,11.0,34.0
2025-11-29,cumulative,all subpops,Age 2,new_H,baseline,23.0,12.0,35.30000000000001
2025-11-30,cumulative,all subpops,Age 2,new_H,baseline,25.0,13.0,37.0
2025-12-01,cumulative,all subpops,Age 2,new_H,baseline,26.0,14.0,38.0
2025-12-02,cumulative,all subpops,Age 2,new_H,baseline,27.0,15.0,41.0
2025-12-03,cumulative,all subpops,Age 2,new_H,baseline,28.0,16.0,42.0
2025-12-04,cumulative,all subpops,Age 2,new_H,baseline,30.0,17.0,44.30000000000001
2025-12-05,cumulative,all subpops,Age 2,new_H,baseline,31.0,19.0,46.0
2025-12-06,cumulative,all subpops,Age 2,new_H,baseline,33.0,20.0,49.30000000000001
2025-12-07,cumulative,all subpops,Age 2,new_H,baseline,34.0,21.0,50.30000000000001
2025-12-08,cumulative,all subpops,Age 2,new_H,baseline,36.0,22.0,54.0
2025-12-09,cumulative,all subpops,Age 2,new_H,baseline,37.0,24.0,55.30000000000001
2025-12-10,cumulative,all subpops,Age 2,new_H,baseline,39.0,26.0,58.0
2025-12-11,cumulative,all subpops,Age 2,new_H,baseline,42.0,28.0,61.0
2025-12-12,cumulative,all subpops,Age 2,new_H,baseline,44.0,30.0,62.30000000000001
2025-12-13,cumulative,all subpops,Age 2,new_H,baseline,46.0,32.0,65.30000000000001
2025-12-14,cumulative,all subpops,Age 2,new_H,baseline,49.0,35.0,69.0
2025-12-15,cumulative,all subpops,Age 2,new_H,baseline,52.0,37.0,72.30000000000001
2025-12-16,cumulative,all subpops,Age 2,new_H,baseline,54.0,39.0,74.30000000000001
2025-12-17,cumulative,all subpops,Age 2,new_H,baseline,56.0,42.0,78.30000000000001
2025-12-18,cumulative,all subpops,Age 2,new_H,baseline,59.0,43.0,81.30000000000001
2025-12-19,cumulative,all subpops,Age 2,new_H,baseline,61.0,45.0,86.0
2025-12-20,cumulative,all subpops,Age 2,new_H,baseline,65.0,48.0,89.30000000000001
2025-12-21,cumulative,all subpops,Age 2,new_H,baseline,68.0,50.0,92.30000000000001
2025-12-22,cumulative,all subpops,Age 2,new_H,baseline,71.0,53.0,96.0
2025-12-23,cumulative,all subpops,Age 2,new_H,baseline,74.0,55.7,98.30000000000001
2025-12-24,cumulative,all subpops,Age 2,new_H,baseline,76.0,57.7,101.0
2025-12-25,cumulative,all subpops,Age 2,new_H,baseline,78.0,59.0,104.0
2025-12-26,cumulative,all subpops,Age 2,new_H,baseline,80.0,60.7,105.30000000000001
2025-12-27,cumulative,all subpops,Age 2,new_H,baseline,82.0,62.7,108.30000000000001
2025-12-28,cumulative,all subpops,Age 2,new_H,baseline,83.0,63.0,110.0
2025-12-29,cumulative,all subpops,Age 2,new_H,baseline,85.0,65.0,111.0
2025-12-30,cumulative,all subpops,Age 2,new_H,baseline,86.0,67.7,112.0
2025-12-31,cumulative,all subpops,Age 2,new_H,baseline,88.0,68.7,113.30000000000001
2026-01-01,cumulative,all subpops,Age 2,new_H,baseline,89.0,69.0,115.30000000000001
2026-01-02,cumulative,all subpops,Age 2,new_H,baseline,90.0,70.0,116.30000000000001
2026-01-03,cumulative,all subpops,Age 2,new_H,baseline,91.0,71.0,117.60000000000002
2026-01-04,cumulative,all subpops,Age 2,new_H,baseline,92.0,72.0,118.30000000000001
2026-01-05,cumulative,all subpops,Age 2,new_H,baseline,93.0,73.0,118.30000000000001
2026-01-06,cumulative,all subpops,Age 2,new_H,baseline,94.0,74.0,119.30000000000001
2026-01-07,cumulative,all subpops,Age 2,new_H,baseline,96.0,75.0,121.0
2026-01-08,cumulative,all subpops,Age 2,new_H,baseline,97.0,76.7,121.0
2026-01-09,cumulative,all subpops,Age 2,new_H,baseline,98.0,78.7,123.0
2026-01-10,cumulative,all subpops,Age 2,new_H,baseline,100.0,80.0,124.30000000000001
2026-01-11,cumulative,all subpops,Age 2,new_H,baseline,101.0,81.0,126.0
2026-01-12,cumulative,all subpops,Age 2,new_H,baseline,102.0,82.0,127.30000000000001
2026-01-13,cumulative,all subpops,Age 2,new_H,baseline,104.0,83.0,129.0
2026-01-14,cumulative,all subpops,Age 2,new_H,baseline,105.0,84.0,130.0
2026-01-15,cumulative,all subpops,Age 2,new_H,baseline,107.0,85.0,131.3
2026-01-16,cumulative,all subpops,Age 2,new_H,baseline,109.0,86.7,133.3
2026-01-17,cumulative,all subpops,Age 2,new_H,baseline,110.0,87.0,135.0
2026-01-18,cumulative,all subpops,Age 2,new_H,baseline,112.0,90.0,137.0
2026-01-19,cumulative,all subpops,Age 2,new_H,baseline,113.0,90.7,138.0
2026-01-20,cumulative,all subpops,Age 2,new_H,baseline,115.0,92.7,139.0
2026-01-21,cumulative,all subpops,Age 2,new_H,baseline,116.0,93.7,140.0
2026-01-22,cumulative,all subpops,Age 2,new_H,baseline,117.0,95.0,141.0
2026-01-23,cumulative,all subpops,Age 2,new_H,baseline,119.0,96.7,142.3
2026-01-24,cumulative,all subpops,Age 2,new_H,baseline,120.0,98.0,144.0
2026-01-25,cumulative,all subpops,Age 2,new_H,baseline,121.0,99.7,145.0
2026-01-26,cumulative,all subpops,Age 2,new_H,baseline,123.0,101.0,146.3
2026-01-27,cumulative,all subpops,Age 2,new_H,baseline,124.0,103.7,148.0
2026-01-28,cumulative,all subpops,Age 2,new_H,baseline,125.0,105.0,149.3
2026-01-29,cumulative,all subpops,Age 2,new_H,baseline,127.0,105.7,151.60000000000002
2026-01-30,cumulative,all subpops,Age 2,new_H,baseline,128.0,106.7,153.3
2026-01-31,cumulative,all subpops,Age 2,new_H,baseline,129.0,108.7,155.0
2026-02-01,cumulative,all subpops,Age 2,new_H,baseline,131.0,109.0,155.0
2026-02-02,cumulative,all subpops,Age 2,new_H,baseline,132.0,111.0,158.0
2026-02-03,cumulative,all subpops,Age 2,new_H,baseline,133.0,112.0,159.0
2026-02-04,cumulative,all subpops,Age 2,new_H,baseline,135.0,112.0,160.0
2026-02-05,cumulative,all subpops,Age 2,new_H,baseline,136.0,112.7,161.0
2026-02-06,cumulative,all subpops,Age 2,new_H,baseline,137.0,113.7,162.0
2026-02-07,cumulative,all subpops,Age 2,new_H,baseline,138.0,115.7,162.90000000000003
2026-02-08,cumulative,all subpops,Age 2,new_H,baseline,139.0,117.0,165.3
2026-02-09,cumulative,all subpops,Age 2,new_H,baseline,141.0,117.7,166.3
2026-02-10,cumulative,all subpops,Age 2,new_H,baseline,142.0,118.0,167.0
2026-02-11,cumulative,all subpops,Age 2,new_H,baseline,143.0,119.0,168.0
2026-02-12,cumulative,all subpops,Age 2,new_H,baseline,144.0,121.0,168.3
2026-02-13,cumulative,all subpops,Age 2,new_H,baseline,145.0,121.0,170.3
2026-02-14,cumulative,all subpops,Age 2,new_H,baseline,146.0,121.7,171.3
2026-02-15,cumulative,all subpops,Age 2,new_H,baseline,147.0,122.0,172.0
2026-02-16,cumulative,all subpops,Age 2,new_H,baseline,148.0,123.0,173.0
2026-02-17,cumulative,all subpops,Age 2,new_H,baseline,148.0,124.7,173.3
2026-02-18,cumulative,all subpops,Age 2,new_H,baseline,149.0,125.7,173.3
2026-02-19,cumulative,all subpops,Age 2,new_H,baseline,150.0,126.0,174.0
2026-02-20,cumulative,all subpops,Age 2,new_H,baseline,150.0,126.0,174.3
2026-02-21,cumulative,all subpops,Age 2,new_H,baseline,151.0,126.0,176.0
2026-02-22,cumulative,all subpops,Age 2,new_H,baseline,151.0,127.0,176.3
2026-02-23,cumulative,all subpops,Age 2,new_H,baseline,151.0,127.0,176.3
2026-02-24,cumulative,all subpops,Age 2,new_H,baseline,152.0,127.0,177.0
2026-02-25,cumulative,all subpops,Age 2,new_H,baseline,152.0,127.0,177.0
2026-02-26,cumulative,all subpops,Age 2,new_H,baseline,153.0,127.7,177.3
2026-02-27,cumulative,all subpops,Age 2,new_H,baseline,153.0,128.0,178.0
2026-02-28,cumulative,all subpops,Age 2,new_H,baseline,154.0,128.7,178.0
2026-03-01,cumulative,all subpops,Age 2,new_H,baseline,154.0,129.0,178.3
2026-03-02,cumulative,all subpops,Age 2,new_H,baseline,154.0,129.0,179.0
2026-03-03,cumulative,all subpops,Age 2,new_H,baseline,154.0,129.0,179.0
2026-03-04,cumulative,all subpops,Age 2,new_H,baseline,155.0,129.0,179.3
2026-03-05,cumulative,all subpops,Age 2,new_H,baseline,155.0,129.7,180.0
2026-03-06,cumulative,all subpops,Age 2,new_H,baseline,156.0,130.0,180.0
2026-03-07,cumulative,all subpops,Age 2,new_H,baseline,156.0,130.0,180.3
2026-03-08,cumulative,all subpops,Age 2,new_H,baseline,156.0,130.0,180.3
2026-03-09,cumulative,all subpops,Age 2,new_H,baseline,157.0,131.0,181.0
2026-03-10,cumulative,all subpops,Age 2,new_H,baseline,157.0,132.4,181.0
2026-03-11,cumulative,all subpops,Age 2,new_H,baseline,157.0,132.7,181.0
2026-03-12,cumulative,all subpops,Age 2,new_H,baseline,157.0,132.7,181.0
2026-03-13,cumulative,all subpops,Age 2,new_H,baseline,158.0,132.7,182.0
2026-03-14,cumulative,all subpops,Age 2,new_H,baseline,158.0,133.4,182.0
2026-03-15,cumulative,all subpops,Age 2,new_H,baseline,158.0,133.4,182.3
2026-03-16,cumulative,all subpops,Age 2,new_H,baseline,158.0,133.7,182.3
2026-03-17,cumulative,all subpops,Age 2,new_H,baseline,159.0,133.7,182.3
2026-03-18,cumulative,all subpops,Age 2,new_H,baseline,159.0,133.7,182.3
2026-03-19,cumulative,all subpops,Age 2,new_H,baseline,159.0,133.7,183.0
2026-03-20,cumulative,all subpops,Age 2,new_H,baseline,159.0,133.7,183.0
2026-03-21,cumulative,all subpops,Age 2,new_H,baseline,160.0,133.7,184.0
2026-03-22,cumulative,all subpops,Age 2,new_H,baseline,160.0,133.7,184.0
2026-03-23,cumulative,all subpops,Age 2,new_H,baseline,160.0,134.0,184.0
2026-03-24,cumulative,all subpops,Age 2,new_H,baseline,160.0,134.0,184.0
2026-03-25,cumulative,all subpops,Age 2,new_H,baseline,160.0,134.0,184.0
2026-03-26,cumulative,all subpops,Age 2,new_H,baseline,160.0,134.0,184.0
2026-03-27,cumulative,all subpops,Age 2,new_H,baseline,161.0,134.0,184.0
2026-03-28,cumulative,all subpops,Age 2,new_H,baseline,161.0,134.0,184.0
2026-03-29,cumulative,all subpops,Age 2,new_H,baseline,161.0,134.0,184.0
2026-03-30,cumulative,all subpops,Age 2,new_H,baseline,161.0,134.7,184.0
2026-03-31,cumulative,all subpops,Age 2,new_H,baseline,161.0,134.7,184.3
2026-04-01,cumulative,all subpops,Age 2,new_H,baseline,161.0,134.7,185.0
2026-04-02,cumulative,all subpops,Age 2,new_H,baseline,161.0,135.0,185.0
2026-04-03,cumulative,all subpops,Age 2,new_H,baseline,162.0,135.7,185.0
2026-04-04,cumulative,all subpops,Age 2,new_H,baseline,162.0,135.7,185.0
2026-04-05,cumulative,all subpops,Age 2,new_H,baseline,162.0,135.7,185.0
2026-04-06,cumulative,all subpops,Age 2,new_H,baseline,162.0,135.7,185.0
2026-04-07,cumulative,all subpops,Age 2,new_H,baseline,162.0,135.7,185.0
2026-04-08,cumulative,all subpops,Age 2,new_H,baseline,162.0,136.4,185.0
2026-04-09,cumulative,all subpops,Age 2,new_H,baseline,162.0,136.4,185.0
2026-04-10,cumulative,all subpops,Age 2,new_H,baseline,162.0,136.4,185.3
2026-04-11,cumulative,all subpops,Age 2,new_H,baseline,162.0,136.4,185.3
2026-04-12,cumulative,all subpops,Age 2,new_H,baseline,162.0,136.4,185.3
2026-04-13,cumulative,all subpops,Age 2,new_H,baseline,162.0,136.4,185.3
2026-04-14,cumulative,all subpops,Age 2,new_H,baseline,162.0,136.4,185.3
2026-04-15,cumulative,all subpops,Age 2,new_H,baseline,162.0,136.7,186.0
2026-04-16,cumulative,all subpops,Age 2,new_H,baseline,162.0,136.7,186.0
2026-04-17,cumulative,all subpops,Age 2,new_H,baseline,162.0,136.7,186.0
2026-04-18,cumulative,all subpops,Age 2,new_H,baseline,162.0,136.7,186.0
2026-04-19,cumulative,all subpops,Age 2,new_H,baseline,162.0,136.7,186.0
2026-04-20,cumulative,all subpops,Age 2,new_H,baseline,162.0,136.7,186.0
2026-04-21,cumulative,all subpops,Age 2,new_H,baseline,162.0,136.7,186.0
2026-04-22,cumulative,all subpops,Age 2,new_H,baseline,162.0,137.4,186.0
2026-04-23,cumulative,all subpops,Age 2,new_H,baseline,162.0,137.4,186.0
2026-04-24,cumulative,all subpops,Age 2,new_H,baseline,162.0,137.4,186.0
2026-04-25,cumulative,all subpops,Age 2,new_H,baseline,162.0,137.4,186.0
2026-04-26,cumulative,all subpops,Age 2,new_H,baseline,162.0,137.4,186.0
2026-04-27,cumulative,all subpops,Age 2,new_H,baseline,162.0,137.4,186.0
2026-04-28,cumulative,all subpops,Age 2,new_H,baseline,163.0,137.4,186.0
2026-04-29,cumulative,all subpops,Age 2,new_H,baseline,163.0,137.4,186.0
2026-04-30,cumulative,all subpops,Age 2,new_H,baseline,163.0,137.4,186.0
2026-05-01,cumulative,all subpops,Age 2,new_H,baseline,163.0,137.7,186.0
2026-05-02,cumulative,all subpops,Age 2,new_H,baseline,163.0,137.7,186.0
2026-05-03,cumulative,all subpops,Age 2,new_H,baseline,163.0,137.7,186.0
2026-05-04,cumulative,all subpops,Age 2,new_H,baseline,163.0,137.7,186.0
2026-05-05,cumulative,all subpops,Age 2,new_H,baseline,163.0,137.7,186.0
2026-05-06,cumulative,all subpops,Age 2,new_H,baseline,163.0,137.7,186.0
2026-05-07,cumulative,all subpops,Age 2,new_H,baseline,163.0,137.7,186.0
2026-05-08,cumulative,all subpops,Age 2,new_H,baseline,163.0,137.7,186.0
2025-09-01,daily,all subpops,Age 3,new_H,baseline,0.0,0.0,0.0
2025-09-02,daily,all subpops,Age 3,new_H,baseline,0.0,0.0,0.0
2025-09-03,daily,all subpops,Age 3,new_H,baseline,0.0,0.0,0.0
2025-09-04,daily,all subpops,Age 3,new_H,baseline,0.0,0.0,0.0
2025-09-05,daily,all subpops,Age 3,new_H,baseline,0.0,0.0,0.0
2025-09-06,daily,all subpops,Age 3,new_H,baseline,0.0,0.0,0.0
2025-09-07,daily,all subpops,Age 3,new_H,baseline,0.0,0.0,0.0
2025-09-08,daily,all subpops,Age 3,new_H,baseline,0.0,0.0,0.0
2025-09-09,daily,all subpops,Age 3,new_H,baseline,0.0,0.0,0.0
2025-09-10,daily,all subpops,Age 3,new_H,baseline,0.0,0.0,0.0
2025-09-11,daily,all subpops,Age 3,new_H,baseline,0.0,0.0,0.0
2025-09-12,daily,all subpops,Age 3,new_H,baseline,0.0,0.0,0.0
2025-09-13,daily,all subpops,Age 3,new_H,baseline,0.0,0.0,0.0
2025-09-14,daily,all subpops,Age 3,new_H,baseline,0.0,0.0,0.0
2025-09-15,daily,all subpops,Age 3,new_H,baseline,0.0,0.0,0.0
2025-09-16,daily,all subpops,Age 3,new_H,baseline,0.0,0.0,0.0
2025-09-17,daily,all subpops,Age 3,new_H,baseline,0.0,0.0,0.0
2025-09-18,daily,all subpops,Age 3,new_H,baseline,0.0,0.0,0.0
2025-09-19,daily,all subpops,Age 3,new_H,baseline,0.0,0.0,0.0
2025-09-20,daily,all subpops,Age 3,new_H,baseline,0.0,0.0,0.0
2025-09-21,daily,all subpops,Age 3,new_H,baseline,0.0,0.0,0.0
2025-09-22,daily,all subpops,Age 3,new_H,baseline,0.0,0.0,0.0
2025-09-23,daily,all subpops,Age 3,new_H,baseline,0.0,0.0,0.0
2025-09-24,daily,all subpops,Age 3,new_H,baseline,0.0,0.0,0.0
2025-09-25,daily,all subpops,Age 3,new_H,baseline,0.0,0.0,0.0
2025-09-26,daily,all subpops,Age 3,new_H,baseline,0.0,0.0,0.0
2025-09-27,daily,all subpops,Age 3,new_H,baseline,0.0,0.0,0.0
2025-09-28,daily,all subpops,Age 3,new_H,baseline,0.0,0.0,0.0
2025-09-29,daily,all subpops,Age 3,new_H,baseline,0.0,0.0,0.0
2025-09-30,daily,all subpops,Age 3,new_H,baseline,0.0,0.0,0.0
2025-10-01,daily,all subpops,Age 3,new_H,baseline,0.0,0.0,0.0
2025-10-02,daily,all subpops,Age 3,new_H,baseline,0.0,0.0,0.0
2025-10-03,daily,all subpops,Age 3,new_H,baseline,0.0,0.0,1.0
2025-10-04,daily,all subpops,Age 3,new_H,baseline,0.0,0.0,1.0
2025-10-05,daily,all subpops,Age 3,new_H,baseline,0.0,0.0,0.0
2025-10-06,daily,all subpops,Age 3,new_H,baseline,0.0,0.0,1.0
2025-10-07,daily,all subpops,Age 3,new_H,baseline,0.0,0.0,0.0
2025-10-08,daily,all subpops,Age 3,new_H,baseline,0.0,0.0,0.0
2025-10-09,daily,all subpops,Age 3,new_H,baseline,0.0,0.0,0.30000000000001137
2025-10-10,daily,all subpops,Age 3,new_H,baseline,0.0,0.0,0.30000000000001137
2025-10-11,daily,all subpops,Age 3,new_H,baseline,0.0,0.0,1.0
2025-10-12,daily,all subpops,Age 3,new_H,baseline,0.0,0.0,1.0
2025-10-13,daily,all subpops,Age 3,new_H,baseline,0.0,0.0,1.0
2025-10-14,daily,all subpops,Age 3,new_H,baseline,0.0,0.0,1.0
2025-10-15,daily,all subpops,Age 3,new_H,baseline,0.0,0.0,1.0
2025-10-16,daily,all subpops,Age 3,new_H,baseline,0.0,0.0,0.0
2025-10-17,daily,all subpops,Age 3,new_H,baseline,0.0,0.0,1.0
2025-10-18,daily,all subpops,Age 3,new_H,baseline,0.0,0.0,1.0
2025-10-19,daily,all subpops,Age 3,new_H,baseline,0.0,0.0,1.0
2025-10-20,daily,all subpops,Age 3,new_H,baseline,0.0,0.0,1.0
2025-10-21,daily,all subpops,Age 3,new_H,baseline,0.0,0.0,1.0
2025-10-22,daily,all subpops,Age 3,new_H,baseline,0.0,0.0,1.0
2025-10-23,daily,all subpops,Age 3,new_H,baseline,0.0,0.0,1.0
2025-10-24,daily,all subpops,Age 3,new_H,baseline,0.0,0.0,1.0
2025-10-25,daily,all subpops,Age 3,new_H,baseline,0.0,0.0,1.0
2025-10-26,daily,all subpops,Age 3,new_H,baseline,0.0,0.0,1.0
2025-10-27,daily,all subpops,Age 3,new_H,baseline,0.0,0.0,1.0
2025-10-28,daily,all subpops,Age 3,new_H,baseline,0.0,0.0,1.0
2025-10-29,daily,all subpops,Age 3,new_H,baseline,0.0,0.0,1.0
2025-10-30,daily,all subpops,Age 3,new_H,baseline,0.0,0.0,1.0
2025-10-31,daily,all subpops,Age 3,new_H,baseline,0.0,0.0,1.3000000000000114
2025-11-01,daily,all subpops,Age 3,new_H,baseline,0.0,0.0,1.0
2025-11-02,daily,all subpops,Age 3,new_H,baseline,0.0,0.0,1.0
2025-11-03,daily,all subpops,Age 3,new_H,baseline,0.0,0.0,1.0
2025-11-04,daily,all subpops,Age 3,new_H,baseline,0.0,0.0,1.0
2025-11-05,daily,all subpops,Age 3,new_H,baseline,0.0,0.0,2.0
2025-11-06,daily,all subpops,Age 3,new_H,baseline,0.0,0.0,1.0
2025-11-07,daily,all subpops,Age 3,new_H,baseline,0.0,0.0,1.0
2025-11-08,daily,all subpops,Age 3,new_H,baseline,0.0,0.0,1.3000000000000114
2025-11-09,daily,all subpops,Age 3,new_H,baseline,0.0,0.0,2.0
2025-11-10,daily,all subpops,Age 3,new_H,baseline,0.0,0.0,2.0
2025-11-11,daily,all subpops,Age 3,new_H,baseline,0.0,0.0,2.0
2025-11-12,daily,all subpops,Age 3,new_H,baseline,0.0,0.0,1.0
2025-11-13,daily,all subpops,Age 3,new_H,baseline,0.0,0.0,2.0
2025-11-14,daily,all subpops,Age 3,new_H,baseline,0.0,0.0,2.0
2025-11-15,daily,all subpops,Age 3,new_H,baseline,0.0,0.0,2.0
2025-11-16,daily,all subpops,Age 3,new_H,baseline,0.0,0.0,2.0
2025-11-17,daily,all subpops,Age 3,new_H,baseline,0.0,0.0,2.0
2025-11-18,daily,all subpops,Age 3,new_H,baseline,0.0,0.0,2.0
2025-11-19,daily,all subpops,Age 3,new_H,baseline,0.0,0.0,2.0
2025-11-20,daily,all subpops,Age 3,new_H,baseline,0.0,0.0,2.0
2025-11-21,daily,all subpops,Age 3,new_H,baseline,0.0,0.0,3.0
2025-11-22,daily,all subpops,Age 3,new_H,baseline,0.0,0.0,2.0
2025-11-23,daily,all subpops,Age 3,new_H,baseline,0.0,0.0,2.3000000000000114
2025-11-24,daily,all subpops,Age 3,new_H,baseline,0.0,0.0,2.0
2025-11-25,daily,all subpops,Age 3,new_H,baseline,0.0,0.0,3.0
2025-11-26,daily,all subpops,Age 3,new_H,baseline,0.0,0.0,2.0
2025-11-27,daily,all subpops,Age 3,new_H,baseline,1.0,0.0,3.0
2025-11-28,daily,all subpops,Age 3,new_H,baseline,0.0,0.0,3.0
2025-11-29,daily,all subpops,Age 3,new_H,baseline,1.0,0.0,3.0
2025-11-30,daily,all subpops,Age 3,new_H,baseline,0.0,0.0,2.0
2025-12-01,daily,all subpops,Age 3,new_H,baseline,0.0,0.0,2.0
2025-12-02,daily,all subpops,Age 3,new_H,baseline,0.0,0.0,2.0
2025-12-03,daily,all subpops,Age 3,new_H,baseline,0.0,0.0,2.0
2025-12-04,daily,all subpops,Age 3,new_H,baseline,1.0,0.0,3.0
2025-12-05,daily,all subpops,Age 3,new_H,baseline,1.0,0.0,3.0
2025-12-06,daily,all subpops,Age 3,new_H,baseline,1.0,0.0,3.0
2025-12-07,daily,all subpops,Age 3,new_H,baseline,1.0,0.0,3.0
2025-12-08,daily,all subpops,Age 3,new_H,baseline,1.0,0.0,3.0
2025-12-09,daily,all subpops,Age 3,new_H,baseline,1.0,0.0,3.0
2025-12-10,daily,all subpops,Age 3,new_H,baseline,1.0,0.0,3.0
2025-12-11,daily,all subpops,Age 3,new_H,baseline,1.0,0.0,4.0
2025-12-12,daily,all subpops,Age 3,new_H,baseline,1.0,0.0,4.0
2025-12-13,daily,all subpops,Age 3,new_H,baseline,1.0,0.0,4.0
2025-12-14,daily,all subpops,Age 3,new_H,baseline,1.0,0.0,4.0
2025-12-15,daily,all subpops,Age 3,new_H,baseline,1.0,0.0,4.0
2025-12-16,daily,all subpops,Age 3,new_H,baseline,1.0,0.0,4.0
2025-12-17,daily,all subpops,Age 3,new_H,baseline,1.0,0.0,4.0
2025-12-18,daily,all subpops,Age 3,new_H,baseline,1.0,0.0,4.0
2025-12-19,daily,all subpops,Age 3,new_H,baseline,1.0,0.0,4.0
2025-12-20,daily,all subpops,Age 3,new_H,baseline,2.0,0.0,5.0
2025-12-21,daily,all subpops,Age 3,new_H,baseline,2.0,0.0,5.0
2025-12-22,daily,all subpops,Age 3,new_H,baseline,1.0,0.0,4.0
2025-12-23,daily,all subpops,Age 3,new_H,baseline,1.0,0.0,4.0
2025-12-24,daily,all subpops,Age 3,new_H,baseline,1.0,0.0,4.0
2025-12-25,daily,all subpops,Age 3,new_H,baseline,1.0,0.0,3.0
2025-12-26,daily,all subpops,Age 3,new_H,baseline,1.0,0.0,4.0
2025-12-27,daily,all subpops,Age 3,new_H,baseline,1.0,0.0,3.0
2025-12-28,daily,all subpops,Age 3,new_H,baseline,1.0,0.0,3.0
2025-12-29,daily,all subpops,Age 3,new_H,baseline,1.0,0.0,3.0
2025-12-30,daily,all subpops,Age 3,new_H,baseline,1.0,0.0,3.0
2025-12-31,daily,all subpops,Age 3,new_H,baseline,0.0,0.0,3.0
2026-01-01,daily,all subpops,Age 3,new_H,baseline,0.0,0.0,3.0
2026-01-02,daily,all subpops,Age 3,new_H,baseline,0.0,0.0,2.0
2026-01-03,daily,all subpops,Age 3,new_H,baseline,0.0,0.0,3.0
2026-01-04,daily,all subpops,Age 3,new_H,baseline,0.0,0.0,2.3000000000000114
2026-01-05,daily,all subpops,Age 3,new_H,baseline,0.0,0.0,2.3000000000000114
2026-01-06,daily,all subpops,Age 3,new_H,baseline,0.0,0.0,3.0
2026-01-07,daily,all subpops,Age 3,new_H,baseline,0.0,0.0,2.0
2026-01-08,daily,all subpops,Age 3,new_H,baseline,0.0,0.0,2.0
2026-01-09,daily,all subpops,Age 3,new_H,baseline,1.0,0.0,3.0
2026-01-10,daily,all subpops,Age 3,new_H,baseline,1.0,0.0,3.0
2026-01-11,daily,all subpops,Age 3,new_H,baseline,1.0,0.0,3.0
2026-01-12,daily,all subpops,Age 3,new_H,baseline,1.0,0.0,3.0
2026-01-13,daily,all subpops,Age 3,new_H,baseline,1.0,0.0,3.0
2026-01-14,daily,all subpops,Age 3,new_H,baseline,1.0,0.0,3.0
2026-01-15,daily,all subpops,Age 3,new_H,baseline,1.0,0.0,3.0
2026-01-16,daily,all subpops,Age 3,new_H,baseline,1.0,0.0,3.0
2026-01-17,daily,all subpops,Age 3,new_H,baseline,1.0,0.0,3.0
2026-01-18,daily,all subpops,Age 3,new_H,baseline,1.0,0.0,3.0
2026-01-19,daily,all subpops,Age 3,new_H,baseline,1.0,0.0,3.0
2026-01-20,daily,all subpops,Age 3,new_H,baseline,1.0,0.0,3.0
2026-01-21,daily,all subpops,Age 3,new_H,baseline,1.0,0.0,3.0
2026-01-22,daily,all subpops,Age 3,new_H,baseline,0.0,0.0,3.0
2026-01-23,daily,all subpops,Age 3,new_H,baseline,1.0,0.0,3.0
2026-01-24,daily,all subpops,Age 3,new_H,baseline,1.0,0.0,3.0
2026-01-25,daily,all subpops,Age 3,new_H,baseline,1.0,0.0,3.0
2026-01-26,daily,all subpops,Age 3,new_H,baseline,1.0,0.0,2.3000000000000114
2026-01-27,daily,all subpops,Age 3,new_H,baseline,0.0,0.0,2.0
2026-01-28,daily,all subpops,Age 3,new_H,baseline,0.0,0.0,3.0
2026-01-29,daily,all subpops,Age 3,new_H,baseline,0.0,0.0,3.0
2026-01-30,daily,all subpops,Age 3,new_H,baseline,0.0,0.0,3.0
2026-01-31,daily,all subpops,Age 3,new_H,baseline,1.0,0.0,3.0
2026-02-01,daily,all subpops,Age 3,new_H,baseline,0.0,0.0,3.0
2026-02-02,daily,all subpops,Age 3,new_H,baseline,0.0,0.0,3.0
2026-02-03,daily,all subpops,Age 3,new_H,baseline,0.0,0.0,2.0
2026-02-04,daily,all subpops,Age 3,new_H,baseline,0.0,0.0,2.0
2026-02-05,daily,all subpops,Age 3,new_H,baseline,0.0,0.0,3.0
2026-02-06,daily,all subpops,Age 3,new_H,baseline,0.0,0.0,3.0
2026-02-07,daily,all subpops,Age 3,new_H,baseline,0.0,0.0,2.0
2026-02-08,daily,all subpops,Age 3,new_H,baseline,0.0,0.0,3.0
2026-02-09,daily,all subpops,Age 3,new_H,baseline,0.0,0.0,2.0
2026-02-10,daily,all subpops,Age 3,new_H,baseline,0.0,0.0,3.0
2026-02-11,daily,all subpops,Age 3,new_H,baseline,0.0,0.0,2.0
2026-02-12,daily,all subpops,Age 3,new_H,baseline,0.0,0.0,3.0
2026-02-13,daily,all subpops,Age 3,new_H,baseline,0.0,0.0,2.0
2026-02-14,daily,all subpops,Age 3,new_H,baseline,0.0,0.0,2.0
2026-02-15,daily,all subpops,Age 3,new_H,baseline,0.0,0.0,2.0
2026-02-16,daily,all subpops,Age 3,new_H,baseline,0.0,0.0,2.0
2026-02-17,daily,all subpops,Age 3,new_H,baseline,0.0,0.0,2.0
2026-02-18,daily,all subpops,Age 3,new_H,baseline,0.0,0.0,2.0
2026-02-19,daily,all subpops,Age 3,new_H,baseline,0.0,0.0,2.0
2026-02-20,daily,all subpops,Age 3,new_H,baseline,0.0,0.0,2.0
2026-02-21,daily,all subpops,Age 3,new_H,baseline,0.0,0.0,1.0
2026-02-22,daily,all subpops,Age 3,new_H,baseline,0.0,0.0,2.0
2026-02-23,daily,all subpops,Age 3,new_H,baseline,0.0,0.0,1.0
2026-02-24,daily,all subpops,Age 3,new_H,baseline,0.0,0.0,1.0
2026-02-25,daily,all subpops,Age 3,new_H,baseline,0.0,0.0,1.0
2026-02-26,daily,all subpops,Age 3,new_H,baseline,0.0,0.0,1.0
2026-02-27,daily,all subpops,Age 3,new_H,baseline,0.0,0.0,1.3000000000000114
2026-02-28,daily,all subpops,Age 3,new_H,baseline,0.0,0.0,1.0
2026-03-01,daily,all subpops,Age 3,new_H,baseline,0.0,0.0,1.3000000000000114
2026-03-02,daily,all subpops,Age 3,new_H,baseline,0.0,0.0,1.0
2026-03-03,daily,all subpops,Age 3,new_H,baseline,0.0,0.0,1.0
2026-03-04,daily,all subpops,Age 3,new_H,baseline,0.0,0.0,1.0
2026-03-05,daily,all subpops,Age 3,new_H,baseline,0.0,0.0,1.0
2026-03-06,daily,all subpops,Age 3,new_H,baseline,0.0,0.0,1.0
2026-03-07,daily,all subpops,Age 3,new_H,baseline,0.0,0.0,1.0
2026-03-08,daily,all subpops,Age 3,new_H,baseline,0.0,0.0,1.0
2026-03-09,daily,all subpops,Age 3,new_H,baseline,0.0,0.0,1.0
2026-03-10,daily,all subpops,Age 3,new_H,baseline,0.0,0.0,1.0
2026-03-11,daily,all subpops,Age 3,new_H,baseline,0.0,0.0,1.0
2026-03-12,daily,all subpops,Age 3,new_H,baseline,0.0,0.0,1.0
2026-03-13,daily,all subpops,Age 3,new_H,baseline,0.0,0.0,1.0
2026-03-14,daily,all subpops,Age 3,new_H,baseline,0.0,0.0,1.0
2026-03-15,daily,all subpops,Age 3,new_H,baseline,0.0,0.0,1.0
2026-03-16,daily,all subpops,Age 3,new_H,baseline,0.0,0.0,1.0
2026-03-17,daily,all subpops,Age 3,new_H,baseline,0.0,0.0,1.0
2026-03-18,daily,all subpops,Age 3,new_H,baseline,0.0,0.0,1.0
2026-03-19,daily,all subpops,Age 3,new_H,baseline,0.0,0.0,1.0
2026-03-20,daily,all subpops,Age 3,new_H,baseline,0.0,0.0,1.0
2026-03-21,daily,all subpops,Age 3,new_H,baseline,0.0,0.0,1.0
2026-03-22,daily,all subpops,Age 3,new_H,baseline,0.0,0.0,1.0
2026-03-23,daily,all subpops,Age 3,new_H,baseline,0.0,0.0,1.0
2026-03-24,daily,all subpops,Age 3,new_H,baseline,0.0,0.0,1.0
2026-03-25,daily,all subpops,Age 3,new_H,baseline,0.0,0.0,1.0
2026-03-26,daily,all subpops,Age 3,new_H,baseline,0.0,0.0,1.0
2026-03-27,daily,all subpops,Age 3,new_H,baseline,0.0,0.0,1.0
2026-03-28,daily,all subpops,Age 3,new_H,baseline,0.0,0.0,1.0
2026-03-29,daily,all subpops,Age 3,new_H,baseline,0.0,0.0,1.0
2026-03-30,daily,all subpops,Age 3,new_H,baseline,0.0,0.0,1.0
2026-03-31,daily,all subpops,Age 3,new_H,baseline,0.0,0.0,1.0
2026-04-01,daily,all subpops,Age 3,new_H,baseline,0.0,0.0,1.0
2026-04-02,daily,all subpops,Age 3,new_H,baseline,0.0,0.0,1.0
2026-04-03,daily,all subpops,Age 3,new_H,baseline,0.0,0.0,1.0
2026-04-04,daily,all subpops,Age 3,new_H,baseline,0.0,0.0,1.0
2026-04-05,daily,all subpops,Age 3,new_H,baseline,0.0,0.0,1.0
2026-04-06,daily,all subpops,Age 3,new_H,baseline,0.0,0.0,1.0
2026-04-07,daily,all subpops,Age 3,new_H,baseline,0.0,0.0,1.0
2026-04-08,daily,all subpops,Age 3,new_H,baseline,0.0,0.0,1.0
2026-04-09,daily,all subpops,Age 3,new_H,baseline,0.0,0.0,1.0
2026-04-10,daily,all subpops,Age 3,new_H,baseline,0.0,0.0,1.0
2026-04-11,daily,all subpops,Age 3,new_H,baseline,0.0,0.0,1.0
2026-04-12,daily,all subpops,Age 3,new_H,baseline,0.0,0.0,1.0
2026-04-13,daily,all subpops,Age 3,new_H,baseline,0.0,0.0,1.0
2026-04-14,daily,all subpops,Age 3,new_H,baseline,0.0,0.0,1.0
2026-04-15,daily,all subpops,Age 3,new_H,baseline,0.0,0.0,1.0
2026-04-16,daily,all subpops,Age 3,new_H,baseline,0.0,0.0,0.30000000000001137
2026-04-17,daily,all subpops,Age 3,new_H,baseline,0.0,0.0,0.0
2026-04-18,daily,all subpops,Age 3,new_H,baseline,0.0,0.0,0.30000000000001137
2026-04-19,daily,all subpops,Age 3,new_H,baseline,0.0,0.0,1.0
2026-04-20,daily,all subpops,Age 3,new_H,baseline,0.0,0.0,1.0
2026-04-21,daily,all subpops,Age 3,new_H,baseline,0.0,0.0,0.0
2026-04-22,daily,all subpops,Age 3,new_H,baseline,0.0,0.0,0.0
2026-04-23,daily,all subpops,Age 3,new_H,baseline,0.0,0.0,0.0
2026-04-24,daily,all subpops,Age 3,new_H,baseline,0.0,0.0,0.0
2026-04-25,daily,all subpops,Age 3,new_H,baseline,0.0,0.0,0.0
2026-04-26,daily,all subpops,Age 3,new_H,baseline,0.0,0.0,0.0
2026-04-27,daily,all subpops,Age 3,new_H,baseline,0.0,0.0,0.0
2026-04-28,daily,all subpops,Age 3,new_H,baseline,0.0,0.0,0.0
2026-04-29,daily,all subpops,Age 3,new_H,baseline,0.0,0.0,0.0
2026-04-30,daily,all subpops,Age 3,new_H,baseline,0.0,0.0,0.0
2026-05-01,daily,all subpops,Age 3,new_H,baseline,0.0,0.0,0.0
2026-05-02,daily,all subpops,Age 3,new_H,baseline,0.0,0.0,0.0
2026-05-03,daily,all subpops,Age 3,new_H,baseline,0.0,0.0,0.0
2026-05-04,daily,all subpops,Age 3,new_H,baseline,0.0,0.0,0.0
2026-05-05,daily,all subpops,Age 3,new_H,baseline,0.0,0.0,0.0
2026-05-06,daily,all subpops,Age 3,new_H,baseline,0.0,0.0,0.0
2026-05-07,daily,all subpops,Age 3,new_H,baseline,0.0,0.0,0.0
2026-05-08,daily,all subpops,Age 3,new_H,baseline,0.0,0.0,0.0
2025-09-01,cumulative,all subpops,Age 3,new_H,baseline,0.0,0.0,0.0
2025-09-02,cumulative,all subpops,Age 3,new_H,baseline,0.0,0.0,0.0
2025-09-03,cumulative,all subpops,Age 3,new_H,baseline,0.0,0.0,0.0
2025-09-04,cumulative,all subpops,Age 3,new_H,baseline,0.0,0.0,0.0
2025-09-05,cumulative,all subpops,Age 3,new_H,baseline,0.0,0.0,0.0
2025-09-06,cumulative,all subpops,Age 3,new_H,baseline,0.0,0.0,0.0
2025-09-07,cumulative,all subpops,Age 3,new_H,baseline,0.0,0.0,0.0
2025-09-08,cumulative,all subpops,Age 3,new_H,baseline,0.0,0.0,0.0
2025-09-09,cumulative,all subpops,Age 3,new_H,baseline,0.0,0.0,0.0
2025-09-10,cumulative,all subpops,Age 3,new_H,baseline,0.0,0.0,0.0
2025-09-11,cumulative,all subpops,Age 3,new_H,baseline,0.0,0.0,0.0
2025-09-12,cumulative,all subpops,Age 3,new_H,baseline,0.0,0.0,0.0
2025-09-13,cumulative,all subpops,Age 3,new_H,baseline,0.0,0.0,1.0
2025-09-14,cumulative,all subpops,Age 3,new_H,baseline,0.0,0.0,1.0
2025-09-15,cumulative,all subpops,Age 3,new_H,baseline,0.0,0.0,1.0
2025-09-16,cumulative,all subpops,Age 3,new_H,baseline,0.0,0.0,1.0
2025-09-17,cumulative,all subpops,Age 3,new_H,baseline,0.0,0.0,1.0
2025-09-18,cumulative,all subpops,Age 3,new_H,baseline,0.0,0.0,1.0
2025-09-19,cumulative,all subpops,Age 3,new_H,baseline,0.0,0.0,1.0
2025-09-20,cumulative,all subpops,Age 3,new_H,baseline,0.0,0.0,1.0
2025-09-21,cumulative,all subpops,Age 3,new_H,baseline,0.0,0.0,1.0
2025-09-22,cumulative,all subpops,Age 3,new_H,baseline,0.0,0.0,1.0
2025-09-23,cumulative,all subpops,Age 3,new_H,baseline,0.0,0.0,1.0
2025-09-24,cumulative,all subpops,Age 3,new_H,baseline,0.0,0.0,1.0
2025-09-25,cumulative,all subpops,Age 3,new_H,baseline,0.0,0.0,1.0
2025-09-26,cumulative,all subpops,Age 3,new_H,baseline,0.0,0.0,1.0
2025-09-27,cumulative,all subpops,Age 3,new_H,baseline,0.0,0.0,1.0
2025-09-28,cumulative,all subpops,Age 3,new_H,baseline,0.0,0.0,1.0
2025-09-29,cumulative,all subpops,Age 3,new_H,baseline,0.0,0.0,1.0
2025-09-30,cumulative,all subpops,Age 3,new_H,baseline,0.0,0.0,1.0
2025-10-01,cumulative,all subpops,Age 3,new_H,baseline,0.0,0.0,1.0
2025-10-02,cumulative,all subpops,Age 3,new_H,baseline,0.0,0.0,1.0
2025-10-03,cumulative,all subpops,Age 3,new_H,baseline,0.0,0.0,2.0
2025-10-04,cumulative,all subpops,Age 3,new_H,baseline,0.0,0.0,2.0
2025-10-05,cumulative,all subpops,Age 3,new_H,baseline,0.0,0.0,2.0
2025-10-06,cumulative,all subpops,Age 3,new_H,baseline,0.0,0.0,2.0
2025-10-07,cumulative,all subpops,Age 3,new_H,baseline,0.0,0.0,2.0
2025-10-08,cumulative,all subpops,Age 3,new_H,baseline,0.0,0.0,2.0
2025-10-09,cumulative,all subpops,Age 3,new_H,baseline,0.0,0.0,2.0
2025-10-10,cumulative,all subpops,Age 3,new_H,baseline,0.0,0.0,2.0
2025-10-11,cumulative,all subpops,Age 3,new_H,baseline,0.0,0.0,2.0
2025-10-12,cumulative,all subpops,Age 3,new_H,baseline,0.0,0.0,2.0
2025-10-13,cumulative,all subpops,Age 3,new_H,baseline,0.0,0.0,2.0
2025-10-14,cumulative,all subpops,Age 3,new_H,baseline,0.0,0.0,2.0
2025-10-15,cumulative,all subpops,Age 3,new_H,baseline,0.0,0.0,3.0
2025-10-16,cumulative,all subpops,Age 3,new_H,baseline,0.0,0.0,3.0
2025-10-17,cumulative,all subpops,Age 3,new_H,baseline,1.0,0.0,3.0
2025-10-18,cumulative,all subpops,Age 3,new_H,baseline,1.0,0.0,3.0
2025-10-19,cumulative,all subpops,Age 3,new_H,baseline,1.0,0.0,3.0
2025-10-20,cumulative,all subpops,Age 3,new_H,baseline,1.0,0.0,3.0
2025-10-21,cumulative,all subpops,Age 3,new_H,baseline,1.0,0.0,3.0
2025-10-22,cumulative,all subpops,Age 3,new_H,baseline,1.0,0.0,3.0
2025-10-23,cumulative,all subpops,Age 3,new_H,baseline,1.0,0.0,3.0
2025-10-24,cumulative,all subpops,Age 3,new_H,baseline,1.0,0.0,4.0
2025-10-25,cumulative,all subpops,Age 3,new_H,baseline,1.0,0.0,4.0
2025-10-26,cumulative,all subpops,Age 3,new_H,baseline,1.0,0.0,4.0
2025-10-27,cumulative,all subpops,Age 3,new_H,baseline,1.0,0.0,4.0
2025-10-28,cumulative,all subpops,Age 3,new_H,baseline,1.0,0.0,4.0
2025-10-29,cumulative,all subpops,Age 3,new_H,baseline,2.0,0.0,4.0
2025-10-30,cumulative,all subpops,Age 3,new_H,baseline,2.0,0.0,5.0
2025-10-31,cumulative,all subpops,Age 3,new_H,baseline,2.0,0.0,5.0
2025-11-01,cumulative,all subpops,Age 3,new_H,baseline,2.0,0.0,5.0
2025-11-02,cumulative,all subpops,Age 3,new_H,baseline,2.0,0.0,6.0
2025-11-03,cumulative,all subpops,Age 3,new_H,baseline,2.0,0.0,6.0
2025-11-04,cumulative,all subpops,Age 3,new_H,baseline,2.0,0.0,6.0
2025-11-05,cumulative,all subpops,Age 3,new_H,baseline,3.0,0.0,6.0
2025-11-06,cumulative,all subpops,Age 3,new_H,baseline,3.0,0.0,7.0
2025-11-07,cumulative,all subpops,Age 3,new_H,baseline,3.0,0.0,7.0
2025-11-08,cumulative,all subpops,Age 3,new_H,baseline,3.0,0.7000000000000011,7.300000000000011
2025-11-09,cumulative,all subpops,Age 3,new_H,baseline,3.0,1.0,8.0
2025-11-10,cumulative,all subpops,Age 3,new_H,baseline,4.0,1.0,8.0
2025-11-11,cumulative,all subpops,Age 3,new_H,baseline,4.0,1.0,9.0
2025-11-12,cumulative,all subpops,Age 3,new_H,baseline,4.0,1.0,9.0
2025-11-13,cumulative,all subpops,Age 3,new_H,baseline,5.0,1.0,10.0
2025-11-14,cumulative,all subpops,Age 3,new_H,baseline,5.0,1.0,10.0
2025-11-15,cumulative,all subpops,Age 3,new_H,baseline,5.0,1.0,10.0
2025-11-16,cumulative,all subpops,Age 3,new_H,baseline,6.0,2.0,11.0
2025-11-17,cumulative,all subpops,Age 3,new_H,baseline,6.0,2.0,11.0
2025-11-18,cumulative,all subpops,Age 3,new_H,baseline,6.0,2.0,11.300000000000011
2025-11-19,cumulative,all subpops,Age 3,new_H,baseline,7.0,2.0,12.0
2025-11-20,cumulative,all subpops,Age 3,new_H,baseline,7.0,2.0,13.0
2025-11-21,cumulative,all subpops,Age 3,new_H,baseline,8.0,3.0,14.0
2025-11-22,cumulative,all subpops,Age 3,new_H,baseline,8.0,3.0,15.0
2025-11-23,cumulative,all subpops,Age 3,new_H,baseline,9.0,3.0,16.0
2025-11-24,cumulative,all subpops,Age 3,new_H,baseline,9.0,4.0,16.0
2025-11-25,cumulative,all subpops,Age 3,new_H,baseline,10.0,4.0,17.0
2025-11-26,cumulative,all subpops,Age 3,new_H,baseline,11.0,4.0,18.30000000000001
2025-11-27,cumulative,all subpops,Age 3,new_H,baseline,11.0,5.0,19.0
2025-11-28,cumulative,all subpops,Age 3,new_H,baseline,12.0,5.700000000000001,20.0
2025-11-29,cumulative,all subpops,Age 3,new_H,baseline,13.0,6.0,21.0
2025-11-30,cumulative,all subpops,Age 3,new_H,baseline,13.0,6.0,21.0
2025-12-01,cumulative,all subpops,Age 3,new_H,baseline,14.0,7.0,22.0
2025-12-02,cumulative,all subpops,Age 3,new_H,baseline,15.0,7.0,23.30000000000001
2025-12-03,cumulative,all subpops,Age 3,new_H,baseline,15.0,8.0,24.0
2025-12-04,cumulative,all subpops,Age 3,new_H,baseline,16.0,8.0,24.30000000000001
2025-12-05,cumulative,all subpops,Age 3,new_H,baseline,17.0,9.0,26.0
2025-12-06,cumulative,all subpops,Age 3,new_H,baseline,18.0,10.0,27.0
2025-12-07,cumulative,all subpops,Age 3,new_H,baseline,19.0,10.0,28.0
2025-12-08,cumulative,all subpops,Age 3,new_H,baseline,20.0,11.0,29.0
2025-12-09,cumulative,all subpops,Age 3,new_H,baseline,20.0,11.0,31.0
2025-12-10,cumulative,all subpops,Age 3,new_H,baseline,21.0,12.0,32.0
2025-12-11,cumulative,all subpops,Age 3,new_H,baseline,22.0,12.0,33.30000000000001
2025-12-12,cumulative,all subpops,Age 3,new_H,baseline,23.0,13.700000000000001,35.0
2025-12-13,cumulative,all subpops,Age 3,new_H,baseline,25.0,15.0,36.0
2025-12-14,cumulative,all subpops,Age 3,new_H,baseline,26.0,16.0,38.0
2025-12-15,cumulative,all subpops,Age 3,new_H,baseline,27.0,17.0,40.0
2025-12-16,cumulative,all subpops,Age 3,new_H,baseline,29.0,18.0,41.30000000000001
2025-12-17,cumulative,all subpops,Age 3,new_H,baseline,30.0,18.700000000000003,43.0
2025-12-18,cumulative,all subpops,Age 3,new_H,baseline,32.0,20.0,44.30000000000001
2025-12-19,cumulative,all subpops,Age 3,new_H,baseline,34.0,21.0,47.0
2025-12-20,cumulative,all subpops,Age 3,new_H,baseline,35.0,22.700000000000003,49.0
2025-12-21,cumulative,all subpops,Age 3,new_H,baseline,37.0,23.700000000000003,51.0
2025-12-22,cumulative,all subpops,Age 3,new_H,baseline,38.0,25.0,53.0
2025-12-23,cumulative,all subpops,Age 3,new_H,baseline,40.0,26.0,54.30000000000001
2025-12-24,cumulative,all subpops,Age 3,new_H,baseline,41.0,27.0,56.0
2025-12-25,cumulative,all subpops,Age 3,new_H,baseline,42.0,29.0,58.0
2025-12-26,cumulative,all subpops,Age 3,new_H,baseline,43.0,29.700000000000003,59.0
2025-12-27,cumulative,all subpops,Age 3,new_H,baseline,44.0,31.0,59.30000000000001
2025-12-28,cumulative,all subpops,Age 3,new_H,baseline,45.0,31.0,60.0
2025-12-29,cumulative,all subpops,Age 3,new_H,baseline,46.0,32.0,61.0
2025-12-30,cumulative,all subpops,Age 3,new_H,baseline,46.0,32.7,62.0
2025-12-31,cumulative,all subpops,Age 3,new_H,baseline,47.0,33.0,63.0
2026-01-01,cumulative,all subpops,Age 3,new_H,baseline,48.0,33.0,64.0
2026-01-02,cumulative,all subpops,Age 3,new_H,baseline,48.0,33.0,64.30000000000001
2026-01-03,cumulative,all subpops,Age 3,new_H,baseline,49.0,34.0,65.30000000000001
2026-01-04,cumulative,all subpops,Age 3,new_H,baseline,50.0,34.0,66.0
2026-01-05,cumulative,all subpops,Age 3,new_H,baseline,50.0,34.7,66.0
2026-01-06,cumulative,all subpops,Age 3,new_H,baseline,51.0,35.0,67.0
2026-01-07,cumulative,all subpops,Age 3,new_H,baseline,51.0,35.7,68.0
2026-01-08,cumulative,all subpops,Age 3,new_H,baseline,52.0,35.7,68.30000000000001
2026-01-09,cumulative,all subpops,Age 3,new_H,baseline,53.0,36.7,69.30000000000001
2026-01-10,cumulative,all subpops,Age 3,new_H,baseline,54.0,37.7,70.0
2026-01-11,cumulative,all subpops,Age 3,new_H,baseline,54.0,38.0,71.0
2026-01-12,cumulative,all subpops,Age 3,new_H,baseline,55.0,38.7,71.30000000000001
2026-01-13,cumulative,all subpops,Age 3,new_H,baseline,56.0,39.0,73.0
2026-01-14,cumulative,all subpops,Age 3,new_H,baseline,57.0,40.0,74.0
2026-01-15,cumulative,all subpops,Age 3,new_H,baseline,57.0,41.0,75.0
2026-01-16,cumulative,all subpops,Age 3,new_H,baseline,58.0,42.0,76.0
2026-01-17,cumulative,all subpops,Age 3,new_H,baseline,59.0,42.0,76.0
2026-01-18,cumulative,all subpops,Age 3,new_H,baseline,61.0,43.0,77.0
2026-01-19,cumulative,all subpops,Age 3,new_H,baseline,61.0,44.0,77.30000000000001
2026-01-20,cumulative,all subpops,Age 3,new_H,baseline,62.0,44.0,78.30000000000001
2026-01-21,cumulative,all subpops,Age 3,new_H,baseline,63.0,45.7,79.30000000000001
2026-01-22,cumulative,all subpops,Age 3,new_H,baseline,64.0,47.7,80.0
2026-01-23,cumulative,all subpops,Age 3,new_H,baseline,65.0,48.7,80.30000000000001
2026-01-24,cumulative,all subpops,Age 3,new_H,baseline,65.0,49.400000000000006,81.0
2026-01-25,cumulative,all subpops,Age 3,new_H,baseline,66.0,49.7,81.30000000000001
2026-01-26,cumulative,all subpops,Age 3,new_H,baseline,66.0,50.0,82.0
2026-01-27,cumulative,all subpops,Age 3,new_H,baseline,67.0,51.0,82.0
2026-01-28,cumulative,all subpops,Age 3,new_H,baseline,68.0,51.7,84.0
2026-01-29,cumulative,all subpops,Age 3,new_H,baseline,69.0,52.0,85.0
2026-01-30,cumulative,all subpops,Age 3,new_H,baseline,69.0,52.7,85.0
2026-01-31,cumulative,all subpops,Age 3,new_H,baseline,70.0,54.0,86.0
2026-02-01,cumulative,all subpops,Age 3,new_H,baseline,71.0,54.7,86.0
2026-02-02,cumulative,all subpops,Age 3,new_H,baseline,71.0,55.0,87.0
2026-02-03,cumulative,all subpops,Age 3,new_H,baseline,72.0,56.0,88.0
2026-02-04,cumulative,all subpops,Age 3,new_H,baseline,72.0,56.0,88.0
2026-02-05,cumulative,all subpops,Age 3,new_H,baseline,73.0,58.0,89.0
2026-02-06,cumulative,all subpops,Age 3,new_H,baseline,74.0,58.7,90.0
2026-02-07,cumulative,all subpops,Age 3,new_H,baseline,74.0,60.0,91.0
2026-02-08,cumulative,all subpops,Age 3,new_H,baseline,75.0,60.0,91.0
2026-02-09,cumulative,all subpops,Age 3,new_H,baseline,75.0,60.0,91.30000000000001
2026-02-10,cumulative,all subpops,Age 3,new_H,baseline,76.0,61.0,91.30000000000001
2026-02-11,cumulative,all subpops,Age 3,new_H,baseline,76.0,61.0,92.30000000000001
2026-02-12,cumulative,all subpops,Age 3,new_H,baseline,77.0,61.0,93.0
2026-02-13,cumulative,all subpops,Age 3,new_H,baseline,78.0,62.0,93.0
2026-02-14,cumulative,all subpops,Age 3,new_H,baseline,78.0,62.7,94.0
2026-02-15,cumulative,all subpops,Age 3,new_H,baseline,79.0,63.7,95.0
2026-02-16,cumulative,all subpops,Age 3,new_H,baseline,79.0,64.0,96.0
2026-02-17,cumulative,all subpops,Age 3,new_H,baseline,79.0,64.0,96.0
2026-02-18,cumulative,all subpops,Age 3,new_H,baseline,80.0,64.0,97.0
2026-02-19,cumulative,all subpops,Age 3,new_H,baseline,80.0,64.7,97.0
2026-02-20,cumulative,all subpops,Age 3,new_H,baseline,80.0,65.0,97.30000000000001
2026-02-21,cumulative,all subpops,Age 3,new_H,baseline,81.0,65.7,98.0
2026-02-22,cumulative,all subpops,Age 3,new_H,baseline,81.0,66.0,98.0
2026-02-23,cumulative,all subpops,Age 3,new_H,baseline,81.0,66.0,98.30000000000001
2026-02-24,cumulative,all subpops,Age 3,new_H,baseline,81.0,66.0,99.0
2026-02-25,cumulative,all subpops,Age 3,new_H,baseline,81.0,66.0,99.0
2026-02-26,cumulative,all subpops,Age 3,new_H,baseline,82.0,66.0,99.0
2026-02-27,cumulative,all subpops,Age 3,new_H,baseline,82.0,66.0,99.0
2026-02-28,cumulative,all subpops,Age 3,new_H,baseline,82.0,66.7,99.0
2026-03-01,cumulative,all subpops,Age 3,new_H,baseline,83.0,67.0,99.0
2026-03-02,cumulative,all subpops,Age 3,new_H,baseline,83.0,67.0,99.30000000000001
2026-03-03,cumulative,all subpops,Age 3,new_H,baseline,83.0,67.0,100.0
2026-03-04,cumulative,all subpops,Age 3,new_H,baseline,83.0,67.0,100.0
2026-03-05,cumulative,all subpops,Age 3,new_H,baseline,83.0,68.0,100.0
2026-03-06,cumulative,all subpops,Age 3,new_H,baseline,83.0,68.0,100.0
2026-03-07,cumulative,all subpops,Age 3,new_H,baseline,84.0,68.0,100.0
2026-03-08,cumulative,all subpops,Age 3,new_H,baseline,84.0,68.0,101.0
2026-03-09,cumulative,all subpops,Age 3,new_H,baseline,84.0,68.0,101.0
2026-03-10,cumulative,all subpops,Age 3,new_H,baseline,84.0,68.0,101.0
2026-03-11,cumulative,all subpops,Age 3,new_H,baseline,84.0,68.0,101.0
2026-03-12,cumulative,all subpops,Age 3,new_H,baseline,84.0,68.0,101.0
2026-03-13,cumulative,all subpops,Age 3,new_H,baseline,84.0,68.0,101.0
2026-03-14,cumulative,all subpops,Age 3,new_H,baseline,84.0,68.0,101.0
2026-03-15,cumulative,all subpops,Age 3,new_H,baseline,84.0,68.7,101.0
2026-03-16,cumulative,all subpops,Age 3,new_H,baseline,85.0,69.0,101.0
2026-03-17,cumulative,all subpops,Age 3,new_H,baseline,85.0,69.0,101.30000000000001
2026-03-18,cumulative,all subpops,Age 3,new_H,baseline,85.0,69.0,102.0
2026-03-19,cumulative,all subpops,Age 3,new_H,baseline,85.0,69.0,102.0
2026-03-20,cumulative,all subpops,Age 3,new_H,baseline,85.0,69.0,102.0
2026-03-21,cumulative,all subpops,Age 3,new_H,baseline,85.0,69.0,102.0
2026-03-22,cumulative,all subpops,Age 3,new_H,baseline,85.0,69.0,102.0
2026-03-23,cumulative,all subpops,Age 3,new_H,baseline,85.0,69.0,102.0
2026-03-24,cumulative,all subpops,Age 3,new_H,baseline,86.0,69.0,102.30000000000001
2026-03-25,cumulative,all subpops,Age 3,new_H,baseline,86.0,69.0,102.30000000000001
2026-03-26,cumulative,all subpops,Age 3,new_H,baseline,86.0,69.0,102.30000000000001
2026-03-27,cumulative,all subpops,Age 3,new_H,baseline,86.0,69.0,102.30000000000001
2026-03-28,cumulative,all subpops,Age 3,new_H,baseline,86.0,69.0,102.30000000000001
2026-03-29,cumulative,all subpops,Age 3,new_H,baseline,86.0,69.0,102.30000000000001
2026-03-30,cumulative,all subpops,Age 3,new_H,baseline,86.0,69.7,102.30000000000001
2026-03-31,cumulative,all subpops,Age 3,new_H,baseline,86.0,69.7,102.30000000000001
2026-04-01,cumulative,all subpops,Age 3,new_H,baseline,86.0,69.7,102.30000000000001
2026-04-02,cumulative,all subpops,Age 3,new_H,baseline,86.0,70.0,102.30000000000001
2026-04-03,cumulative,all subpops,Age 3,new_H,baseline,86.0,70.0,102.30000000000001
2026-04-04,cumulative,all subpops,Age 3,new_H,baseline,86.0,70.0,102.30000000000001
2026-04-05,cumulative,all subpops,Age 3,new_H,baseline,86.0,70.0,103.0
2026-04-06,cumulative,all subpops,Age 3,new_H,baseline,86.0,70.0,103.0
2026-04-07,cumulative,all subpops,Age 3,new_H,baseline,86.0,70.0,103.0
2026-04-08,cumulative,all subpops,Age 3,new_H,baseline,86.0,70.0,103.0
2026-04-09,cumulative,all subpops,Age 3,new_H,baseline,86.0,70.0,103.0
2026-04-10,cumulative,all subpops,Age 3,new_H,baseline,86.0,70.0,103.0
2026-04-11,cumulative,all subpops,Age 3,new_H,baseline,87.0,70.0,103.0
2026-04-12,cumulative,all subpops,Age 3,new_H,baseline,87.0,70.0,103.0
2026-04-13,cumulative,all subpops,Age 3,new_H,baseline,87.0,70.0,103.0
2026-04-14,cumulative,all subpops,Age 3,new_H,baseline,87.0,70.7,103.0
2026-04-15,cumulative,all subpops,Age 3,new_H,baseline,87.0,70.7,103.0
2026-04-16,cumulative,all subpops,Age 3,new_H,baseline,87.0,70.7,103.0
2026-04-17,cumulative,all subpops,Age 3,new_H,baseline,87.0,70.7,103.0
2026-04-18,cumulative,all subpops,Age 3,new_H,baseline,87.0,70.7,103.0
2026-04-19,cumulative,all subpops,Age 3,new_H,baseline,87.0,70.7,103.0
2026-04-20,cumulative,all subpops,Age 3,new_H,baseline,87.0,70.7,103.0
2026-04-21,cumulative,all subpops,Age 3,new_H,baseline,87.0,70.7,103.0
2026-04-22,cumulative,all subpops,Age 3,new_H,baseline,87.0,70.7,103.0
2026-04-23,cumulative,all subpops,Age 3,new_H,baseline,87.0,70.7,103.0
2026-04-24,cumulative,all subpops,Age 3,new_H,baseline,87.0,70.7,103.0
2026-04-25,cumulative,all subpops,Age 3,new_H,baseline,87.0,70.7,103.0
2026-04-26,cumulative,all subpops,Age 3,new_H,baseline,87.0,70.7,103.0
2026-04-27,cumulative,all subpops,Age 3,new_H,baseline,87.0,70.7,103.0
2026-04-28,cumulative,all subpops,Age 3,new_H,baseline,87.0,70.7,103.0
2026-04-29,cumulative,all subpops,Age 3,new_H,baseline,87.0,70.7,103.0
2026-04-30,cumulative,all subpops,Age 3,new_H,baseline,87.0,70.7,103.0
2026-05-01,cumulative,all subpops,Age 3,new_H,baseline,87.0,70.7,103.0
2026-05-02,cumulative,all subpops,Age 3,new_H,baseline,87.0,70.7,103.0
2026-05-03,cumulative,all subpops,Age 3,new_H,baseline,87.0,70.7,103.0
2026-05-04,cumulative,all subpops,Age 3,new_H,baseline,87.0,70.7,103.0
2026-05-05,cumulative,all subpops,Age 3,new_H,baseline,87.0,70.7,103.0
2026-05-06,cumulative,all subpops,Age 3,new_H,baseline,87.0,70.7,103.0
2026-05-07,cumulative,all subpops,Age 3,new_H,baseline,87.0,70.7,103.0
2026-05-08,cumulative,all subpops,Age 3,new_H,baseline,87.0,70.7,103.0
2025-09-01,daily,all subpops,Age 4,new_H,baseline,0.0,0.0,0.0
2025-09-02,daily,all subpops,Age 4,new_H,baseline,0.0,0.0,0.0
2025-09-03,daily,all subpops,Age 4,new_H,baseline,0.0,0.0,0.0
2025-09-04,daily,all subpops,Age 4,new_H,baseline,0.0,0.0,0.0
2025-09-05,daily,all subpops,Age 4,new_H,baseline,0.0,0.0,0.0
2025-09-06,daily,all subpops,Age 4,new_H,baseline,0.0,0.0,0.0
2025-09-07,daily,all subpops,Age 4,new_H,baseline,0.0,0.0,0.30000000000001137
2025-09-08,daily,all subpops,Age 4,new_H,baseline,0.0,0.0,0.0
2025-09-09,daily,all subpops,Age 4,new_H,baseline,0.0,0.0,0.0
2025-09-10,daily,all subpops,Age 4,new_H,baseline,0.0,0.0,0.0
2025-09-11,daily,all subpops,Age 4,new_H,baseline,0.0,0.0,0.0
2025-09-12,daily,all subpops,Age 4,new_H,baseline,0.0,0.0,1.0
2025-09-13,daily,all subpops,Age 4,new_H,baseline,0.0,0.0,1.0
2025-09-14,daily,all subpops,Age 4,new_H,baseline,0.0,0.0,1.0
2025-09-15,daily,all subpops,Age 4,new_H,baseline,0.0,0.0,0.0
2025-09-16,daily,all subpops,Age 4,new_H,baseline,0.0,0.0,1.0
2025-09-17,daily,all subpops,Age 4,new_H,baseline,0.0,0.0,1.0
2025-09-18,daily,all subpops,Age 4,new_H,baseline,0.0,0.0,1.0
2025-09-19,daily,all subpops,Age 4,new_H,baseline,0.0,0.0,1.0
2025-09-20,daily,all subpops,Age 4,new_H,baseline,0.0,0.0,1.0
2025-09-21,daily,all subpops,Age 4,new_H,baseline,0.0,0.0,1.0
2025-09-22,daily,all subpops,Age 4,new_H,baseline,0.0,0.0,1.0
2025-09-23,daily,all subpops,Age 4,new_H,baseline,0.0,0.0,1.0
2025-09-24,daily,all subpops,Age 4,new_H,baseline,0.0,0.0,1.0
2025-09-25,daily,all subpops,Age 4,new_H,baseline,0.0,0.0,1.0
2025-09-26,daily,all subpops,Age 4,new_H,baseline,0.0,0.0,1.0
2025-09-27,daily,all subpops,Age 4,new_H,baseline,0.0,0.0,1.0
2025-09-28,daily,all subpops,Age 4,new_H,baseline,0.0,0.0,1.0
2025-09-29,daily,all subpops,Age 4,new_H,baseline,0.0,0.0,1.0
2025-09-30,daily,all subpops,Age 4,new_H,baseline,0.0,0.0,1.0
2025-10-01,daily,all subpops,Age 4,new_H,baseline,0.0,0.0,1.0
2025-10-02,daily,all subpops,Age 4,new_H,baseline,0.0,0.0,1.0
2025-10-03,daily,all subpops,Age 4,new_H,baseline,0.0,0.0,1.0
2025-10-04,daily,all subpops,Age 4,new_H,baseline,0.0,0.0,1.0
2025-10-05,daily,all subpops,Age 4,new_H,baseline,0.0,0.0,1.0
2025-10-06,daily,all subpops,Age 4,new_H,baseline,0.0,0.0,1.0
2025-10-07,daily,all subpops,Age 4,new_H,baseline,0.0,0.0,1.0
2025-10-08,daily,all subpops,Age 4,new_H,baseline,0.0,0.0,1.0
2025-10-09,daily,all subpops,Age 4,new_H,baseline,0.0,0.0,1.0
2025-10-10,daily,all subpops,Age 4,new_H,baseline,0.0,0.0,2.0
2025-10-11,daily,all subpops,Age 4,new_H,baseline,0.0,0.0,2.0
2025-10-12,daily,all subpops,Age 4,new_H,baseline,0.0,0.0,1.0
2025-10-13,daily,all subpops,Age 4,new_H,baseline,0.0,0.0,2.0
2025-10-14,daily,all subpops,Age 4,new_H,baseline,0.0,0.0,2.0
2025-10-15,daily,all subpops,Age 4,new_H,baseline,0.0,0.0,2.0
2025-10-16,daily,all subpops,Age 4,new_H,baseline,0.0,0.0,1.0
2025-10-17,daily,all subpops,Age 4,new_H,baseline,0.0,0.0,2.0
2025-10-18,daily,all subpops,Age 4,new_H,baseline,0.0,0.0,2.0
2025-10-19,daily,all subpops,Age 4,new_H,baseline,0.0,0.0,2.0
2025-10-20,daily,all subpops,Age 4,new_H,baseline,0.0,0.0,2.0
2025-10-21,daily,all subpops,Age 4,new_H,baseline,0.0,0.0,2.0
2025-10-22,daily,all subpops,Age 4,new_H,baseline,0.0,0.0,2.0
2025-10-23,daily,all subpops,Age 4,new_H,baseline,0.0,0.0,2.0
2025-10-24,daily,all subpops,Age 4,new_H,baseline,0.0,0.0,2.0
2025-10-25,daily,all subpops,Age 4,new_H,baseline,0.0,0.0,2.3000000000000114
2025-10-26,daily,all subpops,Age 4,new_H,baseline,0.0,0.0,3.0
2025-10-27,daily,all subpops,Age 4,new_H,baseline,1.0,0.0,3.0
2025-10-28,daily,all subpops,Age 4,new_H,baseline,0.0,0.0,3.0
2025-10-29,daily,all subpops,Age 4,new_H,baseline,0.0,0.0,3.0
2025-10-30,daily,all subpops,Age 4,new_H,baseline,0.0,0.0,2.3000000000000114
2025-10-31,daily,all subpops,Age 4,new_H,baseline,1.0,0.0,3.0
2025-11-01,daily,all subpops,Age 4,new_H,baseline,1.0,0.0,4.0
2025-11-02,daily,all subpops,Age 4,new_H,baseline,1.0,0.0,3.3000000000000114
2025-11-03,daily,all subpops,Age 4,new_H,baseline,1.0,0.0,3.0
2025-11-04,daily,all subpops,Age 4,new_H,baseline,1.0,0.0,3.0
2025-11-05,daily,all subpops,Age 4,new_H,baseline,1.0,0.0,4.0
2025-11-06,daily,all subpops,Age 4,new_H,baseline,1.0,0.0,4.0
2025-11-07,daily,all subpops,Age 4,new_H,baseline,1.0,0.0,4.0
2025-11-08,daily,all subpops,Age 4,new_H,baseline,1.0,0.0,4.0
2025-11-09,daily,all subpops,Age 4,new_H,baseline,2.0,0.0,4.0
2025-11-10,daily,all subpops,Age 4,new_H,baseline,1.0,0.0,4.0
2025-11-11,daily,all subpops,Age 4,new_H,baseline,2.0,0.0,5.0
2025-11-12,daily,all subpops,Age 4,new_H,baseline,2.0,0.0,5.0
2025-11-13,daily,all subpops,Age 4,new_H,baseline,2.0,0.0,5.0
2025-11-14,daily,all subpops,Age 4,new_H,baseline,2.0,0.0,6.0
2025-11-15,daily,all subpops,Age 4,new_H,baseline,2.0,0.0,6.0
2025-11-16,daily,all subpops,Age 4,new_H,baseline,2.0,0.0,6.0
2025-11-17,daily,all subpops,Age 4,new_H,baseline,2.0,0.0,6.0
2025-11-18,daily,all subpops,Age 4,new_H,baseline,3.0,0.0,7.0
2025-11-19,daily,all subpops,Age 4,new_H,baseline,3.0,0.0,7.0
2025-11-20,daily,all subpops,Age 4,new_H,baseline,3.0,1.0,7.0
2025-11-21,daily,all subpops,Age 4,new_H,baseline,3.0,0.0,7.0
2025-11-22,daily,all subpops,Age 4,new_H,baseline,4.0,0.7000000000000011,8.0
2025-11-23,daily,all subpops,Age 4,new_H,baseline,4.0,0.0,8.0
2025-11-24,daily,all subpops,Age 4,new_H,baseline,4.0,1.0,8.600000000000023
2025-11-25,daily,all subpops,Age 4,new_H,baseline,4.0,1.0,8.300000000000011
2025-11-26,daily,all subpops,Age 4,new_H,baseline,4.0,1.0,9.0
2025-11-27,daily,all subpops,Age 4,new_H,baseline,5.0,1.0,10.0
2025-11-28,daily,all subpops,Age 4,new_H,baseline,5.0,1.0,10.0
2025-11-29,daily,all subpops,Age 4,new_H,baseline,5.0,1.0,10.0
2025-11-30,daily,all subpops,Age 4,new_H,baseline,5.0,1.0,10.0
2025-12-01,daily,all subpops,Age 4,new_H,baseline,5.0,1.0,9.0
2025-12-02,daily,all subpops,Age 4,new_H,baseline,5.0,1.0,10.0
2025-12-03,daily,all subpops,Age 4,new_H,baseline,5.0,2.0,11.0
2025-12-04,daily,all subpops,Age 4,new_H,baseline,6.0,2.0,11.0
2025-12-05,daily,all subpops,Age 4,new_H,baseline,6.0,2.0,12.0
2025-12-06,daily,all subpops,Age 4,new_H,baseline,7.0,2.0,13.0
2025-12-07,daily,all subpops,Age 4,new_H,baseline,7.0,3.0,12.0
2025-12-08,daily,all subpops,Age 4,new_H,baseline,7.0,3.0,13.0
2025-12-09,daily,all subpops,Age 4,new_H,baseline,7.0,2.0,13.0
2025-12-10,daily,all subpops,Age 4,new_H,baseline,8.0,3.0,14.0
2025-12-11,daily,all subpops,Age 4,new_H,baseline,8.0,4.0,14.300000000000011
2025-12-12,daily,all subpops,Age 4,new_H,baseline,9.0,4.0,15.0
2025-12-13,daily,all subpops,Age 4,new_H,baseline,10.0,4.0,16.30000000000001
2025-12-14,daily,all subpops,Age 4,new_H,baseline,10.0,4.0,18.0
2025-12-15,daily,all subpops,Age 4,new_H,baseline,9.0,4.0,16.0
2025-12-16,daily,all subpops,Age 4,new_H,baseline,10.0,4.700000000000001,17.0
2025-12-17,daily,all subpops,Age 4,new_H,baseline,11.0,5.0,17.0
2025-12-18,daily,all subpops,Age 4,new_H,baseline,11.0,5.0,18.30000000000001
2025-12-19,daily,all subpops,Age 4,new_H,baseline,12.0,6.0,20.0
2025-12-20,daily,all subpops,Age 4,new_H,baseline,13.0,6.0,20.30000000000001
2025-12-21,daily,all subpops,Age 4,new_H,baseline,13.0,6.0,20.0
2025-12-22,daily,all subpops,Age 4,new_H,baseline,12.0,6.0,20.0
2025-12-23,daily,all subpops,Age 4,new_H,baseline,12.0,6.0,20.0
2025-12-24,daily,all subpops,Age 4,new_H,baseline,12.0,6.0,19.30000000000001
2025-12-25,daily,all subpops,Age 4,new_H,baseline,12.0,7.0,20.0
2025-12-26,daily,all subpops,Age 4,new_H,baseline,12.0,6.0,19.0
2025-12-27,daily,all subpops,Age 4,new_H,baseline,11.0,5.0,18.30000000000001
2025-12-28,daily,all subpops,Age 4,new_H,baseline,11.0,5.0,18.30000000000001
2025-12-29,daily,all subpops,Age 4,new_H,baseline,10.0,4.0,17.0
2025-12-30,daily,all subpops,Age 4,new_H,baseline,10.0,4.0,17.0
2025-12-31,daily,all subpops,Age 4,new_H,baseline,9.0,4.0,17.0
2026-01-01,daily,all subpops,Age 4,new_H,baseline,9.0,4.0,16.30000000000001
2026-01-02,daily,all subpops,Age 4,new_H,baseline,9.0,4.0,15.0
2026-01-03,daily,all subpops,Age 4,new_H,baseline,9.0,4.0,14.0
2026-01-04,daily,all subpops,Age 4,new_H,baseline,8.0,3.0,15.0
2026-01-05,daily,all subpops,Age 4,new_H,baseline,7.0,3.0,13.300000000000011
2026-01-06,daily,all subpops,Age 4,new_H,baseline,7.0,3.0,14.0
2026-01-07,daily,all subpops,Age 4,new_H,baseline,8.0,3.0,14.0
2026-01-08,daily,all subpops,Age 4,new_H,baseline,8.0,3.0,14.300000000000011
2026-01-09,daily,all subpops,Age 4,new_H,baseline,8.0,3.0,13.0
2026-01-10,daily,all subpops,Age 4,new_H,baseline,8.0,3.0,14.300000000000011
2026-01-11,daily,all subpops,Age 4,new_H,baseline,8.0,3.0,14.0
2026-01-12,daily,all subpops,Age 4,new_H,baseline,7.0,2.0,13.300000000000011
2026-01-13,daily,all subpops,Age 4,new_H,baseline,7.0,3.0,13.0
2026-01-14,daily,all subpops,Age 4,new_H,baseline,7.0,2.0,13.0
2026-01-15,daily,all subpops,Age 4,new_H,baseline,7.0,3.0,14.0
2026-01-16,daily,all subpops,Age 4,new_H,baseline,8.0,2.0,14.0
2026-01-17,daily,all subpops,Age 4,new_H,baseline,8.0,3.0,14.0
2026-01-18,daily,all subpops,Age 4,new_H,baseline,8.0,3.0,14.0
2026-01-19,daily,all subpops,Age 4,new_H,baseline,7.0,3.0,13.0
2026-01-20,daily,all subpops,Age 4,new_H,baseline,7.0,2.700000000000001,13.0
2026-01-21,daily,all subpops,Age 4,new_H,baseline,6.0,2.0,12.300000000000011
2026-01-22,daily,all subpops,Age 4,new_H,baseline,7.0,2.0,12.0
2026-01-23,daily,all subpops,Age 4,new_H,baseline,7.0,2.0,13.0
2026-01-24,daily,all subpops,Age 4,new_H,baseline,7.0,2.700000000000001,13.0
2026-01-25,daily,all subpops,Age 4,new_H,baseline,6.0,2.0,12.0
2026-01-26,daily,all subpops,Age 4,new_H,baseline,6.0,1.700000000000001,11.0
2026-01-27,daily,all subpops,Age 4,new_H,baseline,6.0,1.700000000000001,11.0
2026-01-28,daily,all subpops,Age 4,new_H,baseline,6.0,2.0,11.0
2026-01-29,daily,all subpops,Age 4,new_H,baseline,6.0,2.0,11.0
2026-01-30,daily,all subpops,Age 4,new_H,baseline,6.0,2.0,12.0
2026-01-31,daily,all subpops,Age 4,new_H,baseline,6.0,2.0,12.0
2026-02-01,daily,all subpops,Age 4,new_H,baseline,6.0,2.0,12.0
2026-02-02,daily,all subpops,Age 4,new_H,baseline,6.0,2.0,11.300000000000011
2026-02-03,daily,all subpops,Age 4,new_H,baseline,5.0,1.700000000000001,10.300000000000011
2026-02-04,daily,all subpops,Age 4,new_H,baseline,5.0,1.0,11.0
2026-02-05,daily,all subpops,Age 4,new_H,baseline,5.0,2.0,10.300000000000011
2026-02-06,daily,all subpops,Age 4,new_H,baseline,5.0,1.0,11.0
2026-02-07,daily,all subpops,Age 4,new_H,baseline,6.0,1.0,11.0
2026-02-08,daily,all subpops,Age 4,new_H,baseline,5.0,1.0,10.0
2026-02-09,daily,all subpops,Age 4,new_H,baseline,5.0,1.0,10.300000000000011
2026-02-10,daily,all subpops,Age 4,new_H,baseline,5.0,1.0,10.0
2026-02-11,daily,all subpops,Age 4,new_H,baseline,4.0,1.0,9.300000000000011
2026-02-12,daily,all subpops,Age 4,new_H,baseline,5.0,1.0,9.300000000000011
2026-02-13,daily,all subpops,Age 4,new_H,baseline,5.0,1.0,10.0
2026-02-14,daily,all subpops,Age 4,new_H,baseline,4.0,1.0,10.0
2026-02-15,daily,all subpops,Age 4,new_H,baseline,4.0,1.0,9.0
2026-02-16,daily,all subpops,Age 4,new_H,baseline,4.0,1.0,8.0
2026-02-17,daily,all subpops,Age 4,new_H,baseline,4.0,0.0,8.300000000000011
2026-02-18,daily,all subpops,Age 4,new_H,baseline,3.0,0.0,8.0
2026-02-19,daily,all subpops,Age 4,new_H,baseline,3.0,0.0,7.0
2026-02-20,daily,all subpops,Age 4,new_H,baseline,3.0,0.0,8.0
2026-02-21,daily,all subpops,Age 4,new_H,baseline,3.0,0.0,7.0
2026-02-22,daily,all subpops,Age 4,new_H,baseline,3.0,0.0,7.0
2026-02-23,daily,all subpops,Age 4,new_H,baseline,2.0,0.0,6.0
2026-02-24,daily,all subpops,Age 4,new_H,baseline,2.0,0.0,6.0
2026-02-25,daily,all subpops,Age 4,new_H,baseline,2.0,0.0,6.0
2026-02-26,daily,all subpops,Age 4,new_H,baseline,2.0,0.0,5.0
2026-02-27,daily,all subpops,Age 4,new_H,baseline,2.0,0.0,6.0
2026-02-28,daily,all subpops,Age 4,new_H,baseline,2.0,0.0,6.0
2026-03-01,daily,all subpops,Age 4,new_H,baseline,2.0,0.0,6.0
2026-03-02,daily,all subpops,Age 4,new_H,baseline,2.0,0.0,5.0
2026-03-03,daily,all subpops,Age 4,new_H,baseline,2.0,0.0,5.0
2026-03-04,daily,all subpops,Age 4,new_H,baseline,2.0,0.0,5.0
2026-03-05,daily,all subpops,Age 4,new_H,baseline,2.0,0.0,4.0
2026-03-06,daily,all subpops,Age 4,new_H,baseline,2.0,0.0,5.0
2026-03-07,daily,all subpops,Age 4,new_H,baseline,2.0,0.0,5.0
2026-03-08,daily,all subpops,Age 4,new_H,baseline,1.0,0.0,5.0
2026-03-09,daily,all subpops,Age 4,new_H,baseline,1.0,0.0,4.0
2026-03-10,daily,all subpops,Age 4,new_H,baseline,1.0,0.0,4.0
2026-03-11,daily,all subpops,Age 4,new_H,baseline,1.0,0.0,4.0
2026-03-12,daily,all subpops,Age 4,new_H,baseline,1.0,0.0,4.0
2026-03-13,daily,all subpops,Age 4,new_H,baseline,1.0,0.0,4.0
2026-03-14,daily,all subpops,Age 4,new_H,baseline,1.0,0.0,4.0
2026-03-15,daily,all subpops,Age 4,new_H,baseline,1.0,0.0,3.3000000000000114
2026-03-16,daily,all subpops,Age 4,new_H,baseline,1.0,0.0,4.0
2026-03-17,daily,all subpops,Age 4,new_H,baseline,1.0,0.0,3.0
2026-03-18,daily,all subpops,Age 4,new_H,baseline,1.0,0.0,3.0
2026-03-19,daily,all subpops,Age 4,new_H,baseline,1.0,0.0,3.0
2026-03-20,daily,all subpops,Age 4,new_H,baseline,1.0,0.0,3.3000000000000114
2026-03-21,daily,all subpops,Age 4,new_H,baseline,1.0,0.0,3.0
2026-03-22,daily,all subpops,Age 4,new_H,baseline,1.0,0.0,3.0
2026-03-23,daily,all subpops,Age 4,new_H,baseline,1.0,0.0,3.0
2026-03-24,daily,all subpops,Age 4,new_H,baseline,0.0,0.0,3.0
2026-03-25,daily,all subpops,Age 4,new_H,baseline,1.0,0.0,3.0
2026-03-26,daily,all subpops,Age 4,new_H,baseline,0.0,0.0,3.0
2026-03-27,daily,all subpops,Age 4,new_H,baseline,0.0,0.0,3.0
2026-03-28,daily,all subpops,Age 4,new_H,baseline,0.0,0.0,3.0
2026-03-29,daily,all subpops,Age 4,new_H,baseline,1.0,0.0,3.0
2026-03-30,daily,all subpops,Age 4,new_H,baseline,0.0,0.0,2.0
2026-03-31,daily,all subpops,Age 4,new_H,baseline,0.0,0.0,2.0
2026-04-01,daily,all subpops,Age 4,new_H,baseline,0.0,0.0,2.0
2026-04-02,daily,all subpops,Age 4,new_H,baseline,0.0,0.0,2.0
2026-04-03,daily,all subpops,Age 4,new_H,baseline,0.0,0.0,2.0
2026-04-04,daily,all subpops,Age 4,new_H,baseline,0.0,0.0,2.0
2026-04-05,daily,all subpops,Age 4,new_H,baseline,0.0,0.0,2.0
2026-04-06,daily,all subpops,Age 4,new_H,baseline,0.0,0.0,2.0
2026-04-07,daily,all subpops,Age 4,new_H,baseline,0.0,0.0,2.0
2026-04-08,daily,all subpops,Age 4,new_H,baseline,0.0,0.0,2.0
2026-04-09,daily,all subpops,Age 4,new_H,baseline,0.0,0.0,2.0
2026-04-10,daily,all subpops,Age 4,new_H,baseline,0.0,0.0,2.0
2026-04-11,daily,all subpops,Age 4,new_H,baseline,0.0,0.0,2.0
2026-04-12,daily,all subpops,Age 4,new_H,baseline,0.0,0.0,2.0
2026-04-13,daily,all subpops,Age 4,new_H,baseline,0.0,0.0,1.0
2026-04-14,daily,all subpops,Age 4,new_H,baseline,0.0,0.0,1.0
2026-04-15,daily,all subpops,Age 4,new_H,baseline,0.0,0.0,2.0
2026-04-16,daily,all subpops,Age 4,new_H,baseline,0.0,0.0,1.0
2026-04-17,daily,all subpops,Age 4,new_H,baseline,0.0,0.0,1.0
2026-04-18,daily,all subpops,Age 4,new_H,baseline,0.0,0.0,1.0
2026-04-19,daily,all subpops,Age 4,new_H,baseline,0.0,0.0,1.3000000000000114
2026-04-20,daily,all subpops,Age 4,new_H,baseline,0.0,0.0,1.0
2026-04-21,daily,all subpops,Age 4,new_H,baseline,0.0,0.0,1.0
2026-04-22,daily,all subpops,Age 4,new_H,baseline,0.0,0.0,1.0
2026-04-23,daily,all subpops,Age 4,new_H,baseline,0.0,0.0,1.0
2026-04-24,daily,all subpops,Age 4,new_H,baseline,0.0,0.0,1.0
2026-04-25,daily,all subpops,Age 4,new_H,baseline,0.0,0.0,1.0
2026-04-26,daily,all subpops,Age 4,new_H,baseline,0.0,0.0,1.0
2026-04-27,daily,all subpops,Age 4,new_H,baseline,0.0,0.0,1.0
2026-04-28,daily,all subpops,Age 4,new_H,baseline,0.0,0.0,1.0
2026-04-29,daily,all subpops,Age 4,new_H,baseline,0.0,0.0,1.0
2026-04-30,daily,all subpops,Age 4,new_H,baseline,0.0,0.0,1.0
2026-05-01,daily,all subpops,Age 4,new_H,baseline,0.0,0.0,1.0
2026-05-02,daily,all subpops,Age 4,new_H,baseline,0.0,0.0,1.0
2026-05-03,daily,all subpops,Age 4,new_H,baseline,0.0,0.0,1.0
2026-05-04,daily,all subpops,Age 4,new_H,baseline,0.0,0.0,1.0
2026-05-05,daily,all subpops,Age 4,new_H,baseline,0.0,0.0,1.0
2026-05-06,daily,all subpops,Age 4,new_H,baseline,0.0,0.0,1.0
2026-05-07,daily,all subpops,Age 4,new_H,baseline,0.0,0.0,1.0
2026-05-08,daily,all subpops,Age 4,new_H,baseline,0.0,0.0,1.0
2025-09-01,cumulative,all subpops,Age 4,new_H,baseline,0.0,0.0,0.0
2025-09-02,cumulative,all subpops,Age 4,new_H,baseline,0.0,0.0,0.0
2025-09-03,cumulative,all subpops,Age 4,new_H,baseline,0.0,0.0,1.0
2025-09-04,cumulative,all subpops,Age 4,new_H,baseline,0.0,0.0,1.0
2025-09-05,cumulative,all subpops,Age 4,new_H,baseline,0.0,0.0,1.0
2025-09-06,cumulative,all subpops,Age 4,new_H,baseline,0.0,0.0,1.0
2025-09-07,cumulative,all subpops,Age 4,new_H,baseline,0.0,0.0,1.0
2025-09-08,cumulative,all subpops,Age 4,new_H,baseline,0.0,0.0,1.0
2025-09-09,cumulative,all subpops,Age 4,new_H,baseline,0.0,0.0,1.0
2025-09-10,cumulative,all subpops,Age 4,new_H,baseline,0.0,0.0,1.0
2025-09-11,cumulative,all subpops,Age 4,new_H,baseline,0.0,0.0,1.0
2025-09-12,cumulative,all subpops,Age 4,new_H,baseline,0.0,0.0,1.0
2025-09-13,cumulative,all subpops,Age 4,new_H,baseline,0.0,0.0,2.0
2025-09-14,cumulative,all subpops,Age 4,new_H,baseline,0.0,0.0,2.0
2025-09-15,cumulative,all subpops,Age 4,new_H,baseline,0.0,0.0,2.0
2025-09-16,cumulative,all subpops,Age 4,new_H,baseline,0.0,0.0,2.0
2025-09-17,cumulative,all subpops,Age 4,new_H,baseline,0.0,0.0,2.0
2025-09-18,cumulative,all subpops,Age 4,new_H,baseline,0.0,0.0,2.0
2025-09-19,cumulative,all subpops,Age 4,new_H,baseline,0.0,0.0,2.0
2025-09-20,cumulative,all subpops,Age 4,new_H,baseline,0.0,0.0,2.0
2025-09-21,cumulative,all subpops,Age 4,new_H,baseline,0.0,0.0,2.0
2025-09-22,cumulative,all subpops,Age 4,new_H,baseline,0.0,0.0,2.0
2025-09-23,cumulative,all subpops,Age 4,new_H,baseline,1.0,0.0,3.0
2025-09-24,cumulative,all subpops,Age 4,new_H,baseline,1.0,0.0,3.0
2025-09-25,cumulative,all subpops,Age 4,new_H,baseline,1.0,0.0,3.0
2025-09-26,cumulative,all subpops,Age 4,new_H,baseline,1.0,0.0,3.0
2025-09-27,cumulative,all subpops,Age 4,new_H,baseline,1.0,0.0,3.0
2025-09-28,cumulative,all subpops,Age 4,new_H,baseline,1.0,0.0,4.0
2025-09-29,cumulative,all subpops,Age 4,new_H,baseline,1.0,0.0,4.0
2025-09-30,cumulative,all subpops,Age 4,new_H,baseline,1.0,0.0,4.0
2025-10-01,cumulative,all subpops,Age 4,new_H,baseline,1.0,0.0,4.0
2025-10-02,cumulative,all subpops,Age 4,new_H,baseline,1.0,0.0,5.0
2025-10-03,cumulative,all subpops,Age 4,new_H,baseline,1.0,0.0,5.0
2025-10-04,cumulative,all subpops,Age 4,new_H,baseline,2.0,0.0,5.0
2025-10-05,cumulative,all subpops,Age 4,new_H,baseline,2.0,0.0,5.0
2025-10-06,cumulative,all subpops,Age 4,new_H,baseline,2.0,0.0,5.0
2025-10-07,cumulative,all subpops,Age 4,new_H,baseline,2.0,0.0,5.300000000000011
2025-10-08,cumulative,all subpops,Age 4,new_H,baseline,2.0,0.0,6.0
2025-10-09,cumulative,all subpops,Age 4,new_H,baseline,2.0,0.0,6.0
2025-10-10,cumulative,all subpops,Age 4,new_H,baseline,3.0,0.0,6.0
2025-10-11,cumulative,all subpops,Age 4,new_H,baseline,3.0,0.0,7.0
2025-10-12,cumulative,all subpops,Age 4,new_H,baseline,3.0,0.0,7.0
2025-10-13,cumulative,all subpops,Age 4,new_H,baseline,4.0,0.0,7.0
2025-10-14,cumulative,all subpops,Age 4,new_H,baseline,4.0,1.0,8.0
2025-10-15,cumulative,all subpops,Age 4,new_H,baseline,4.0,1.0,8.300000000000011
2025-10-16,cumulative,all subpops,Age 4,new_H,baseline,4.0,1.0,9.0
2025-10-17,cumulative,all subpops,Age 4,new_H,baseline,5.0,1.0,10.0
2025-10-18,cumulative,all subpops,Age 4,new_H,baseline,5.0,1.0,10.300000000000011
2025-10-19,cumulative,all subpops,Age 4,new_H,baseline,5.0,2.0,11.0
2025-10-20,cumulative,all subpops,Age 4,new_H,baseline,6.0,2.0,12.0
2025-10-21,cumulative,all subpops,Age 4,new_H,baseline,6.0,2.0,13.0
2025-10-22,cumulative,all subpops,Age 4,new_H,baseline,7.0,2.0,14.0
2025-10-23,cumulative,all subpops,Age 4,new_H,baseline,7.0,2.0,14.0
2025-10-24,cumulative,all subpops,Age 4,new_H,baseline,8.0,2.700000000000001,14.300000000000011
2025-10-25,cumulative,all subpops,Age 4,new_H,baseline,8.0,3.0,15.0
2025-10-26,cumulative,all subpops,Age 4,new_H,baseline,9.0,4.0,16.0
2025-10-27,cumulative,all subpops,Age 4,new_H,baseline,10.0,4.0,17.0
2025-10-28,cumulative,all subpops,Age 4,new_H,baseline,10.0,4.0,18.0
2025-10-29,cumulative,all subpops,Age 4,new_H,baseline,11.0,5.0,19.0
2025-10-30,cumulative,all subpops,Age 4,new_H,baseline,11.0,5.0,19.30000000000001
2025-10-31,cumulative,all subpops,Age 4,new_H,baseline,12.0,5.0,21.0
2025-11-01,cumulative,all subpops,Age 4,new_H,baseline,14.0,6.0,22.0
2025-11-02,cumulative,all subpops,Age 4,new_H,baseline,15.0,7.0,24.0
2025-11-03,cumulative,all subpops,Age 4,new_H,baseline,15.0,7.700000000000001,26.0
2025-11-04,cumulative,all subpops,Age 4,new_H,baseline,17.0,8.0,27.0
2025-11-05,cumulative,all subpops,Age 4,new_H,baseline,18.0,9.0,29.0
2025-11-06,cumulative,all subpops,Age 4,new_H,baseline,19.0,9.700000000000001,30.0
2025-11-07,cumulative,all subpops,Age 4,new_H,baseline,20.0,11.0,32.0
2025-11-08,cumulative,all subpops,Age 4,new_H,baseline,22.0,12.0,34.0
2025-11-09,cumulative,all subpops,Age 4,new_H,baseline,23.0,13.0,36.0
2025-11-10,cumulative,all subpops,Age 4,new_H,baseline,25.0,14.0,39.0
2025-11-11,cumulative,all subpops,Age 4,new_H,baseline,27.0,16.0,40.30000000000001
2025-11-12,cumulative,all subpops,Age 4,new_H,baseline,28.0,17.0,43.0
2025-11-13,cumulative,all subpops,Age 4,new_H,baseline,31.0,18.700000000000003,45.0
2025-11-14,cumulative,all subpops,Age 4,new_H,baseline,33.0,20.700000000000003,47.30000000000001
2025-11-15,cumulative,all subpops,Age 4,new_H,baseline,35.0,23.700000000000003,52.0
2025-11-16,cumulative,all subpops,Age 4,new_H,baseline,38.0,25.0,56.30000000000001
2025-11-17,cumulative,all subpops,Age 4,new_H,baseline,40.0,26.0,58.0
2025-11-18,cumulative,all subpops,Age 4,new_H,baseline,43.0,29.0,62.0
2025-11-19,cumulative,all subpops,Age 4,new_H,baseline,46.0,31.0,67.0
2025-11-20,cumulative,all subpops,Age 4,new_H,baseline,49.0,33.0,69.0
2025-11-21,cumulative,all subpops,Age 4,new_H,baseline,53.0,36.0,73.30000000000001
2025-11-22,cumulative,all subpops,Age 4,new_H,baseline,57.0,40.0,79.30000000000001
2025-11-23,cumulative,all subpops,Age 4,new_H,baseline,61.0,43.0,85.0
2025-11-24,cumulative,all subpops,Age 4,new_H,baseline,65.0,45.7,89.0
2025-11-25,cumulative,all subpops,Age 4,new_H,baseline,69.0,48.0,96.0
2025-11-26,cumulative,all subpops,Age 4,new_H,baseline,73.0,51.7,100.0
2025-11-27,cumulative,all subpops,Age 4,new_H,baseline,78.0,56.0,106.30000000000001
2025-11-28,cumulative,all subpops,Age 4,new_H,baseline,82.0,59.400000000000006,112.30000000000001
2025-11-29,cumulative,all subpops,Age 4,new_H,baseline,88.0,63.0,118.0
2025-11-30,cumulative,all subpops,Age 4,new_H,baseline,93.0,67.0,124.0
2025-12-01,cumulative,all subpops,Age 4,new_H,baseline,98.0,70.7,130.3
2025-12-02,cumulative,all subpops,Age 4,new_H,baseline,102.0,73.7,135.0
2025-12-03,cumulative,all subpops,Age 4,new_H,baseline,107.0,77.0,141.0
2025-12-04,cumulative,all subpops,Age 4,new_H,baseline,114.0,81.7,148.3
2025-12-05,cumulative,all subpops,Age 4,new_H,baseline,120.0,88.0,156.3
2025-12-06,cumulative,all subpops,Age 4,new_H,baseline,127.0,94.4,164.3
2025-12-07,cumulative,all subpops,Age 4,new_H,baseline,134.0,100.7,174.0
2025-12-08,cumulative,all subpops,Age 4,new_H,baseline,141.0,106.0,182.0
2025-12-09,cumulative,all subpops,Age 4,new_H,baseline,147.0,111.0,189.3
2025-12-10,cumulative,all subpops,Age 4,new_H,baseline,156.0,116.7,200.0
2025-12-11,cumulative,all subpops,Age 4,new_H,baseline,164.0,124.0,209.3
2025-12-12,cumulative,all subpops,Age 4,new_H,baseline,173.0,132.0,219.3
2025-12-13,cumulative,all subpops,Age 4,new_H,baseline,183.0,141.4,231.3
2025-12-14,cumulative,all subpops,Age 4,new_H,baseline,193.0,148.7,241.3
2025-12-15,cumulative,all subpops,Age 4,new_H,baseline,202.0,156.0,251.0
2025-12-16,cumulative,all subpops,Age 4,new_H,baseline,213.0,166.0,264.3
2025-12-17,cumulative,all subpops,Age 4,new_H,baseline,225.0,174.7,276.0
2025-12-18,cumulative,all subpops,Age 4,new_H,baseline,235.0,184.7,288.90000000000003
2025-12-19,cumulative,all subpops,Age 4,new_H,baseline,248.0,193.7,302.3
2025-12-20,cumulative,all subpops,Age 4,new_H,baseline,260.0,203.4,317.0
2025-12-21,cumulative,all subpops,Age 4,new_H,baseline,273.0,216.0,330.3
2025-12-22,cumulative,all subpops,Age 4,new_H,baseline,284.0,229.1,345.3
2025-12-23,cumulative,all subpops,Age 4,new_H,baseline,296.0,238.7,358.6
2025-12-24,cumulative,all subpops,Age 4,new_H,baseline,309.0,250.4,371.3
2025-12-25,cumulative,all subpops,Age 4,new_H,baseline,321.0,261.7,384.3
2025-12-26,cumulative,all subpops,Age 4,new_H,baseline,333.0,271.0,395.3
2025-12-27,cumulative,all subpops,Age 4,new_H,baseline,345.0,283.0,410.0
2025-12-28,cumulative,all subpops,Age 4,new_H,baseline,356.0,293.0,420.6
2025-12-29,cumulative,all subpops,Age 4,new_H,baseline,366.0,302.0,432.6
2025-12-30,cumulative,all subpops,Age 4,new_H,baseline,376.0,310.7,444.0
2025-12-31,cumulative,all subpops,Age 4,new_H,baseline,386.0,319.0,454.3
2026-01-01,cumulative,all subpops,Age 4,new_H,baseline,396.0,327.7,465.0
2026-01-02,cumulative,all subpops,Age 4,new_H,baseline,405.0,334.0,472.90000000000003
2026-01-03,cumulative,all subpops,Age 4,new_H,baseline,415.0,342.7,485.0
2026-01-04,cumulative,all subpops,Age 4,new_H,baseline,423.0,351.7,492.90000000000003
2026-01-05,cumulative,all subpops,Age 4,new_H,baseline,431.0,359.4,500.0
2026-01-06,cumulative,all subpops,Age 4,new_H,baseline,438.0,365.7,508.0
2026-01-07,cumulative,all subpops,Age 4,new_H,baseline,446.0,373.7,515.6
2026-01-08,cumulative,all subpops,Age 4,new_H,baseline,454.0,381.7,520.6
2026-01-09,cumulative,all subpops,Age 4,new_H,baseline,462.0,393.0,529.3
2026-01-10,cumulative,all subpops,Age 4,new_H,baseline,469.0,402.4,536.3
2026-01-11,cumulative,all subpops,Age 4,new_H,baseline,478.0,410.4,544.3
2026-01-12,cumulative,all subpops,Age 4,new_H,baseline,485.0,416.4,550.6
2026-01-13,cumulative,all subpops,Age 4,new_H,baseline,493.0,423.0,557.0
2026-01-14,cumulative,all subpops,Age 4,new_H,baseline,500.0,432.7,564.0
2026-01-15,cumulative,all subpops,Age 4,new_H,baseline,508.0,438.7,573.6
2026-01-16,cumulative,all subpops,Age 4,new_H,baseline,515.0,445.7,579.3
2026-01-17,cumulative,all subpops,Age 4,new_H,baseline,523.0,455.0,588.3
2026-01-18,cumulative,all subpops,Age 4,new_H,baseline,530.0,463.4,596.3
2026-01-19,cumulative,all subpops,Age 4,new_H,baseline,538.0,470.0,604.3
2026-01-20,cumulative,all subpops,Age 4,new_H,baseline,546.0,477.0,608.2
2026-01-21,cumulative,all subpops,Age 4,new_H,baseline,552.0,483.0,613.3
2026-01-22,cumulative,all subpops,Age 4,new_H,baseline,559.0,489.7,622.3
2026-01-23,cumulative,all subpops,Age 4,new_H,baseline,565.0,497.7,626.6
2026-01-24,cumulative,all subpops,Age 4,new_H,baseline,573.0,505.0,632.6
2026-01-25,cumulative,all subpops,Age 4,new_H,baseline,579.0,512.0,640.0
2026-01-26,cumulative,all subpops,Age 4,new_H,baseline,586.0,521.0,647.3
2026-01-27,cumulative,all subpops,Age 4,new_H,baseline,592.0,527.4,651.3
2026-01-28,cumulative,all subpops,Age 4,new_H,baseline,598.0,531.7,656.3
2026-01-29,cumulative,all subpops,Age 4,new_H,baseline,605.0,537.7,662.3
2026-01-30,cumulative,all subpops,Age 4,new_H,baseline,610.0,546.1,668.3
2026-01-31,cumulative,all subpops,Age 4,new_H,baseline,618.0,556.0,675.3
2026-02-01,cumulative,all subpops,Age 4,new_H,baseline,624.0,561.0,682.3
2026-02-02,cumulative,all subpops,Age 4,new_H,baseline,629.0,566.7,686.3
2026-02-03,cumulative,all subpops,Age 4,new_H,baseline,635.0,572.7,690.6
2026-02-04,cumulative,all subpops,Age 4,new_H,baseline,641.0,578.4,695.3
2026-02-05,cumulative,all subpops,Age 4,new_H,baseline,645.0,583.4,699.2
2026-02-06,cumulative,all subpops,Age 4,new_H,baseline,651.0,588.4,707.0
2026-02-07,cumulative,all subpops,Age 4,new_H,baseline,656.0,594.7,712.3
2026-02-08,cumulative,all subpops,Age 4,new_H,baseline,661.0,600.0,717.3
2026-02-09,cumulative,all subpops,Age 4,new_H,baseline,666.0,605.7,722.0
2026-02-10,cumulative,all subpops,Age 4,new_H,baseline,671.0,612.0,724.9000000000001
2026-02-11,cumulative,all subpops,Age 4,new_H,baseline,675.0,616.7,728.6
2026-02-12,cumulative,all subpops,Age 4,new_H,baseline,681.0,622.7,734.3
2026-02-13,cumulative,all subpops,Age 4,new_H,baseline,686.0,627.7,737.3
2026-02-14,cumulative,all subpops,Age 4,new_H,baseline,691.0,632.0,741.6
2026-02-15,cumulative,all subpops,Age 4,new_H,baseline,695.0,638.4,746.0
2026-02-16,cumulative,all subpops,Age 4,new_H,baseline,700.0,642.7,750.3
2026-02-17,cumulative,all subpops,Age 4,new_H,baseline,703.0,646.7,755.0
2026-02-18,cumulative,all subpops,Age 4,new_H,baseline,707.0,648.7,758.3
2026-02-19,cumulative,all subpops,Age 4,new_H,baseline,710.0,651.7,761.6
2026-02-20,cumulative,all subpops,Age 4,new_H,baseline,714.0,656.7,766.6
2026-02-21,cumulative,all subpops,Age 4,new_H,baseline,717.0,659.7,768.6
2026-02-22,cumulative,all subpops,Age 4,new_H,baseline,720.0,662.0,771.0
2026-02-23,cumulative,all subpops,Age 4,new_H,baseline,723.0,664.7,775.0
2026-02-24,cumulative,all subpops,Age 4,new_H,baseline,725.0,666.7,775.3
2026-02-25,cumulative,all subpops,Age 4,new_H,baseline,727.0,670.0,779.0
2026-02-26,cumulative,all subpops,Age 4,new_H,baseline,729.0,673.0,781.0
2026-02-27,cumulative,all subpops,Age 4,new_H,baseline,731.0,675.7,782.3
2026-02-28,cumulative,all subpops,Age 4,new_H,baseline,733.0,677.0,785.0
2026-03-01,cumulative,all subpops,Age 4,new_H,baseline,735.0,680.0,786.3
2026-03-02,cumulative,all subpops,Age 4,new_H,baseline,738.0,681.0,788.0
2026-03-03,cumulative,all subpops,Age 4,new_H,baseline,739.0,683.7,790.0
2026-03-04,cumulative,all subpops,Age 4,new_H,baseline,741.0,685.7,792.0
2026-03-05,cumulative,all subpops,Age 4,new_H,baseline,743.0,686.7,793.0
2026-03-06,cumulative,all subpops,Age 4,new_H,baseline,745.0,688.0,794.0
2026-03-07,cumulative,all subpops,Age 4,new_H,baseline,746.0,690.0,796.3
2026-03-08,cumulative,all subpops,Age 4,new_H,baseline,748.0,691.0,797.3
2026-03-09,cumulative,all subpops,Age 4,new_H,baseline,750.0,693.0,798.3
2026-03-10,cumulative,all subpops,Age 4,new_H,baseline,750.0,694.0,800.0
2026-03-11,cumulative,all subpops,Age 4,new_H,baseline,752.0,694.0,801.3
2026-03-12,cumulative,all subpops,Age 4,new_H,baseline,753.0,695.7,802.3
2026-03-13,cumulative,all subpops,Age 4,new_H,baseline,755.0,696.7,803.0
2026-03-14,cumulative,all subpops,Age 4,new_H,baseline,755.0,699.0,804.0
2026-03-15,cumulative,all subpops,Age 4,new_H,baseline,757.0,701.0,805.3
2026-03-16,cumulative,all subpops,Age 4,new_H,baseline,758.0,702.4,806.0
2026-03-17,cumulative,all subpops,Age 4,new_H,baseline,759.0,703.4,807.3
2026-03-18,cumulative,all subpops,Age 4,new_H,baseline,760.0,703.7,809.0
2026-03-19,cumulative,all subpops,Age 4,new_H,baseline,761.0,705.7,810.0
2026-03-20,cumulative,all subpops,Age 4,new_H,baseline,762.0,705.7,810.3
2026-03-21,cumulative,all subpops,Age 4,new_H,baseline,762.0,706.7,812.0
2026-03-22,cumulative,all subpops,Age 4,new_H,baseline,763.0,708.0,812.3
2026-03-23,cumulative,all subpops,Age 4,new_H,baseline,764.0,708.7,813.0
2026-03-24,cumulative,all subpops,Age 4,new_H,baseline,765.0,709.7,814.3
2026-03-25,cumulative,all subpops,Age 4,new_H,baseline,766.0,711.0,815.0
2026-03-26,cumulative,all subpops,Age 4,new_H,baseline,767.0,711.7,815.6
2026-03-27,cumulative,all subpops,Age 4,new_H,baseline,767.0,712.0,816.3
2026-03-28,cumulative,all subpops,Age 4,new_H,baseline,768.0,712.0,817.3
2026-03-29,cumulative,all subpops,Age 4,new_H,baseline,769.0,712.0,818.0
2026-03-30,cumulative,all subpops,Age 4,new_H,baseline,769.0,712.7,818.0
2026-03-31,cumulative,all subpops,Age 4,new_H,baseline,770.0,713.7,818.3
2026-04-01,cumulative,all subpops,Age 4,new_H,baseline,770.0,715.0,819.0
2026-04-02,cumulative,all subpops,Age 4,new_H,baseline,771.0,715.0,819.0
2026-04-03,cumulative,all subpops,Age 4,new_H,baseline,771.0,715.0,819.0
2026-04-04,cumulative,all subpops,Age 4,new_H,baseline,772.0,715.0,819.3
2026-04-05,cumulative,all subpops,Age 4,new_H,baseline,772.0,716.0,820.0
2026-04-06,cumulative,all subpops,Age 4,new_H,baseline,772.0,716.0,820.3
2026-04-07,cumulative,all subpops,Age 4,new_H,baseline,773.0,716.0,820.3
2026-04-08,cumulative,all subpops,Age 4,new_H,baseline,773.0,716.0,820.6
2026-04-09,cumulative,all subpops,Age 4,new_H,baseline,774.0,716.0,821.3
2026-04-10,cumulative,all subpops,Age 4,new_H,baseline,774.0,716.0,821.3
2026-04-11,cumulative,all subpops,Age 4,new_H,baseline,774.0,716.7,822.0
2026-04-12,cumulative,all subpops,Age 4,new_H,baseline,775.0,716.7,822.0
2026-04-13,cumulative,all subpops,Age 4,new_H,baseline,775.0,717.4,822.0
2026-04-14,cumulative,all subpops,Age 4,new_H,baseline,775.0,717.4,823.3
2026-04-15,cumulative,all subpops,Age 4,new_H,baseline,775.0,717.4,823.3
2026-04-16,cumulative,all subpops,Age 4,new_H,baseline,776.0,718.0,824.0
2026-04-17,cumulative,all subpops,Age 4,new_H,baseline,776.0,718.7,824.0
2026-04-18,cumulative,all subpops,Age 4,new_H,baseline,776.0,719.0,824.3
2026-04-19,cumulative,all subpops,Age 4,new_H,baseline,776.0,719.7,825.0
2026-04-20,cumulative,all subpops,Age 4,new_H,baseline,776.0,720.4,825.0
2026-04-21,cumulative,all subpops,Age 4,new_H,baseline,777.0,720.4,825.0
2026-04-22,cumulative,all subpops,Age 4,new_H,baseline,777.0,720.4,826.0
2026-04-23,cumulative,all subpops,Age 4,new_H,baseline,777.0,720.4,826.0
2026-04-24,cumulative,all subpops,Age 4,new_H,baseline,777.0,720.4,826.0
2026-04-25,cumulative,all subpops,Age 4,new_H,baseline,777.0,721.1,826.0
2026-04-26,cumulative,all subpops,Age 4,new_H,baseline,777.0,721.1,826.3
2026-04-27,cumulative,all subpops,Age 4,new_H,baseline,777.0,721.1,826.3
2026-04-28,cumulative,all subpops,Age 4,new_H,baseline,777.0,721.1,827.0
2026-04-29,cumulative,all subpops,Age 4,new_H,baseline,777.0,721.1,827.0
2026-04-30,cumulative,all subpops,Age 4,new_H,baseline,778.0,721.1,827.0
2026-05-01,cumulative,all subpops,Age 4,new_H,baseline,778.0,721.4,827.0
2026-05-02,cumulative,all subpops,Age 4,new_H,baseline,778.0,721.4,827.0
2026-05-03,cumulative,all subpops,Age 4,new_H,baseline,778.0,721.4,827.0
2026-05-04,cumulative,all subpops,Age 4,new_H,baseline,778.0,721.4,827.0
2026-05-05,cumulative,all subpops,Age 4,new_H,baseline,778.0,721.4,827.0
2026-05-06,cumulative,all subpops,Age 4,new_H,baseline,778.0,721.4,827.0
2026-05-07,cumulative,all subpops,Age 4,new_H,baseline,778.0,721.4,827.0
2026-05-08,cumulative,all subpops,Age 4,new_H,baseline,778.0,722.1,827.0
2025-09-01,daily,all subpops,Age 5,new_H,baseline,0.0,0.0,0.0
2025-09-02,daily,all subpops,Age 5,new_H,baseline,0.0,0.0,0.0
2025-09-03,daily,all subpops,Age 5,new_H,baseline,0.0,0.0,0.0
2025-09-04,daily,all subpops,Age 5,new_H,baseline,0.0,0.0,0.0
2025-09-05,daily,all subpops,Age 5,new_H,baseline,0.0,0.0,0.0
2025-09-06,daily,all subpops,Age 5,new_H,baseline,0.0,0.0,1.0
2025-09-07,daily,all subpops,Age 5,new_H,baseline,0.0,0.0,0.0
2025-09-08,daily,all subpops,Age 5,new_H,baseline,0.0,0.0,0.0
2025-09-09,daily,all subpops,Age 5,new_H,baseline,0.0,0.0,0.0
2025-09-10,daily,all subpops,Age 5,new_H,baseline,0.0,0.0,0.0
2025-09-11,daily,all subpops,Age 5,new_H,baseline,0.0,0.0,0.0
2025-09-12,daily,all subpops,Age 5,new_H,baseline,0.0,0.0,0.0
2025-09-13,daily,all subpops,Age 5,new_H,baseline,0.0,0.0,1.0
2025-09-14,daily,all subpops,Age 5,new_H,baseline,0.0,0.0,0.0
2025-09-15,daily,all subpops,Age 5,new_H,baseline,0.0,0.0,1.0
2025-09-16,daily,all subpops,Age 5,new_H,baseline,0.0,0.0,1.0
2025-09-17,daily,all subpops,Age 5,new_H,baseline,0.0,0.0,1.0
2025-09-18,daily,all subpops,Age 5,new_H,baseline,0.0,0.0,1.0
2025-09-19,daily,all subpops,Age 5,new_H,baseline,0.0,0.0,1.0
2025-09-20,daily,all subpops,Age 5,new_H,baseline,0.0,0.0,1.0
2025-09-21,daily,all subpops,Age 5,new_H,baseline,0.0,0.0,1.0
2025-09-22,daily,all subpops,Age 5,new_H,baseline,0.0,0.0,1.0
2025-09-23,daily,all subpops,Age 5,new_H,baseline,0.0,0.0,1.0
2025-09-24,daily,all subpops,Age 5,new_H,baseline,0.0,0.0,1.0
2025-09-25,daily,all subpops,Age 5,new_H,baseline,0.0,0.0,1.0
2025-09-26,daily,all subpops,Age 5,new_H,baseline,0.0,0.0,1.0
2025-09-27,daily,all subpops,Age 5,new_H,baseline,0.0,0.0,1.0
2025-09-28,daily,all subpops,Age 5,new_H,baseline,0.0,0.0,1.0
2025-09-29,daily,all subpops,Age 5,new_H,baseline,0.0,0.0,1.0
2025-09-30,daily,all subpops,Age 5,new_H,baseline,0.0,0.0,1.0
2025-10-01,daily,all subpops,Age 5,new_H,baseline,0.0,0.0,1.0
2025-10-02,daily,all subpops,Age 5,new_H,baseline,0.0,0.0,1.0
2025-10-03,daily,all subpops,Age 5,new_H,baseline,0.0,0.0,1.0
2025-10-04,daily,all subpops,Age 5,new_H,baseline,0.0,0.0,1.0
2025-10-05,daily,all subpops,Age 5,new_H,baseline,0.0,0.0,1.0
2025-10-06,daily,all subpops,Age 5,new_H,baseline,0.0,0.0,1.0
2025-10-07,daily,all subpops,Age 5,new_H,baseline,0.0,0.0,1.0
2025-10-08,daily,all subpops,Age 5,new_H,baseline,0.0,0.0,1.0
2025-10-09,daily,all subpops,Age 5,new_H,baseline,0.0,0.0,1.0
2025-10-10,daily,all subpops,Age 5,new_H,baseline,0.0,0.0,1.0
2025-10-11,daily,all subpops,Age 5,new_H,baseline,0.0,0.0,2.0
2025-10-12,daily,all subpops,Age 5,new_H,baseline,0.0,0.0,1.0
2025-10-13,daily,all subpops,Age 5,new_H,baseline,0.0,0.0,1.0
2025-10-14,daily,all subpops,Age 5,new_H,baseline,0.0,0.0,1.0
2025-10-15,daily,all subpops,Age 5,new_H,baseline,0.0,0.0,2.0
2025-10-16,daily,all subpops,Age 5,new_H,baseline,0.0,0.0,2.0
2025-10-17,daily,all subpops,Age 5,new_H,baseline,0.0,0.0,2.0
2025-10-18,daily,all subpops,Age 5,new_H,baseline,0.0,0.0,2.0
2025-10-19,daily,all subpops,Age 5,new_H,baseline,0.0,0.0,2.0
2025-10-20,daily,all subpops,Age 5,new_H,baseline,0.0,0.0,2.0
2025-10-21,daily,all subpops,Age 5,new_H,baseline,0.0,0.0,2.0
2025-10-22,daily,all subpops,Age 5,new_H,baseline,0.0,0.0,2.0
2025-10-23,daily,all subpops,Age 5,new_H,baseline,0.0,0.0,2.0
2025-10-24,daily,all subpops,Age 5,new_H,baseline,0.0,0.0,2.0
2025-10-25,daily,all subpops,Age 5,new_H,baseline,0.0,0.0,2.0
2025-10-26,daily,all subpops,Age 5,new_H,baseline,0.0,0.0,2.0
2025-10-27,daily,all subpops,Age 5,new_H,baseline,0.0,0.0,2.3000000000000114
2025-10-28,daily,all subpops,Age 5,new_H,baseline,1.0,0.0,2.0
2025-10-29,daily,all subpops,Age 5,new_H,baseline,0.0,0.0,2.0
2025-10-30,daily,all subpops,Age 5,new_H,baseline,1.0,0.0,3.0
2025-10-31,daily,all subpops,Age 5,new_H,baseline,1.0,0.0,3.0
2025-11-01,daily,all subpops,Age 5,new_H,baseline,1.0,0.0,3.0
2025-11-02,daily,all subpops,Age 5,new_H,baseline,1.0,0.0,3.0
2025-11-03,daily,all subpops,Age 5,new_H,baseline,1.0,0.0,4.0
2025-11-04,daily,all subpops,Age 5,new_H,baseline,1.0,0.0,3.0
2025-11-05,daily,all subpops,Age 5,new_H,baseline,1.0,0.0,3.0
2025-11-06,daily,all subpops,Age 5,new_H,baseline,1.0,0.0,4.0
2025-11-07,daily,all subpops,Age 5,new_H,baseline,1.0,0.0,4.0
2025-11-08,daily,all subpops,Age 5,new_H,baseline,1.0,0.0,4.0
2025-11-09,daily,all subpops,Age 5,new_H,baseline,1.0,0.0,5.0
2025-11-10,daily,all subpops,Age 5,new_H,baseline,1.0,0.0,4.0
2025-11-11,daily,all subpops,Age 5,new_H,baseline,1.0,0.0,5.0
2025-11-12,daily,all subpops,Age 5,new_H,baseline,2.0,0.0,4.0
2025-11-13,daily,all subpops,Age 5,new_H,baseline,2.0,0.0,5.0
2025-11-14,daily,all subpops,Age 5,new_H,baseline,2.0,0.0,5.0
2025-11-15,daily,all subpops,Age 5,new_H,baseline,2.0,0.0,6.0
2025-11-16,daily,all subpops,Age 5,new_H,baseline,2.0,0.0,5.300000000000011
2025-11-17,daily,all subpops,Age 5,new_H,baseline,2.0,0.0,6.0
2025-11-18,daily,all subpops,Age 5,new_H,baseline,2.0,0.0,6.0
2025-11-19,daily,all subpops,Age 5,new_H,baseline,2.0,0.0,6.0
2025-11-20,daily,all subpops,Age 5,new_H,baseline,3.0,0.0,7.0
2025-11-21,daily,all subpops,Age 5,new_H,baseline,3.0,0.0,8.0
2025-11-22,daily,all subpops,Age 5,new_H,baseline,3.0,0.0,8.0
2025-11-23,daily,all subpops,Age 5,new_H,baseline,4.0,1.0,8.0
2025-11-24,daily,all subpops,Age 5,new_H,baseline,3.0,0.0,8.0
2025-11-25,daily,all subpops,Age 5,new_H,baseline,4.0,1.0,8.0
2025-11-26,daily,all subpops,Age 5,new_H,baseline,4.0,0.0,9.0
2025-11-27,daily,all subpops,Age 5,new_H,baseline,4.0,1.0,9.300000000000011
2025-11-28,daily,all subpops,Age 5,new_H,baseline,5.0,1.0,10.0
2025-11-29,daily,all subpops,Age 5,new_H,baseline,5.0,1.0,9.0
2025-11-30,daily,all subpops,Age 5,new_H,baseline,5.0,1.0,10.0
2025-12-01,daily,all subpops,Age 5,new_H,baseline,5.0,1.0,10.0
2025-12-02,daily,all subpops,Age 5,new_H,baseline,5.0,1.0,10.0
2025-12-03,daily,all subpops,Age 5,new_H,baseline,5.0,1.0,11.0
2025-12-04,daily,all subpops,Age 5,new_H,baseline,6.0,1.0,12.0
2025-12-05,daily,all subpops,Age 5,new_H,baseline,6.0,2.0,11.0
2025-12-06,daily,all subpops,Age 5,new_H,baseline,6.0,2.0,12.300000000000011
2025-12-07,daily,all subpops,Age 5,new_H,baseline,7.0,3.0,13.0
2025-12-08,daily,all subpops,Age 5,new_H,baseline,6.0,2.0,12.0
2025-12-09,daily,all subpops,Age 5,new_H,baseline,7.0,2.700000000000001,12.0
2025-12-10,daily,all subpops,Age 5,new_H,baseline,7.0,3.0,14.0
2025-12-11,daily,all subpops,Age 5,new_H,baseline,8.0,3.0,14.0
2025-12-12,daily,all subpops,Age 5,new_H,baseline,9.0,4.0,16.0
2025-12-13,daily,all subpops,Age 5,new_H,baseline,9.0,4.0,15.300000000000011
2025-12-14,daily,all subpops,Age 5,new_H,baseline,9.0,4.0,16.0
2025-12-15,daily,all subpops,Age 5,new_H,baseline,9.0,4.0,15.0
2025-12-16,daily,all subpops,Age 5,new_H,baseline,9.0,4.0,16.0
2025-12-17,daily,all subpops,Age 5,new_H,baseline,10.0,4.0,17.0
2025-12-18,daily,all subpops,Age 5,new_H,baseline,11.0,4.700000000000001,18.0
2025-12-19,daily,all subpops,Age 5,new_H,baseline,11.0,5.0,19.0
2025-12-20,daily,all subpops,Age 5,new_H,baseline,12.0,6.0,19.0
2025-12-21,daily,all subpops,Age 5,new_H,baseline,12.0,5.700000000000001,19.30000000000001
2025-12-22,daily,all subpops,Age 5,new_H,baseline,12.0,5.0,19.30000000000001
2025-12-23,daily,all subpops,Age 5,new_H,baseline,11.0,6.0,19.30000000000001
2025-12-24,daily,all subpops,Age 5,new_H,baseline,12.0,6.0,18.0
2025-12-25,daily,all subpops,Age 5,new_H,baseline,12.0,6.0,20.0
2025-12-26,daily,all subpops,Age 5,new_H,baseline,12.0,6.0,20.30000000000001
2025-12-27,daily,all subpops,Age 5,new_H,baseline,12.0,6.0,19.0
2025-12-28,daily,all subpops,Age 5,new_H,baseline,12.0,5.700000000000001,19.0
2025-12-29,daily,all subpops,Age 5,new_H,baseline,11.0,4.0,19.0
2025-12-30,daily,all subpops,Age 5,new_H,baseline,11.0,5.0,18.0
2025-12-31,daily,all subpops,Age 5,new_H,baseline,11.0,5.0,17.0
2026-01-01,daily,all subpops,Age 5,new_H,baseline,11.0,4.700000000000001,18.0
2026-01-02,daily,all subpops,Age 5,new_H,baseline,11.0,4.700000000000001,18.0
2026-01-03,daily,all subpops,Age 5,new_H,baseline,10.0,5.0,17.0
2026-01-04,daily,all subpops,Age 5,new_H,baseline,9.0,4.0,16.0
2026-01-05,daily,all subpops,Age 5,new_H,baseline,9.0,4.0,15.0
2026-01-06,daily,all subpops,Age 5,new_H,baseline,8.0,3.0,15.300000000000011
2026-01-07,daily,all subpops,Age 5,new_H,baseline,9.0,3.0,14.0
2026-01-08,daily,all subpops,Age 5,new_H,baseline,8.0,3.0,14.300000000000011
2026-01-09,daily,all subpops,Age 5,new_H,baseline,9.0,3.700000000000001,15.0
2026-01-10,daily,all subpops,Age 5,new_H,baseline,8.0,3.700000000000001,15.0
2026-01-11,daily,all subpops,Age 5,new_H,baseline,8.0,3.0,14.0
2026-01-12,daily,all subpops,Age 5,new_H,baseline,7.0,3.0,14.0
2026-01-13,daily,all subpops,Age 5,new_H,baseline,7.0,3.0,13.0
2026-01-14,daily,all subpops,Age 5,new_H,baseline,7.0,3.0,13.0
2026-01-15,daily,all subpops,Age 5,new_H,baseline,8.0,3.0,14.0
2026-01-16,daily,all subpops,Age 5,new_H,baseline,8.0,3.0,14.0
2026-01-17,daily,all subpops,Age 5,new_H,baseline,8.0,3.0,15.0
2026-01-18,daily,all subpops,Age 5,new_H,baseline,8.0,3.0,13.0
2026-01-19,daily,all subpops,Age 5,new_H,baseline,7.0,3.0,12.0
2026-01-20,daily,all subpops,Age 5,new_H,baseline,6.0,2.0,12.0
2026-01-21,daily,all subpops,Age 5,new_H,baseline,6.0,2.0,13.0
2026-01-22,daily,all subpops,Age 5,new_H,baseline,7.0,2.0,12.300000000000011
2026-01-23,daily,all subpops,Age 5,new_H,baseline,7.0,2.0,13.0
2026-01-24,daily,all subpops,Age 5,new_H,baseline,7.0,2.700000000000001,12.0
2026-01-25,daily,all subpops,Age 5,new_H,baseline,7.0,2.0,13.0
2026-01-26,daily,all subpops,Age 5,new_H,baseline,6.0,2.0,12.0
2026-01-27,daily,all subpops,Age 5,new_H,baseline,6.0,2.0,12.0
2026-01-28,daily,all subpops,Age 5,new_H,baseline,6.0,2.0,11.300000000000011
2026-01-29,daily,all subpops,Age 5,new_H,baseline,6.0,2.0,12.0
2026-01-30,daily,all subpops,Age 5,new_H,baseline,6.0,2.0,11.0
2026-01-31,daily,all subpops,Age 5,new_H,baseline,6.0,2.0,12.0
2026-02-01,daily,all subpops,Age 5,new_H,baseline,6.0,2.0,12.0
2026-02-02,daily,all subpops,Age 5,new_H,baseline,6.0,2.0,11.0
2026-02-03,daily,all subpops,Age 5,new_H,baseline,5.0,1.0,11.0
2026-02-04,daily,all subpops,Age 5,new_H,baseline,5.0,2.0,11.0
2026-02-05,daily,all subpops,Age 5,new_H,baseline,5.0,2.0,10.300000000000011
2026-02-06,daily,all subpops,Age 5,new_H,baseline,6.0,2.0,11.0
2026-02-07,daily,all subpops,Age 5,new_H,baseline,5.0,1.700000000000001,10.0
2026-02-08,daily,all subpops,Age 5,new_H,baseline,5.0,1.0,10.0
2026-02-09,daily,all subpops,Age 5,new_H,baseline,5.0,1.0,10.0
2026-02-10,daily,all subpops,Age 5,new_H,baseline,5.0,1.0,10.0
2026-02-11,daily,all subpops,Age 5,new_H,baseline,5.0,1.0,10.0
2026-02-12,daily,all subpops,Age 5,new_H,baseline,5.0,1.0,10.0
2026-02-13,daily,all subpops,Age 5,new_H,baseline,5.0,1.0,10.0
2026-02-14,daily,all subpops,Age 5,new_H,baseline,5.0,1.0,10.0
2026-02-15,daily,all subpops,Age 5,new_H,baseline,4.0,1.0,9.0
2026-02-16,daily,all subpops,Age 5,new_H,baseline,4.0,1.0,9.0
2026-02-17,daily,all subpops,Age 5,new_H,baseline,4.0,0.0,9.0
2026-02-18,daily,all subpops,Age 5,new_H,baseline,4.0,0.0,8.0
2026-02-19,daily,all subpops,Age 5,new_H,baseline,4.0,0.0,8.0
2026-02-20,daily,all subpops,Age 5,new_H,baseline,3.0,1.0,8.0
2026-02-21,daily,all subpops,Age 5,new_H,baseline,3.0,0.0,8.0
2026-02-22,daily,all subpops,Age 5,new_H,baseline,3.0,0.0,7.0
2026-02-23,daily,all subpops,Age 5,new_H,baseline,3.0,0.0,7.0
2026-02-24,daily,all subpops,Age 5,new_H,baseline,3.0,0.0,7.0
2026-02-25,daily,all subpops,Age 5,new_H,baseline,3.0,0.0,6.0
2026-02-26,daily,all subpops,Age 5,new_H,baseline,3.0,0.0,7.0
2026-02-27,daily,all subpops,Age 5,new_H,baseline,2.0,0.0,6.0
2026-02-28,daily,all subpops,Age 5,new_H,baseline,2.0,0.0,6.0
2026-03-01,daily,all subpops,Age 5,new_H,baseline,2.0,0.0,6.0
2026-03-02,daily,all subpops,Age 5,new_H,baseline,2.0,0.0,6.0
2026-03-03,daily,all subpops,Age 5,new_H,baseline,2.0,0.0,5.0
2026-03-04,daily,all subpops,Age 5,new_H,baseline,2.0,0.0,5.0
2026-03-05,daily,all subpops,Age 5,new_H,baseline,2.0,0.0,5.0
2026-03-06,daily,all subpops,Age 5,new_H,baseline,2.0,0.0,5.0
2026-03-07,daily,all subpops,Age 5,new_H,baseline,2.0,0.0,5.0
2026-03-08,daily,all subpops,Age 5,new_H,baseline,2.0,0.0,4.0
2026-03-09,daily,all subpops,Age 5,new_H,baseline,1.0,0.0,4.0
2026-03-10,daily,all subpops,Age 5,new_H,baseline,1.0,0.0,4.0
2026-03-11,daily,all subpops,Age 5,new_H,baseline,1.0,0.0,4.0
2026-03-12,daily,all subpops,Age 5,new_H,baseline,1.0,0.0,4.0
2026-03-13,daily,all subpops,Age 5,new_H,baseline,1.0,0.0,4.0
2026-03-14,daily,all subpops,Age 5,new_H,baseline,1.0,0.0,4.0
2026-03-15,daily,all subpops,Age 5,new_H,baseline,1.0,0.0,4.0
2026-03-16,daily,all subpops,Age 5,new_H,baseline,1.0,0.0,3.0
2026-03-17,daily,all subpops,Age 5,new_H,baseline,1.0,0.0,3.0
2026-03-18,daily,all subpops,Age 5,new_H,baseline,1.0,0.0,4.0
2026-03-19,daily,all subpops,Age 5,new_H,baseline,1.0,0.0,3.0
2026-03-20,daily,all subpops,Age 5,new_H,baseline,1.0,0.0,3.0
2026-03-21,daily,all subpops,Age 5,new_H,baseline,1.0,0.0,3.3000000000000114
2026-03-22,daily,all subpops,Age 5,new_H,baseline,1.0,0.0,3.0
2026-03-23,daily,all subpops,Age 5,new_H,baseline,1.0,0.0,3.0
2026-03-24,daily,all subpops,Age 5,new_H,baseline,1.0,0.0,3.0
2026-03-25,daily,all subpops,Age 5,new_H,baseline,1.0,0.0,3.0
2026-03-26,daily,all subpops,Age 5,new_H,baseline,1.0,0.0,3.0
2026-03-27,daily,all subpops,Age 5,new_H,baseline,1.0,0.0,3.0
2026-03-28,daily,all subpops,Age 5,new_H,baseline,1.0,0.0,2.0
2026-03-29,daily,all subpops,Age 5,new_H,baseline,0.0,0.0,3.0
2026-03-30,daily,all subpops,Age 5,new_H,baseline,0.0,0.0,2.0
2026-03-31,daily,all subpops,Age 5,new_H,baseline,0.0,0.0,2.0
2026-04-01,daily,all subpops,Age 5,new_H,baseline,0.0,0.0,2.0
2026-04-02,daily,all subpops,Age 5,new_H,baseline,0.0,0.0,2.0
2026-04-03,daily,all subpops,Age 5,new_H,baseline,0.0,0.0,2.0
2026-04-04,daily,all subpops,Age 5,new_H,baseline,0.0,0.0,2.0
2026-04-05,daily,all subpops,Age 5,new_H,baseline,0.0,0.0,2.0
2026-04-06,daily,all subpops,Age 5,new_H,baseline,0.0,0.0,2.0
2026-04-07,daily,all subpops,Age 5,new_H,baseline,0.0,0.0,2.0
2026-04-08,daily,all subpops,Age 5,new_H,baseline,0.0,0.0,2.0
2026-04-09,daily,all subpops,Age 5,new_H,baseline,0.0,0.0,2.0
2026-04-10,daily,all subpops,Age 5,new_H,baseline,0.0,0.0,2.0
2026-04-11,daily,all subpops,Age 5,new_H,baseline,0.0,0.0,2.0
2026-04-12,daily,all subpops,Age 5,new_H,baseline,0.0,0.0,2.0
2026-04-13,daily,all subpops,Age 5,new_H,baseline,0.0,0.0,2.0
2026-04-14,daily,all subpops,Age 5,new_H,baseline,0.0,0.0,2.0
2026-04-15,daily,all subpops,Age 5,new_H,baseline,0.0,0.0,1.3000000000000114
2026-04-16,daily,all subpops,Age 5,new_H,baseline,0.0,0.0,1.0
2026-04-17,daily,all subpops,Age 5,new_H,baseline,0.0,0.0,2.0
2026-04-18,daily,all subpops,Age 5,new_H,baseline,0.0,0.0,2.0
2026-04-19,daily,all subpops,Age 5,new_H,baseline,0.0,0.0,1.0
2026-04-20,daily,all subpops,Age 5,new_H,baseline,0.0,0.0,1.0
2026-04-21,daily,all subpops,Age 5,new_H,baseline,0.0,0.0,1.0
2026-04-22,daily,all subpops,Age 5,new_H,baseline,0.0,0.0,1.0
2026-04-23,daily,all subpops,Age 5,new_H,baseline,0.0,0.0,1.0
2026-04-24,daily,all subpops,Age 5,new_H,baseline,0.0,0.0,1.0
2026-04-25,daily,all subpops,Age 5,new_H,baseline,0.0,0.0,1.0
2026-04-26,daily,all subpops,Age 5,new_H,baseline,0.0,0.0,1.0
2026-04-27,daily,all subpops,Age 5,new_H,baseline,0.0,0.0,1.0
2026-04-28,daily,all subpops,Age 5,new_H,baseline,0.0,0.0,1.0
2026-04-29,daily,all subpops,Age 5,new_H,baseline,0.0,0.0,1.0
2026-04-30,daily,all subpops,Age 5,new_H,baseline,0.0,0.0,1.0
2026-05-01,daily,all subpops,Age 5,new_H,baseline,0.0,0.0,1.0
2026-05-02,daily,all subpops,Age 5,new_H,baseline,0.0,0.0,1.0
2026-05-03,daily,all subpops,Age 5,new_H,baseline,0.0,0.0,1.0
2026-05-04,daily,all subpops,Age 5,new_H,baseline,0.0,0.0,1.0
2026-05-05,daily,all subpops,Age 5,new_H,baseline,0.0,0.0,1.0
2026-05-06,daily,all subpops,Age 5,new_H,baseline,0.0,0.0,1.0
2026-05-07,daily,all subpops,Age 5,new_H,baseline,0.0,0.0,1.0
2026-05-08,daily,all subpops,Age 5,new_H,baseline,0.0,0.0,1.0
2025-09-01,cumulative,all subpops,Age 5,new_H,baseline,0.0,0.0,0.0
2025-09-02,cumulative,all subpops,Age 5,new_H,baseline,0.0,0.0,0.0
2025-09-03,cumulative,all subpops,Age 5,new_H,baseline,0.0,0.0,1.0
2025-09-04,cumulative,all subpops,Age 5,new_H,baseline,0.0,0.0,1.0
2025-09-05,cumulative,all subpops,Age 5,new_H,baseline,0.0,0.0,1.0
2025-09-06,cumulative,all subpops,Age 5,new_H,baseline,0.0,0.0,1.0
2025-09-07,cumulative,all subpops,Age 5,new_H,baseline,0.0,0.0,1.0
2025-09-08,cumulative,all subpops,Age 5,new_H,baseline,0.0,0.0,1.0
2025-09-09,cumulative,all subpops,Age 5,new_H,baseline,0.0,0.0,1.0
2025-09-10,cumulative,all subpops,Age 5,new_H,baseline,0.0,0.0,1.0
2025-09-11,cumulative,all subpops,Age 5,new_H,baseline,0.0,0.0,1.0
2025-09-12,cumulative,all subpops,Age 5,new_H,baseline,0.0,0.0,1.0
2025-09-13,cumulative,all subpops,Age 5,new_H,baseline,0.0,0.0,1.3000000000000114
2025-09-14,cumulative,all subpops,Age 5,new_H,baseline,0.0,0.0,1.3000000000000114
2025-09-15,cumulative,all subpops,Age 5,new_H,baseline,0.0,0.0,2.0
2025-09-16,cumulative,all subpops,Age 5,new_H,baseline,0.0,0.0,2.0
2025-09-17,cumulative,all subpops,Age 5,new_H,baseline,0.0,0.0,2.0
2025-09-18,cumulative,all subpops,Age 5,new_H,baseline,0.0,0.0,2.0
2025-09-19,cumulative,all subpops,Age 5,new_H,baseline,0.0,0.0,2.3000000000000114
2025-09-20,cumulative,all subpops,Age 5,new_H,baseline,0.0,0.0,3.0
2025-09-21,cumulative,all subpops,Age 5,new_H,baseline,0.0,0.0,3.0
2025-09-22,cumulative,all subpops,Age 5,new_H,baseline,0.0,0.0,3.0
2025-09-23,cumulative,all subpops,Age 5,new_H,baseline,1.0,0.0,3.0
2025-09-24,cumulative,all subpops,Age 5,new_H,baseline,1.0,0.0,3.0
2025-09-25,cumulative,all subpops,Age 5,new_H,baseline,1.0,0.0,3.0
2025-09-26,cumulative,all subpops,Age 5,new_H,baseline,1.0,0.0,3.3000000000000114
2025-09-27,cumulative,all subpops,Age 5,new_H,baseline,1.0,0.0,4.0
2025-09-28,cumulative,all subpops,Age 5,new_H,baseline,1.0,0.0,4.0
2025-09-29,cumulative,all subpops,Age 5,new_H,baseline,1.0,0.0,4.0
2025-09-30,cumulative,all subpops,Age 5,new_H,baseline,1.0,0.0,4.0
2025-10-01,cumulative,all subpops,Age 5,new_H,baseline,1.0,0.0,4.0
2025-10-02,cumulative,all subpops,Age 5,new_H,baseline,1.0,0.0,4.300000000000011
2025-10-03,cumulative,all subpops,Age 5,new_H,baseline,1.0,0.0,5.0
2025-10-04,cumulative,all subpops,Age 5,new_H,baseline,2.0,0.0,5.0
2025-10-05,cumulative,all subpops,Age 5,new_H,baseline,2.0,0.0,5.0
2025-10-06,cumulative,all subpops,Age 5,new_H,baseline,2.0,0.0,5.0
2025-10-07,cumulative,all subpops,Age 5,new_H,baseline,2.0,0.0,6.0
2025-10-08,cumulative,all subpops,Age 5,new_H,baseline,2.0,0.0,6.0
2025-10-09,cumulative,all subpops,Age 5,new_H,baseline,2.0,0.0,6.0
2025-10-10,cumulative,all subpops,Age 5,new_H,baseline,3.0,0.0,7.0
2025-10-11,cumulative,all subpops,Age 5,new_H,baseline,3.0,0.0,7.0
2025-10-12,cumulative,all subpops,Age 5,new_H,baseline,3.0,0.0,7.0
2025-10-13,cumulative,all subpops,Age 5,new_H,baseline,3.0,0.0,8.0
2025-10-14,cumulative,all subpops,Age 5,new_H,baseline,3.0,1.0,8.0
2025-10-15,cumulative,all subpops,Age 5,new_H,baseline,4.0,1.0,8.0
2025-10-16,cumulative,all subpops,Age 5,new_H,baseline,4.0,1.0,8.300000000000011
2025-10-17,cumulative,all subpops,Age 5,new_H,baseline,4.0,1.0,9.0
2025-10-18,cumulative,all subpops,Age 5,new_H,baseline,4.0,1.0,10.0
2025-10-19,cumulative,all subpops,Age 5,new_H,baseline,5.0,1.0,10.300000000000011
2025-10-20,cumulative,all subpops,Age 5,new_H,baseline,5.0,1.0,11.0
2025-10-21,cumulative,all subpops,Age 5,new_H,baseline,5.0,2.0,11.0
2025-10-22,cumulative,all subpops,Age 5,new_H,baseline,6.0,2.0,11.300000000000011
2025-10-23,cumulative,all subpops,Age 5,new_H,baseline,6.0,2.0,12.0
2025-10-24,cumulative,all subpops,Age 5,new_H,baseline,7.0,2.0,13.0
2025-10-25,cumulative,all subpops,Age 5,new_H,baseline,7.0,3.0,14.0
2025-10-26,cumulative,all subpops,Age 5,new_H,baseline,8.0,3.0,14.0
2025-10-27,cumulative,all subpops,Age 5,new_H,baseline,9.0,3.0,15.0
2025-10-28,cumulative,all subpops,Age 5,new_H,baseline,9.0,4.0,16.0
2025-10-29,cumulative,all subpops,Age 5,new_H,baseline,10.0,4.0,17.0
2025-10-30,cumulative,all subpops,Age 5,new_H,baseline,11.0,4.700000000000001,18.0
2025-10-31,cumulative,all subpops,Age 5,new_H,baseline,12.0,5.0,20.30000000000001
2025-11-01,cumulative,all subpops,Age 5,new_H,baseline,13.0,6.0,21.30000000000001
2025-11-02,cumulative,all subpops,Age 5,new_H,baseline,13.0,7.0,22.30000000000001
2025-11-03,cumulative,all subpops,Age 5,new_H,baseline,14.0,7.0,24.0
2025-11-04,cumulative,all subpops,Age 5,new_H,baseline,15.0,8.0,25.0
2025-11-05,cumulative,all subpops,Age 5,new_H,baseline,16.0,8.700000000000001,27.0
2025-11-06,cumulative,all subpops,Age 5,new_H,baseline,18.0,10.0,28.30000000000001
2025-11-07,cumulative,all subpops,Age 5,new_H,baseline,19.0,11.0,30.0
2025-11-08,cumulative,all subpops,Age 5,new_H,baseline,20.0,12.0,33.0
2025-11-09,cumulative,all subpops,Age 5,new_H,baseline,22.0,13.0,34.0
2025-11-10,cumulative,all subpops,Age 5,new_H,baseline,23.0,14.0,37.30000000000001
2025-11-11,cumulative,all subpops,Age 5,new_H,baseline,25.0,16.0,39.0
2025-11-12,cumulative,all subpops,Age 5,new_H,baseline,27.0,17.0,41.0
2025-11-13,cumulative,all subpops,Age 5,new_H,baseline,29.0,18.0,44.0
2025-11-14,cumulative,all subpops,Age 5,new_H,baseline,31.0,20.0,47.0
2025-11-15,cumulative,all subpops,Age 5,new_H,baseline,33.0,21.0,50.30000000000001
2025-11-16,cumulative,all subpops,Age 5,new_H,baseline,36.0,22.0,53.0
2025-11-17,cumulative,all subpops,Age 5,new_H,baseline,38.0,24.0,55.0
2025-11-18,cumulative,all subpops,Age 5,new_H,baseline,40.0,26.0,58.30000000000001
2025-11-19,cumulative,all subpops,Age 5,new_H,baseline,43.0,28.0,62.0
2025-11-20,cumulative,all subpops,Age 5,new_H,baseline,46.0,31.0,66.0
2025-11-21,cumulative,all subpops,Age 5,new_H,baseline,50.0,33.0,71.0
2025-11-22,cumulative,all subpops,Age 5,new_H,baseline,54.0,36.0,76.30000000000001
2025-11-23,cumulative,all subpops,Age 5,new_H,baseline,57.0,38.0,81.0
2025-11-24,cumulative,all subpops,Age 5,new_H,baseline,61.0,40.7,84.30000000000001
2025-11-25,cumulative,all subpops,Age 5,new_H,baseline,65.0,44.0,90.0
2025-11-26,cumulative,all subpops,Age 5,new_H,baseline,69.0,46.7,93.30000000000001
2025-11-27,cumulative,all subpops,Age 5,new_H,baseline,74.0,49.7,101.0
2025-11-28,cumulative,all subpops,Age 5,new_H,baseline,79.0,52.7,106.0
2025-11-29,cumulative,all subpops,Age 5,new_H,baseline,84.0,56.400000000000006,112.0
2025-11-30,cumulative,all subpops,Age 5,new_H,baseline,89.0,61.0,118.0
2025-12-01,cumulative,all subpops,Age 5,new_H,baseline,94.0,64.7,124.0
2025-12-02,cumulative,all subpops,Age 5,new_H,baseline,98.0,68.0,131.0
2025-12-03,cumulative,all subpops,Age 5,new_H,baseline,104.0,74.0,137.0
2025-12-04,cumulative,all subpops,Age 5,new_H,baseline,110.0,78.0,146.3
2025-12-05,cumulative,all subpops,Age 5,new_H,baseline,115.0,83.7,153.0
2025-12-06,cumulative,all subpops,Age 5,new_H,baseline,121.0,88.0,160.3
2025-12-07,cumulative,all subpops,Age 5,new_H,baseline,128.0,92.7,169.0
2025-12-08,cumulative,all subpops,Age 5,new_H,baseline,135.0,97.0,178.0
2025-12-09,cumulative,all subpops,Age 5,new_H,baseline,141.0,103.0,186.3
2025-12-10,cumulative,all subpops,Age 5,new_H,baseline,149.0,109.7,195.0
2025-12-11,cumulative,all subpops,Age 5,new_H,baseline,157.0,116.7,205.3
2025-12-12,cumulative,all subpops,Age 5,new_H,baseline,166.0,123.0,217.3
2025-12-13,cumulative,all subpops,Age 5,new_H,baseline,175.0,133.0,226.60000000000002
2025-12-14,cumulative,all subpops,Age 5,new_H,baseline,184.0,141.0,238.0
2025-12-15,cumulative,all subpops,Age 5,new_H,baseline,194.0,149.0,250.0
2025-12-16,cumulative,all subpops,Age 5,new_H,baseline,204.0,155.7,263.0
2025-12-17,cumulative,all subpops,Age 5,new_H,baseline,213.0,164.7,276.3
2025-12-18,cumulative,all subpops,Age 5,new_H,baseline,223.0,172.7,287.20000000000005
2025-12-19,cumulative,all subpops,Age 5,new_H,baseline,235.0,183.0,300.3
2025-12-20,cumulative,all subpops,Age 5,new_H,baseline,247.0,192.0,312.6
2025-12-21,cumulative,all subpops,Age 5,new_H,baseline,259.0,202.7,323.3
2025-12-22,cumulative,all subpops,Age 5,new_H,baseline,271.0,212.7,339.0
2025-12-23,cumulative,all subpops,Age 5,new_H,baseline,283.0,226.4,351.3
2025-12-24,cumulative,all subpops,Age 5,new_H,baseline,295.0,235.7,363.3
2025-12-25,cumulative,all subpops,Age 5,new_H,baseline,307.0,243.7,376.0
2025-12-26,cumulative,all subpops,Age 5,new_H,baseline,319.0,255.0,388.6
2025-12-27,cumulative,all subpops,Age 5,new_H,baseline,332.0,268.7,401.6
2025-12-28,cumulative,all subpops,Age 5,new_H,baseline,343.0,280.7,413.3
2025-12-29,cumulative,all subpops,Age 5,new_H,baseline,354.0,291.7,425.3
2025-12-30,cumulative,all subpops,Age 5,new_H,baseline,364.0,300.7,436.6
2025-12-31,cumulative,all subpops,Age 5,new_H,baseline,375.0,310.0,449.6
2026-01-01,cumulative,all subpops,Age 5,new_H,baseline,387.0,319.0,461.0
2026-01-02,cumulative,all subpops,Age 5,new_H,baseline,397.0,328.7,474.0
2026-01-03,cumulative,all subpops,Age 5,new_H,baseline,407.0,341.0,483.90000000000003
2026-01-04,cumulative,all subpops,Age 5,new_H,baseline,418.0,350.0,496.3
2026-01-05,cumulative,all subpops,Age 5,new_H,baseline,426.0,359.4,504.6
2026-01-06,cumulative,all subpops,Age 5,new_H,baseline,434.0,365.7,510.90000000000003
2026-01-07,cumulative,all subpops,Age 5,new_H,baseline,444.0,373.0,518.5
2026-01-08,cumulative,all subpops,Age 5,new_H,baseline,452.0,381.1,525.2
2026-01-09,cumulative,all subpops,Age 5,new_H,baseline,463.0,391.7,535.2
2026-01-10,cumulative,all subpops,Age 5,new_H,baseline,470.0,400.7,545.3
2026-01-11,cumulative,all subpops,Age 5,new_H,baseline,479.0,405.7,551.0
2026-01-12,cumulative,all subpops,Age 5,new_H,baseline,487.0,414.7,560.0
2026-01-13,cumulative,all subpops,Age 5,new_H,baseline,494.0,425.8,567.3
2026-01-14,cumulative,all subpops,Age 5,new_H,baseline,502.0,432.8,577.0
2026-01-15,cumulative,all subpops,Age 5,new_H,baseline,510.0,440.2,584.3
2026-01-16,cumulative,all subpops,Age 5,new_H,baseline,518.0,445.4,591.2
2026-01-17,cumulative,all subpops,Age 5,new_H,baseline,525.0,453.4,598.0
2026-01-18,cumulative,all subpops,Age 5,new_H,baseline,534.0,459.8,603.0
2026-01-19,cumulative,all subpops,Age 5,new_H,baseline,541.0,468.1,610.3
2026-01-20,cumulative,all subpops,Age 5,new_H,baseline,548.0,473.7,616.3
2026-01-21,cumulative,all subpops,Age 5,new_H,baseline,554.0,482.4,622.0
2026-01-22,cumulative,all subpops,Age 5,new_H,baseline,561.0,490.1,629.3
2026-01-23,cumulative,all subpops,Age 5,new_H,baseline,568.0,496.0,635.0
2026-01-24,cumulative,all subpops,Age 5,new_H,baseline,574.0,504.1,643.0
2026-01-25,cumulative,all subpops,Age 5,new_H,baseline,581.0,511.7,649.0
2026-01-26,cumulative,all subpops,Age 5,new_H,baseline,588.0,521.7,653.6
2026-01-27,cumulative,all subpops,Age 5,new_H,baseline,594.0,526.7,659.6
2026-01-28,cumulative,all subpops,Age 5,new_H,baseline,600.0,534.0,668.3
2026-01-29,cumulative,all subpops,Age 5,new_H,baseline,607.0,541.0,674.3
2026-01-30,cumulative,all subpops,Age 5,new_H,baseline,613.0,548.0,679.3
2026-01-31,cumulative,all subpops,Age 5,new_H,baseline,619.0,556.0,683.6
2026-02-01,cumulative,all subpops,Age 5,new_H,baseline,626.0,567.7,690.0
2026-02-02,cumulative,all subpops,Age 5,new_H,baseline,632.0,573.0,694.3
2026-02-03,cumulative,all subpops,Age 5,new_H,baseline,638.0,579.0,699.9000000000001
2026-02-04,cumulative,all subpops,Age 5,new_H,baseline,644.0,586.0,703.3
2026-02-05,cumulative,all subpops,Age 5,new_H,baseline,649.0,590.4,709.0
2026-02-06,cumulative,all subpops,Age 5,new_H,baseline,656.0,597.7,714.0
2026-02-07,cumulative,all subpops,Age 5,new_H,baseline,660.0,604.4,719.6
2026-02-08,cumulative,all subpops,Age 5,new_H,baseline,666.0,609.7,723.3
2026-02-09,cumulative,all subpops,Age 5,new_H,baseline,671.0,617.7,726.3
2026-02-10,cumulative,all subpops,Age 5,new_H,baseline,676.0,622.7,732.3
2026-02-11,cumulative,all subpops,Age 5,new_H,baseline,682.0,627.0,737.9000000000001
2026-02-12,cumulative,all subpops,Age 5,new_H,baseline,687.0,632.0,741.9000000000001
2026-02-13,cumulative,all subpops,Age 5,new_H,baseline,692.0,637.0,748.3
2026-02-14,cumulative,all subpops,Age 5,new_H,baseline,696.0,642.0,752.6
2026-02-15,cumulative,all subpops,Age 5,new_H,baseline,700.0,647.0,756.3
2026-02-16,cumulative,all subpops,Age 5,new_H,baseline,705.0,652.4,761.0
2026-02-17,cumulative,all subpops,Age 5,new_H,baseline,709.0,656.4,767.0
2026-02-18,cumulative,all subpops,Age 5,new_H,baseline,712.0,658.7,768.3
2026-02-19,cumulative,all subpops,Age 5,new_H,baseline,715.0,662.4,772.6
2026-02-20,cumulative,all subpops,Age 5,new_H,baseline,718.0,666.0,774.9000000000001
2026-02-21,cumulative,all subpops,Age 5,new_H,baseline,723.0,669.7,779.3
2026-02-22,cumulative,all subpops,Age 5,new_H,baseline,726.0,672.7,782.3
2026-02-23,cumulative,all subpops,Age 5,new_H,baseline,729.0,678.7,783.6
2026-02-24,cumulative,all subpops,Age 5,new_H,baseline,732.0,681.0,785.9000000000001
2026-02-25,cumulative,all subpops,Age 5,new_H,baseline,734.0,684.0,789.0
2026-02-26,cumulative,all subpops,Age 5,new_H,baseline,738.0,685.7,791.0
2026-02-27,cumulative,all subpops,Age 5,new_H,baseline,740.0,689.4,794.0
2026-02-28,cumulative,all subpops,Age 5,new_H,baseline,743.0,693.1,796.2
2026-03-01,cumulative,all subpops,Age 5,new_H,baseline,745.0,694.7,800.3
2026-03-02,cumulative,all subpops,Age 5,new_H,baseline,747.0,696.7,802.9000000000001
2026-03-03,cumulative,all subpops,Age 5,new_H,baseline,749.0,699.0,805.0
2026-03-04,cumulative,all subpops,Age 5,new_H,baseline,751.0,700.0,806.6
2026-03-05,cumulative,all subpops,Age 5,new_H,baseline,752.0,701.0,811.3
2026-03-06,cumulative,all subpops,Age 5,new_H,baseline,754.0,703.7,812.3
2026-03-07,cumulative,all subpops,Age 5,new_H,baseline,756.0,706.0,814.0
2026-03-08,cumulative,all subpops,Age 5,new_H,baseline,757.0,706.7,816.0
2026-03-09,cumulative,all subpops,Age 5,new_H,baseline,759.0,707.4,818.0
2026-03-10,cumulative,all subpops,Age 5,new_H,baseline,760.0,708.7,818.6
2026-03-11,cumulative,all subpops,Age 5,new_H,baseline,762.0,710.7,820.0
2026-03-12,cumulative,all subpops,Age 5,new_H,baseline,763.0,712.0,820.3
2026-03-13,cumulative,all subpops,Age 5,new_H,baseline,764.0,713.0,821.3
2026-03-14,cumulative,all subpops,Age 5,new_H,baseline,765.0,714.7,821.3
2026-03-15,cumulative,all subpops,Age 5,new_H,baseline,766.0,715.7,822.6
2026-03-16,cumulative,all subpops,Age 5,new_H,baseline,767.0,717.1,823.9000000000001
2026-03-17,cumulative,all subpops,Age 5,new_H,baseline,768.0,717.8,824.9000000000001
2026-03-18,cumulative,all subpops,Age 5,new_H,baseline,770.0,718.4,825.6
2026-03-19,cumulative,all subpops,Age 5,new_H,baseline,770.0,719.0,826.3
2026-03-20,cumulative,all subpops,Age 5,new_H,baseline,771.0,720.0,827.6
2026-03-21,cumulative,all subpops,Age 5,new_H,baseline,771.0,720.7,829.0
2026-03-22,cumulative,all subpops,Age 5,new_H,baseline,773.0,720.7,830.0
2026-03-23,cumulative,all subpops,Age 5,new_H,baseline,774.0,722.0,830.0
2026-03-24,cumulative,all subpops,Age 5,new_H,baseline,775.0,723.0,831.0
2026-03-25,cumulative,all subpops,Age 5,new_H,baseline,775.0,724.7,832.0
2026-03-26,cumulative,all subpops,Age 5,new_H,baseline,776.0,725.4,833.0
2026-03-27,cumulative,all subpops,Age 5,new_H,baseline,777.0,726.0,833.3
2026-03-28,cumulative,all subpops,Age 5,new_H,baseline,777.0,726.7,834.0
2026-03-29,cumulative,all subpops,Age 5,new_H,baseline,778.0,727.0,835.0
2026-03-30,cumulative,all subpops,Age 5,new_H,baseline,779.0,728.0,835.3
2026-03-31,cumulative,all subpops,Age 5,new_H,baseline,779.0,728.0,836.0
2026-04-01,cumulative,all subpops,Age 5,new_H,baseline,780.0,728.7,836.3
2026-04-02,cumulative,all subpops,Age 5,new_H,baseline,780.0,729.0,837.0
2026-04-03,cumulative,all subpops,Age 5,new_H,baseline,781.0,729.0,837.6
2026-04-04,cumulative,all subpops,Age 5,new_H,baseline,781.0,729.7,838.3
2026-04-05,cumulative,all subpops,Age 5,new_H,baseline,782.0,730.0,839.0
2026-04-06,cumulative,all subpops,Age 5,new_H,baseline,782.0,730.7,839.6
2026-04-07,cumulative,all subpops,Age 5,new_H,baseline,783.0,731.0,841.0
2026-04-08,cumulative,all subpops,Age 5,new_H,baseline,783.0,731.7,841.3
2026-04-09,cumulative,all subpops,Age 5,new_H,baseline,783.0,732.0,841.3
2026-04-10,cumulative,all subpops,Age 5,new_H,baseline,784.0,732.0,842.0
2026-04-11,cumulative,all subpops,Age 5,new_H,baseline,784.0,732.0,842.3
2026-04-12,cumulative,all subpops,Age 5,new_H,baseline,784.0,732.0,842.3
2026-04-13,cumulative,all subpops,Age 5,new_H,baseline,784.0,733.7,842.3
2026-04-14,cumulative,all subpops,Age 5,new_H,baseline,784.0,733.7,843.3
2026-04-15,cumulative,all subpops,Age 5,new_H,baseline,785.0,733.7,844.0
2026-04-16,cumulative,all subpops,Age 5,new_H,baseline,785.0,733.7,844.3
2026-04-17,cumulative,all subpops,Age 5,new_H,baseline,785.0,734.0,844.6
2026-04-18,cumulative,all subpops,Age 5,new_H,baseline,786.0,734.0,845.3
2026-04-19,cumulative,all subpops,Age 5,new_H,baseline,786.0,734.0,845.3
2026-04-20,cumulative,all subpops,Age 5,new_H,baseline,787.0,734.0,845.3
2026-04-21,cumulative,all subpops,Age 5,new_H,baseline,787.0,734.7,845.6
2026-04-22,cumulative,all subpops,Age 5,new_H,baseline,787.0,734.7,847.0
2026-04-23,cumulative,all subpops,Age 5,new_H,baseline,787.0,734.7,847.0
2026-04-24,cumulative,all subpops,Age 5,new_H,baseline,787.0,734.7,847.0
2026-04-25,cumulative,all subpops,Age 5,new_H,baseline,787.0,734.7,847.3
2026-04-26,cumulative,all subpops,Age 5,new_H,baseline,787.0,734.7,847.3
2026-04-27,cumulative,all subpops,Age 5,new_H,baseline,787.0,735.0,847.3
2026-04-28,cumulative,all subpops,Age 5,new_H,baseline,787.0,735.0,847.3
2026-04-29,cumulative,all subpops,Age 5,new_H,baseline,788.0,735.0,847.3
2026-04-30,cumulative,all subpops,Age 5,new_H,baseline,788.0,735.0,847.3
2026-05-01,cumulative,all subpops,Age 5,new_H,baseline,788.0,735.0,847.3
2026-05-02,cumulative,all subpops,Age 5,new_H,baseline,788.0,735.0,847.3
2026-05-03,cumulative,all subpops,Age 5,new_H,baseline,788.0,735.0,847.3
2026-05-04,cumulative,all subpops,Age 5,new_H,baseline,788.0,735.0,847.3
2026-05-05,cumulative,all subpops,Age 5,new_H,baseline,788.0,735.0,847.3
2026-05-06,cumulative,all subpops,Age 5,new_H,baseline,788.0,735.0,847.3
2026-05-07,cumulative,all subpops,Age 5,new_H,baseline,788.0,735.0,848.0
2026-05-08,cumulative,all subpops,Age 5,new_H,baseline,788.0,735.7,848.0
2025-09-01,daily,all subpops,Age 6,new_H,baseline,0.0,0.0,1.0
2025-09-02,daily,all subpops,Age 6,new_H,baseline,0.0,0.0,1.0
2025-09-03,daily,all subpops,Age 6,new_H,baseline,0.0,0.0,1.0
2025-09-04,daily,all subpops,Age 6,new_H,baseline,0.0,0.0,1.0
2025-09-05,daily,all subpops,Age 6,new_H,baseline,0.0,0.0,1.0
2025-09-06,daily,all subpops,Age 6,new_H,baseline,0.0,0.0,1.0
2025-09-07,daily,all subpops,Age 6,new_H,baseline,0.0,0.0,1.0
2025-09-08,daily,all subpops,Age 6,new_H,baseline,0.0,0.0,1.0
2025-09-09,daily,all subpops,Age 6,new_H,baseline,0.0,0.0,1.0
2025-09-10,daily,all subpops,Age 6,new_H,baseline,0.0,0.0,1.0
2025-09-11,daily,all subpops,Age 6,new_H,baseline,0.0,0.0,1.0
2025-09-12,daily,all subpops,Age 6,new_H,baseline,0.0,0.0,1.0
2025-09-13,daily,all subpops,Age 6,new_H,baseline,0.0,0.0,1.0
2025-09-14,daily,all subpops,Age 6,new_H,baseline,0.0,0.0,1.0
2025-09-15,daily,all subpops,Age 6,new_H,baseline,0.0,0.0,1.0
2025-09-16,daily,all subpops,Age 6,new_H,baseline,0.0,0.0,1.0
2025-09-17,daily,all subpops,Age 6,new_H,baseline,0.0,0.0,1.0
2025-09-18,daily,all subpops,Age 6,new_H,baseline,0.0,0.0,1.0
2025-09-19,daily,all subpops,Age 6,new_H,baseline,0.0,0.0,1.0
2025-09-20,daily,all subpops,Age 6,new_H,baseline,0.0,0.0,1.0
2025-09-21,daily,all subpops,Age 6,new_H,baseline,0.0,0.0,1.0
2025-09-22,daily,all subpops,Age 6,new_H,baseline,0.0,0.0,1.0
2025-09-23,daily,all subpops,Age 6,new_H,baseline,0.0,0.0,2.0
2025-09-24,daily,all subpops,Age 6,new_H,baseline,0.0,0.0,2.0
2025-09-25,daily,all subpops,Age 6,new_H,baseline,0.0,0.0,2.0
2025-09-26,daily,all subpops,Age 6,new_H,baseline,0.0,0.0,2.0
2025-09-27,daily,all subpops,Age 6,new_H,baseline,0.0,0.0,2.0
2025-09-28,daily,all subpops,Age 6,new_H,baseline,0.0,0.0,2.0
2025-09-29,daily,all subpops,Age 6,new_H,baseline,0.0,0.0,2.0
2025-09-30,daily,all subpops,Age 6,new_H,baseline,0.0,0.0,2.0
2025-10-01,daily,all subpops,Age 6,new_H,baseline,0.0,0.0,2.0
2025-10-02,daily,all subpops,Age 6,new_H,baseline,0.0,0.0,2.0
2025-10-03,daily,all subpops,Age 6,new_H,baseline,0.0,0.0,2.0
2025-10-04,daily,all subpops,Age 6,new_H,baseline,0.0,0.0,2.0
2025-10-05,daily,all subpops,Age 6,new_H,baseline,1.0,0.0,2.0
2025-10-06,daily,all subpops,Age 6,new_H,baseline,0.0,0.0,3.0
2025-10-07,daily,all subpops,Age 6,new_H,baseline,0.0,0.0,3.0
2025-10-08,daily,all subpops,Age 6,new_H,baseline,1.0,0.0,3.0
2025-10-09,daily,all subpops,Age 6,new_H,baseline,1.0,0.0,3.0
2025-10-10,daily,all subpops,Age 6,new_H,baseline,1.0,0.0,3.0
2025-10-11,daily,all subpops,Age 6,new_H,baseline,1.0,0.0,3.0
2025-10-12,daily,all subpops,Age 6,new_H,baseline,1.0,0.0,3.3000000000000114
2025-10-13,daily,all subpops,Age 6,new_H,baseline,1.0,0.0,3.0
2025-10-14,daily,all subpops,Age 6,new_H,baseline,1.0,0.0,3.3000000000000114
2025-10-15,daily,all subpops,Age 6,new_H,baseline,1.0,0.0,4.0
2025-10-16,daily,all subpops,Age 6,new_H,baseline,1.0,0.0,4.0
2025-10-17,daily,all subpops,Age 6,new_H,baseline,1.0,0.0,4.0
2025-10-18,daily,all subpops,Age 6,new_H,baseline,1.0,0.0,4.0
2025-10-19,daily,all subpops,Age 6,new_H,baseline,1.0,0.0,5.0
2025-10-20,daily,all subpops,Age 6,new_H,baseline,1.0,0.0,5.0
2025-10-21,daily,all subpops,Age 6,new_H,baseline,1.0,0.0,5.0
2025-10-22,daily,all subpops,Age 6,new_H,baseline,2.0,0.0,5.0
2025-10-23,daily,all subpops,Age 6,new_H,baseline,2.0,0.0,5.0
2025-10-24,daily,all subpops,Age 6,new_H,baseline,2.0,0.0,5.0
2025-10-25,daily,all subpops,Age 6,new_H,baseline,2.0,0.0,6.0
2025-10-26,daily,all subpops,Age 6,new_H,baseline,2.0,0.0,6.0
2025-10-27,daily,all subpops,Age 6,new_H,baseline,2.0,0.0,6.0
2025-10-28,daily,all subpops,Age 6,new_H,baseline,3.0,0.0,6.0
2025-10-29,daily,all subpops,Age 6,new_H,baseline,3.0,0.0,7.0
2025-10-30,daily,all subpops,Age 6,new_H,baseline,3.0,0.0,7.0
2025-10-31,daily,all subpops,Age 6,new_H,baseline,3.0,0.0,8.0
2025-11-01,daily,all subpops,Age 6,new_H,baseline,3.0,0.0,8.0
2025-11-02,daily,all subpops,Age 6,new_H,baseline,4.0,1.0,8.0
2025-11-03,daily,all subpops,Age 6,new_H,baseline,4.0,1.0,9.0
2025-11-04,daily,all subpops,Age 6,new_H,baseline,4.0,1.0,9.0
2025-11-05,daily,all subpops,Age 6,new_H,baseline,5.0,1.0,10.0
2025-11-06,daily,all subpops,Age 6,new_H,baseline,5.0,1.0,10.0
2025-11-07,daily,all subpops,Age 6,new_H,baseline,6.0,1.0,11.0
2025-11-08,daily,all subpops,Age 6,new_H,baseline,6.0,1.0,12.0
2025-11-09,daily,all subpops,Age 6,new_H,baseline,6.0,2.0,13.0
2025-11-10,daily,all subpops,Age 6,new_H,baseline,7.0,2.0,12.0
2025-11-11,daily,all subpops,Age 6,new_H,baseline,7.0,2.0,14.0
2025-11-12,daily,all subpops,Age 6,new_H,baseline,8.0,2.0,14.0
2025-11-13,daily,all subpops,Age 6,new_H,baseline,8.0,2.0,14.0
2025-11-14,daily,all subpops,Age 6,new_H,baseline,9.0,3.0,16.0
2025-11-15,daily,all subpops,Age 6,new_H,baseline,9.0,4.0,16.30000000000001
2025-11-16,daily,all subpops,Age 6,new_H,baseline,10.0,4.0,18.0
2025-11-17,daily,all subpops,Age 6,new_H,baseline,10.0,4.0,17.0
2025-11-18,daily,all subpops,Age 6,new_H,baseline,11.0,5.0,19.30000000000001
2025-11-19,daily,all subpops,Age 6,new_H,baseline,12.0,5.0,19.0
2025-11-20,daily,all subpops,Age 6,new_H,baseline,12.0,5.0,20.0
2025-11-21,daily,all subpops,Age 6,new_H,baseline,13.0,7.0,22.0
2025-11-22,daily,all subpops,Age 6,new_H,baseline,14.0,7.0,24.0
2025-11-23,daily,all subpops,Age 6,new_H,baseline,15.0,7.700000000000001,25.0
2025-11-24,daily,all subpops,Age 6,new_H,baseline,16.0,9.0,25.30000000000001
2025-11-25,daily,all subpops,Age 6,new_H,baseline,17.0,9.0,27.0
2025-11-26,daily,all subpops,Age 6,new_H,baseline,18.0,10.0,27.0
2025-11-27,daily,all subpops,Age 6,new_H,baseline,19.0,10.0,30.0
2025-11-28,daily,all subpops,Age 6,new_H,baseline,20.0,11.0,29.0
2025-11-29,daily,all subpops,Age 6,new_H,baseline,21.0,10.700000000000001,30.0
2025-11-30,daily,all subpops,Age 6,new_H,baseline,21.0,12.0,33.0
2025-12-01,daily,all subpops,Age 6,new_H,baseline,22.0,12.0,34.0
2025-12-02,daily,all subpops,Age 6,new_H,baseline,23.0,14.0,35.0
2025-12-03,daily,all subpops,Age 6,new_H,baseline,24.0,14.0,34.0
2025-12-04,daily,all subpops,Age 6,new_H,baseline,25.0,15.0,38.0
2025-12-05,daily,all subpops,Age 6,new_H,baseline,25.0,16.0,39.30000000000001
2025-12-06,daily,all subpops,Age 6,new_H,baseline,27.0,17.0,40.0
2025-12-07,daily,all subpops,Age 6,new_H,baseline,29.0,18.0,42.0
2025-12-08,daily,all subpops,Age 6,new_H,baseline,29.0,19.0,43.0
2025-12-09,daily,all subpops,Age 6,new_H,baseline,30.0,19.700000000000003,44.60000000000002
2025-12-10,daily,all subpops,Age 6,new_H,baseline,32.0,20.0,47.0
2025-12-11,daily,all subpops,Age 6,new_H,baseline,34.0,22.0,48.0
2025-12-12,daily,all subpops,Age 6,new_H,baseline,35.0,23.0,50.30000000000001
2025-12-13,daily,all subpops,Age 6,new_H,baseline,38.0,25.0,54.0
2025-12-14,daily,all subpops,Age 6,new_H,baseline,39.0,26.0,55.0
2025-12-15,daily,all subpops,Age 6,new_H,baseline,41.0,27.0,56.0
2025-12-16,daily,all subpops,Age 6,new_H,baseline,42.0,29.0,58.30000000000001
2025-12-17,daily,all subpops,Age 6,new_H,baseline,44.0,31.0,59.30000000000001
2025-12-18,daily,all subpops,Age 6,new_H,baseline,46.0,32.0,61.30000000000001
2025-12-19,daily,all subpops,Age 6,new_H,baseline,49.0,33.0,63.30000000000001
2025-12-20,daily,all subpops,Age 6,new_H,baseline,51.0,36.0,66.0
2025-12-21,daily,all subpops,Age 6,new_H,baseline,52.0,37.0,66.30000000000001
2025-12-22,daily,all subpops,Age 6,new_H,baseline,53.0,37.0,69.0
2025-12-23,daily,all subpops,Age 6,new_H,baseline,54.0,39.0,69.0
2025-12-24,daily,all subpops,Age 6,new_H,baseline,55.0,39.0,70.30000000000001
2025-12-25,daily,all subpops,Age 6,new_H,baseline,56.0,42.0,72.0
2025-12-26,daily,all subpops,Age 6,new_H,baseline,54.0,41.7,69.0
2025-12-27,daily,all subpops,Age 6,new_H,baseline,56.0,42.0,74.0
2025-12-28,daily,all subpops,Age 6,new_H,baseline,56.0,37.7,71.30000000000001
2025-12-29,daily,all subpops,Age 6,new_H,baseline,52.0,41.0,69.0
2025-12-30,daily,all subpops,Age 6,new_H,baseline,53.0,39.0,68.0
2025-12-31,daily,all subpops,Age 6,new_H,baseline,51.0,36.7,67.0
2026-01-01,daily,all subpops,Age 6,new_H,baseline,51.0,38.0,65.0
2026-01-02,daily,all subpops,Age 6,new_H,baseline,50.0,38.0,64.0
2026-01-03,daily,all subpops,Age 6,new_H,baseline,48.0,36.0,63.0
2026-01-04,daily,all subpops,Age 6,new_H,baseline,47.0,33.0,61.0
2026-01-05,daily,all subpops,Age 6,new_H,baseline,45.0,33.7,59.0
2026-01-06,daily,all subpops,Age 6,new_H,baseline,43.0,31.0,56.30000000000001
2026-01-07,daily,all subpops,Age 6,new_H,baseline,42.0,29.0,57.30000000000001
2026-01-08,daily,all subpops,Age 6,new_H,baseline,42.0,28.700000000000003,55.0
2026-01-09,daily,all subpops,Age 6,new_H,baseline,40.0,28.0,54.0
2026-01-10,daily,all subpops,Age 6,new_H,baseline,40.0,27.0,53.0
2026-01-11,daily,all subpops,Age 6,new_H,baseline,39.0,27.0,51.30000000000001
2026-01-12,daily,all subpops,Age 6,new_H,baseline,38.0,27.0,51.0
2026-01-13,daily,all subpops,Age 6,new_H,baseline,37.0,24.700000000000003,49.0
2026-01-14,daily,all subpops,Age 6,new_H,baseline,36.0,25.700000000000003,48.0
2026-01-15,daily,all subpops,Age 6,new_H,baseline,36.0,25.0,51.0
2026-01-16,daily,all subpops,Age 6,new_H,baseline,36.0,24.0,48.30000000000001
2026-01-17,daily,all subpops,Age 6,new_H,baseline,36.0,25.0,48.0
2026-01-18,daily,all subpops,Age 6,new_H,baseline,34.0,24.0,48.0
2026-01-19,daily,all subpops,Age 6,new_H,baseline,35.0,24.0,48.0
2026-01-20,daily,all subpops,Age 6,new_H,baseline,34.0,23.700000000000003,46.0
2026-01-21,daily,all subpops,Age 6,new_H,baseline,33.0,22.0,46.0
2026-01-22,daily,all subpops,Age 6,new_H,baseline,32.0,22.0,45.30000000000001
2026-01-23,daily,all subpops,Age 6,new_H,baseline,33.0,22.0,46.0
2026-01-24,daily,all subpops,Age 6,new_H,baseline,32.0,21.0,44.0
2026-01-25,daily,all subpops,Age 6,new_H,baseline,32.0,20.700000000000003,45.30000000000001
2026-01-26,daily,all subpops,Age 6,new_H,baseline,31.0,21.700000000000003,44.0
2026-01-27,daily,all subpops,Age 6,new_H,baseline,31.0,20.0,44.0
2026-01-28,daily,all subpops,Age 6,new_H,baseline,30.0,20.0,44.0
2026-01-29,daily,all subpops,Age 6,new_H,baseline,30.0,19.0,42.0
2026-01-30,daily,all subpops,Age 6,new_H,baseline,30.0,18.0,42.30000000000001
2026-01-31,daily,all subpops,Age 6,new_H,baseline,29.0,18.700000000000003,41.0
2026-02-01,daily,all subpops,Age 6,new_H,baseline,28.0,18.0,42.0
2026-02-02,daily,all subpops,Age 6,new_H,baseline,28.0,17.700000000000003,40.0
2026-02-03,daily,all subpops,Age 6,new_H,baseline,27.0,17.0,39.0
2026-02-04,daily,all subpops,Age 6,new_H,baseline,27.0,17.0,38.0
2026-02-05,daily,all subpops,Age 6,new_H,baseline,27.0,17.0,39.0
2026-02-06,daily,all subpops,Age 6,new_H,baseline,27.0,16.0,39.0
2026-02-07,daily,all subpops,Age 6,new_H,baseline,26.0,16.0,38.0
2026-02-08,daily,all subpops,Age 6,new_H,baseline,26.0,15.0,39.30000000000001
2026-02-09,daily,all subpops,Age 6,new_H,baseline,25.0,14.700000000000001,37.0
2026-02-10,daily,all subpops,Age 6,new_H,baseline,24.0,14.0,37.0
2026-02-11,daily,all subpops,Age 6,new_H,baseline,24.0,13.0,35.0
2026-02-12,daily,all subpops,Age 6,new_H,baseline,23.0,12.0,36.0
2026-02-13,daily,all subpops,Age 6,new_H,baseline,22.0,13.0,35.0
2026-02-14,daily,all subpops,Age 6,new_H,baseline,22.0,12.0,32.30000000000001
2026-02-15,daily,all subpops,Age 6,new_H,baseline,22.0,12.700000000000001,33.0
2026-02-16,daily,all subpops,Age 6,new_H,baseline,20.0,12.0,32.0
2026-02-17,daily,all subpops,Age 6,new_H,baseline,20.0,10.0,32.0
2026-02-18,daily,all subpops,Age 6,new_H,baseline,19.0,12.0,29.30000000000001
2026-02-19,daily,all subpops,Age 6,new_H,baseline,18.0,10.0,29.0
2026-02-20,daily,all subpops,Age 6,new_H,baseline,18.0,10.0,29.0
2026-02-21,daily,all subpops,Age 6,new_H,baseline,17.0,9.0,28.0
2026-02-22,daily,all subpops,Age 6,new_H,baseline,16.0,8.0,26.0
2026-02-23,daily,all subpops,Age 6,new_H,baseline,15.0,7.0,25.0
2026-02-24,daily,all subpops,Age 6,new_H,baseline,14.0,7.0,23.0
2026-02-25,daily,all subpops,Age 6,new_H,baseline,14.0,6.0,23.0
2026-02-26,daily,all subpops,Age 6,new_H,baseline,13.0,6.0,21.30000000000001
2026-02-27,daily,all subpops,Age 6,new_H,baseline,13.0,6.0,22.0
2026-02-28,daily,all subpops,Age 6,new_H,baseline,12.0,6.0,20.0
2026-03-01,daily,all subpops,Age 6,new_H,baseline,11.0,5.0,19.0
2026-03-02,daily,all subpops,Age 6,new_H,baseline,11.0,4.700000000000001,18.0
2026-03-03,daily,all subpops,Age 6,new_H,baseline,10.0,5.0,19.0
2026-03-04,daily,all subpops,Age 6,new_H,baseline,10.0,4.0,17.0
2026-03-05,daily,all subpops,Age 6,new_H,baseline,9.0,4.0,16.30000000000001
2026-03-06,daily,all subpops,Age 6,new_H,baseline,9.0,3.0,16.30000000000001
2026-03-07,daily,all subpops,Age 6,new_H,baseline,9.0,3.0,16.0
2026-03-08,daily,all subpops,Age 6,new_H,baseline,8.0,3.0,16.0
2026-03-09,daily,all subpops,Age 6,new_H,baseline,8.0,3.0,14.0
2026-03-10,daily,all subpops,Age 6,new_H,baseline,7.0,2.0,14.0
2026-03-11,daily,all subpops,Age 6,new_H,baseline,7.0,2.0,13.0
2026-03-12,daily,all subpops,Age 6,new_H,baseline,7.0,2.0,12.300000000000011
2026-03-13,daily,all subpops,Age 6,new_H,baseline,6.0,2.0,14.0
2026-03-14,daily,all subpops,Age 6,new_H,baseline,6.0,2.0,12.0
2026-03-15,daily,all subpops,Age 6,new_H,baseline,6.0,2.0,11.300000000000011
2026-03-16,daily,all subpops,Age 6,new_H,baseline,6.0,2.0,11.300000000000011
2026-03-17,daily,all subpops,Age 6,new_H,baseline,5.0,2.0,10.0
2026-03-18,daily,all subpops,Age 6,new_H,baseline,5.0,1.0,11.0
2026-03-19,daily,all subpops,Age 6,new_H,baseline,5.0,1.0,10.0
2026-03-20,daily,all subpops,Age 6,new_H,baseline,5.0,1.0,9.300000000000011
2026-03-21,daily,all subpops,Age 6,new_H,baseline,4.0,1.0,9.0
2026-03-22,daily,all subpops,Age 6,new_H,baseline,4.0,1.0,9.0
2026-03-23,daily,all subpops,Age 6,new_H,baseline,4.0,1.0,9.0
2026-03-24,daily,all subpops,Age 6,new_H,baseline,4.0,1.0,8.0
2026-03-25,daily,all subpops,Age 6,new_H,baseline,3.0,1.0,8.0
2026-03-26,daily,all subpops,Age 6,new_H,baseline,4.0,0.0,7.0
2026-03-27,daily,all subpops,Age 6,new_H,baseline,3.0,1.0,7.300000000000011
2026-03-28,daily,all subpops,Age 6,new_H,baseline,3.0,0.0,8.0
2026-03-29,daily,all subpops,Age 6,new_H,baseline,3.0,0.0,8.0
2026-03-30,daily,all subpops,Age 6,new_H,baseline,3.0,0.0,7.0
2026-03-31,daily,all subpops,Age 6,new_H,baseline,3.0,0.0,7.0
2026-04-01,daily,all subpops,Age 6,new_H,baseline,3.0,0.0,6.300000000000011
2026-04-02,daily,all subpops,Age 6,new_H,baseline,2.0,0.0,6.0
2026-04-03,daily,all subpops,Age 6,new_H,baseline,2.0,0.0,6.0
2026-04-04,daily,all subpops,Age 6,new_H,baseline,2.0,0.0,6.0
2026-04-05,daily,all subpops,Age 6,new_H,baseline,2.0,0.0,6.0
2026-04-06,daily,all subpops,Age 6,new_H,baseline,2.0,0.0,5.300000000000011
2026-04-07,daily,all subpops,Age 6,new_H,baseline,2.0,0.0,5.0
2026-04-08,daily,all subpops,Age 6,new_H,baseline,2.0,0.0,5.0
2026-04-09,daily,all subpops,Age 6,new_H,baseline,2.0,0.0,5.0
2026-04-10,daily,all subpops,Age 6,new_H,baseline,2.0,0.0,5.0
2026-04-11,daily,all subpops,Age 6,new_H,baseline,2.0,0.0,4.0
2026-04-12,daily,all subpops,Age 6,new_H,baseline,1.0,0.0,5.0
2026-04-13,daily,all subpops,Age 6,new_H,baseline,1.0,0.0,4.0
2026-04-14,daily,all subpops,Age 6,new_H,baseline,1.0,0.0,4.0
2026-04-15,daily,all subpops,Age 6,new_H,baseline,1.0,0.0,4.0
2026-04-16,daily,all subpops,Age 6,new_H,baseline,1.0,0.0,4.0
2026-04-17,daily,all subpops,Age 6,new_H,baseline,1.0,0.0,4.0
2026-04-18,daily,all subpops,Age 6,new_H,baseline,1.0,0.0,4.0
2026-04-19,daily,all subpops,Age 6,new_H,baseline,1.0,0.0,4.0
2026-04-20,daily,all subpops,Age 6,new_H,baseline,1.0,0.0,3.0
2026-04-21,daily,all subpops,Age 6,new_H,baseline,1.0,0.0,3.0
2026-04-22,daily,all subpops,Age 6,new_H,baseline,1.0,0.0,3.0
2026-04-23,daily,all subpops,Age 6,new_H,baseline,1.0,0.0,3.0
2026-04-24,daily,all subpops,Age 6,new_H,baseline,1.0,0.0,3.0
2026-04-25,daily,all subpops,Age 6,new_H,baseline,1.0,0.0,3.0
2026-04-26,daily,all subpops,Age 6,new_H,baseline,1.0,0.0,3.0
2026-04-27,daily,all subpops,Age 6,new_H,baseline,0.0,0.0,3.0
2026-04-28,daily,all subpops,Age 6,new_H,baseline,0.0,0.0,2.0
2026-04-29,daily,all subpops,Age 6,new_H,baseline,0.0,0.0,2.0
2026-04-30,daily,all subpops,Age 6,new_H,baseline,0.0,0.0,2.0
2026-05-01,daily,all subpops,Age 6,new_H,baseline,0.0,0.0,2.3000000000000114
2026-05-02,daily,all subpops,Age 6,new_H,baseline,0.0,0.0,2.0
2026-05-03,daily,all subpops,Age 6,new_H,baseline,0.0,0.0,2.0
2026-05-04,daily,all subpops,Age 6,new_H,baseline,0.0,0.0,2.0
2026-05-05,daily,all subpops,Age 6,new_H,baseline,0.0,0.0,2.0
2026-05-06,daily,all subpops,Age 6,new_H,baseline,0.0,0.0,2.0
2026-05-07,daily,all subpops,Age 6,new_H,baseline,0.0,0.0,2.0
2026-05-08,daily,all subpops,Age 6,new_H,baseline,0.0,0.0,2.0
2025-09-01,cumulative,all subpops,Age 6,new_H,baseline,0.0,0.0,1.0
2025-09-02,cumulative,all subpops,Age 6,new_H,baseline,0.0,0.0,1.0
2025-09-03,cumulative,all subpops,Age 6,new_H,baseline,0.0,0.0,2.0
2025-09-04,cumulative,all subpops,Age 6,new_H,baseline,0.0,0.0,2.0
2025-09-05,cumulative,all subpops,Age 6,new_H,baseline,0.0,0.0,2.0
2025-09-06,cumulative,all subpops,Age 6,new_H,baseline,1.0,0.0,3.0
2025-09-07,cumulative,all subpops,Age 6,new_H,baseline,1.0,0.0,3.0
2025-09-08,cumulative,all subpops,Age 6,new_H,baseline,1.0,0.0,3.0
2025-09-09,cumulative,all subpops,Age 6,new_H,baseline,1.0,0.0,3.3000000000000114
2025-09-10,cumulative,all subpops,Age 6,new_H,baseline,1.0,0.0,4.0
2025-09-11,cumulative,all subpops,Age 6,new_H,baseline,1.0,0.0,4.0
2025-09-12,cumulative,all subpops,Age 6,new_H,baseline,1.0,0.0,4.0
2025-09-13,cumulative,all subpops,Age 6,new_H,baseline,1.0,0.0,5.0
2025-09-14,cumulative,all subpops,Age 6,new_H,baseline,2.0,0.0,5.0
2025-09-15,cumulative,all subpops,Age 6,new_H,baseline,2.0,0.0,5.0
2025-09-16,cumulative,all subpops,Age 6,new_H,baseline,2.0,0.0,5.0
2025-09-17,cumulative,all subpops,Age 6,new_H,baseline,2.0,0.0,6.0
2025-09-18,cumulative,all subpops,Age 6,new_H,baseline,2.0,0.0,6.0
2025-09-19,cumulative,all subpops,Age 6,new_H,baseline,3.0,0.0,6.0
2025-09-20,cumulative,all subpops,Age 6,new_H,baseline,3.0,0.0,7.0
2025-09-21,cumulative,all subpops,Age 6,new_H,baseline,3.0,0.0,7.0
2025-09-22,cumulative,all subpops,Age 6,new_H,baseline,3.0,0.0,7.0
2025-09-23,cumulative,all subpops,Age 6,new_H,baseline,4.0,0.0,7.300000000000011
2025-09-24,cumulative,all subpops,Age 6,new_H,baseline,4.0,1.0,8.0
2025-09-25,cumulative,all subpops,Age 6,new_H,baseline,4.0,1.0,8.0
2025-09-26,cumulative,all subpops,Age 6,new_H,baseline,5.0,1.0,9.0
2025-09-27,cumulative,all subpops,Age 6,new_H,baseline,5.0,1.0,10.0
2025-09-28,cumulative,all subpops,Age 6,new_H,baseline,5.0,1.0,10.0
2025-09-29,cumulative,all subpops,Age 6,new_H,baseline,6.0,2.0,11.0
2025-09-30,cumulative,all subpops,Age 6,new_H,baseline,6.0,2.0,12.0
2025-10-01,cumulative,all subpops,Age 6,new_H,baseline,6.0,2.0,12.0
2025-10-02,cumulative,all subpops,Age 6,new_H,baseline,7.0,2.0,13.0
2025-10-03,cumulative,all subpops,Age 6,new_H,baseline,7.0,2.0,14.0
2025-10-04,cumulative,all subpops,Age 6,new_H,baseline,8.0,2.0,14.300000000000011
2025-10-05,cumulative,all subpops,Age 6,new_H,baseline,9.0,3.0,16.0
2025-10-06,cumulative,all subpops,Age 6,new_H,baseline,9.0,4.0,17.0
2025-10-07,cumulative,all subpops,Age 6,new_H,baseline,10.0,4.0,18.0
2025-10-08,cumulative,all subpops,Age 6,new_H,baseline,11.0,4.700000000000001,18.30000000000001
2025-10-09,cumulative,all subpops,Age 6,new_H,baseline,12.0,5.0,20.0
2025-10-10,cumulative,all subpops,Age 6,new_H,baseline,12.0,5.0,21.0
2025-10-11,cumulative,all subpops,Age 6,new_H,baseline,13.0,6.0,22.0
2025-10-12,cumulative,all subpops,Age 6,new_H,baseline,14.0,6.0,24.0
2025-10-13,cumulative,all subpops,Age 6,new_H,baseline,15.0,7.700000000000001,25.0
2025-10-14,cumulative,all subpops,Age 6,new_H,baseline,16.0,8.0,26.0
2025-10-15,cumulative,all subpops,Age 6,new_H,baseline,17.0,9.0,28.0
2025-10-16,cumulative,all subpops,Age 6,new_H,baseline,19.0,9.700000000000001,30.0
2025-10-17,cumulative,all subpops,Age 6,new_H,baseline,20.0,10.0,32.0
2025-10-18,cumulative,all subpops,Age 6,new_H,baseline,22.0,11.0,33.30000000000001
2025-10-19,cumulative,all subpops,Age 6,new_H,baseline,23.0,13.0,36.0
2025-10-20,cumulative,all subpops,Age 6,new_H,baseline,25.0,13.700000000000001,38.0
2025-10-21,cumulative,all subpops,Age 6,new_H,baseline,26.0,15.0,39.30000000000001
2025-10-22,cumulative,all subpops,Age 6,new_H,baseline,28.0,16.700000000000003,43.0
2025-10-23,cumulative,all subpops,Age 6,new_H,baseline,30.0,18.0,44.0
2025-10-24,cumulative,all subpops,Age 6,new_H,baseline,32.0,20.0,47.30000000000001
2025-10-25,cumulative,all subpops,Age 6,new_H,baseline,34.0,21.0,51.0
2025-10-26,cumulative,all subpops,Age 6,new_H,baseline,37.0,23.0,55.0
2025-10-27,cumulative,all subpops,Age 6,new_H,baseline,39.0,25.0,59.0
2025-10-28,cumulative,all subpops,Age 6,new_H,baseline,42.0,28.0,61.0
2025-10-29,cumulative,all subpops,Age 6,new_H,baseline,44.0,29.700000000000003,65.30000000000001
2025-10-30,cumulative,all subpops,Age 6,new_H,baseline,48.0,32.0,68.60000000000002
2025-10-31,cumulative,all subpops,Age 6,new_H,baseline,51.0,35.0,73.0
2025-11-01,cumulative,all subpops,Age 6,new_H,baseline,55.0,37.0,78.30000000000001
2025-11-02,cumulative,all subpops,Age 6,new_H,baseline,59.0,39.0,85.0
2025-11-03,cumulative,all subpops,Age 6,new_H,baseline,63.0,43.0,87.30000000000001
2025-11-04,cumulative,all subpops,Age 6,new_H,baseline,68.0,47.0,95.0
2025-11-05,cumulative,all subpops,Age 6,new_H,baseline,73.0,49.7,99.30000000000001
2025-11-06,cumulative,all subpops,Age 6,new_H,baseline,78.0,53.7,109.0
2025-11-07,cumulative,all subpops,Age 6,new_H,baseline,84.0,57.0,116.0
2025-11-08,cumulative,all subpops,Age 6,new_H,baseline,90.0,63.7,125.0
2025-11-09,cumulative,all subpops,Age 6,new_H,baseline,96.0,68.0,133.0
2025-11-10,cumulative,all subpops,Age 6,new_H,baseline,103.0,72.0,144.3
2025-11-11,cumulative,all subpops,Age 6,new_H,baseline,110.0,78.0,152.0
2025-11-12,cumulative,all subpops,Age 6,new_H,baseline,118.0,82.7,163.0
2025-11-13,cumulative,all subpops,Age 6,new_H,baseline,126.0,89.7,172.60000000000002
2025-11-14,cumulative,all subpops,Age 6,new_H,baseline,135.0,97.0,184.3
2025-11-15,cumulative,all subpops,Age 6,new_H,baseline,144.0,102.7,197.0
2025-11-16,cumulative,all subpops,Age 6,new_H,baseline,154.0,109.7,210.3
2025-11-17,cumulative,all subpops,Age 6,new_H,baseline,164.0,118.0,222.60000000000002
2025-11-18,cumulative,all subpops,Age 6,new_H,baseline,175.0,126.7,237.0
2025-11-19,cumulative,all subpops,Age 6,new_H,baseline,187.0,136.4,254.0
2025-11-20,cumulative,all subpops,Age 6,new_H,baseline,199.0,144.7,269.90000000000003
2025-11-21,cumulative,all subpops,Age 6,new_H,baseline,211.0,155.4,283.3
2025-11-22,cumulative,all subpops,Age 6,new_H,baseline,226.0,167.7,303.0
2025-11-23,cumulative,all subpops,Age 6,new_H,baseline,241.0,178.0,320.0
2025-11-24,cumulative,all subpops,Age 6,new_H,baseline,257.0,192.7,338.6
2025-11-25,cumulative,all subpops,Age 6,new_H,baseline,274.0,206.4,361.90000000000003
2025-11-26,cumulative,all subpops,Age 6,new_H,baseline,292.0,218.7,386.0
2025-11-27,cumulative,all subpops,Age 6,new_H,baseline,312.0,232.0,409.3
2025-11-28,cumulative,all subpops,Age 6,new_H,baseline,332.0,247.7,435.0
2025-11-29,cumulative,all subpops,Age 6,new_H,baseline,354.0,266.7,462.3
2025-11-30,cumulative,all subpops,Age 6,new_H,baseline,374.0,281.4,487.3
2025-12-01,cumulative,all subpops,Age 6,new_H,baseline,397.0,295.1,512.6
2025-12-02,cumulative,all subpops,Age 6,new_H,baseline,419.0,315.4,539.9000000000001
2025-12-03,cumulative,all subpops,Age 6,new_H,baseline,444.0,335.0,573.0
2025-12-04,cumulative,all subpops,Age 6,new_H,baseline,471.0,355.7,609.0
2025-12-05,cumulative,all subpops,Age 6,new_H,baseline,496.0,375.4,641.9000000000001
2025-12-06,cumulative,all subpops,Age 6,new_H,baseline,523.0,395.8,674.3
2025-12-07,cumulative,all subpops,Age 6,new_H,baseline,551.0,415.4,712.2
2025-12-08,cumulative,all subpops,Age 6,new_H,baseline,580.0,443.8,744.4000000000001
2025-12-09,cumulative,all subpops,Age 6,new_H,baseline,611.0,464.1,778.6000000000001
2025-12-10,cumulative,all subpops,Age 6,new_H,baseline,642.0,491.1,819.5
2025-12-11,cumulative,all subpops,Age 6,new_H,baseline,675.0,520.8,863.6
2025-12-12,cumulative,all subpops,Age 6,new_H,baseline,714.0,549.7,906.6
2025-12-13,cumulative,all subpops,Age 6,new_H,baseline,752.0,580.7,958.2
2025-12-14,cumulative,all subpops,Age 6,new_H,baseline,793.0,614.7,1000.0000000000001
2025-12-15,cumulative,all subpops,Age 6,new_H,baseline,834.0,648.7,1052.4
2025-12-16,cumulative,all subpops,Age 6,new_H,baseline,873.0,685.0,1099.9
2025-12-17,cumulative,all subpops,Age 6,new_H,baseline,918.0,718.8,1153.2
2025-12-18,cumulative,all subpops,Age 6,new_H,baseline,961.0,753.1,1205.2
2025-12-19,cumulative,all subpops,Age 6,new_H,baseline,1010.0,793.7,1260.6
2025-12-20,cumulative,all subpops,Age 6,new_H,baseline,1063.0,838.4,1313.8000000000002
2025-12-21,cumulative,all subpops,Age 6,new_H,baseline,1114.0,890.7,1372.3
2025-12-22,cumulative,all subpops,Age 6,new_H,baseline,1167.0,935.4,1429.3
2025-12-23,cumulative,all subpops,Age 6,new_H,baseline,1220.0,977.4,1488.5
2025-12-24,cumulative,all subpops,Age 6,new_H,baseline,1275.0,1021.7,1547.0
2025-12-25,cumulative,all subpops,Age 6,new_H,baseline,1332.0,1070.1,1609.3
2025-12-26,cumulative,all subpops,Age 6,new_H,baseline,1387.0,1124.6,1664.0
2025-12-27,cumulative,all subpops,Age 6,new_H,baseline,1443.0,1178.4,1725.6
2025-12-28,cumulative,all subpops,Age 6,new_H,baseline,1497.0,1228.5,1792.3
2025-12-29,cumulative,all subpops,Age 6,new_H,baseline,1552.0,1273.8,1847.0
2025-12-30,cumulative,all subpops,Age 6,new_H,baseline,1607.0,1328.2,1904.3
2025-12-31,cumulative,all subpops,Age 6,new_H,baseline,1657.0,1368.5,1955.6000000000001
2026-01-01,cumulative,all subpops,Age 6,new_H,baseline,1705.0,1418.2,2007.9
2026-01-02,cumulative,all subpops,Age 6,new_H,baseline,1757.0,1461.7,2055.9
2026-01-03,cumulative,all subpops,Age 6,new_H,baseline,1806.0,1507.9,2110.0
2026-01-04,cumulative,all subpops,Age 6,new_H,baseline,1855.0,1546.0,2161.3
2026-01-05,cumulative,all subpops,Age 6,new_H,baseline,1901.0,1592.7,2202.3
2026-01-06,cumulative,all subpops,Age 6,new_H,baseline,1946.0,1636.8,2250.5
2026-01-07,cumulative,all subpops,Age 6,new_H,baseline,1987.0,1686.3,2283.2
2026-01-08,cumulative,all subpops,Age 6,new_H,baseline,2027.0,1724.4,2316.6000000000004
2026-01-09,cumulative,all subpops,Age 6,new_H,baseline,2069.0,1762.4,2358.0
2026-01-10,cumulative,all subpops,Age 6,new_H,baseline,2110.0,1803.9,2392.0
2026-01-11,cumulative,all subpops,Age 6,new_H,baseline,2148.0,1847.0,2431.6
2026-01-12,cumulative,all subpops,Age 6,new_H,baseline,2184.0,1877.7,2469.4
2026-01-13,cumulative,all subpops,Age 6,new_H,baseline,2222.0,1914.4,2513.6
2026-01-14,cumulative,all subpops,Age 6,new_H,baseline,2260.0,1949.2,2544.4
2026-01-15,cumulative,all subpops,Age 6,new_H,baseline,2296.0,1992.6,2582.3
2026-01-16,cumulative,all subpops,Age 6,new_H,baseline,2334.0,2027.0,2617.2
2026-01-17,cumulative,all subpops,Age 6,new_H,baseline,2370.0,2071.5,2653.5
2026-01-18,cumulative,all subpops,Age 6,new_H,baseline,2406.0,2110.7,2685.0
2026-01-19,cumulative,all subpops,Age 6,new_H,baseline,2442.0,2141.8,2714.6
2026-01-20,cumulative,all subpops,Age 6,new_H,baseline,2476.0,2186.5,2751.4
2026-01-21,cumulative,all subpops,Age 6,new_H,baseline,2508.0,2219.5,2782.9
2026-01-22,cumulative,all subpops,Age 6,new_H,baseline,2542.0,2259.7,2811.8
2026-01-23,cumulative,all subpops,Age 6,new_H,baseline,2576.0,2294.0,2838.6000000000004
2026-01-24,cumulative,all subpops,Age 6,new_H,baseline,2609.0,2330.7,2866.2
2026-01-25,cumulative,all subpops,Age 6,new_H,baseline,2641.0,2368.4,2898.6
2026-01-26,cumulative,all subpops,Age 6,new_H,baseline,2673.0,2406.7,2922.3
2026-01-27,cumulative,all subpops,Age 6,new_H,baseline,2706.0,2438.7,2949.9
2026-01-28,cumulative,all subpops,Age 6,new_H,baseline,2737.0,2477.0,2976.9
2026-01-29,cumulative,all subpops,Age 6,new_H,baseline,2768.0,2507.7,2998.6
2026-01-30,cumulative,all subpops,Age 6,new_H,baseline,2799.0,2539.7,3026.6
2026-01-31,cumulative,all subpops,Age 6,new_H,baseline,2828.0,2579.7,3051.9
2026-02-01,cumulative,all subpops,Age 6,new_H,baseline,2855.0,2607.1,3073.4
2026-02-02,cumulative,all subpops,Age 6,new_H,baseline,2885.0,2643.0,3098.3
2026-02-03,cumulative,all subpops,Age 6,new_H,baseline,2912.0,2675.6,3122.3
2026-02-04,cumulative,all subpops,Age 6,new_H,baseline,2938.0,2701.4,3144.5
2026-02-05,cumulative,all subpops,Age 6,new_H,baseline,2965.0,2738.9,3166.6000000000004
2026-02-06,cumulative,all subpops,Age 6,new_H,baseline,2991.0,2771.7,3192.7000000000003
2026-02-07,cumulative,all subpops,Age 6,new_H,baseline,3016.0,2801.4,3219.9
2026-02-08,cumulative,all subpops,Age 6,new_H,baseline,3040.0,2833.4,3240.3
2026-02-09,cumulative,all subpops,Age 6,new_H,baseline,3067.0,2860.9,3263.6
2026-02-10,cumulative,all subpops,Age 6,new_H,baseline,3091.0,2893.4,3284.2
2026-02-11,cumulative,all subpops,Age 6,new_H,baseline,3115.0,2916.1,3300.9
2026-02-12,cumulative,all subpops,Age 6,new_H,baseline,3137.0,2943.0,3322.9
2026-02-13,cumulative,all subpops,Age 6,new_H,baseline,3157.0,2967.8,3343.9
2026-02-14,cumulative,all subpops,Age 6,new_H,baseline,3183.0,3007.6,3359.6
2026-02-15,cumulative,all subpops,Age 6,new_H,baseline,3205.0,3025.6,3378.3
2026-02-16,cumulative,all subpops,Age 6,new_H,baseline,3227.0,3051.7,3393.5
2026-02-17,cumulative,all subpops,Age 6,new_H,baseline,3248.0,3077.7,3409.3
2026-02-18,cumulative,all subpops,Age 6,new_H,baseline,3267.0,3102.5,3425.3
2026-02-19,cumulative,all subpops,Age 6,new_H,baseline,3283.0,3121.8,3438.9
2026-02-20,cumulative,all subpops,Age 6,new_H,baseline,3303.0,3149.4,3455.6
2026-02-21,cumulative,all subpops,Age 6,new_H,baseline,3321.0,3170.1,3469.3
2026-02-22,cumulative,all subpops,Age 6,new_H,baseline,3338.0,3192.0,3484.6
2026-02-23,cumulative,all subpops,Age 6,new_H,baseline,3353.0,3210.4,3496.6
2026-02-24,cumulative,all subpops,Age 6,new_H,baseline,3367.0,3227.1,3504.3
2026-02-25,cumulative,all subpops,Age 6,new_H,baseline,3379.0,3242.5,3515.4
2026-02-26,cumulative,all subpops,Age 6,new_H,baseline,3393.0,3258.0,3531.3
2026-02-27,cumulative,all subpops,Age 6,new_H,baseline,3406.0,3270.7,3540.6
2026-02-28,cumulative,all subpops,Age 6,new_H,baseline,3418.0,3282.8,3552.6
2026-03-01,cumulative,all subpops,Age 6,new_H,baseline,3428.0,3292.2,3558.9
2026-03-02,cumulative,all subpops,Age 6,new_H,baseline,3438.0,3303.9,3568.5
2026-03-03,cumulative,all subpops,Age 6,new_H,baseline,3449.0,3319.4,3579.0
2026-03-04,cumulative,all subpops,Age 6,new_H,baseline,3460.0,3331.2,3587.2
2026-03-05,cumulative,all subpops,Age 6,new_H,baseline,3469.0,3339.3,3596.3
2026-03-06,cumulative,all subpops,Age 6,new_H,baseline,3476.0,3347.6,3606.0
2026-03-07,cumulative,all subpops,Age 6,new_H,baseline,3485.0,3359.6,3613.0
2026-03-08,cumulative,all subpops,Age 6,new_H,baseline,3494.0,3369.7,3621.6
2026-03-09,cumulative,all subpops,Age 6,new_H,baseline,3500.0,3378.6,3629.8
2026-03-10,cumulative,all subpops,Age 6,new_H,baseline,3508.0,3388.0,3635.6
2026-03-11,cumulative,all subpops,Age 6,new_H,baseline,3517.0,3394.9,3643.3
2026-03-12,cumulative,all subpops,Age 6,new_H,baseline,3523.0,3405.4,3650.0
2026-03-13,cumulative,all subpops,Age 6,new_H,baseline,3529.0,3413.1,3651.9
2026-03-14,cumulative,all subpops,Age 6,new_H,baseline,3535.0,3421.4,3658.9
2026-03-15,cumulative,all subpops,Age 6,new_H,baseline,3542.0,3427.5,3664.3
2026-03-16,cumulative,all subpops,Age 6,new_H,baseline,3548.0,3431.7,3668.3
2026-03-17,cumulative,all subpops,Age 6,new_H,baseline,3555.0,3440.7,3674.2
2026-03-18,cumulative,all subpops,Age 6,new_H,baseline,3559.0,3445.7,3678.5
2026-03-19,cumulative,all subpops,Age 6,new_H,baseline,3565.0,3449.7,3686.2
2026-03-20,cumulative,all subpops,Age 6,new_H,baseline,3570.0,3455.8,3691.4
2026-03-21,cumulative,all subpops,Age 6,new_H,baseline,3575.0,3458.7,3697.1
2026-03-22,cumulative,all subpops,Age 6,new_H,baseline,3579.0,3463.7,3699.4
2026-03-23,cumulative,all subpops,Age 6,new_H,baseline,3583.0,3471.4,3707.5
2026-03-24,cumulative,all subpops,Age 6,new_H,baseline,3587.0,3473.7,3712.6
2026-03-25,cumulative,all subpops,Age 6,new_H,baseline,3589.0,3476.0,3715.8
2026-03-26,cumulative,all subpops,Age 6,new_H,baseline,3594.0,3481.8,3720.0
2026-03-27,cumulative,all subpops,Age 6,new_H,baseline,3598.0,3487.5,3721.9
2026-03-28,cumulative,all subpops,Age 6,new_H,baseline,3601.0,3490.4,3724.6
2026-03-29,cumulative,all subpops,Age 6,new_H,baseline,3604.0,3495.7,3728.3
2026-03-30,cumulative,all subpops,Age 6,new_H,baseline,3606.0,3498.0,3730.6
2026-03-31,cumulative,all subpops,Age 6,new_H,baseline,3610.0,3499.7,3734.0
2026-04-01,cumulative,all subpops,Age 6,new_H,baseline,3614.0,3502.7,3735.3
2026-04-02,cumulative,all subpops,Age 6,new_H,baseline,3617.0,3504.7,3739.0
2026-04-03,cumulative,all subpops,Age 6,new_H,baseline,3619.0,3506.7,3742.0
2026-04-04,cumulative,all subpops,Age 6,new_H,baseline,3621.0,3509.0,3744.6
2026-04-05,cumulative,all subpops,Age 6,new_H,baseline,3624.0,3511.0,3746.3
2026-04-06,cumulative,all subpops,Age 6,new_H,baseline,3626.0,3513.1,3747.0
2026-04-07,cumulative,all subpops,Age 6,new_H,baseline,3628.0,3514.7,3751.0
2026-04-08,cumulative,all subpops,Age 6,new_H,baseline,3630.0,3516.0,3754.0
2026-04-09,cumulative,all subpops,Age 6,new_H,baseline,3630.0,3518.0,3755.3
2026-04-10,cumulative,all subpops,Age 6,new_H,baseline,3632.0,3520.0,3756.0
2026-04-11,cumulative,all subpops,Age 6,new_H,baseline,3635.0,3522.0,3756.0
2026-04-12,cumulative,all subpops,Age 6,new_H,baseline,3636.0,3523.7,3757.6
2026-04-13,cumulative,all subpops,Age 6,new_H,baseline,3637.0,3524.0,3759.9
2026-04-14,cumulative,all subpops,Age 6,new_H,baseline,3638.0,3525.7,3761.2
2026-04-15,cumulative,all subpops,Age 6,new_H,baseline,3640.0,3526.7,3763.9
2026-04-16,cumulative,all subpops,Age 6,new_H,baseline,3641.0,3528.4,3765.6
2026-04-17,cumulative,all subpops,Age 6,new_H,baseline,3643.0,3529.0,3767.6
2026-04-18,cumulative,all subpops,Age 6,new_H,baseline,3644.0,3531.4,3770.0
2026-04-19,cumulative,all subpops,Age 6,new_H,baseline,3645.0,3534.7,3770.6
2026-04-20,cumulative,all subpops,Age 6,new_H,baseline,3647.0,3535.0,3771.3
2026-04-21,cumulative,all subpops,Age 6,new_H,baseline,3647.0,3535.7,3773.3
2026-04-22,cumulative,all subpops,Age 6,new_H,baseline,3648.0,3536.0,3774.0
2026-04-23,cumulative,all subpops,Age 6,new_H,baseline,3649.0,3536.0,3774.0
2026-04-24,cumulative,all subpops,Age 6,new_H,baseline,3649.0,3537.0,3774.0
2026-04-25,cumulative,all subpops,Age 6,new_H,baseline,3650.0,3538.0,3774.3
2026-04-26,cumulative,all subpops,Age 6,new_H,baseline,3651.0,3539.0,3775.0
2026-04-27,cumulative,all subpops,Age 6,new_H,baseline,3652.0,3539.7,3775.6
2026-04-28,cumulative,all subpops,Age 6,new_H,baseline,3653.0,3541.4,3775.6
2026-04-29,cumulative,all subpops,Age 6,new_H,baseline,3654.0,3541.4,3777.3
2026-04-30,cumulative,all subpops,Age 6,new_H,baseline,3654.0,3541.7,3777.3
2026-05-01,cumulative,all subpops,Age 6,new_H,baseline,3654.0,3542.0,3777.3
2026-05-02,cumulative,all subpops,Age 6,new_H,baseline,3654.0,3542.7,3777.3
2026-05-03,cumulative,all subpops,Age 6,new_H,baseline,3655.0,3543.0,3778.3
2026-05-04,cumulative,all subpops,Age 6,new_H,baseline,3655.0,3543.0,3778.6
2026-05-05,cumulative,all subpops,Age 6,new_H,baseline,3655.0,3543.0,3778.6
2026-05-06,cumulative,all subpops,Age 6,new_H,baseline,3656.0,3543.0,3778.6
2026-05-07,cumulative,all subpops,Age 6,new_H,baseline,3656.0,3544.0,3778.9
2026-05-08,cumulative,all subpops,Age 6,new_H,baseline,3656.0,3545.0,3778.9
