date,series,subpopulation,age_group,metric,scenario,median,ci_lower_2.5,ci_upper_97.5
2025-09-01,daily,all subpops,all ages,new_H,baseline,0.0,0.0,2.0
2025-09-02,daily,all subpops,all ages,new_H,baseline,1.0,0.0,3.0
2025-09-03,daily,all subpops,all ages,new_H,baseline,1.0,0.0,3.0
2025-09-04,daily,all subpops,all ages,new_H,baseline,1.0,0.0,3.0
2025-09-05,daily,all subpops,all ages,new_H,baseline,1.0,0.0,3.0
2025-09-06,daily,all subpops,all ages,new_H,baseline,1.0,0.0,4.0
2025-09-07,daily,all subpops,all ages,new_H,baseline,1.0,0.0,3.0
2025-09-08,daily,all subpops,all ages,new_H,baseline,1.0,0.0,3.0
2025-09-09,daily,all subpops,all ages,new_H,baseline,1.0,0.0,3.0
2025-09-10,daily,all subpops,all ages,new_H,baseline,1.0,0.0,3.0
2025-09-11,daily,all subpops,all ages,new_H,baseline,1.0,0.0,3.0
2025-09-12,daily,all subpops,all ages,new_H,baseline,1.0,0.0,3.0
2025-09-13,daily,all subpops,all ages,new_H,baseline,1.0,0.0,4.0
2025-09-14,daily,all subpops,all ages,new_H,baseline,1.0,0.0,4.0
2025-09-15,daily,all subpops,all ages,new_H,baseline,1.0,0.0,3.0
2025-09-16,daily,all subpops,all ages,new_H,baseline,1.0,0.0,3.0
2025-09-17,daily,all subpops,all ages,new_H,baseline,1.0,0.0,4.0
2025-09-18,daily,all subpops,all ages,new_H,baseline,1.0,0.0,4.0
2025-09-19,daily,all subpops,all ages,new_H,baseline,1.0,0.0,4.0
2025-09-20,daily,all subpops,all ages,new_H,baseline,1.0,0.0,4.0
2025-09-21,daily,all subpops,all ages,new_H,baseline,2.0,0.0,5.0
2025-09-22,daily,all subpops,all ages,new_H,baseline,2.0,0.0,5.0
2025-09-23,daily,all subpops,all ages,new_H,baseline,2.0,0.0,5.0
2025-09-24,daily,all subpops,all ages,new_H,baseline,2.0,0.0,5.0
2025-09-25,daily,all subpops,all ages,new_H,baseline,2.0,0.0,5.0
2025-09-26,daily,all subpops,all ages,new_H,baseline,2.0,0.0,5.0
2025-09-27,daily,all subpops,all ages,new_H,baseline,2.0,0.0,5.350000000000023
2025-09-28,daily,all subpops,all ages,new_H,baseline,2.0,0.0,5.0
2025-09-29,daily,all subpops,all ages,new_H,baseline,2.0,0.0,5.0
2025-09-30,daily,all subpops,all ages,new_H,baseline,2.0,0.0,5.0
2025-10-01,daily,all subpops,all ages,new_H,baseline,2.0,0.0,5.0
2025-10-02,daily,all subpops,all ages,new_H,baseline,2.0,0.0,5.0
2025-10-03,daily,all subpops,all ages,new_H,baseline,2.0,0.0,5.0
2025-10-04,daily,all subpops,all ages,new_H,baseline,2.0,0.0,6.0
2025-10-05,daily,all subpops,all ages,new_H,baseline,2.0,0.0,6.0
2025-10-06,daily,all subpops,all ages,new_H,baseline,2.0,0.0,5.0
2025-10-07,daily,all subpops,all ages,new_H,baseline,2.0,0.0,5.0
2025-10-08,daily,all subpops,all ages,new_H,baseline,2.0,0.0,6.0
2025-10-09,daily,all subpops,all ages,new_H,baseline,2.0,0.0,6.0
2025-10-10,daily,all subpops,all ages,new_H,baseline,2.0,0.0,6.0
2025-10-11,daily,all subpops,all ages,new_H,baseline,2.0,0.0,6.0
2025-10-12,daily,all subpops,all ages,new_H,baseline,2.0,0.0,6.0
2025-10-13,daily,all subpops,all ages,new_H,baseline,2.0,0.0,6.0
2025-10-14,daily,all subpops,all ages,new_H,baseline,2.0,0.0,6.0
2025-10-15,daily,all subpops,all ages,new_H,baseline,2.0,0.0,6.0
2025-10-16,daily,all subpops,all ages,new_H,baseline,2.0,0.0,6.0
2025-10-17,daily,all subpops,all ages,new_H,baseline,2.0,0.0,6.0
2025-10-18,daily,all subpops,all ages,new_H,baseline,3.0,0.0,7.0
2025-10-19,daily,all subpops,all ages,new_H,baseline,3.0,0.0,7.0
2025-10-20,daily,all subpops,all ages,new_H,baseline,2.0,0.0,7.0
2025-10-21,daily,all subpops,all ages,new_H,baseline,3.0,0.0,6.350000000000023
2025-10-22,daily,all subpops,all ages,new_H,baseline,3.0,0.0,6.350000000000023
2025-10-23,daily,all subpops,all ages,new_H,baseline,3.0,0.0,7.0
2025-10-24,daily,all subpops,all ages,new_H,baseline,3.0,0.0,7.0
2025-10-25,daily,all subpops,all ages,new_H,baseline,3.0,0.0,7.0
2025-10-26,daily,all subpops,all ages,new_H,baseline,3.0,0.0,7.0
2025-10-27,daily,all subpops,all ages,new_H,baseline,3.0,0.0,7.0
2025-10-28,daily,all subpops,all ages,new_H,baseline,3.0,0.0,7.0
2025-10-29,daily,all subpops,all ages,new_H,baseline,3.0,0.0,8.0
2025-10-30,daily,all subpops,all ages,new_H,baseline,3.0,0.0,7.0
2025-10-31,daily,all subpops,all ages,new_H,baseline,3.0,0.0,8.0
2025-11-01,daily,all subpops,all ages,new_H,baseline,3.0,0.0,8.0
2025-11-02,daily,all subpops,all ages,new_H,baseline,3.0,0.0,8.0
2025-11-03,daily,all subpops,all ages,new_H,baseline,3.0,0.0,7.0
2025-11-04,daily,all subpops,all ages,new_H,baseline,3.0,0.0,8.0
2025-11-05,daily,all subpops,all ages,new_H,baseline,3.0,0.0,8.0
2025-11-06,daily,all subpops,all ages,new_H,baseline,3.0,0.0,8.0
2025-11-07,daily,all subpops,all ages,new_H,baseline,4.0,0.0,9.350000000000023
2025-11-08,daily,all subpops,all ages,new_H,baseline,4.0,1.0,9.0
2025-11-09,daily,all subpops,all ages,new_H,baseline,4.0,1.0,9.0
2025-11-10,daily,all subpops,all ages,new_H,baseline,4.0,0.0,9.0
2025-11-11,daily,all subpops,all ages,new_H,baseline,4.0,0.6500000000000004,10.0
2025-11-12,daily,all subpops,all ages,new_H,baseline,4.0,1.0,10.0
2025-11-13,daily,all subpops,all ages,new_H,baseline,5.0,1.0,10.0
2025-11-14,daily,all subpops,all ages,new_H,baseline,5.0,1.0,11.0
2025-11-15,daily,all subpops,all ages,new_H,baseline,5.0,1.0,12.0
2025-11-16,daily,all subpops,all ages,new_H,baseline,6.0,1.0,12.0
2025-11-17,daily,all subpops,all ages,new_H,baseline,6.0,1.0,12.0
2025-11-18,daily,all subpops,all ages,new_H,baseline,6.0,2.0,12.350000000000023
2025-11-19,daily,all subpops,all ages,new_H,baseline,7.0,2.0,14.0
2025-11-20,daily,all subpops,all ages,new_H,baseline,8.0,3.0,14.350000000000023
2025-11-21,daily,all subpops,all ages,new_H,baseline,8.0,3.0,16.0
2025-11-22,daily,all subpops,all ages,new_H,baseline,10.0,3.0,18.350000000000023
2025-11-23,daily,all subpops,all ages,new_H,baseline,10.0,4.0,19.0
2025-11-24,daily,all subpops,all ages,new_H,baseline,10.0,4.0,19.0
2025-11-25,daily,all subpops,all ages,new_H,baseline,11.0,5.0,20.0
2025-11-26,daily,all subpops,all ages,new_H,baseline,12.0,4.0,22.0
2025-11-27,daily,all subpops,all ages,new_H,baseline,13.0,5.0,23.350000000000023
2025-11-28,daily,all subpops,all ages,new_H,baseline,14.0,6.0,24.0
2025-11-29,daily,all subpops,all ages,new_H,baseline,15.0,6.0,25.700000000000045
2025-11-30,daily,all subpops,all ages,new_H,baseline,16.0,7.0,27.350000000000023
2025-12-01,daily,all subpops,all ages,new_H,baseline,16.0,7.0,28.0
2025-12-02,daily,all subpops,all ages,new_H,baseline,17.0,8.0,30.0
2025-12-03,daily,all subpops,all ages,new_H,baseline,19.0,8.0,32.0
2025-12-04,daily,all subpops,all ages,new_H,baseline,21.0,9.65,34.35000000000002
2025-12-05,daily,all subpops,all ages,new_H,baseline,23.0,11.0,39.0
2025-12-06,daily,all subpops,all ages,new_H,baseline,26.0,13.0,43.0
2025-12-07,daily,all subpops,all ages,new_H,baseline,28.0,15.0,46.0
2025-12-08,daily,all subpops,all ages,new_H,baseline,30.0,16.0,48.0
2025-12-09,daily,all subpops,all ages,new_H,baseline,34.0,18.0,53.35000000000002
2025-12-10,daily,all subpops,all ages,new_H,baseline,37.0,21.0,61.35000000000002
2025-12-11,daily,all subpops,all ages,new_H,baseline,41.0,23.0,66.0
2025-12-12,daily,all subpops,all ages,new_H,baseline,46.0,26.0,72.0
2025-12-13,daily,all subpops,all ages,new_H,baseline,54.0,30.0,82.0
2025-12-14,daily,all subpops,all ages,new_H,baseline,58.0,34.0,90.35000000000002
2025-12-15,daily,all subpops,all ages,new_H,baseline,62.0,34.65,95.0
2025-12-16,daily,all subpops,all ages,new_H,baseline,69.0,39.65,105.35000000000002
2025-12-17,daily,all subpops,all ages,new_H,baseline,78.0,44.0,119.0
2025-12-18,daily,all subpops,all ages,new_H,baseline,88.0,53.3,132.35000000000002
2025-12-19,daily,all subpops,all ages,new_H,baseline,99.0,58.65,145.35000000000002
2025-12-20,daily,all subpops,all ages,new_H,baseline,111.0,66.65,161.35000000000002
2025-12-21,daily,all subpops,all ages,new_H,baseline,118.0,71.0,172.05000000000007
2025-12-22,daily,all subpops,all ages,new_H,baseline,125.0,76.3,190.35000000000002
2025-12-23,daily,all subpops,all ages,new_H,baseline,135.0,86.0,200.0
2025-12-24,daily,all subpops,all ages,new_H,baseline,147.0,90.3,213.0
2025-12-25,daily,all subpops,all ages,new_H,baseline,158.0,98.0,231.70000000000005
2025-12-26,daily,all subpops,all ages,new_H,baseline,161.0,99.65,233.70000000000005
2025-12-27,daily,all subpops,all ages,new_H,baseline,167.0,104.0,246.35000000000002
2025-12-28,daily,all subpops,all ages,new_H,baseline,173.0,106.65,247.4000000000001
2025-12-29,daily,all subpops,all ages,new_H,baseline,171.0,105.65,249.70000000000005
2025-12-30,daily,all subpops,all ages,new_H,baseline,170.0,106.65,245.0
2025-12-31,daily,all subpops,all ages,new_H,baseline,168.0,107.3,235.0
2026-01-01,daily,all subpops,all ages,new_H,baseline,165.0,107.3,237.35000000000002
2026-01-02,daily,all subpops,all ages,new_H,baseline,161.0,101.0,232.0
2026-01-03,daily,all subpops,all ages,new_H,baseline,158.0,96.65,221.35000000000002
2026-01-04,daily,all subpops,all ages,new_H,baseline,149.0,94.0,211.35000000000002
2026-01-05,daily,all subpops,all ages,new_H,baseline,142.0,89.3,201.0
2026-01-06,daily,all subpops,all ages,new_H,baseline,135.0,87.0,189.0
2026-01-07,daily,all subpops,all ages,new_H,baseline,127.0,82.65,175.35000000000002
2026-01-08,daily,all subpops,all ages,new_H,baseline,119.0,77.65,171.0
2026-01-09,daily,all subpops,all ages,new_H,baseline,113.0,75.0,155.0
2026-01-10,daily,all subpops,all ages,new_H,baseline,107.0,69.0,152.35000000000002
2026-01-11,daily,all subpops,all ages,new_H,baseline,100.0,65.0,141.0
2026-01-12,daily,all subpops,all ages,new_H,baseline,92.0,58.0,132.35000000000002
2026-01-13,daily,all subpops,all ages,new_H,baseline,85.0,54.65,118.0
2026-01-14,daily,all subpops,all ages,new_H,baseline,77.0,50.0,112.0
2026-01-15,daily,all subpops,all ages,new_H,baseline,72.0,45.0,101.35000000000002
2026-01-16,daily,all subpops,all ages,new_H,baseline,68.0,42.0,96.0
2026-01-17,daily,all subpops,all ages,new_H,baseline,63.0,39.65,91.0
2026-01-18,daily,all subpops,all ages,new_H,baseline,58.0,36.65,82.35000000000002
2026-01-19,daily,all subpops,all ages,new_H,baseline,52.0,30.65,76.35000000000002
2026-01-20,daily,all subpops,all ages,new_H,baseline,47.0,29.65,68.0
2026-01-21,daily,all subpops,all ages,new_H,baseline,44.0,26.0,62.35000000000002
2026-01-22,daily,all subpops,all ages,new_H,baseline,41.0,25.0,59.0
2026-01-23,daily,all subpops,all ages,new_H,baseline,37.0,21.0,54.35000000000002
2026-01-24,daily,all subpops,all ages,new_H,baseline,35.0,20.0,50.0
2026-01-25,daily,all subpops,all ages,new_H,baseline,32.0,19.0,47.0
2026-01-26,daily,all subpops,all ages,new_H,baseline,29.0,17.0,44.0
2026-01-27,daily,all subpops,all ages,new_H,baseline,27.0,16.65,40.0
2026-01-28,daily,all subpops,all ages,new_H,baseline,25.0,14.0,38.0
2026-01-29,daily,all subpops,all ages,new_H,baseline,24.0,13.0,36.0
2026-01-30,daily,all subpops,all ages,new_H,baseline,23.0,13.0,34.0
2026-01-31,daily,all subpops,all ages,new_H,baseline,22.0,12.0,34.0
2026-02-01,daily,all subpops,all ages,new_H,baseline,21.0,12.0,31.0
2026-02-02,daily,all subpops,all ages,new_H,baseline,19.0,11.0,29.0
2026-02-03,daily,all subpops,all ages,new_H,baseline,18.0,9.0,28.0
2026-02-04,daily,all subpops,all ages,new_H,baseline,18.0,9.0,27.0
2026-02-05,daily,all subpops,all ages,new_H,baseline,17.0,9.0,26.0
2026-02-06,daily,all subpops,all ages,new_H,baseline,16.0,8.0,26.0
2026-02-07,daily,all subpops,all ages,new_H,baseline,16.0,8.0,26.0
2026-02-08,daily,all subpops,all ages,new_H,baseline,15.0,7.0,24.0
2026-02-09,daily,all subpops,all ages,new_H,baseline,14.0,7.0,24.0
2026-02-10,daily,all subpops,all ages,new_H,baseline,14.0,7.0,23.0
2026-02-11,daily,all subpops,all ages,new_H,baseline,13.0,7.0,21.350000000000023
2026-02-12,daily,all subpops,all ages,new_H,baseline,13.0,6.0,21.0
2026-02-13,daily,all subpops,all ages,new_H,baseline,13.0,6.0,21.0
2026-02-14,daily,all subpops,all ages,new_H,baseline,12.0,6.0,20.350000000000023
2026-02-15,daily,all subpops,all ages,new_H,baseline,12.0,6.0,20.0
2026-02-16,daily,all subpops,all ages,new_H,baseline,12.0,6.0,20.0
2026-02-17,daily,all subpops,all ages,new_H,baseline,11.0,5.0,19.0
2026-02-18,daily,all subpops,all ages,new_H,baseline,10.0,5.0,18.0
2026-02-19,daily,all subpops,all ages,new_H,baseline,10.0,4.65,18.0
2026-02-20,daily,all subpops,all ages,new_H,baseline,10.0,5.0,17.0
2026-02-21,daily,all subpops,all ages,new_H,baseline,10.0,4.0,17.0
2026-02-22,daily,all subpops,all ages,new_H,baseline,9.0,3.0,16.0
2026-02-23,daily,all subpops,all ages,new_H,baseline,8.0,3.0,15.0
2026-02-24,daily,all subpops,all ages,new_H,baseline,8.0,3.0,14.350000000000023
2026-02-25,daily,all subpops,all ages,new_H,baseline,8.0,3.0,14.350000000000023
2026-02-26,daily,all subpops,all ages,new_H,baseline,8.0,3.0,14.0
2026-02-27,daily,all subpops,all ages,new_H,baseline,8.0,3.0,15.0
2026-02-28,daily,all subpops,all ages,new_H,baseline,8.0,3.0,15.0
2026-03-01,daily,all subpops,all ages,new_H,baseline,8.0,3.0,14.0
2026-03-02,daily,all subpops,all ages,new_H,baseline,8.0,3.0,14.0
2026-03-03,daily,all subpops,all ages,new_H,baseline,8.0,3.0,14.0
2026-03-04,daily,all subpops,all ages,new_H,baseline,8.0,3.0,14.0
2026-03-05,daily,all subpops,all ages,new_H,baseline,7.0,2.6500000000000004,14.0
2026-03-06,daily,all subpops,all ages,new_H,baseline,8.0,3.0,14.350000000000023
2026-03-07,daily,all subpops,all ages,new_H,baseline,8.0,3.0,14.0
2026-03-08,daily,all subpops,all ages,new_H,baseline,8.0,3.0,13.350000000000023
2026-03-09,daily,all subpops,all ages,new_H,baseline,7.0,2.6500000000000004,13.0
2026-03-10,daily,all subpops,all ages,new_H,baseline,7.0,2.0,13.0
2026-03-11,daily,all subpops,all ages,new_H,baseline,7.0,2.0,12.0
2026-03-12,daily,all subpops,all ages,new_H,baseline,7.0,2.0,12.0
2026-03-13,daily,all subpops,all ages,new_H,baseline,6.0,2.0,12.0
2026-03-14,daily,all subpops,all ages,new_H,baseline,6.0,2.0,12.0
2026-03-15,daily,all subpops,all ages,new_H,baseline,6.0,2.0,11.0
2026-03-16,daily,all subpops,all ages,new_H,baseline,6.0,2.0,11.0
2026-03-17,daily,all subpops,all ages,new_H,baseline,5.0,1.0,11.0
2026-03-18,daily,all subpops,all ages,new_H,baseline,5.0,1.0,10.0
2026-03-19,daily,all subpops,all ages,new_H,baseline,5.0,1.6500000000000004,10.350000000000023
2026-03-20,daily,all subpops,all ages,new_H,baseline,5.0,1.0,10.0
2026-03-21,daily,all subpops,all ages,new_H,baseline,5.0,1.0,10.0
2026-03-22,daily,all subpops,all ages,new_H,baseline,5.0,1.0,10.0
2026-03-23,daily,all subpops,all ages,new_H,baseline,5.0,1.0,9.0
2026-03-24,daily,all subpops,all ages,new_H,baseline,4.0,1.0,9.0
2026-03-25,daily,all subpops,all ages,new_H,baseline,4.0,1.0,9.0
2026-03-26,daily,all subpops,all ages,new_H,baseline,4.0,1.0,9.0
2026-03-27,daily,all subpops,all ages,new_H,baseline,4.0,1.0,9.0
2026-03-28,daily,all subpops,all ages,new_H,baseline,5.0,1.0,9.0
2026-03-29,daily,all subpops,all ages,new_H,baseline,4.0,1.0,9.0
2026-03-30,daily,all subpops,all ages,new_H,baseline,4.0,1.0,9.0
2026-03-31,daily,all subpops,all ages,new_H,baseline,5.0,1.0,9.0
2026-04-01,daily,all subpops,all ages,new_H,baseline,5.0,1.0,9.0
2026-04-02,daily,all subpops,all ages,new_H,baseline,4.0,1.0,9.0
2026-04-03,daily,all subpops,all ages,new_H,baseline,4.0,1.0,9.0
2026-04-04,daily,all subpops,all ages,new_H,baseline,4.0,1.0,9.0
2026-04-05,daily,all subpops,all ages,new_H,baseline,4.0,1.0,9.350000000000023
2026-04-06,daily,all subpops,all ages,new_H,baseline,4.0,1.0,9.0
2026-04-07,daily,all subpops,all ages,new_H,baseline,4.0,1.0,9.0
2026-04-08,daily,all subpops,all ages,new_H,baseline,4.0,1.0,9.0
2026-04-09,daily,all subpops,all ages,new_H,baseline,4.0,1.0,9.0
2026-04-10,daily,all subpops,all ages,new_H,baseline,5.0,1.0,9.0
2026-04-11,daily,all subpops,all ages,new_H,baseline,4.0,1.0,9.350000000000023
2026-04-12,daily,all subpops,all ages,new_H,baseline,4.0,1.0,9.0
2026-04-13,daily,all subpops,all ages,new_H,baseline,4.0,1.0,9.0
2026-04-14,daily,all subpops,all ages,new_H,baseline,4.0,1.0,9.0
2026-04-15,daily,all subpops,all ages,new_H,baseline,4.0,0.0,9.0
2026-04-16,daily,all subpops,all ages,new_H,baseline,4.0,1.0,8.0
2026-04-17,daily,all subpops,all ages,new_H,baseline,3.0,0.0,8.0
2026-04-18,daily,all subpops,all ages,new_H,baseline,3.0,0.0,8.0
2026-04-19,daily,all subpops,all ages,new_H,baseline,3.0,0.0,8.0
2026-04-20,daily,all subpops,all ages,new_H,baseline,3.0,0.0,7.0
2026-04-21,daily,all subpops,all ages,new_H,baseline,3.0,0.0,7.0
2026-04-22,daily,all subpops,all ages,new_H,baseline,3.0,0.0,7.0
2026-04-23,daily,all subpops,all ages,new_H,baseline,3.0,0.0,7.0
2026-04-24,daily,all subpops,all ages,new_H,baseline,3.0,0.0,7.0
2026-04-25,daily,all subpops,all ages,new_H,baseline,3.0,0.0,7.0
2026-04-26,daily,all subpops,all ages,new_H,baseline,3.0,0.0,7.0
2026-04-27,daily,all subpops,all ages,new_H,baseline,2.0,0.0,6.350000000000023
2026-04-28,daily,all subpops,all ages,new_H,baseline,2.0,0.0,6.0
2026-04-29,daily,all subpops,all ages,new_H,baseline,2.0,0.0,6.0
2026-04-30,daily,all subpops,all ages,new_H,baseline,2.0,0.0,6.0
2026-05-01,daily,all subpops,all ages,new_H,baseline,2.0,0.0,5.0
2026-05-02,daily,all subpops,all ages,new_H,baseline,2.0,0.0,6.0
2026-05-03,daily,all subpops,all ages,new_H,baseline,2.0,0.0,6.0
2026-05-04,daily,all subpops,all ages,new_H,baseline,2.0,0.0,5.0
2026-05-05,daily,all subpops,all ages,new_H,baseline,2.0,0.0,5.0
2026-05-06,daily,all subpops,all ages,new_H,baseline,2.0,0.0,5.0
2026-05-07,daily,all subpops,all ages,new_H,baseline,2.0,0.0,5.0
2026-05-08,daily,all subpops,all ages,new_H,baseline,1.0,0.0,5.0
2025-09-01,cumulative,all subpops,all ages,new_H,baseline,0.0,0.0,2.0
2025-09-02,cumulative,all subpops,all ages,new_H,baseline,1.0,0.0,3.0
2025-09-03,cumulative,all subpops,all ages,new_H,baseline,2.0,0.0,5.0
2025-09-04,cumulative,all subpops,all ages,new_H,baseline,3.0,0.0,7.0
2025-09-05,cumulative,all subpops,all ages,new_H,baseline,4.0,1.0,8.0
2025-09-06,cumulative,all subpops,all ages,new_H,baseline,5.0,1.0,10.0
2025-09-07,cumulative,all subpops,all ages,new_H,baseline,6.0,2.0,11.0
2025-09-08,cumulative,all subpops,all ages,new_H,baseline,7.0,2.0,12.350000000000023
2025-09-09,cumulative,all subpops,all ages,new_H,baseline,8.0,3.0,14.0
2025-09-10,cumulative,all subpops,all ages,new_H,baseline,9.0,3.0,15.0
2025-09-11,cumulative,all subpops,all ages,new_H,baseline,10.0,4.0,16.0
2025-09-12,cumulative,all subpops,all ages,new_H,baseline,11.0,5.0,18.0
2025-09-13,cumulative,all subpops,all ages,new_H,baseline,12.0,6.0,19.0
2025-09-14,cumulative,all subpops,all ages,new_H,baseline,13.0,6.0,21.0
2025-09-15,cumulative,all subpops,all ages,new_H,baseline,14.0,7.0,22.0
2025-09-16,cumulative,all subpops,all ages,new_H,baseline,15.0,8.0,24.0
2025-09-17,cumulative,all subpops,all ages,new_H,baseline,16.0,9.0,26.0
2025-09-18,cumulative,all subpops,all ages,new_H,baseline,18.0,10.0,27.0
2025-09-19,cumulative,all subpops,all ages,new_H,baseline,19.0,11.0,29.0
2025-09-20,cumulative,all subpops,all ages,new_H,baseline,21.0,13.0,31.0
2025-09-21,cumulative,all subpops,all ages,new_H,baseline,23.0,13.65,32.0
2025-09-22,cumulative,all subpops,all ages,new_H,baseline,24.0,15.0,35.0
2025-09-23,cumulative,all subpops,all ages,new_H,baseline,26.0,16.0,38.0
2025-09-24,cumulative,all subpops,all ages,new_H,baseline,28.0,17.0,40.0
2025-09-25,cumulative,all subpops,all ages,new_H,baseline,30.0,18.0,43.0
2025-09-26,cumulative,all subpops,all ages,new_H,baseline,32.0,19.65,45.0
2025-09-27,cumulative,all subpops,all ages,new_H,baseline,34.0,22.0,48.0
2025-09-28,cumulative,all subpops,all ages,new_H,baseline,36.0,23.0,50.35000000000002
2025-09-29,cumulative,all subpops,all ages,new_H,baseline,38.0,25.0,53.0
2025-09-30,cumulative,all subpops,all ages,new_H,baseline,40.0,26.0,55.35000000000002
2025-10-01,cumulative,all subpops,all ages,new_H,baseline,41.0,27.0,57.35000000000002
2025-10-02,cumulative,all subpops,all ages,new_H,baseline,44.0,29.0,60.0
2025-10-03,cumulative,all subpops,all ages,new_H,baseline,46.0,30.0,63.0
2025-10-04,cumulative,all subpops,all ages,new_H,baseline,48.0,31.65,66.0
2025-10-05,cumulative,all subpops,all ages,new_H,baseline,50.0,33.0,69.0
2025-10-06,cumulative,all subpops,all ages,new_H,baseline,52.0,35.0,71.0
2025-10-07,cumulative,all subpops,all ages,new_H,baseline,54.0,37.65,74.0
2025-10-08,cumulative,all subpops,all ages,new_H,baseline,56.0,38.65,77.35000000000002
2025-10-09,cumulative,all subpops,all ages,new_H,baseline,59.0,40.0,80.0
2025-10-10,cumulative,all subpops,all ages,new_H,baseline,61.0,42.0,83.0
2025-10-11,cumulative,all subpops,all ages,new_H,baseline,63.0,43.65,87.0
2025-10-12,cumulative,all subpops,all ages,new_H,baseline,66.0,45.0,90.0
2025-10-13,cumulative,all subpops,all ages,new_H,baseline,69.0,46.0,92.35000000000002
2025-10-14,cumulative,all subpops,all ages,new_H,baseline,71.0,48.0,96.0
2025-10-15,cumulative,all subpops,all ages,new_H,baseline,73.0,50.0,100.0
2025-10-16,cumulative,all subpops,all ages,new_H,baseline,76.0,51.65,104.0
2025-10-17,cumulative,all subpops,all ages,new_H,baseline,78.0,54.0,105.35000000000002
2025-10-18,cumulative,all subpops,all ages,new_H,baseline,81.0,56.0,109.0
2025-10-19,cumulative,all subpops,all ages,new_H,baseline,83.0,58.65,114.0
2025-10-20,cumulative,all subpops,all ages,new_H,baseline,86.0,60.0,118.35000000000002
2025-10-21,cumulative,all subpops,all ages,new_H,baseline,88.0,63.0,122.35000000000002
2025-10-22,cumulative,all subpops,all ages,new_H,baseline,91.0,64.0,126.0
2025-10-23,cumulative,all subpops,all ages,new_H,baseline,94.0,65.65,129.35000000000002
2025-10-24,cumulative,all subpops,all ages,new_H,baseline,97.0,68.0,134.0
2025-10-25,cumulative,all subpops,all ages,new_H,baseline,100.0,70.0,139.0
2025-10-26,cumulative,all subpops,all ages,new_H,baseline,103.0,72.0,142.0
2025-10-27,cumulative,all subpops,all ages,new_H,baseline,106.0,74.0,144.35000000000002
2025-10-28,cumulative,all subpops,all ages,new_H,baseline,109.0,75.0,149.35000000000002
2025-10-29,cumulative,all subpops,all ages,new_H,baseline,112.0,77.0,154.0
2025-10-30,cumulative,all subpops,all ages,new_H,baseline,115.0,79.0,159.0
2025-10-31,cumulative,all subpops,all ages,new_H,baseline,119.0,81.0,162.35000000000002
2025-11-01,cumulative,all subpops,all ages,new_H,baseline,123.0,84.0,167.35000000000002
2025-11-02,cumulative,all subpops,all ages,new_H,baseline,126.0,86.0,173.0
2025-11-03,cumulative,all subpops,all ages,new_H,baseline,129.0,88.0,177.70000000000005
2025-11-04,cumulative,all subpops,all ages,new_H,baseline,132.0,91.3,183.0
2025-11-05,cumulative,all subpops,all ages,new_H,baseline,136.0,93.65,187.70000000000005
2025-11-06,cumulative,all subpops,all ages,new_H,baseline,139.0,97.0,191.70000000000005
2025-11-07,cumulative,all subpops,all ages,new_H,baseline,143.0,99.3,197.35000000000002
2025-11-08,cumulative,all subpops,all ages,new_H,baseline,147.0,101.65,203.0
2025-11-09,cumulative,all subpops,all ages,new_H,baseline,151.0,105.65,210.0
2025-11-10,cumulative,all subpops,all ages,new_H,baseline,156.0,108.0,215.0
2025-11-11,cumulative,all subpops,all ages,new_H,baseline,160.0,110.65,221.0
2025-11-12,cumulative,all subpops,all ages,new_H,baseline,165.0,115.65,229.0
2025-11-13,cumulative,all subpops,all ages,new_H,baseline,169.0,118.3,235.35000000000002
2025-11-14,cumulative,all subpops,all ages,new_H,baseline,175.0,121.95,242.35000000000002
2025-11-15,cumulative,all subpops,all ages,new_H,baseline,180.0,125.65,250.35000000000002
2025-11-16,cumulative,all subpops,all ages,new_H,baseline,186.0,127.65,257.70000000000005
2025-11-17,cumulative,all subpops,all ages,new_H,baseline,192.0,132.65,267.0
2025-11-18,cumulative,all subpops,all ages,new_H,baseline,198.0,138.65,277.0
2025-11-19,cumulative,all subpops,all ages,new_H,baseline,205.0,142.0,288.0
2025-11-20,cumulative,all subpops,all ages,new_H,baseline,213.0,147.65,298.35
2025-11-21,cumulative,all subpops,all ages,new_H,baseline,222.0,154.65,311.35
2025-11-22,cumulative,all subpops,all ages,new_H,baseline,231.0,160.65,326.0
2025-11-23,cumulative,all subpops,all ages,new_H,baseline,241.0,163.3,342.70000000000005
2025-11-24,cumulative,all subpops,all ages,new_H,baseline,251.0,171.95,358.35
2025-11-25,cumulative,all subpops,all ages,new_H,baseline,263.0,180.0,371.4000000000001
2025-11-26,cumulative,all subpops,all ages,new_H,baseline,276.0,190.65,392.70000000000005
2025-11-27,cumulative,all subpops,all ages,new_H,baseline,290.0,200.0,410.35
2025-11-28,cumulative,all subpops,all ages,new_H,baseline,303.0,206.0,429.4000000000001
2025-11-29,cumulative,all subpops,all ages,new_H,baseline,318.0,217.65,453.35
2025-11-30,cumulative,all subpops,all ages,new_H,baseline,334.0,226.65,474.35
2025-12-01,cumulative,all subpops,all ages,new_H,baseline,351.0,236.9,502.70000000000005
2025-12-02,cumulative,all subpops,all ages,new_H,baseline,367.0,248.15,527.7
2025-12-03,cumulative,all subpops,all ages,new_H,baseline,385.0,258.95,557.0
2025-12-04,cumulative,all subpops,all ages,new_H,baseline,409.0,270.3,585.1000000000001
2025-12-05,cumulative,all subpops,all ages,new_H,baseline,431.0,284.3,620.7
2025-12-06,cumulative,all subpops,all ages,new_H,baseline,457.0,305.0,661.1000000000001
2025-12-07,cumulative,all subpops,all ages,new_H,baseline,486.0,326.95,699.4500000000002
2025-12-08,cumulative,all subpops,all ages,new_H,baseline,516.0,351.65,745.7500000000001
2025-12-09,cumulative,all subpops,all ages,new_H,baseline,549.0,369.65,792.5000000000002
2025-12-10,cumulative,all subpops,all ages,new_H,baseline,587.0,389.9,855.0
2025-12-11,cumulative,all subpops,all ages,new_H,baseline,628.0,411.3,916.35
2025-12-12,cumulative,all subpops,all ages,new_H,baseline,675.0,441.65,984.7
2025-12-13,cumulative,all subpops,all ages,new_H,baseline,726.0,478.6,1056.7
2025-12-14,cumulative,all subpops,all ages,new_H,baseline,783.0,516.0,1143.7
2025-12-15,cumulative,all subpops,all ages,new_H,baseline,847.0,550.65,1233.35
2025-12-16,cumulative,all subpops,all ages,new_H,baseline,918.0,594.6,1342.35
2025-12-17,cumulative,all subpops,all ages,new_H,baseline,995.0,638.6,1453.75
2025-12-18,cumulative,all subpops,all ages,new_H,baseline,1085.0,694.8,1573.4500000000003
2025-12-19,cumulative,all subpops,all ages,new_H,baseline,1185.0,752.75,1707.7
2025-12-20,cumulative,all subpops,all ages,new_H,baseline,1293.0,829.8,1867.35
2025-12-21,cumulative,all subpops,all ages,new_H,baseline,1410.0,896.9,2024.4500000000003
2025-12-22,cumulative,all subpops,all ages,new_H,baseline,1535.0,989.25,2209.4500000000003
2025-12-23,cumulative,all subpops,all ages,new_H,baseline,1670.0,1086.25,2398.4
2025-12-24,cumulative,all subpops,all ages,new_H,baseline,1811.0,1182.35,2609.4500000000003
2025-12-25,cumulative,all subpops,all ages,new_H,baseline,1974.0,1279.15,2839.05
2025-12-26,cumulative,all subpops,all ages,new_H,baseline,2135.0,1384.15,3051.3500000000004
2025-12-27,cumulative,all subpops,all ages,new_H,baseline,2308.0,1487.0,3302.5
2025-12-28,cumulative,all subpops,all ages,new_H,baseline,2478.0,1619.8,3538.0500000000006
2025-12-29,cumulative,all subpops,all ages,new_H,baseline,2641.0,1740.45,3783.1000000000004
2025-12-30,cumulative,all subpops,all ages,new_H,baseline,2814.0,1849.7,4013.1500000000005
2025-12-31,cumulative,all subpops,all ages,new_H,baseline,2983.0,1971.4,4229.550000000001
2026-01-01,cumulative,all subpops,all ages,new_H,baseline,3155.0,2076.0,4463.550000000001
2026-01-02,cumulative,all subpops,all ages,new_H,baseline,3314.0,2198.25,4692.050000000001
2026-01-03,cumulative,all subpops,all ages,new_H,baseline,3479.0,2302.15,4907.450000000002
2026-01-04,cumulative,all subpops,all ages,new_H,baseline,3625.0,2402.9,5102.700000000002
2026-01-05,cumulative,all subpops,all ages,new_H,baseline,3762.0,2497.7,5276.400000000002
2026-01-06,cumulative,all subpops,all ages,new_H,baseline,3894.0,2583.3,5476.300000000002
2026-01-07,cumulative,all subpops,all ages,new_H,baseline,4032.0,2662.1,5641.900000000002
2026-01-08,cumulative,all subpops,all ages,new_H,baseline,4153.0,2745.75,5805.350000000002
2026-01-09,cumulative,all subpops,all ages,new_H,baseline,4269.0,2828.85,5953.250000000002
2026-01-10,cumulative,all subpops,all ages,new_H,baseline,4375.0,2904.95,6097.300000000002
2026-01-11,cumulative,all subpops,all ages,new_H,baseline,4465.0,2979.85,6236.200000000003
2026-01-12,cumulative,all subpops,all ages,new_H,baseline,4552.0,3035.1,6356.400000000003
2026-01-13,cumulative,all subpops,all ages,new_H,baseline,4640.0,3096.4,6452.850000000003
2026-01-14,cumulative,all subpops,all ages,new_H,baseline,4714.0,3149.7,6561.900000000002
2026-01-15,cumulative,all subpops,all ages,new_H,baseline,4787.0,3187.65,6657.050000000002
2026-01-16,cumulative,all subpops,all ages,new_H,baseline,4859.0,3244.2,6747.100000000002
2026-01-17,cumulative,all subpops,all ages,new_H,baseline,4927.0,3285.8,6824.650000000002
2026-01-18,cumulative,all subpops,all ages,new_H,baseline,4979.0,3329.3,6909.000000000002
2026-01-19,cumulative,all subpops,all ages,new_H,baseline,5036.0,3370.2,6987.050000000002
2026-01-20,cumulative,all subpops,all ages,new_H,baseline,5078.0,3404.55,7053.050000000002
2026-01-21,cumulative,all subpops,all ages,new_H,baseline,5127.0,3439.55,7110.350000000002
2026-01-22,cumulative,all subpops,all ages,new_H,baseline,5169.0,3471.8,7163.500000000002
2026-01-23,cumulative,all subpops,all ages,new_H,baseline,5204.0,3494.6,7210.700000000002
2026-01-24,cumulative,all subpops,all ages,new_H,baseline,5240.0,3529.1,7266.500000000002
2026-01-25,cumulative,all subpops,all ages,new_H,baseline,5271.0,3552.8,7298.700000000002
2026-01-26,cumulative,all subpops,all ages,new_H,baseline,5302.0,3573.8,7339.900000000002
2026-01-27,cumulative,all subpops,all ages,new_H,baseline,5326.0,3603.4,7375.750000000002
2026-01-28,cumulative,all subpops,all ages,new_H,baseline,5354.0,3621.5,7408.850000000002
2026-01-29,cumulative,all subpops,all ages,new_H,baseline,5381.0,3641.0,7443.750000000002
2026-01-30,cumulative,all subpops,all ages,new_H,baseline,5399.0,3658.25,7476.200000000002
2026-01-31,cumulative,all subpops,all ages,new_H,baseline,5417.0,3678.55,7505.100000000001
2026-02-01,cumulative,all subpops,all ages,new_H,baseline,5440.0,3695.2,7528.500000000002
2026-02-02,cumulative,all subpops,all ages,new_H,baseline,5459.0,3708.55,7557.700000000002
2026-02-03,cumulative,all subpops,all ages,new_H,baseline,5480.0,3720.25,7582.950000000002
2026-02-04,cumulative,all subpops,all ages,new_H,baseline,5501.0,3732.65,7603.300000000001
2026-02-05,cumulative,all subpops,all ages,new_H,baseline,5522.0,3746.15,7621.6500000000015
2026-02-06,cumulative,all subpops,all ages,new_H,baseline,5538.0,3761.0,7647.500000000002
2026-02-07,cumulative,all subpops,all ages,new_H,baseline,5550.0,3770.35,7668.050000000002
2026-02-08,cumulative,all subpops,all ages,new_H,baseline,5558.0,3779.3,7684.250000000002
2026-02-09,cumulative,all subpops,all ages,new_H,baseline,5574.0,3791.95,7697.950000000003
2026-02-10,cumulative,all subpops,all ages,new_H,baseline,5587.0,3800.9,7717.150000000002
2026-02-11,cumulative,all subpops,all ages,new_H,baseline,5599.0,3810.9,7735.450000000002
2026-02-12,cumulative,all subpops,all ages,new_H,baseline,5616.0,3819.45,7745.450000000002
2026-02-13,cumulative,all subpops,all ages,new_H,baseline,5627.0,3831.45,7759.800000000002
2026-02-14,cumulative,all subpops,all ages,new_H,baseline,5638.0,3844.2,7774.550000000002
2026-02-15,cumulative,all subpops,all ages,new_H,baseline,5653.0,3856.75,7789.500000000002
2026-02-16,cumulative,all subpops,all ages,new_H,baseline,5668.0,3867.45,7800.250000000002
2026-02-17,cumulative,all subpops,all ages,new_H,baseline,5682.0,3878.0,7807.650000000002
2026-02-18,cumulative,all subpops,all ages,new_H,baseline,5693.0,3887.6,7822.500000000002
2026-02-19,cumulative,all subpops,all ages,new_H,baseline,5704.0,3895.65,7834.350000000002
2026-02-20,cumulative,all subpops,all ages,new_H,baseline,5713.0,3905.85,7847.600000000002
2026-02-21,cumulative,all subpops,all ages,new_H,baseline,5720.0,3915.85,7855.300000000002
2026-02-22,cumulative,all subpops,all ages,new_H,baseline,5734.0,3921.2,7866.950000000002
2026-02-23,cumulative,all subpops,all ages,new_H,baseline,5741.0,3925.2,7878.450000000002
2026-02-24,cumulative,all subpops,all ages,new_H,baseline,5749.0,3933.5,7892.000000000002
2026-02-25,cumulative,all subpops,all ages,new_H,baseline,5757.0,3942.2,7899.4000000000015
2026-02-26,cumulative,all subpops,all ages,new_H,baseline,5765.0,3945.5,7906.050000000002
2026-02-27,cumulative,all subpops,all ages,new_H,baseline,5773.0,3951.8,7918.6500000000015
2026-02-28,cumulative,all subpops,all ages,new_H,baseline,5779.0,3956.55,7927.050000000002
2026-03-01,cumulative,all subpops,all ages,new_H,baseline,5789.0,3960.2,7935.6500000000015
2026-03-02,cumulative,all subpops,all ages,new_H,baseline,5801.0,3965.2,7946.550000000002
2026-03-03,cumulative,all subpops,all ages,new_H,baseline,5808.0,3968.95,7954.1500000000015
2026-03-04,cumulative,all subpops,all ages,new_H,baseline,5816.0,3977.2,7962.1500000000015
2026-03-05,cumulative,all subpops,all ages,new_H,baseline,5822.0,3986.9,7971.100000000001
2026-03-06,cumulative,all subpops,all ages,new_H,baseline,5828.0,3996.2,7980.700000000002
2026-03-07,cumulative,all subpops,all ages,new_H,baseline,5834.0,4002.5,7990.050000000001
2026-03-08,cumulative,all subpops,all ages,new_H,baseline,5841.0,4007.9,8000.6500000000015
2026-03-09,cumulative,all subpops,all ages,new_H,baseline,5846.0,4013.2,8010.950000000002
2026-03-10,cumulative,all subpops,all ages,new_H,baseline,5851.0,4018.55,8015.850000000001
2026-03-11,cumulative,all subpops,all ages,new_H,baseline,5862.0,4025.55,8025.500000000001
2026-03-12,cumulative,all subpops,all ages,new_H,baseline,5868.0,4029.85,8029.250000000001
2026-03-13,cumulative,all subpops,all ages,new_H,baseline,5874.0,4033.6,8035.950000000002
2026-03-14,cumulative,all subpops,all ages,new_H,baseline,5881.0,4039.3,8040.000000000002
2026-03-15,cumulative,all subpops,all ages,new_H,baseline,5889.0,4042.95,8044.700000000002
2026-03-16,cumulative,all subpops,all ages,new_H,baseline,5899.0,4045.3,8049.100000000001
2026-03-17,cumulative,all subpops,all ages,new_H,baseline,5904.0,4050.3,8052.450000000002
2026-03-18,cumulative,all subpops,all ages,new_H,baseline,5911.0,4055.0,8056.800000000001
2026-03-19,cumulative,all subpops,all ages,new_H,baseline,5919.0,4060.0,8062.500000000002
2026-03-20,cumulative,all subpops,all ages,new_H,baseline,5922.0,4064.35,8064.200000000002
2026-03-21,cumulative,all subpops,all ages,new_H,baseline,5927.0,4068.3,8070.200000000002
2026-03-22,cumulative,all subpops,all ages,new_H,baseline,5932.0,4074.25,8075.500000000002
2026-03-23,cumulative,all subpops,all ages,new_H,baseline,5937.0,4076.55,8080.850000000001
2026-03-24,cumulative,all subpops,all ages,new_H,baseline,5942.0,4085.2,8085.850000000001
2026-03-25,cumulative,all subpops,all ages,new_H,baseline,5944.0,4092.15,8090.200000000002
2026-03-26,cumulative,all subpops,all ages,new_H,baseline,5946.0,4095.85,8094.550000000002
2026-03-27,cumulative,all subpops,all ages,new_H,baseline,5953.0,4100.8,8098.550000000002
2026-03-28,cumulative,all subpops,all ages,new_H,baseline,5956.0,4105.75,8103.500000000002
2026-03-29,cumulative,all subpops,all ages,new_H,baseline,5959.0,4111.15,8107.250000000002
2026-03-30,cumulative,all subpops,all ages,new_H,baseline,5965.0,4119.7,8109.300000000002
2026-03-31,cumulative,all subpops,all ages,new_H,baseline,5970.0,4121.0,8115.550000000002
2026-04-01,cumulative,all subpops,all ages,new_H,baseline,5978.0,4125.75,8120.200000000002
2026-04-02,cumulative,all subpops,all ages,new_H,baseline,5981.0,4129.8,8124.850000000001
2026-04-03,cumulative,all subpops,all ages,new_H,baseline,5986.0,4133.15,8129.1500000000015
2026-04-04,cumulative,all subpops,all ages,new_H,baseline,5994.0,4136.6,8131.750000000002
2026-04-05,cumulative,all subpops,all ages,new_H,baseline,5995.0,4142.2,8134.750000000002
2026-04-06,cumulative,all subpops,all ages,new_H,baseline,6005.0,4147.95,8138.4000000000015
2026-04-07,cumulative,all subpops,all ages,new_H,baseline,6009.0,4150.3,8144.350000000001
2026-04-08,cumulative,all subpops,all ages,new_H,baseline,6015.0,4152.4,8148.450000000002
2026-04-09,cumulative,all subpops,all ages,new_H,baseline,6020.0,4156.1,8155.700000000002
2026-04-10,cumulative,all subpops,all ages,new_H,baseline,6024.0,4162.45,8160.050000000001
2026-04-11,cumulative,all subpops,all ages,new_H,baseline,6029.0,4166.5,8168.950000000002
2026-04-12,cumulative,all subpops,all ages,new_H,baseline,6032.0,4171.2,8172.300000000001
2026-04-13,cumulative,all subpops,all ages,new_H,baseline,6034.0,4175.2,8177.600000000001
2026-04-14,cumulative,all subpops,all ages,new_H,baseline,6037.0,4182.15,8183.600000000001
2026-04-15,cumulative,all subpops,all ages,new_H,baseline,6042.0,4186.1,8186.950000000002
2026-04-16,cumulative,all subpops,all ages,new_H,baseline,6045.0,4190.8,8190.600000000001
2026-04-17,cumulative,all subpops,all ages,new_H,baseline,6049.0,4195.85,8193.2
2026-04-18,cumulative,all subpops,all ages,new_H,baseline,6053.0,4200.45,8196.2
2026-04-19,cumulative,all subpops,all ages,new_H,baseline,6055.0,4206.1,8199.500000000002
2026-04-20,cumulative,all subpops,all ages,new_H,baseline,6057.0,4209.75,8202.150000000001
2026-04-21,cumulative,all subpops,all ages,new_H,baseline,6059.0,4211.85,8205.1
2026-04-22,cumulative,all subpops,all ages,new_H,baseline,6064.0,4214.15,8209.400000000001
2026-04-23,cumulative,all subpops,all ages,new_H,baseline,6065.0,4215.2,8212.1
2026-04-24,cumulative,all subpops,all ages,new_H,baseline,6070.0,4217.5,8215.45
2026-04-25,cumulative,all subpops,all ages,new_H,baseline,6074.0,4219.85,8216.45
2026-04-26,cumulative,all subpops,all ages,new_H,baseline,6078.0,4222.5,8218.750000000002
2026-04-27,cumulative,all subpops,all ages,new_H,baseline,6080.0,4223.2,8219.750000000002
2026-04-28,cumulative,all subpops,all ages,new_H,baseline,6081.0,4225.85,8221.400000000001
2026-04-29,cumulative,all subpops,all ages,new_H,baseline,6083.0,4227.9,8222.050000000001
2026-04-30,cumulative,all subpops,all ages,new_H,baseline,6087.0,4231.6,8224.7
2026-05-01,cumulative,all subpops,all ages,new_H,baseline,6088.0,4234.9,8227.7
2026-05-02,cumulative,all subpops,all ages,new_H,baseline,6090.0,4237.85,8228.7
2026-05-03,cumulative,all subpops,all ages,new_H,baseline,6091.0,4240.15,8232.650000000001
2026-05-04,cumulative,all subpops,all ages,new_H,baseline,6094.0,4240.85,8235.95
2026-05-05,cumulative,all subpops,all ages,new_H,baseline,6095.0,4241.85,8237.0
2026-05-06,cumulative,all subpops,all ages,new_H,baseline,6096.0,4243.55,8237.650000000001
2026-05-07,cumulative,all subpops,all ages,new_H,baseline,6098.0,4246.95,8238.35
2026-05-08,cumulative,all subpops,all ages,new_H,baseline,6098.0,4248.6,8238.7
2025-09-01,daily,all subpops,Age 0,new_H,baseline,0.0,0.0,0.0
2025-09-02,daily,all subpops,Age 0,new_H,baseline,0.0,0.0,0.0
2025-09-03,daily,all subpops,Age 0,new_H,baseline,0.0,0.0,0.0
2025-09-04,daily,all subpops,Age 0,new_H,baseline,0.0,0.0,0.0
2025-09-05,daily,all subpops,Age 0,new_H,baseline,0.0,0.0,0.0
2025-09-06,daily,all subpops,Age 0,new_H,baseline,0.0,0.0,0.0
2025-09-07,daily,all subpops,Age 0,new_H,baseline,0.0,0.0,0.0
2025-09-08,daily,all subpops,Age 0,new_H,baseline,0.0,0.0,0.0
2025-09-09,daily,all subpops,Age 0,new_H,baseline,0.0,0.0,0.0
2025-09-10,daily,all subpops,Age 0,new_H,baseline,0.0,0.0,0.0
2025-09-11,daily,all subpops,Age 0,new_H,baseline,0.0,0.0,0.0
2025-09-12,daily,all subpops,Age 0,new_H,baseline,0.0,0.0,0.0
2025-09-13,daily,all subpops,Age 0,new_H,baseline,0.0,0.0,0.0
2025-09-14,daily,all subpops,Age 0,new_H,baseline,0.0,0.0,0.0
2025-09-15,daily,all subpops,Age 0,new_H,baseline,0.0,0.0,0.0
2025-09-16,daily,all subpops,Age 0,new_H,baseline,0.0,0.0,0.0
2025-09-17,daily,all subpops,Age 0,new_H,baseline,0.0,0.0,0.0
2025-09-18,daily,all subpops,Age 0,new_H,baseline,0.0,0.0,0.0
2025-09-19,daily,all subpops,Age 0,new_H,baseline,0.0,0.0,0.0
2025-09-20,daily,all subpops,Age 0,new_H,baseline,0.0,0.0,0.0
2025-09-21,daily,all subpops,Age 0,new_H,baseline,0.0,0.0,0.0
2025-09-22,daily,all subpops,Age 0,new_H,baseline,0.0,0.0,0.0
2025-09-23,daily,all subpops,Age 0,new_H,baseline,0.0,0.0,0.0
2025-09-24,daily,all subpops,Age 0,new_H,baseline,0.0,0.0,0.0
2025-09-25,daily,all subpops,Age 0,new_H,baseline,0.0,0.0,0.0
2025-09-26,daily,all subpops,Age 0,new_H,baseline,0.0,0.0,0.0
2025-09-27,daily,all subpops,Age 0,new_H,baseline,0.0,0.0,0.0
2025-09-28,daily,all subpops,Age 0,new_H,baseline,0.0,0.0,0.0
2025-09-29,daily,all subpops,Age 0,new_H,baseline,0.0,0.0,0.0
2025-09-30,daily,all subpops,Age 0,new_H,baseline,0.0,0.0,0.0
2025-10-01,daily,all subpops,Age 0,new_H,baseline,0.0,0.0,0.0
2025-10-02,daily,all subpops,Age 0,new_H,baseline,0.0,0.0,0.0
2025-10-03,daily,all subpops,Age 0,new_H,baseline,0.0,0.0,0.0
2025-10-04,daily,all subpops,Age 0,new_H,baseline,0.0,0.0,0.0
2025-10-05,daily,all subpops,Age 0,new_H,baseline,0.0,0.0,0.0
2025-10-06,daily,all subpops,Age 0,new_H,baseline,0.0,0.0,0.0
2025-10-07,daily,all subpops,Age 0,new_H,baseline,0.0,0.0,0.0
2025-10-08,daily,all subpops,Age 0,new_H,baseline,0.0,0.0,0.0
2025-10-09,daily,all subpops,Age 0,new_H,baseline,0.0,0.0,0.0
2025-10-10,daily,all subpops,Age 0,new_H,baseline,0.0,0.0,0.0
2025-10-11,daily,all subpops,Age 0,new_H,baseline,0.0,0.0,0.0
2025-10-12,daily,all subpops,Age 0,new_H,baseline,0.0,0.0,0.0
2025-10-13,daily,all subpops,Age 0,new_H,baseline,0.0,0.0,0.0
2025-10-14,daily,all subpops,Age 0,new_H,baseline,0.0,0.0,0.0
2025-10-15,daily,all subpops,Age 0,new_H,baseline,0.0,0.0,0.0
2025-10-16,daily,all subpops,Age 0,new_H,baseline,0.0,0.0,0.0
2025-10-17,daily,all subpops,Age 0,new_H,baseline,0.0,0.0,0.0
2025-10-18,daily,all subpops,Age 0,new_H,baseline,0.0,0.0,1.0
2025-10-19,daily,all subpops,Age 0,new_H,baseline,0.0,0.0,1.0
2025-10-20,daily,all subpops,Age 0,new_H,baseline,0.0,0.0,0.0
2025-10-21,daily,all subpops,Age 0,new_H,baseline,0.0,0.0,0.0
2025-10-22,daily,all subpops,Age 0,new_H,baseline,0.0,0.0,0.0
2025-10-23,daily,all subpops,Age 0,new_H,baseline,0.0,0.0,0.0
2025-10-24,daily,all subpops,Age 0,new_H,baseline,0.0,0.0,0.0
2025-10-25,daily,all subpops,Age 0,new_H,baseline,0.0,0.0,0.0
2025-10-26,daily,all subpops,Age 0,new_H,baseline,0.0,0.0,0.0
2025-10-27,daily,all subpops,Age 0,new_H,baseline,0.0,0.0,0.0
2025-10-28,daily,all subpops,Age 0,new_H,baseline,0.0,0.0,0.0
2025-10-29,daily,all subpops,Age 0,new_H,baseline,0.0,0.0,0.0
2025-10-30,daily,all subpops,Age 0,new_H,baseline,0.0,0.0,0.0
2025-10-31,daily,all subpops,Age 0,new_H,baseline,0.0,0.0,0.0
2025-11-01,daily,all subpops,Age 0,new_H,baseline,0.0,0.0,0.0
2025-11-02,daily,all subpops,Age 0,new_H,baseline,0.0,0.0,0.0
2025-11-03,daily,all subpops,Age 0,new_H,baseline,0.0,0.0,1.0
2025-11-04,daily,all subpops,Age 0,new_H,baseline,0.0,0.0,0.0
2025-11-05,daily,all subpops,Age 0,new_H,baseline,0.0,0.0,1.0
2025-11-06,daily,all subpops,Age 0,new_H,baseline,0.0,0.0,1.0
2025-11-07,daily,all subpops,Age 0,new_H,baseline,0.0,0.0,0.0
2025-11-08,daily,all subpops,Age 0,new_H,baseline,0.0,0.0,1.0
2025-11-09,daily,all subpops,Age 0,new_H,baseline,0.0,0.0,1.0
2025-11-10,daily,all subpops,Age 0,new_H,baseline,0.0,0.0,0.35000000000002274
2025-11-11,daily,all subpops,Age 0,new_H,baseline,0.0,0.0,0.0
2025-11-12,daily,all subpops,Age 0,new_H,baseline,0.0,0.0,1.0
2025-11-13,daily,all subpops,Age 0,new_H,baseline,0.0,0.0,1.0
2025-11-14,daily,all subpops,Age 0,new_H,baseline,0.0,0.0,1.0
2025-11-15,daily,all subpops,Age 0,new_H,baseline,0.0,0.0,1.0
2025-11-16,daily,all subpops,Age 0,new_H,baseline,0.0,0.0,1.0
2025-11-17,daily,all subpops,Age 0,new_H,baseline,0.0,0.0,1.0
2025-11-18,daily,all subpops,Age 0,new_H,baseline,0.0,0.0,1.0
2025-11-19,daily,all subpops,Age 0,new_H,baseline,0.0,0.0,1.0
2025-11-20,daily,all subpops,Age 0,new_H,baseline,0.0,0.0,1.0
2025-11-21,daily,all subpops,Age 0,new_H,baseline,0.0,0.0,1.0
2025-11-22,daily,all subpops,Age 0,new_H,baseline,0.0,0.0,1.0
2025-11-23,daily,all subpops,Age 0,new_H,baseline,0.0,0.0,1.0
2025-11-24,daily,all subpops,Age 0,new_H,baseline,0.0,0.0,1.0
2025-11-25,daily,all subpops,Age 0,new_H,baseline,0.0,0.0,1.0
2025-11-26,daily,all subpops,Age 0,new_H,baseline,0.0,0.0,1.0
2025-11-27,daily,all subpops,Age 0,new_H,baseline,0.0,0.0,1.0
2025-11-28,daily,all subpops,Age 0,new_H,baseline,0.0,0.0,1.0
2025-11-29,daily,all subpops,Age 0,new_H,baseline,0.0,0.0,1.0
2025-11-30,daily,all subpops,Age 0,new_H,baseline,0.0,0.0,1.0
2025-12-01,daily,all subpops,Age 0,new_H,baseline,0.0,0.0,1.0
2025-12-02,daily,all subpops,Age 0,new_H,baseline,0.0,0.0,1.0
2025-12-03,daily,all subpops,Age 0,new_H,baseline,0.0,0.0,1.0
2025-12-04,daily,all subpops,Age 0,new_H,baseline,0.0,0.0,1.0
2025-12-05,daily,all subpops,Age 0,new_H,baseline,0.0,0.0,1.0
2025-12-06,daily,all subpops,Age 0,new_H,baseline,0.0,0.0,1.0
2025-12-07,daily,all subpops,Age 0,new_H,baseline,0.0,0.0,1.0
2025-12-08,daily,all subpops,Age 0,new_H,baseline,0.0,0.0,1.0
2025-12-09,daily,all subpops,Age 0,new_H,baseline,0.0,0.0,2.0
2025-12-10,daily,all subpops,Age 0,new_H,baseline,0.0,0.0,2.0
2025-12-11,daily,all subpops,Age 0,new_H,baseline,0.0,0.0,2.0
2025-12-12,daily,all subpops,Age 0,new_H,baseline,0.0,0.0,2.0
2025-12-13,daily,all subpops,Age 0,new_H,baseline,0.0,0.0,2.0
2025-12-14,daily,all subpops,Age 0,new_H,baseline,0.0,0.0,2.0
2025-12-15,daily,all subpops,Age 0,new_H,baseline,0.0,0.0,2.0
2025-12-16,daily,all subpops,Age 0,new_H,baseline,0.0,0.0,2.0
2025-12-17,daily,all subpops,Age 0,new_H,baseline,0.0,0.0,2.0
2025-12-18,daily,all subpops,Age 0,new_H,baseline,0.0,0.0,3.0
2025-12-19,daily,all subpops,Age 0,new_H,baseline,0.0,0.0,3.0
2025-12-20,daily,all subpops,Age 0,new_H,baseline,1.0,0.0,3.0
2025-12-21,daily,all subpops,Age 0,new_H,baseline,1.0,0.0,3.0
2025-12-22,daily,all subpops,Age 0,new_H,baseline,1.0,0.0,3.0
2025-12-23,daily,all subpops,Age 0,new_H,baseline,1.0,0.0,3.3500000000000227
2025-12-24,daily,all subpops,Age 0,new_H,baseline,1.0,0.0,4.0
2025-12-25,daily,all subpops,Age 0,new_H,baseline,1.0,0.0,3.3500000000000227
2025-12-26,daily,all subpops,Age 0,new_H,baseline,1.0,0.0,4.0
2025-12-27,daily,all subpops,Age 0,new_H,baseline,1.0,0.0,4.0
2025-12-28,daily,all subpops,Age 0,new_H,baseline,1.0,0.0,4.0
2025-12-29,daily,all subpops,Age 0,new_H,baseline,1.0,0.0,4.0
2025-12-30,daily,all subpops,Age 0,new_H,baseline,1.0,0.0,4.0
2025-12-31,daily,all subpops,Age 0,new_H,baseline,1.0,0.0,4.0
2026-01-01,daily,all subpops,Age 0,new_H,baseline,1.0,0.0,4.0
2026-01-02,daily,all subpops,Age 0,new_H,baseline,1.0,0.0,3.0
2026-01-03,daily,all subpops,Age 0,new_H,baseline,1.0,0.0,3.0
2026-01-04,daily,all subpops,Age 0,new_H,baseline,1.0,0.0,4.0
2026-01-05,daily,all subpops,Age 0,new_H,baseline,1.0,0.0,3.3500000000000227
2026-01-06,daily,all subpops,Age 0,new_H,baseline,1.0,0.0,3.0
2026-01-07,daily,all subpops,Age 0,new_H,baseline,1.0,0.0,3.0
2026-01-08,daily,all subpops,Age 0,new_H,baseline,1.0,0.0,3.0
2026-01-09,daily,all subpops,Age 0,new_H,baseline,1.0,0.0,3.0
2026-01-10,daily,all subpops,Age 0,new_H,baseline,1.0,0.0,3.0
2026-01-11,daily,all subpops,Age 0,new_H,baseline,0.0,0.0,2.0
2026-01-12,daily,all subpops,Age 0,new_H,baseline,0.0,0.0,2.0
2026-01-13,daily,all subpops,Age 0,new_H,baseline,0.0,0.0,2.0
2026-01-14,daily,all subpops,Age 0,new_H,baseline,0.0,0.0,2.0
2026-01-15,daily,all subpops,Age 0,new_H,baseline,0.0,0.0,2.0
2026-01-16,daily,all subpops,Age 0,new_H,baseline,0.0,0.0,2.0
2026-01-17,daily,all subpops,Age 0,new_H,baseline,0.0,0.0,2.0
2026-01-18,daily,all subpops,Age 0,new_H,baseline,0.0,0.0,2.0
2026-01-19,daily,all subpops,Age 0,new_H,baseline,0.0,0.0,2.0
2026-01-20,daily,all subpops,Age 0,new_H,baseline,0.0,0.0,2.0
2026-01-21,daily,all subpops,Age 0,new_H,baseline,0.0,0.0,2.0
2026-01-22,daily,all subpops,Age 0,new_H,baseline,0.0,0.0,2.0
2026-01-23,daily,all subpops,Age 0,new_H,baseline,0.0,0.0,2.0
2026-01-24,daily,all subpops,Age 0,new_H,baseline,0.0,0.0,1.0
2026-01-25,daily,all subpops,Age 0,new_H,baseline,0.0,0.0,1.0
2026-01-26,daily,all subpops,Age 0,new_H,baseline,0.0,0.0,1.0
2026-01-27,daily,all subpops,Age 0,new_H,baseline,0.0,0.0,1.0
2026-01-28,daily,all subpops,Age 0,new_H,baseline,0.0,0.0,1.0
2026-01-29,daily,all subpops,Age 0,new_H,baseline,0.0,0.0,1.0
2026-01-30,daily,all subpops,Age 0,new_H,baseline,0.0,0.0,1.0
2026-01-31,daily,all subpops,Age 0,new_H,baseline,0.0,0.0,1.0
2026-02-01,daily,all subpops,Age 0,new_H,baseline,0.0,0.0,1.0
2026-02-02,daily,all subpops,Age 0,new_H,baseline,0.0,0.0,1.0
2026-02-03,daily,all subpops,Age 0,new_H,baseline,0.0,0.0,1.0
2026-02-04,daily,all subpops,Age 0,new_H,baseline,0.0,0.0,1.0
2026-02-05,daily,all subpops,Age 0,new_H,baseline,0.0,0.0,1.0
2026-02-06,daily,all subpops,Age 0,new_H,baseline,0.0,0.0,1.0
2026-02-07,daily,all subpops,Age 0,new_H,baseline,0.0,0.0,1.0
2026-02-08,daily,all subpops,Age 0,new_H,baseline,0.0,0.0,1.0
2026-02-09,daily,all subpops,Age 0,new_H,baseline,0.0,0.0,1.0
2026-02-10,daily,all subpops,Age 0,new_H,baseline,0.0,0.0,1.0
2026-02-11,daily,all subpops,Age 0,new_H,baseline,0.0,0.0,1.0
2026-02-12,daily,all subpops,Age 0,new_H,baseline,0.0,0.0,1.0
2026-02-13,daily,all subpops,Age 0,new_H,baseline,0.0,0.0,1.0
2026-02-14,daily,all subpops,Age 0,new_H,baseline,0.0,0.0,1.0
2026-02-15,daily,all subpops,Age 0,new_H,baseline,0.0,0.0,1.0
2026-02-16,daily,all subpops,Age 0,new_H,baseline,0.0,0.0,1.0
2026-02-17,daily,all subpops,Age 0,new_H,baseline,0.0,0.0,1.0
2026-02-18,daily,all subpops,Age 0,new_H,baseline,0.0,0.0,1.0
2026-02-19,daily,all subpops,Age 0,new_H,baseline,0.0,0.0,1.0
2026-02-20,daily,all subpops,Age 0,new_H,baseline,0.0,0.0,1.0
2026-02-21,daily,all subpops,Age 0,new_H,baseline,0.0,0.0,1.0
2026-02-22,daily,all subpops,Age 0,new_H,baseline,0.0,0.0,1.0
2026-02-23,daily,all subpops,Age 0,new_H,baseline,0.0,0.0,1.0
2026-02-24,daily,all subpops,Age 0,new_H,baseline,0.0,0.0,1.0
2026-02-25,daily,all subpops,Age 0,new_H,baseline,0.0,0.0,1.0
2026-02-26,daily,all subpops,Age 0,new_H,baseline,0.0,0.0,1.0
2026-02-27,daily,all subpops,Age 0,new_H,baseline,0.0,0.0,1.0
2026-02-28,daily,all subpops,Age 0,new_H,baseline,0.0,0.0,1.0
2026-03-01,daily,all subpops,Age 0,new_H,baseline,0.0,0.0,1.0
2026-03-02,daily,all subpops,Age 0,new_H,baseline,0.0,0.0,1.0
2026-03-03,daily,all subpops,Age 0,new_H,baseline,0.0,0.0,1.0
2026-03-04,daily,all subpops,Age 0,new_H,baseline,0.0,0.0,1.0
2026-03-05,daily,all subpops,Age 0,new_H,baseline,0.0,0.0,1.0
2026-03-06,daily,all subpops,Age 0,new_H,baseline,0.0,0.0,1.0
2026-03-07,daily,all subpops,Age 0,new_H,baseline,0.0,0.0,1.0
2026-03-08,daily,all subpops,Age 0,new_H,baseline,0.0,0.0,1.0
2026-03-09,daily,all subpops,Age 0,new_H,baseline,0.0,0.0,1.0
2026-03-10,daily,all subpops,Age 0,new_H,baseline,0.0,0.0,1.0
2026-03-11,daily,all subpops,Age 0,new_H,baseline,0.0,0.0,1.0
2026-03-12,daily,all subpops,Age 0,new_H,baseline,0.0,0.0,1.0
2026-03-13,daily,all subpops,Age 0,new_H,baseline,0.0,0.0,1.0
2026-03-14,daily,all subpops,Age 0,new_H,baseline,0.0,0.0,1.0
2026-03-15,daily,all subpops,Age 0,new_H,baseline,0.0,0.0,1.0
2026-03-16,daily,all subpops,Age 0,new_H,baseline,0.0,0.0,1.0
2026-03-17,daily,all subpops,Age 0,new_H,baseline,0.0,0.0,1.0
2026-03-18,daily,all subpops,Age 0,new_H,baseline,0.0,0.0,0.0
2026-03-19,daily,all subpops,Age 0,new_H,baseline,0.0,0.0,1.0
2026-03-20,daily,all subpops,Age 0,new_H,baseline,0.0,0.0,1.0
2026-03-21,daily,all subpops,Age 0,new_H,baseline,0.0,0.0,1.0
2026-03-22,daily,all subpops,Age 0,new_H,baseline,0.0,0.0,1.0
2026-03-23,daily,all subpops,Age 0,new_H,baseline,0.0,0.0,0.0
2026-03-24,daily,all subpops,Age 0,new_H,baseline,0.0,0.0,0.0
2026-03-25,daily,all subpops,Age 0,new_H,baseline,0.0,0.0,1.0
2026-03-26,daily,all subpops,Age 0,new_H,baseline,0.0,0.0,1.0
2026-03-27,daily,all subpops,Age 0,new_H,baseline,0.0,0.0,0.0
2026-03-28,daily,all subpops,Age 0,new_H,baseline,0.0,0.0,1.0
2026-03-29,daily,all subpops,Age 0,new_H,baseline,0.0,0.0,0.0
2026-03-30,daily,all subpops,Age 0,new_H,baseline,0.0,0.0,1.0
2026-03-31,daily,all subpops,Age 0,new_H,baseline,0.0,0.0,1.0
2026-04-01,daily,all subpops,Age 0,new_H,baseline,0.0,0.0,1.0
2026-04-02,daily,all subpops,Age 0,new_H,baseline,0.0,0.0,1.0
2026-04-03,daily,all subpops,Age 0,new_H,baseline,0.0,0.0,0.35000000000002274
2026-04-04,daily,all subpops,Age 0,new_H,baseline,0.0,0.0,0.0
2026-04-05,daily,all subpops,Age 0,new_H,baseline,0.0,0.0,1.0
2026-04-06,daily,all subpops,Age 0,new_H,baseline,0.0,0.0,0.0
2026-04-07,daily,all subpops,Age 0,new_H,baseline,0.0,0.0,0.0
2026-04-08,daily,all subpops,Age 0,new_H,baseline,0.0,0.0,0.0
2026-04-09,daily,all subpops,Age 0,new_H,baseline,0.0,0.0,1.0
2026-04-10,daily,all subpops,Age 0,new_H,baseline,0.0,0.0,1.0
2026-04-11,daily,all subpops,Age 0,new_H,baseline,0.0,0.0,1.0
2026-04-12,daily,all subpops,Age 0,new_H,baseline,0.0,0.0,0.0
2026-04-13,daily,all subpops,Age 0,new_H,baseline,0.0,0.0,0.0
2026-04-14,daily,all subpops,Age 0,new_H,baseline,0.0,0.0,1.0
2026-04-15,daily,all subpops,Age 0,new_H,baseline,0.0,0.0,0.0
2026-04-16,daily,all subpops,Age 0,new_H,baseline,0.0,0.0,1.0
2026-04-17,daily,all subpops,Age 0,new_H,baseline,0.0,0.0,1.0
2026-04-18,daily,all subpops,Age 0,new_H,baseline,0.0,0.0,0.0
2026-04-19,daily,all subpops,Age 0,new_H,baseline,0.0,0.0,0.0
2026-04-20,daily,all subpops,Age 0,new_H,baseline,0.0,0.0,0.0
2026-04-21,daily,all subpops,Age 0,new_H,baseline,0.0,0.0,0.0
2026-04-22,daily,all subpops,Age 0,new_H,baseline,0.0,0.0,0.0
2026-04-23,daily,all subpops,Age 0,new_H,baseline,0.0,0.0,0.0
2026-04-24,daily,all subpops,Age 0,new_H,baseline,0.0,0.0,0.0
2026-04-25,daily,all subpops,Age 0,new_H,baseline,0.0,0.0,0.0
2026-04-26,daily,all subpops,Age 0,new_H,baseline,0.0,0.0,0.0
2026-04-27,daily,all subpops,Age 0,new_H,baseline,0.0,0.0,0.0
2026-04-28,daily,all subpops,Age 0,new_H,baseline,0.0,0.0,0.0
2026-04-29,daily,all subpops,Age 0,new_H,baseline,0.0,0.0,1.0
2026-04-30,daily,all subpops,Age 0,new_H,baseline,0.0,0.0,0.0
2026-05-01,daily,all subpops,Age 0,new_H,baseline,0.0,0.0,0.0
2026-05-02,daily,all subpops,Age 0,new_H,baseline,0.0,0.0,0.0
2026-05-03,daily,all subpops,Age 0,new_H,baseline,0.0,0.0,0.0
2026-05-04,daily,all subpops,Age 0,new_H,baseline,0.0,0.0,0.0
2026-05-05,daily,all subpops,Age 0,new_H,baseline,0.0,0.0,0.0
2026-05-06,daily,all subpops,Age 0,new_H,baseline,0.0,0.0,0.0
2026-05-07,daily,all subpops,Age 0,new_H,baseline,0.0,0.0,0.0
2026-05-08,daily,all subpops,Age 0,new_H,baseline,0.0,0.0,0.0
2025-09-01,cumulative,all subpops,Age 0,new_H,baseline,0.0,0.0,0.0
2025-09-02,cumulative,all subpops,Age 0,new_H,baseline,0.0,0.0,0.0
2025-09-03,cumulative,all subpops,Age 0,new_H,baseline,0.0,0.0,0.0
2025-09-04,cumulative,all subpops,Age 0,new_H,baseline,0.0,0.0,0.0
2025-09-05,cumulative,all subpops,Age 0,new_H,baseline,0.0,0.0,0.0
2025-09-06,cumulative,all subpops,Age 0,new_H,baseline,0.0,0.0,0.0
2025-09-07,cumulative,all subpops,Age 0,new_H,baseline,0.0,0.0,0.0
2025-09-08,cumulative,all subpops,Age 0,new_H,baseline,0.0,0.0,0.35000000000002274
2025-09-09,cumulative,all subpops,Age 0,new_H,baseline,0.0,0.0,1.0
2025-09-10,cumulative,all subpops,Age 0,new_H,baseline,0.0,0.0,1.0
2025-09-11,cumulative,all subpops,Age 0,new_H,baseline,0.0,0.0,1.0
2025-09-12,cumulative,all subpops,Age 0,new_H,baseline,0.0,0.0,1.0
2025-09-13,cumulative,all subpops,Age 0,new_H,baseline,0.0,0.0,1.0
2025-09-14,cumulative,all subpops,Age 0,new_H,baseline,0.0,0.0,1.0
2025-09-15,cumulative,all subpops,Age 0,new_H,baseline,0.0,0.0,1.0
2025-09-16,cumulative,all subpops,Age 0,new_H,baseline,0.0,0.0,1.0
2025-09-17,cumulative,all subpops,Age 0,new_H,baseline,0.0,0.0,1.0
2025-09-18,cumulative,all subpops,Age 0,new_H,baseline,0.0,0.0,1.0
2025-09-19,cumulative,all subpops,Age 0,new_H,baseline,0.0,0.0,1.0
2025-09-20,cumulative,all subpops,Age 0,new_H,baseline,0.0,0.0,1.0
2025-09-21,cumulative,all subpops,Age 0,new_H,baseline,0.0,0.0,1.0
2025-09-22,cumulative,all subpops,Age 0,new_H,baseline,0.0,0.0,1.0
2025-09-23,cumulative,all subpops,Age 0,new_H,baseline,0.0,0.0,1.0
2025-09-24,cumulative,all subpops,Age 0,new_H,baseline,0.0,0.0,1.0
2025-09-25,cumulative,all subpops,Age 0,new_H,baseline,0.0,0.0,1.0
2025-09-26,cumulative,all subpops,Age 0,new_H,baseline,0.0,0.0,2.0
2025-09-27,cumulative,all subpops,Age 0,new_H,baseline,0.0,0.0,2.0
2025-09-28,cumulative,all subpops,Age 0,new_H,baseline,0.0,0.0,2.0
2025-09-29,cumulative,all subpops,Age 0,new_H,baseline,0.0,0.0,2.0
2025-09-30,cumulative,all subpops,Age 0,new_H,baseline,0.0,0.0,2.0
2025-10-01,cumulative,all subpops,Age 0,new_H,baseline,0.0,0.0,2.0
2025-10-02,cumulative,all subpops,Age 0,new_H,baseline,0.0,0.0,2.0
2025-10-03,cumulative,all subpops,Age 0,new_H,baseline,0.0,0.0,2.0
2025-10-04,cumulative,all subpops,Age 0,new_H,baseline,0.0,0.0,2.0
2025-10-05,cumulative,all subpops,Age 0,new_H,baseline,0.0,0.0,2.0
2025-10-06,cumulative,all subpops,Age 0,new_H,baseline,0.0,0.0,2.0
2025-10-07,cumulative,all subpops,Age 0,new_H,baseline,0.0,0.0,2.0
2025-10-08,cumulative,all subpops,Age 0,new_H,baseline,0.0,0.0,2.0
2025-10-09,cumulative,all subpops,Age 0,new_H,baseline,0.0,0.0,2.0
2025-10-10,cumulative,all subpops,Age 0,new_H,baseline,0.0,0.0,2.0
2025-10-11,cumulative,all subpops,Age 0,new_H,baseline,0.0,0.0,2.0
2025-10-12,cumulative,all subpops,Age 0,new_H,baseline,0.0,0.0,2.0
2025-10-13,cumulative,all subpops,Age 0,new_H,baseline,0.0,0.0,2.0
2025-10-14,cumulative,all subpops,Age 0,new_H,baseline,0.0,0.0,2.0
2025-10-15,cumulative,all subpops,Age 0,new_H,baseline,0.0,0.0,2.0
2025-10-16,cumulative,all subpops,Age 0,new_H,baseline,0.0,0.0,2.0
2025-10-17,cumulative,all subpops,Age 0,new_H,baseline,0.0,0.0,2.0
2025-10-18,cumulative,all subpops,Age 0,new_H,baseline,0.0,0.0,2.0
2025-10-19,cumulative,all subpops,Age 0,new_H,baseline,0.0,0.0,2.3500000000000227
2025-10-20,cumulative,all subpops,Age 0,new_H,baseline,0.0,0.0,3.0
2025-10-21,cumulative,all subpops,Age 0,new_H,baseline,0.0,0.0,3.0
2025-10-22,cumulative,all subpops,Age 0,new_H,baseline,0.0,0.0,3.0
2025-10-23,cumulative,all subpops,Age 0,new_H,baseline,0.0,0.0,3.0
2025-10-24,cumulative,all subpops,Age 0,new_H,baseline,0.0,0.0,3.0
2025-10-25,cumulative,all subpops,Age 0,new_H,baseline,0.0,0.0,3.0
2025-10-26,cumulative,all subpops,Age 0,new_H,baseline,0.0,0.0,3.0
2025-10-27,cumulative,all subpops,Age 0,new_H,baseline,0.0,0.0,3.0
2025-10-28,cumulative,all subpops,Age 0,new_H,baseline,1.0,0.0,3.0
2025-10-29,cumulative,all subpops,Age 0,new_H,baseline,1.0,0.0,3.0
2025-10-30,cumulative,all subpops,Age 0,new_H,baseline,1.0,0.0,3.0
2025-10-31,cumulative,all subpops,Age 0,new_H,baseline,1.0,0.0,3.0
2025-11-01,cumulative,all subpops,Age 0,new_H,baseline,1.0,0.0,3.0
2025-11-02,cumulative,all subpops,Age 0,new_H,baseline,1.0,0.0,3.0
2025-11-03,cumulative,all subpops,Age 0,new_H,baseline,1.0,0.0,3.0
2025-11-04,cumulative,all subpops,Age 0,new_H,baseline,1.0,0.0,3.0
2025-11-05,cumulative,all subpops,Age 0,new_H,baseline,1.0,0.0,3.0
2025-11-06,cumulative,all subpops,Age 0,new_H,baseline,1.0,0.0,3.0
2025-11-07,cumulative,all subpops,Age 0,new_H,baseline,1.0,0.0,3.3500000000000227
2025-11-08,cumulative,all subpops,Age 0,new_H,baseline,1.0,0.0,3.3500000000000227
2025-11-09,cumulative,all subpops,Age 0,new_H,baseline,1.0,0.0,3.3500000000000227
2025-11-10,cumulative,all subpops,Age 0,new_H,baseline,1.0,0.0,4.0
2025-11-11,cumulative,all subpops,Age 0,new_H,baseline,1.0,0.0,4.0
2025-11-12,cumulative,all subpops,Age 0,new_H,baseline,1.0,0.0,4.0
2025-11-13,cumulative,all subpops,Age 0,new_H,baseline,1.0,0.0,4.0
2025-11-14,cumulative,all subpops,Age 0,new_H,baseline,1.0,0.0,4.0
2025-11-15,cumulative,all subpops,Age 0,new_H,baseline,1.0,0.0,4.0
2025-11-16,cumulative,all subpops,Age 0,new_H,baseline,1.0,0.0,4.0
2025-11-17,cumulative,all subpops,Age 0,new_H,baseline,1.0,0.0,4.0
2025-11-18,cumulative,all subpops,Age 0,new_H,baseline,1.0,0.0,4.0
2025-11-19,cumulative,all subpops,Age 0,new_H,baseline,1.0,0.0,4.0
2025-11-20,cumulative,all subpops,Age 0,new_H,baseline,1.0,0.0,4.0
2025-11-21,cumulative,all subpops,Age 0,new_H,baseline,1.0,0.0,4.350000000000023
2025-11-22,cumulative,all subpops,Age 0,new_H,baseline,1.0,0.0,5.0
2025-11-23,cumulative,all subpops,Age 0,new_H,baseline,1.0,0.0,5.0
2025-11-24,cumulative,all subpops,Age 0,new_H,baseline,1.0,0.0,5.0
2025-11-25,cumulative,all subpops,Age 0,new_H,baseline,1.0,0.0,5.0
2025-11-26,cumulative,all subpops,Age 0,new_H,baseline,2.0,0.0,5.0
2025-11-27,cumulative,all subpops,Age 0,new_H,baseline,2.0,0.0,5.0
2025-11-28,cumulative,all subpops,Age 0,new_H,baseline,2.0,0.0,5.0
2025-11-29,cumulative,all subpops,Age 0,new_H,baseline,2.0,0.0,5.0
2025-11-30,cumulative,all subpops,Age 0,new_H,baseline,2.0,0.0,6.0
2025-12-01,cumulative,all subpops,Age 0,new_H,baseline,2.0,0.0,6.0
2025-12-02,cumulative,all subpops,Age 0,new_H,baseline,2.0,0.0,6.0
2025-12-03,cumulative,all subpops,Age 0,new_H,baseline,2.0,0.0,6.0
2025-12-04,cumulative,all subpops,Age 0,new_H,baseline,2.0,0.0,6.350000000000023
2025-12-05,cumulative,all subpops,Age 0,new_H,baseline,3.0,0.0,7.0
2025-12-06,cumulative,all subpops,Age 0,new_H,baseline,3.0,0.0,7.0
2025-12-07,cumulative,all subpops,Age 0,new_H,baseline,3.0,0.0,7.350000000000023
2025-12-08,cumulative,all subpops,Age 0,new_H,baseline,3.0,0.0,8.0
2025-12-09,cumulative,all subpops,Age 0,new_H,baseline,3.0,0.0,8.0
2025-12-10,cumulative,all subpops,Age 0,new_H,baseline,4.0,0.0,8.350000000000023
2025-12-11,cumulative,all subpops,Age 0,new_H,baseline,4.0,0.0,9.0
2025-12-12,cumulative,all subpops,Age 0,new_H,baseline,4.0,0.0,9.350000000000023
2025-12-13,cumulative,all subpops,Age 0,new_H,baseline,4.0,1.0,10.0
2025-12-14,cumulative,all subpops,Age 0,new_H,baseline,5.0,1.0,10.0
2025-12-15,cumulative,all subpops,Age 0,new_H,baseline,5.0,1.0,11.0
2025-12-16,cumulative,all subpops,Age 0,new_H,baseline,6.0,1.0,12.0
2025-12-17,cumulative,all subpops,Age 0,new_H,baseline,6.0,2.0,13.0
2025-12-18,cumulative,all subpops,Age 0,new_H,baseline,7.0,2.0,14.0
2025-12-19,cumulative,all subpops,Age 0,new_H,baseline,7.0,2.0,15.0
2025-12-20,cumulative,all subpops,Age 0,new_H,baseline,8.0,3.0,16.0
2025-12-21,cumulative,all subpops,Age 0,new_H,baseline,9.0,3.0,17.0
2025-12-22,cumulative,all subpops,Age 0,new_H,baseline,10.0,4.0,18.350000000000023
2025-12-23,cumulative,all subpops,Age 0,new_H,baseline,11.0,4.0,20.0
2025-12-24,cumulative,all subpops,Age 0,new_H,baseline,12.0,5.0,22.0
2025-12-25,cumulative,all subpops,Age 0,new_H,baseline,13.0,5.0,24.0
2025-12-26,cumulative,all subpops,Age 0,new_H,baseline,14.0,6.0,25.350000000000023
2025-12-27,cumulative,all subpops,Age 0,new_H,baseline,15.0,6.0,28.0
2025-12-28,cumulative,all subpops,Age 0,new_H,baseline,16.0,7.0,29.0
2025-12-29,cumulative,all subpops,Age 0,new_H,baseline,17.0,8.0,30.0
2025-12-30,cumulative,all subpops,Age 0,new_H,baseline,19.0,9.0,32.35000000000002
2025-12-31,cumulative,all subpops,Age 0,new_H,baseline,20.0,9.0,33.35000000000002
2026-01-01,cumulative,all subpops,Age 0,new_H,baseline,21.0,10.0,36.0
2026-01-02,cumulative,all subpops,Age 0,new_H,baseline,22.0,11.0,37.0
2026-01-03,cumulative,all subpops,Age 0,new_H,baseline,23.0,11.65,38.0
2026-01-04,cumulative,all subpops,Age 0,new_H,baseline,24.0,12.0,40.0
2026-01-05,cumulative,all subpops,Age 0,new_H,baseline,25.0,13.0,41.0
2026-01-06,cumulative,all subpops,Age 0,new_H,baseline,26.0,14.0,43.0
2026-01-07,cumulative,all subpops,Age 0,new_H,baseline,27.0,14.65,44.0
2026-01-08,cumulative,all subpops,Age 0,new_H,baseline,28.0,15.0,44.35000000000002
2026-01-09,cumulative,all subpops,Age 0,new_H,baseline,28.0,15.0,46.0
2026-01-10,cumulative,all subpops,Age 0,new_H,baseline,29.0,15.0,46.35000000000002
2026-01-11,cumulative,all subpops,Age 0,new_H,baseline,30.0,16.0,48.0
2026-01-12,cumulative,all subpops,Age 0,new_H,baseline,30.0,16.0,48.0
2026-01-13,cumulative,all subpops,Age 0,new_H,baseline,31.0,16.0,49.0
2026-01-14,cumulative,all subpops,Age 0,new_H,baseline,32.0,17.0,50.0
2026-01-15,cumulative,all subpops,Age 0,new_H,baseline,32.0,17.65,50.0
2026-01-16,cumulative,all subpops,Age 0,new_H,baseline,32.0,18.0,51.0
2026-01-17,cumulative,all subpops,Age 0,new_H,baseline,33.0,18.0,51.35000000000002
2026-01-18,cumulative,all subpops,Age 0,new_H,baseline,33.0,18.0,52.0
2026-01-19,cumulative,all subpops,Age 0,new_H,baseline,34.0,18.0,52.0
2026-01-20,cumulative,all subpops,Age 0,new_H,baseline,34.0,18.0,52.0
2026-01-21,cumulative,all subpops,Age 0,new_H,baseline,34.0,18.0,52.0
2026-01-22,cumulative,all subpops,Age 0,new_H,baseline,34.0,19.0,52.35000000000002
2026-01-23,cumulative,all subpops,Age 0,new_H,baseline,35.0,19.0,53.0
2026-01-24,cumulative,all subpops,Age 0,new_H,baseline,35.0,19.0,53.35000000000002
2026-01-25,cumulative,all subpops,Age 0,new_H,baseline,35.0,19.0,53.35000000000002
2026-01-26,cumulative,all subpops,Age 0,new_H,baseline,36.0,19.65,53.35000000000002
2026-01-27,cumulative,all subpops,Age 0,new_H,baseline,36.0,19.65,54.0
2026-01-28,cumulative,all subpops,Age 0,new_H,baseline,36.0,19.65,54.0
2026-01-29,cumulative,all subpops,Age 0,new_H,baseline,36.0,20.0,54.35000000000002
2026-01-30,cumulative,all subpops,Age 0,new_H,baseline,36.0,20.0,54.35000000000002
2026-01-31,cumulative,all subpops,Age 0,new_H,baseline,36.0,20.0,54.35000000000002
2026-02-01,cumulative,all subpops,Age 0,new_H,baseline,37.0,20.0,55.0
2026-02-02,cumulative,all subpops,Age 0,new_H,baseline,37.0,20.0,55.0
2026-02-03,cumulative,all subpops,Age 0,new_H,baseline,37.0,20.0,55.35000000000002
2026-02-04,cumulative,all subpops,Age 0,new_H,baseline,37.0,20.0,56.0
2026-02-05,cumulative,all subpops,Age 0,new_H,baseline,37.0,20.0,56.35000000000002
2026-02-06,cumulative,all subpops,Age 0,new_H,baseline,37.0,20.0,56.35000000000002
2026-02-07,cumulative,all subpops,Age 0,new_H,baseline,37.0,20.0,57.0
2026-02-08,cumulative,all subpops,Age 0,new_H,baseline,37.0,20.0,57.0
2026-02-09,cumulative,all subpops,Age 0,new_H,baseline,37.0,20.0,57.0
2026-02-10,cumulative,all subpops,Age 0,new_H,baseline,37.0,20.0,57.0
2026-02-11,cumulative,all subpops,Age 0,new_H,baseline,38.0,20.0,57.0
2026-02-12,cumulative,all subpops,Age 0,new_H,baseline,38.0,20.65,57.0
2026-02-13,cumulative,all subpops,Age 0,new_H,baseline,38.0,20.65,57.0
2026-02-14,cumulative,all subpops,Age 0,new_H,baseline,38.0,20.65,57.35000000000002
2026-02-15,cumulative,all subpops,Age 0,new_H,baseline,38.0,20.65,58.0
2026-02-16,cumulative,all subpops,Age 0,new_H,baseline,38.0,21.0,58.0
2026-02-17,cumulative,all subpops,Age 0,new_H,baseline,38.0,21.0,58.0
2026-02-18,cumulative,all subpops,Age 0,new_H,baseline,38.0,21.0,58.0
2026-02-19,cumulative,all subpops,Age 0,new_H,baseline,38.0,21.0,58.0
2026-02-20,cumulative,all subpops,Age 0,new_H,baseline,38.0,21.0,58.0
2026-02-21,cumulative,all subpops,Age 0,new_H,baseline,38.0,21.0,58.0
2026-02-22,cumulative,all subpops,Age 0,new_H,baseline,38.0,21.0,58.0
2026-02-23,cumulative,all subpops,Age 0,new_H,baseline,38.0,21.0,58.0
2026-02-24,cumulative,all subpops,Age 0,new_H,baseline,38.0,21.65,58.0
2026-02-25,cumulative,all subpops,Age 0,new_H,baseline,38.0,21.65,58.0
2026-02-26,cumulative,all subpops,Age 0,new_H,baseline,38.0,21.65,58.35000000000002
2026-02-27,cumulative,all subpops,Age 0,new_H,baseline,38.0,21.65,58.35000000000002
2026-02-28,cumulative,all subpops,Age 0,new_H,baseline,38.0,21.65,58.35000000000002
2026-03-01,cumulative,all subpops,Age 0,new_H,baseline,39.0,21.65,58.35000000000002
2026-03-02,cumulative,all subpops,Age 0,new_H,baseline,39.0,21.65,58.35000000000002
2026-03-03,cumulative,all subpops,Age 0,new_H,baseline,39.0,21.65,58.35000000000002
2026-03-04,cumulative,all subpops,Age 0,new_H,baseline,39.0,21.65,58.35000000000002
2026-03-05,cumulative,all subpops,Age 0,new_H,baseline,39.0,21.65,59.0
2026-03-06,cumulative,all subpops,Age 0,new_H,baseline,39.0,22.0,59.0
2026-03-07,cumulative,all subpops,Age 0,new_H,baseline,39.0,22.0,59.0
2026-03-08,cumulative,all subpops,Age 0,new_H,baseline,39.0,22.0,59.0
2026-03-09,cumulative,all subpops,Age 0,new_H,baseline,39.0,22.0,59.0
2026-03-10,cumulative,all subpops,Age 0,new_H,baseline,39.0,22.0,59.0
2026-03-11,cumulative,all subpops,Age 0,new_H,baseline,39.0,22.0,59.0
2026-03-12,cumulative,all subpops,Age 0,new_H,baseline,39.0,22.0,59.0
2026-03-13,cumulative,all subpops,Age 0,new_H,baseline,39.0,22.0,59.0
2026-03-14,cumulative,all subpops,Age 0,new_H,baseline,39.0,22.65,59.0
2026-03-15,cumulative,all subpops,Age 0,new_H,baseline,39.0,23.0,59.0
2026-03-16,cumulative,all subpops,Age 0,new_H,baseline,39.0,23.0,59.0
2026-03-17,cumulative,all subpops,Age 0,new_H,baseline,39.0,23.0,59.0
2026-03-18,cumulative,all subpops,Age 0,new_H,baseline,39.0,23.0,59.0
2026-03-19,cumulative,all subpops,Age 0,new_H,baseline,39.0,23.0,59.0
2026-03-20,cumulative,all subpops,Age 0,new_H,baseline,39.0,23.65,59.0
2026-03-21,cumulative,all subpops,Age 0,new_H,baseline,39.0,23.65,59.0
2026-03-22,cumulative,all subpops,Age 0,new_H,baseline,39.0,23.65,59.0
2026-03-23,cumulative,all subpops,Age 0,new_H,baseline,39.0,23.65,59.0
2026-03-24,cumulative,all subpops,Age 0,new_H,baseline,39.0,23.65,59.0
2026-03-25,cumulative,all subpops,Age 0,new_H,baseline,39.0,23.65,59.0
2026-03-26,cumulative,all subpops,Age 0,new_H,baseline,40.0,23.65,59.0
2026-03-27,cumulative,all subpops,Age 0,new_H,baseline,40.0,23.65,59.0
2026-03-28,cumulative,all subpops,Age 0,new_H,baseline,40.0,24.0,59.0
2026-03-29,cumulative,all subpops,Age 0,new_H,baseline,40.0,24.0,59.35000000000002
2026-03-30,cumulative,all subpops,Age 0,new_H,baseline,40.0,24.0,59.35000000000002
2026-03-31,cumulative,all subpops,Age 0,new_H,baseline,40.0,24.0,59.35000000000002
2026-04-01,cumulative,all subpops,Age 0,new_H,baseline,40.0,24.0,59.35000000000002
2026-04-02,cumulative,all subpops,Age 0,new_H,baseline,40.0,24.0,59.35000000000002
2026-04-03,cumulative,all subpops,Age 0,new_H,baseline,40.0,24.0,59.35000000000002
2026-04-04,cumulative,all subpops,Age 0,new_H,baseline,40.0,24.0,59.35000000000002
2026-04-05,cumulative,all subpops,Age 0,new_H,baseline,40.0,24.0,59.35000000000002
2026-04-06,cumulative,all subpops,Age 0,new_H,baseline,40.0,24.0,60.0
2026-04-07,cumulative,all subpops,Age 0,new_H,baseline,40.0,24.0,60.0
2026-04-08,cumulative,all subpops,Age 0,new_H,baseline,40.0,24.0,60.0
2026-04-09,cumulative,all subpops,Age 0,new_H,baseline,40.0,24.0,60.0
2026-04-10,cumulative,all subpops,Age 0,new_H,baseline,40.0,24.0,60.0
2026-04-11,cumulative,all subpops,Age 0,new_H,baseline,40.0,24.0,60.0
2026-04-12,cumulative,all subpops,Age 0,new_H,baseline,40.0,24.0,60.0
2026-04-13,cumulative,all subpops,Age 0,new_H,baseline,40.0,24.0,60.0
2026-04-14,cumulative,all subpops,Age 0,new_H,baseline,40.0,24.0,60.0
2026-04-15,cumulative,all subpops,Age 0,new_H,baseline,40.0,24.0,60.0
2026-04-16,cumulative,all subpops,Age 0,new_H,baseline,40.0,24.0,60.0
2026-04-17,cumulative,all subpops,Age 0,new_H,baseline,40.0,24.0,60.0
2026-04-18,cumulative,all subpops,Age 0,new_H,baseline,40.0,24.0,60.0
2026-04-19,cumulative,all subpops,Age 0,new_H,baseline,40.0,24.0,60.0
2026-04-20,cumulative,all subpops,Age 0,new_H,baseline,40.0,24.0,60.0
2026-04-21,cumulative,all subpops,Age 0,new_H,baseline,40.0,24.0,60.0
2026-04-22,cumulative,all subpops,Age 0,new_H,baseline,40.0,24.0,60.35000000000002
2026-04-23,cumulative,all subpops,Age 0,new_H,baseline,40.0,24.0,60.35000000000002
2026-04-24,cumulative,all subpops,Age 0,new_H,baseline,40.0,24.0,60.35000000000002
2026-04-25,cumulative,all subpops,Age 0,new_H,baseline,40.0,24.0,60.700000000000045
2026-04-26,cumulative,all subpops,Age 0,new_H,baseline,40.0,24.0,60.700000000000045
2026-04-27,cumulative,all subpops,Age 0,new_H,baseline,40.0,24.0,60.700000000000045
2026-04-28,cumulative,all subpops,Age 0,new_H,baseline,40.0,24.0,60.700000000000045
2026-04-29,cumulative,all subpops,Age 0,new_H,baseline,40.0,24.0,60.700000000000045
2026-04-30,cumulative,all subpops,Age 0,new_H,baseline,40.0,24.0,60.700000000000045
2026-05-01,cumulative,all subpops,Age 0,new_H,baseline,40.0,24.0,60.700000000000045
2026-05-02,cumulative,all subpops,Age 0,new_H,baseline,40.0,24.0,60.700000000000045
2026-05-03,cumulative,all subpops,Age 0,new_H,baseline,40.0,24.0,60.700000000000045
2026-05-04,cumulative,all subpops,Age 0,new_H,baseline,40.0,24.0,60.700000000000045
2026-05-05,cumulative,all subpops,Age 0,new_H,baseline,40.0,24.0,60.700000000000045
2026-05-06,cumulative,all subpops,Age 0,new_H,baseline,40.0,24.0,60.700000000000045
2026-05-07,cumulative,all subpops,Age 0,new_H,baseline,40.0,24.0,60.700000000000045
2026-05-08,cumulative,all subpops,Age 0,new_H,baseline,40.0,24.0,60.700000000000045
2025-09-01,daily,all subpops,Age 1,new_H,baseline,0.0,0.0,0.0
2025-09-02,daily,all subpops,Age 1,new_H,baseline,0.0,0.0,0.0
2025-09-03,daily,all subpops,Age 1,new_H,baseline,0.0,0.0,0.0
2025-09-04,daily,all subpops,Age 1,new_H,baseline,0.0,0.0,0.0
2025-09-05,daily,all subpops,Age 1,new_H,baseline,0.0,0.0,0.0
2025-09-06,daily,all subpops,Age 1,new_H,baseline,0.0,0.0,1.0
2025-09-07,daily,all subpops,Age 1,new_H,baseline,0.0,0.0,1.0
2025-09-08,daily,all subpops,Age 1,new_H,baseline,0.0,0.0,0.0
2025-09-09,daily,all subpops,Age 1,new_H,baseline,0.0,0.0,1.0
2025-09-10,daily,all subpops,Age 1,new_H,baseline,0.0,0.0,0.35000000000002274
2025-09-11,daily,all subpops,Age 1,new_H,baseline,0.0,0.0,1.0
2025-09-12,daily,all subpops,Age 1,new_H,baseline,0.0,0.0,1.0
2025-09-13,daily,all subpops,Age 1,new_H,baseline,0.0,0.0,1.0
2025-09-14,daily,all subpops,Age 1,new_H,baseline,0.0,0.0,1.0
2025-09-15,daily,all subpops,Age 1,new_H,baseline,0.0,0.0,0.0
2025-09-16,daily,all subpops,Age 1,new_H,baseline,0.0,0.0,1.0
2025-09-17,daily,all subpops,Age 1,new_H,baseline,0.0,0.0,1.0
2025-09-18,daily,all subpops,Age 1,new_H,baseline,0.0,0.0,1.0
2025-09-19,daily,all subpops,Age 1,new_H,baseline,0.0,0.0,1.0
2025-09-20,daily,all subpops,Age 1,new_H,baseline,0.0,0.0,1.0
2025-09-21,daily,all subpops,Age 1,new_H,baseline,0.0,0.0,1.0
2025-09-22,daily,all subpops,Age 1,new_H,baseline,0.0,0.0,1.0
2025-09-23,daily,all subpops,Age 1,new_H,baseline,0.0,0.0,1.0
2025-09-24,daily,all subpops,Age 1,new_H,baseline,0.0,0.0,1.0
2025-09-25,daily,all subpops,Age 1,new_H,baseline,0.0,0.0,1.0
2025-09-26,daily,all subpops,Age 1,new_H,baseline,0.0,0.0,1.0
2025-09-27,daily,all subpops,Age 1,new_H,baseline,0.0,0.0,1.0
2025-09-28,daily,all subpops,Age 1,new_H,baseline,0.0,0.0,1.0
2025-09-29,daily,all subpops,Age 1,new_H,baseline,0.0,0.0,1.0
2025-09-30,daily,all subpops,Age 1,new_H,baseline,0.0,0.0,1.0
2025-10-01,daily,all subpops,Age 1,new_H,baseline,0.0,0.0,1.0
2025-10-02,daily,all subpops,Age 1,new_H,baseline,0.0,0.0,1.0
2025-10-03,daily,all subpops,Age 1,new_H,baseline,0.0,0.0,1.0
2025-10-04,daily,all subpops,Age 1,new_H,baseline,0.0,0.0,1.0
2025-10-05,daily,all subpops,Age 1,new_H,baseline,0.0,0.0,1.0
2025-10-06,daily,all subpops,Age 1,new_H,baseline,0.0,0.0,1.0
2025-10-07,daily,all subpops,Age 1,new_H,baseline,0.0,0.0,1.0
2025-10-08,daily,all subpops,Age 1,new_H,baseline,0.0,0.0,1.0
2025-10-09,daily,all subpops,Age 1,new_H,baseline,0.0,0.0,1.0
2025-10-10,daily,all subpops,Age 1,new_H,baseline,0.0,0.0,1.0
2025-10-11,daily,all subpops,Age 1,new_H,baseline,0.0,0.0,1.0
2025-10-12,daily,all subpops,Age 1,new_H,baseline,0.0,0.0,1.0
2025-10-13,daily,all subpops,Age 1,new_H,baseline,0.0,0.0,1.0
2025-10-14,daily,all subpops,Age 1,new_H,baseline,0.0,0.0,1.0
2025-10-15,daily,all subpops,Age 1,new_H,baseline,0.0,0.0,1.0
2025-10-16,daily,all subpops,Age 1,new_H,baseline,0.0,0.0,1.0
2025-10-17,daily,all subpops,Age 1,new_H,baseline,0.0,0.0,1.0
2025-10-18,daily,all subpops,Age 1,new_H,baseline,0.0,0.0,1.0
2025-10-19,daily,all subpops,Age 1,new_H,baseline,0.0,0.0,1.0
2025-10-20,daily,all subpops,Age 1,new_H,baseline,0.0,0.0,1.0
2025-10-21,daily,all subpops,Age 1,new_H,baseline,0.0,0.0,1.0
2025-10-22,daily,all subpops,Age 1,new_H,baseline,0.0,0.0,1.0
2025-10-23,daily,all subpops,Age 1,new_H,baseline,0.0,0.0,1.0
2025-10-24,daily,all subpops,Age 1,new_H,baseline,0.0,0.0,1.0
2025-10-25,daily,all subpops,Age 1,new_H,baseline,0.0,0.0,1.0
2025-10-26,daily,all subpops,Age 1,new_H,baseline,0.0,0.0,1.0
2025-10-27,daily,all subpops,Age 1,new_H,baseline,0.0,0.0,1.0
2025-10-28,daily,all subpops,Age 1,new_H,baseline,0.0,0.0,1.0
2025-10-29,daily,all subpops,Age 1,new_H,baseline,0.0,0.0,1.0
2025-10-30,daily,all subpops,Age 1,new_H,baseline,0.0,0.0,1.0
2025-10-31,daily,all subpops,Age 1,new_H,baseline,0.0,0.0,1.0
2025-11-01,daily,all subpops,Age 1,new_H,baseline,0.0,0.0,1.0
2025-11-02,daily,all subpops,Age 1,new_H,baseline,0.0,0.0,1.0
2025-11-03,daily,all subpops,Age 1,new_H,baseline,0.0,0.0,1.0
2025-11-04,daily,all subpops,Age 1,new_H,baseline,0.0,0.0,1.0
2025-11-05,daily,all subpops,Age 1,new_H,baseline,0.0,0.0,1.0
2025-11-06,daily,all subpops,Age 1,new_H,baseline,0.0,0.0,1.0
2025-11-07,daily,all subpops,Age 1,new_H,baseline,0.0,0.0,1.0
2025-11-08,daily,all subpops,Age 1,new_H,baseline,0.0,0.0,1.0
2025-11-09,daily,all subpops,Age 1,new_H,baseline,0.0,0.0,1.0
2025-11-10,daily,all subpops,Age 1,new_H,baseline,0.0,0.0,1.0
2025-11-11,daily,all subpops,Age 1,new_H,baseline,0.0,0.0,1.0
2025-11-12,daily,all subpops,Age 1,new_H,baseline,0.0,0.0,1.0
2025-11-13,daily,all subpops,Age 1,new_H,baseline,0.0,0.0,1.0
2025-11-14,daily,all subpops,Age 1,new_H,baseline,0.0,0.0,1.0
2025-11-15,daily,all subpops,Age 1,new_H,baseline,0.0,0.0,1.0
2025-11-16,daily,all subpops,Age 1,new_H,baseline,0.0,0.0,1.0
2025-11-17,daily,all subpops,Age 1,new_H,baseline,0.0,0.0,1.0
2025-11-18,daily,all subpops,Age 1,new_H,baseline,0.0,0.0,1.0
2025-11-19,daily,all subpops,Age 1,new_H,baseline,0.0,0.0,1.0
2025-11-20,daily,all subpops,Age 1,new_H,baseline,0.0,0.0,1.0
2025-11-21,daily,all subpops,Age 1,new_H,baseline,0.0,0.0,2.0
2025-11-22,daily,all subpops,Age 1,new_H,baseline,0.0,0.0,2.0
2025-11-23,daily,all subpops,Age 1,new_H,baseline,0.0,0.0,2.0
2025-11-24,daily,all subpops,Age 1,new_H,baseline,0.0,0.0,2.0
2025-11-25,daily,all subpops,Age 1,new_H,baseline,0.0,0.0,2.0
2025-11-26,daily,all subpops,Age 1,new_H,baseline,0.0,0.0,2.0
2025-11-27,daily,all subpops,Age 1,new_H,baseline,0.0,0.0,2.0
2025-11-28,daily,all subpops,Age 1,new_H,baseline,0.0,0.0,2.0
2025-11-29,daily,all subpops,Age 1,new_H,baseline,0.0,0.0,2.0
2025-11-30,daily,all subpops,Age 1,new_H,baseline,0.0,0.0,2.0
2025-12-01,daily,all subpops,Age 1,new_H,baseline,0.0,0.0,2.0
2025-12-02,daily,all subpops,Age 1,new_H,baseline,0.0,0.0,2.0
2025-12-03,daily,all subpops,Age 1,new_H,baseline,0.0,0.0,2.0
2025-12-04,daily,all subpops,Age 1,new_H,baseline,0.0,0.0,2.0
2025-12-05,daily,all subpops,Age 1,new_H,baseline,0.0,0.0,3.0
2025-12-06,daily,all subpops,Age 1,new_H,baseline,1.0,0.0,3.0
2025-12-07,daily,all subpops,Age 1,new_H,baseline,1.0,0.0,3.0
2025-12-08,daily,all subpops,Age 1,new_H,baseline,1.0,0.0,3.0
2025-12-09,daily,all subpops,Age 1,new_H,baseline,1.0,0.0,3.0
2025-12-10,daily,all subpops,Age 1,new_H,baseline,1.0,0.0,4.0
2025-12-11,daily,all subpops,Age 1,new_H,baseline,1.0,0.0,4.0
2025-12-12,daily,all subpops,Age 1,new_H,baseline,1.0,0.0,4.0
2025-12-13,daily,all subpops,Age 1,new_H,baseline,1.0,0.0,5.0
2025-12-14,daily,all subpops,Age 1,new_H,baseline,2.0,0.0,5.0
2025-12-15,daily,all subpops,Age 1,new_H,baseline,2.0,0.0,5.0
2025-12-16,daily,all subpops,Age 1,new_H,baseline,2.0,0.0,6.0
2025-12-17,daily,all subpops,Age 1,new_H,baseline,2.0,0.0,6.0
2025-12-18,daily,all subpops,Age 1,new_H,baseline,3.0,0.0,7.0
2025-12-19,daily,all subpops,Age 1,new_H,baseline,3.0,0.0,8.0
2025-12-20,daily,all subpops,Age 1,new_H,baseline,3.0,0.0,8.0
2025-12-21,daily,all subpops,Age 1,new_H,baseline,3.0,0.0,8.0
2025-12-22,daily,all subpops,Age 1,new_H,baseline,4.0,0.6500000000000004,8.350000000000023
2025-12-23,daily,all subpops,Age 1,new_H,baseline,4.0,1.0,9.0
2025-12-24,daily,all subpops,Age 1,new_H,baseline,4.0,1.0,9.0
2025-12-25,daily,all subpops,Age 1,new_H,baseline,4.0,1.0,9.0
2025-12-26,daily,all subpops,Age 1,new_H,baseline,4.0,1.0,9.0
2025-12-27,daily,all subpops,Age 1,new_H,baseline,4.0,1.0,9.0
2025-12-28,daily,all subpops,Age 1,new_H,baseline,4.0,1.0,9.0
2025-12-29,daily,all subpops,Age 1,new_H,baseline,4.0,1.0,9.0
2025-12-30,daily,all subpops,Age 1,new_H,baseline,4.0,1.0,9.0
2025-12-31,daily,all subpops,Age 1,new_H,baseline,4.0,1.0,9.0
2026-01-01,daily,all subpops,Age 1,new_H,baseline,4.0,1.0,8.0
2026-01-02,daily,all subpops,Age 1,new_H,baseline,4.0,0.0,8.350000000000023
2026-01-03,daily,all subpops,Age 1,new_H,baseline,3.0,0.0,8.0
2026-01-04,daily,all subpops,Age 1,new_H,baseline,3.0,0.0,8.0
2026-01-05,daily,all subpops,Age 1,new_H,baseline,3.0,0.0,7.0
2026-01-06,daily,all subpops,Age 1,new_H,baseline,3.0,0.0,7.350000000000023
2026-01-07,daily,all subpops,Age 1,new_H,baseline,3.0,0.0,7.0
2026-01-08,daily,all subpops,Age 1,new_H,baseline,3.0,0.0,7.0
2026-01-09,daily,all subpops,Age 1,new_H,baseline,3.0,0.0,6.0
2026-01-10,daily,all subpops,Age 1,new_H,baseline,3.0,0.0,7.0
2026-01-11,daily,all subpops,Age 1,new_H,baseline,2.0,0.0,6.350000000000023
2026-01-12,daily,all subpops,Age 1,new_H,baseline,2.0,0.0,6.0
2026-01-13,daily,all subpops,Age 1,new_H,baseline,2.0,0.0,6.0
2026-01-14,daily,all subpops,Age 1,new_H,baseline,2.0,0.0,5.350000000000023
2026-01-15,daily,all subpops,Age 1,new_H,baseline,2.0,0.0,5.0
2026-01-16,daily,all subpops,Age 1,new_H,baseline,2.0,0.0,5.0
2026-01-17,daily,all subpops,Age 1,new_H,baseline,1.0,0.0,5.0
2026-01-18,daily,all subpops,Age 1,new_H,baseline,2.0,0.0,4.350000000000023
2026-01-19,daily,all subpops,Age 1,new_H,baseline,1.0,0.0,4.0
2026-01-20,daily,all subpops,Age 1,new_H,baseline,1.0,0.0,4.0
2026-01-21,daily,all subpops,Age 1,new_H,baseline,1.0,0.0,4.0
2026-01-22,daily,all subpops,Age 1,new_H,baseline,1.0,0.0,3.0
2026-01-23,daily,all subpops,Age 1,new_H,baseline,1.0,0.0,3.0
2026-01-24,daily,all subpops,Age 1,new_H,baseline,1.0,0.0,3.0
2026-01-25,daily,all subpops,Age 1,new_H,baseline,1.0,0.0,3.0
2026-01-26,daily,all subpops,Age 1,new_H,baseline,1.0,0.0,3.0
2026-01-27,daily,all subpops,Age 1,new_H,baseline,1.0,0.0,3.0
2026-01-28,daily,all subpops,Age 1,new_H,baseline,1.0,0.0,3.0
2026-01-29,daily,all subpops,Age 1,new_H,baseline,0.0,0.0,3.0
2026-01-30,daily,all subpops,Age 1,new_H,baseline,0.0,0.0,3.0
2026-01-31,daily,all subpops,Age 1,new_H,baseline,0.0,0.0,3.0
2026-02-01,daily,all subpops,Age 1,new_H,baseline,0.0,0.0,2.3500000000000227
2026-02-02,daily,all subpops,Age 1,new_H,baseline,0.0,0.0,2.3500000000000227
2026-02-03,daily,all subpops,Age 1,new_H,baseline,0.0,0.0,2.0
2026-02-04,daily,all subpops,Age 1,new_H,baseline,0.0,0.0,2.0
2026-02-05,daily,all subpops,Age 1,new_H,baseline,0.0,0.0,2.0
2026-02-06,daily,all subpops,Age 1,new_H,baseline,0.0,0.0,2.0
2026-02-07,daily,all subpops,Age 1,new_H,baseline,0.0,0.0,2.0
2026-02-08,daily,all subpops,Age 1,new_H,baseline,0.0,0.0,2.0
2026-02-09,daily,all subpops,Age 1,new_H,baseline,0.0,0.0,2.0
2026-02-10,daily,all subpops,Age 1,new_H,baseline,0.0,0.0,2.0
2026-02-11,daily,all subpops,Age 1,new_H,baseline,0.0,0.0,2.0
2026-02-12,daily,all subpops,Age 1,new_H,baseline,0.0,0.0,2.0
2026-02-13,daily,all subpops,Age 1,new_H,baseline,0.0,0.0,2.0
2026-02-14,daily,all subpops,Age 1,new_H,baseline,0.0,0.0,2.0
2026-02-15,daily,all subpops,Age 1,new_H,baseline,0.0,0.0,2.0
2026-02-16,daily,all subpops,Age 1,new_H,baseline,0.0,0.0,2.0
2026-02-17,daily,all subpops,Age 1,new_H,baseline,0.0,0.0,2.0
2026-02-18,daily,all subpops,Age 1,new_H,baseline,0.0,0.0,1.3500000000000227
2026-02-19,daily,all subpops,Age 1,new_H,baseline,0.0,0.0,2.0
2026-02-20,daily,all subpops,Age 1,new_H,baseline,0.0,0.0,1.0
2026-02-21,daily,all subpops,Age 1,new_H,baseline,0.0,0.0,2.0
2026-02-22,daily,all subpops,Age 1,new_H,baseline,0.0,0.0,1.0
2026-02-23,daily,all subpops,Age 1,new_H,baseline,0.0,0.0,1.0
2026-02-24,daily,all subpops,Age 1,new_H,baseline,0.0,0.0,1.0
2026-02-25,daily,all subpops,Age 1,new_H,baseline,0.0,0.0,1.0
2026-02-26,daily,all subpops,Age 1,new_H,baseline,0.0,0.0,1.0
2026-02-27,daily,all subpops,Age 1,new_H,baseline,0.0,0.0,1.0
2026-02-28,daily,all subpops,Age 1,new_H,baseline,0.0,0.0,1.0
2026-03-01,daily,all subpops,Age 1,new_H,baseline,0.0,0.0,1.0
2026-03-02,daily,all subpops,Age 1,new_H,baseline,0.0,0.0,1.0
2026-03-03,daily,all subpops,Age 1,new_H,baseline,0.0,0.0,1.0
2026-03-04,daily,all subpops,Age 1,new_H,baseline,0.0,0.0,1.0
2026-03-05,daily,all subpops,Age 1,new_H,baseline,0.0,0.0,1.0
2026-03-06,daily,all subpops,Age 1,new_H,baseline,0.0,0.0,2.0
2026-03-07,daily,all subpops,Age 1,new_H,baseline,0.0,0.0,1.0
2026-03-08,daily,all subpops,Age 1,new_H,baseline,0.0,0.0,1.3500000000000227
2026-03-09,daily,all subpops,Age 1,new_H,baseline,0.0,0.0,1.0
2026-03-10,daily,all subpops,Age 1,new_H,baseline,0.0,0.0,1.0
2026-03-11,daily,all subpops,Age 1,new_H,baseline,0.0,0.0,1.0
2026-03-12,daily,all subpops,Age 1,new_H,baseline,0.0,0.0,1.0
2026-03-13,daily,all subpops,Age 1,new_H,baseline,0.0,0.0,1.0
2026-03-14,daily,all subpops,Age 1,new_H,baseline,0.0,0.0,1.0
2026-03-15,daily,all subpops,Age 1,new_H,baseline,0.0,0.0,1.0
2026-03-16,daily,all subpops,Age 1,new_H,baseline,0.0,0.0,1.0
2026-03-17,daily,all subpops,Age 1,new_H,baseline,0.0,0.0,1.0
2026-03-18,daily,all subpops,Age 1,new_H,baseline,0.0,0.0,1.0
2026-03-19,daily,all subpops,Age 1,new_H,baseline,0.0,0.0,1.0
2026-03-20,daily,all subpops,Age 1,new_H,baseline,0.0,0.0,1.0
2026-03-21,daily,all subpops,Age 1,new_H,baseline,0.0,0.0,1.0
2026-03-22,daily,all subpops,Age 1,new_H,baseline,0.0,0.0,1.0
2026-03-23,daily,all subpops,Age 1,new_H,baseline,0.0,0.0,1.0
2026-03-24,daily,all subpops,Age 1,new_H,baseline,0.0,0.0,1.0
2026-03-25,daily,all subpops,Age 1,new_H,baseline,0.0,0.0,1.0
2026-03-26,daily,all subpops,Age 1,new_H,baseline,0.0,0.0,1.0
2026-03-27,daily,all subpops,Age 1,new_H,baseline,0.0,0.0,1.0
2026-03-28,daily,all subpops,Age 1,new_H,baseline,0.0,0.0,1.0
2026-03-29,daily,all subpops,Age 1,new_H,baseline,0.0,0.0,1.0
2026-03-30,daily,all subpops,Age 1,new_H,baseline,0.0,0.0,1.0
2026-03-31,daily,all subpops,Age 1,new_H,baseline,0.0,0.0,1.0
2026-04-01,daily,all subpops,Age 1,new_H,baseline,0.0,0.0,1.0
2026-04-02,daily,all subpops,Age 1,new_H,baseline,0.0,0.0,1.0
2026-04-03,daily,all subpops,Age 1,new_H,baseline,0.0,0.0,1.0
2026-04-04,daily,all subpops,Age 1,new_H,baseline,0.0,0.0,1.0
2026-04-05,daily,all subpops,Age 1,new_H,baseline,0.0,0.0,1.0
2026-04-06,daily,all subpops,Age 1,new_H,baseline,0.0,0.0,1.0
2026-04-07,daily,all subpops,Age 1,new_H,baseline,0.0,0.0,1.0
2026-04-08,daily,all subpops,Age 1,new_H,baseline,0.0,0.0,1.0
2026-04-09,daily,all subpops,Age 1,new_H,baseline,0.0,0.0,1.0
2026-04-10,daily,all subpops,Age 1,new_H,baseline,0.0,0.0,1.0
2026-04-11,daily,all subpops,Age 1,new_H,baseline,0.0,0.0,1.0
2026-04-12,daily,all subpops,Age 1,new_H,baseline,0.0,0.0,1.0
2026-04-13,daily,all subpops,Age 1,new_H,baseline,0.0,0.0,1.0
2026-04-14,daily,all subpops,Age 1,new_H,baseline,0.0,0.0,1.0
2026-04-15,daily,all subpops,Age 1,new_H,baseline,0.0,0.0,1.0
2026-04-16,daily,all subpops,Age 1,new_H,baseline,0.0,0.0,1.0
2026-04-17,daily,all subpops,Age 1,new_H,baseline,0.0,0.0,1.0
2026-04-18,daily,all subpops,Age 1,new_H,baseline,0.0,0.0,1.0
2026-04-19,daily,all subpops,Age 1,new_H,baseline,0.0,0.0,1.0
2026-04-20,daily,all subpops,Age 1,new_H,baseline,0.0,0.0,1.0
2026-04-21,daily,all subpops,Age 1,new_H,baseline,0.0,0.0,1.0
2026-04-22,daily,all subpops,Age 1,new_H,baseline,0.0,0.0,1.0
2026-04-23,daily,all subpops,Age 1,new_H,baseline,0.0,0.0,1.0
2026-04-24,daily,all subpops,Age 1,new_H,baseline,0.0,0.0,1.0
2026-04-25,daily,all subpops,Age 1,new_H,baseline,0.0,0.0,1.0
2026-04-26,daily,all subpops,Age 1,new_H,baseline,0.0,0.0,1.0
2026-04-27,daily,all subpops,Age 1,new_H,baseline,0.0,0.0,1.0
2026-04-28,daily,all subpops,Age 1,new_H,baseline,0.0,0.0,1.0
2026-04-29,daily,all subpops,Age 1,new_H,baseline,0.0,0.0,1.0
2026-04-30,daily,all subpops,Age 1,new_H,baseline,0.0,0.0,1.0
2026-05-01,daily,all subpops,Age 1,new_H,baseline,0.0,0.0,1.0
2026-05-02,daily,all subpops,Age 1,new_H,baseline,0.0,0.0,1.0
2026-05-03,daily,all subpops,Age 1,new_H,baseline,0.0,0.0,1.0
2026-05-04,daily,all subpops,Age 1,new_H,baseline,0.0,0.0,1.0
2026-05-05,daily,all subpops,Age 1,new_H,baseline,0.0,0.0,1.0
2026-05-06,daily,all subpops,Age 1,new_H,baseline,0.0,0.0,1.0
2026-05-07,daily,all subpops,Age 1,new_H,baseline,0.0,0.0,1.0
2026-05-08,daily,all subpops,Age 1,new_H,baseline,0.0,0.0,1.0
2025-09-01,cumulative,all subpops,Age 1,new_H,baseline,0.0,0.0,0.0
2025-09-02,cumulative,all subpops,Age 1,new_H,baseline,0.0,0.0,0.0
2025-09-03,cumulative,all subpops,Age 1,new_H,baseline,0.0,0.0,1.0
2025-09-04,cumulative,all subpops,Age 1,new_H,baseline,0.0,0.0,1.0
2025-09-05,cumulative,all subpops,Age 1,new_H,baseline,0.0,0.0,1.0
2025-09-06,cumulative,all subpops,Age 1,new_H,baseline,0.0,0.0,1.0
2025-09-07,cumulative,all subpops,Age 1,new_H,baseline,0.0,0.0,1.0
2025-09-08,cumulative,all subpops,Age 1,new_H,baseline,0.0,0.0,1.0
2025-09-09,cumulative,all subpops,Age 1,new_H,baseline,0.0,0.0,1.0
2025-09-10,cumulative,all subpops,Age 1,new_H,baseline,0.0,0.0,1.0
2025-09-11,cumulative,all subpops,Age 1,new_H,baseline,0.0,0.0,1.0
2025-09-12,cumulative,all subpops,Age 1,new_H,baseline,0.0,0.0,1.0
2025-09-13,cumulative,all subpops,Age 1,new_H,baseline,0.0,0.0,2.0
2025-09-14,cumulative,all subpops,Age 1,new_H,baseline,0.0,0.0,2.0
2025-09-15,cumulative,all subpops,Age 1,new_H,baseline,0.0,0.0,2.0
2025-09-16,cumulative,all subpops,Age 1,new_H,baseline,0.0,0.0,2.0
2025-09-17,cumulative,all subpops,Age 1,new_H,baseline,0.0,0.0,2.0
2025-09-18,cumulative,all subpops,Age 1,new_H,baseline,0.0,0.0,2.0
2025-09-19,cumulative,all subpops,Age 1,new_H,baseline,0.0,0.0,2.0
2025-09-20,cumulative,all subpops,Age 1,new_H,baseline,0.0,0.0,2.0
2025-09-21,cumulative,all subpops,Age 1,new_H,baseline,0.0,0.0,2.3500000000000227
2025-09-22,cumulative,all subpops,Age 1,new_H,baseline,0.0,0.0,3.0
2025-09-23,cumulative,all subpops,Age 1,new_H,baseline,1.0,0.0,3.0
2025-09-24,cumulative,all subpops,Age 1,new_H,baseline,1.0,0.0,3.0
2025-09-25,cumulative,all subpops,Age 1,new_H,baseline,1.0,0.0,3.0
2025-09-26,cumulative,all subpops,Age 1,new_H,baseline,1.0,0.0,3.0
2025-09-27,cumulative,all subpops,Age 1,new_H,baseline,1.0,0.0,3.0
2025-09-28,cumulative,all subpops,Age 1,new_H,baseline,1.0,0.0,3.0
2025-09-29,cumulative,all subpops,Age 1,new_H,baseline,1.0,0.0,3.0
2025-09-30,cumulative,all subpops,Age 1,new_H,baseline,1.0,0.0,4.0
2025-10-01,cumulative,all subpops,Age 1,new_H,baseline,1.0,0.0,4.0
2025-10-02,cumulative,all subpops,Age 1,new_H,baseline,1.0,0.0,4.0
2025-10-03,cumulative,all subpops,Age 1,new_H,baseline,1.0,0.0,4.0
2025-10-04,cumulative,all subpops,Age 1,new_H,baseline,1.0,0.0,4.0
2025-10-05,cumulative,all subpops,Age 1,new_H,baseline,1.0,0.0,4.0
2025-10-06,cumulative,all subpops,Age 1,new_H,baseline,1.0,0.0,4.0
2025-10-07,cumulative,all subpops,Age 1,new_H,baseline,2.0,0.0,4.0
2025-10-08,cumulative,all subpops,Age 1,new_H,baseline,2.0,0.0,5.0
2025-10-09,cumulative,all subpops,Age 1,new_H,baseline,2.0,0.0,5.0
2025-10-10,cumulative,all subpops,Age 1,new_H,baseline,2.0,0.0,5.0
2025-10-11,cumulative,all subpops,Age 1,new_H,baseline,2.0,0.0,5.0
2025-10-12,cumulative,all subpops,Age 1,new_H,baseline,2.0,0.0,5.0
2025-10-13,cumulative,all subpops,Age 1,new_H,baseline,2.0,0.0,5.350000000000023
2025-10-14,cumulative,all subpops,Age 1,new_H,baseline,2.0,0.0,6.0
2025-10-15,cumulative,all subpops,Age 1,new_H,baseline,2.0,0.0,6.0
2025-10-16,cumulative,all subpops,Age 1,new_H,baseline,2.0,0.0,6.0
2025-10-17,cumulative,all subpops,Age 1,new_H,baseline,2.0,0.0,6.0
2025-10-18,cumulative,all subpops,Age 1,new_H,baseline,2.0,0.0,6.0
2025-10-19,cumulative,all subpops,Age 1,new_H,baseline,3.0,0.0,6.0
2025-10-20,cumulative,all subpops,Age 1,new_H,baseline,3.0,0.0,6.350000000000023
2025-10-21,cumulative,all subpops,Age 1,new_H,baseline,3.0,0.0,7.0
2025-10-22,cumulative,all subpops,Age 1,new_H,baseline,3.0,0.0,7.0
2025-10-23,cumulative,all subpops,Age 1,new_H,baseline,3.0,0.0,7.0
2025-10-24,cumulative,all subpops,Age 1,new_H,baseline,3.0,0.0,7.0
2025-10-25,cumulative,all subpops,Age 1,new_H,baseline,3.0,0.0,7.0
2025-10-26,cumulative,all subpops,Age 1,new_H,baseline,3.0,0.0,8.0
2025-10-27,cumulative,all subpops,Age 1,new_H,baseline,3.0,0.0,8.0
2025-10-28,cumulative,all subpops,Age 1,new_H,baseline,3.0,0.0,8.0
2025-10-29,cumulative,all subpops,Age 1,new_H,baseline,3.0,0.0,8.0
2025-10-30,cumulative,all subpops,Age 1,new_H,baseline,4.0,0.6500000000000004,8.0
2025-10-31,cumulative,all subpops,Age 1,new_H,baseline,4.0,1.0,8.0
2025-11-01,cumulative,all subpops,Age 1,new_H,baseline,4.0,1.0,8.350000000000023
2025-11-02,cumulative,all subpops,Age 1,new_H,baseline,4.0,1.0,9.0
2025-11-03,cumulative,all subpops,Age 1,new_H,baseline,4.0,1.0,9.0
2025-11-04,cumulative,all subpops,Age 1,new_H,baseline,4.0,1.0,9.0
2025-11-05,cumulative,all subpops,Age 1,new_H,baseline,4.0,1.0,9.0
2025-11-06,cumulative,all subpops,Age 1,new_H,baseline,4.0,1.0,9.0
2025-11-07,cumulative,all subpops,Age 1,new_H,baseline,5.0,1.0,10.0
2025-11-08,cumulative,all subpops,Age 1,new_H,baseline,5.0,1.0,10.0
2025-11-09,cumulative,all subpops,Age 1,new_H,baseline,5.0,1.0,11.0
2025-11-10,cumulative,all subpops,Age 1,new_H,baseline,5.0,1.0,11.0
2025-11-11,cumulative,all subpops,Age 1,new_H,baseline,5.0,1.0,11.0
2025-11-12,cumulative,all subpops,Age 1,new_H,baseline,5.0,1.0,11.0
2025-11-13,cumulative,all subpops,Age 1,new_H,baseline,5.0,1.0,11.0
2025-11-14,cumulative,all subpops,Age 1,new_H,baseline,5.0,1.0,12.0
2025-11-15,cumulative,all subpops,Age 1,new_H,baseline,6.0,1.6500000000000004,12.0
2025-11-16,cumulative,all subpops,Age 1,new_H,baseline,6.0,2.0,12.0
2025-11-17,cumulative,all subpops,Age 1,new_H,baseline,6.0,2.0,12.0
2025-11-18,cumulative,all subpops,Age 1,new_H,baseline,6.0,2.0,13.0
2025-11-19,cumulative,all subpops,Age 1,new_H,baseline,6.0,2.0,13.0
2025-11-20,cumulative,all subpops,Age 1,new_H,baseline,7.0,2.0,13.0
2025-11-21,cumulative,all subpops,Age 1,new_H,baseline,7.0,2.0,13.0
2025-11-22,cumulative,all subpops,Age 1,new_H,baseline,7.0,2.0,14.0
2025-11-23,cumulative,all subpops,Age 1,new_H,baseline,8.0,3.0,15.0
2025-11-24,cumulative,all subpops,Age 1,new_H,baseline,8.0,3.0,15.0
2025-11-25,cumulative,all subpops,Age 1,new_H,baseline,8.0,3.0,16.0
2025-11-26,cumulative,all subpops,Age 1,new_H,baseline,9.0,3.0,16.350000000000023
2025-11-27,cumulative,all subpops,Age 1,new_H,baseline,9.0,3.0,17.0
2025-11-28,cumulative,all subpops,Age 1,new_H,baseline,9.0,3.6500000000000004,18.0
2025-11-29,cumulative,all subpops,Age 1,new_H,baseline,10.0,4.0,19.0
2025-11-30,cumulative,all subpops,Age 1,new_H,baseline,10.0,4.0,19.0
2025-12-01,cumulative,all subpops,Age 1,new_H,baseline,11.0,4.0,20.0
2025-12-02,cumulative,all subpops,Age 1,new_H,baseline,11.0,5.0,21.0
2025-12-03,cumulative,all subpops,Age 1,new_H,baseline,12.0,5.0,22.0
2025-12-04,cumulative,all subpops,Age 1,new_H,baseline,12.0,6.0,23.0
2025-12-05,cumulative,all subpops,Age 1,new_H,baseline,13.0,6.0,23.350000000000023
2025-12-06,cumulative,all subpops,Age 1,new_H,baseline,14.0,6.0,25.0
2025-12-07,cumulative,all subpops,Age 1,new_H,baseline,15.0,6.0,26.0
2025-12-08,cumulative,all subpops,Age 1,new_H,baseline,16.0,7.0,27.350000000000023
2025-12-09,cumulative,all subpops,Age 1,new_H,baseline,17.0,8.0,29.0
2025-12-10,cumulative,all subpops,Age 1,new_H,baseline,18.0,9.0,31.0
2025-12-11,cumulative,all subpops,Age 1,new_H,baseline,19.0,9.0,33.35000000000002
2025-12-12,cumulative,all subpops,Age 1,new_H,baseline,21.0,10.0,35.0
2025-12-13,cumulative,all subpops,Age 1,new_H,baseline,22.0,11.0,38.0
2025-12-14,cumulative,all subpops,Age 1,new_H,baseline,24.0,13.0,40.0
2025-12-15,cumulative,all subpops,Age 1,new_H,baseline,26.0,13.0,42.35000000000002
2025-12-16,cumulative,all subpops,Age 1,new_H,baseline,28.0,15.0,45.0
2025-12-17,cumulative,all subpops,Age 1,new_H,baseline,31.0,17.0,48.0
2025-12-18,cumulative,all subpops,Age 1,new_H,baseline,33.0,19.0,52.35000000000002
2025-12-19,cumulative,all subpops,Age 1,new_H,baseline,37.0,21.0,56.0
2025-12-20,cumulative,all subpops,Age 1,new_H,baseline,41.0,23.0,61.35000000000002
2025-12-21,cumulative,all subpops,Age 1,new_H,baseline,44.0,25.0,67.70000000000005
2025-12-22,cumulative,all subpops,Age 1,new_H,baseline,48.0,28.0,73.35000000000002
2025-12-23,cumulative,all subpops,Age 1,new_H,baseline,52.0,31.0,78.0
2025-12-24,cumulative,all subpops,Age 1,new_H,baseline,56.0,33.0,84.0
2025-12-25,cumulative,all subpops,Age 1,new_H,baseline,60.0,36.0,89.0
2025-12-26,cumulative,all subpops,Age 1,new_H,baseline,65.0,38.65,94.0
2025-12-27,cumulative,all subpops,Age 1,new_H,baseline,69.0,42.0,100.70000000000005
2025-12-28,cumulative,all subpops,Age 1,new_H,baseline,73.0,45.0,107.0
2025-12-29,cumulative,all subpops,Age 1,new_H,baseline,78.0,47.0,113.0
2025-12-30,cumulative,all subpops,Age 1,new_H,baseline,82.0,51.0,119.35000000000002
2025-12-31,cumulative,all subpops,Age 1,new_H,baseline,86.0,53.0,125.35000000000002
2026-01-01,cumulative,all subpops,Age 1,new_H,baseline,90.0,56.0,130.70000000000005
2026-01-02,cumulative,all subpops,Age 1,new_H,baseline,94.0,60.0,135.0
2026-01-03,cumulative,all subpops,Age 1,new_H,baseline,97.0,62.0,141.0
2026-01-04,cumulative,all subpops,Age 1,new_H,baseline,101.0,64.0,147.0
2026-01-05,cumulative,all subpops,Age 1,new_H,baseline,104.0,66.0,151.0
2026-01-06,cumulative,all subpops,Age 1,new_H,baseline,108.0,67.65,156.0
2026-01-07,cumulative,all subpops,Age 1,new_H,baseline,111.0,70.65,159.0
2026-01-08,cumulative,all subpops,Age 1,new_H,baseline,114.0,72.65,165.0
2026-01-09,cumulative,all subpops,Age 1,new_H,baseline,116.0,75.0,168.35000000000002
2026-01-10,cumulative,all subpops,Age 1,new_H,baseline,119.0,76.0,171.70000000000005
2026-01-11,cumulative,all subpops,Age 1,new_H,baseline,121.0,77.65,176.70000000000005
2026-01-12,cumulative,all subpops,Age 1,new_H,baseline,124.0,79.65,179.0
2026-01-13,cumulative,all subpops,Age 1,new_H,baseline,126.0,80.65,182.0
2026-01-14,cumulative,all subpops,Age 1,new_H,baseline,128.0,82.65,186.35000000000002
2026-01-15,cumulative,all subpops,Age 1,new_H,baseline,131.0,84.0,188.0
2026-01-16,cumulative,all subpops,Age 1,new_H,baseline,132.0,86.0,190.35000000000002
2026-01-17,cumulative,all subpops,Age 1,new_H,baseline,134.0,87.0,191.70000000000005
2026-01-18,cumulative,all subpops,Age 1,new_H,baseline,135.0,88.65,193.35000000000002
2026-01-19,cumulative,all subpops,Age 1,new_H,baseline,137.0,89.0,195.35000000000002
2026-01-20,cumulative,all subpops,Age 1,new_H,baseline,138.0,90.0,197.35000000000002
2026-01-21,cumulative,all subpops,Age 1,new_H,baseline,139.0,90.65,198.35000000000002
2026-01-22,cumulative,all subpops,Age 1,new_H,baseline,140.0,92.0,200.35000000000002
2026-01-23,cumulative,all subpops,Age 1,new_H,baseline,141.0,93.0,202.0
2026-01-24,cumulative,all subpops,Age 1,new_H,baseline,142.0,94.0,203.0
2026-01-25,cumulative,all subpops,Age 1,new_H,baseline,143.0,95.0,204.0
2026-01-26,cumulative,all subpops,Age 1,new_H,baseline,144.0,95.65,204.35000000000002
2026-01-27,cumulative,all subpops,Age 1,new_H,baseline,145.0,97.0,206.0
2026-01-28,cumulative,all subpops,Age 1,new_H,baseline,145.0,97.0,207.0
2026-01-29,cumulative,all subpops,Age 1,new_H,baseline,146.0,97.0,207.35000000000002
2026-01-30,cumulative,all subpops,Age 1,new_H,baseline,147.0,97.0,209.0
2026-01-31,cumulative,all subpops,Age 1,new_H,baseline,147.0,97.0,210.0
2026-02-01,cumulative,all subpops,Age 1,new_H,baseline,148.0,97.65,211.0
2026-02-02,cumulative,all subpops,Age 1,new_H,baseline,149.0,97.65,211.35000000000002
2026-02-03,cumulative,all subpops,Age 1,new_H,baseline,149.0,98.0,212.35000000000002
2026-02-04,cumulative,all subpops,Age 1,new_H,baseline,149.0,98.65,213.35000000000002
2026-02-05,cumulative,all subpops,Age 1,new_H,baseline,149.0,98.65,214.0
2026-02-06,cumulative,all subpops,Age 1,new_H,baseline,150.0,98.65,215.0
2026-02-07,cumulative,all subpops,Age 1,new_H,baseline,151.0,99.0,215.0
2026-02-08,cumulative,all subpops,Age 1,new_H,baseline,151.0,99.65,215.35000000000002
2026-02-09,cumulative,all subpops,Age 1,new_H,baseline,152.0,99.65,216.35000000000002
2026-02-10,cumulative,all subpops,Age 1,new_H,baseline,152.0,99.65,217.0
2026-02-11,cumulative,all subpops,Age 1,new_H,baseline,153.0,100.65,217.0
2026-02-12,cumulative,all subpops,Age 1,new_H,baseline,153.0,101.0,217.35000000000002
2026-02-13,cumulative,all subpops,Age 1,new_H,baseline,153.0,101.65,217.35000000000002
2026-02-14,cumulative,all subpops,Age 1,new_H,baseline,154.0,101.65,217.35000000000002
2026-02-15,cumulative,all subpops,Age 1,new_H,baseline,154.0,102.0,218.35000000000002
2026-02-16,cumulative,all subpops,Age 1,new_H,baseline,154.0,102.65,218.35000000000002
2026-02-17,cumulative,all subpops,Age 1,new_H,baseline,155.0,103.65,219.0
2026-02-18,cumulative,all subpops,Age 1,new_H,baseline,155.0,103.65,220.0
2026-02-19,cumulative,all subpops,Age 1,new_H,baseline,155.0,104.0,220.0
2026-02-20,cumulative,all subpops,Age 1,new_H,baseline,156.0,104.65,220.35000000000002
2026-02-21,cumulative,all subpops,Age 1,new_H,baseline,156.0,104.65,220.70000000000005
2026-02-22,cumulative,all subpops,Age 1,new_H,baseline,156.0,105.0,220.70000000000005
2026-02-23,cumulative,all subpops,Age 1,new_H,baseline,157.0,105.0,221.05000000000007
2026-02-24,cumulative,all subpops,Age 1,new_H,baseline,157.0,105.0,221.05000000000007
2026-02-25,cumulative,all subpops,Age 1,new_H,baseline,157.0,105.0,221.05000000000007
2026-02-26,cumulative,all subpops,Age 1,new_H,baseline,157.0,105.0,221.70000000000005
2026-02-27,cumulative,all subpops,Age 1,new_H,baseline,157.0,105.0,221.70000000000005
2026-02-28,cumulative,all subpops,Age 1,new_H,baseline,157.0,105.0,221.70000000000005
2026-03-01,cumulative,all subpops,Age 1,new_H,baseline,158.0,105.0,222.05000000000007
2026-03-02,cumulative,all subpops,Age 1,new_H,baseline,158.0,105.0,222.05000000000007
2026-03-03,cumulative,all subpops,Age 1,new_H,baseline,158.0,105.0,222.70000000000005
2026-03-04,cumulative,all subpops,Age 1,new_H,baseline,158.0,105.0,222.70000000000005
2026-03-05,cumulative,all subpops,Age 1,new_H,baseline,159.0,105.0,223.05000000000007
2026-03-06,cumulative,all subpops,Age 1,new_H,baseline,159.0,105.0,223.05000000000007
2026-03-07,cumulative,all subpops,Age 1,new_H,baseline,159.0,105.0,223.05000000000007
2026-03-08,cumulative,all subpops,Age 1,new_H,baseline,159.0,105.0,224.35000000000002
2026-03-09,cumulative,all subpops,Age 1,new_H,baseline,159.0,105.0,224.35000000000002
2026-03-10,cumulative,all subpops,Age 1,new_H,baseline,159.0,105.0,225.0
2026-03-11,cumulative,all subpops,Age 1,new_H,baseline,159.0,105.65,225.0
2026-03-12,cumulative,all subpops,Age 1,new_H,baseline,159.0,105.65,225.0
2026-03-13,cumulative,all subpops,Age 1,new_H,baseline,159.0,105.65,225.0
2026-03-14,cumulative,all subpops,Age 1,new_H,baseline,159.0,106.0,225.0
2026-03-15,cumulative,all subpops,Age 1,new_H,baseline,160.0,106.0,225.35000000000002
2026-03-16,cumulative,all subpops,Age 1,new_H,baseline,160.0,106.65,225.35000000000002
2026-03-17,cumulative,all subpops,Age 1,new_H,baseline,160.0,106.65,225.35000000000002
2026-03-18,cumulative,all subpops,Age 1,new_H,baseline,161.0,106.65,225.70000000000005
2026-03-19,cumulative,all subpops,Age 1,new_H,baseline,161.0,106.65,225.70000000000005
2026-03-20,cumulative,all subpops,Age 1,new_H,baseline,161.0,106.65,225.70000000000005
2026-03-21,cumulative,all subpops,Age 1,new_H,baseline,161.0,106.65,225.70000000000005
2026-03-22,cumulative,all subpops,Age 1,new_H,baseline,161.0,106.65,226.35000000000002
2026-03-23,cumulative,all subpops,Age 1,new_H,baseline,161.0,106.65,227.0
2026-03-24,cumulative,all subpops,Age 1,new_H,baseline,162.0,106.65,227.35000000000002
2026-03-25,cumulative,all subpops,Age 1,new_H,baseline,162.0,106.65,227.35000000000002
2026-03-26,cumulative,all subpops,Age 1,new_H,baseline,162.0,106.65,227.35000000000002
2026-03-27,cumulative,all subpops,Age 1,new_H,baseline,162.0,107.65,227.35000000000002
2026-03-28,cumulative,all subpops,Age 1,new_H,baseline,162.0,108.0,227.35000000000002
2026-03-29,cumulative,all subpops,Age 1,new_H,baseline,162.0,108.0,227.70000000000005
2026-03-30,cumulative,all subpops,Age 1,new_H,baseline,162.0,108.0,227.70000000000005
2026-03-31,cumulative,all subpops,Age 1,new_H,baseline,162.0,108.0,227.70000000000005
2026-04-01,cumulative,all subpops,Age 1,new_H,baseline,162.0,108.0,227.70000000000005
2026-04-02,cumulative,all subpops,Age 1,new_H,baseline,162.0,108.0,227.70000000000005
2026-04-03,cumulative,all subpops,Age 1,new_H,baseline,163.0,108.65,227.70000000000005
2026-04-04,cumulative,all subpops,Age 1,new_H,baseline,163.0,108.65,227.70000000000005
2026-04-05,cumulative,all subpops,Age 1,new_H,baseline,163.0,109.65,227.70000000000005
2026-04-06,cumulative,all subpops,Age 1,new_H,baseline,163.0,109.65,228.35000000000002
2026-04-07,cumulative,all subpops,Age 1,new_H,baseline,163.0,109.65,229.35000000000002
2026-04-08,cumulative,all subpops,Age 1,new_H,baseline,163.0,109.65,229.35000000000002
2026-04-09,cumulative,all subpops,Age 1,new_H,baseline,164.0,109.65,229.35000000000002
2026-04-10,cumulative,all subpops,Age 1,new_H,baseline,164.0,109.65,229.35000000000002
2026-04-11,cumulative,all subpops,Age 1,new_H,baseline,164.0,110.0,229.35000000000002
2026-04-12,cumulative,all subpops,Age 1,new_H,baseline,164.0,110.65,229.35000000000002
2026-04-13,cumulative,all subpops,Age 1,new_H,baseline,164.0,111.0,230.0
2026-04-14,cumulative,all subpops,Age 1,new_H,baseline,164.0,111.0,230.35000000000002
2026-04-15,cumulative,all subpops,Age 1,new_H,baseline,164.0,111.0,230.35000000000002
2026-04-16,cumulative,all subpops,Age 1,new_H,baseline,164.0,111.0,230.35000000000002
2026-04-17,cumulative,all subpops,Age 1,new_H,baseline,164.0,111.65,230.35000000000002
2026-04-18,cumulative,all subpops,Age 1,new_H,baseline,165.0,111.65,231.0
2026-04-19,cumulative,all subpops,Age 1,new_H,baseline,165.0,111.65,231.0
2026-04-20,cumulative,all subpops,Age 1,new_H,baseline,165.0,111.65,231.0
2026-04-21,cumulative,all subpops,Age 1,new_H,baseline,165.0,111.65,231.35000000000002
2026-04-22,cumulative,all subpops,Age 1,new_H,baseline,165.0,111.65,231.35000000000002
2026-04-23,cumulative,all subpops,Age 1,new_H,baseline,165.0,111.65,231.35000000000002
2026-04-24,cumulative,all subpops,Age 1,new_H,baseline,165.0,111.65,231.35000000000002
2026-04-25,cumulative,all subpops,Age 1,new_H,baseline,165.0,111.65,231.35000000000002
2026-04-26,cumulative,all subpops,Age 1,new_H,baseline,165.0,111.65,231.35000000000002
2026-04-27,cumulative,all subpops,Age 1,new_H,baseline,165.0,111.65,231.35000000000002
2026-04-28,cumulative,all subpops,Age 1,new_H,baseline,165.0,111.65,231.35000000000002
2026-04-29,cumulative,all subpops,Age 1,new_H,baseline,165.0,111.65,231.35000000000002
2026-04-30,cumulative,all subpops,Age 1,new_H,baseline,165.0,111.65,231.35000000000002
2026-05-01,cumulative,all subpops,Age 1,new_H,baseline,166.0,111.65,231.35000000000002
2026-05-02,cumulative,all subpops,Age 1,new_H,baseline,166.0,111.65,231.35000000000002
2026-05-03,cumulative,all subpops,Age 1,new_H,baseline,166.0,111.65,231.35000000000002
2026-05-04,cumulative,all subpops,Age 1,new_H,baseline,166.0,111.65,231.35000000000002
2026-05-05,cumulative,all subpops,Age 1,new_H,baseline,166.0,111.65,231.35000000000002
2026-05-06,cumulative,all subpops,Age 1,new_H,baseline,166.0,111.65,231.35000000000002
2026-05-07,cumulative,all subpops,Age 1,new_H,baseline,166.0,111.65,231.35000000000002
2026-05-08,cumulative,all subpops,Age 1,new_H,baseline,166.0,111.65,231.35000000000002
2025-09-01,daily,all subpops,Age 2,new_H,baseline,0.0,0.0,0.0
2025-09-02,daily,all subpops,Age 2,new_H,baseline,0.0,0.0,0.0
2025-09-03,daily,all subpops,Age 2,new_H,baseline,0.0,0.0,0.0
2025-09-04,daily,all subpops,Age 2,new_H,baseline,0.0,0.0,1.0
2025-09-05,daily,all subpops,Age 2,new_H,baseline,0.0,0.0,0.0
2025-09-06,daily,all subpops,Age 2,new_H,baseline,0.0,0.0,0.35000000000002274
2025-09-07,daily,all subpops,Age 2,new_H,baseline,0.0,0.0,0.0
2025-09-08,daily,all subpops,Age 2,new_H,baseline,0.0,0.0,1.0
2025-09-09,daily,all subpops,Age 2,new_H,baseline,0.0,0.0,0.0
2025-09-10,daily,all subpops,Age 2,new_H,baseline,0.0,0.0,1.0
2025-09-11,daily,all subpops,Age 2,new_H,baseline,0.0,0.0,0.0
2025-09-12,daily,all subpops,Age 2,new_H,baseline,0.0,0.0,1.0
2025-09-13,daily,all subpops,Age 2,new_H,baseline,0.0,0.0,0.0
2025-09-14,daily,all subpops,Age 2,new_H,baseline,0.0,0.0,0.35000000000002274
2025-09-15,daily,all subpops,Age 2,new_H,baseline,0.0,0.0,0.0
2025-09-16,daily,all subpops,Age 2,new_H,baseline,0.0,0.0,1.0
2025-09-17,daily,all subpops,Age 2,new_H,baseline,0.0,0.0,1.0
2025-09-18,daily,all subpops,Age 2,new_H,baseline,0.0,0.0,1.0
2025-09-19,daily,all subpops,Age 2,new_H,baseline,0.0,0.0,1.0
2025-09-20,daily,all subpops,Age 2,new_H,baseline,0.0,0.0,1.0
2025-09-21,daily,all subpops,Age 2,new_H,baseline,0.0,0.0,1.0
2025-09-22,daily,all subpops,Age 2,new_H,baseline,0.0,0.0,1.0
2025-09-23,daily,all subpops,Age 2,new_H,baseline,0.0,0.0,1.0
2025-09-24,daily,all subpops,Age 2,new_H,baseline,0.0,0.0,1.0
2025-09-25,daily,all subpops,Age 2,new_H,baseline,0.0,0.0,1.0
2025-09-26,daily,all subpops,Age 2,new_H,baseline,0.0,0.0,1.0
2025-09-27,daily,all subpops,Age 2,new_H,baseline,0.0,0.0,1.0
2025-09-28,daily,all subpops,Age 2,new_H,baseline,0.0,0.0,1.0
2025-09-29,daily,all subpops,Age 2,new_H,baseline,0.0,0.0,1.0
2025-09-30,daily,all subpops,Age 2,new_H,baseline,0.0,0.0,1.0
2025-10-01,daily,all subpops,Age 2,new_H,baseline,0.0,0.0,1.0
2025-10-02,daily,all subpops,Age 2,new_H,baseline,0.0,0.0,1.0
2025-10-03,daily,all subpops,Age 2,new_H,baseline,0.0,0.0,1.0
2025-10-04,daily,all subpops,Age 2,new_H,baseline,0.0,0.0,1.0
2025-10-05,daily,all subpops,Age 2,new_H,baseline,0.0,0.0,1.0
2025-10-06,daily,all subpops,Age 2,new_H,baseline,0.0,0.0,1.0
2025-10-07,daily,all subpops,Age 2,new_H,baseline,0.0,0.0,1.0
2025-10-08,daily,all subpops,Age 2,new_H,baseline,0.0,0.0,1.0
2025-10-09,daily,all subpops,Age 2,new_H,baseline,0.0,0.0,1.0
2025-10-10,daily,all subpops,Age 2,new_H,baseline,0.0,0.0,1.0
2025-10-11,daily,all subpops,Age 2,new_H,baseline,0.0,0.0,1.0
2025-10-12,daily,all subpops,Age 2,new_H,baseline,0.0,0.0,1.0
2025-10-13,daily,all subpops,Age 2,new_H,baseline,0.0,0.0,1.0
2025-10-14,daily,all subpops,Age 2,new_H,baseline,0.0,0.0,1.0
2025-10-15,daily,all subpops,Age 2,new_H,baseline,0.0,0.0,1.0
2025-10-16,daily,all subpops,Age 2,new_H,baseline,0.0,0.0,1.0
2025-10-17,daily,all subpops,Age 2,new_H,baseline,0.0,0.0,1.0
2025-10-18,daily,all subpops,Age 2,new_H,baseline,0.0,0.0,1.0
2025-10-19,daily,all subpops,Age 2,new_H,baseline,0.0,0.0,1.0
2025-10-20,daily,all subpops,Age 2,new_H,baseline,0.0,0.0,1.0
2025-10-21,daily,all subpops,Age 2,new_H,baseline,0.0,0.0,1.0
2025-10-22,daily,all subpops,Age 2,new_H,baseline,0.0,0.0,1.0
2025-10-23,daily,all subpops,Age 2,new_H,baseline,0.0,0.0,1.0
2025-10-24,daily,all subpops,Age 2,new_H,baseline,0.0,0.0,1.0
2025-10-25,daily,all subpops,Age 2,new_H,baseline,0.0,0.0,1.0
2025-10-26,daily,all subpops,Age 2,new_H,baseline,0.0,0.0,1.0
2025-10-27,daily,all subpops,Age 2,new_H,baseline,0.0,0.0,1.0
2025-10-28,daily,all subpops,Age 2,new_H,baseline,0.0,0.0,1.0
2025-10-29,daily,all subpops,Age 2,new_H,baseline,0.0,0.0,1.0
2025-10-30,daily,all subpops,Age 2,new_H,baseline,0.0,0.0,1.0
2025-10-31,daily,all subpops,Age 2,new_H,baseline,0.0,0.0,1.0
2025-11-01,daily,all subpops,Age 2,new_H,baseline,0.0,0.0,1.0
2025-11-02,daily,all subpops,Age 2,new_H,baseline,0.0,0.0,1.0
2025-11-03,daily,all subpops,Age 2,new_H,baseline,0.0,0.0,1.0
2025-11-04,daily,all subpops,Age 2,new_H,baseline,0.0,0.0,1.0
2025-11-05,daily,all subpops,Age 2,new_H,baseline,0.0,0.0,1.0
2025-11-06,daily,all subpops,Age 2,new_H,baseline,0.0,0.0,1.0
2025-11-07,daily,all subpops,Age 2,new_H,baseline,0.0,0.0,1.0
2025-11-08,daily,all subpops,Age 2,new_H,baseline,0.0,0.0,1.0
2025-11-09,daily,all subpops,Age 2,new_H,baseline,0.0,0.0,1.0
2025-11-10,daily,all subpops,Age 2,new_H,baseline,0.0,0.0,1.0
2025-11-11,daily,all subpops,Age 2,new_H,baseline,0.0,0.0,1.0
2025-11-12,daily,all subpops,Age 2,new_H,baseline,0.0,0.0,1.0
2025-11-13,daily,all subpops,Age 2,new_H,baseline,0.0,0.0,1.0
2025-11-14,daily,all subpops,Age 2,new_H,baseline,0.0,0.0,1.0
2025-11-15,daily,all subpops,Age 2,new_H,baseline,0.0,0.0,1.0
2025-11-16,daily,all subpops,Age 2,new_H,baseline,0.0,0.0,1.0
2025-11-17,daily,all subpops,Age 2,new_H,baseline,0.0,0.0,1.0
2025-11-18,daily,all subpops,Age 2,new_H,baseline,0.0,0.0,1.0
2025-11-19,daily,all subpops,Age 2,new_H,baseline,0.0,0.0,2.0
2025-11-20,daily,all subpops,Age 2,new_H,baseline,0.0,0.0,2.0
2025-11-21,daily,all subpops,Age 2,new_H,baseline,0.0,0.0,2.0
2025-11-22,daily,all subpops,Age 2,new_H,baseline,0.0,0.0,2.0
2025-11-23,daily,all subpops,Age 2,new_H,baseline,0.0,0.0,2.0
2025-11-24,daily,all subpops,Age 2,new_H,baseline,0.0,0.0,2.0
2025-11-25,daily,all subpops,Age 2,new_H,baseline,0.0,0.0,2.0
2025-11-26,daily,all subpops,Age 2,new_H,baseline,0.0,0.0,2.0
2025-11-27,daily,all subpops,Age 2,new_H,baseline,0.0,0.0,2.0
2025-11-28,daily,all subpops,Age 2,new_H,baseline,0.0,0.0,2.0
2025-11-29,daily,all subpops,Age 2,new_H,baseline,0.0,0.0,2.0
2025-11-30,daily,all subpops,Age 2,new_H,baseline,0.0,0.0,2.0
2025-12-01,daily,all subpops,Age 2,new_H,baseline,0.0,0.0,2.0
2025-12-02,daily,all subpops,Age 2,new_H,baseline,0.0,0.0,2.0
2025-12-03,daily,all subpops,Age 2,new_H,baseline,0.0,0.0,2.3500000000000227
2025-12-04,daily,all subpops,Age 2,new_H,baseline,1.0,0.0,3.0
2025-12-05,daily,all subpops,Age 2,new_H,baseline,1.0,0.0,3.0
2025-12-06,daily,all subpops,Age 2,new_H,baseline,1.0,0.0,3.0
2025-12-07,daily,all subpops,Age 2,new_H,baseline,1.0,0.0,4.0
2025-12-08,daily,all subpops,Age 2,new_H,baseline,1.0,0.0,3.0
2025-12-09,daily,all subpops,Age 2,new_H,baseline,1.0,0.0,3.0
2025-12-10,daily,all subpops,Age 2,new_H,baseline,1.0,0.0,4.0
2025-12-11,daily,all subpops,Age 2,new_H,baseline,1.0,0.0,5.0
2025-12-12,daily,all subpops,Age 2,new_H,baseline,2.0,0.0,5.0
2025-12-13,daily,all subpops,Age 2,new_H,baseline,2.0,0.0,6.0
2025-12-14,daily,all subpops,Age 2,new_H,baseline,2.0,0.0,6.0
2025-12-15,daily,all subpops,Age 2,new_H,baseline,2.0,0.0,6.0
2025-12-16,daily,all subpops,Age 2,new_H,baseline,2.0,0.0,6.0
2025-12-17,daily,all subpops,Age 2,new_H,baseline,3.0,0.0,8.0
2025-12-18,daily,all subpops,Age 2,new_H,baseline,3.0,0.0,8.0
2025-12-19,daily,all subpops,Age 2,new_H,baseline,4.0,1.0,8.0
2025-12-20,daily,all subpops,Age 2,new_H,baseline,4.0,1.0,10.0
2025-12-21,daily,all subpops,Age 2,new_H,baseline,4.0,1.0,10.350000000000023
2025-12-22,daily,all subpops,Age 2,new_H,baseline,4.0,1.0,9.0
2025-12-23,daily,all subpops,Age 2,new_H,baseline,4.0,1.0,10.0
2025-12-24,daily,all subpops,Age 2,new_H,baseline,4.0,1.0,9.0
2025-12-25,daily,all subpops,Age 2,new_H,baseline,4.0,0.0,8.0
2025-12-26,daily,all subpops,Age 2,new_H,baseline,4.0,0.0,8.0
2025-12-27,daily,all subpops,Age 2,new_H,baseline,4.0,0.0,8.0
2025-12-28,daily,all subpops,Age 2,new_H,baseline,3.0,0.0,8.0
2025-12-29,daily,all subpops,Age 2,new_H,baseline,3.0,0.0,8.0
2025-12-30,daily,all subpops,Age 2,new_H,baseline,3.0,0.0,7.0
2025-12-31,daily,all subpops,Age 2,new_H,baseline,3.0,0.0,8.0
2026-01-01,daily,all subpops,Age 2,new_H,baseline,3.0,0.0,7.0
2026-01-02,daily,all subpops,Age 2,new_H,baseline,3.0,0.0,7.0
2026-01-03,daily,all subpops,Age 2,new_H,baseline,3.0,0.0,6.350000000000023
2026-01-04,daily,all subpops,Age 2,new_H,baseline,2.0,0.0,6.0
2026-01-05,daily,all subpops,Age 2,new_H,baseline,2.0,0.0,6.0
2026-01-06,daily,all subpops,Age 2,new_H,baseline,2.0,0.0,6.0
2026-01-07,daily,all subpops,Age 2,new_H,baseline,2.0,0.0,6.0
2026-01-08,daily,all subpops,Age 2,new_H,baseline,2.0,0.0,7.0
2026-01-09,daily,all subpops,Age 2,new_H,baseline,2.0,0.0,6.0
2026-01-10,daily,all subpops,Age 2,new_H,baseline,3.0,0.0,6.350000000000023
2026-01-11,daily,all subpops,Age 2,new_H,baseline,2.0,0.0,6.0
2026-01-12,daily,all subpops,Age 2,new_H,baseline,2.0,0.0,6.0
2026-01-13,daily,all subpops,Age 2,new_H,baseline,2.0,0.0,6.0
2026-01-14,daily,all subpops,Age 2,new_H,baseline,2.0,0.0,6.0
2026-01-15,daily,all subpops,Age 2,new_H,baseline,2.0,0.0,5.0
2026-01-16,daily,all subpops,Age 2,new_H,baseline,2.0,0.0,5.0
2026-01-17,daily,all subpops,Age 2,new_H,baseline,2.0,0.0,5.0
2026-01-18,daily,all subpops,Age 2,new_H,baseline,2.0,0.0,5.0
2026-01-19,daily,all subpops,Age 2,new_H,baseline,1.0,0.0,4.0
2026-01-20,daily,all subpops,Age 2,new_H,baseline,1.0,0.0,4.0
2026-01-21,daily,all subpops,Age 2,new_H,baseline,1.0,0.0,4.0
2026-01-22,daily,all subpops,Age 2,new_H,baseline,1.0,0.0,4.0
2026-01-23,daily,all subpops,Age 2,new_H,baseline,1.0,0.0,4.0
2026-01-24,daily,all subpops,Age 2,new_H,baseline,1.0,0.0,4.0
2026-01-25,daily,all subpops,Age 2,new_H,baseline,1.0,0.0,4.0
2026-01-26,daily,all subpops,Age 2,new_H,baseline,1.0,0.0,3.0
2026-01-27,daily,all subpops,Age 2,new_H,baseline,1.0,0.0,3.0
2026-01-28,daily,all subpops,Age 2,new_H,baseline,1.0,0.0,3.0
2026-01-29,daily,all subpops,Age 2,new_H,baseline,1.0,0.0,3.0
2026-01-30,daily,all subpops,Age 2,new_H,baseline,1.0,0.0,3.0
2026-01-31,daily,all subpops,Age 2,new_H,baseline,1.0,0.0,3.0
2026-02-01,daily,all subpops,Age 2,new_H,baseline,1.0,0.0,3.0
2026-02-02,daily,all subpops,Age 2,new_H,baseline,0.0,0.0,3.0
2026-02-03,daily,all subpops,Age 2,new_H,baseline,0.0,0.0,2.0
2026-02-04,daily,all subpops,Age 2,new_H,baseline,0.0,0.0,2.3500000000000227
2026-02-05,daily,all subpops,Age 2,new_H,baseline,0.0,0.0,3.0
2026-02-06,daily,all subpops,Age 2,new_H,baseline,0.0,0.0,2.0
2026-02-07,daily,all subpops,Age 2,new_H,baseline,0.0,0.0,2.3500000000000227
2026-02-08,daily,all subpops,Age 2,new_H,baseline,0.0,0.0,2.0
2026-02-09,daily,all subpops,Age 2,new_H,baseline,0.0,0.0,2.0
2026-02-10,daily,all subpops,Age 2,new_H,baseline,0.0,0.0,2.0
2026-02-11,daily,all subpops,Age 2,new_H,baseline,0.0,0.0,2.0
2026-02-12,daily,all subpops,Age 2,new_H,baseline,0.0,0.0,2.0
2026-02-13,daily,all subpops,Age 2,new_H,baseline,0.0,0.0,3.0
2026-02-14,daily,all subpops,Age 2,new_H,baseline,0.0,0.0,2.0
2026-02-15,daily,all subpops,Age 2,new_H,baseline,0.0,0.0,2.0
2026-02-16,daily,all subpops,Age 2,new_H,baseline,0.0,0.0,2.0
2026-02-17,daily,all subpops,Age 2,new_H,baseline,0.0,0.0,2.0
2026-02-18,daily,all subpops,Age 2,new_H,baseline,0.0,0.0,2.0
2026-02-19,daily,all subpops,Age 2,new_H,baseline,0.0,0.0,1.0
2026-02-20,daily,all subpops,Age 2,new_H,baseline,0.0,0.0,1.0
2026-02-21,daily,all subpops,Age 2,new_H,baseline,0.0,0.0,2.0
2026-02-22,daily,all subpops,Age 2,new_H,baseline,0.0,0.0,1.0
2026-02-23,daily,all subpops,Age 2,new_H,baseline,0.0,0.0,1.0
2026-02-24,daily,all subpops,Age 2,new_H,baseline,0.0,0.0,1.0
2026-02-25,daily,all subpops,Age 2,new_H,baseline,0.0,0.0,1.3500000000000227
2026-02-26,daily,all subpops,Age 2,new_H,baseline,0.0,0.0,1.0
2026-02-27,daily,all subpops,Age 2,new_H,baseline,0.0,0.0,1.3500000000000227
2026-02-28,daily,all subpops,Age 2,new_H,baseline,0.0,0.0,2.0
2026-03-01,daily,all subpops,Age 2,new_H,baseline,0.0,0.0,1.0
2026-03-02,daily,all subpops,Age 2,new_H,baseline,0.0,0.0,1.0
2026-03-03,daily,all subpops,Age 2,new_H,baseline,0.0,0.0,1.3500000000000227
2026-03-04,daily,all subpops,Age 2,new_H,baseline,0.0,0.0,2.0
2026-03-05,daily,all subpops,Age 2,new_H,baseline,0.0,0.0,1.0
2026-03-06,daily,all subpops,Age 2,new_H,baseline,0.0,0.0,2.0
2026-03-07,daily,all subpops,Age 2,new_H,baseline,0.0,0.0,2.0
2026-03-08,daily,all subpops,Age 2,new_H,baseline,0.0,0.0,1.0
2026-03-09,daily,all subpops,Age 2,new_H,baseline,0.0,0.0,2.0
2026-03-10,daily,all subpops,Age 2,new_H,baseline,0.0,0.0,1.0
2026-03-11,daily,all subpops,Age 2,new_H,baseline,0.0,0.0,2.0
2026-03-12,daily,all subpops,Age 2,new_H,baseline,0.0,0.0,2.0
2026-03-13,daily,all subpops,Age 2,new_H,baseline,0.0,0.0,1.0
2026-03-14,daily,all subpops,Age 2,new_H,baseline,0.0,0.0,1.0
2026-03-15,daily,all subpops,Age 2,new_H,baseline,0.0,0.0,2.0
2026-03-16,daily,all subpops,Age 2,new_H,baseline,0.0,0.0,1.0
2026-03-17,daily,all subpops,Age 2,new_H,baseline,0.0,0.0,1.0
2026-03-18,daily,all subpops,Age 2,new_H,baseline,0.0,0.0,1.0
2026-03-19,daily,all subpops,Age 2,new_H,baseline,0.0,0.0,1.0
2026-03-20,daily,all subpops,Age 2,new_H,baseline,0.0,0.0,1.0
2026-03-21,daily,all subpops,Age 2,new_H,baseline,0.0,0.0,1.0
2026-03-22,daily,all subpops,Age 2,new_H,baseline,0.0,0.0,1.0
2026-03-23,daily,all subpops,Age 2,new_H,baseline,0.0,0.0,1.0
2026-03-24,daily,all subpops,Age 2,new_H,baseline,0.0,0.0,1.0
2026-03-25,daily,all subpops,Age 2,new_H,baseline,0.0,0.0,1.0
2026-03-26,daily,all subpops,Age 2,new_H,baseline,0.0,0.0,1.0
2026-03-27,daily,all subpops,Age 2,new_H,baseline,0.0,0.0,1.0
2026-03-28,daily,all subpops,Age 2,new_H,baseline,0.0,0.0,1.0
2026-03-29,daily,all subpops,Age 2,new_H,baseline,0.0,0.0,1.0
2026-03-30,daily,all subpops,Age 2,new_H,baseline,0.0,0.0,1.0
2026-03-31,daily,all subpops,Age 2,new_H,baseline,0.0,0.0,1.0
2026-04-01,daily,all subpops,Age 2,new_H,baseline,0.0,0.0,1.0
2026-04-02,daily,all subpops,Age 2,new_H,baseline,0.0,0.0,1.0
2026-04-03,daily,all subpops,Age 2,new_H,baseline,0.0,0.0,1.0
2026-04-04,daily,all subpops,Age 2,new_H,baseline,0.0,0.0,1.0
2026-04-05,daily,all subpops,Age 2,new_H,baseline,0.0,0.0,1.0
2026-04-06,daily,all subpops,Age 2,new_H,baseline,0.0,0.0,1.0
2026-04-07,daily,all subpops,Age 2,new_H,baseline,0.0,0.0,1.0
2026-04-08,daily,all subpops,Age 2,new_H,baseline,0.0,0.0,1.0
2026-04-09,daily,all subpops,Age 2,new_H,baseline,0.0,0.0,1.0
2026-04-10,daily,all subpops,Age 2,new_H,baseline,0.0,0.0,1.0
2026-04-11,daily,all subpops,Age 2,new_H,baseline,0.0,0.0,1.0
2026-04-12,daily,all subpops,Age 2,new_H,baseline,0.0,0.0,1.0
2026-04-13,daily,all subpops,Age 2,new_H,baseline,0.0,0.0,1.0
2026-04-14,daily,all subpops,Age 2,new_H,baseline,0.0,0.0,1.0
2026-04-15,daily,all subpops,Age 2,new_H,baseline,0.0,0.0,1.0
2026-04-16,daily,all subpops,Age 2,new_H,baseline,0.0,0.0,1.0
2026-04-17,daily,all subpops,Age 2,new_H,baseline,0.0,0.0,1.0
2026-04-18,daily,all subpops,Age 2,new_H,baseline,0.0,0.0,1.0
2026-04-19,daily,all subpops,Age 2,new_H,baseline,0.0,0.0,1.0
2026-04-20,daily,all subpops,Age 2,new_H,baseline,0.0,0.0,1.0
2026-04-21,daily,all subpops,Age 2,new_H,baseline,0.0,0.0,1.0
2026-04-22,daily,all subpops,Age 2,new_H,baseline,0.0,0.0,1.0
2026-04-23,daily,all subpops,Age 2,new_H,baseline,0.0,0.0,1.0
2026-04-24,daily,all subpops,Age 2,new_H,baseline,0.0,0.0,1.0
2026-04-25,daily,all subpops,Age 2,new_H,baseline,0.0,0.0,1.0
2026-04-26,daily,all subpops,Age 2,new_H,baseline,0.0,0.0,1.0
2026-04-27,daily,all subpops,Age 2,new_H,baseline,0.0,0.0,1.0
2026-04-28,daily,all subpops,Age 2,new_H,baseline,0.0,0.0,1.0
2026-04-29,daily,all subpops,Age 2,new_H,baseline,0.0,0.0,1.0
2026-04-30,daily,all subpops,Age 2,new_H,baseline,0.0,0.0,1.0
2026-05-01,daily,all subpops,Age 2,new_H,baseline,0.0,0.0,1.0
2026-05-02,daily,all subpops,Age 2,new_H,baseline,0.0,0.0,1.0
2026-05-03,daily,all subpops,Age 2,new_H,baseline,0.0,0.0,1.0
2026-05-04,daily,all subpops,Age 2,new_H,baseline,0.0,0.0,1.0
2026-05-05,daily,all subpops,Age 2,new_H,baseline,0.0,0.0,1.0
2026-05-06,daily,all subpops,Age 2,new_H,baseline,0.0,0.0,1.0
2026-05-07,daily,all subpops,Age 2,new_H,baseline,0.0,0.0,1.0
2026-05-08,daily,all subpops,Age 2,new_H,baseline,0.0,0.0,1.0
2025-09-01,cumulative,all subpops,Age 2,new_H,baseline,0.0,0.0,0.0
2025-09-02,cumulative,all subpops,Age 2,new_H,baseline,0.0,0.0,0.0
2025-09-03,cumulative,all subpops,Age 2,new_H,baseline,0.0,0.0,1.0
2025-09-04,cumulative,all subpops,Age 2,new_H,baseline,0.0,0.0,1.0
2025-09-05,cumulative,all subpops,Age 2,new_H,baseline,0.0,0.0,1.0
2025-09-06,cumulative,all subpops,Age 2,new_H,baseline,0.0,0.0,1.0
2025-09-07,cumulative,all subpops,Age 2,new_H,baseline,0.0,0.0,1.0
2025-09-08,cumulative,all subpops,Age 2,new_H,baseline,0.0,0.0,1.0
2025-09-09,cumulative,all subpops,Age 2,new_H,baseline,0.0,0.0,1.0
2025-09-10,cumulative,all subpops,Age 2,new_H,baseline,0.0,0.0,1.0
2025-09-11,cumulative,all subpops,Age 2,new_H,baseline,0.0,0.0,1.0
2025-09-12,cumulative,all subpops,Age 2,new_H,baseline,0.0,0.0,2.0
2025-09-13,cumulative,all subpops,Age 2,new_H,baseline,0.0,0.0,2.0
2025-09-14,cumulative,all subpops,Age 2,new_H,baseline,0.0,0.0,2.0
2025-09-15,cumulative,all subpops,Age 2,new_H,baseline,0.0,0.0,2.0
2025-09-16,cumulative,all subpops,Age 2,new_H,baseline,0.0,0.0,2.0
2025-09-17,cumulative,all subpops,Age 2,new_H,baseline,0.0,0.0,2.0
2025-09-18,cumulative,all subpops,Age 2,new_H,baseline,0.0,0.0,2.0
2025-09-19,cumulative,all subpops,Age 2,new_H,baseline,0.0,0.0,2.0
2025-09-20,cumulative,all subpops,Age 2,new_H,baseline,0.0,0.0,2.0
2025-09-21,cumulative,all subpops,Age 2,new_H,baseline,0.0,0.0,2.3500000000000227
2025-09-22,cumulative,all subpops,Age 2,new_H,baseline,0.0,0.0,3.0
2025-09-23,cumulative,all subpops,Age 2,new_H,baseline,1.0,0.0,3.0
2025-09-24,cumulative,all subpops,Age 2,new_H,baseline,1.0,0.0,3.0
2025-09-25,cumulative,all subpops,Age 2,new_H,baseline,1.0,0.0,3.0
2025-09-26,cumulative,all subpops,Age 2,new_H,baseline,1.0,0.0,3.0
2025-09-27,cumulative,all subpops,Age 2,new_H,baseline,1.0,0.0,3.0
2025-09-28,cumulative,all subpops,Age 2,new_H,baseline,1.0,0.0,4.0
2025-09-29,cumulative,all subpops,Age 2,new_H,baseline,1.0,0.0,4.0
2025-09-30,cumulative,all subpops,Age 2,new_H,baseline,1.0,0.0,4.0
2025-10-01,cumulative,all subpops,Age 2,new_H,baseline,1.0,0.0,4.0
2025-10-02,cumulative,all subpops,Age 2,new_H,baseline,1.0,0.0,4.0
2025-10-03,cumulative,all subpops,Age 2,new_H,baseline,1.0,0.0,5.0
2025-10-04,cumulative,all subpops,Age 2,new_H,baseline,2.0,0.0,5.0
2025-10-05,cumulative,all subpops,Age 2,new_H,baseline,2.0,0.0,5.0
2025-10-06,cumulative,all subpops,Age 2,new_H,baseline,2.0,0.0,5.0
2025-10-07,cumulative,all subpops,Age 2,new_H,baseline,2.0,0.0,5.0
2025-10-08,cumulative,all subpops,Age 2,new_H,baseline,2.0,0.0,6.0
2025-10-09,cumulative,all subpops,Age 2,new_H,baseline,2.0,0.0,6.0
2025-10-10,cumulative,all subpops,Age 2,new_H,baseline,2.0,0.0,6.0
2025-10-11,cumulative,all subpops,Age 2,new_H,baseline,2.0,0.0,6.0
2025-10-12,cumulative,all subpops,Age 2,new_H,baseline,2.0,0.0,6.350000000000023
2025-10-13,cumulative,all subpops,Age 2,new_H,baseline,2.0,0.0,7.0
2025-10-14,cumulative,all subpops,Age 2,new_H,baseline,3.0,0.0,7.0
2025-10-15,cumulative,all subpops,Age 2,new_H,baseline,3.0,0.0,7.0
2025-10-16,cumulative,all subpops,Age 2,new_H,baseline,3.0,0.0,7.0
2025-10-17,cumulative,all subpops,Age 2,new_H,baseline,3.0,0.0,7.0
2025-10-18,cumulative,all subpops,Age 2,new_H,baseline,3.0,0.0,7.0
2025-10-19,cumulative,all subpops,Age 2,new_H,baseline,3.0,0.0,7.0
2025-10-20,cumulative,all subpops,Age 2,new_H,baseline,3.0,0.0,8.0
2025-10-21,cumulative,all subpops,Age 2,new_H,baseline,3.0,0.0,8.0
2025-10-22,cumulative,all subpops,Age 2,new_H,baseline,3.0,0.0,8.0
2025-10-23,cumulative,all subpops,Age 2,new_H,baseline,3.0,0.0,8.350000000000023
2025-10-24,cumulative,all subpops,Age 2,new_H,baseline,4.0,0.0,9.0
2025-10-25,cumulative,all subpops,Age 2,new_H,baseline,4.0,0.0,9.0
2025-10-26,cumulative,all subpops,Age 2,new_H,baseline,4.0,0.0,9.0
2025-10-27,cumulative,all subpops,Age 2,new_H,baseline,4.0,1.0,9.0
2025-10-28,cumulative,all subpops,Age 2,new_H,baseline,4.0,1.0,9.0
2025-10-29,cumulative,all subpops,Age 2,new_H,baseline,4.0,1.0,9.0
2025-10-30,cumulative,all subpops,Age 2,new_H,baseline,4.0,1.0,10.0
2025-10-31,cumulative,all subpops,Age 2,new_H,baseline,5.0,1.0,10.0
2025-11-01,cumulative,all subpops,Age 2,new_H,baseline,5.0,1.0,10.0
2025-11-02,cumulative,all subpops,Age 2,new_H,baseline,5.0,1.0,10.0
2025-11-03,cumulative,all subpops,Age 2,new_H,baseline,5.0,1.0,10.0
2025-11-04,cumulative,all subpops,Age 2,new_H,baseline,5.0,1.0,11.0
2025-11-05,cumulative,all subpops,Age 2,new_H,baseline,5.0,1.0,11.0
2025-11-06,cumulative,all subpops,Age 2,new_H,baseline,6.0,2.0,11.0
2025-11-07,cumulative,all subpops,Age 2,new_H,baseline,6.0,2.0,11.350000000000023
2025-11-08,cumulative,all subpops,Age 2,new_H,baseline,6.0,2.0,12.0
2025-11-09,cumulative,all subpops,Age 2,new_H,baseline,6.0,2.0,12.0
2025-11-10,cumulative,all subpops,Age 2,new_H,baseline,6.0,2.0,12.0
2025-11-11,cumulative,all subpops,Age 2,new_H,baseline,6.0,2.0,12.0
2025-11-12,cumulative,all subpops,Age 2,new_H,baseline,7.0,2.0,13.0
2025-11-13,cumulative,all subpops,Age 2,new_H,baseline,7.0,2.0,13.0
2025-11-14,cumulative,all subpops,Age 2,new_H,baseline,7.0,2.0,13.0
2025-11-15,cumulative,all subpops,Age 2,new_H,baseline,7.0,2.0,13.350000000000023
2025-11-16,cumulative,all subpops,Age 2,new_H,baseline,7.0,2.0,14.0
2025-11-17,cumulative,all subpops,Age 2,new_H,baseline,7.0,2.0,14.0
2025-11-18,cumulative,all subpops,Age 2,new_H,baseline,8.0,3.0,15.0
2025-11-19,cumulative,all subpops,Age 2,new_H,baseline,8.0,3.0,15.0
2025-11-20,cumulative,all subpops,Age 2,new_H,baseline,8.0,3.0,15.350000000000023
2025-11-21,cumulative,all subpops,Age 2,new_H,baseline,9.0,3.0,16.0
2025-11-22,cumulative,all subpops,Age 2,new_H,baseline,9.0,3.0,16.0
2025-11-23,cumulative,all subpops,Age 2,new_H,baseline,9.0,3.0,17.0
2025-11-24,cumulative,all subpops,Age 2,new_H,baseline,10.0,3.6500000000000004,17.0
2025-11-25,cumulative,all subpops,Age 2,new_H,baseline,10.0,4.0,18.0
2025-11-26,cumulative,all subpops,Age 2,new_H,baseline,11.0,4.0,19.0
2025-11-27,cumulative,all subpops,Age 2,new_H,baseline,11.0,4.0,20.0
2025-11-28,cumulative,all subpops,Age 2,new_H,baseline,12.0,4.0,21.0
2025-11-29,cumulative,all subpops,Age 2,new_H,baseline,12.0,5.0,21.0
2025-11-30,cumulative,all subpops,Age 2,new_H,baseline,13.0,5.0,22.0
2025-12-01,cumulative,all subpops,Age 2,new_H,baseline,13.0,5.0,23.0
2025-12-02,cumulative,all subpops,Age 2,new_H,baseline,14.0,6.0,24.0
2025-12-03,cumulative,all subpops,Age 2,new_H,baseline,14.0,6.0,24.0
2025-12-04,cumulative,all subpops,Age 2,new_H,baseline,15.0,7.0,25.0
2025-12-05,cumulative,all subpops,Age 2,new_H,baseline,16.0,7.0,26.350000000000023
2025-12-06,cumulative,all subpops,Age 2,new_H,baseline,17.0,7.65,28.0
2025-12-07,cumulative,all subpops,Age 2,new_H,baseline,18.0,9.0,29.350000000000023
2025-12-08,cumulative,all subpops,Age 2,new_H,baseline,19.0,10.0,31.0
2025-12-09,cumulative,all subpops,Age 2,new_H,baseline,20.0,10.0,33.0
2025-12-10,cumulative,all subpops,Age 2,new_H,baseline,22.0,11.0,35.0
2025-12-11,cumulative,all subpops,Age 2,new_H,baseline,23.0,12.0,37.0
2025-12-12,cumulative,all subpops,Age 2,new_H,baseline,25.0,14.0,41.0
2025-12-13,cumulative,all subpops,Age 2,new_H,baseline,27.0,15.0,44.0
2025-12-14,cumulative,all subpops,Age 2,new_H,baseline,29.0,17.0,47.0
2025-12-15,cumulative,all subpops,Age 2,new_H,baseline,32.0,18.0,50.35000000000002
2025-12-16,cumulative,all subpops,Age 2,new_H,baseline,34.0,19.0,54.35000000000002
2025-12-17,cumulative,all subpops,Age 2,new_H,baseline,37.0,21.0,59.0
2025-12-18,cumulative,all subpops,Age 2,new_H,baseline,41.0,23.0,65.0
2025-12-19,cumulative,all subpops,Age 2,new_H,baseline,45.0,26.0,71.0
2025-12-20,cumulative,all subpops,Age 2,new_H,baseline,50.0,28.0,77.0
2025-12-21,cumulative,all subpops,Age 2,new_H,baseline,54.0,32.0,84.35000000000002
2025-12-22,cumulative,all subpops,Age 2,new_H,baseline,59.0,35.0,90.0
2025-12-23,cumulative,all subpops,Age 2,new_H,baseline,63.0,38.0,96.0
2025-12-24,cumulative,all subpops,Age 2,new_H,baseline,67.0,40.65,101.35000000000002
2025-12-25,cumulative,all subpops,Age 2,new_H,baseline,71.0,42.65,105.35000000000002
2025-12-26,cumulative,all subpops,Age 2,new_H,baseline,74.0,44.0,110.0
2025-12-27,cumulative,all subpops,Age 2,new_H,baseline,78.0,46.65,114.35000000000002
2025-12-28,cumulative,all subpops,Age 2,new_H,baseline,82.0,48.3,120.35000000000002
2025-12-29,cumulative,all subpops,Age 2,new_H,baseline,85.0,50.65,124.0
2025-12-30,cumulative,all subpops,Age 2,new_H,baseline,88.0,52.0,128.35000000000002
2025-12-31,cumulative,all subpops,Age 2,new_H,baseline,91.0,54.0,133.0
2026-01-01,cumulative,all subpops,Age 2,new_H,baseline,94.0,56.0,138.0
2026-01-02,cumulative,all subpops,Age 2,new_H,baseline,97.0,58.65,141.0
2026-01-03,cumulative,all subpops,Age 2,new_H,baseline,99.0,60.0,145.35000000000002
2026-01-04,cumulative,all subpops,Age 2,new_H,baseline,101.0,62.0,149.0
2026-01-05,cumulative,all subpops,Age 2,new_H,baseline,104.0,62.65,152.0
2026-01-06,cumulative,all subpops,Age 2,new_H,baseline,106.0,64.0,155.35000000000002
2026-01-07,cumulative,all subpops,Age 2,new_H,baseline,109.0,65.0,159.35000000000002
2026-01-08,cumulative,all subpops,Age 2,new_H,baseline,112.0,67.65,163.0
2026-01-09,cumulative,all subpops,Age 2,new_H,baseline,114.0,69.0,165.35000000000002
2026-01-10,cumulative,all subpops,Age 2,new_H,baseline,117.0,71.0,168.35000000000002
2026-01-11,cumulative,all subpops,Age 2,new_H,baseline,120.0,73.65,175.0
2026-01-12,cumulative,all subpops,Age 2,new_H,baseline,123.0,74.65,176.70000000000005
2026-01-13,cumulative,all subpops,Age 2,new_H,baseline,125.0,77.0,179.0
2026-01-14,cumulative,all subpops,Age 2,new_H,baseline,128.0,77.0,181.0
2026-01-15,cumulative,all subpops,Age 2,new_H,baseline,129.0,79.0,184.0
2026-01-16,cumulative,all subpops,Age 2,new_H,baseline,131.0,80.65,187.0
2026-01-17,cumulative,all subpops,Age 2,new_H,baseline,134.0,82.65,189.35000000000002
2026-01-18,cumulative,all subpops,Age 2,new_H,baseline,136.0,83.65,191.35000000000002
2026-01-19,cumulative,all subpops,Age 2,new_H,baseline,137.0,84.0,193.35000000000002
2026-01-20,cumulative,all subpops,Age 2,new_H,baseline,138.0,84.0,195.0
2026-01-21,cumulative,all subpops,Age 2,new_H,baseline,139.0,85.0,197.35000000000002
2026-01-22,cumulative,all subpops,Age 2,new_H,baseline,140.0,86.3,199.35000000000002
2026-01-23,cumulative,all subpops,Age 2,new_H,baseline,141.0,87.65,201.0
2026-01-24,cumulative,all subpops,Age 2,new_H,baseline,142.0,89.0,202.35000000000002
2026-01-25,cumulative,all subpops,Age 2,new_H,baseline,143.0,90.0,203.0
2026-01-26,cumulative,all subpops,Age 2,new_H,baseline,145.0,90.65,204.0
2026-01-27,cumulative,all subpops,Age 2,new_H,baseline,145.0,91.65,206.0
2026-01-28,cumulative,all subpops,Age 2,new_H,baseline,146.0,91.65,206.35000000000002
2026-01-29,cumulative,all subpops,Age 2,new_H,baseline,147.0,92.3,207.35000000000002
2026-01-30,cumulative,all subpops,Age 2,new_H,baseline,147.0,92.3,208.35000000000002
2026-01-31,cumulative,all subpops,Age 2,new_H,baseline,148.0,92.65,209.35000000000002
2026-02-01,cumulative,all subpops,Age 2,new_H,baseline,149.0,93.0,209.35000000000002
2026-02-02,cumulative,all subpops,Age 2,new_H,baseline,149.0,94.0,211.35000000000002
2026-02-03,cumulative,all subpops,Age 2,new_H,baseline,150.0,94.65,212.35000000000002
2026-02-04,cumulative,all subpops,Age 2,new_H,baseline,150.0,94.65,213.35000000000002
2026-02-05,cumulative,all subpops,Age 2,new_H,baseline,151.0,94.65,214.35000000000002
2026-02-06,cumulative,all subpops,Age 2,new_H,baseline,151.0,96.3,215.0
2026-02-07,cumulative,all subpops,Age 2,new_H,baseline,152.0,96.65,215.35000000000002
2026-02-08,cumulative,all subpops,Age 2,new_H,baseline,153.0,96.65,216.35000000000002
2026-02-09,cumulative,all subpops,Age 2,new_H,baseline,153.0,97.0,216.35000000000002
2026-02-10,cumulative,all subpops,Age 2,new_H,baseline,154.0,97.0,217.0
2026-02-11,cumulative,all subpops,Age 2,new_H,baseline,154.0,97.0,217.35000000000002
2026-02-12,cumulative,all subpops,Age 2,new_H,baseline,155.0,97.65,218.35000000000002
2026-02-13,cumulative,all subpops,Age 2,new_H,baseline,155.0,97.65,218.35000000000002
2026-02-14,cumulative,all subpops,Age 2,new_H,baseline,156.0,98.0,218.70000000000005
2026-02-15,cumulative,all subpops,Age 2,new_H,baseline,156.0,98.65,218.70000000000005
2026-02-16,cumulative,all subpops,Age 2,new_H,baseline,156.0,99.0,219.05000000000007
2026-02-17,cumulative,all subpops,Age 2,new_H,baseline,157.0,99.0,219.70000000000005
2026-02-18,cumulative,all subpops,Age 2,new_H,baseline,157.0,99.65,219.70000000000005
2026-02-19,cumulative,all subpops,Age 2,new_H,baseline,158.0,99.65,220.05000000000007
2026-02-20,cumulative,all subpops,Age 2,new_H,baseline,158.0,100.0,220.70000000000005
2026-02-21,cumulative,all subpops,Age 2,new_H,baseline,158.0,100.0,220.70000000000005
2026-02-22,cumulative,all subpops,Age 2,new_H,baseline,158.0,100.0,220.70000000000005
2026-02-23,cumulative,all subpops,Age 2,new_H,baseline,158.0,100.65,220.70000000000005
2026-02-24,cumulative,all subpops,Age 2,new_H,baseline,158.0,100.65,221.05000000000007
2026-02-25,cumulative,all subpops,Age 2,new_H,baseline,159.0,100.65,221.70000000000005
2026-02-26,cumulative,all subpops,Age 2,new_H,baseline,159.0,100.65,221.70000000000005
2026-02-27,cumulative,all subpops,Age 2,new_H,baseline,159.0,100.65,221.70000000000005
2026-02-28,cumulative,all subpops,Age 2,new_H,baseline,159.0,101.0,222.35000000000002
2026-03-01,cumulative,all subpops,Age 2,new_H,baseline,159.0,101.0,222.35000000000002
2026-03-02,cumulative,all subpops,Age 2,new_H,baseline,160.0,101.0,222.70000000000005
2026-03-03,cumulative,all subpops,Age 2,new_H,baseline,160.0,101.0,222.70000000000005
2026-03-04,cumulative,all subpops,Age 2,new_H,baseline,160.0,101.0,223.35000000000002
2026-03-05,cumulative,all subpops,Age 2,new_H,baseline,160.0,102.3,224.0
2026-03-06,cumulative,all subpops,Age 2,new_H,baseline,161.0,102.65,224.35000000000002
2026-03-07,cumulative,all subpops,Age 2,new_H,baseline,161.0,102.65,224.35000000000002
2026-03-08,cumulative,all subpops,Age 2,new_H,baseline,162.0,102.65,225.0
2026-03-09,cumulative,all subpops,Age 2,new_H,baseline,162.0,102.65,225.0
2026-03-10,cumulative,all subpops,Age 2,new_H,baseline,162.0,103.3,225.35000000000002
2026-03-11,cumulative,all subpops,Age 2,new_H,baseline,162.0,103.3,225.35000000000002
2026-03-12,cumulative,all subpops,Age 2,new_H,baseline,163.0,103.3,225.35000000000002
2026-03-13,cumulative,all subpops,Age 2,new_H,baseline,163.0,103.3,225.35000000000002
2026-03-14,cumulative,all subpops,Age 2,new_H,baseline,163.0,104.6,226.0
2026-03-15,cumulative,all subpops,Age 2,new_H,baseline,163.0,104.6,226.0
2026-03-16,cumulative,all subpops,Age 2,new_H,baseline,164.0,104.95,226.0
2026-03-17,cumulative,all subpops,Age 2,new_H,baseline,164.0,105.3,226.0
2026-03-18,cumulative,all subpops,Age 2,new_H,baseline,164.0,105.3,226.0
2026-03-19,cumulative,all subpops,Age 2,new_H,baseline,164.0,106.3,226.0
2026-03-20,cumulative,all subpops,Age 2,new_H,baseline,164.0,106.3,226.35000000000002
2026-03-21,cumulative,all subpops,Age 2,new_H,baseline,164.0,106.3,226.35000000000002
2026-03-22,cumulative,all subpops,Age 2,new_H,baseline,164.0,106.3,226.35000000000002
2026-03-23,cumulative,all subpops,Age 2,new_H,baseline,164.0,106.3,226.35000000000002
2026-03-24,cumulative,all subpops,Age 2,new_H,baseline,164.0,106.3,227.0
2026-03-25,cumulative,all subpops,Age 2,new_H,baseline,164.0,106.65,227.0
2026-03-26,cumulative,all subpops,Age 2,new_H,baseline,165.0,106.65,227.35000000000002
2026-03-27,cumulative,all subpops,Age 2,new_H,baseline,165.0,106.65,227.35000000000002
2026-03-28,cumulative,all subpops,Age 2,new_H,baseline,165.0,106.65,227.35000000000002
2026-03-29,cumulative,all subpops,Age 2,new_H,baseline,165.0,106.65,227.70000000000005
2026-03-30,cumulative,all subpops,Age 2,new_H,baseline,166.0,106.65,228.35000000000002
2026-03-31,cumulative,all subpops,Age 2,new_H,baseline,166.0,106.65,228.35000000000002
2026-04-01,cumulative,all subpops,Age 2,new_H,baseline,166.0,106.65,228.35000000000002
2026-04-02,cumulative,all subpops,Age 2,new_H,baseline,166.0,106.65,228.35000000000002
2026-04-03,cumulative,all subpops,Age 2,new_H,baseline,166.0,106.65,228.35000000000002
2026-04-04,cumulative,all subpops,Age 2,new_H,baseline,166.0,107.0,228.35000000000002
2026-04-05,cumulative,all subpops,Age 2,new_H,baseline,167.0,107.65,228.35000000000002
2026-04-06,cumulative,all subpops,Age 2,new_H,baseline,167.0,108.3,228.35000000000002
2026-04-07,cumulative,all subpops,Age 2,new_H,baseline,167.0,108.3,228.35000000000002
2026-04-08,cumulative,all subpops,Age 2,new_H,baseline,167.0,108.3,228.35000000000002
2026-04-09,cumulative,all subpops,Age 2,new_H,baseline,167.0,108.3,228.35000000000002
2026-04-10,cumulative,all subpops,Age 2,new_H,baseline,167.0,108.3,229.0
2026-04-11,cumulative,all subpops,Age 2,new_H,baseline,167.0,108.3,229.0
2026-04-12,cumulative,all subpops,Age 2,new_H,baseline,167.0,108.3,229.35000000000002
2026-04-13,cumulative,all subpops,Age 2,new_H,baseline,167.0,108.3,229.35000000000002
2026-04-14,cumulative,all subpops,Age 2,new_H,baseline,167.0,108.3,229.35000000000002
2026-04-15,cumulative,all subpops,Age 2,new_H,baseline,167.0,108.3,230.0
2026-04-16,cumulative,all subpops,Age 2,new_H,baseline,167.0,108.3,230.0
2026-04-17,cumulative,all subpops,Age 2,new_H,baseline,167.0,108.3,230.35000000000002
2026-04-18,cumulative,all subpops,Age 2,new_H,baseline,167.0,108.3,231.0
2026-04-19,cumulative,all subpops,Age 2,new_H,baseline,167.0,108.3,231.0
2026-04-20,cumulative,all subpops,Age 2,new_H,baseline,167.0,108.3,231.0
2026-04-21,cumulative,all subpops,Age 2,new_H,baseline,168.0,108.3,231.0
2026-04-22,cumulative,all subpops,Age 2,new_H,baseline,168.0,108.3,231.0
2026-04-23,cumulative,all subpops,Age 2,new_H,baseline,168.0,108.3,231.0
2026-04-24,cumulative,all subpops,Age 2,new_H,baseline,168.0,108.3,231.0
2026-04-25,cumulative,all subpops,Age 2,new_H,baseline,168.0,108.3,231.35000000000002
2026-04-26,cumulative,all subpops,Age 2,new_H,baseline,168.0,108.3,231.35000000000002
2026-04-27,cumulative,all subpops,Age 2,new_H,baseline,168.0,108.3,231.35000000000002
2026-04-28,cumulative,all subpops,Age 2,new_H,baseline,168.0,108.3,231.35000000000002
2026-04-29,cumulative,all subpops,Age 2,new_H,baseline,168.0,108.3,231.35000000000002
2026-04-30,cumulative,all subpops,Age 2,new_H,baseline,168.0,108.3,231.35000000000002
2026-05-01,cumulative,all subpops,Age 2,new_H,baseline,168.0,108.3,231.35000000000002
2026-05-02,cumulative,all subpops,Age 2,new_H,baseline,169.0,108.3,231.35000000000002
2026-05-03,cumulative,all subpops,Age 2,new_H,baseline,169.0,108.3,231.35000000000002
2026-05-04,cumulative,all subpops,Age 2,new_H,baseline,169.0,108.3,231.35000000000002
2026-05-05,cumulative,all subpops,Age 2,new_H,baseline,169.0,108.3,231.35000000000002
2026-05-06,cumulative,all subpops,Age 2,new_H,baseline,169.0,108.3,231.35000000000002
2026-05-07,cumulative,all subpops,Age 2,new_H,baseline,169.0,108.3,231.35000000000002
2026-05-08,cumulative,all subpops,Age 2,new_H,baseline,169.0,108.3,231.35000000000002
2025-09-01,daily,all subpops,Age 3,new_H,baseline,0.0,0.0,0.0
2025-09-02,daily,all subpops,Age 3,new_H,baseline,0.0,0.0,0.0
2025-09-03,daily,all subpops,Age 3,new_H,baseline,0.0,0.0,0.0
2025-09-04,daily,all subpops,Age 3,new_H,baseline,0.0,0.0,0.0
2025-09-05,daily,all subpops,Age 3,new_H,baseline,0.0,0.0,0.0
2025-09-06,daily,all subpops,Age 3,new_H,baseline,0.0,0.0,0.0
2025-09-07,daily,all subpops,Age 3,new_H,baseline,0.0,0.0,0.0
2025-09-08,daily,all subpops,Age 3,new_H,baseline,0.0,0.0,0.0
2025-09-09,daily,all subpops,Age 3,new_H,baseline,0.0,0.0,0.0
2025-09-10,daily,all subpops,Age 3,new_H,baseline,0.0,0.0,0.0
2025-09-11,daily,all subpops,Age 3,new_H,baseline,0.0,0.0,0.0
2025-09-12,daily,all subpops,Age 3,new_H,baseline,0.0,0.0,1.0
2025-09-13,daily,all subpops,Age 3,new_H,baseline,0.0,0.0,0.0
2025-09-14,daily,all subpops,Age 3,new_H,baseline,0.0,0.0,0.0
2025-09-15,daily,all subpops,Age 3,new_H,baseline,0.0,0.0,1.0
2025-09-16,daily,all subpops,Age 3,new_H,baseline,0.0,0.0,0.0
2025-09-17,daily,all subpops,Age 3,new_H,baseline,0.0,0.0,0.0
2025-09-18,daily,all subpops,Age 3,new_H,baseline,0.0,0.0,1.0
2025-09-19,daily,all subpops,Age 3,new_H,baseline,0.0,0.0,1.0
2025-09-20,daily,all subpops,Age 3,new_H,baseline,0.0,0.0,1.0
2025-09-21,daily,all subpops,Age 3,new_H,baseline,0.0,0.0,1.0
2025-09-22,daily,all subpops,Age 3,new_H,baseline,0.0,0.0,1.0
2025-09-23,daily,all subpops,Age 3,new_H,baseline,0.0,0.0,1.0
2025-09-24,daily,all subpops,Age 3,new_H,baseline,0.0,0.0,1.0
2025-09-25,daily,all subpops,Age 3,new_H,baseline,0.0,0.0,1.0
2025-09-26,daily,all subpops,Age 3,new_H,baseline,0.0,0.0,1.0
2025-09-27,daily,all subpops,Age 3,new_H,baseline,0.0,0.0,1.0
2025-09-28,daily,all subpops,Age 3,new_H,baseline,0.0,0.0,1.0
2025-09-29,daily,all subpops,Age 3,new_H,baseline,0.0,0.0,0.0
2025-09-30,daily,all subpops,Age 3,new_H,baseline,0.0,0.0,1.0
2025-10-01,daily,all subpops,Age 3,new_H,baseline,0.0,0.0,1.0
2025-10-02,daily,all subpops,Age 3,new_H,baseline,0.0,0.0,1.0
2025-10-03,daily,all subpops,Age 3,new_H,baseline,0.0,0.0,1.0
2025-10-04,daily,all subpops,Age 3,new_H,baseline,0.0,0.0,1.0
2025-10-05,daily,all subpops,Age 3,new_H,baseline,0.0,0.0,1.0
2025-10-06,daily,all subpops,Age 3,new_H,baseline,0.0,0.0,1.0
2025-10-07,daily,all subpops,Age 3,new_H,baseline,0.0,0.0,1.0
2025-10-08,daily,all subpops,Age 3,new_H,baseline,0.0,0.0,1.0
2025-10-09,daily,all subpops,Age 3,new_H,baseline,0.0,0.0,1.0
2025-10-10,daily,all subpops,Age 3,new_H,baseline,0.0,0.0,1.0
2025-10-11,daily,all subpops,Age 3,new_H,baseline,0.0,0.0,1.0
2025-10-12,daily,all subpops,Age 3,new_H,baseline,0.0,0.0,1.0
2025-10-13,daily,all subpops,Age 3,new_H,baseline,0.0,0.0,1.0
2025-10-14,daily,all subpops,Age 3,new_H,baseline,0.0,0.0,1.0
2025-10-15,daily,all subpops,Age 3,new_H,baseline,0.0,0.0,1.0
2025-10-16,daily,all subpops,Age 3,new_H,baseline,0.0,0.0,1.0
2025-10-17,daily,all subpops,Age 3,new_H,baseline,0.0,0.0,1.0
2025-10-18,daily,all subpops,Age 3,new_H,baseline,0.0,0.0,1.0
2025-10-19,daily,all subpops,Age 3,new_H,baseline,0.0,0.0,1.0
2025-10-20,daily,all subpops,Age 3,new_H,baseline,0.0,0.0,1.0
2025-10-21,daily,all subpops,Age 3,new_H,baseline,0.0,0.0,1.0
2025-10-22,daily,all subpops,Age 3,new_H,baseline,0.0,0.0,1.0
2025-10-23,daily,all subpops,Age 3,new_H,baseline,0.0,0.0,1.0
2025-10-24,daily,all subpops,Age 3,new_H,baseline,0.0,0.0,1.0
2025-10-25,daily,all subpops,Age 3,new_H,baseline,0.0,0.0,1.0
2025-10-26,daily,all subpops,Age 3,new_H,baseline,0.0,0.0,1.0
2025-10-27,daily,all subpops,Age 3,new_H,baseline,0.0,0.0,1.0
2025-10-28,daily,all subpops,Age 3,new_H,baseline,0.0,0.0,1.0
2025-10-29,daily,all subpops,Age 3,new_H,baseline,0.0,0.0,1.0
2025-10-30,daily,all subpops,Age 3,new_H,baseline,0.0,0.0,1.0
2025-10-31,daily,all subpops,Age 3,new_H,baseline,0.0,0.0,1.0
2025-11-01,daily,all subpops,Age 3,new_H,baseline,0.0,0.0,1.0
2025-11-02,daily,all subpops,Age 3,new_H,baseline,0.0,0.0,1.0
2025-11-03,daily,all subpops,Age 3,new_H,baseline,0.0,0.0,1.0
2025-11-04,daily,all subpops,Age 3,new_H,baseline,0.0,0.0,1.0
2025-11-05,daily,all subpops,Age 3,new_H,baseline,0.0,0.0,1.0
2025-11-06,daily,all subpops,Age 3,new_H,baseline,0.0,0.0,1.0
2025-11-07,daily,all subpops,Age 3,new_H,baseline,0.0,0.0,1.0
2025-11-08,daily,all subpops,Age 3,new_H,baseline,0.0,0.0,1.0
2025-11-09,daily,all subpops,Age 3,new_H,baseline,0.0,0.0,1.0
2025-11-10,daily,all subpops,Age 3,new_H,baseline,0.0,0.0,1.0
2025-11-11,daily,all subpops,Age 3,new_H,baseline,0.0,0.0,1.0
2025-11-12,daily,all subpops,Age 3,new_H,baseline,0.0,0.0,1.0
2025-11-13,daily,all subpops,Age 3,new_H,baseline,0.0,0.0,1.0
2025-11-14,daily,all subpops,Age 3,new_H,baseline,0.0,0.0,1.0
2025-11-15,daily,all subpops,Age 3,new_H,baseline,0.0,0.0,1.0
2025-11-16,daily,all subpops,Age 3,new_H,baseline,0.0,0.0,1.0
2025-11-17,daily,all subpops,Age 3,new_H,baseline,0.0,0.0,1.0
2025-11-18,daily,all subpops,Age 3,new_H,baseline,0.0,0.0,1.0
2025-11-19,daily,all subpops,Age 3,new_H,baseline,0.0,0.0,1.0
2025-11-20,daily,all subpops,Age 3,new_H,baseline,0.0,0.0,1.0
2025-11-21,daily,all subpops,Age 3,new_H,baseline,0.0,0.0,1.0
2025-11-22,daily,all subpops,Age 3,new_H,baseline,0.0,0.0,1.0
2025-11-23,daily,all subpops,Age 3,new_H,baseline,0.0,0.0,1.0
2025-11-24,daily,all subpops,Age 3,new_H,baseline,0.0,0.0,2.0
2025-11-25,daily,all subpops,Age 3,new_H,baseline,0.0,0.0,1.3500000000000227
2025-11-26,daily,all subpops,Age 3,new_H,baseline,0.0,0.0,1.0
2025-11-27,daily,all subpops,Age 3,new_H,baseline,0.0,0.0,2.0
2025-11-28,daily,all subpops,Age 3,new_H,baseline,0.0,0.0,2.0
2025-11-29,daily,all subpops,Age 3,new_H,baseline,0.0,0.0,2.0
2025-11-30,daily,all subpops,Age 3,new_H,baseline,0.0,0.0,2.0
2025-12-01,daily,all subpops,Age 3,new_H,baseline,0.0,0.0,2.0
2025-12-02,daily,all subpops,Age 3,new_H,baseline,0.0,0.0,2.0
2025-12-03,daily,all subpops,Age 3,new_H,baseline,0.0,0.0,2.0
2025-12-04,daily,all subpops,Age 3,new_H,baseline,0.0,0.0,2.0
2025-12-05,daily,all subpops,Age 3,new_H,baseline,0.0,0.0,2.0
2025-12-06,daily,all subpops,Age 3,new_H,baseline,0.0,0.0,2.0
2025-12-07,daily,all subpops,Age 3,new_H,baseline,0.0,0.0,2.0
2025-12-08,daily,all subpops,Age 3,new_H,baseline,0.0,0.0,2.3500000000000227
2025-12-09,daily,all subpops,Age 3,new_H,baseline,0.0,0.0,3.0
2025-12-10,daily,all subpops,Age 3,new_H,baseline,1.0,0.0,3.0
2025-12-11,daily,all subpops,Age 3,new_H,baseline,1.0,0.0,3.0
2025-12-12,daily,all subpops,Age 3,new_H,baseline,1.0,0.0,3.0
2025-12-13,daily,all subpops,Age 3,new_H,baseline,1.0,0.0,4.0
2025-12-14,daily,all subpops,Age 3,new_H,baseline,1.0,0.0,4.0
2025-12-15,daily,all subpops,Age 3,new_H,baseline,1.0,0.0,4.0
2025-12-16,daily,all subpops,Age 3,new_H,baseline,1.0,0.0,4.0
2025-12-17,daily,all subpops,Age 3,new_H,baseline,1.0,0.0,5.0
2025-12-18,daily,all subpops,Age 3,new_H,baseline,2.0,0.0,5.0
2025-12-19,daily,all subpops,Age 3,new_H,baseline,2.0,0.0,6.0
2025-12-20,daily,all subpops,Age 3,new_H,baseline,2.0,0.0,6.0
2025-12-21,daily,all subpops,Age 3,new_H,baseline,2.0,0.0,7.0
2025-12-22,daily,all subpops,Age 3,new_H,baseline,3.0,0.0,6.0
2025-12-23,daily,all subpops,Age 3,new_H,baseline,2.0,0.0,6.0
2025-12-24,daily,all subpops,Age 3,new_H,baseline,2.0,0.0,6.0
2025-12-25,daily,all subpops,Age 3,new_H,baseline,2.0,0.0,6.0
2025-12-26,daily,all subpops,Age 3,new_H,baseline,2.0,0.0,5.0
2025-12-27,daily,all subpops,Age 3,new_H,baseline,2.0,0.0,5.0
2025-12-28,daily,all subpops,Age 3,new_H,baseline,2.0,0.0,5.0
2025-12-29,daily,all subpops,Age 3,new_H,baseline,2.0,0.0,5.0
2025-12-30,daily,all subpops,Age 3,new_H,baseline,1.0,0.0,5.0
2025-12-31,daily,all subpops,Age 3,new_H,baseline,1.0,0.0,5.0
2026-01-01,daily,all subpops,Age 3,new_H,baseline,1.0,0.0,5.0
2026-01-02,daily,all subpops,Age 3,new_H,baseline,1.0,0.0,4.0
2026-01-03,daily,all subpops,Age 3,new_H,baseline,1.0,0.0,4.0
2026-01-04,daily,all subpops,Age 3,new_H,baseline,1.0,0.0,4.0
2026-01-05,daily,all subpops,Age 3,new_H,baseline,1.0,0.0,4.0
2026-01-06,daily,all subpops,Age 3,new_H,baseline,1.0,0.0,4.0
2026-01-07,daily,all subpops,Age 3,new_H,baseline,1.0,0.0,4.0
2026-01-08,daily,all subpops,Age 3,new_H,baseline,1.0,0.0,4.0
2026-01-09,daily,all subpops,Age 3,new_H,baseline,1.0,0.0,4.0
2026-01-10,daily,all subpops,Age 3,new_H,baseline,1.0,0.0,5.0
2026-01-11,daily,all subpops,Age 3,new_H,baseline,1.0,0.0,5.0
2026-01-12,daily,all subpops,Age 3,new_H,baseline,1.0,0.0,4.0
2026-01-13,daily,all subpops,Age 3,new_H,baseline,1.0,0.0,4.0
2026-01-14,daily,all subpops,Age 3,new_H,baseline,1.0,0.0,3.3500000000000227
2026-01-15,daily,all subpops,Age 3,new_H,baseline,1.0,0.0,4.0
2026-01-16,daily,all subpops,Age 3,new_H,baseline,1.0,0.0,4.0
2026-01-17,daily,all subpops,Age 3,new_H,baseline,1.0,0.0,4.0
2026-01-18,daily,all subpops,Age 3,new_H,baseline,1.0,0.0,4.0
2026-01-19,daily,all subpops,Age 3,new_H,baseline,1.0,0.0,3.0
2026-01-20,daily,all subpops,Age 3,new_H,baseline,1.0,0.0,3.0
2026-01-21,daily,all subpops,Age 3,new_H,baseline,1.0,0.0,3.0
2026-01-22,daily,all subpops,Age 3,new_H,baseline,0.0,0.0,3.0
2026-01-23,daily,all subpops,Age 3,new_H,baseline,1.0,0.0,3.0
2026-01-24,daily,all subpops,Age 3,new_H,baseline,0.0,0.0,3.0
2026-01-25,daily,all subpops,Age 3,new_H,baseline,0.0,0.0,2.0
2026-01-26,daily,all subpops,Age 3,new_H,baseline,0.0,0.0,2.0
2026-01-27,daily,all subpops,Age 3,new_H,baseline,0.0,0.0,2.0
2026-01-28,daily,all subpops,Age 3,new_H,baseline,0.0,0.0,2.0
2026-01-29,daily,all subpops,Age 3,new_H,baseline,0.0,0.0,2.0
2026-01-30,daily,all subpops,Age 3,new_H,baseline,0.0,0.0,2.0
2026-01-31,daily,all subpops,Age 3,new_H,baseline,0.0,0.0,2.0
2026-02-01,daily,all subpops,Age 3,new_H,baseline,0.0,0.0,2.0
2026-02-02,daily,all subpops,Age 3,new_H,baseline,0.0,0.0,2.0
2026-02-03,daily,all subpops,Age 3,new_H,baseline,0.0,0.0,2.0
2026-02-04,daily,all subpops,Age 3,new_H,baseline,0.0,0.0,2.0
2026-02-05,daily,all subpops,Age 3,new_H,baseline,0.0,0.0,2.0
2026-02-06,daily,all subpops,Age 3,new_H,baseline,0.0,0.0,2.0
2026-02-07,daily,all subpops,Age 3,new_H,baseline,0.0,0.0,2.0
2026-02-08,daily,all subpops,Age 3,new_H,baseline,0.0,0.0,2.0
2026-02-09,daily,all subpops,Age 3,new_H,baseline,0.0,0.0,2.0
2026-02-10,daily,all subpops,Age 3,new_H,baseline,0.0,0.0,1.0
2026-02-11,daily,all subpops,Age 3,new_H,baseline,0.0,0.0,1.0
2026-02-12,daily,all subpops,Age 3,new_H,baseline,0.0,0.0,2.0
2026-02-13,daily,all subpops,Age 3,new_H,baseline,0.0,0.0,2.0
2026-02-14,daily,all subpops,Age 3,new_H,baseline,0.0,0.0,1.0
2026-02-15,daily,all subpops,Age 3,new_H,baseline,0.0,0.0,1.0
2026-02-16,daily,all subpops,Age 3,new_H,baseline,0.0,0.0,2.0
2026-02-17,daily,all subpops,Age 3,new_H,baseline,0.0,0.0,2.0
2026-02-18,daily,all subpops,Age 3,new_H,baseline,0.0,0.0,1.0
2026-02-19,daily,all subpops,Age 3,new_H,baseline,0.0,0.0,1.0
2026-02-20,daily,all subpops,Age 3,new_H,baseline,0.0,0.0,1.0
2026-02-21,daily,all subpops,Age 3,new_H,baseline,0.0,0.0,1.0
2026-02-22,daily,all subpops,Age 3,new_H,baseline,0.0,0.0,1.0
2026-02-23,daily,all subpops,Age 3,new_H,baseline,0.0,0.0,1.0
2026-02-24,daily,all subpops,Age 3,new_H,baseline,0.0,0.0,1.0
2026-02-25,daily,all subpops,Age 3,new_H,baseline,0.0,0.0,1.0
2026-02-26,daily,all subpops,Age 3,new_H,baseline,0.0,0.0,1.0
2026-02-27,daily,all subpops,Age 3,new_H,baseline,0.0,0.0,1.0
2026-02-28,daily,all subpops,Age 3,new_H,baseline,0.0,0.0,1.0
2026-03-01,daily,all subpops,Age 3,new_H,baseline,0.0,0.0,1.0
2026-03-02,daily,all subpops,Age 3,new_H,baseline,0.0,0.0,1.0
2026-03-03,daily,all subpops,Age 3,new_H,baseline,0.0,0.0,1.0
2026-03-04,daily,all subpops,Age 3,new_H,baseline,0.0,0.0,1.0
2026-03-05,daily,all subpops,Age 3,new_H,baseline,0.0,0.0,1.0
2026-03-06,daily,all subpops,Age 3,new_H,baseline,0.0,0.0,1.0
2026-03-07,daily,all subpops,Age 3,new_H,baseline,0.0,0.0,1.0
2026-03-08,daily,all subpops,Age 3,new_H,baseline,0.0,0.0,1.0
2026-03-09,daily,all subpops,Age 3,new_H,baseline,0.0,0.0,1.0
2026-03-10,daily,all subpops,Age 3,new_H,baseline,0.0,0.0,1.0
2026-03-11,daily,all subpops,Age 3,new_H,baseline,0.0,0.0,1.0
2026-03-12,daily,all subpops,Age 3,new_H,baseline,0.0,0.0,1.0
2026-03-13,daily,all subpops,Age 3,new_H,baseline,0.0,0.0,1.0
2026-03-14,daily,all subpops,Age 3,new_H,baseline,0.0,0.0,1.0
2026-03-15,daily,all subpops,Age 3,new_H,baseline,0.0,0.0,1.0
2026-03-16,daily,all subpops,Age 3,new_H,baseline,0.0,0.0,1.0
2026-03-17,daily,all subpops,Age 3,new_H,baseline,0.0,0.0,1.0
2026-03-18,daily,all subpops,Age 3,new_H,baseline,0.0,0.0,1.0
2026-03-19,daily,all subpops,Age 3,new_H,baseline,0.0,0.0,1.0
2026-03-20,daily,all subpops,Age 3,new_H,baseline,0.0,0.0,1.0
2026-03-21,daily,all subpops,Age 3,new_H,baseline,0.0,0.0,1.0
2026-03-22,daily,all subpops,Age 3,new_H,baseline,0.0,0.0,1.0
2026-03-23,daily,all subpops,Age 3,new_H,baseline,0.0,0.0,1.0
2026-03-24,daily,all subpops,Age 3,new_H,baseline,0.0,0.0,1.0
2026-03-25,daily,all subpops,Age 3,new_H,baseline,0.0,0.0,1.0
2026-03-26,daily,all subpops,Age 3,new_H,baseline,0.0,0.0,1.0
2026-03-27,daily,all subpops,Age 3,new_H,baseline,0.0,0.0,1.0
2026-03-28,daily,all subpops,Age 3,new_H,baseline,0.0,0.0,1.0
2026-03-29,daily,all subpops,Age 3,new_H,baseline,0.0,0.0,1.0
2026-03-30,daily,all subpops,Age 3,new_H,baseline,0.0,0.0,1.0
2026-03-31,daily,all subpops,Age 3,new_H,baseline,0.0,0.0,1.0
2026-04-01,daily,all subpops,Age 3,new_H,baseline,0.0,0.0,1.0
2026-04-02,daily,all subpops,Age 3,new_H,baseline,0.0,0.0,1.0
2026-04-03,daily,all subpops,Age 3,new_H,baseline,0.0,0.0,1.0
2026-04-04,daily,all subpops,Age 3,new_H,baseline,0.0,0.0,1.0
2026-04-05,daily,all subpops,Age 3,new_H,baseline,0.0,0.0,1.0
2026-04-06,daily,all subpops,Age 3,new_H,baseline,0.0,0.0,1.0
2026-04-07,daily,all subpops,Age 3,new_H,baseline,0.0,0.0,1.0
2026-04-08,daily,all subpops,Age 3,new_H,baseline,0.0,0.0,1.0
2026-04-09,daily,all subpops,Age 3,new_H,baseline,0.0,0.0,1.0
2026-04-10,daily,all subpops,Age 3,new_H,baseline,0.0,0.0,1.0
2026-04-11,daily,all subpops,Age 3,new_H,baseline,0.0,0.0,1.0
2026-04-12,daily,all subpops,Age 3,new_H,baseline,0.0,0.0,1.0
2026-04-13,daily,all subpops,Age 3,new_H,baseline,0.0,0.0,1.0
2026-04-14,daily,all subpops,Age 3,new_H,baseline,0.0,0.0,1.0
2026-04-15,daily,all subpops,Age 3,new_H,baseline,0.0,0.0,1.0
2026-04-16,daily,all subpops,Age 3,new_H,baseline,0.0,0.0,1.0
2026-04-17,daily,all subpops,Age 3,new_H,baseline,0.0,0.0,1.0
2026-04-18,daily,all subpops,Age 3,new_H,baseline,0.0,0.0,1.0
2026-04-19,daily,all subpops,Age 3,new_H,baseline,0.0,0.0,1.0
2026-04-20,daily,all subpops,Age 3,new_H,baseline,0.0,0.0,1.0
2026-04-21,daily,all subpops,Age 3,new_H,baseline,0.0,0.0,1.0
2026-04-22,daily,all subpops,Age 3,new_H,baseline,0.0,0.0,1.0
2026-04-23,daily,all subpops,Age 3,new_H,baseline,0.0,0.0,1.0
2026-04-24,daily,all subpops,Age 3,new_H,baseline,0.0,0.0,1.0
2026-04-25,daily,all subpops,Age 3,new_H,baseline,0.0,0.0,1.0
2026-04-26,daily,all subpops,Age 3,new_H,baseline,0.0,0.0,1.0
2026-04-27,daily,all subpops,Age 3,new_H,baseline,0.0,0.0,1.0
2026-04-28,daily,all subpops,Age 3,new_H,baseline,0.0,0.0,1.0
2026-04-29,daily,all subpops,Age 3,new_H,baseline,0.0,0.0,1.0
2026-04-30,daily,all subpops,Age 3,new_H,baseline,0.0,0.0,1.0
2026-05-01,daily,all subpops,Age 3,new_H,baseline,0.0,0.0,1.0
2026-05-02,daily,all subpops,Age 3,new_H,baseline,0.0,0.0,0.0
2026-05-03,daily,all subpops,Age 3,new_H,baseline,0.0,0.0,1.0
2026-05-04,daily,all subpops,Age 3,new_H,baseline,0.0,0.0,1.0
2026-05-05,daily,all subpops,Age 3,new_H,baseline,0.0,0.0,0.0
2026-05-06,daily,all subpops,Age 3,new_H,baseline,0.0,0.0,1.0
2026-05-07,daily,all subpops,Age 3,new_H,baseline,0.0,0.0,1.0
2026-05-08,daily,all subpops,Age 3,new_H,baseline,0.0,0.0,1.0
2025-09-01,cumulative,all subpops,Age 3,new_H,baseline,0.0,0.0,0.0
2025-09-02,cumulative,all subpops,Age 3,new_H,baseline,0.0,0.0,0.0
2025-09-03,cumulative,all subpops,Age 3,new_H,baseline,0.0,0.0,0.0
2025-09-04,cumulative,all subpops,Age 3,new_H,baseline,0.0,0.0,1.0
2025-09-05,cumulative,all subpops,Age 3,new_H,baseline,0.0,0.0,1.0
2025-09-06,cumulative,all subpops,Age 3,new_H,baseline,0.0,0.0,1.0
2025-09-07,cumulative,all subpops,Age 3,new_H,baseline,0.0,0.0,1.0
2025-09-08,cumulative,all subpops,Age 3,new_H,baseline,0.0,0.0,1.0
2025-09-09,cumulative,all subpops,Age 3,new_H,baseline,0.0,0.0,1.0
2025-09-10,cumulative,all subpops,Age 3,new_H,baseline,0.0,0.0,1.0
2025-09-11,cumulative,all subpops,Age 3,new_H,baseline,0.0,0.0,1.0
2025-09-12,cumulative,all subpops,Age 3,new_H,baseline,0.0,0.0,1.0
2025-09-13,cumulative,all subpops,Age 3,new_H,baseline,0.0,0.0,1.0
2025-09-14,cumulative,all subpops,Age 3,new_H,baseline,0.0,0.0,1.0
2025-09-15,cumulative,all subpops,Age 3,new_H,baseline,0.0,0.0,1.0
2025-09-16,cumulative,all subpops,Age 3,new_H,baseline,0.0,0.0,2.0
2025-09-17,cumulative,all subpops,Age 3,new_H,baseline,0.0,0.0,2.0
2025-09-18,cumulative,all subpops,Age 3,new_H,baseline,0.0,0.0,2.0
2025-09-19,cumulative,all subpops,Age 3,new_H,baseline,0.0,0.0,2.0
2025-09-20,cumulative,all subpops,Age 3,new_H,baseline,0.0,0.0,2.0
2025-09-21,cumulative,all subpops,Age 3,new_H,baseline,0.0,0.0,2.0
2025-09-22,cumulative,all subpops,Age 3,new_H,baseline,0.0,0.0,2.0
2025-09-23,cumulative,all subpops,Age 3,new_H,baseline,0.0,0.0,2.0
2025-09-24,cumulative,all subpops,Age 3,new_H,baseline,0.0,0.0,2.0
2025-09-25,cumulative,all subpops,Age 3,new_H,baseline,0.0,0.0,2.3500000000000227
2025-09-26,cumulative,all subpops,Age 3,new_H,baseline,0.0,0.0,3.0
2025-09-27,cumulative,all subpops,Age 3,new_H,baseline,0.0,0.0,3.0
2025-09-28,cumulative,all subpops,Age 3,new_H,baseline,1.0,0.0,3.0
2025-09-29,cumulative,all subpops,Age 3,new_H,baseline,1.0,0.0,3.0
2025-09-30,cumulative,all subpops,Age 3,new_H,baseline,1.0,0.0,3.0
2025-10-01,cumulative,all subpops,Age 3,new_H,baseline,1.0,0.0,3.0
2025-10-02,cumulative,all subpops,Age 3,new_H,baseline,1.0,0.0,3.0
2025-10-03,cumulative,all subpops,Age 3,new_H,baseline,1.0,0.0,3.0
2025-10-04,cumulative,all subpops,Age 3,new_H,baseline,1.0,0.0,3.0
2025-10-05,cumulative,all subpops,Age 3,new_H,baseline,1.0,0.0,3.0
2025-10-06,cumulative,all subpops,Age 3,new_H,baseline,1.0,0.0,4.0
2025-10-07,cumulative,all subpops,Age 3,new_H,baseline,1.0,0.0,4.0
2025-10-08,cumulative,all subpops,Age 3,new_H,baseline,1.0,0.0,4.0
2025-10-09,cumulative,all subpops,Age 3,new_H,baseline,1.0,0.0,4.0
2025-10-10,cumulative,all subpops,Age 3,new_H,baseline,1.0,0.0,4.0
2025-10-11,cumulative,all subpops,Age 3,new_H,baseline,1.0,0.0,4.0
2025-10-12,cumulative,all subpops,Age 3,new_H,baseline,1.0,0.0,4.0
2025-10-13,cumulative,all subpops,Age 3,new_H,baseline,1.0,0.0,4.0
2025-10-14,cumulative,all subpops,Age 3,new_H,baseline,1.0,0.0,4.0
2025-10-15,cumulative,all subpops,Age 3,new_H,baseline,1.0,0.0,5.0
2025-10-16,cumulative,all subpops,Age 3,new_H,baseline,1.0,0.0,5.0
2025-10-17,cumulative,all subpops,Age 3,new_H,baseline,1.0,0.0,5.0
2025-10-18,cumulative,all subpops,Age 3,new_H,baseline,1.0,0.0,5.0
2025-10-19,cumulative,all subpops,Age 3,new_H,baseline,2.0,0.0,5.0
2025-10-20,cumulative,all subpops,Age 3,new_H,baseline,2.0,0.0,5.0
2025-10-21,cumulative,all subpops,Age 3,new_H,baseline,2.0,0.0,5.0
2025-10-22,cumulative,all subpops,Age 3,new_H,baseline,2.0,0.0,5.0
2025-10-23,cumulative,all subpops,Age 3,new_H,baseline,2.0,0.0,5.0
2025-10-24,cumulative,all subpops,Age 3,new_H,baseline,2.0,0.0,6.0
2025-10-25,cumulative,all subpops,Age 3,new_H,baseline,2.0,0.0,6.0
2025-10-26,cumulative,all subpops,Age 3,new_H,baseline,2.0,0.0,6.0
2025-10-27,cumulative,all subpops,Age 3,new_H,baseline,2.0,0.0,6.0
2025-10-28,cumulative,all subpops,Age 3,new_H,baseline,2.0,0.0,6.0
2025-10-29,cumulative,all subpops,Age 3,new_H,baseline,2.0,0.0,6.0
2025-10-30,cumulative,all subpops,Age 3,new_H,baseline,2.0,0.0,6.0
2025-10-31,cumulative,all subpops,Age 3,new_H,baseline,2.0,0.0,6.0
2025-11-01,cumulative,all subpops,Age 3,new_H,baseline,2.0,0.0,7.0
2025-11-02,cumulative,all subpops,Age 3,new_H,baseline,3.0,0.0,7.0
2025-11-03,cumulative,all subpops,Age 3,new_H,baseline,3.0,0.0,7.0
2025-11-04,cumulative,all subpops,Age 3,new_H,baseline,3.0,0.0,7.0
2025-11-05,cumulative,all subpops,Age 3,new_H,baseline,3.0,0.0,7.0
2025-11-06,cumulative,all subpops,Age 3,new_H,baseline,3.0,0.0,7.0
2025-11-07,cumulative,all subpops,Age 3,new_H,baseline,3.0,0.0,7.0
2025-11-08,cumulative,all subpops,Age 3,new_H,baseline,3.0,0.0,8.0
2025-11-09,cumulative,all subpops,Age 3,new_H,baseline,3.0,0.0,8.0
2025-11-10,cumulative,all subpops,Age 3,new_H,baseline,3.0,0.0,8.0
2025-11-11,cumulative,all subpops,Age 3,new_H,baseline,3.0,0.0,8.0
2025-11-12,cumulative,all subpops,Age 3,new_H,baseline,3.0,0.0,8.0
2025-11-13,cumulative,all subpops,Age 3,new_H,baseline,4.0,0.0,8.0
2025-11-14,cumulative,all subpops,Age 3,new_H,baseline,4.0,0.0,8.350000000000023
2025-11-15,cumulative,all subpops,Age 3,new_H,baseline,4.0,0.0,9.0
2025-11-16,cumulative,all subpops,Age 3,new_H,baseline,4.0,0.6500000000000004,9.0
2025-11-17,cumulative,all subpops,Age 3,new_H,baseline,4.0,0.6500000000000004,9.0
2025-11-18,cumulative,all subpops,Age 3,new_H,baseline,4.0,0.6500000000000004,9.0
2025-11-19,cumulative,all subpops,Age 3,new_H,baseline,4.0,1.0,9.0
2025-11-20,cumulative,all subpops,Age 3,new_H,baseline,4.0,1.0,10.0
2025-11-21,cumulative,all subpops,Age 3,new_H,baseline,5.0,1.0,10.0
2025-11-22,cumulative,all subpops,Age 3,new_H,baseline,5.0,1.0,11.0
2025-11-23,cumulative,all subpops,Age 3,new_H,baseline,5.0,1.0,11.0
2025-11-24,cumulative,all subpops,Age 3,new_H,baseline,5.0,1.0,11.0
2025-11-25,cumulative,all subpops,Age 3,new_H,baseline,6.0,1.0,12.0
2025-11-26,cumulative,all subpops,Age 3,new_H,baseline,6.0,1.0,12.0
2025-11-27,cumulative,all subpops,Age 3,new_H,baseline,6.0,2.0,12.350000000000023
2025-11-28,cumulative,all subpops,Age 3,new_H,baseline,6.0,2.0,13.0
2025-11-29,cumulative,all subpops,Age 3,new_H,baseline,7.0,2.0,13.350000000000023
2025-11-30,cumulative,all subpops,Age 3,new_H,baseline,7.0,2.0,14.0
2025-12-01,cumulative,all subpops,Age 3,new_H,baseline,7.0,2.0,15.0
2025-12-02,cumulative,all subpops,Age 3,new_H,baseline,8.0,2.0,15.0
2025-12-03,cumulative,all subpops,Age 3,new_H,baseline,8.0,2.6500000000000004,15.350000000000023
2025-12-04,cumulative,all subpops,Age 3,new_H,baseline,8.0,3.0,16.0
2025-12-05,cumulative,all subpops,Age 3,new_H,baseline,9.0,3.0,16.350000000000023
2025-12-06,cumulative,all subpops,Age 3,new_H,baseline,9.0,3.6500000000000004,17.0
2025-12-07,cumulative,all subpops,Age 3,new_H,baseline,10.0,4.0,18.0
2025-12-08,cumulative,all subpops,Age 3,new_H,baseline,10.0,4.65,19.0
2025-12-09,cumulative,all subpops,Age 3,new_H,baseline,11.0,5.0,21.0
2025-12-10,cumulative,all subpops,Age 3,new_H,baseline,12.0,5.0,22.0
2025-12-11,cumulative,all subpops,Age 3,new_H,baseline,13.0,6.0,23.0
2025-12-12,cumulative,all subpops,Age 3,new_H,baseline,14.0,6.0,24.0
2025-12-13,cumulative,all subpops,Age 3,new_H,baseline,15.0,7.0,26.0
2025-12-14,cumulative,all subpops,Age 3,new_H,baseline,17.0,8.0,29.0
2025-12-15,cumulative,all subpops,Age 3,new_H,baseline,18.0,8.0,30.350000000000023
2025-12-16,cumulative,all subpops,Age 3,new_H,baseline,19.0,9.0,32.0
2025-12-17,cumulative,all subpops,Age 3,new_H,baseline,20.0,11.0,34.0
2025-12-18,cumulative,all subpops,Age 3,new_H,baseline,23.0,12.0,36.35000000000002
2025-12-19,cumulative,all subpops,Age 3,new_H,baseline,25.0,12.65,40.0
2025-12-20,cumulative,all subpops,Age 3,new_H,baseline,27.0,14.0,45.0
2025-12-21,cumulative,all subpops,Age 3,new_H,baseline,30.0,15.65,48.35000000000002
2025-12-22,cumulative,all subpops,Age 3,new_H,baseline,32.0,17.0,51.0
2025-12-23,cumulative,all subpops,Age 3,new_H,baseline,35.0,18.65,54.0
2025-12-24,cumulative,all subpops,Age 3,new_H,baseline,37.0,20.0,57.35000000000002
2025-12-25,cumulative,all subpops,Age 3,new_H,baseline,40.0,21.65,61.0
2025-12-26,cumulative,all subpops,Age 3,new_H,baseline,42.0,23.0,63.35000000000002
2025-12-27,cumulative,all subpops,Age 3,new_H,baseline,44.0,24.0,66.35000000000002
2025-12-28,cumulative,all subpops,Age 3,new_H,baseline,46.0,25.65,69.0
2025-12-29,cumulative,all subpops,Age 3,new_H,baseline,48.0,27.0,72.0
2025-12-30,cumulative,all subpops,Age 3,new_H,baseline,49.0,28.0,73.35000000000002
2025-12-31,cumulative,all subpops,Age 3,new_H,baseline,51.0,30.0,76.35000000000002
2026-01-01,cumulative,all subpops,Age 3,new_H,baseline,52.0,31.0,78.35000000000002
2026-01-02,cumulative,all subpops,Age 3,new_H,baseline,54.0,32.0,81.0
2026-01-03,cumulative,all subpops,Age 3,new_H,baseline,55.0,32.0,83.0
2026-01-04,cumulative,all subpops,Age 3,new_H,baseline,57.0,33.0,84.35000000000002
2026-01-05,cumulative,all subpops,Age 3,new_H,baseline,58.0,35.0,85.35000000000002
2026-01-06,cumulative,all subpops,Age 3,new_H,baseline,59.0,36.0,88.0
2026-01-07,cumulative,all subpops,Age 3,new_H,baseline,61.0,37.0,89.35000000000002
2026-01-08,cumulative,all subpops,Age 3,new_H,baseline,62.0,38.65,92.35000000000002
2026-01-09,cumulative,all subpops,Age 3,new_H,baseline,64.0,38.65,95.0
2026-01-10,cumulative,all subpops,Age 3,new_H,baseline,65.0,39.65,96.0
2026-01-11,cumulative,all subpops,Age 3,new_H,baseline,66.0,40.65,98.0
2026-01-12,cumulative,all subpops,Age 3,new_H,baseline,68.0,41.65,99.0
2026-01-13,cumulative,all subpops,Age 3,new_H,baseline,69.0,42.65,101.0
2026-01-14,cumulative,all subpops,Age 3,new_H,baseline,70.0,43.0,102.0
2026-01-15,cumulative,all subpops,Age 3,new_H,baseline,71.0,44.0,102.35000000000002
2026-01-16,cumulative,all subpops,Age 3,new_H,baseline,73.0,44.65,104.35000000000002
2026-01-17,cumulative,all subpops,Age 3,new_H,baseline,74.0,46.0,107.0
2026-01-18,cumulative,all subpops,Age 3,new_H,baseline,75.0,47.0,108.0
2026-01-19,cumulative,all subpops,Age 3,new_H,baseline,76.0,47.0,108.35000000000002
2026-01-20,cumulative,all subpops,Age 3,new_H,baseline,76.0,48.0,109.35000000000002
2026-01-21,cumulative,all subpops,Age 3,new_H,baseline,77.0,48.0,110.35000000000002
2026-01-22,cumulative,all subpops,Age 3,new_H,baseline,78.0,49.0,112.0
2026-01-23,cumulative,all subpops,Age 3,new_H,baseline,79.0,49.65,113.0
2026-01-24,cumulative,all subpops,Age 3,new_H,baseline,79.0,50.0,113.0
2026-01-25,cumulative,all subpops,Age 3,new_H,baseline,80.0,50.0,114.0
2026-01-26,cumulative,all subpops,Age 3,new_H,baseline,80.0,50.0,115.0
2026-01-27,cumulative,all subpops,Age 3,new_H,baseline,81.0,50.65,115.35000000000002
2026-01-28,cumulative,all subpops,Age 3,new_H,baseline,81.0,51.0,116.0
2026-01-29,cumulative,all subpops,Age 3,new_H,baseline,82.0,51.65,116.0
2026-01-30,cumulative,all subpops,Age 3,new_H,baseline,82.0,52.0,117.0
2026-01-31,cumulative,all subpops,Age 3,new_H,baseline,82.0,52.0,117.35000000000002
2026-02-01,cumulative,all subpops,Age 3,new_H,baseline,83.0,52.65,117.35000000000002
2026-02-02,cumulative,all subpops,Age 3,new_H,baseline,83.0,52.65,118.0
2026-02-03,cumulative,all subpops,Age 3,new_H,baseline,84.0,52.65,118.0
2026-02-04,cumulative,all subpops,Age 3,new_H,baseline,84.0,52.65,119.0
2026-02-05,cumulative,all subpops,Age 3,new_H,baseline,85.0,53.65,119.70000000000005
2026-02-06,cumulative,all subpops,Age 3,new_H,baseline,85.0,53.65,119.70000000000005
2026-02-07,cumulative,all subpops,Age 3,new_H,baseline,85.0,53.65,120.35000000000002
2026-02-08,cumulative,all subpops,Age 3,new_H,baseline,86.0,54.0,120.35000000000002
2026-02-09,cumulative,all subpops,Age 3,new_H,baseline,86.0,54.65,122.0
2026-02-10,cumulative,all subpops,Age 3,new_H,baseline,87.0,54.65,122.0
2026-02-11,cumulative,all subpops,Age 3,new_H,baseline,87.0,55.0,122.0
2026-02-12,cumulative,all subpops,Age 3,new_H,baseline,87.0,55.0,122.0
2026-02-13,cumulative,all subpops,Age 3,new_H,baseline,87.0,55.0,122.0
2026-02-14,cumulative,all subpops,Age 3,new_H,baseline,88.0,55.0,122.0
2026-02-15,cumulative,all subpops,Age 3,new_H,baseline,88.0,55.65,122.0
2026-02-16,cumulative,all subpops,Age 3,new_H,baseline,88.0,56.0,123.0
2026-02-17,cumulative,all subpops,Age 3,new_H,baseline,88.0,56.0,123.0
2026-02-18,cumulative,all subpops,Age 3,new_H,baseline,88.0,56.65,123.0
2026-02-19,cumulative,all subpops,Age 3,new_H,baseline,88.0,57.0,123.0
2026-02-20,cumulative,all subpops,Age 3,new_H,baseline,89.0,57.0,123.0
2026-02-21,cumulative,all subpops,Age 3,new_H,baseline,89.0,57.0,123.0
2026-02-22,cumulative,all subpops,Age 3,new_H,baseline,89.0,57.0,123.0
2026-02-23,cumulative,all subpops,Age 3,new_H,baseline,89.0,57.0,123.0
2026-02-24,cumulative,all subpops,Age 3,new_H,baseline,89.0,57.0,123.0
2026-02-25,cumulative,all subpops,Age 3,new_H,baseline,89.0,57.0,123.0
2026-02-26,cumulative,all subpops,Age 3,new_H,baseline,89.0,57.0,123.0
2026-02-27,cumulative,all subpops,Age 3,new_H,baseline,89.0,57.0,123.35000000000002
2026-02-28,cumulative,all subpops,Age 3,new_H,baseline,89.0,57.0,123.35000000000002
2026-03-01,cumulative,all subpops,Age 3,new_H,baseline,90.0,57.0,124.35000000000002
2026-03-02,cumulative,all subpops,Age 3,new_H,baseline,90.0,57.0,124.35000000000002
2026-03-03,cumulative,all subpops,Age 3,new_H,baseline,90.0,57.0,124.35000000000002
2026-03-04,cumulative,all subpops,Age 3,new_H,baseline,90.0,57.0,125.0
2026-03-05,cumulative,all subpops,Age 3,new_H,baseline,90.0,57.65,125.0
2026-03-06,cumulative,all subpops,Age 3,new_H,baseline,90.0,57.65,125.0
2026-03-07,cumulative,all subpops,Age 3,new_H,baseline,90.0,58.0,125.0
2026-03-08,cumulative,all subpops,Age 3,new_H,baseline,90.0,58.65,125.0
2026-03-09,cumulative,all subpops,Age 3,new_H,baseline,91.0,58.65,125.35000000000002
2026-03-10,cumulative,all subpops,Age 3,new_H,baseline,91.0,59.0,125.35000000000002
2026-03-11,cumulative,all subpops,Age 3,new_H,baseline,91.0,59.0,125.35000000000002
2026-03-12,cumulative,all subpops,Age 3,new_H,baseline,91.0,59.0,126.35000000000002
2026-03-13,cumulative,all subpops,Age 3,new_H,baseline,91.0,60.0,126.35000000000002
2026-03-14,cumulative,all subpops,Age 3,new_H,baseline,91.0,60.0,126.35000000000002
2026-03-15,cumulative,all subpops,Age 3,new_H,baseline,91.0,60.0,126.70000000000005
2026-03-16,cumulative,all subpops,Age 3,new_H,baseline,92.0,60.0,126.70000000000005
2026-03-17,cumulative,all subpops,Age 3,new_H,baseline,92.0,60.0,126.70000000000005
2026-03-18,cumulative,all subpops,Age 3,new_H,baseline,92.0,60.0,126.70000000000005
2026-03-19,cumulative,all subpops,Age 3,new_H,baseline,92.0,60.0,126.70000000000005
2026-03-20,cumulative,all subpops,Age 3,new_H,baseline,92.0,60.0,127.35000000000002
2026-03-21,cumulative,all subpops,Age 3,new_H,baseline,92.0,60.0,127.35000000000002
2026-03-22,cumulative,all subpops,Age 3,new_H,baseline,92.0,60.0,127.35000000000002
2026-03-23,cumulative,all subpops,Age 3,new_H,baseline,92.0,60.0,127.35000000000002
2026-03-24,cumulative,all subpops,Age 3,new_H,baseline,92.0,60.0,128.35000000000002
2026-03-25,cumulative,all subpops,Age 3,new_H,baseline,92.0,60.0,128.35000000000002
2026-03-26,cumulative,all subpops,Age 3,new_H,baseline,93.0,60.0,129.0
2026-03-27,cumulative,all subpops,Age 3,new_H,baseline,93.0,60.0,129.0
2026-03-28,cumulative,all subpops,Age 3,new_H,baseline,93.0,60.0,129.0
2026-03-29,cumulative,all subpops,Age 3,new_H,baseline,93.0,60.0,129.0
2026-03-30,cumulative,all subpops,Age 3,new_H,baseline,93.0,60.65,129.0
2026-03-31,cumulative,all subpops,Age 3,new_H,baseline,93.0,61.0,129.0
2026-04-01,cumulative,all subpops,Age 3,new_H,baseline,93.0,61.0,129.0
2026-04-02,cumulative,all subpops,Age 3,new_H,baseline,93.0,61.0,129.35000000000002
2026-04-03,cumulative,all subpops,Age 3,new_H,baseline,93.0,61.0,129.70000000000005
2026-04-04,cumulative,all subpops,Age 3,new_H,baseline,93.0,61.0,129.70000000000005
2026-04-05,cumulative,all subpops,Age 3,new_H,baseline,94.0,61.0,129.70000000000005
2026-04-06,cumulative,all subpops,Age 3,new_H,baseline,94.0,61.65,129.70000000000005
2026-04-07,cumulative,all subpops,Age 3,new_H,baseline,94.0,61.65,129.70000000000005
2026-04-08,cumulative,all subpops,Age 3,new_H,baseline,94.0,61.65,129.70000000000005
2026-04-09,cumulative,all subpops,Age 3,new_H,baseline,94.0,61.65,129.70000000000005
2026-04-10,cumulative,all subpops,Age 3,new_H,baseline,94.0,61.65,129.70000000000005
2026-04-11,cumulative,all subpops,Age 3,new_H,baseline,94.0,61.65,129.70000000000005
2026-04-12,cumulative,all subpops,Age 3,new_H,baseline,94.0,61.65,129.70000000000005
2026-04-13,cumulative,all subpops,Age 3,new_H,baseline,94.0,61.65,129.70000000000005
2026-04-14,cumulative,all subpops,Age 3,new_H,baseline,95.0,61.65,129.70000000000005
2026-04-15,cumulative,all subpops,Age 3,new_H,baseline,95.0,62.0,129.70000000000005
2026-04-16,cumulative,all subpops,Age 3,new_H,baseline,95.0,62.0,129.70000000000005
2026-04-17,cumulative,all subpops,Age 3,new_H,baseline,95.0,62.0,130.35000000000002
2026-04-18,cumulative,all subpops,Age 3,new_H,baseline,95.0,62.65,130.35000000000002
2026-04-19,cumulative,all subpops,Age 3,new_H,baseline,95.0,62.65,130.35000000000002
2026-04-20,cumulative,all subpops,Age 3,new_H,baseline,95.0,62.65,130.35000000000002
2026-04-21,cumulative,all subpops,Age 3,new_H,baseline,95.0,63.0,130.35000000000002
2026-04-22,cumulative,all subpops,Age 3,new_H,baseline,95.0,63.0,130.35000000000002
2026-04-23,cumulative,all subpops,Age 3,new_H,baseline,95.0,63.0,130.35000000000002
2026-04-24,cumulative,all subpops,Age 3,new_H,baseline,95.0,63.0,130.35000000000002
2026-04-25,cumulative,all subpops,Age 3,new_H,baseline,95.0,63.0,130.35000000000002
2026-04-26,cumulative,all subpops,Age 3,new_H,baseline,95.0,63.0,131.0
2026-04-27,cumulative,all subpops,Age 3,new_H,baseline,95.0,63.0,131.0
2026-04-28,cumulative,all subpops,Age 3,new_H,baseline,95.0,63.0,131.0
2026-04-29,cumulative,all subpops,Age 3,new_H,baseline,96.0,63.0,131.0
2026-04-30,cumulative,all subpops,Age 3,new_H,baseline,96.0,63.0,131.0
2026-05-01,cumulative,all subpops,Age 3,new_H,baseline,96.0,63.0,131.0
2026-05-02,cumulative,all subpops,Age 3,new_H,baseline,96.0,63.0,131.0
2026-05-03,cumulative,all subpops,Age 3,new_H,baseline,96.0,63.0,131.0
2026-05-04,cumulative,all subpops,Age 3,new_H,baseline,96.0,63.0,131.0
2026-05-05,cumulative,all subpops,Age 3,new_H,baseline,96.0,63.0,131.0
2026-05-06,cumulative,all subpops,Age 3,new_H,baseline,96.0,63.0,131.35000000000002
2026-05-07,cumulative,all subpops,Age 3,new_H,baseline,96.0,63.65,131.35000000000002
2026-05-08,cumulative,all subpops,Age 3,new_H,baseline,96.0,63.65,131.35000000000002
2025-09-01,daily,all subpops,Age 4,new_H,baseline,0.0,0.0,0.35000000000002274
2025-09-02,daily,all subpops,Age 4,new_H,baseline,0.0,0.0,1.0
2025-09-03,daily,all subpops,Age 4,new_H,baseline,0.0,0.0,1.0
2025-09-04,daily,all subpops,Age 4,new_H,baseline,0.0,0.0,1.0
2025-09-05,daily,all subpops,Age 4,new_H,baseline,0.0,0.0,1.0
2025-09-06,daily,all subpops,Age 4,new_H,baseline,0.0,0.0,1.0
2025-09-07,daily,all subpops,Age 4,new_H,baseline,0.0,0.0,1.0
2025-09-08,daily,all subpops,Age 4,new_H,baseline,0.0,0.0,1.0
2025-09-09,daily,all subpops,Age 4,new_H,baseline,0.0,0.0,1.0
2025-09-10,daily,all subpops,Age 4,new_H,baseline,0.0,0.0,1.0
2025-09-11,daily,all subpops,Age 4,new_H,baseline,0.0,0.0,1.0
2025-09-12,daily,all subpops,Age 4,new_H,baseline,0.0,0.0,1.0
2025-09-13,daily,all subpops,Age 4,new_H,baseline,0.0,0.0,1.0
2025-09-14,daily,all subpops,Age 4,new_H,baseline,0.0,0.0,1.0
2025-09-15,daily,all subpops,Age 4,new_H,baseline,0.0,0.0,1.0
2025-09-16,daily,all subpops,Age 4,new_H,baseline,0.0,0.0,1.0
2025-09-17,daily,all subpops,Age 4,new_H,baseline,0.0,0.0,1.0
2025-09-18,daily,all subpops,Age 4,new_H,baseline,0.0,0.0,1.0
2025-09-19,daily,all subpops,Age 4,new_H,baseline,0.0,0.0,1.0
2025-09-20,daily,all subpops,Age 4,new_H,baseline,0.0,0.0,1.0
2025-09-21,daily,all subpops,Age 4,new_H,baseline,0.0,0.0,1.0
2025-09-22,daily,all subpops,Age 4,new_H,baseline,0.0,0.0,1.0
2025-09-23,daily,all subpops,Age 4,new_H,baseline,0.0,0.0,1.0
2025-09-24,daily,all subpops,Age 4,new_H,baseline,0.0,0.0,1.0
2025-09-25,daily,all subpops,Age 4,new_H,baseline,0.0,0.0,1.3500000000000227
2025-09-26,daily,all subpops,Age 4,new_H,baseline,0.0,0.0,2.0
2025-09-27,daily,all subpops,Age 4,new_H,baseline,0.0,0.0,1.0
2025-09-28,daily,all subpops,Age 4,new_H,baseline,0.0,0.0,1.0
2025-09-29,daily,all subpops,Age 4,new_H,baseline,0.0,0.0,1.0
2025-09-30,daily,all subpops,Age 4,new_H,baseline,0.0,0.0,2.0
2025-10-01,daily,all subpops,Age 4,new_H,baseline,0.0,0.0,1.0
2025-10-02,daily,all subpops,Age 4,new_H,baseline,0.0,0.0,1.0
2025-10-03,daily,all subpops,Age 4,new_H,baseline,0.0,0.0,2.0
2025-10-04,daily,all subpops,Age 4,new_H,baseline,0.0,0.0,2.0
2025-10-05,daily,all subpops,Age 4,new_H,baseline,0.0,0.0,1.0
2025-10-06,daily,all subpops,Age 4,new_H,baseline,0.0,0.0,2.0
2025-10-07,daily,all subpops,Age 4,new_H,baseline,0.0,0.0,1.0
2025-10-08,daily,all subpops,Age 4,new_H,baseline,0.0,0.0,1.3500000000000227
2025-10-09,daily,all subpops,Age 4,new_H,baseline,0.0,0.0,1.0
2025-10-10,daily,all subpops,Age 4,new_H,baseline,0.0,0.0,2.0
2025-10-11,daily,all subpops,Age 4,new_H,baseline,0.0,0.0,2.0
2025-10-12,daily,all subpops,Age 4,new_H,baseline,0.0,0.0,1.3500000000000227
2025-10-13,daily,all subpops,Age 4,new_H,baseline,0.0,0.0,2.0
2025-10-14,daily,all subpops,Age 4,new_H,baseline,0.0,0.0,1.0
2025-10-15,daily,all subpops,Age 4,new_H,baseline,0.0,0.0,2.0
2025-10-16,daily,all subpops,Age 4,new_H,baseline,0.0,0.0,1.0
2025-10-17,daily,all subpops,Age 4,new_H,baseline,0.0,0.0,2.0
2025-10-18,daily,all subpops,Age 4,new_H,baseline,0.0,0.0,2.0
2025-10-19,daily,all subpops,Age 4,new_H,baseline,0.0,0.0,2.0
2025-10-20,daily,all subpops,Age 4,new_H,baseline,0.0,0.0,2.0
2025-10-21,daily,all subpops,Age 4,new_H,baseline,0.0,0.0,2.0
2025-10-22,daily,all subpops,Age 4,new_H,baseline,0.0,0.0,2.0
2025-10-23,daily,all subpops,Age 4,new_H,baseline,0.0,0.0,2.0
2025-10-24,daily,all subpops,Age 4,new_H,baseline,0.0,0.0,2.0
2025-10-25,daily,all subpops,Age 4,new_H,baseline,0.0,0.0,2.0
2025-10-26,daily,all subpops,Age 4,new_H,baseline,0.0,0.0,2.0
2025-10-27,daily,all subpops,Age 4,new_H,baseline,0.0,0.0,2.0
2025-10-28,daily,all subpops,Age 4,new_H,baseline,0.0,0.0,2.0
2025-10-29,daily,all subpops,Age 4,new_H,baseline,0.0,0.0,2.0
2025-10-30,daily,all subpops,Age 4,new_H,baseline,0.0,0.0,2.0
2025-10-31,daily,all subpops,Age 4,new_H,baseline,0.0,0.0,2.0
2025-11-01,daily,all subpops,Age 4,new_H,baseline,0.0,0.0,2.0
2025-11-02,daily,all subpops,Age 4,new_H,baseline,0.0,0.0,2.0
2025-11-03,daily,all subpops,Age 4,new_H,baseline,0.0,0.0,2.0
2025-11-04,daily,all subpops,Age 4,new_H,baseline,0.0,0.0,2.0
2025-11-05,daily,all subpops,Age 4,new_H,baseline,0.0,0.0,2.0
2025-11-06,daily,all subpops,Age 4,new_H,baseline,0.0,0.0,2.0
2025-11-07,daily,all subpops,Age 4,new_H,baseline,0.0,0.0,2.0
2025-11-08,daily,all subpops,Age 4,new_H,baseline,0.0,0.0,2.0
2025-11-09,daily,all subpops,Age 4,new_H,baseline,0.0,0.0,2.0
2025-11-10,daily,all subpops,Age 4,new_H,baseline,0.0,0.0,2.0
2025-11-11,daily,all subpops,Age 4,new_H,baseline,0.0,0.0,2.0
2025-11-12,daily,all subpops,Age 4,new_H,baseline,0.0,0.0,2.0
2025-11-13,daily,all subpops,Age 4,new_H,baseline,0.0,0.0,2.3500000000000227
2025-11-14,daily,all subpops,Age 4,new_H,baseline,0.0,0.0,2.3500000000000227
2025-11-15,daily,all subpops,Age 4,new_H,baseline,1.0,0.0,3.0
2025-11-16,daily,all subpops,Age 4,new_H,baseline,1.0,0.0,3.0
2025-11-17,daily,all subpops,Age 4,new_H,baseline,1.0,0.0,3.0
2025-11-18,daily,all subpops,Age 4,new_H,baseline,1.0,0.0,3.0
2025-11-19,daily,all subpops,Age 4,new_H,baseline,1.0,0.0,3.0
2025-11-20,daily,all subpops,Age 4,new_H,baseline,1.0,0.0,3.0
2025-11-21,daily,all subpops,Age 4,new_H,baseline,1.0,0.0,3.0
2025-11-22,daily,all subpops,Age 4,new_H,baseline,1.0,0.0,4.0
2025-11-23,daily,all subpops,Age 4,new_H,baseline,1.0,0.0,4.0
2025-11-24,daily,all subpops,Age 4,new_H,baseline,1.0,0.0,4.0
2025-11-25,daily,all subpops,Age 4,new_H,baseline,1.0,0.0,4.0
2025-11-26,daily,all subpops,Age 4,new_H,baseline,1.0,0.0,5.0
2025-11-27,daily,all subpops,Age 4,new_H,baseline,1.0,0.0,5.0
2025-11-28,daily,all subpops,Age 4,new_H,baseline,2.0,0.0,4.0
2025-11-29,daily,all subpops,Age 4,new_H,baseline,2.0,0.0,5.0
2025-11-30,daily,all subpops,Age 4,new_H,baseline,2.0,0.0,5.0
2025-12-01,daily,all subpops,Age 4,new_H,baseline,2.0,0.0,5.0
2025-12-02,daily,all subpops,Age 4,new_H,baseline,2.0,0.0,5.0
2025-12-03,daily,all subpops,Age 4,new_H,baseline,2.0,0.0,6.0
2025-12-04,daily,all subpops,Age 4,new_H,baseline,2.0,0.0,6.0
2025-12-05,daily,all subpops,Age 4,new_H,baseline,3.0,0.0,7.0
2025-12-06,daily,all subpops,Age 4,new_H,baseline,3.0,0.0,7.0
2025-12-07,daily,all subpops,Age 4,new_H,baseline,3.0,0.0,8.0
2025-12-08,daily,all subpops,Age 4,new_H,baseline,3.0,0.0,8.0
2025-12-09,daily,all subpops,Age 4,new_H,baseline,4.0,0.0,9.0
2025-12-10,daily,all subpops,Age 4,new_H,baseline,4.0,0.6500000000000004,10.0
2025-12-11,daily,all subpops,Age 4,new_H,baseline,5.0,1.0,11.0
2025-12-12,daily,all subpops,Age 4,new_H,baseline,5.0,1.0,12.0
2025-12-13,daily,all subpops,Age 4,new_H,baseline,6.0,2.0,13.0
2025-12-14,daily,all subpops,Age 4,new_H,baseline,7.0,2.0,13.350000000000023
2025-12-15,daily,all subpops,Age 4,new_H,baseline,7.0,2.0,14.0
2025-12-16,daily,all subpops,Age 4,new_H,baseline,8.0,2.0,15.0
2025-12-17,daily,all subpops,Age 4,new_H,baseline,9.0,3.0,17.0
2025-12-18,daily,all subpops,Age 4,new_H,baseline,11.0,4.0,19.0
2025-12-19,daily,all subpops,Age 4,new_H,baseline,12.0,5.0,22.0
2025-12-20,daily,all subpops,Age 4,new_H,baseline,13.0,6.0,23.0
2025-12-21,daily,all subpops,Age 4,new_H,baseline,14.0,6.0,24.0
2025-12-22,daily,all subpops,Age 4,new_H,baseline,15.0,6.0,25.0
2025-12-23,daily,all subpops,Age 4,new_H,baseline,15.0,7.0,26.350000000000023
2025-12-24,daily,all subpops,Age 4,new_H,baseline,17.0,7.65,28.350000000000023
2025-12-25,daily,all subpops,Age 4,new_H,baseline,18.0,8.65,31.0
2025-12-26,daily,all subpops,Age 4,new_H,baseline,18.0,9.0,30.0
2025-12-27,daily,all subpops,Age 4,new_H,baseline,19.0,9.65,32.0
2025-12-28,daily,all subpops,Age 4,new_H,baseline,19.0,10.0,31.0
2025-12-29,daily,all subpops,Age 4,new_H,baseline,17.0,8.0,29.350000000000023
2025-12-30,daily,all subpops,Age 4,new_H,baseline,18.0,8.0,28.0
2025-12-31,daily,all subpops,Age 4,new_H,baseline,17.0,8.0,29.350000000000023
2026-01-01,daily,all subpops,Age 4,new_H,baseline,17.0,8.0,29.0
2026-01-02,daily,all subpops,Age 4,new_H,baseline,17.0,8.0,28.0
2026-01-03,daily,all subpops,Age 4,new_H,baseline,16.0,7.0,27.0
2026-01-04,daily,all subpops,Age 4,new_H,baseline,15.0,7.65,26.0
2026-01-05,daily,all subpops,Age 4,new_H,baseline,14.0,7.0,24.0
2026-01-06,daily,all subpops,Age 4,new_H,baseline,14.0,6.0,23.0
2026-01-07,daily,all subpops,Age 4,new_H,baseline,13.0,6.0,23.0
2026-01-08,daily,all subpops,Age 4,new_H,baseline,13.0,5.0,22.0
2026-01-09,daily,all subpops,Age 4,new_H,baseline,13.0,6.0,21.0
2026-01-10,daily,all subpops,Age 4,new_H,baseline,12.0,5.0,21.0
2026-01-11,daily,all subpops,Age 4,new_H,baseline,11.0,5.0,19.0
2026-01-12,daily,all subpops,Age 4,new_H,baseline,10.0,4.0,18.0
2026-01-13,daily,all subpops,Age 4,new_H,baseline,9.0,3.0,16.0
2026-01-14,daily,all subpops,Age 4,new_H,baseline,9.0,3.0,17.0
2026-01-15,daily,all subpops,Age 4,new_H,baseline,8.0,3.0,15.0
2026-01-16,daily,all subpops,Age 4,new_H,baseline,8.0,3.0,14.0
2026-01-17,daily,all subpops,Age 4,new_H,baseline,8.0,2.0,14.350000000000023
2026-01-18,daily,all subpops,Age 4,new_H,baseline,7.0,2.0,13.0
2026-01-19,daily,all subpops,Age 4,new_H,baseline,6.0,2.0,12.0
2026-01-20,daily,all subpops,Age 4,new_H,baseline,5.0,1.0,11.0
2026-01-21,daily,all subpops,Age 4,new_H,baseline,5.0,1.0,10.0
2026-01-22,daily,all subpops,Age 4,new_H,baseline,4.0,1.0,9.0
2026-01-23,daily,all subpops,Age 4,new_H,baseline,4.0,1.0,10.0
2026-01-24,daily,all subpops,Age 4,new_H,baseline,4.0,1.0,9.0
2026-01-25,daily,all subpops,Age 4,new_H,baseline,4.0,1.0,8.0
2026-01-26,daily,all subpops,Age 4,new_H,baseline,3.0,0.0,8.0
2026-01-27,daily,all subpops,Age 4,new_H,baseline,3.0,0.0,7.0
2026-01-28,daily,all subpops,Age 4,new_H,baseline,3.0,0.0,7.0
2026-01-29,daily,all subpops,Age 4,new_H,baseline,3.0,0.0,7.0
2026-01-30,daily,all subpops,Age 4,new_H,baseline,3.0,0.0,6.0
2026-01-31,daily,all subpops,Age 4,new_H,baseline,3.0,0.0,6.0
2026-02-01,daily,all subpops,Age 4,new_H,baseline,2.0,0.0,6.0
2026-02-02,daily,all subpops,Age 4,new_H,baseline,2.0,0.0,6.0
2026-02-03,daily,all subpops,Age 4,new_H,baseline,2.0,0.0,6.0
2026-02-04,daily,all subpops,Age 4,new_H,baseline,2.0,0.0,5.0
2026-02-05,daily,all subpops,Age 4,new_H,baseline,2.0,0.0,5.0
2026-02-06,daily,all subpops,Age 4,new_H,baseline,2.0,0.0,5.0
2026-02-07,daily,all subpops,Age 4,new_H,baseline,2.0,0.0,5.0
2026-02-08,daily,all subpops,Age 4,new_H,baseline,2.0,0.0,5.0
2026-02-09,daily,all subpops,Age 4,new_H,baseline,2.0,0.0,5.0
2026-02-10,daily,all subpops,Age 4,new_H,baseline,1.0,0.0,5.0
2026-02-11,daily,all subpops,Age 4,new_H,baseline,1.0,0.0,4.0
2026-02-12,daily,all subpops,Age 4,new_H,baseline,1.0,0.0,5.0
2026-02-13,daily,all subpops,Age 4,new_H,baseline,1.0,0.0,4.0
2026-02-14,daily,all subpops,Age 4,new_H,baseline,1.0,0.0,4.0
2026-02-15,daily,all subpops,Age 4,new_H,baseline,1.0,0.0,4.0
2026-02-16,daily,all subpops,Age 4,new_H,baseline,1.0,0.0,4.0
2026-02-17,daily,all subpops,Age 4,new_H,baseline,1.0,0.0,3.0
2026-02-18,daily,all subpops,Age 4,new_H,baseline,1.0,0.0,4.0
2026-02-19,daily,all subpops,Age 4,new_H,baseline,1.0,0.0,4.0
2026-02-20,daily,all subpops,Age 4,new_H,baseline,1.0,0.0,4.0
2026-02-21,daily,all subpops,Age 4,new_H,baseline,1.0,0.0,3.0
2026-02-22,daily,all subpops,Age 4,new_H,baseline,1.0,0.0,3.0
2026-02-23,daily,all subpops,Age 4,new_H,baseline,1.0,0.0,3.0
2026-02-24,daily,all subpops,Age 4,new_H,baseline,1.0,0.0,3.0
2026-02-25,daily,all subpops,Age 4,new_H,baseline,1.0,0.0,3.0
2026-02-26,daily,all subpops,Age 4,new_H,baseline,1.0,0.0,3.0
2026-02-27,daily,all subpops,Age 4,new_H,baseline,1.0,0.0,3.0
2026-02-28,daily,all subpops,Age 4,new_H,baseline,1.0,0.0,3.0
2026-03-01,daily,all subpops,Age 4,new_H,baseline,1.0,0.0,3.0
2026-03-02,daily,all subpops,Age 4,new_H,baseline,1.0,0.0,3.0
2026-03-03,daily,all subpops,Age 4,new_H,baseline,1.0,0.0,3.0
2026-03-04,daily,all subpops,Age 4,new_H,baseline,1.0,0.0,3.0
2026-03-05,daily,all subpops,Age 4,new_H,baseline,1.0,0.0,3.0
2026-03-06,daily,all subpops,Age 4,new_H,baseline,1.0,0.0,3.0
2026-03-07,daily,all subpops,Age 4,new_H,baseline,1.0,0.0,4.0
2026-03-08,daily,all subpops,Age 4,new_H,baseline,1.0,0.0,3.0
2026-03-09,daily,all subpops,Age 4,new_H,baseline,1.0,0.0,3.0
2026-03-10,daily,all subpops,Age 4,new_H,baseline,1.0,0.0,3.0
2026-03-11,daily,all subpops,Age 4,new_H,baseline,1.0,0.0,3.0
2026-03-12,daily,all subpops,Age 4,new_H,baseline,1.0,0.0,3.0
2026-03-13,daily,all subpops,Age 4,new_H,baseline,1.0,0.0,3.0
2026-03-14,daily,all subpops,Age 4,new_H,baseline,1.0,0.0,3.0
2026-03-15,daily,all subpops,Age 4,new_H,baseline,1.0,0.0,3.0
2026-03-16,daily,all subpops,Age 4,new_H,baseline,0.0,0.0,3.0
2026-03-17,daily,all subpops,Age 4,new_H,baseline,0.0,0.0,3.0
2026-03-18,daily,all subpops,Age 4,new_H,baseline,0.0,0.0,2.0
2026-03-19,daily,all subpops,Age 4,new_H,baseline,0.0,0.0,2.0
2026-03-20,daily,all subpops,Age 4,new_H,baseline,0.0,0.0,2.0
2026-03-21,daily,all subpops,Age 4,new_H,baseline,0.0,0.0,2.0
2026-03-22,daily,all subpops,Age 4,new_H,baseline,0.0,0.0,2.0
2026-03-23,daily,all subpops,Age 4,new_H,baseline,0.0,0.0,2.0
2026-03-24,daily,all subpops,Age 4,new_H,baseline,0.0,0.0,2.0
2026-03-25,daily,all subpops,Age 4,new_H,baseline,0.0,0.0,2.0
2026-03-26,daily,all subpops,Age 4,new_H,baseline,0.0,0.0,2.0
2026-03-27,daily,all subpops,Age 4,new_H,baseline,0.0,0.0,2.0
2026-03-28,daily,all subpops,Age 4,new_H,baseline,0.0,0.0,2.0
2026-03-29,daily,all subpops,Age 4,new_H,baseline,0.0,0.0,3.0
2026-03-30,daily,all subpops,Age 4,new_H,baseline,0.0,0.0,2.0
2026-03-31,daily,all subpops,Age 4,new_H,baseline,0.0,0.0,2.0
2026-04-01,daily,all subpops,Age 4,new_H,baseline,0.0,0.0,2.0
2026-04-02,daily,all subpops,Age 4,new_H,baseline,0.0,0.0,2.0
2026-04-03,daily,all subpops,Age 4,new_H,baseline,0.0,0.0,2.0
2026-04-04,daily,all subpops,Age 4,new_H,baseline,0.0,0.0,2.0
2026-04-05,daily,all subpops,Age 4,new_H,baseline,0.0,0.0,2.0
2026-04-06,daily,all subpops,Age 4,new_H,baseline,0.0,0.0,2.0
2026-04-07,daily,all subpops,Age 4,new_H,baseline,0.0,0.0,2.0
2026-04-08,daily,all subpops,Age 4,new_H,baseline,0.0,0.0,2.0
2026-04-09,daily,all subpops,Age 4,new_H,baseline,0.0,0.0,2.0
2026-04-10,daily,all subpops,Age 4,new_H,baseline,0.0,0.0,3.0
2026-04-11,daily,all subpops,Age 4,new_H,baseline,0.0,0.0,2.0
2026-04-12,daily,all subpops,Age 4,new_H,baseline,0.0,0.0,2.0
2026-04-13,daily,all subpops,Age 4,new_H,baseline,0.0,0.0,2.0
2026-04-14,daily,all subpops,Age 4,new_H,baseline,0.0,0.0,2.0
2026-04-15,daily,all subpops,Age 4,new_H,baseline,0.0,0.0,2.0
2026-04-16,daily,all subpops,Age 4,new_H,baseline,0.0,0.0,2.0
2026-04-17,daily,all subpops,Age 4,new_H,baseline,0.0,0.0,2.0
2026-04-18,daily,all subpops,Age 4,new_H,baseline,0.0,0.0,2.0
2026-04-19,daily,all subpops,Age 4,new_H,baseline,0.0,0.0,2.0
2026-04-20,daily,all subpops,Age 4,new_H,baseline,0.0,0.0,2.0
2026-04-21,daily,all subpops,Age 4,new_H,baseline,0.0,0.0,2.0
2026-04-22,daily,all subpops,Age 4,new_H,baseline,0.0,0.0,2.0
2026-04-23,daily,all subpops,Age 4,new_H,baseline,0.0,0.0,2.0
2026-04-24,daily,all subpops,Age 4,new_H,baseline,0.0,0.0,2.0
2026-04-25,daily,all subpops,Age 4,new_H,baseline,0.0,0.0,2.0
2026-04-26,daily,all subpops,Age 4,new_H,baseline,0.0,0.0,2.0
2026-04-27,daily,all subpops,Age 4,new_H,baseline,0.0,0.0,2.0
2026-04-28,daily,all subpops,Age 4,new_H,baseline,0.0,0.0,2.0
2026-04-29,daily,all subpops,Age 4,new_H,baseline,0.0,0.0,2.0
2026-04-30,daily,all subpops,Age 4,new_H,baseline,0.0,0.0,2.0
2026-05-01,daily,all subpops,Age 4,new_H,baseline,0.0,0.0,1.0
2026-05-02,daily,all subpops,Age 4,new_H,baseline,0.0,0.0,2.0
2026-05-03,daily,all subpops,Age 4,new_H,baseline,0.0,0.0,1.0
2026-05-04,daily,all subpops,Age 4,new_H,baseline,0.0,0.0,1.0
2026-05-05,daily,all subpops,Age 4,new_H,baseline,0.0,0.0,2.0
2026-05-06,daily,all subpops,Age 4,new_H,baseline,0.0,0.0,1.0
2026-05-07,daily,all subpops,Age 4,new_H,baseline,0.0,0.0,1.0
2026-05-08,daily,all subpops,Age 4,new_H,baseline,0.0,0.0,1.0
2025-09-01,cumulative,all subpops,Age 4,new_H,baseline,0.0,0.0,0.35000000000002274
2025-09-02,cumulative,all subpops,Age 4,new_H,baseline,0.0,0.0,1.0
2025-09-03,cumulative,all subpops,Age 4,new_H,baseline,0.0,0.0,1.0
2025-09-04,cumulative,all subpops,Age 4,new_H,baseline,0.0,0.0,1.0
2025-09-05,cumulative,all subpops,Age 4,new_H,baseline,0.0,0.0,2.0
2025-09-06,cumulative,all subpops,Age 4,new_H,baseline,0.0,0.0,2.0
2025-09-07,cumulative,all subpops,Age 4,new_H,baseline,0.0,0.0,2.0
2025-09-08,cumulative,all subpops,Age 4,new_H,baseline,0.0,0.0,2.0
2025-09-09,cumulative,all subpops,Age 4,new_H,baseline,0.0,0.0,2.3500000000000227
2025-09-10,cumulative,all subpops,Age 4,new_H,baseline,1.0,0.0,3.0
2025-09-11,cumulative,all subpops,Age 4,new_H,baseline,1.0,0.0,3.0
2025-09-12,cumulative,all subpops,Age 4,new_H,baseline,1.0,0.0,3.0
2025-09-13,cumulative,all subpops,Age 4,new_H,baseline,1.0,0.0,4.0
2025-09-14,cumulative,all subpops,Age 4,new_H,baseline,1.0,0.0,4.0
2025-09-15,cumulative,all subpops,Age 4,new_H,baseline,1.0,0.0,4.0
2025-09-16,cumulative,all subpops,Age 4,new_H,baseline,1.0,0.0,4.0
2025-09-17,cumulative,all subpops,Age 4,new_H,baseline,1.0,0.0,4.0
2025-09-18,cumulative,all subpops,Age 4,new_H,baseline,2.0,0.0,4.0
2025-09-19,cumulative,all subpops,Age 4,new_H,baseline,2.0,0.0,5.0
2025-09-20,cumulative,all subpops,Age 4,new_H,baseline,2.0,0.0,5.0
2025-09-21,cumulative,all subpops,Age 4,new_H,baseline,2.0,0.0,5.0
2025-09-22,cumulative,all subpops,Age 4,new_H,baseline,2.0,0.0,6.0
2025-09-23,cumulative,all subpops,Age 4,new_H,baseline,2.0,0.0,6.0
2025-09-24,cumulative,all subpops,Age 4,new_H,baseline,3.0,0.0,6.0
2025-09-25,cumulative,all subpops,Age 4,new_H,baseline,3.0,0.0,7.0
2025-09-26,cumulative,all subpops,Age 4,new_H,baseline,3.0,0.0,7.0
2025-09-27,cumulative,all subpops,Age 4,new_H,baseline,3.0,0.0,7.0
2025-09-28,cumulative,all subpops,Age 4,new_H,baseline,4.0,0.0,8.0
2025-09-29,cumulative,all subpops,Age 4,new_H,baseline,4.0,0.6500000000000004,8.0
2025-09-30,cumulative,all subpops,Age 4,new_H,baseline,4.0,1.0,8.350000000000023
2025-10-01,cumulative,all subpops,Age 4,new_H,baseline,4.0,1.0,9.0
2025-10-02,cumulative,all subpops,Age 4,new_H,baseline,4.0,1.0,9.0
2025-10-03,cumulative,all subpops,Age 4,new_H,baseline,5.0,1.0,9.0
2025-10-04,cumulative,all subpops,Age 4,new_H,baseline,5.0,1.0,10.0
2025-10-05,cumulative,all subpops,Age 4,new_H,baseline,5.0,1.0,10.0
2025-10-06,cumulative,all subpops,Age 4,new_H,baseline,5.0,1.0,11.0
2025-10-07,cumulative,all subpops,Age 4,new_H,baseline,6.0,1.6500000000000004,11.0
2025-10-08,cumulative,all subpops,Age 4,new_H,baseline,6.0,2.0,11.350000000000023
2025-10-09,cumulative,all subpops,Age 4,new_H,baseline,6.0,2.0,12.0
2025-10-10,cumulative,all subpops,Age 4,new_H,baseline,6.0,2.0,12.0
2025-10-11,cumulative,all subpops,Age 4,new_H,baseline,7.0,2.0,12.0
2025-10-12,cumulative,all subpops,Age 4,new_H,baseline,7.0,2.0,13.0
2025-10-13,cumulative,all subpops,Age 4,new_H,baseline,7.0,3.0,13.0
2025-10-14,cumulative,all subpops,Age 4,new_H,baseline,7.0,3.0,14.0
2025-10-15,cumulative,all subpops,Age 4,new_H,baseline,8.0,3.0,14.0
2025-10-16,cumulative,all subpops,Age 4,new_H,baseline,8.0,3.0,15.0
2025-10-17,cumulative,all subpops,Age 4,new_H,baseline,8.0,3.0,15.0
2025-10-18,cumulative,all subpops,Age 4,new_H,baseline,9.0,3.0,15.350000000000023
2025-10-19,cumulative,all subpops,Age 4,new_H,baseline,9.0,4.0,16.0
2025-10-20,cumulative,all subpops,Age 4,new_H,baseline,9.0,4.0,17.0
2025-10-21,cumulative,all subpops,Age 4,new_H,baseline,9.0,4.0,17.0
2025-10-22,cumulative,all subpops,Age 4,new_H,baseline,10.0,4.0,17.350000000000023
2025-10-23,cumulative,all subpops,Age 4,new_H,baseline,10.0,4.0,18.0
2025-10-24,cumulative,all subpops,Age 4,new_H,baseline,10.0,4.0,18.350000000000023
2025-10-25,cumulative,all subpops,Age 4,new_H,baseline,11.0,5.0,19.0
2025-10-26,cumulative,all subpops,Age 4,new_H,baseline,11.0,5.0,19.0
2025-10-27,cumulative,all subpops,Age 4,new_H,baseline,11.0,5.0,20.0
2025-10-28,cumulative,all subpops,Age 4,new_H,baseline,12.0,5.0,21.0
2025-10-29,cumulative,all subpops,Age 4,new_H,baseline,12.0,5.0,21.0
2025-10-30,cumulative,all subpops,Age 4,new_H,baseline,12.0,6.0,22.0
2025-10-31,cumulative,all subpops,Age 4,new_H,baseline,13.0,6.0,22.350000000000023
2025-11-01,cumulative,all subpops,Age 4,new_H,baseline,13.0,6.0,23.0
2025-11-02,cumulative,all subpops,Age 4,new_H,baseline,14.0,6.65,24.0
2025-11-03,cumulative,all subpops,Age 4,new_H,baseline,14.0,7.0,25.0
2025-11-04,cumulative,all subpops,Age 4,new_H,baseline,15.0,7.0,26.0
2025-11-05,cumulative,all subpops,Age 4,new_H,baseline,15.0,7.0,26.0
2025-11-06,cumulative,all subpops,Age 4,new_H,baseline,15.0,8.0,26.0
2025-11-07,cumulative,all subpops,Age 4,new_H,baseline,16.0,8.0,27.0
2025-11-08,cumulative,all subpops,Age 4,new_H,baseline,16.0,8.0,27.0
2025-11-09,cumulative,all subpops,Age 4,new_H,baseline,17.0,8.0,29.0
2025-11-10,cumulative,all subpops,Age 4,new_H,baseline,17.0,9.0,29.0
2025-11-11,cumulative,all subpops,Age 4,new_H,baseline,18.0,9.0,29.350000000000023
2025-11-12,cumulative,all subpops,Age 4,new_H,baseline,18.0,9.0,30.350000000000023
2025-11-13,cumulative,all subpops,Age 4,new_H,baseline,19.0,10.0,32.0
2025-11-14,cumulative,all subpops,Age 4,new_H,baseline,20.0,10.0,32.0
2025-11-15,cumulative,all subpops,Age 4,new_H,baseline,20.0,11.0,33.0
2025-11-16,cumulative,all subpops,Age 4,new_H,baseline,21.0,11.0,34.35000000000002
2025-11-17,cumulative,all subpops,Age 4,new_H,baseline,22.0,12.0,36.0
2025-11-18,cumulative,all subpops,Age 4,new_H,baseline,23.0,12.0,36.0
2025-11-19,cumulative,all subpops,Age 4,new_H,baseline,23.0,12.0,37.35000000000002
2025-11-20,cumulative,all subpops,Age 4,new_H,baseline,24.0,13.0,39.0
2025-11-21,cumulative,all subpops,Age 4,new_H,baseline,25.0,13.0,40.35000000000002
2025-11-22,cumulative,all subpops,Age 4,new_H,baseline,26.0,14.0,42.0
2025-11-23,cumulative,all subpops,Age 4,new_H,baseline,28.0,15.0,43.35000000000002
2025-11-24,cumulative,all subpops,Age 4,new_H,baseline,29.0,16.0,45.35000000000002
2025-11-25,cumulative,all subpops,Age 4,new_H,baseline,30.0,17.0,48.0
2025-11-26,cumulative,all subpops,Age 4,new_H,baseline,32.0,18.0,49.0
2025-11-27,cumulative,all subpops,Age 4,new_H,baseline,33.0,18.0,51.0
2025-11-28,cumulative,all subpops,Age 4,new_H,baseline,35.0,19.65,54.35000000000002
2025-11-29,cumulative,all subpops,Age 4,new_H,baseline,37.0,21.0,57.0
2025-11-30,cumulative,all subpops,Age 4,new_H,baseline,38.0,22.0,59.0
2025-12-01,cumulative,all subpops,Age 4,new_H,baseline,40.0,23.0,63.0
2025-12-02,cumulative,all subpops,Age 4,new_H,baseline,42.0,24.0,65.0
2025-12-03,cumulative,all subpops,Age 4,new_H,baseline,44.0,25.0,69.0
2025-12-04,cumulative,all subpops,Age 4,new_H,baseline,47.0,27.0,72.0
2025-12-05,cumulative,all subpops,Age 4,new_H,baseline,50.0,29.0,74.70000000000005
2025-12-06,cumulative,all subpops,Age 4,new_H,baseline,53.0,31.0,80.0
2025-12-07,cumulative,all subpops,Age 4,new_H,baseline,56.0,33.65,85.0
2025-12-08,cumulative,all subpops,Age 4,new_H,baseline,60.0,35.65,88.0
2025-12-09,cumulative,all subpops,Age 4,new_H,baseline,64.0,38.0,93.0
2025-12-10,cumulative,all subpops,Age 4,new_H,baseline,68.0,40.65,99.35000000000002
2025-12-11,cumulative,all subpops,Age 4,new_H,baseline,73.0,43.65,107.0
2025-12-12,cumulative,all subpops,Age 4,new_H,baseline,79.0,46.65,114.05000000000007
2025-12-13,cumulative,all subpops,Age 4,new_H,baseline,85.0,51.65,124.0
2025-12-14,cumulative,all subpops,Age 4,new_H,baseline,92.0,56.0,134.35000000000002
2025-12-15,cumulative,all subpops,Age 4,new_H,baseline,99.0,59.65,145.35000000000002
2025-12-16,cumulative,all subpops,Age 4,new_H,baseline,107.0,63.65,158.0
2025-12-17,cumulative,all subpops,Age 4,new_H,baseline,116.0,69.65,169.0
2025-12-18,cumulative,all subpops,Age 4,new_H,baseline,126.0,75.0,184.4000000000001
2025-12-19,cumulative,all subpops,Age 4,new_H,baseline,139.0,84.0,203.35000000000002
2025-12-20,cumulative,all subpops,Age 4,new_H,baseline,153.0,93.0,221.70000000000005
2025-12-21,cumulative,all subpops,Age 4,new_H,baseline,168.0,99.65,240.35000000000002
2025-12-22,cumulative,all subpops,Age 4,new_H,baseline,182.0,108.0,266.0
2025-12-23,cumulative,all subpops,Age 4,new_H,baseline,196.0,118.3,287.0
2025-12-24,cumulative,all subpops,Age 4,new_H,baseline,213.0,128.3,310.4000000000001
2025-12-25,cumulative,all subpops,Age 4,new_H,baseline,230.0,141.0,337.0
2025-12-26,cumulative,all subpops,Age 4,new_H,baseline,251.0,155.0,362.35
2025-12-27,cumulative,all subpops,Age 4,new_H,baseline,269.0,167.0,388.0
2025-12-28,cumulative,all subpops,Age 4,new_H,baseline,287.0,180.3,412.35
2025-12-29,cumulative,all subpops,Age 4,new_H,baseline,305.0,189.65,440.35
2025-12-30,cumulative,all subpops,Age 4,new_H,baseline,322.0,200.3,461.70000000000005
2025-12-31,cumulative,all subpops,Age 4,new_H,baseline,338.0,210.65,487.35
2026-01-01,cumulative,all subpops,Age 4,new_H,baseline,356.0,220.65,512.7
2026-01-02,cumulative,all subpops,Age 4,new_H,baseline,374.0,234.65,535.7
2026-01-03,cumulative,all subpops,Age 4,new_H,baseline,391.0,244.65,561.35
2026-01-04,cumulative,all subpops,Age 4,new_H,baseline,406.0,251.65,583.0
2026-01-05,cumulative,all subpops,Age 4,new_H,baseline,419.0,264.95,601.7
2026-01-06,cumulative,all subpops,Age 4,new_H,baseline,433.0,273.25,616.35
2026-01-07,cumulative,all subpops,Age 4,new_H,baseline,447.0,283.65,638.0500000000001
2026-01-08,cumulative,all subpops,Age 4,new_H,baseline,461.0,292.65,656.7
2026-01-09,cumulative,all subpops,Age 4,new_H,baseline,473.0,301.65,670.35
2026-01-10,cumulative,all subpops,Age 4,new_H,baseline,486.0,312.6,686.7
2026-01-11,cumulative,all subpops,Age 4,new_H,baseline,497.0,318.65,702.35
2026-01-12,cumulative,all subpops,Age 4,new_H,baseline,507.0,325.3,714.7500000000001
2026-01-13,cumulative,all subpops,Age 4,new_H,baseline,516.0,331.95,727.35
2026-01-14,cumulative,all subpops,Age 4,new_H,baseline,527.0,337.3,743.35
2026-01-15,cumulative,all subpops,Age 4,new_H,baseline,533.0,342.6,753.35
2026-01-16,cumulative,all subpops,Age 4,new_H,baseline,540.0,348.55,762.4000000000001
2026-01-17,cumulative,all subpops,Age 4,new_H,baseline,549.0,354.2,772.35
2026-01-18,cumulative,all subpops,Age 4,new_H,baseline,555.0,359.6,782.35
2026-01-19,cumulative,all subpops,Age 4,new_H,baseline,562.0,363.25,790.7
2026-01-20,cumulative,all subpops,Age 4,new_H,baseline,567.0,365.55,795.0500000000001
2026-01-21,cumulative,all subpops,Age 4,new_H,baseline,572.0,368.85,800.4000000000001
2026-01-22,cumulative,all subpops,Age 4,new_H,baseline,576.0,374.2,807.0500000000001
2026-01-23,cumulative,all subpops,Age 4,new_H,baseline,583.0,378.25,813.1000000000001
2026-01-24,cumulative,all subpops,Age 4,new_H,baseline,586.0,382.65,819.0500000000001
2026-01-25,cumulative,all subpops,Age 4,new_H,baseline,589.0,384.65,825.35
2026-01-26,cumulative,all subpops,Age 4,new_H,baseline,594.0,385.0,827.4000000000001
2026-01-27,cumulative,all subpops,Age 4,new_H,baseline,596.0,387.3,831.0
2026-01-28,cumulative,all subpops,Age 4,new_H,baseline,599.0,393.65,834.0500000000001
2026-01-29,cumulative,all subpops,Age 4,new_H,baseline,604.0,395.3,837.35
2026-01-30,cumulative,all subpops,Age 4,new_H,baseline,607.0,395.3,840.4000000000001
2026-01-31,cumulative,all subpops,Age 4,new_H,baseline,610.0,396.65,846.0
2026-02-01,cumulative,all subpops,Age 4,new_H,baseline,612.0,397.0,847.35
2026-02-02,cumulative,all subpops,Age 4,new_H,baseline,614.0,400.3,850.35
2026-02-03,cumulative,all subpops,Age 4,new_H,baseline,616.0,401.65,854.7
2026-02-04,cumulative,all subpops,Age 4,new_H,baseline,617.0,405.95,857.0500000000001
2026-02-05,cumulative,all subpops,Age 4,new_H,baseline,619.0,408.3,858.0500000000001
2026-02-06,cumulative,all subpops,Age 4,new_H,baseline,621.0,408.65,858.7500000000001
2026-02-07,cumulative,all subpops,Age 4,new_H,baseline,622.0,410.0,860.7500000000001
2026-02-08,cumulative,all subpops,Age 4,new_H,baseline,624.0,413.25,864.0500000000001
2026-02-09,cumulative,all subpops,Age 4,new_H,baseline,626.0,414.55,867.35
2026-02-10,cumulative,all subpops,Age 4,new_H,baseline,628.0,415.9,868.35
2026-02-11,cumulative,all subpops,Age 4,new_H,baseline,630.0,416.25,870.0500000000001
2026-02-12,cumulative,all subpops,Age 4,new_H,baseline,630.0,416.25,870.7500000000001
2026-02-13,cumulative,all subpops,Age 4,new_H,baseline,633.0,416.25,871.4500000000002
2026-02-14,cumulative,all subpops,Age 4,new_H,baseline,635.0,416.6,873.1000000000001
2026-02-15,cumulative,all subpops,Age 4,new_H,baseline,636.0,417.25,874.4500000000002
2026-02-16,cumulative,all subpops,Age 4,new_H,baseline,638.0,420.25,875.7500000000001
2026-02-17,cumulative,all subpops,Age 4,new_H,baseline,639.0,420.6,877.1000000000001
2026-02-18,cumulative,all subpops,Age 4,new_H,baseline,640.0,421.9,879.0500000000001
2026-02-19,cumulative,all subpops,Age 4,new_H,baseline,640.0,422.25,880.4000000000001
2026-02-20,cumulative,all subpops,Age 4,new_H,baseline,641.0,423.55,881.7
2026-02-21,cumulative,all subpops,Age 4,new_H,baseline,642.0,425.2,882.7
2026-02-22,cumulative,all subpops,Age 4,new_H,baseline,642.0,426.2,884.7
2026-02-23,cumulative,all subpops,Age 4,new_H,baseline,643.0,426.2,886.35
2026-02-24,cumulative,all subpops,Age 4,new_H,baseline,645.0,427.2,887.35
2026-02-25,cumulative,all subpops,Age 4,new_H,baseline,646.0,428.2,889.0
2026-02-26,cumulative,all subpops,Age 4,new_H,baseline,646.0,428.85,889.7
2026-02-27,cumulative,all subpops,Age 4,new_H,baseline,648.0,429.2,891.7
2026-02-28,cumulative,all subpops,Age 4,new_H,baseline,649.0,429.9,892.35
2026-03-01,cumulative,all subpops,Age 4,new_H,baseline,650.0,430.9,892.7
2026-03-02,cumulative,all subpops,Age 4,new_H,baseline,651.0,430.9,892.7
2026-03-03,cumulative,all subpops,Age 4,new_H,baseline,652.0,432.9,893.4000000000001
2026-03-04,cumulative,all subpops,Age 4,new_H,baseline,652.0,433.25,895.7
2026-03-05,cumulative,all subpops,Age 4,new_H,baseline,654.0,434.25,897.35
2026-03-06,cumulative,all subpops,Age 4,new_H,baseline,656.0,435.25,898.0500000000001
2026-03-07,cumulative,all subpops,Age 4,new_H,baseline,657.0,436.25,898.0500000000001
2026-03-08,cumulative,all subpops,Age 4,new_H,baseline,658.0,437.9,899.0500000000001
2026-03-09,cumulative,all subpops,Age 4,new_H,baseline,658.0,438.25,900.35
2026-03-10,cumulative,all subpops,Age 4,new_H,baseline,659.0,439.25,901.0
2026-03-11,cumulative,all subpops,Age 4,new_H,baseline,660.0,440.25,901.7
2026-03-12,cumulative,all subpops,Age 4,new_H,baseline,660.0,440.9,903.35
2026-03-13,cumulative,all subpops,Age 4,new_H,baseline,661.0,441.9,904.7
2026-03-14,cumulative,all subpops,Age 4,new_H,baseline,662.0,441.9,905.4000000000001
2026-03-15,cumulative,all subpops,Age 4,new_H,baseline,663.0,443.2,906.0500000000001
2026-03-16,cumulative,all subpops,Age 4,new_H,baseline,664.0,443.2,907.7
2026-03-17,cumulative,all subpops,Age 4,new_H,baseline,666.0,443.2,908.0500000000001
2026-03-18,cumulative,all subpops,Age 4,new_H,baseline,666.0,443.55,908.4000000000001
2026-03-19,cumulative,all subpops,Age 4,new_H,baseline,666.0,443.9,908.4000000000001
2026-03-20,cumulative,all subpops,Age 4,new_H,baseline,668.0,443.9,910.35
2026-03-21,cumulative,all subpops,Age 4,new_H,baseline,668.0,444.55,911.35
2026-03-22,cumulative,all subpops,Age 4,new_H,baseline,668.0,444.55,911.7
2026-03-23,cumulative,all subpops,Age 4,new_H,baseline,668.0,445.2,911.7
2026-03-24,cumulative,all subpops,Age 4,new_H,baseline,669.0,445.55,911.7
2026-03-25,cumulative,all subpops,Age 4,new_H,baseline,670.0,445.55,912.0500000000001
2026-03-26,cumulative,all subpops,Age 4,new_H,baseline,671.0,445.55,912.0500000000001
2026-03-27,cumulative,all subpops,Age 4,new_H,baseline,671.0,445.55,912.0500000000001
2026-03-28,cumulative,all subpops,Age 4,new_H,baseline,672.0,445.55,912.7
2026-03-29,cumulative,all subpops,Age 4,new_H,baseline,673.0,446.85,913.4000000000001
2026-03-30,cumulative,all subpops,Age 4,new_H,baseline,674.0,446.85,914.0500000000001
2026-03-31,cumulative,all subpops,Age 4,new_H,baseline,674.0,447.5,914.0500000000001
2026-04-01,cumulative,all subpops,Age 4,new_H,baseline,675.0,448.2,914.4000000000001
2026-04-02,cumulative,all subpops,Age 4,new_H,baseline,676.0,448.85,915.0500000000001
2026-04-03,cumulative,all subpops,Age 4,new_H,baseline,676.0,449.85,915.0500000000001
2026-04-04,cumulative,all subpops,Age 4,new_H,baseline,676.0,449.85,915.0500000000001
2026-04-05,cumulative,all subpops,Age 4,new_H,baseline,677.0,450.85,915.0500000000001
2026-04-06,cumulative,all subpops,Age 4,new_H,baseline,677.0,452.2,915.7
2026-04-07,cumulative,all subpops,Age 4,new_H,baseline,678.0,452.2,917.0
2026-04-08,cumulative,all subpops,Age 4,new_H,baseline,678.0,452.85,917.0
2026-04-09,cumulative,all subpops,Age 4,new_H,baseline,678.0,453.2,917.35
2026-04-10,cumulative,all subpops,Age 4,new_H,baseline,679.0,454.2,917.35
2026-04-11,cumulative,all subpops,Age 4,new_H,baseline,680.0,455.5,917.35
2026-04-12,cumulative,all subpops,Age 4,new_H,baseline,680.0,455.5,917.35
2026-04-13,cumulative,all subpops,Age 4,new_H,baseline,680.0,455.85,918.35
2026-04-14,cumulative,all subpops,Age 4,new_H,baseline,680.0,455.85,918.35
2026-04-15,cumulative,all subpops,Age 4,new_H,baseline,680.0,456.5,918.35
2026-04-16,cumulative,all subpops,Age 4,new_H,baseline,681.0,457.15,919.0
2026-04-17,cumulative,all subpops,Age 4,new_H,baseline,682.0,459.85,919.0
2026-04-18,cumulative,all subpops,Age 4,new_H,baseline,683.0,459.85,919.35
2026-04-19,cumulative,all subpops,Age 4,new_H,baseline,684.0,460.2,920.0
2026-04-20,cumulative,all subpops,Age 4,new_H,baseline,684.0,460.2,920.0
2026-04-21,cumulative,all subpops,Age 4,new_H,baseline,684.0,460.55,920.35
2026-04-22,cumulative,all subpops,Age 4,new_H,baseline,684.0,461.2,920.35
2026-04-23,cumulative,all subpops,Age 4,new_H,baseline,684.0,461.2,921.0
2026-04-24,cumulative,all subpops,Age 4,new_H,baseline,684.0,461.85,921.0
2026-04-25,cumulative,all subpops,Age 4,new_H,baseline,685.0,461.85,921.35
2026-04-26,cumulative,all subpops,Age 4,new_H,baseline,685.0,461.85,922.0
2026-04-27,cumulative,all subpops,Age 4,new_H,baseline,685.0,462.2,922.0
2026-04-28,cumulative,all subpops,Age 4,new_H,baseline,686.0,462.2,922.0
2026-04-29,cumulative,all subpops,Age 4,new_H,baseline,686.0,462.85,922.0
2026-04-30,cumulative,all subpops,Age 4,new_H,baseline,686.0,463.55,922.0
2026-05-01,cumulative,all subpops,Age 4,new_H,baseline,687.0,463.55,922.0
2026-05-02,cumulative,all subpops,Age 4,new_H,baseline,688.0,463.55,922.0
2026-05-03,cumulative,all subpops,Age 4,new_H,baseline,688.0,463.55,922.0
2026-05-04,cumulative,all subpops,Age 4,new_H,baseline,688.0,464.2,922.0
2026-05-05,cumulative,all subpops,Age 4,new_H,baseline,688.0,464.2,922.35
2026-05-06,cumulative,all subpops,Age 4,new_H,baseline,688.0,465.2,922.35
2026-05-07,cumulative,all subpops,Age 4,new_H,baseline,689.0,465.55,922.35
2026-05-08,cumulative,all subpops,Age 4,new_H,baseline,689.0,465.55,922.35
2025-09-01,daily,all subpops,Age 5,new_H,baseline,0.0,0.0,0.0
2025-09-02,daily,all subpops,Age 5,new_H,baseline,0.0,0.0,1.0
2025-09-03,daily,all subpops,Age 5,new_H,baseline,0.0,0.0,1.0
2025-09-04,daily,all subpops,Age 5,new_H,baseline,0.0,0.0,1.0
2025-09-05,daily,all subpops,Age 5,new_H,baseline,0.0,0.0,1.0
2025-09-06,daily,all subpops,Age 5,new_H,baseline,0.0,0.0,1.0
2025-09-07,daily,all subpops,Age 5,new_H,baseline,0.0,0.0,1.0
2025-09-08,daily,all subpops,Age 5,new_H,baseline,0.0,0.0,1.0
2025-09-09,daily,all subpops,Age 5,new_H,baseline,0.0,0.0,1.0
2025-09-10,daily,all subpops,Age 5,new_H,baseline,0.0,0.0,1.0
2025-09-11,daily,all subpops,Age 5,new_H,baseline,0.0,0.0,1.0
2025-09-12,daily,all subpops,Age 5,new_H,baseline,0.0,0.0,1.0
2025-09-13,daily,all subpops,Age 5,new_H,baseline,0.0,0.0,1.0
2025-09-14,daily,all subpops,Age 5,new_H,baseline,0.0,0.0,1.0
2025-09-15,daily,all subpops,Age 5,new_H,baseline,0.0,0.0,1.0
2025-09-16,daily,all subpops,Age 5,new_H,baseline,0.0,0.0,1.0
2025-09-17,daily,all subpops,Age 5,new_H,baseline,0.0,0.0,1.0
2025-09-18,daily,all subpops,Age 5,new_H,baseline,0.0,0.0,1.0
2025-09-19,daily,all subpops,Age 5,new_H,baseline,0.0,0.0,1.0
2025-09-20,daily,all subpops,Age 5,new_H,baseline,0.0,0.0,1.0
2025-09-21,daily,all subpops,Age 5,new_H,baseline,0.0,0.0,1.0
2025-09-22,daily,all subpops,Age 5,new_H,baseline,0.0,0.0,1.0
2025-09-23,daily,all subpops,Age 5,new_H,baseline,0.0,0.0,1.0
2025-09-24,daily,all subpops,Age 5,new_H,baseline,0.0,0.0,1.0
2025-09-25,daily,all subpops,Age 5,new_H,baseline,0.0,0.0,1.0
2025-09-26,daily,all subpops,Age 5,new_H,baseline,0.0,0.0,1.0
2025-09-27,daily,all subpops,Age 5,new_H,baseline,0.0,0.0,2.0
2025-09-28,daily,all subpops,Age 5,new_H,baseline,0.0,0.0,1.0
2025-09-29,daily,all subpops,Age 5,new_H,baseline,0.0,0.0,1.3500000000000227
2025-09-30,daily,all subpops,Age 5,new_H,baseline,0.0,0.0,1.0
2025-10-01,daily,all subpops,Age 5,new_H,baseline,0.0,0.0,2.0
2025-10-02,daily,all subpops,Age 5,new_H,baseline,0.0,0.0,1.0
2025-10-03,daily,all subpops,Age 5,new_H,baseline,0.0,0.0,2.0
2025-10-04,daily,all subpops,Age 5,new_H,baseline,0.0,0.0,2.0
2025-10-05,daily,all subpops,Age 5,new_H,baseline,0.0,0.0,2.0
2025-10-06,daily,all subpops,Age 5,new_H,baseline,0.0,0.0,1.3500000000000227
2025-10-07,daily,all subpops,Age 5,new_H,baseline,0.0,0.0,2.0
2025-10-08,daily,all subpops,Age 5,new_H,baseline,0.0,0.0,2.0
2025-10-09,daily,all subpops,Age 5,new_H,baseline,0.0,0.0,2.0
2025-10-10,daily,all subpops,Age 5,new_H,baseline,0.0,0.0,2.0
2025-10-11,daily,all subpops,Age 5,new_H,baseline,0.0,0.0,2.0
2025-10-12,daily,all subpops,Age 5,new_H,baseline,0.0,0.0,2.0
2025-10-13,daily,all subpops,Age 5,new_H,baseline,0.0,0.0,2.0
2025-10-14,daily,all subpops,Age 5,new_H,baseline,0.0,0.0,2.0
2025-10-15,daily,all subpops,Age 5,new_H,baseline,0.0,0.0,2.0
2025-10-16,daily,all subpops,Age 5,new_H,baseline,0.0,0.0,2.0
2025-10-17,daily,all subpops,Age 5,new_H,baseline,0.0,0.0,2.0
2025-10-18,daily,all subpops,Age 5,new_H,baseline,0.0,0.0,2.0
2025-10-19,daily,all subpops,Age 5,new_H,baseline,0.0,0.0,2.0
2025-10-20,daily,all subpops,Age 5,new_H,baseline,0.0,0.0,2.0
2025-10-21,daily,all subpops,Age 5,new_H,baseline,0.0,0.0,2.0
2025-10-22,daily,all subpops,Age 5,new_H,baseline,0.0,0.0,2.0
2025-10-23,daily,all subpops,Age 5,new_H,baseline,0.0,0.0,2.0
2025-10-24,daily,all subpops,Age 5,new_H,baseline,0.0,0.0,2.0
2025-10-25,daily,all subpops,Age 5,new_H,baseline,0.0,0.0,2.0
2025-10-26,daily,all subpops,Age 5,new_H,baseline,0.0,0.0,2.0
2025-10-27,daily,all subpops,Age 5,new_H,baseline,0.0,0.0,2.0
2025-10-28,daily,all subpops,Age 5,new_H,baseline,0.0,0.0,2.0
2025-10-29,daily,all subpops,Age 5,new_H,baseline,0.0,0.0,2.0
2025-10-30,daily,all subpops,Age 5,new_H,baseline,0.0,0.0,2.0
2025-10-31,daily,all subpops,Age 5,new_H,baseline,0.0,0.0,2.0
2025-11-01,daily,all subpops,Age 5,new_H,baseline,0.0,0.0,2.0
2025-11-02,daily,all subpops,Age 5,new_H,baseline,0.0,0.0,2.0
2025-11-03,daily,all subpops,Age 5,new_H,baseline,0.0,0.0,2.0
2025-11-04,daily,all subpops,Age 5,new_H,baseline,0.0,0.0,2.0
2025-11-05,daily,all subpops,Age 5,new_H,baseline,0.0,0.0,2.0
2025-11-06,daily,all subpops,Age 5,new_H,baseline,0.0,0.0,2.0
2025-11-07,daily,all subpops,Age 5,new_H,baseline,0.0,0.0,2.0
2025-11-08,daily,all subpops,Age 5,new_H,baseline,0.0,0.0,2.3500000000000227
2025-11-09,daily,all subpops,Age 5,new_H,baseline,0.0,0.0,2.0
2025-11-10,daily,all subpops,Age 5,new_H,baseline,0.0,0.0,2.0
2025-11-11,daily,all subpops,Age 5,new_H,baseline,0.0,0.0,2.0
2025-11-12,daily,all subpops,Age 5,new_H,baseline,0.0,0.0,3.0
2025-11-13,daily,all subpops,Age 5,new_H,baseline,0.0,0.0,3.0
2025-11-14,daily,all subpops,Age 5,new_H,baseline,1.0,0.0,3.0
2025-11-15,daily,all subpops,Age 5,new_H,baseline,1.0,0.0,3.0
2025-11-16,daily,all subpops,Age 5,new_H,baseline,0.0,0.0,3.0
2025-11-17,daily,all subpops,Age 5,new_H,baseline,1.0,0.0,3.0
2025-11-18,daily,all subpops,Age 5,new_H,baseline,1.0,0.0,3.0
2025-11-19,daily,all subpops,Age 5,new_H,baseline,1.0,0.0,3.0
2025-11-20,daily,all subpops,Age 5,new_H,baseline,1.0,0.0,4.0
2025-11-21,daily,all subpops,Age 5,new_H,baseline,1.0,0.0,4.0
2025-11-22,daily,all subpops,Age 5,new_H,baseline,1.0,0.0,4.0
2025-11-23,daily,all subpops,Age 5,new_H,baseline,1.0,0.0,4.0
2025-11-24,daily,all subpops,Age 5,new_H,baseline,1.0,0.0,4.0
2025-11-25,daily,all subpops,Age 5,new_H,baseline,1.0,0.0,4.0
2025-11-26,daily,all subpops,Age 5,new_H,baseline,1.0,0.0,4.0
2025-11-27,daily,all subpops,Age 5,new_H,baseline,2.0,0.0,5.0
2025-11-28,daily,all subpops,Age 5,new_H,baseline,2.0,0.0,5.0
2025-11-29,daily,all subpops,Age 5,new_H,baseline,2.0,0.0,5.0
2025-11-30,daily,all subpops,Age 5,new_H,baseline,2.0,0.0,5.0
2025-12-01,daily,all subpops,Age 5,new_H,baseline,2.0,0.0,6.0
2025-12-02,daily,all subpops,Age 5,new_H,baseline,2.0,0.0,6.0
2025-12-03,daily,all subpops,Age 5,new_H,baseline,2.0,0.0,6.0
2025-12-04,daily,all subpops,Age 5,new_H,baseline,2.0,0.0,7.0
2025-12-05,daily,all subpops,Age 5,new_H,baseline,3.0,0.0,8.0
2025-12-06,daily,all subpops,Age 5,new_H,baseline,3.0,0.0,8.0
2025-12-07,daily,all subpops,Age 5,new_H,baseline,4.0,0.0,9.0
2025-12-08,daily,all subpops,Age 5,new_H,baseline,4.0,1.0,8.0
2025-12-09,daily,all subpops,Age 5,new_H,baseline,4.0,1.0,9.0
2025-12-10,daily,all subpops,Age 5,new_H,baseline,5.0,1.0,11.0
2025-12-11,daily,all subpops,Age 5,new_H,baseline,5.0,1.0,11.0
2025-12-12,daily,all subpops,Age 5,new_H,baseline,6.0,2.0,12.0
2025-12-13,daily,all subpops,Age 5,new_H,baseline,7.0,2.0,14.0
2025-12-14,daily,all subpops,Age 5,new_H,baseline,8.0,2.0,15.0
2025-12-15,daily,all subpops,Age 5,new_H,baseline,8.0,3.0,15.0
2025-12-16,daily,all subpops,Age 5,new_H,baseline,9.0,3.0,17.0
2025-12-17,daily,all subpops,Age 5,new_H,baseline,10.0,4.0,19.0
2025-12-18,daily,all subpops,Age 5,new_H,baseline,12.0,5.0,21.0
2025-12-19,daily,all subpops,Age 5,new_H,baseline,13.0,6.0,23.0
2025-12-20,daily,all subpops,Age 5,new_H,baseline,15.0,7.0,25.0
2025-12-21,daily,all subpops,Age 5,new_H,baseline,16.0,8.0,27.350000000000023
2025-12-22,daily,all subpops,Age 5,new_H,baseline,16.0,7.0,28.350000000000023
2025-12-23,daily,all subpops,Age 5,new_H,baseline,18.0,8.0,29.0
2025-12-24,daily,all subpops,Age 5,new_H,baseline,20.0,10.0,32.0
2025-12-25,daily,all subpops,Age 5,new_H,baseline,21.0,10.65,35.35000000000002
2025-12-26,daily,all subpops,Age 5,new_H,baseline,22.0,11.0,35.0
2025-12-27,daily,all subpops,Age 5,new_H,baseline,23.0,12.0,38.0
2025-12-28,daily,all subpops,Age 5,new_H,baseline,23.0,11.0,37.0
2025-12-29,daily,all subpops,Age 5,new_H,baseline,22.0,11.0,34.35000000000002
2025-12-30,daily,all subpops,Age 5,new_H,baseline,22.0,11.0,36.0
2025-12-31,daily,all subpops,Age 5,new_H,baseline,22.0,11.0,35.0
2026-01-01,daily,all subpops,Age 5,new_H,baseline,22.0,12.0,36.0
2026-01-02,daily,all subpops,Age 5,new_H,baseline,22.0,11.0,34.0
2026-01-03,daily,all subpops,Age 5,new_H,baseline,21.0,11.0,33.0
2026-01-04,daily,all subpops,Age 5,new_H,baseline,19.0,10.0,31.0
2026-01-05,daily,all subpops,Age 5,new_H,baseline,19.0,9.0,30.0
2026-01-06,daily,all subpops,Age 5,new_H,baseline,17.0,8.0,28.350000000000023
2026-01-07,daily,all subpops,Age 5,new_H,baseline,16.0,7.65,27.0
2026-01-08,daily,all subpops,Age 5,new_H,baseline,15.0,8.0,26.0
2026-01-09,daily,all subpops,Age 5,new_H,baseline,15.0,7.0,24.350000000000023
2026-01-10,daily,all subpops,Age 5,new_H,baseline,15.0,6.0,24.0
2026-01-11,daily,all subpops,Age 5,new_H,baseline,13.0,6.0,22.0
2026-01-12,daily,all subpops,Age 5,new_H,baseline,12.0,5.0,21.0
2026-01-13,daily,all subpops,Age 5,new_H,baseline,11.0,4.0,19.0
2026-01-14,daily,all subpops,Age 5,new_H,baseline,10.0,3.0,18.0
2026-01-15,daily,all subpops,Age 5,new_H,baseline,9.0,3.0,16.0
2026-01-16,daily,all subpops,Age 5,new_H,baseline,9.0,3.0,16.0
2026-01-17,daily,all subpops,Age 5,new_H,baseline,8.0,3.0,15.0
2026-01-18,daily,all subpops,Age 5,new_H,baseline,8.0,2.0,14.350000000000023
2026-01-19,daily,all subpops,Age 5,new_H,baseline,7.0,2.0,13.0
2026-01-20,daily,all subpops,Age 5,new_H,baseline,6.0,2.0,12.0
2026-01-21,daily,all subpops,Age 5,new_H,baseline,6.0,1.0,11.0
2026-01-22,daily,all subpops,Age 5,new_H,baseline,5.0,1.0,11.0
2026-01-23,daily,all subpops,Age 5,new_H,baseline,5.0,1.0,10.0
2026-01-24,daily,all subpops,Age 5,new_H,baseline,5.0,1.0,9.0
2026-01-25,daily,all subpops,Age 5,new_H,baseline,4.0,1.0,10.0
2026-01-26,daily,all subpops,Age 5,new_H,baseline,4.0,1.0,8.0
2026-01-27,daily,all subpops,Age 5,new_H,baseline,3.0,0.0,8.0
2026-01-28,daily,all subpops,Age 5,new_H,baseline,3.0,0.0,8.0
2026-01-29,daily,all subpops,Age 5,new_H,baseline,3.0,0.0,8.0
2026-01-30,daily,all subpops,Age 5,new_H,baseline,3.0,0.0,6.0
2026-01-31,daily,all subpops,Age 5,new_H,baseline,3.0,0.0,7.0
2026-02-01,daily,all subpops,Age 5,new_H,baseline,3.0,0.0,6.0
2026-02-02,daily,all subpops,Age 5,new_H,baseline,2.0,0.0,6.0
2026-02-03,daily,all subpops,Age 5,new_H,baseline,2.0,0.0,6.0
2026-02-04,daily,all subpops,Age 5,new_H,baseline,2.0,0.0,6.0
2026-02-05,daily,all subpops,Age 5,new_H,baseline,2.0,0.0,6.0
2026-02-06,daily,all subpops,Age 5,new_H,baseline,2.0,0.0,5.0
2026-02-07,daily,all subpops,Age 5,new_H,baseline,2.0,0.0,6.0
2026-02-08,daily,all subpops,Age 5,new_H,baseline,2.0,0.0,5.0
2026-02-09,daily,all subpops,Age 5,new_H,baseline,2.0,0.0,5.0
2026-02-10,daily,all subpops,Age 5,new_H,baseline,2.0,0.0,5.0
2026-02-11,daily,all subpops,Age 5,new_H,baseline,2.0,0.0,5.0
2026-02-12,daily,all subpops,Age 5,new_H,baseline,2.0,0.0,5.0
2026-02-13,daily,all subpops,Age 5,new_H,baseline,1.0,0.0,5.0
2026-02-14,daily,all subpops,Age 5,new_H,baseline,1.0,0.0,5.0
2026-02-15,daily,all subpops,Age 5,new_H,baseline,2.0,0.0,5.0
2026-02-16,daily,all subpops,Age 5,new_H,baseline,1.0,0.0,4.0
2026-02-17,daily,all subpops,Age 5,new_H,baseline,1.0,0.0,4.0
2026-02-18,daily,all subpops,Age 5,new_H,baseline,1.0,0.0,4.0
2026-02-19,daily,all subpops,Age 5,new_H,baseline,1.0,0.0,4.0
2026-02-20,daily,all subpops,Age 5,new_H,baseline,1.0,0.0,4.0
2026-02-21,daily,all subpops,Age 5,new_H,baseline,1.0,0.0,4.0
2026-02-22,daily,all subpops,Age 5,new_H,baseline,1.0,0.0,4.0
2026-02-23,daily,all subpops,Age 5,new_H,baseline,1.0,0.0,4.0
2026-02-24,daily,all subpops,Age 5,new_H,baseline,1.0,0.0,3.0
2026-02-25,daily,all subpops,Age 5,new_H,baseline,1.0,0.0,3.0
2026-02-26,daily,all subpops,Age 5,new_H,baseline,1.0,0.0,3.0
2026-02-27,daily,all subpops,Age 5,new_H,baseline,1.0,0.0,3.0
2026-02-28,daily,all subpops,Age 5,new_H,baseline,1.0,0.0,4.0
2026-03-01,daily,all subpops,Age 5,new_H,baseline,1.0,0.0,4.0
2026-03-02,daily,all subpops,Age 5,new_H,baseline,1.0,0.0,4.0
2026-03-03,daily,all subpops,Age 5,new_H,baseline,1.0,0.0,3.0
2026-03-04,daily,all subpops,Age 5,new_H,baseline,1.0,0.0,3.0
2026-03-05,daily,all subpops,Age 5,new_H,baseline,1.0,0.0,3.0
2026-03-06,daily,all subpops,Age 5,new_H,baseline,1.0,0.0,4.0
2026-03-07,daily,all subpops,Age 5,new_H,baseline,1.0,0.0,3.0
2026-03-08,daily,all subpops,Age 5,new_H,baseline,1.0,0.0,3.0
2026-03-09,daily,all subpops,Age 5,new_H,baseline,1.0,0.0,3.0
2026-03-10,daily,all subpops,Age 5,new_H,baseline,1.0,0.0,3.0
2026-03-11,daily,all subpops,Age 5,new_H,baseline,1.0,0.0,3.0
2026-03-12,daily,all subpops,Age 5,new_H,baseline,1.0,0.0,3.0
2026-03-13,daily,all subpops,Age 5,new_H,baseline,1.0,0.0,3.0
2026-03-14,daily,all subpops,Age 5,new_H,baseline,1.0,0.0,3.0
2026-03-15,daily,all subpops,Age 5,new_H,baseline,1.0,0.0,3.0
2026-03-16,daily,all subpops,Age 5,new_H,baseline,1.0,0.0,3.0
2026-03-17,daily,all subpops,Age 5,new_H,baseline,1.0,0.0,3.0
2026-03-18,daily,all subpops,Age 5,new_H,baseline,1.0,0.0,3.0
2026-03-19,daily,all subpops,Age 5,new_H,baseline,0.0,0.0,3.0
2026-03-20,daily,all subpops,Age 5,new_H,baseline,1.0,0.0,2.0
2026-03-21,daily,all subpops,Age 5,new_H,baseline,0.0,0.0,3.0
2026-03-22,daily,all subpops,Age 5,new_H,baseline,0.0,0.0,3.0
2026-03-23,daily,all subpops,Age 5,new_H,baseline,0.0,0.0,2.0
2026-03-24,daily,all subpops,Age 5,new_H,baseline,0.0,0.0,2.3500000000000227
2026-03-25,daily,all subpops,Age 5,new_H,baseline,0.0,0.0,3.0
2026-03-26,daily,all subpops,Age 5,new_H,baseline,0.0,0.0,3.0
2026-03-27,daily,all subpops,Age 5,new_H,baseline,0.0,0.0,2.0
2026-03-28,daily,all subpops,Age 5,new_H,baseline,0.0,0.0,2.0
2026-03-29,daily,all subpops,Age 5,new_H,baseline,0.0,0.0,2.0
2026-03-30,daily,all subpops,Age 5,new_H,baseline,0.0,0.0,2.0
2026-03-31,daily,all subpops,Age 5,new_H,baseline,0.0,0.0,2.0
2026-04-01,daily,all subpops,Age 5,new_H,baseline,0.0,0.0,2.0
2026-04-02,daily,all subpops,Age 5,new_H,baseline,0.0,0.0,2.0
2026-04-03,daily,all subpops,Age 5,new_H,baseline,0.0,0.0,3.0
2026-04-04,daily,all subpops,Age 5,new_H,baseline,0.0,0.0,2.0
2026-04-05,daily,all subpops,Age 5,new_H,baseline,0.0,0.0,2.3500000000000227
2026-04-06,daily,all subpops,Age 5,new_H,baseline,0.0,0.0,2.0
2026-04-07,daily,all subpops,Age 5,new_H,baseline,0.0,0.0,2.0
2026-04-08,daily,all subpops,Age 5,new_H,baseline,0.0,0.0,2.0
2026-04-09,daily,all subpops,Age 5,new_H,baseline,0.0,0.0,2.0
2026-04-10,daily,all subpops,Age 5,new_H,baseline,0.0,0.0,2.3500000000000227
2026-04-11,daily,all subpops,Age 5,new_H,baseline,0.0,0.0,2.0
2026-04-12,daily,all subpops,Age 5,new_H,baseline,0.0,0.0,2.0
2026-04-13,daily,all subpops,Age 5,new_H,baseline,0.0,0.0,2.0
2026-04-14,daily,all subpops,Age 5,new_H,baseline,0.0,0.0,2.3500000000000227
2026-04-15,daily,all subpops,Age 5,new_H,baseline,0.0,0.0,2.0
2026-04-16,daily,all subpops,Age 5,new_H,baseline,0.0,0.0,2.0
2026-04-17,daily,all subpops,Age 5,new_H,baseline,0.0,0.0,2.0
2026-04-18,daily,all subpops,Age 5,new_H,baseline,0.0,0.0,2.0
2026-04-19,daily,all subpops,Age 5,new_H,baseline,0.0,0.0,2.0
2026-04-20,daily,all subpops,Age 5,new_H,baseline,0.0,0.0,2.0
2026-04-21,daily,all subpops,Age 5,new_H,baseline,0.0,0.0,2.0
2026-04-22,daily,all subpops,Age 5,new_H,baseline,0.0,0.0,2.0
2026-04-23,daily,all subpops,Age 5,new_H,baseline,0.0,0.0,2.0
2026-04-24,daily,all subpops,Age 5,new_H,baseline,0.0,0.0,2.0
2026-04-25,daily,all subpops,Age 5,new_H,baseline,0.0,0.0,2.0
2026-04-26,daily,all subpops,Age 5,new_H,baseline,0.0,0.0,2.0
2026-04-27,daily,all subpops,Age 5,new_H,baseline,0.0,0.0,2.0
2026-04-28,daily,all subpops,Age 5,new_H,baseline,0.0,0.0,2.0
2026-04-29,daily,all subpops,Age 5,new_H,baseline,0.0,0.0,2.0
2026-04-30,daily,all subpops,Age 5,new_H,baseline,0.0,0.0,2.0
2026-05-01,daily,all subpops,Age 5,new_H,baseline,0.0,0.0,2.0
2026-05-02,daily,all subpops,Age 5,new_H,baseline,0.0,0.0,2.0
2026-05-03,daily,all subpops,Age 5,new_H,baseline,0.0,0.0,2.0
2026-05-04,daily,all subpops,Age 5,new_H,baseline,0.0,0.0,2.0
2026-05-05,daily,all subpops,Age 5,new_H,baseline,0.0,0.0,1.0
2026-05-06,daily,all subpops,Age 5,new_H,baseline,0.0,0.0,1.0
2026-05-07,daily,all subpops,Age 5,new_H,baseline,0.0,0.0,2.0
2026-05-08,daily,all subpops,Age 5,new_H,baseline,0.0,0.0,2.0
2025-09-01,cumulative,all subpops,Age 5,new_H,baseline,0.0,0.0,0.0
2025-09-02,cumulative,all subpops,Age 5,new_H,baseline,0.0,0.0,1.0
2025-09-03,cumulative,all subpops,Age 5,new_H,baseline,0.0,0.0,1.0
2025-09-04,cumulative,all subpops,Age 5,new_H,baseline,0.0,0.0,1.0
2025-09-05,cumulative,all subpops,Age 5,new_H,baseline,0.0,0.0,2.0
2025-09-06,cumulative,all subpops,Age 5,new_H,baseline,0.0,0.0,2.0
2025-09-07,cumulative,all subpops,Age 5,new_H,baseline,0.0,0.0,2.0
2025-09-08,cumulative,all subpops,Age 5,new_H,baseline,0.0,0.0,3.0
2025-09-09,cumulative,all subpops,Age 5,new_H,baseline,1.0,0.0,3.0
2025-09-10,cumulative,all subpops,Age 5,new_H,baseline,1.0,0.0,3.0
2025-09-11,cumulative,all subpops,Age 5,new_H,baseline,1.0,0.0,3.0
2025-09-12,cumulative,all subpops,Age 5,new_H,baseline,1.0,0.0,3.0
2025-09-13,cumulative,all subpops,Age 5,new_H,baseline,1.0,0.0,4.0
2025-09-14,cumulative,all subpops,Age 5,new_H,baseline,1.0,0.0,4.0
2025-09-15,cumulative,all subpops,Age 5,new_H,baseline,1.0,0.0,4.0
2025-09-16,cumulative,all subpops,Age 5,new_H,baseline,1.0,0.0,4.0
2025-09-17,cumulative,all subpops,Age 5,new_H,baseline,2.0,0.0,5.0
2025-09-18,cumulative,all subpops,Age 5,new_H,baseline,2.0,0.0,5.0
2025-09-19,cumulative,all subpops,Age 5,new_H,baseline,2.0,0.0,6.0
2025-09-20,cumulative,all subpops,Age 5,new_H,baseline,2.0,0.0,6.0
2025-09-21,cumulative,all subpops,Age 5,new_H,baseline,2.0,0.0,6.0
2025-09-22,cumulative,all subpops,Age 5,new_H,baseline,3.0,0.0,7.0
2025-09-23,cumulative,all subpops,Age 5,new_H,baseline,3.0,0.0,7.0
2025-09-24,cumulative,all subpops,Age 5,new_H,baseline,3.0,0.0,8.0
2025-09-25,cumulative,all subpops,Age 5,new_H,baseline,3.0,0.0,8.0
2025-09-26,cumulative,all subpops,Age 5,new_H,baseline,4.0,0.0,8.0
2025-09-27,cumulative,all subpops,Age 5,new_H,baseline,4.0,1.0,9.0
2025-09-28,cumulative,all subpops,Age 5,new_H,baseline,4.0,1.0,9.0
2025-09-29,cumulative,all subpops,Age 5,new_H,baseline,4.0,1.0,10.0
2025-09-30,cumulative,all subpops,Age 5,new_H,baseline,5.0,1.0,10.0
2025-10-01,cumulative,all subpops,Age 5,new_H,baseline,5.0,1.0,10.0
2025-10-02,cumulative,all subpops,Age 5,new_H,baseline,5.0,1.0,10.350000000000023
2025-10-03,cumulative,all subpops,Age 5,new_H,baseline,5.0,2.0,11.0
2025-10-04,cumulative,all subpops,Age 5,new_H,baseline,6.0,2.0,11.0
2025-10-05,cumulative,all subpops,Age 5,new_H,baseline,6.0,2.0,11.350000000000023
2025-10-06,cumulative,all subpops,Age 5,new_H,baseline,6.0,2.0,12.0
2025-10-07,cumulative,all subpops,Age 5,new_H,baseline,7.0,2.0,12.0
2025-10-08,cumulative,all subpops,Age 5,new_H,baseline,7.0,2.0,13.0
2025-10-09,cumulative,all subpops,Age 5,new_H,baseline,7.0,2.0,13.0
2025-10-10,cumulative,all subpops,Age 5,new_H,baseline,7.0,2.0,13.0
2025-10-11,cumulative,all subpops,Age 5,new_H,baseline,8.0,3.0,14.0
2025-10-12,cumulative,all subpops,Age 5,new_H,baseline,8.0,3.0,15.0
2025-10-13,cumulative,all subpops,Age 5,new_H,baseline,8.0,3.0,15.350000000000023
2025-10-14,cumulative,all subpops,Age 5,new_H,baseline,9.0,3.0,16.0
2025-10-15,cumulative,all subpops,Age 5,new_H,baseline,9.0,3.0,16.350000000000023
2025-10-16,cumulative,all subpops,Age 5,new_H,baseline,9.0,3.0,17.0
2025-10-17,cumulative,all subpops,Age 5,new_H,baseline,10.0,3.0,17.0
2025-10-18,cumulative,all subpops,Age 5,new_H,baseline,10.0,4.0,18.0
2025-10-19,cumulative,all subpops,Age 5,new_H,baseline,10.0,4.0,18.0
2025-10-20,cumulative,all subpops,Age 5,new_H,baseline,10.0,4.0,18.0
2025-10-21,cumulative,all subpops,Age 5,new_H,baseline,11.0,4.0,19.0
2025-10-22,cumulative,all subpops,Age 5,new_H,baseline,11.0,4.65,20.0
2025-10-23,cumulative,all subpops,Age 5,new_H,baseline,12.0,5.0,20.0
2025-10-24,cumulative,all subpops,Age 5,new_H,baseline,12.0,5.0,20.350000000000023
2025-10-25,cumulative,all subpops,Age 5,new_H,baseline,12.0,5.65,21.0
2025-10-26,cumulative,all subpops,Age 5,new_H,baseline,13.0,6.0,22.0
2025-10-27,cumulative,all subpops,Age 5,new_H,baseline,13.0,6.0,22.0
2025-10-28,cumulative,all subpops,Age 5,new_H,baseline,14.0,6.0,23.0
2025-10-29,cumulative,all subpops,Age 5,new_H,baseline,14.0,6.0,23.350000000000023
2025-10-30,cumulative,all subpops,Age 5,new_H,baseline,14.0,7.0,24.350000000000023
2025-10-31,cumulative,all subpops,Age 5,new_H,baseline,15.0,7.0,25.0
2025-11-01,cumulative,all subpops,Age 5,new_H,baseline,15.0,7.0,25.0
2025-11-02,cumulative,all subpops,Age 5,new_H,baseline,15.0,7.0,25.350000000000023
2025-11-03,cumulative,all subpops,Age 5,new_H,baseline,16.0,7.65,26.0
2025-11-04,cumulative,all subpops,Age 5,new_H,baseline,17.0,8.0,27.0
2025-11-05,cumulative,all subpops,Age 5,new_H,baseline,17.0,8.0,28.0
2025-11-06,cumulative,all subpops,Age 5,new_H,baseline,18.0,9.0,28.350000000000023
2025-11-07,cumulative,all subpops,Age 5,new_H,baseline,18.0,9.0,29.0
2025-11-08,cumulative,all subpops,Age 5,new_H,baseline,19.0,10.0,30.0
2025-11-09,cumulative,all subpops,Age 5,new_H,baseline,19.0,10.0,31.0
2025-11-10,cumulative,all subpops,Age 5,new_H,baseline,19.0,11.0,32.0
2025-11-11,cumulative,all subpops,Age 5,new_H,baseline,20.0,11.0,33.0
2025-11-12,cumulative,all subpops,Age 5,new_H,baseline,21.0,11.0,34.0
2025-11-13,cumulative,all subpops,Age 5,new_H,baseline,21.0,11.65,35.0
2025-11-14,cumulative,all subpops,Age 5,new_H,baseline,22.0,12.0,36.0
2025-11-15,cumulative,all subpops,Age 5,new_H,baseline,23.0,12.0,36.35000000000002
2025-11-16,cumulative,all subpops,Age 5,new_H,baseline,24.0,13.0,38.0
2025-11-17,cumulative,all subpops,Age 5,new_H,baseline,24.0,13.65,38.35000000000002
2025-11-18,cumulative,all subpops,Age 5,new_H,baseline,25.0,14.0,40.0
2025-11-19,cumulative,all subpops,Age 5,new_H,baseline,26.0,14.65,42.0
2025-11-20,cumulative,all subpops,Age 5,new_H,baseline,27.0,15.0,44.0
2025-11-21,cumulative,all subpops,Age 5,new_H,baseline,28.0,16.0,45.0
2025-11-22,cumulative,all subpops,Age 5,new_H,baseline,30.0,17.0,47.0
2025-11-23,cumulative,all subpops,Age 5,new_H,baseline,31.0,17.0,50.0
2025-11-24,cumulative,all subpops,Age 5,new_H,baseline,32.0,18.0,51.35000000000002
2025-11-25,cumulative,all subpops,Age 5,new_H,baseline,34.0,19.65,54.0
2025-11-26,cumulative,all subpops,Age 5,new_H,baseline,36.0,20.65,56.0
2025-11-27,cumulative,all subpops,Age 5,new_H,baseline,37.0,22.0,59.0
2025-11-28,cumulative,all subpops,Age 5,new_H,baseline,39.0,23.0,61.35000000000002
2025-11-29,cumulative,all subpops,Age 5,new_H,baseline,42.0,24.0,65.0
2025-11-30,cumulative,all subpops,Age 5,new_H,baseline,44.0,25.65,68.0
2025-12-01,cumulative,all subpops,Age 5,new_H,baseline,46.0,27.0,70.0
2025-12-02,cumulative,all subpops,Age 5,new_H,baseline,48.0,29.0,74.0
2025-12-03,cumulative,all subpops,Age 5,new_H,baseline,50.0,30.0,78.35000000000002
2025-12-04,cumulative,all subpops,Age 5,new_H,baseline,52.0,32.0,84.0
2025-12-05,cumulative,all subpops,Age 5,new_H,baseline,55.0,34.0,87.35000000000002
2025-12-06,cumulative,all subpops,Age 5,new_H,baseline,59.0,36.0,93.0
2025-12-07,cumulative,all subpops,Age 5,new_H,baseline,63.0,39.65,99.70000000000005
2025-12-08,cumulative,all subpops,Age 5,new_H,baseline,67.0,41.65,106.0
2025-12-09,cumulative,all subpops,Age 5,new_H,baseline,71.0,43.65,111.35000000000002
2025-12-10,cumulative,all subpops,Age 5,new_H,baseline,75.0,47.0,119.0
2025-12-11,cumulative,all subpops,Age 5,new_H,baseline,81.0,51.65,126.35000000000002
2025-12-12,cumulative,all subpops,Age 5,new_H,baseline,87.0,54.65,134.35000000000002
2025-12-13,cumulative,all subpops,Age 5,new_H,baseline,95.0,59.0,144.35000000000002
2025-12-14,cumulative,all subpops,Age 5,new_H,baseline,102.0,65.65,158.0
2025-12-15,cumulative,all subpops,Age 5,new_H,baseline,111.0,72.65,167.35000000000002
2025-12-16,cumulative,all subpops,Age 5,new_H,baseline,120.0,77.65,183.35000000000002
2025-12-17,cumulative,all subpops,Age 5,new_H,baseline,130.0,84.0,194.05000000000007
2025-12-18,cumulative,all subpops,Age 5,new_H,baseline,143.0,91.65,211.7500000000001
2025-12-19,cumulative,all subpops,Age 5,new_H,baseline,156.0,100.65,231.35000000000002
2025-12-20,cumulative,all subpops,Age 5,new_H,baseline,170.0,110.0,250.35000000000002
2025-12-21,cumulative,all subpops,Age 5,new_H,baseline,186.0,120.0,275.70000000000005
2025-12-22,cumulative,all subpops,Age 5,new_H,baseline,202.0,131.65,300.35
2025-12-23,cumulative,all subpops,Age 5,new_H,baseline,219.0,141.65,324.70000000000005
2025-12-24,cumulative,all subpops,Age 5,new_H,baseline,239.0,151.0,354.0
2025-12-25,cumulative,all subpops,Age 5,new_H,baseline,261.0,165.65,381.10000000000014
2025-12-26,cumulative,all subpops,Age 5,new_H,baseline,283.0,184.3,412.70000000000005
2025-12-27,cumulative,all subpops,Age 5,new_H,baseline,306.0,200.3,447.45000000000016
2025-12-28,cumulative,all subpops,Age 5,new_H,baseline,329.0,212.95,480.8000000000002
2025-12-29,cumulative,all subpops,Age 5,new_H,baseline,350.0,227.3,512.4500000000002
2025-12-30,cumulative,all subpops,Age 5,new_H,baseline,371.0,242.65,539.7
2025-12-31,cumulative,all subpops,Age 5,new_H,baseline,394.0,258.3,569.35
2026-01-01,cumulative,all subpops,Age 5,new_H,baseline,418.0,272.3,598.7500000000001
2026-01-02,cumulative,all subpops,Age 5,new_H,baseline,437.0,289.0,630.0
2026-01-03,cumulative,all subpops,Age 5,new_H,baseline,460.0,302.6,662.1000000000001
2026-01-04,cumulative,all subpops,Age 5,new_H,baseline,478.0,312.6,684.0
2026-01-05,cumulative,all subpops,Age 5,new_H,baseline,498.0,326.85,707.0
2026-01-06,cumulative,all subpops,Age 5,new_H,baseline,518.0,338.3,730.35
2026-01-07,cumulative,all subpops,Age 5,new_H,baseline,535.0,348.95,751.0
2026-01-08,cumulative,all subpops,Age 5,new_H,baseline,550.0,355.65,774.0
2026-01-09,cumulative,all subpops,Age 5,new_H,baseline,566.0,369.9,795.0
2026-01-10,cumulative,all subpops,Age 5,new_H,baseline,582.0,379.65,813.0
2026-01-11,cumulative,all subpops,Age 5,new_H,baseline,594.0,391.9,828.35
2026-01-12,cumulative,all subpops,Age 5,new_H,baseline,607.0,400.95,847.35
2026-01-13,cumulative,all subpops,Age 5,new_H,baseline,616.0,407.6,862.4000000000001
2026-01-14,cumulative,all subpops,Age 5,new_H,baseline,626.0,417.6,874.7500000000001
2026-01-15,cumulative,all subpops,Age 5,new_H,baseline,636.0,423.95,882.4000000000001
2026-01-16,cumulative,all subpops,Age 5,new_H,baseline,644.0,428.65,896.35
2026-01-17,cumulative,all subpops,Age 5,new_H,baseline,653.0,434.3,907.7
2026-01-18,cumulative,all subpops,Age 5,new_H,baseline,661.0,443.65,917.0
2026-01-19,cumulative,all subpops,Age 5,new_H,baseline,669.0,447.65,927.0
2026-01-20,cumulative,all subpops,Age 5,new_H,baseline,674.0,450.3,935.7
2026-01-21,cumulative,all subpops,Age 5,new_H,baseline,680.0,454.65,942.35
2026-01-22,cumulative,all subpops,Age 5,new_H,baseline,686.0,458.95,949.1500000000002
2026-01-23,cumulative,all subpops,Age 5,new_H,baseline,692.0,462.65,957.1000000000001
2026-01-24,cumulative,all subpops,Age 5,new_H,baseline,696.0,464.95,965.7500000000001
2026-01-25,cumulative,all subpops,Age 5,new_H,baseline,699.0,467.6,969.1000000000001
2026-01-26,cumulative,all subpops,Age 5,new_H,baseline,703.0,468.95,974.7500000000001
2026-01-27,cumulative,all subpops,Age 5,new_H,baseline,706.0,472.3,981.0500000000001
2026-01-28,cumulative,all subpops,Age 5,new_H,baseline,710.0,476.25,985.1000000000001
2026-01-29,cumulative,all subpops,Age 5,new_H,baseline,714.0,477.3,988.7
2026-01-30,cumulative,all subpops,Age 5,new_H,baseline,718.0,480.3,993.35
2026-01-31,cumulative,all subpops,Age 5,new_H,baseline,722.0,482.0,997.0500000000001
2026-02-01,cumulative,all subpops,Age 5,new_H,baseline,724.0,483.3,999.8000000000002
2026-02-02,cumulative,all subpops,Age 5,new_H,baseline,727.0,484.65,1002.8000000000002
2026-02-03,cumulative,all subpops,Age 5,new_H,baseline,728.0,488.3,1004.8000000000002
2026-02-04,cumulative,all subpops,Age 5,new_H,baseline,732.0,489.95,1006.4500000000002
2026-02-05,cumulative,all subpops,Age 5,new_H,baseline,734.0,491.0,1009.1000000000001
2026-02-06,cumulative,all subpops,Age 5,new_H,baseline,736.0,491.65,1012.4500000000002
2026-02-07,cumulative,all subpops,Age 5,new_H,baseline,737.0,493.95,1015.8000000000002
2026-02-08,cumulative,all subpops,Age 5,new_H,baseline,739.0,494.3,1019.4500000000002
2026-02-09,cumulative,all subpops,Age 5,new_H,baseline,742.0,495.0,1022.4500000000002
2026-02-10,cumulative,all subpops,Age 5,new_H,baseline,744.0,496.3,1026.15
2026-02-11,cumulative,all subpops,Age 5,new_H,baseline,746.0,497.65,1028.4500000000003
2026-02-12,cumulative,all subpops,Age 5,new_H,baseline,748.0,499.6,1029.8000000000002
2026-02-13,cumulative,all subpops,Age 5,new_H,baseline,750.0,501.25,1031.8000000000002
2026-02-14,cumulative,all subpops,Age 5,new_H,baseline,752.0,503.55,1032.8000000000002
2026-02-15,cumulative,all subpops,Age 5,new_H,baseline,755.0,506.9,1033.4500000000003
2026-02-16,cumulative,all subpops,Age 5,new_H,baseline,755.0,508.25,1035.4500000000003
2026-02-17,cumulative,all subpops,Age 5,new_H,baseline,758.0,509.25,1037.75
2026-02-18,cumulative,all subpops,Age 5,new_H,baseline,760.0,510.6,1039.75
2026-02-19,cumulative,all subpops,Age 5,new_H,baseline,761.0,510.6,1041.1000000000001
2026-02-20,cumulative,all subpops,Age 5,new_H,baseline,761.0,511.95,1042.4500000000003
2026-02-21,cumulative,all subpops,Age 5,new_H,baseline,762.0,513.3,1045.1000000000001
2026-02-22,cumulative,all subpops,Age 5,new_H,baseline,763.0,514.0,1046.8000000000002
2026-02-23,cumulative,all subpops,Age 5,new_H,baseline,764.0,514.65,1048.75
2026-02-24,cumulative,all subpops,Age 5,new_H,baseline,766.0,514.65,1048.75
2026-02-25,cumulative,all subpops,Age 5,new_H,baseline,766.0,516.65,1049.8000000000002
2026-02-26,cumulative,all subpops,Age 5,new_H,baseline,767.0,517.65,1052.4500000000003
2026-02-27,cumulative,all subpops,Age 5,new_H,baseline,768.0,518.0,1053.1000000000001
2026-02-28,cumulative,all subpops,Age 5,new_H,baseline,769.0,518.0,1053.75
2026-03-01,cumulative,all subpops,Age 5,new_H,baseline,770.0,520.0,1056.75
2026-03-02,cumulative,all subpops,Age 5,new_H,baseline,772.0,520.0,1058.1000000000001
2026-03-03,cumulative,all subpops,Age 5,new_H,baseline,772.0,520.0,1059.4
2026-03-04,cumulative,all subpops,Age 5,new_H,baseline,773.0,521.95,1060.4
2026-03-05,cumulative,all subpops,Age 5,new_H,baseline,776.0,521.95,1061.0500000000002
2026-03-06,cumulative,all subpops,Age 5,new_H,baseline,777.0,522.65,1061.0500000000002
2026-03-07,cumulative,all subpops,Age 5,new_H,baseline,777.0,523.65,1061.75
2026-03-08,cumulative,all subpops,Age 5,new_H,baseline,778.0,524.0,1062.1000000000001
2026-03-09,cumulative,all subpops,Age 5,new_H,baseline,778.0,525.65,1064.1000000000001
2026-03-10,cumulative,all subpops,Age 5,new_H,baseline,780.0,526.3,1064.75
2026-03-11,cumulative,all subpops,Age 5,new_H,baseline,781.0,527.0,1065.4500000000003
2026-03-12,cumulative,all subpops,Age 5,new_H,baseline,781.0,528.65,1066.8000000000002
2026-03-13,cumulative,all subpops,Age 5,new_H,baseline,782.0,528.65,1067.4500000000003
2026-03-14,cumulative,all subpops,Age 5,new_H,baseline,782.0,528.65,1068.1000000000001
2026-03-15,cumulative,all subpops,Age 5,new_H,baseline,783.0,528.65,1068.4500000000003
2026-03-16,cumulative,all subpops,Age 5,new_H,baseline,783.0,529.0,1069.8000000000002
2026-03-17,cumulative,all subpops,Age 5,new_H,baseline,784.0,530.0,1071.15
2026-03-18,cumulative,all subpops,Age 5,new_H,baseline,785.0,530.65,1071.8500000000004
2026-03-19,cumulative,all subpops,Age 5,new_H,baseline,785.0,531.65,1072.5000000000002
2026-03-20,cumulative,all subpops,Age 5,new_H,baseline,786.0,531.65,1072.5000000000002
2026-03-21,cumulative,all subpops,Age 5,new_H,baseline,787.0,531.65,1072.5000000000002
2026-03-22,cumulative,all subpops,Age 5,new_H,baseline,788.0,532.65,1073.15
2026-03-23,cumulative,all subpops,Age 5,new_H,baseline,788.0,533.65,1073.8500000000004
2026-03-24,cumulative,all subpops,Age 5,new_H,baseline,790.0,534.0,1074.8500000000004
2026-03-25,cumulative,all subpops,Age 5,new_H,baseline,791.0,535.95,1076.2000000000003
2026-03-26,cumulative,all subpops,Age 5,new_H,baseline,792.0,536.6,1076.5500000000002
2026-03-27,cumulative,all subpops,Age 5,new_H,baseline,792.0,537.25,1077.2000000000003
2026-03-28,cumulative,all subpops,Age 5,new_H,baseline,793.0,538.25,1077.2000000000003
2026-03-29,cumulative,all subpops,Age 5,new_H,baseline,794.0,539.6,1077.2000000000003
2026-03-30,cumulative,all subpops,Age 5,new_H,baseline,794.0,540.25,1078.5000000000002
2026-03-31,cumulative,all subpops,Age 5,new_H,baseline,794.0,540.6,1079.15
2026-04-01,cumulative,all subpops,Age 5,new_H,baseline,795.0,541.6,1080.15
2026-04-02,cumulative,all subpops,Age 5,new_H,baseline,796.0,541.6,1080.8000000000002
2026-04-03,cumulative,all subpops,Age 5,new_H,baseline,796.0,542.6,1080.8000000000002
2026-04-04,cumulative,all subpops,Age 5,new_H,baseline,797.0,543.9,1081.15
2026-04-05,cumulative,all subpops,Age 5,new_H,baseline,797.0,544.9,1082.15
2026-04-06,cumulative,all subpops,Age 5,new_H,baseline,798.0,545.6,1082.15
2026-04-07,cumulative,all subpops,Age 5,new_H,baseline,799.0,546.25,1082.8000000000002
2026-04-08,cumulative,all subpops,Age 5,new_H,baseline,799.0,546.9,1082.8000000000002
2026-04-09,cumulative,all subpops,Age 5,new_H,baseline,799.0,548.55,1083.4500000000003
2026-04-10,cumulative,all subpops,Age 5,new_H,baseline,799.0,548.55,1083.4500000000003
2026-04-11,cumulative,all subpops,Age 5,new_H,baseline,800.0,548.9,1084.4500000000003
2026-04-12,cumulative,all subpops,Age 5,new_H,baseline,801.0,549.25,1085.4500000000003
2026-04-13,cumulative,all subpops,Age 5,new_H,baseline,803.0,549.6,1086.4500000000003
2026-04-14,cumulative,all subpops,Age 5,new_H,baseline,804.0,550.25,1087.5000000000002
2026-04-15,cumulative,all subpops,Age 5,new_H,baseline,804.0,550.95,1087.5000000000002
2026-04-16,cumulative,all subpops,Age 5,new_H,baseline,805.0,552.3,1088.15
2026-04-17,cumulative,all subpops,Age 5,new_H,baseline,805.0,552.3,1088.15
2026-04-18,cumulative,all subpops,Age 5,new_H,baseline,806.0,552.65,1088.15
2026-04-19,cumulative,all subpops,Age 5,new_H,baseline,806.0,552.65,1088.15
2026-04-20,cumulative,all subpops,Age 5,new_H,baseline,806.0,552.65,1088.15
2026-04-21,cumulative,all subpops,Age 5,new_H,baseline,807.0,553.65,1088.8000000000002
2026-04-22,cumulative,all subpops,Age 5,new_H,baseline,808.0,553.65,1089.5000000000002
2026-04-23,cumulative,all subpops,Age 5,new_H,baseline,808.0,554.3,1089.8500000000004
2026-04-24,cumulative,all subpops,Age 5,new_H,baseline,808.0,554.3,1089.8500000000004
2026-04-25,cumulative,all subpops,Age 5,new_H,baseline,808.0,555.0,1091.5000000000002
2026-04-26,cumulative,all subpops,Age 5,new_H,baseline,808.0,555.65,1091.5000000000002
2026-04-27,cumulative,all subpops,Age 5,new_H,baseline,808.0,555.65,1091.5000000000002
2026-04-28,cumulative,all subpops,Age 5,new_H,baseline,809.0,555.65,1092.15
2026-04-29,cumulative,all subpops,Age 5,new_H,baseline,810.0,556.0,1092.8000000000002
2026-04-30,cumulative,all subpops,Age 5,new_H,baseline,810.0,556.65,1093.15
2026-05-01,cumulative,all subpops,Age 5,new_H,baseline,810.0,557.3,1093.15
2026-05-02,cumulative,all subpops,Age 5,new_H,baseline,810.0,557.65,1093.15
2026-05-03,cumulative,all subpops,Age 5,new_H,baseline,810.0,558.0,1093.15
2026-05-04,cumulative,all subpops,Age 5,new_H,baseline,810.0,558.0,1093.15
2026-05-05,cumulative,all subpops,Age 5,new_H,baseline,811.0,558.65,1093.15
2026-05-06,cumulative,all subpops,Age 5,new_H,baseline,812.0,559.0,1093.15
2026-05-07,cumulative,all subpops,Age 5,new_H,baseline,814.0,560.0,1093.15
2026-05-08,cumulative,all subpops,Age 5,new_H,baseline,814.0,560.0,1093.15
2025-09-01,daily,all subpops,Age 6,new_H,baseline,0.0,0.0,1.3500000000000227
2025-09-02,daily,all subpops,Age 6,new_H,baseline,0.0,0.0,2.0
2025-09-03,daily,all subpops,Age 6,new_H,baseline,1.0,0.0,3.0
2025-09-04,daily,all subpops,Age 6,new_H,baseline,1.0,0.0,3.0
2025-09-05,daily,all subpops,Age 6,new_H,baseline,1.0,0.0,3.0
2025-09-06,daily,all subpops,Age 6,new_H,baseline,1.0,0.0,3.0
2025-09-07,daily,all subpops,Age 6,new_H,baseline,1.0,0.0,3.0
2025-09-08,daily,all subpops,Age 6,new_H,baseline,1.0,0.0,2.0
2025-09-09,daily,all subpops,Age 6,new_H,baseline,0.0,0.0,3.0
2025-09-10,daily,all subpops,Age 6,new_H,baseline,0.0,0.0,3.0
2025-09-11,daily,all subpops,Age 6,new_H,baseline,1.0,0.0,3.0
2025-09-12,daily,all subpops,Age 6,new_H,baseline,0.0,0.0,3.0
2025-09-13,daily,all subpops,Age 6,new_H,baseline,1.0,0.0,3.0
2025-09-14,daily,all subpops,Age 6,new_H,baseline,1.0,0.0,3.0
2025-09-15,daily,all subpops,Age 6,new_H,baseline,1.0,0.0,3.0
2025-09-16,daily,all subpops,Age 6,new_H,baseline,1.0,0.0,3.0
2025-09-17,daily,all subpops,Age 6,new_H,baseline,1.0,0.0,3.0
2025-09-18,daily,all subpops,Age 6,new_H,baseline,1.0,0.0,3.0
2025-09-19,daily,all subpops,Age 6,new_H,baseline,1.0,0.0,3.3500000000000227
2025-09-20,daily,all subpops,Age 6,new_H,baseline,1.0,0.0,3.0
2025-09-21,daily,all subpops,Age 6,new_H,baseline,1.0,0.0,4.0
2025-09-22,daily,all subpops,Age 6,new_H,baseline,1.0,0.0,4.0
2025-09-23,daily,all subpops,Age 6,new_H,baseline,1.0,0.0,4.0
2025-09-24,daily,all subpops,Age 6,new_H,baseline,1.0,0.0,4.0
2025-09-25,daily,all subpops,Age 6,new_H,baseline,1.0,0.0,4.0
2025-09-26,daily,all subpops,Age 6,new_H,baseline,1.0,0.0,4.0
2025-09-27,daily,all subpops,Age 6,new_H,baseline,1.0,0.0,4.0
2025-09-28,daily,all subpops,Age 6,new_H,baseline,1.0,0.0,4.0
2025-09-29,daily,all subpops,Age 6,new_H,baseline,1.0,0.0,4.0
2025-09-30,daily,all subpops,Age 6,new_H,baseline,1.0,0.0,4.0
2025-10-01,daily,all subpops,Age 6,new_H,baseline,1.0,0.0,4.0
2025-10-02,daily,all subpops,Age 6,new_H,baseline,1.0,0.0,4.0
2025-10-03,daily,all subpops,Age 6,new_H,baseline,1.0,0.0,4.0
2025-10-04,daily,all subpops,Age 6,new_H,baseline,1.0,0.0,4.0
2025-10-05,daily,all subpops,Age 6,new_H,baseline,1.0,0.0,4.0
2025-10-06,daily,all subpops,Age 6,new_H,baseline,1.0,0.0,4.0
2025-10-07,daily,all subpops,Age 6,new_H,baseline,1.0,0.0,4.0
2025-10-08,daily,all subpops,Age 6,new_H,baseline,1.0,0.0,4.0
2025-10-09,daily,all subpops,Age 6,new_H,baseline,1.0,0.0,4.0
2025-10-10,daily,all subpops,Age 6,new_H,baseline,1.0,0.0,4.0
2025-10-11,daily,all subpops,Age 6,new_H,baseline,1.0,0.0,4.0
2025-10-12,daily,all subpops,Age 6,new_H,baseline,1.0,0.0,4.0
2025-10-13,daily,all subpops,Age 6,new_H,baseline,1.0,0.0,4.0
2025-10-14,daily,all subpops,Age 6,new_H,baseline,1.0,0.0,5.0
2025-10-15,daily,all subpops,Age 6,new_H,baseline,1.0,0.0,4.0
2025-10-16,daily,all subpops,Age 6,new_H,baseline,1.0,0.0,5.0
2025-10-17,daily,all subpops,Age 6,new_H,baseline,1.0,0.0,4.0
2025-10-18,daily,all subpops,Age 6,new_H,baseline,2.0,0.0,5.0
2025-10-19,daily,all subpops,Age 6,new_H,baseline,2.0,0.0,5.0
2025-10-20,daily,all subpops,Age 6,new_H,baseline,2.0,0.0,5.0
2025-10-21,daily,all subpops,Age 6,new_H,baseline,2.0,0.0,5.0
2025-10-22,daily,all subpops,Age 6,new_H,baseline,2.0,0.0,5.0
2025-10-23,daily,all subpops,Age 6,new_H,baseline,2.0,0.0,5.0
2025-10-24,daily,all subpops,Age 6,new_H,baseline,2.0,0.0,5.0
2025-10-25,daily,all subpops,Age 6,new_H,baseline,2.0,0.0,5.0
2025-10-26,daily,all subpops,Age 6,new_H,baseline,2.0,0.0,5.0
2025-10-27,daily,all subpops,Age 6,new_H,baseline,2.0,0.0,6.0
2025-10-28,daily,all subpops,Age 6,new_H,baseline,2.0,0.0,5.0
2025-10-29,daily,all subpops,Age 6,new_H,baseline,2.0,0.0,6.0
2025-10-30,daily,all subpops,Age 6,new_H,baseline,2.0,0.0,5.0
2025-10-31,daily,all subpops,Age 6,new_H,baseline,2.0,0.0,5.350000000000023
2025-11-01,daily,all subpops,Age 6,new_H,baseline,2.0,0.0,6.0
2025-11-02,daily,all subpops,Age 6,new_H,baseline,2.0,0.0,6.0
2025-11-03,daily,all subpops,Age 6,new_H,baseline,2.0,0.0,6.0
2025-11-04,daily,all subpops,Age 6,new_H,baseline,2.0,0.0,6.0
2025-11-05,daily,all subpops,Age 6,new_H,baseline,2.0,0.0,6.0
2025-11-06,daily,all subpops,Age 6,new_H,baseline,2.0,0.0,6.0
2025-11-07,daily,all subpops,Age 6,new_H,baseline,2.0,0.0,6.0
2025-11-08,daily,all subpops,Age 6,new_H,baseline,3.0,0.0,7.0
2025-11-09,daily,all subpops,Age 6,new_H,baseline,3.0,0.0,7.0
2025-11-10,daily,all subpops,Age 6,new_H,baseline,3.0,0.0,7.0
2025-11-11,daily,all subpops,Age 6,new_H,baseline,3.0,0.0,7.0
2025-11-12,daily,all subpops,Age 6,new_H,baseline,3.0,0.0,7.0
2025-11-13,daily,all subpops,Age 6,new_H,baseline,3.0,0.0,7.0
2025-11-14,daily,all subpops,Age 6,new_H,baseline,3.0,0.0,8.0
2025-11-15,daily,all subpops,Age 6,new_H,baseline,3.0,0.0,8.0
2025-11-16,daily,all subpops,Age 6,new_H,baseline,4.0,0.6500000000000004,9.0
2025-11-17,daily,all subpops,Age 6,new_H,baseline,4.0,1.0,9.0
2025-11-18,daily,all subpops,Age 6,new_H,baseline,4.0,1.0,9.0
2025-11-19,daily,all subpops,Age 6,new_H,baseline,4.0,1.0,10.0
2025-11-20,daily,all subpops,Age 6,new_H,baseline,5.0,1.0,11.0
2025-11-21,daily,all subpops,Age 6,new_H,baseline,5.0,1.0,11.0
2025-11-22,daily,all subpops,Age 6,new_H,baseline,6.0,2.0,12.0
2025-11-23,daily,all subpops,Age 6,new_H,baseline,6.0,2.0,14.0
2025-11-24,daily,all subpops,Age 6,new_H,baseline,7.0,2.0,14.0
2025-11-25,daily,all subpops,Age 6,new_H,baseline,7.0,2.0,15.0
2025-11-26,daily,all subpops,Age 6,new_H,baseline,8.0,2.0,16.0
2025-11-27,daily,all subpops,Age 6,new_H,baseline,9.0,2.6500000000000004,16.0
2025-11-28,daily,all subpops,Age 6,new_H,baseline,9.0,3.6500000000000004,18.0
2025-11-29,daily,all subpops,Age 6,new_H,baseline,10.0,3.0,19.0
2025-11-30,daily,all subpops,Age 6,new_H,baseline,11.0,4.0,19.0
2025-12-01,daily,all subpops,Age 6,new_H,baseline,11.0,4.0,21.0
2025-12-02,daily,all subpops,Age 6,new_H,baseline,12.0,5.0,21.0
2025-12-03,daily,all subpops,Age 6,new_H,baseline,13.0,5.0,22.0
2025-12-04,daily,all subpops,Age 6,new_H,baseline,14.0,5.0,25.0
2025-12-05,daily,all subpops,Age 6,new_H,baseline,15.0,7.0,27.0
2025-12-06,daily,all subpops,Age 6,new_H,baseline,17.0,7.65,29.0
2025-12-07,daily,all subpops,Age 6,new_H,baseline,18.0,9.0,31.350000000000023
2025-12-08,daily,all subpops,Age 6,new_H,baseline,20.0,10.0,34.35000000000002
2025-12-09,daily,all subpops,Age 6,new_H,baseline,22.0,10.65,36.35000000000002
2025-12-10,daily,all subpops,Age 6,new_H,baseline,24.0,12.0,41.0
2025-12-11,daily,all subpops,Age 6,new_H,baseline,27.0,13.65,44.0
2025-12-12,daily,all subpops,Age 6,new_H,baseline,30.0,16.0,48.0
2025-12-13,daily,all subpops,Age 6,new_H,baseline,34.0,19.0,54.0
2025-12-14,daily,all subpops,Age 6,new_H,baseline,37.0,21.0,61.35000000000002
2025-12-15,daily,all subpops,Age 6,new_H,baseline,40.0,22.0,65.35000000000002
2025-12-16,daily,all subpops,Age 6,new_H,baseline,45.0,24.0,70.0
2025-12-17,daily,all subpops,Age 6,new_H,baseline,51.0,28.0,78.35000000000002
2025-12-18,daily,all subpops,Age 6,new_H,baseline,57.0,33.0,87.0
2025-12-19,daily,all subpops,Age 6,new_H,baseline,63.0,35.3,98.0
2025-12-20,daily,all subpops,Age 6,new_H,baseline,70.0,41.65,106.0
2025-12-21,daily,all subpops,Age 6,new_H,baseline,76.0,44.65,111.35000000000002
2025-12-22,daily,all subpops,Age 6,new_H,baseline,82.0,49.0,126.0
2025-12-23,daily,all subpops,Age 6,new_H,baseline,91.0,55.65,137.35000000000002
2025-12-24,daily,all subpops,Age 6,new_H,baseline,99.0,58.65,148.0
2025-12-25,daily,all subpops,Age 6,new_H,baseline,107.0,64.65,159.0
2025-12-26,daily,all subpops,Age 6,new_H,baseline,110.0,70.65,163.0
2025-12-27,daily,all subpops,Age 6,new_H,baseline,115.0,70.65,174.35000000000002
2025-12-28,daily,all subpops,Age 6,new_H,baseline,119.0,73.0,174.35000000000002
2025-12-29,daily,all subpops,Age 6,new_H,baseline,121.0,73.0,176.35000000000002
2025-12-30,daily,all subpops,Age 6,new_H,baseline,119.0,74.0,173.35000000000002
2025-12-31,daily,all subpops,Age 6,new_H,baseline,119.0,74.65,168.70000000000005
2026-01-01,daily,all subpops,Age 6,new_H,baseline,117.0,73.0,168.0
2026-01-02,daily,all subpops,Age 6,new_H,baseline,113.0,69.0,167.35000000000002
2026-01-03,daily,all subpops,Age 6,new_H,baseline,112.0,66.65,160.0
2026-01-04,daily,all subpops,Age 6,new_H,baseline,107.0,64.3,150.70000000000005
2026-01-05,daily,all subpops,Age 6,new_H,baseline,100.0,61.0,141.70000000000005
2026-01-06,daily,all subpops,Age 6,new_H,baseline,96.0,60.0,136.35000000000002
2026-01-07,daily,all subpops,Age 6,new_H,baseline,89.0,55.65,126.0
2026-01-08,daily,all subpops,Age 6,new_H,baseline,83.0,54.0,120.0
2026-01-09,daily,all subpops,Age 6,new_H,baseline,78.0,50.65,109.0
2026-01-10,daily,all subpops,Age 6,new_H,baseline,73.0,46.65,105.0
2026-01-11,daily,all subpops,Age 6,new_H,baseline,69.0,44.0,98.0
2026-01-12,daily,all subpops,Age 6,new_H,baseline,63.0,38.65,92.0
2026-01-13,daily,all subpops,Age 6,new_H,baseline,58.0,36.65,84.0
2026-01-14,daily,all subpops,Age 6,new_H,baseline,52.0,31.0,78.35000000000002
2026-01-15,daily,all subpops,Age 6,new_H,baseline,48.0,28.0,72.35000000000002
2026-01-16,daily,all subpops,Age 6,new_H,baseline,46.0,26.0,67.35000000000002
2026-01-17,daily,all subpops,Age 6,new_H,baseline,42.0,25.0,62.35000000000002
2026-01-18,daily,all subpops,Age 6,new_H,baseline,39.0,22.65,57.35000000000002
2026-01-19,daily,all subpops,Age 6,new_H,baseline,35.0,19.0,52.0
2026-01-20,daily,all subpops,Age 6,new_H,baseline,32.0,18.0,47.0
2026-01-21,daily,all subpops,Age 6,new_H,baseline,29.0,18.0,44.35000000000002
2026-01-22,daily,all subpops,Age 6,new_H,baseline,27.0,15.0,41.0
2026-01-23,daily,all subpops,Age 6,new_H,baseline,25.0,13.0,37.0
2026-01-24,daily,all subpops,Age 6,new_H,baseline,23.0,12.0,35.0
2026-01-25,daily,all subpops,Age 6,new_H,baseline,21.0,11.0,33.0
2026-01-26,daily,all subpops,Age 6,new_H,baseline,19.0,10.0,30.0
2026-01-27,daily,all subpops,Age 6,new_H,baseline,18.0,9.0,29.0
2026-01-28,daily,all subpops,Age 6,new_H,baseline,17.0,8.0,27.350000000000023
2026-01-29,daily,all subpops,Age 6,new_H,baseline,16.0,8.0,25.350000000000023
2026-01-30,daily,all subpops,Age 6,new_H,baseline,15.0,7.0,25.0
2026-01-31,daily,all subpops,Age 6,new_H,baseline,14.0,7.0,23.0
2026-02-01,daily,all subpops,Age 6,new_H,baseline,14.0,7.0,22.0
2026-02-02,daily,all subpops,Age 6,new_H,baseline,13.0,6.0,20.0
2026-02-03,daily,all subpops,Age 6,new_H,baseline,12.0,6.0,20.0
2026-02-04,daily,all subpops,Age 6,new_H,baseline,12.0,5.0,19.0
2026-02-05,daily,all subpops,Age 6,new_H,baseline,11.0,5.0,18.0
2026-02-06,daily,all subpops,Age 6,new_H,baseline,11.0,4.0,18.0
2026-02-07,daily,all subpops,Age 6,new_H,baseline,10.0,4.65,18.0
2026-02-08,daily,all subpops,Age 6,new_H,baseline,10.0,4.0,17.0
2026-02-09,daily,all subpops,Age 6,new_H,baseline,9.0,4.0,17.0
2026-02-10,daily,all subpops,Age 6,new_H,baseline,9.0,3.6500000000000004,17.0
2026-02-11,daily,all subpops,Age 6,new_H,baseline,9.0,3.0,15.0
2026-02-12,daily,all subpops,Age 6,new_H,baseline,8.0,3.0,15.0
2026-02-13,daily,all subpops,Age 6,new_H,baseline,8.0,3.0,15.0
2026-02-14,daily,all subpops,Age 6,new_H,baseline,8.0,3.0,15.0
2026-02-15,daily,all subpops,Age 6,new_H,baseline,8.0,3.0,14.0
2026-02-16,daily,all subpops,Age 6,new_H,baseline,8.0,3.0,14.0
2026-02-17,daily,all subpops,Age 6,new_H,baseline,7.0,2.6500000000000004,14.0
2026-02-18,daily,all subpops,Age 6,new_H,baseline,7.0,2.0,13.0
2026-02-19,daily,all subpops,Age 6,new_H,baseline,7.0,2.0,13.0
2026-02-20,daily,all subpops,Age 6,new_H,baseline,7.0,2.0,12.0
2026-02-21,daily,all subpops,Age 6,new_H,baseline,7.0,2.0,12.0
2026-02-22,daily,all subpops,Age 6,new_H,baseline,6.0,2.0,11.0
2026-02-23,daily,all subpops,Age 6,new_H,baseline,6.0,1.0,11.0
2026-02-24,daily,all subpops,Age 6,new_H,baseline,6.0,2.0,10.0
2026-02-25,daily,all subpops,Age 6,new_H,baseline,6.0,2.0,11.0
2026-02-26,daily,all subpops,Age 6,new_H,baseline,5.0,1.0,10.350000000000023
2026-02-27,daily,all subpops,Age 6,new_H,baseline,5.0,1.0,11.0
2026-02-28,daily,all subpops,Age 6,new_H,baseline,5.0,1.0,11.0
2026-03-01,daily,all subpops,Age 6,new_H,baseline,5.0,1.0,10.0
2026-03-02,daily,all subpops,Age 6,new_H,baseline,5.0,1.0,10.0
2026-03-03,daily,all subpops,Age 6,new_H,baseline,5.0,1.0,11.0
2026-03-04,daily,all subpops,Age 6,new_H,baseline,5.0,2.0,10.0
2026-03-05,daily,all subpops,Age 6,new_H,baseline,5.0,1.0,10.0
2026-03-06,daily,all subpops,Age 6,new_H,baseline,5.0,1.0,10.0
2026-03-07,daily,all subpops,Age 6,new_H,baseline,5.0,1.0,9.0
2026-03-08,daily,all subpops,Age 6,new_H,baseline,5.0,1.0,10.0
2026-03-09,daily,all subpops,Age 6,new_H,baseline,5.0,1.0,10.0
2026-03-10,daily,all subpops,Age 6,new_H,baseline,5.0,1.0,9.0
2026-03-11,daily,all subpops,Age 6,new_H,baseline,4.0,1.0,9.0
2026-03-12,daily,all subpops,Age 6,new_H,baseline,4.0,1.0,9.0
2026-03-13,daily,all subpops,Age 6,new_H,baseline,4.0,1.0,9.0
2026-03-14,daily,all subpops,Age 6,new_H,baseline,4.0,1.0,9.0
2026-03-15,daily,all subpops,Age 6,new_H,baseline,4.0,1.0,8.0
2026-03-16,daily,all subpops,Age 6,new_H,baseline,4.0,1.0,8.0
2026-03-17,daily,all subpops,Age 6,new_H,baseline,4.0,0.0,8.0
2026-03-18,daily,all subpops,Age 6,new_H,baseline,3.0,0.6500000000000004,8.0
2026-03-19,daily,all subpops,Age 6,new_H,baseline,3.0,1.0,8.0
2026-03-20,daily,all subpops,Age 6,new_H,baseline,3.0,0.0,8.0
2026-03-21,daily,all subpops,Age 6,new_H,baseline,3.0,0.0,7.0
2026-03-22,daily,all subpops,Age 6,new_H,baseline,3.0,0.0,7.0
2026-03-23,daily,all subpops,Age 6,new_H,baseline,3.0,0.0,7.0
2026-03-24,daily,all subpops,Age 6,new_H,baseline,3.0,0.0,7.0
2026-03-25,daily,all subpops,Age 6,new_H,baseline,3.0,0.0,7.0
2026-03-26,daily,all subpops,Age 6,new_H,baseline,3.0,0.0,7.0
2026-03-27,daily,all subpops,Age 6,new_H,baseline,3.0,0.0,7.0
2026-03-28,daily,all subpops,Age 6,new_H,baseline,3.0,0.0,7.0
2026-03-29,daily,all subpops,Age 6,new_H,baseline,3.0,0.0,7.0
2026-03-30,daily,all subpops,Age 6,new_H,baseline,3.0,0.0,7.0
2026-03-31,daily,all subpops,Age 6,new_H,baseline,3.0,0.0,7.0
2026-04-01,daily,all subpops,Age 6,new_H,baseline,3.0,0.0,7.0
2026-04-02,daily,all subpops,Age 6,new_H,baseline,3.0,0.0,7.0
2026-04-03,daily,all subpops,Age 6,new_H,baseline,3.0,0.0,7.0
2026-04-04,daily,all subpops,Age 6,new_H,baseline,3.0,0.0,7.0
2026-04-05,daily,all subpops,Age 6,new_H,baseline,3.0,0.0,7.0
2026-04-06,daily,all subpops,Age 6,new_H,baseline,3.0,0.0,6.0
2026-04-07,daily,all subpops,Age 6,new_H,baseline,3.0,0.0,7.0
2026-04-08,daily,all subpops,Age 6,new_H,baseline,2.0,0.0,7.0
2026-04-09,daily,all subpops,Age 6,new_H,baseline,3.0,0.0,7.0
2026-04-10,daily,all subpops,Age 6,new_H,baseline,3.0,0.0,7.0
2026-04-11,daily,all subpops,Age 6,new_H,baseline,3.0,0.0,7.0
2026-04-12,daily,all subpops,Age 6,new_H,baseline,3.0,0.0,6.0
2026-04-13,daily,all subpops,Age 6,new_H,baseline,3.0,0.0,7.0
2026-04-14,daily,all subpops,Age 6,new_H,baseline,3.0,0.0,7.0
2026-04-15,daily,all subpops,Age 6,new_H,baseline,3.0,0.0,7.0
2026-04-16,daily,all subpops,Age 6,new_H,baseline,2.0,0.0,6.0
2026-04-17,daily,all subpops,Age 6,new_H,baseline,2.0,0.0,6.0
2026-04-18,daily,all subpops,Age 6,new_H,baseline,2.0,0.0,6.0
2026-04-19,daily,all subpops,Age 6,new_H,baseline,2.0,0.0,6.0
2026-04-20,daily,all subpops,Age 6,new_H,baseline,2.0,0.0,5.0
2026-04-21,daily,all subpops,Age 6,new_H,baseline,2.0,0.0,5.0
2026-04-22,daily,all subpops,Age 6,new_H,baseline,2.0,0.0,6.0
2026-04-23,daily,all subpops,Age 6,new_H,baseline,2.0,0.0,5.0
2026-04-24,daily,all subpops,Age 6,new_H,baseline,2.0,0.0,5.0
2026-04-25,daily,all subpops,Age 6,new_H,baseline,2.0,0.0,5.0
2026-04-26,daily,all subpops,Age 6,new_H,baseline,2.0,0.0,5.0
2026-04-27,daily,all subpops,Age 6,new_H,baseline,2.0,0.0,5.0
2026-04-28,daily,all subpops,Age 6,new_H,baseline,2.0,0.0,5.0
2026-04-29,daily,all subpops,Age 6,new_H,baseline,1.0,0.0,5.0
2026-04-30,daily,all subpops,Age 6,new_H,baseline,1.0,0.0,5.0
2026-05-01,daily,all subpops,Age 6,new_H,baseline,1.0,0.0,4.0
2026-05-02,daily,all subpops,Age 6,new_H,baseline,1.0,0.0,4.0
2026-05-03,daily,all subpops,Age 6,new_H,baseline,1.0,0.0,4.0
2026-05-04,daily,all subpops,Age 6,new_H,baseline,1.0,0.0,4.0
2026-05-05,daily,all subpops,Age 6,new_H,baseline,1.0,0.0,4.0
2026-05-06,daily,all subpops,Age 6,new_H,baseline,1.0,0.0,4.0
2026-05-07,daily,all subpops,Age 6,new_H,baseline,1.0,0.0,4.0
2026-05-08,daily,all subpops,Age 6,new_H,baseline,1.0,0.0,3.0
2025-09-01,cumulative,all subpops,Age 6,new_H,baseline,0.0,0.0,1.3500000000000227
2025-09-02,cumulative,all subpops,Age 6,new_H,baseline,1.0,0.0,3.0
2025-09-03,cumulative,all subpops,Age 6,new_H,baseline,2.0,0.0,4.0
2025-09-04,cumulative,all subpops,Age 6,new_H,baseline,2.0,0.0,5.0
2025-09-05,cumulative,all subpops,Age 6,new_H,baseline,3.0,0.0,7.0
2025-09-06,cumulative,all subpops,Age 6,new_H,baseline,4.0,1.0,8.0
2025-09-07,cumulative,all subpops,Age 6,new_H,baseline,4.0,1.0,9.0
2025-09-08,cumulative,all subpops,Age 6,new_H,baseline,5.0,2.0,10.0
2025-09-09,cumulative,all subpops,Age 6,new_H,baseline,6.0,2.0,11.0
2025-09-10,cumulative,all subpops,Age 6,new_H,baseline,6.0,2.0,12.0
2025-09-11,cumulative,all subpops,Age 6,new_H,baseline,7.0,3.0,13.0
2025-09-12,cumulative,all subpops,Age 6,new_H,baseline,8.0,3.0,14.0
2025-09-13,cumulative,all subpops,Age 6,new_H,baseline,9.0,4.0,15.0
2025-09-14,cumulative,all subpops,Age 6,new_H,baseline,9.0,4.65,16.0
2025-09-15,cumulative,all subpops,Age 6,new_H,baseline,10.0,5.0,17.0
2025-09-16,cumulative,all subpops,Age 6,new_H,baseline,11.0,6.0,18.0
2025-09-17,cumulative,all subpops,Age 6,new_H,baseline,12.0,6.0,19.0
2025-09-18,cumulative,all subpops,Age 6,new_H,baseline,13.0,7.0,20.0
2025-09-19,cumulative,all subpops,Age 6,new_H,baseline,14.0,7.0,21.350000000000023
2025-09-20,cumulative,all subpops,Age 6,new_H,baseline,15.0,8.0,22.0
2025-09-21,cumulative,all subpops,Age 6,new_H,baseline,16.0,9.0,24.0
2025-09-22,cumulative,all subpops,Age 6,new_H,baseline,17.0,9.65,26.0
2025-09-23,cumulative,all subpops,Age 6,new_H,baseline,18.0,10.0,27.350000000000023
2025-09-24,cumulative,all subpops,Age 6,new_H,baseline,20.0,11.0,29.0
2025-09-25,cumulative,all subpops,Age 6,new_H,baseline,21.0,12.0,31.0
2025-09-26,cumulative,all subpops,Age 6,new_H,baseline,22.0,13.0,33.0
2025-09-27,cumulative,all subpops,Age 6,new_H,baseline,23.0,14.65,34.0
2025-09-28,cumulative,all subpops,Age 6,new_H,baseline,25.0,15.0,36.0
2025-09-29,cumulative,all subpops,Age 6,new_H,baseline,26.0,16.0,38.0
2025-09-30,cumulative,all subpops,Age 6,new_H,baseline,27.0,17.0,39.0
2025-10-01,cumulative,all subpops,Age 6,new_H,baseline,28.0,18.0,41.0
2025-10-02,cumulative,all subpops,Age 6,new_H,baseline,30.0,19.0,42.0
2025-10-03,cumulative,all subpops,Age 6,new_H,baseline,31.0,20.0,44.0
2025-10-04,cumulative,all subpops,Age 6,new_H,baseline,32.0,20.0,46.0
2025-10-05,cumulative,all subpops,Age 6,new_H,baseline,34.0,21.0,48.0
2025-10-06,cumulative,all subpops,Age 6,new_H,baseline,35.0,21.0,50.35000000000002
2025-10-07,cumulative,all subpops,Age 6,new_H,baseline,36.0,23.65,52.35000000000002
2025-10-08,cumulative,all subpops,Age 6,new_H,baseline,38.0,25.0,54.0
2025-10-09,cumulative,all subpops,Age 6,new_H,baseline,39.0,25.65,55.35000000000002
2025-10-10,cumulative,all subpops,Age 6,new_H,baseline,41.0,26.0,57.35000000000002
2025-10-11,cumulative,all subpops,Age 6,new_H,baseline,42.0,27.65,60.0
2025-10-12,cumulative,all subpops,Age 6,new_H,baseline,44.0,29.0,62.0
2025-10-13,cumulative,all subpops,Age 6,new_H,baseline,45.0,30.0,65.0
2025-10-14,cumulative,all subpops,Age 6,new_H,baseline,47.0,31.65,67.35000000000002
2025-10-15,cumulative,all subpops,Age 6,new_H,baseline,49.0,32.0,69.0
2025-10-16,cumulative,all subpops,Age 6,new_H,baseline,51.0,33.0,71.35000000000002
2025-10-17,cumulative,all subpops,Age 6,new_H,baseline,52.0,34.0,73.0
2025-10-18,cumulative,all subpops,Age 6,new_H,baseline,54.0,36.0,75.0
2025-10-19,cumulative,all subpops,Age 6,new_H,baseline,55.0,37.0,78.35000000000002
2025-10-20,cumulative,all subpops,Age 6,new_H,baseline,57.0,39.0,81.0
2025-10-21,cumulative,all subpops,Age 6,new_H,baseline,59.0,40.0,85.0
2025-10-22,cumulative,all subpops,Age 6,new_H,baseline,61.0,41.0,86.35000000000002
2025-10-23,cumulative,all subpops,Age 6,new_H,baseline,62.0,42.0,88.70000000000005
2025-10-24,cumulative,all subpops,Age 6,new_H,baseline,64.0,43.0,92.0
2025-10-25,cumulative,all subpops,Age 6,new_H,baseline,66.0,45.65,94.0
2025-10-26,cumulative,all subpops,Age 6,new_H,baseline,68.0,47.0,96.35000000000002
2025-10-27,cumulative,all subpops,Age 6,new_H,baseline,70.0,48.0,99.0
2025-10-28,cumulative,all subpops,Age 6,new_H,baseline,72.0,49.65,100.35000000000002
2025-10-29,cumulative,all subpops,Age 6,new_H,baseline,74.0,51.0,104.35000000000002
2025-10-30,cumulative,all subpops,Age 6,new_H,baseline,76.0,52.0,107.0
2025-10-31,cumulative,all subpops,Age 6,new_H,baseline,79.0,53.0,110.35000000000002
2025-11-01,cumulative,all subpops,Age 6,new_H,baseline,80.0,56.0,113.40000000000009
2025-11-02,cumulative,all subpops,Age 6,new_H,baseline,83.0,57.65,118.35000000000002
2025-11-03,cumulative,all subpops,Age 6,new_H,baseline,85.0,58.65,122.0
2025-11-04,cumulative,all subpops,Age 6,new_H,baseline,87.0,60.0,125.0
2025-11-05,cumulative,all subpops,Age 6,new_H,baseline,89.0,62.0,128.35000000000002
2025-11-06,cumulative,all subpops,Age 6,new_H,baseline,92.0,63.65,131.35000000000002
2025-11-07,cumulative,all subpops,Age 6,new_H,baseline,94.0,65.0,134.35000000000002
2025-11-08,cumulative,all subpops,Age 6,new_H,baseline,97.0,67.3,139.35000000000002
2025-11-09,cumulative,all subpops,Age 6,new_H,baseline,100.0,69.3,143.35000000000002
2025-11-10,cumulative,all subpops,Age 6,new_H,baseline,103.0,70.65,147.0
2025-11-11,cumulative,all subpops,Age 6,new_H,baseline,106.0,72.65,152.0
2025-11-12,cumulative,all subpops,Age 6,new_H,baseline,108.0,73.65,156.35000000000002
2025-11-13,cumulative,all subpops,Age 6,new_H,baseline,112.0,76.65,159.0
2025-11-14,cumulative,all subpops,Age 6,new_H,baseline,115.0,79.0,164.35000000000002
2025-11-15,cumulative,all subpops,Age 6,new_H,baseline,119.0,82.0,171.0
2025-11-16,cumulative,all subpops,Age 6,new_H,baseline,123.0,83.65,174.35000000000002
2025-11-17,cumulative,all subpops,Age 6,new_H,baseline,126.0,87.3,179.0
2025-11-18,cumulative,all subpops,Age 6,new_H,baseline,131.0,89.65,184.0
2025-11-19,cumulative,all subpops,Age 6,new_H,baseline,136.0,93.95,190.35000000000002
2025-11-20,cumulative,all subpops,Age 6,new_H,baseline,141.0,96.65,198.0
2025-11-21,cumulative,all subpops,Age 6,new_H,baseline,147.0,100.3,206.0
2025-11-22,cumulative,all subpops,Age 6,new_H,baseline,153.0,103.65,215.0
2025-11-23,cumulative,all subpops,Age 6,new_H,baseline,159.0,108.0,223.35000000000002
2025-11-24,cumulative,all subpops,Age 6,new_H,baseline,165.0,113.65,234.35000000000002
2025-11-25,cumulative,all subpops,Age 6,new_H,baseline,174.0,118.65,243.35000000000002
2025-11-26,cumulative,all subpops,Age 6,new_H,baseline,181.0,124.65,254.70000000000005
2025-11-27,cumulative,all subpops,Age 6,new_H,baseline,189.0,130.0,267.35
2025-11-28,cumulative,all subpops,Age 6,new_H,baseline,197.0,136.3,280.35
2025-11-29,cumulative,all subpops,Age 6,new_H,baseline,208.0,141.95,299.05000000000007
2025-11-30,cumulative,all subpops,Age 6,new_H,baseline,219.0,150.3,315.70000000000005
2025-12-01,cumulative,all subpops,Age 6,new_H,baseline,230.0,155.3,334.35
2025-12-02,cumulative,all subpops,Age 6,new_H,baseline,242.0,161.95,353.35
2025-12-03,cumulative,all subpops,Age 6,new_H,baseline,255.0,169.65,372.35
2025-12-04,cumulative,all subpops,Age 6,new_H,baseline,269.0,177.3,387.7500000000001
2025-12-05,cumulative,all subpops,Age 6,new_H,baseline,284.0,187.0,408.05000000000007
2025-12-06,cumulative,all subpops,Age 6,new_H,baseline,301.0,200.3,432.05000000000007
2025-12-07,cumulative,all subpops,Age 6,new_H,baseline,320.0,210.25,461.35
2025-12-08,cumulative,all subpops,Age 6,new_H,baseline,341.0,222.65,489.35
2025-12-09,cumulative,all subpops,Age 6,new_H,baseline,362.0,234.3,519.0
2025-12-10,cumulative,all subpops,Age 6,new_H,baseline,389.0,252.55,561.7
2025-12-11,cumulative,all subpops,Age 6,new_H,baseline,413.0,274.25,596.0
2025-12-12,cumulative,all subpops,Age 6,new_H,baseline,442.0,290.25,639.1000000000001
2025-12-13,cumulative,all subpops,Age 6,new_H,baseline,477.0,315.65,685.7
2025-12-14,cumulative,all subpops,Age 6,new_H,baseline,513.0,334.0,739.1000000000001
2025-12-15,cumulative,all subpops,Age 6,new_H,baseline,553.0,357.95,801.7
2025-12-16,cumulative,all subpops,Age 6,new_H,baseline,601.0,389.0,869.35
2025-12-17,cumulative,all subpops,Age 6,new_H,baseline,650.0,423.3,942.1500000000002
2025-12-18,cumulative,all subpops,Age 6,new_H,baseline,709.0,453.2,1029.2500000000005
2025-12-19,cumulative,all subpops,Age 6,new_H,baseline,775.0,488.6,1105.5000000000002
2025-12-20,cumulative,all subpops,Age 6,new_H,baseline,843.0,533.0,1208.4500000000007
2025-12-21,cumulative,all subpops,Age 6,new_H,baseline,919.0,584.3,1319.5000000000007
2025-12-22,cumulative,all subpops,Age 6,new_H,baseline,1002.0,638.95,1444.9500000000003
2025-12-23,cumulative,all subpops,Age 6,new_H,baseline,1094.0,696.6,1575.9000000000003
2025-12-24,cumulative,all subpops,Age 6,new_H,baseline,1193.0,767.45,1722.2000000000003
2025-12-25,cumulative,all subpops,Age 6,new_H,baseline,1300.0,837.25,1868.8000000000002
2025-12-26,cumulative,all subpops,Age 6,new_H,baseline,1411.0,915.1,2025.0500000000006
2025-12-27,cumulative,all subpops,Age 6,new_H,baseline,1528.0,990.3,2185.650000000001
2025-12-28,cumulative,all subpops,Age 6,new_H,baseline,1640.0,1073.65,2359.55
2025-12-29,cumulative,all subpops,Age 6,new_H,baseline,1769.0,1158.8,2544.6500000000005
2025-12-30,cumulative,all subpops,Age 6,new_H,baseline,1882.0,1229.65,2701.5500000000006
2025-12-31,cumulative,all subpops,Age 6,new_H,baseline,2005.0,1314.85,2861.6000000000004
2026-01-01,cumulative,all subpops,Age 6,new_H,baseline,2120.0,1391.1,3022.05
2026-01-02,cumulative,all subpops,Age 6,new_H,baseline,2235.0,1467.6,3185.15
2026-01-03,cumulative,all subpops,Age 6,new_H,baseline,2342.0,1545.6,3326.8
2026-01-04,cumulative,all subpops,Age 6,new_H,baseline,2448.0,1624.7,3478.75
2026-01-05,cumulative,all subpops,Age 6,new_H,baseline,2551.0,1695.45,3605.9000000000005
2026-01-06,cumulative,all subpops,Age 6,new_H,baseline,2644.0,1756.55,3745.9000000000005
2026-01-07,cumulative,all subpops,Age 6,new_H,baseline,2732.0,1806.55,3871.2500000000005
2026-01-08,cumulative,all subpops,Age 6,new_H,baseline,2816.0,1862.55,3984.9000000000005
2026-01-09,cumulative,all subpops,Age 6,new_H,baseline,2896.0,1922.25,4083.9000000000005
2026-01-10,cumulative,all subpops,Age 6,new_H,baseline,2971.0,1977.8,4180.05
2026-01-11,cumulative,all subpops,Age 6,new_H,baseline,3036.0,2023.05,4275.200000000001
2026-01-12,cumulative,all subpops,Age 6,new_H,baseline,3099.0,2057.85,4361.35
2026-01-13,cumulative,all subpops,Age 6,new_H,baseline,3156.0,2102.3,4424.800000000001
2026-01-14,cumulative,all subpops,Age 6,new_H,baseline,3207.0,2140.9,4482.050000000001
2026-01-15,cumulative,all subpops,Age 6,new_H,baseline,3260.0,2165.4,4545.100000000001
2026-01-16,cumulative,all subpops,Age 6,new_H,baseline,3305.0,2210.95,4603.4000000000015
2026-01-17,cumulative,all subpops,Age 6,new_H,baseline,3350.0,2236.45,4652.050000000001
2026-01-18,cumulative,all subpops,Age 6,new_H,baseline,3391.0,2263.1,4704.550000000001
2026-01-19,cumulative,all subpops,Age 6,new_H,baseline,3424.0,2293.15,4753.950000000002
2026-01-20,cumulative,all subpops,Age 6,new_H,baseline,3456.0,2319.5,4796.4000000000015
2026-01-21,cumulative,all subpops,Age 6,new_H,baseline,3485.0,2347.05,4834.9000000000015
2026-01-22,cumulative,all subpops,Age 6,new_H,baseline,3509.0,2366.45,4869.600000000001
2026-01-23,cumulative,all subpops,Age 6,new_H,baseline,3533.0,2382.75,4901.9000000000015
2026-01-24,cumulative,all subpops,Age 6,new_H,baseline,3556.0,2405.1,4926.200000000002
2026-01-25,cumulative,all subpops,Age 6,new_H,baseline,3571.0,2421.4,4955.300000000002
2026-01-26,cumulative,all subpops,Age 6,new_H,baseline,3585.0,2434.7,4975.700000000002
2026-01-27,cumulative,all subpops,Age 6,new_H,baseline,3604.0,2456.1,4999.1500000000015
2026-01-28,cumulative,all subpops,Age 6,new_H,baseline,3618.0,2466.1,5020.250000000002
2026-01-29,cumulative,all subpops,Age 6,new_H,baseline,3636.0,2477.6,5035.950000000002
2026-01-30,cumulative,all subpops,Age 6,new_H,baseline,3653.0,2490.25,5050.000000000002
2026-01-31,cumulative,all subpops,Age 6,new_H,baseline,3668.0,2502.3,5070.500000000002
2026-02-01,cumulative,all subpops,Age 6,new_H,baseline,3683.0,2513.95,5093.750000000002
2026-02-02,cumulative,all subpops,Age 6,new_H,baseline,3694.0,2522.55,5108.500000000002
2026-02-03,cumulative,all subpops,Age 6,new_H,baseline,3709.0,2532.5,5124.200000000002
2026-02-04,cumulative,all subpops,Age 6,new_H,baseline,3720.0,2541.8,5138.500000000002
2026-02-05,cumulative,all subpops,Age 6,new_H,baseline,3727.0,2550.0,5152.800000000001
2026-02-06,cumulative,all subpops,Age 6,new_H,baseline,3741.0,2563.55,5170.6500000000015
2026-02-07,cumulative,all subpops,Age 6,new_H,baseline,3752.0,2569.55,5182.150000000002
2026-02-08,cumulative,all subpops,Age 6,new_H,baseline,3764.0,2574.6,5199.150000000002
2026-02-09,cumulative,all subpops,Age 6,new_H,baseline,3773.0,2582.55,5209.800000000002
2026-02-10,cumulative,all subpops,Age 6,new_H,baseline,3780.0,2586.3,5221.6500000000015
2026-02-11,cumulative,all subpops,Age 6,new_H,baseline,3792.0,2592.95,5231.750000000002
2026-02-12,cumulative,all subpops,Age 6,new_H,baseline,3797.0,2596.65,5246.600000000002
2026-02-13,cumulative,all subpops,Age 6,new_H,baseline,3808.0,2605.6,5257.9000000000015
2026-02-14,cumulative,all subpops,Age 6,new_H,baseline,3819.0,2615.8,5266.6500000000015
2026-02-15,cumulative,all subpops,Age 6,new_H,baseline,3834.0,2624.2,5272.700000000002
2026-02-16,cumulative,all subpops,Age 6,new_H,baseline,3838.0,2630.9,5283.100000000002
2026-02-17,cumulative,all subpops,Age 6,new_H,baseline,3847.0,2636.65,5288.800000000002
2026-02-18,cumulative,all subpops,Age 6,new_H,baseline,3855.0,2641.6,5295.750000000002
2026-02-19,cumulative,all subpops,Age 6,new_H,baseline,3864.0,2646.65,5301.350000000002
2026-02-20,cumulative,all subpops,Age 6,new_H,baseline,3872.0,2654.25,5307.750000000002
2026-02-21,cumulative,all subpops,Age 6,new_H,baseline,3879.0,2660.25,5316.700000000002
2026-02-22,cumulative,all subpops,Age 6,new_H,baseline,3884.0,2664.2,5321.100000000002
2026-02-23,cumulative,all subpops,Age 6,new_H,baseline,3891.0,2668.2,5330.500000000002
2026-02-24,cumulative,all subpops,Age 6,new_H,baseline,3898.0,2673.85,5333.950000000003
2026-02-25,cumulative,all subpops,Age 6,new_H,baseline,3904.0,2677.95,5340.200000000003
2026-02-26,cumulative,all subpops,Age 6,new_H,baseline,3906.0,2681.25,5347.4000000000015
2026-02-27,cumulative,all subpops,Age 6,new_H,baseline,3912.0,2685.85,5355.350000000002
2026-02-28,cumulative,all subpops,Age 6,new_H,baseline,3916.0,2689.55,5361.350000000002
2026-03-01,cumulative,all subpops,Age 6,new_H,baseline,3922.0,2691.55,5363.050000000002
2026-03-02,cumulative,all subpops,Age 6,new_H,baseline,3925.0,2693.9,5369.600000000002
2026-03-03,cumulative,all subpops,Age 6,new_H,baseline,3932.0,2696.95,5375.500000000002
2026-03-04,cumulative,all subpops,Age 6,new_H,baseline,3937.0,2702.55,5380.1500000000015
2026-03-05,cumulative,all subpops,Age 6,new_H,baseline,3944.0,2710.9,5386.750000000002
2026-03-06,cumulative,all subpops,Age 6,new_H,baseline,3951.0,2716.55,5392.100000000001
2026-03-07,cumulative,all subpops,Age 6,new_H,baseline,3959.0,2721.15,5399.700000000002
2026-03-08,cumulative,all subpops,Age 6,new_H,baseline,3964.0,2724.2,5406.700000000002
2026-03-09,cumulative,all subpops,Age 6,new_H,baseline,3969.0,2727.5,5414.300000000001
2026-03-10,cumulative,all subpops,Age 6,new_H,baseline,3973.0,2730.2,5417.9000000000015
2026-03-11,cumulative,all subpops,Age 6,new_H,baseline,3978.0,2734.2,5420.350000000001
2026-03-12,cumulative,all subpops,Age 6,new_H,baseline,3981.0,2736.2,5423.4000000000015
2026-03-13,cumulative,all subpops,Age 6,new_H,baseline,3985.0,2737.6,5429.4000000000015
2026-03-14,cumulative,all subpops,Age 6,new_H,baseline,3990.0,2740.65,5432.100000000001
2026-03-15,cumulative,all subpops,Age 6,new_H,baseline,3993.0,2743.65,5436.100000000001
2026-03-16,cumulative,all subpops,Age 6,new_H,baseline,3997.0,2745.0,5439.850000000001
2026-03-17,cumulative,all subpops,Age 6,new_H,baseline,4001.0,2749.0,5441.200000000002
2026-03-18,cumulative,all subpops,Age 6,new_H,baseline,4005.0,2752.95,5445.500000000002
2026-03-19,cumulative,all subpops,Age 6,new_H,baseline,4006.0,2756.3,5452.450000000002
2026-03-20,cumulative,all subpops,Age 6,new_H,baseline,4008.0,2760.95,5454.750000000002
2026-03-21,cumulative,all subpops,Age 6,new_H,baseline,4012.0,2762.95,5457.800000000001
2026-03-22,cumulative,all subpops,Age 6,new_H,baseline,4017.0,2766.65,5461.800000000001
2026-03-23,cumulative,all subpops,Age 6,new_H,baseline,4018.0,2768.0,5465.850000000001
2026-03-24,cumulative,all subpops,Age 6,new_H,baseline,4022.0,2773.65,5468.500000000002
2026-03-25,cumulative,all subpops,Age 6,new_H,baseline,4027.0,2777.95,5474.100000000001
2026-03-26,cumulative,all subpops,Age 6,new_H,baseline,4033.0,2780.3,5477.450000000002
2026-03-27,cumulative,all subpops,Age 6,new_H,baseline,4035.0,2783.6,5480.4000000000015
2026-03-28,cumulative,all subpops,Age 6,new_H,baseline,4038.0,2786.25,5485.350000000001
2026-03-29,cumulative,all subpops,Age 6,new_H,baseline,4041.0,2790.65,5488.750000000002
2026-03-30,cumulative,all subpops,Age 6,new_H,baseline,4044.0,2797.55,5490.750000000002
2026-03-31,cumulative,all subpops,Age 6,new_H,baseline,4048.0,2798.2,5493.750000000002
2026-04-01,cumulative,all subpops,Age 6,new_H,baseline,4050.0,2801.9,5494.450000000002
2026-04-02,cumulative,all subpops,Age 6,new_H,baseline,4053.0,2805.3,5494.800000000001
2026-04-03,cumulative,all subpops,Age 6,new_H,baseline,4057.0,2807.0,5497.450000000002
2026-04-04,cumulative,all subpops,Age 6,new_H,baseline,4058.0,2810.6,5498.750000000002
2026-04-05,cumulative,all subpops,Age 6,new_H,baseline,4061.0,2812.65,5500.750000000002
2026-04-06,cumulative,all subpops,Age 6,new_H,baseline,4062.0,2817.6,5502.100000000001
2026-04-07,cumulative,all subpops,Age 6,new_H,baseline,4067.0,2818.9,5506.4000000000015
2026-04-08,cumulative,all subpops,Age 6,new_H,baseline,4069.0,2821.5,5509.1500000000015
2026-04-09,cumulative,all subpops,Age 6,new_H,baseline,4070.0,2824.8,5511.500000000002
2026-04-10,cumulative,all subpops,Age 6,new_H,baseline,4071.0,2828.45,5514.1500000000015
2026-04-11,cumulative,all subpops,Age 6,new_H,baseline,4073.0,2832.4,5515.500000000002
2026-04-12,cumulative,all subpops,Age 6,new_H,baseline,4076.0,2837.35,5519.100000000001
2026-04-13,cumulative,all subpops,Age 6,new_H,baseline,4080.0,2839.05,5521.050000000001
2026-04-14,cumulative,all subpops,Age 6,new_H,baseline,4082.0,2844.1,5524.750000000002
2026-04-15,cumulative,all subpops,Age 6,new_H,baseline,4084.0,2846.45,5526.700000000002
2026-04-16,cumulative,all subpops,Age 6,new_H,baseline,4088.0,2849.4,5531.000000000002
2026-04-17,cumulative,all subpops,Age 6,new_H,baseline,4091.0,2852.05,5532.950000000002
2026-04-18,cumulative,all subpops,Age 6,new_H,baseline,4095.0,2854.05,5534.000000000002
2026-04-19,cumulative,all subpops,Age 6,new_H,baseline,4099.0,2857.75,5534.350000000001
2026-04-20,cumulative,all subpops,Age 6,new_H,baseline,4102.0,2860.1,5535.350000000001
2026-04-21,cumulative,all subpops,Age 6,new_H,baseline,4105.0,2863.35,5536.6500000000015
2026-04-22,cumulative,all subpops,Age 6,new_H,baseline,4105.0,2865.05,5538.350000000001
2026-04-23,cumulative,all subpops,Age 6,new_H,baseline,4105.0,2866.35,5541.350000000001
2026-04-24,cumulative,all subpops,Age 6,new_H,baseline,4105.0,2868.05,5542.700000000002
2026-04-25,cumulative,all subpops,Age 6,new_H,baseline,4106.0,2870.7,5544.000000000002
2026-04-26,cumulative,all subpops,Age 6,new_H,baseline,4110.0,2871.7,5545.000000000002
2026-04-27,cumulative,all subpops,Age 6,new_H,baseline,4113.0,2872.35,5546.950000000002
2026-04-28,cumulative,all subpops,Age 6,new_H,baseline,4113.0,2873.7,5548.600000000001
2026-04-29,cumulative,all subpops,Age 6,new_H,baseline,4115.0,2876.65,5548.600000000001
2026-04-30,cumulative,all subpops,Age 6,new_H,baseline,4115.0,2878.6,5550.600000000001
2026-05-01,cumulative,all subpops,Age 6,new_H,baseline,4116.0,2880.6,5551.6500000000015
2026-05-02,cumulative,all subpops,Age 6,new_H,baseline,4118.0,2882.3,5552.6500000000015
2026-05-03,cumulative,all subpops,Age 6,new_H,baseline,4120.0,2883.0,5554.6500000000015
2026-05-04,cumulative,all subpops,Age 6,new_H,baseline,4121.0,2883.65,5555.6500000000015
2026-05-05,cumulative,all subpops,Age 6,new_H,baseline,4121.0,2884.65,5558.000000000002
2026-05-06,cumulative,all subpops,Age 6,new_H,baseline,4124.0,2886.3,5559.300000000001
2026-05-07,cumulative,all subpops,Age 6,new_H,baseline,4126.0,2888.9,5560.300000000001
2026-05-08,cumulative,all subpops,Age 6,new_H,baseline,4127.0,2889.9,5562.600000000001
