,baseline,baseline,baseline,baseline,baseline,baseline,baseline,baseline,baseline,baseline,baseline,baseline,no vax,no vax,no vax,no vax,no vax,no vax,no vax,no vax,no vax,no vax,no vax,no vax
,beta_eff_best,beta_eff_med,beta_eff_lo,beta_eff_hi,R_v_best,R_v_med,R_v_lo,R_v_hi,R_eff_med,R_eff_lo,R_eff_hi,coverage,beta_eff_best,beta_eff_med,beta_eff_lo,beta_eff_hi,R_v_best,R_v_med,R_v_lo,R_v_hi,R_eff_med,R_eff_lo,R_eff_hi,coverage
date,,,,,,,,,,,,,,,,,,,,,,,,
2025-09-01,0.031807833369097205,0.03334746006744072,0.027016570497701103,0.03974141358328847,0.6169072201941439,0.6467680037184492,0.523981536608162,0.7707775847465134,0.6467408062295824,0.5239595024600177,0.7707451724832911,0.0,0.031807833369097205,0.03334746006744072,0.027016570497701103,0.03974141358328847,0.6169072201941439,0.6467680037184492,0.523981536608162,0.7707775847465134,0.6467408062295824,0.5239595024600177,0.7707451724832911,0.0
2025-09-02,0.03232453560947298,0.033264938735652616,0.027270093781321066,0.03951331240614043,1.3799945324121414,1.4201420905416655,1.1642110120697566,1.6868967813411269,1.4201091801884906,1.1641463629745568,1.6868332818628793,0.0,0.03232453560947298,0.033264938735652616,0.027270093781321066,0.03951331240614043,1.3799945324121414,1.4201420905416655,1.1642110120697566,1.6868967813411269,1.4201091801884906,1.1641463629745568,1.6868332818628793,0.0
2025-09-03,0.033265265255781905,0.033562034758534226,0.027827298574904142,0.039897477349489674,1.4201560302931462,1.4328256722064205,1.1879991208261633,1.7032974971246835,1.4327725676938716,1.1879104434906136,1.7032474091884593,0.0,0.033265265255781905,0.033562034758534226,0.027827298574904142,0.039897477349489674,1.4201560302931462,1.4328256722064205,1.1879991208261633,1.7032974971246835,1.4327725676938716,1.1879104434906136,1.7032474091884593,0.0
2025-09-04,0.03311954779146601,0.032996754445056585,0.02751742745784634,0.039575325694941474,1.4139350807809152,1.4086928044893439,1.1747701466358298,1.6895442439533146,1.4085993115635511,1.1746111155539716,1.6895176567317234,0.0,0.03311954779146601,0.032996754445056585,0.02751742745784634,0.039575325694941474,1.4139350807809152,1.4086928044893439,1.1747701466358298,1.6895442439533146,1.4085993115635511,1.1746111155539716,1.6895176567317234,0.0
2025-09-05,0.0319731945184491,0.03181041571634327,0.02680353975434756,0.03864337241948571,1.3649951279200776,1.3580457981721552,1.1442929531043682,1.6497574256636292,1.3577998850636077,1.1441375183775253,1.6496967492806234,0.0,0.0319731945184491,0.03181041571634327,0.02680353975434756,0.03864337241948571,1.3649951279200776,1.3580457981721552,1.1442929531043682,1.6497574256636292,1.3577998850636077,1.1441375183775253,1.6496967492806234,0.0
2025-09-06,0.03220345134006879,0.03161726938336819,0.02657221148940042,0.03858685795372253,0.6245801597464513,0.6132112658881395,0.5153632733835648,0.7483851854991308,0.6131207664601124,0.5152980797145746,0.7483376336664547,0.0,0.03220345134006879,0.03161726938336819,0.02657221148940042,0.03858685795372253,0.6245801597464513,0.6132112658881395,0.5153632733835648,0.7483851854991308,0.6131207664601124,0.5152980797145746,0.7483376336664547,0.0
2025-09-07,0.03447013611158193,0.03278944481799884,0.027306804243741805,0.0405412950547092,0.6685421041273949,0.6359453980928307,0.5296105680294106,0.7862911423438805,0.6358373814303258,0.5295277596543665,0.7862445311314935,0.0,0.03447013611158193,0.03278944481799884,0.027306804243741805,0.0405412950547092,0.6685421041273949,0.6359453980928307,0.5296105680294106,0.7862911423438805,0.6358373814303258,0.5295277596543665,0.7862445311314935,0.0
2025-09-08,0.03823143960656032,0.03484682652075648,0.02873846919932779,0.04290631773988117,1.6321712478937134,1.4876758215968189,1.2268986890980949,1.8317504883077738,1.4874947091034247,1.226689666694698,1.8316968468395685,0.0,0.03823143960656032,0.03484682652075648,0.02873846919932779,0.04290631773988117,1.6321712478937134,1.4876758215968189,1.2268986890980949,1.8317504883077738,1.4874947091034247,1.226689666694698,1.8316968468395685,0.0
2025-09-09,0.037830872648949604,0.03415184581049127,0.028218997129590112,0.04283233919955976,1.6150702996219064,1.458005802763918,1.2047214604863798,1.8285922068588825,1.4579143592138886,1.2044184579890247,1.82852487849903,0.0,0.037830872648949604,0.03415184581049127,0.028218997129590112,0.04283233919955976,1.6150702996219064,1.458005802763918,1.2047214604863798,1.8285922068588825,1.4579143592138886,1.2044184579890247,1.82852487849903,0.0
2025-09-10,0.037227933729289474,0.03342278799068174,0.02737853548180719,0.042872166538798155,1.5893297159809876,1.4268809687584256,1.1688405899100793,1.8302925100296241,1.4264450305198308,1.1685341141940817,1.830155760790641,0.0,0.037227933729289474,0.03342278799068174,0.02737853548180719,0.042872166538798155,1.5893297159809876,1.4268809687584256,1.1688405899100793,1.8302925100296241,1.4264450305198308,1.1685341141940817,1.830155760790641,0.0
2025-09-11,0.03787762263362351,0.03341011973137247,0.02698196440400695,0.043256768385579424,1.6170661433989006,1.4263401372119757,1.1519102331776914,1.84671187803311,1.4260939799551002,1.1517672724443426,1.8465089335224054,0.0,0.03787762263362351,0.03341011973137247,0.02698196440400695,0.043256768385579424,1.6170661433989006,1.4263401372119757,1.1519102331776914,1.84671187803311,1.4260939799551002,1.1517672724443426,1.8465089335224054,0.0
2025-09-12,0.03848441860452905,0.033414645348434587,0.026584639629442422,0.04369119901033477,1.642971391729643,1.4265333442197092,1.1349476997289432,1.8652585292245694,1.4263709069735202,1.134752623348774,1.8649899149045333,0.0,0.03848441860452905,0.033414645348434587,0.026584639629442422,0.04369119901033477,1.642971391729643,1.4265333442197092,1.1349476997289432,1.8652585292245694,1.4263709069735202,1.134752623348774,1.8649899149045333,0.0
2025-09-13,0.038330737154262495,0.03287909211081409,0.025973338906498927,0.04403780116532771,0.7434177685551566,0.6376840912495397,0.5037482471074529,0.8541052509020935,0.6375798457836015,0.5035466872308845,0.8540324695100342,0.0,0.038330737154262495,0.03287909211081409,0.025973338906498927,0.04403780116532771,0.7434177685551566,0.6376840912495397,0.5037482471074529,0.8541052509020935,0.6375798457836015,0.5035466872308845,0.8540324695100342,0.0
2025-09-14,0.03881072925071179,0.032628478702859315,0.025404516416241734,0.04453208168440911,0.752727129129944,0.6328234891754931,0.49271603698560906,0.8636917328697358,0.6327286297739783,0.49256275103154556,0.8636128645042247,0.0,0.03881072925071179,0.032628478702859315,0.025404516416241734,0.04453208168440911,0.752727129129944,0.6328234891754931,0.49271603698560906,0.8636917328697358,0.6327286297739783,0.49256275103154556,0.8636128645042247,0.0
2025-09-15,0.039773107972795256,0.032996477253332816,0.02498858556382376,0.04566685956056027,1.697987937169628,1.4086809706592203,1.0668091838165161,1.9496031518404169,1.4084653829727096,1.0664218764876574,1.9493900038814636,0.0,0.039773107972795256,0.032996477253332816,0.02498858556382376,0.04566685956056027,1.697987937169628,1.4086809706592203,1.0668091838165161,1.9496031518404169,1.4084653829727096,1.0664218764876574,1.9493900038814636,0.0
2025-09-16,0.0392245660590563,0.03292304383371969,0.025627852291375406,0.04468986503966878,1.6745696628623308,1.405545961427015,1.094100669127623,1.9078934390292057,1.4050046597898436,1.0936514203003094,1.9077354913981985,0.0,0.0392245660590563,0.03292304383371969,0.025627852291375406,0.04468986503966878,1.6745696628623308,1.405545961427015,1.094100669127623,1.9078934390292057,1.4050046597898436,1.0936514203003094,1.9077354913981985,0.0
2025-09-17,0.037606007376226575,0.03231711209527295,0.02534840124223403,0.04324857850751712,1.6054703829939863,1.3796776087869702,1.082170384202542,1.84636223690961,1.3791568392655027,1.0816647017049685,1.846141064301748,0.0,0.037606007376226575,0.03231711209527295,0.02534840124223403,0.04324857850751712,1.6054703829939863,1.3796776087869702,1.082170384202542,1.84636223690961,1.3791568392655027,1.0816647017049685,1.846141064301748,0.0
2025-09-18,0.035855264985206095,0.0315396401052523,0.024963444557876396,0.041193002367090996,1.5307279348283171,1.3464858838293607,1.0657358675231012,1.7586058691456263,1.3461327333195285,1.0651526148723314,1.7584034086821019,0.0,0.035855264985206095,0.0315396401052523,0.024963444557876396,0.041193002367090996,1.5307279348283171,1.3464858838293607,1.0657358675231012,1.7586058691456263,1.3461327333195285,1.0651526148723314,1.7584034086821019,0.0
2025-09-19,0.036180008153636145,0.03196936393012028,0.025581471231543473,0.04085930362848359,1.5445918245462025,1.364831592981369,1.0921205754381462,1.7443596494840503,1.3643998238285722,1.0916645579544038,1.7438547899208603,0.0,0.036180008153636145,0.03196936393012028,0.025581471231543473,0.04085930362848359,1.5445918245462025,1.364831592981369,1.0921205754381462,1.7443596494840503,1.3643998238285722,1.0916645579544038,1.7438547899208603,0.0
2025-09-20,0.039897651804631035,0.03438803039892306,0.028221010680295987,0.04383452587583815,0.7737683676453306,0.6669156941518085,0.5473135480334073,0.8501194431076105,0.6669435133941941,0.5472577195729932,0.8502525154189314,0.000933232890545026,0.03990615194011483,0.03439535671774611,0.028227023124723714,0.04384386475649803,0.7739726556144284,0.6670917712033081,0.5474580480903523,0.8503438890552415,0.6669435133941941,0.5472577195729932,0.8502525154189314,0.0
2025-09-21,0.037387603272009705,0.033133240581648245,0.02722906289899249,0.041750560970661835,0.7250519547645564,0.6425477631349931,0.5280489668644202,0.8096621124402976,0.642475365933405,0.5279954164993722,0.8097317197766276,0.001866465781090052,0.03740353741349571,0.03314736156553365,0.027240667594206763,0.04176835455161931,0.7254348959714209,0.6428871291821645,0.5283278595800746,0.8100897410873937,0.6426449406361303,0.5281348010950456,0.8099455405623087,0.0
2025-09-22,0.033862108046091195,0.03136639203470758,0.025624873690369747,0.03884489423259334,1.444951150341883,1.338454894507283,1.0934549811803385,1.657574730134785,1.3383302283318002,1.0933910824212565,1.6577335809667728,0.002799698671635078,0.033883760087501484,0.03138644827037673,0.0256412586958609,0.03886973235718255,1.446560724745991,1.3399458395393968,1.0946730134642224,1.6594211523185995,1.3393235041635834,1.094202739865879,1.6589644501403258,0.0
2025-09-23,0.030841072350393163,0.029718174153007596,0.02408263620531081,0.03653119793226309,1.3158307743644366,1.2679224530255562,1.0274828801913303,1.5585993222786712,1.2676014148110752,1.027403043628321,1.5588787944704274,0.003732931562180104,0.030867371738236664,0.029743516001668725,0.024103172410494006,0.036562349512593795,1.3177854971632237,1.269806005967401,1.0290092498814163,1.560914688121139,1.2690128452199754,1.0285472215752771,1.5606152326683451,0.0
2025-09-24,0.02981793490590837,0.029260196818377673,0.02334092830901738,0.03608840299849179,1.2719778269531365,1.2481857540673087,0.9956807325275252,1.5394643716636125,1.2477881912227065,0.9954576881216767,1.5398118898455009,0.0046661644527251295,0.029849725331335907,0.02929139261070484,0.023365813266448498,0.03612687869065299,1.2743402797463856,1.2505040176869253,0.9975300169080368,1.5423236289775963,1.2496410804362932,0.9969358371181221,1.5420992406332967,0.0
2025-09-25,0.02872633128011195,0.028797804342315853,0.022878278626069164,0.03568907156903993,1.2252185581791637,1.2282669851212689,0.9757908616496478,1.5221892550144578,1.2280555025639281,0.9755484906938634,1.522357485479467,0.005599397343270156,0.02876309105157345,0.02883465557458405,0.0229075549121889,0.03573474124059522,1.2279498417546213,1.2310050643156654,0.9779661156365497,1.5255825520578337,1.230335219086054,0.9773597659621266,1.5251848844931841,0.0
2025-09-26,0.028415737071219787,0.028905904555707407,0.02255340339833618,0.03602049208045443,1.2117799570110122,1.2326829915440194,0.9617826253104004,1.5360822855085234,1.2326685660863501,0.9616961305100358,1.5361413455593345,0.006532630233815182,0.028458168825526865,0.028949068251833167,0.022587081232185363,0.03607427962311599,1.2149321449239843,1.2358895542569872,0.9642844983186718,1.5400780769768483,1.2354164678383919,0.9638394081131524,1.5395655559555204,0.0
2025-09-27,0.028279907771726356,0.028857994851538758,0.022429263293362537,0.03651548366100553,0.5482605272284914,0.5594678596469799,0.4348345057496957,0.7079230415313383,0.5594497423355995,0.4347058643936271,0.707923362311879,0.007605317815524513,0.028328082302073183,0.028907154147246008,0.022467471311362626,0.03657768740968659,0.54941807269971,0.5606490672208684,0.4357525742369607,0.709417683348501,0.5604852507847672,0.4355102223249744,0.7092335891933756,0.0
2025-09-28,0.027285313480910428,0.028470793657293346,0.02175470696353032,0.03619432422878682,0.5289518502049784,0.5519335151624931,0.4217357629802284,0.7016615286875879,0.5518448473146099,0.42163515181060335,0.7017334549049944,0.008678005397233846,0.027337532637364728,0.028525281608454637,0.021796341539117692,0.03626359362094473,0.5302065397094363,0.5532427178590438,0.4227361327402756,0.7033258906808111,0.5530097593058949,0.4225253001297621,0.7032150844621811,0.0
2025-09-29,0.028069127370428205,0.029327606389290783,0.02259934723400513,0.03757563794025071,1.1963820871286095,1.250021864928777,0.963245271388385,1.6015752663371927,1.2500165423281389,0.963091367577682,1.6016433375492518,0.009750692978943178,0.0281287528511144,0.02938990517775185,0.022647353604999105,0.03765545750302908,1.2008687644296594,1.2547097023575808,0.966857637990139,1.6075815008593446,1.2542247939648343,0.9663336401048069,1.607035252010761,0.0
2025-09-30,0.028450427928518523,0.029538737952722924,0.02320870306453724,0.03730988426940504,1.2124259555608552,1.2588047068526718,0.9890478294754766,1.5899751033921925,1.2588037213628178,0.9889604664918864,1.5898466845631034,0.010823380560652508,0.028516852375647495,0.029607703324432865,0.02326288942944942,0.03739699327322277,1.2174374548002802,1.2640079102334947,0.9931360069204039,1.5965471822765192,1.2635239222317893,0.9926682830099255,1.5958068212142693,0.0
2025-10-01,0.03141530248259037,0.03171442915378529,0.025355191232847813,0.03909990100585421,1.3385454530358745,1.3512906636169788,1.080335799866697,1.6659713760369774,1.3507859680023615,1.0800165320629656,1.6660338641123615,0.01189606814236184,0.031495265048096084,0.031795153097796056,0.025419728766458705,0.039199423472562285,1.3445914301242605,1.3573942086056445,1.0852154888447163,1.6734962790924417,1.356365963570937,1.084478555607673,1.6729186138155838,0.0
2025-10-02,0.03249875734608639,0.03235329813722596,0.026121275422183624,0.03968207234663191,1.384471793670731,1.3782751206825195,1.112786210610995,1.6904864790139151,1.377453610216699,1.1125892151450165,1.6905528149972964,0.012968755724071173,0.032588324614191845,0.032442464516650664,0.026193266214141607,0.03979143698402408,1.3912561755373658,1.3850291367475198,1.118239240873674,1.6987704367416532,1.3836715453991753,1.1176128434755546,1.698186811701481,0.0
2025-10-03,0.030581956690982803,0.03099332177494723,0.02538572821964156,0.03764994755207694,1.3025911693096175,1.3201126291412701,1.0812658503028052,1.6036413137935701,1.3197024073390202,1.0805852802396767,1.6035160236838206,0.014041443305780502,0.03067268703010357,0.031085272549174474,0.02546104242381329,0.037761647157952265,1.309474044958193,1.327088087967164,1.0869792456996348,1.6121149346869217,1.3261660786426843,1.0858770177750294,1.6113709695262268,0.0
2025-10-04,0.029330596869047227,0.02994337492632388,0.024779510728232187,0.03616209413022572,0.5684246054124372,0.5803001948171814,0.48022492248948806,0.7008184722129951,0.5799083436971589,0.48006350494833605,0.7008339437542382,0.015679512815009962,0.029426556365420003,0.030041339219054095,0.024860580656009698,0.03628040390605518,0.5707227800342562,0.5826463831560866,0.48216650052661403,0.7036519231438785,0.5820399684238345,0.48182850614626366,0.7034107216066775,0.0
2025-10-05,0.02825641326758633,0.02918400173119056,0.02403148633518979,0.035503633580979604,0.5475740115699864,0.5655495179193519,0.4657002023552727,0.6880160932367518,0.5653740276365022,0.4653500318988102,0.6881017726502949,0.01731758232423942,0.02835747785659998,0.02928838402178085,0.024117439646632866,0.035630619271002376,0.5499881942046476,0.5680429522247658,0.46775341400836246,0.6910494667525936,0.5676588256063095,0.4672302871342083,0.6908833359053483,0.0
2025-10-06,0.0285033733154704,0.0292751997495203,0.024386105920306607,0.03563181319248955,1.2133264268547022,1.2461813945461744,1.0380633349501354,1.516768562959268,1.2456453480911007,1.037568143733345,1.5167915660963338,0.01895565183346888,0.028614021275173054,0.029388843881613745,0.024480770956452003,0.03577013322172326,1.2215857758059017,1.2546643936519735,1.0451296339501714,1.5270935015433253,1.253484669028368,1.0440992366298885,1.5263415477543676,0.0
2025-10-07,0.027618163850928017,0.028561547744107185,0.023841483050496735,0.03507895284202912,1.175409141451817,1.2155588797880228,1.0146763294830958,1.492934941860473,1.2154460982980821,1.0143566872002472,1.4930791891205841,0.020593721342698337,0.02773381050087338,0.028681144663427714,0.023941315452802744,0.03522584035423554,1.1840079411053814,1.2244513980659542,1.022099275385716,1.5038566269215647,1.2237165808224035,1.0212574407022852,1.5032386765198102,0.0
2025-10-08,0.028683614333481617,0.029285034335100196,0.024447982902950763,0.03584537350006739,1.2205090774300094,1.2460999448426486,1.040279816587647,1.5252472450667967,1.2459573958585937,1.0398746707771995,1.5254365476603648,0.0222317908519278,0.028812488131040707,0.02941661027746696,0.024557826256815872,0.03600642466168775,1.2300586949305963,1.2558497927223604,1.0484192680064859,1.5371812224976584,1.2550682558186654,1.0474759575502979,1.5365900928226293,0.0
2025-10-09,0.03587813064581676,0.03435728304753355,0.02790222844168757,0.04274311782732373,1.5263348989687835,1.461634684005294,1.1870224078832476,1.8183866120178072,1.4612027328465234,1.1859717791242137,1.8182860789251742,0.023869860361157257,0.0360503000548634,0.034522154321824185,0.02803612366129399,0.04294823044619979,1.53905434461831,1.4738149616987584,1.196914252072908,1.8335398196768957,1.4726272153885043,1.1952386112585718,1.832506185172585,0.0
2025-10-10,0.03481380220456429,0.03345907536953582,0.027025566116161356,0.042408185485215064,1.480759010741329,1.4231374974037712,1.1494966942060947,1.803776054607128,1.4218668066540738,1.148947740480173,1.8036759787083978,0.025507929870386713,0.03499151628731878,0.03362987397562232,0.027163523575247074,0.04262466663083952,1.4938528967809552,1.4357218545304544,1.1596613318059188,1.8197262787345527,1.4337001757788714,1.1585120001273337,1.8186987071584142,0.0
2025-10-11,0.03048006162458474,0.030474225384087707,0.024529170574346337,0.038380258027472525,0.5904085178878757,0.5902954680474801,0.47513785969965244,0.7434378426543946,0.5901018387523603,0.47506064376175905,0.7437242522580312,0.029357737149230505,0.030657698557156082,0.03065182830321536,0.024672125883066307,0.0386039370800699,0.5946005619112688,0.5944867093895205,0.4785114540240825,0.7487164320897447,0.5937832672223649,0.4780235968842101,0.7483640189780383,0.0
2025-10-12,0.03002133095185801,0.03016492471997558,0.023809371925553473,0.038304525469927166,0.5814450237321847,0.5842261090226667,0.46113348027446643,0.7418716963823836,0.584169761125599,0.46114738818392026,0.7421124016403305,0.0332075444280743,0.03021803920522546,0.030362573840334108,0.023965377666030536,0.03855550755707517,0.5860734476786019,0.5888766709894138,0.4648041991825031,0.7477771501820671,0.5883134947607869,0.4644194462514555,0.7473794081248709,0.0
2025-10-13,0.03062105464527239,0.03052299589068265,0.023664406938320066,0.039408308319832795,0.9449651279566297,0.9419390367702997,0.7302831202105522,1.2161395988937478,0.9418829378382044,0.7301666495425557,1.2162643678439438,0.03705735170691808,0.030843903600833396,0.030745131210110053,0.023836627929114368,0.03969510772799285,0.9508656855602757,0.9478206988350197,0.7348431589784283,1.2237334259515396,0.9471372837706711,0.7342386878032735,1.223049377716752,0.0
2025-10-14,0.029846292401093787,0.02998654287546596,0.02391146704644487,0.03814843980914899,1.2672372932836788,1.2731921579327505,1.0152518232806753,1.619736379885148,1.2740343774137415,1.0153094635370905,1.62034723512044,0.04090715898576187,0.030085183307143052,0.030226556351864883,0.024102855375384615,0.038453781431749975,1.2843924185660196,1.2904278967273652,1.0289957150630722,1.6416634338540992,1.289775226197688,1.0278449461739076,1.6403605704623352,0.0
2025-10-15,0.03097803105008245,0.03094444115206889,0.025066610666249895,0.0385495241763328,1.3147102936279267,1.3132847354764405,1.0638291057298992,1.636045111038406,1.3134049844047082,1.0632850464829875,1.6365148741863298,0.044756966264605666,0.031248515402325035,0.031214632214470312,0.025285479513595815,0.03888611894115945,1.3340572289170851,1.3326106926220218,1.0794841386044702,1.6601207260593092,1.331161039909805,1.0776578078908636,1.6586481404023365,0.0
2025-10-16,0.034568089048841566,0.033490600671946015,0.027429794205378267,0.04109103342037987,1.4664266355903033,1.4207180731879645,1.1636101947867206,1.7431390496141914,1.4207628614186754,1.1636748537981298,1.7440547561092115,0.04860677354344945,0.03489510282868331,0.033807421422419937,0.027689279786739393,0.04147975418933577,1.4897368269516684,1.4433016851824547,1.182106842114457,1.7708478376502275,1.4416473586612595,1.1807807386427596,1.7696989441809852,0.0
2025-10-17,0.03312402376246361,0.032555178133356504,0.027219303096554303,0.039245052935373295,1.4045486679854964,1.3804280666847206,1.1541724574863477,1.6640969472997125,1.380311129619761,1.1534935042107175,1.664675125748176,0.052456580822293236,0.0334615424500817,0.032886900543578755,0.027496655374916048,0.03964494211723229,1.4285354686938505,1.404002937162706,1.173883347789996,1.6925162984721498,1.4022222547230423,1.1717980939064754,1.6911049532092788,0.0
2025-10-18,0.03224535292037833,0.03193193483209626,0.027047709404602865,0.03809461752799757,0.6240507723440842,0.617985129318189,0.5234597365319432,0.7372527616367129,0.6178373381956271,0.5231628253604839,0.7371752280231332,0.054962769975865716,0.03258929469449635,0.03227253356408382,0.027336211043317092,0.038500949887555855,0.6320635223649668,0.6259199970842355,0.5301809076300456,0.7467190139722572,0.6254126097517021,0.5295820743260374,0.7462210554799271,0.0
2025-10-19,0.028863305074722213,0.029618184984866396,0.02564620263241651,0.03526876638789955,0.558552466958765,0.5731606358769499,0.4962962388186755,0.6825086878150342,0.5730114969541596,0.4958513825307739,0.6823617982774777,0.0574689591294382,0.029184949176739406,0.02994824124447263,0.02593199629999891,0.03566179104896046,0.5660368519668431,0.5808407646457561,0.5029464146734245,0.6916540377922327,0.5803588984423755,0.5022085962455597,0.6911162311881764,0.0
2025-10-20,0.028343157324268765,0.02927909423410794,0.025325663981467218,0.03490566268045211,1.200891019587694,1.2405463839166406,1.0730407375750668,1.478942390437926,1.2397790184533064,1.0722041070839687,1.4788184689349766,0.059975148283010676,0.028672546166066012,0.029619360028363243,0.02561998514798944,0.03531131740942031,1.2240843122247387,1.264505556599841,1.0937648061475778,1.5075058013513782,1.2627648127663451,1.0920801300514458,1.5062526296342653,0.0
2025-10-21,0.02990837797767003,0.030466823151088333,0.02631506217913717,0.036088953887509066,1.2668798358585807,1.2905348441697784,1.1146716708944986,1.5286809606141398,1.2892277367813212,1.113150886393055,1.5288299917605186,0.062481337436583156,0.030270259381650115,0.030835461555516697,0.026633465659737798,0.03652561819978755,1.2922936603343707,1.31642319212615,1.1370321737539106,1.559346560075825,1.3140846039210938,1.1345951829971985,1.5583336020915681,0.0
2025-10-22,0.02928239606507581,0.03005546671780196,0.025746252875211793,0.03562580847138125,1.2400418823217896,1.2727796400258997,1.0902943805267387,1.5086707555593892,1.272373093007916,1.0891867499558567,1.508433745550771,0.06498752659015565,0.029650719606878696,0.030433514194772006,0.02607009765301195,0.03607392152629004,1.2658443553195795,1.2992633118777055,1.1129809459679862,1.5400627891574712,1.2978702897920047,1.1109911821649705,1.5386598212330809,0.0
2025-10-23,0.031007286372208075,0.0314435574469259,0.02673340166302749,0.03755774295976405,1.3127458986498786,1.3312161722868736,1.1318037627940922,1.590070554421932,1.3307737730875675,1.1305443274770797,1.5901310958022952,0.06749371574372812,0.03141216213915577,0.03185412979705257,0.027082471438805752,0.038048150917530006,1.341043612412331,1.3599120335636576,1.1562010653853676,1.6243463129349962,1.3584323160243847,1.1540212309217377,1.6231893130187307,0.0
2025-10-24,0.031164316207048896,0.03162152855581565,0.026663984876706653,0.0382240980826529,1.3190512375946681,1.338403066477341,1.1285716014802283,1.6178613882264208,1.337456636377265,1.1275723226675005,1.6173625329034516,0.06999990489730061,0.03158618774452498,0.03204958937962954,0.02702493540167376,0.03874153793018975,1.3484730891049157,1.3682565665995687,1.153744744972353,1.6539482938536523,1.366234175154501,1.151826861077396,1.652195296570123,0.0
2025-10-25,0.031843902343631825,0.03222592658162344,0.02669814466244368,0.03981142448209161,0.6159264890021396,0.6233156225662588,0.5163969643971301,0.7700347350277622,0.6230754892992519,0.515929650770005,0.7698471000969228,0.07309284378762948,0.03229385951359965,0.0326812817880232,0.027075391819091466,0.04037396344792071,0.6263336100480973,0.6338475955365939,0.5251223655808865,0.7830457758583161,0.6331627350872323,0.5242770702021083,0.782311213912677,0.0
2025-10-26,0.03222423892774768,0.032550754169547884,0.026378163721187804,0.04098949450236117,0.6232246431484565,0.6295395275902502,0.5101601222889726,0.7927468245672908,0.6292816604129172,0.5096613589680823,0.7927814911148598,0.07618578267795834,0.03269870430926389,0.03303002711778798,0.026766552273722193,0.04159301833393482,0.6341855022095402,0.640611448624113,0.5191324780205194,0.8066891266099488,0.6398992860281706,0.5182550596625387,0.806166052171664,0.0
2025-10-27,0.03157937162137829,0.03215014192179681,0.025557284374180984,0.04140436791220416,1.3354260853780104,1.3595627767940588,1.0807645140601934,1.7509047875137067,1.3593056466721272,1.0800652267968551,1.7493776083781287,0.0792787215682872,0.032063115147790595,0.03264262870127971,0.025948779525411893,0.04203861406449818,1.3688340067934357,1.3935745179932093,1.1078016495105458,1.7947066049168692,1.3920346058192736,1.106047865221233,1.7914626146574262,0.0
2025-10-28,0.0306996940674654,0.031889061609090344,0.02548819815007241,0.04010718947446907,1.2978398669304188,1.3481207788040557,1.0775221284841034,1.6955448916235931,1.3474341593151544,1.076904837451062,1.6929662191407895,0.08237166045861607,0.03118823393106471,0.032396528483990744,0.025893804825509115,0.0407454356026601,1.3314837008160156,1.3830680420955426,1.1054546773466332,1.7394984117248613,1.3810842329915372,1.1037795417454546,1.7351947031831636,0.0
2025-10-29,0.03010711921669805,0.03171055553556698,0.025752842106322216,0.03915245665990623,1.2724095470801449,1.3401751697416555,1.0883858374054598,1.6546903503831816,1.340003376399686,1.0871078104508107,1.6536149355802274,0.08546459934894494,0.030604169008598046,0.03223407706270283,0.026178005494345128,0.03979883934086319,1.3065488832113492,1.3761326888435015,1.1175877323683623,1.6990864571197462,1.3746912828684774,1.1152083842506275,1.6964157916903666,0.0
2025-10-30,0.028293467317806565,0.03057408358372921,0.0251466248357471,0.03723142680967759,1.1954034517730259,1.2917598483161226,1.062448861125437,1.573033648467435,1.2905038412176617,1.0607018696299106,1.5727870120200882,0.0885575382392738,0.02877745381093337,0.031097082173051703,0.025576781614749192,0.03786830554544083,1.2285630146591437,1.3275922627703973,1.09192036697689,1.616668379579321,1.3250598986134956,1.0890521626165803,1.6149056951398386,0.0
2025-10-31,0.029428269658326973,0.03170649838056669,0.02654321948138021,0.037786232464977636,1.242978562064937,1.3392054042851114,1.1211210569495522,1.5959985904872758,1.338291317124412,1.120214502819577,1.5947384642854716,0.09165047712960267,0.029949244587354346,0.03226780527816229,0.027013119752310927,0.03845517019068192,1.2785889418411585,1.3775726090788414,1.1532403129299378,1.6417227225552917,1.3753257591526609,1.1512196909646746,1.6388705667102785,0.0
2025-11-01,0.0329706102157833,0.03475927085181853,0.029800477000817924,0.04099191817928566,0.6372935059219769,0.6718667758791651,0.57601756053963,0.7923384820593364,0.6714215219979262,0.5754906734397244,0.792052046836802,0.09526580857863015,0.033577411787670784,0.03539899150158828,0.030348934435143377,0.04174634644807051,0.6512278760668697,0.686557087731021,0.5886121371733674,0.809662897868476,0.6855219369603072,0.5875718934007493,0.8087007999857992,0.0
2025-11-02,0.0345734980348389,0.036340597500026654,0.03131061583339354,0.042540814034849266,0.6682055278779561,0.7023584397342797,0.6051434702978012,0.8221906579967754,0.7021893954392655,0.6043412818767212,0.822286604506108,0.09888114002765762,0.03523407270797895,0.03703493506144738,0.031908848612706646,0.04335361533999534,0.6833585173240804,0.7182859195001053,0.6188663927164975,0.8408355895987213,0.7175210721897471,0.6175084266934872,0.8402441489620953,0.0
2025-11-03,0.032064853139160854,0.034737375147422755,0.03000149910472357,0.040046885036615444,1.3529967703546166,1.4657655277908976,1.265932241084021,1.6898036576730553,1.4653504769098962,1.2654321999250895,1.6886664827575877,0.10249647147668509,0.03270003952789849,0.03542550266755689,0.030595811630975904,0.04084019090881769,1.396025492936588,1.5123805823479022,1.3061920912201777,1.7435436919415475,1.5102454851765255,1.3042416212522008,1.7404584135505456,0.0
2025-11-04,0.034864397423189,0.037131310001066224,0.03262303125521046,0.04292288710741598,1.470637827014513,1.5662599410896574,1.376093302673263,1.8105582224362358,1.5646920392391688,1.3747131472177707,1.8108721285900218,0.10611180292571255,0.03557958607252903,0.03789300082065932,0.03329224177898889,0.04380338308397084,1.5189586894231573,1.6177226667990863,1.4213077082315069,1.8700478759335784,1.6142431220081432,1.418244921755692,1.8683762708977094,0.0
2025-11-05,0.033198858912523964,0.03622798262388924,0.03169539085499666,0.041532883121579496,1.3999184065853822,1.527649484648574,1.3365206671332095,1.751344758976783,1.5264108098319622,1.3358608655078146,1.7495304892936399,0.10972713437474002,0.033903286267491686,0.036996683200098975,0.03236791699221973,0.0424141453082892,1.4473943336785635,1.5794572008811354,1.3818465643089735,1.810738732011981,1.5764337022205654,1.3796226881894393,1.8068318934677021,0.0
2025-11-06,0.035947133843821116,0.03880030803843819,0.03361346402889156,0.044211221095092665,1.5153039953997682,1.6355757888467424,1.41693122359909,1.8636656891189625,1.634109511655104,1.4150387340550774,1.8616783400064978,0.1133424658237675,0.036735252402978175,0.03965098066783226,0.03435041832833095,0.045180524628982824,1.5682962340233426,1.692774095425904,1.466483232794675,1.928840609275035,1.6892973890713292,1.4627910235276111,1.9246197941838479,0.0
2025-11-07,0.03489430967824141,0.0383357569000202,0.032915954552988236,0.044096892451626575,1.4704354961817696,1.6154570254741238,1.387068218621341,1.8582295087675558,1.614208236219917,1.3855871600081757,1.8579995340127402,0.11695779727279497,0.03568401370538899,0.03920334539473039,0.033660885807040526,0.0450948630054174,1.523416899252389,1.6736637132425833,1.4370458072799754,1.925183555277848,1.6704100088831149,1.4338607847263294,1.9228341098289319,0.0
2025-11-08,0.03242334797068032,0.036723096384905715,0.031090924729482793,0.04338072840022042,0.6262420435058562,0.7092897052069405,0.600506901837674,0.8378788034688129,0.7088370047459737,0.5998137646269331,0.8374625859463237,0.12117004506190468,0.03318403645068995,0.03758466183445589,0.031820353050578766,0.04439848944014494,0.6435984319983665,0.7289477716126891,0.6171500371697893,0.861100735265713,0.7277195373324955,0.6157887480515261,0.8598087197213427,0.0
2025-11-09,0.03244952837810078,0.037095014836621684,0.03088100675940145,0.04427132223808934,0.6266712434524413,0.7163857299461025,0.5963796662769874,0.8549758946558521,0.7160376472444954,0.5955790865582574,0.8544636745277516,0.12538229285101438,0.03323780210075089,0.037996138116328855,0.03163117748218597,0.045346774539911185,0.6446412071329108,0.7369282802591126,0.6134810109688651,0.8794925546034197,0.7358198424038269,0.6119865559491718,0.8780607269108589,0.0
2025-11-10,0.031961690239354315,0.037105697586752,0.0302520087870674,0.045041239309736206,1.3453071853951337,1.5618248349422994,1.2733445724896915,1.8958416287972282,1.5600507874770213,1.2710347317593305,1.8951474232261345,0.1295945406401241,0.03276472197955779,0.03803797158982911,0.031012085087131703,0.046172892376672055,1.3987869070744832,1.6239117385070578,1.3239635791209954,1.9712066337246468,1.6198537336964518,1.3196518231942131,1.9679033860994581,0.0
2025-11-11,0.03984718200614277,0.043117289831284024,0.035499640581498404,0.05093988445887975,1.2302885257796286,1.33125366139984,1.096057444413146,1.572777601804781,1.3300985235110656,1.094950296750901,1.5723514363860747,0.1338067884292338,0.040881562837049926,0.04423655839274147,0.03642116491202534,0.05226221736575302,1.260309841999914,1.3637387137276846,1.1228032739034064,1.611156285128713,1.3612818136624547,1.1206258270591607,1.6092634565857966,0.0
2025-11-12,0.03853743262701236,0.041746176120886866,0.035112579283321566,0.04860094638957941,1.620842901578093,1.7557991962894823,1.4767972593892535,2.044103449442327,1.7540823753469597,1.4752254346214237,2.041428249077903,0.1380190362183435,0.039570001753671154,0.042864720083991295,0.03605338314216253,0.049903156561543566,1.6893169550006515,1.8299746070272878,1.5391859673480874,2.1304585481764953,1.825537401058158,1.535368855893091,2.124729701538669,0.0
2025-11-13,0.037771914969358604,0.040742721692680735,0.03499822852763454,0.04687546180932497,1.588035533582524,1.7129364459103393,1.471422101829142,1.9707737631699622,1.7109800693514186,1.4698959064099428,1.9686633565836196,0.1422312840074532,0.038815572576537886,0.04186846423091977,0.03596524773940327,0.048170655138734676,1.657108970573152,1.7874425921290027,1.5354233031171416,2.0564948408627295,1.782883628170818,1.5316765326750903,2.0514305184264674,0.0
2025-11-14,0.0395992501311863,0.041709181937723945,0.03628586456579607,0.04760868677399471,1.6642215744807867,1.752894820097572,1.524971267360627,2.000830909663653,1.7508404887133477,1.5229731937114912,1.998178000918248,0.1464435317965629,0.04072658042375182,0.042896578772784015,0.037318867821702066,0.04896403351949581,1.7386934490761967,1.8313347136928546,1.5932118614773785,2.0903656392188705,1.826509384526854,1.588642987964645,2.0844953619803874,0.0
2025-11-15,0.03974542454267284,0.041463089360789844,0.03642719412607902,0.04694722954317519,0.766924870301445,0.8000688078241505,0.7028965334259818,0.9058903846845282,0.7999923125659165,0.7024385464424364,0.906270919688375,0.15436674717170362,0.04094028648942356,0.042709589259633314,0.03752230050848592,0.048358598492732746,0.7940295096201019,0.8283448193422768,0.727738284886406,0.9379063396886509,0.8266449936710486,0.7258071455556997,0.9365048599507577,0.0
2025-11-16,0.03802118364548956,0.039796702849446655,0.035539801156312285,0.04463501100432,0.7334849120544682,0.7677373056492679,0.6856153708582248,0.8610754316939232,0.7670783875194641,0.6851913141287047,0.8609132359148657,0.16228996254684433,0.03922501934823516,0.041056755460865166,0.036665070740220254,0.04604825527205383,0.7607622112259605,0.796288404420548,0.7111124673630327,0.8930976475207604,0.7940135118335299,0.7092242973198539,0.8911569219192036,0.0
2025-11-17,0.04251907022743117,0.04276455795711416,0.03778950675382749,0.04833770914619211,1.7830184024529077,1.7933128218101475,1.5846862502233883,2.0270204517424517,1.792901644031494,1.583013927025106,2.0263624140600127,0.17021317792198506,0.0439335337058487,0.04418718796942293,0.039046633894303316,0.04994573876330137,1.8756042479956976,1.8864332201759797,1.6669734078854332,2.1322764615508385,1.881050510643302,1.6607276954130168,2.1259253643698464,0.0
2025-11-18,0.04214993131481274,0.042083945826706055,0.03740538945462676,0.04766393357263687,1.7662446441819912,1.7634795978028723,1.567430046192225,1.9973025997252463,1.7631817562679108,1.5639993925568922,1.9968569032632602,0.17813639329712577,0.043619947861759295,0.04355166107074773,0.038709935861419055,0.04932625587919099,1.8622166852008781,1.8593013951137947,1.6525991427740103,2.1058295853041553,1.854001681839991,1.6442991169470729,2.099876967301122,0.0
2025-11-19,0.042688013235014116,0.04214908158871605,0.03715689891048118,0.04804923721653321,1.787481286425575,1.7649145244843054,1.5558761448662206,2.011972585342269,1.7633792262507513,1.5545833303861085,2.0125558963083128,0.1860596086722665,0.04424570920619703,0.04368711181322765,0.038512763176542474,0.04980256555295751,1.8889316005936894,1.8650840391799521,1.644181474215426,2.1261641309716945,1.8584147026740165,1.6382144095278812,2.121289844547572,0.0
2025-11-20,0.04287223059657145,0.04174641132045058,0.0369268586453048,0.04837958533101866,1.7938778795212387,1.7467708765109196,1.5451091292020944,2.0243189294812436,1.746032227791309,1.541299824748573,2.0237053091083315,0.19398282404740724,0.04450607569826877,0.04333735185935537,0.038334127786172074,0.05022331371685995,1.9000471302898685,1.850152136373002,1.6365551972292771,2.144126652466901,1.8443015027865022,1.6277715375652484,2.1377477977197428,0.0
2025-11-21,0.04010440597313084,0.03948225131344316,0.03442537881065815,0.0456466468381854,1.6768328732995146,1.6508195373498475,1.439383166631995,1.9085633141018,1.6488784303122501,1.4361274514490647,1.9068358403368202,0.20190603942254798,0.041697918338785674,0.04105104292536768,0.03579324015895711,0.04746037514115692,1.7801616708649266,1.7525453566058864,1.528079979661023,2.026171667005538,1.74557111602066,1.520074065972217,2.018719902098942,0.0
2025-11-22,0.04016769744126384,0.039200510264658144,0.03373580433575578,0.04600020580697935,0.7739211895406178,0.7552861494982643,0.6499962777258004,0.8862976039218685,0.7538337486450392,0.6478571314686166,0.8844651055211176,0.2051167147258493,0.04179082969658588,0.04078455955522777,0.03509903090000356,0.04785902327855437,0.8105256424907954,0.7910092136769833,0.6807394056920055,0.9282171680597495,0.788408089108466,0.6775638548920435,0.9251559794405215,0.0
2025-11-23,0.04346598751129516,0.04115576724177499,0.034767328242676976,0.04930899319594464,0.8373887312757635,0.7928814617708813,0.6698057620206544,0.9499564514002461,0.7906484585472028,0.6684234907370323,0.948059000778267,0.2083273900291506,0.04525176885735092,0.04284663418466628,0.03619572892520688,0.051334831909932814,0.8776499364391833,0.8310027810702179,0.702009667085474,0.9956298527223185,0.8275923357701944,0.6996940294867375,0.9925171226976602,0.0
2025-11-24,0.0429537765361928,0.04052008178401674,0.03356920545573384,0.049355701946794034,1.794242429348141,1.6925834196739409,1.4022350909571795,2.0616602707466516,1.6868836354286478,1.3985613808176542,2.056883727289345,0.21153806533245192,0.04474757438342447,0.04221224581091147,0.034971093097185685,0.0514168513739269,1.9103571582242502,1.8021192670382502,1.4929809928173958,2.195080994421865,1.7926890910835156,1.4865659418100492,2.1866043689982932,0.0
2025-11-25,0.040115723170493625,0.03892285006456307,0.03282640463943986,0.04644762505411424,1.6751549273306305,1.6253428560740018,1.3707670990897929,1.9395628901296862,1.6197977191462254,1.3650860819839128,1.9341553487772174,0.21474874063575328,0.04181817640310743,0.0405746794889843,0.03421950974329122,0.048418795038624764,1.7852957112498358,1.7322085157122658,1.4608945018757489,2.0670883946034118,1.7226783601036204,1.4517820965189667,2.057429206299716,0.0
2025-11-26,0.035684991242177784,0.03623556717020789,0.030534625784892043,0.04276014774335126,1.4896576766677248,1.5126412792756772,1.2746574434037814,1.7850076495476799,1.506481640540019,1.267528023557561,1.7792074668701439,0.2179594159390546,0.03722361623946038,0.03779793127618244,0.03185118316321571,0.044603831317740227,1.5891453943118448,1.613663971164228,1.3597862362859168,1.9042204994609835,1.6033768898644887,1.349582668400577,1.8943437767116553,0.0
2025-11-27,0.04325357358648221,0.04182007947327463,0.036816560857409586,0.048272381101258026,0.8329717700376957,0.8053657243446224,0.7090086048677657,0.9296233211679777,0.8023518490037549,0.7063866038838911,0.9273210683454002,0.22117009124235593,0.04514790983179137,0.04365163431970916,0.03842898128598703,0.05038652135800825,0.8756356092762324,0.8466156142299796,0.7453231958597853,0.9772375397445682,0.8420954334196834,0.741450071156022,0.9733999331053192,0.0
2025-11-28,0.04577565634823554,0.04381706673115879,0.039372036744401206,0.05023469275101458,1.4131271302689778,1.352664073138812,1.2154428300099107,1.5507807614411502,1.3486956628426385,1.2108044581965867,1.5459958589862763,0.22438076654565722,0.047811581089509066,0.04576588095611173,0.041123153169962776,0.05246893824307308,1.4739506522503947,1.4108851568783696,1.2677576657417733,1.6175291421858609,1.404739178256583,1.2609418821959657,1.6102374022058084,0.0
2025-11-29,0.046789215210403266,0.045015906157858256,0.04081225490014024,0.05099470466082754,0.9008972563828185,0.8667532928011981,0.7858146006722843,0.9818713417697379,0.8625636503844814,0.7823550750816498,0.9784305524405519,0.2270114899774548,0.048896935585359506,0.047043744029884364,0.04265073030123667,0.05329187031203949,0.9483472909941375,0.9124049733358037,0.827203260406569,1.03358626133548,0.906410489903342,0.822220309426929,1.0284270844110728,0.0
2025-11-30,0.04156813050908641,0.04180505198426279,0.03803063757303031,0.046225690248689943,0.8003014192793808,0.8048628125996788,0.732194901551872,0.8899723191811311,0.8012059044245367,0.7289444284303369,0.8868288503543572,0.22964221340925237,0.04346441713610968,0.04371214667552974,0.03976554815389326,0.048334448982122746,0.8429845705506853,0.847789240512018,0.7712456704123807,0.9374379642640635,0.8424712612290055,0.7664269375900417,0.9326265126991267,0.0
2025-12-01,0.04518543580449109,0.0447501658824938,0.04119916468380641,0.049668830450255136,1.8834054159960836,1.8652626291906869,1.7172508910998103,2.07028089052765,1.8550730617512599,1.708282992522699,2.060994187644501,0.23227293684104994,0.047272596606179856,0.046817221127974644,0.0431021956064785,0.05196308376740903,2.018155052174514,1.998714226242477,1.8401128786663097,2.218400671014861,1.9823941105059806,1.8256760871990834,2.2030402859526816,0.0
2025-12-02,0.042671424093012764,0.043302052775330314,0.039753761610522055,0.047611568947101744,1.7781030992031681,1.8043811726049601,1.6565251389448625,1.983957182170287,1.7953120833555125,1.6468857086898863,1.9749711795049745,0.23490366027284748,0.044666905457453665,0.045327024783924634,0.04161280175615461,0.049838070653692126,1.9069132517712637,1.9350949733054965,1.7765278856787268,2.1276799097435344,1.920066229782893,1.7614868495529994,2.113074351135748,0.0
2025-12-03,0.0445948897784778,0.045169722008861685,0.04150191205832174,0.04952720134397597,1.8577160453269237,1.8816621759948065,1.7288700190868154,2.063184303714677,1.8700429435444423,1.7169202324343473,2.0512683887045693,0.23753438370464502,0.04670589505291311,0.04730793833542165,0.04346650386894103,0.05187168932868697,1.993961509088059,2.019663856313544,1.855665875819455,2.2144988724785097,2.0014189763025425,1.8368149868182173,2.1966377202570113,0.0
2025-12-04,0.046522573366699765,0.04706425053583006,0.04274921670566519,0.05180072089485327,1.937458352123728,1.9600167980466174,1.7803148226624794,2.1572697312483844,1.9463949534718448,1.7689048480659662,2.1453328089477863,0.2401651071364426,0.048751540103255095,0.049319169843461505,0.044797396227026914,0.054282571649198266,2.081293900149554,2.105527069262429,1.9124841453710029,2.3174239217596386,2.084190417136324,1.8941522193644678,2.2980115064081312,0.0
2025-12-05,0.04978126163923134,0.04986504449745611,0.044538151426795375,0.05550732388818852,2.0725686652540927,2.0760568397383055,1.8542795826366123,2.3109647364201606,2.0608262430378597,1.841471885015203,2.2949672428889203,0.24279583056824014,0.052194969281983805,0.05228281445840963,0.046697640217417,0.05819866692542629,2.2283002948215214,2.232050568750616,1.9936090948109226,2.484609311053088,2.2069379480587346,1.972552053553874,2.4595093307735967,0.0
2025-12-06,0.04434160905810979,0.04613163069181991,0.041011445566440444,0.0523380618439121,0.853279267541961,0.8877252062649951,0.7891959037370361,1.007157476315607,0.8822797978199073,0.7830650945117565,1.0004527376336727,0.24491942588099114,0.046512654940410986,0.04839031929119083,0.043019440583210264,0.05490062860834639,0.9021045957508045,0.9385215588823648,0.8343543301594152,1.0647878397964388,0.9294609517981274,0.8248262415781246,1.05486065462407,0.0
2025-12-07,0.044721572790749085,0.046757292462301384,0.041077559741652246,0.054019119576914965,0.8605296025235141,0.8997007883851293,0.7904117398221723,1.039432394645308,0.8932735718933613,0.7836751809435427,1.0341942323695474,0.2470430211937421,0.04693250907973695,0.04906887025862399,0.04310834403273319,0.05668970614887205,0.9102475914390992,0.951681933127972,0.8360785966089546,1.0994866776402556,0.9421792232190584,0.8260749996260831,1.0905120058757503,0.0
2025-12-08,0.04914916078663326,0.05057670608661934,0.043637049071709774,0.05942654544653226,2.0446906698558354,2.104079040053028,1.8153772245330349,2.4722477672362224,2.08623859619236,1.799627830099065,2.4471457214767156,0.24916661650649313,0.05160240268331036,0.053101202789752514,0.04581515822589877,0.06239277495545741,2.2030025248507767,2.2669890884029225,1.9559342976240286,2.663663581769125,2.2375251344603084,1.9298171977585517,2.6278215458466794,0.0
2025-12-09,0.04872204401319219,0.049899452438345225,0.04376030262005014,0.05765999723365997,2.0264061050228896,2.075375881828424,1.820041547577691,2.3981459065685877,2.0576981928215043,1.8021600698203233,2.38170904854661,0.2512902118192441,0.05117719969651109,0.0524139389860634,0.045965430870668705,0.06056554589803952,2.184849818682394,2.237648518661282,1.9623497162601713,2.5856557755885383,2.208237131448843,1.9322217090562988,2.558317266755154,0.0
2025-12-10,0.04222442926555293,0.044752538190699916,0.03935878376973624,0.05140887294262238,1.7557159019148028,1.860836115943947,1.6365607243607403,2.137610319306651,1.8406557127291616,1.6158111024771677,2.115199126367756,0.25341380713199513,0.04437231613454892,0.04702902577871486,0.041360899992717054,0.054023957268544205,1.8943366857897133,2.007756560631816,1.7657737309880448,2.306383192957918,1.9750085543820515,1.7305227307999909,2.2701565216163013,0.0
2025-12-11,0.046828763454887026,0.048018011108846514,0.04306633963867861,0.053713049827630796,1.9466712116171045,1.9961082242701538,1.7902672925605716,2.23285092480254,1.9729708579667036,1.7648090735588802,2.209449238531335,0.2555374024447461,0.04923323598115209,0.050483546817222405,0.04527762652366673,0.05647100333919136,2.101858392887035,2.155236487422972,1.9329860697193724,2.4108521399785845,2.1153839785330777,1.8913004656115266,2.368552224524457,0.0
2025-12-12,0.04860246957365509,0.048990320920000816,0.04431203076684702,0.0540532439382545,2.0198899471369525,2.0360088201559474,1.8415818428225306,2.2464209123275394,2.0097813367393647,1.8181421103033757,2.222846861437779,0.25766099775749707,0.05112125416008757,0.051529205596029,0.0466084667518521,0.056854510599653726,2.1824613997021465,2.199877605085277,1.989802113748532,2.4272247780567424,2.1527185559557998,1.948141381915757,2.384169123277378,0.0
2025-12-13,0.046056813252056066,0.04679068389944565,0.04277908857558494,0.05100147697092399,0.8857924258998328,0.8999066690518792,0.8227532469467934,0.980891182446985,0.8892941499492518,0.812435632759445,0.9696546987258582,0.26135618851916076,0.048482472715345004,0.04925499389356764,0.04503212116093454,0.05368755545792639,0.9403088580066599,0.9552917676273283,0.8733899087835454,1.0412605037332152,0.9371417885077573,0.8556433272828715,1.0202955190575638,0.0
2025-12-14,0.046837653039942674,0.04716051700268643,0.043430842028838755,0.0506965927919426,0.900694873819045,0.9069035947371545,0.835181403040422,0.9749028459827828,0.8951911899846949,0.8233270849244799,0.9633820225176437,0.2650513792808244,0.049343959343185945,0.049684099918492354,0.04575484816636265,0.053409392896573094,0.9570172365575891,0.9636142019765357,0.8874070693585578,1.0358655907727725,0.9429738015011488,0.8671581813520202,1.0151992227185607,0.0
2025-12-15,0.050037742099859776,0.049206608536853914,0.045049359535890586,0.053025958112317376,2.076706489468557,2.042212117990622,1.8696746369546517,2.2007258261648404,2.0111797315394213,1.8375609545746154,2.1616223866199644,0.2687465700424881,0.052757577423003556,0.051881267032905805,0.047498047950051914,0.05590821993839261,2.2523190825274844,2.214907762481286,2.0277799892695842,2.3868258701067617,2.1557918992139844,1.9647260352471325,2.3194601827553982,0.0
2025-12-16,0.048079318766384466,0.047483134903305996,0.04352206630557672,0.050765469463783214,1.994520006914319,1.9697879459529894,1.8054671783206753,2.105952145409896,1.9371808984378656,1.7705332212073512,2.073050706529496,0.2724417608041517,0.050733403354940074,0.05010430882583011,0.04592458049270552,0.05356783550372844,2.16590332762459,2.139046112380097,1.9606057376639365,2.2869105066627617,2.0744918634808354,1.895151098363066,2.2240901655818632,0.0
2025-12-17,0.04540697552115002,0.045259268630011035,0.0414877620366671,0.04863120145030584,1.8828049971698795,1.8766803154538891,1.7202943994287263,2.016497863117134,1.8391782239429144,1.6774916955331005,1.9835570488323313,0.27613695156581536,0.04795204109957859,0.047796055222226144,0.04381315530221007,0.05135698521873033,2.0471618010199055,2.0405024738611006,1.870465070101582,2.192525196935833,1.9693898258839755,1.7888985981577217,2.1270309874141295,0.0
2025-12-18,0.044240452289797644,0.044049448434035285,0.03989852651645582,0.048008069145619364,1.8336016961980226,1.8256852989692571,1.6536450716451243,1.989755358737589,1.7869336973360137,1.6142333522752628,1.9515388878358542,0.279832142327479,0.046757705607467476,0.04655583375500255,0.04216872704663547,0.050739697442276764,1.9961733980033411,1.9875551132423404,1.8002613700684722,2.166172033916806,1.9104009423283106,1.720057818409193,2.089487296139644,0.0
2025-12-19,0.041849158167789516,0.042097580579605644,0.03743996033117642,0.04668554421807642,1.7337035935393956,1.7439950987198487,1.5510418037056917,1.9340626985304228,1.6993622401791142,1.5079762703468076,1.8949679293009525,0.2835273330891427,0.044265946257126,0.044528715058506155,0.03960211732919369,0.04938163350995808,1.889795557928498,1.9010136466761318,1.6906880286383932,2.1081937593359092,1.8130749462732016,1.6012527611386078,2.0303048059935422,0.0
2025-12-20,0.048103293605977905,0.04643766643512672,0.040567990549070065,0.05138496422263946,0.9243936388832461,0.8923855361928601,0.779588872084545,0.9874570014005899,0.8692267230366468,0.7607838469142708,0.9663995877259536,0.28491604381354463,0.050897022141063904,0.0491346591792264,0.0429240860326016,0.05436928463111396,0.9871386108212235,0.9529578974370605,0.8325049457619859,1.0544825187090918,0.9104896378658971,0.7932356298670472,1.0156662748959253,0.0
2025-12-21,0.04665124310910249,0.04499616260190217,0.03888603227030831,0.05065482063715078,0.8964438852629296,0.8646400853764459,0.7472286594663797,0.973376081599081,0.8422246498301234,0.727698198430821,0.9537834080195224,0.2863047545379466,0.04937593775309919,0.04762419124746437,0.04115719498306609,0.05361334669742908,0.9576374520792479,0.9236626429579855,0.7982364109294989,1.0398212381403278,0.8813075605750231,0.7598703203149367,1.0042860989603748,0.0
2025-12-22,0.050341770737090945,0.047395546681828396,0.03986760646833309,0.05414335653303297,1.5543285677612568,1.463362355229009,1.2309332539297648,1.6717045225382037,1.4237893484031572,1.2011192883761705,1.6296187752428297,0.2876934652623486,0.053298531215182396,0.05017926440201415,0.04220918010461401,0.05732339836318924,1.6431040985976502,1.5469423476359951,1.3012380500380785,1.7671839851615252,1.4726089170862564,1.2445066155831486,1.6918043445063125,0.0
2025-12-23,0.04438050054967582,0.042775151611472016,0.03711838794190256,0.04825185370867848,1.3702850899125478,1.3207185981677028,1.1460612865654203,1.4898163580565253,1.2833595340586994,1.1107218460226627,1.456436279773276,0.28908217598675057,0.047001704626704326,0.04530154046267486,0.039310676640790417,0.05110170790362614,1.4489835226681622,1.396570320230606,1.2118820619343869,1.5753797297489112,1.3271610363214512,1.1458773305930299,1.508155636689783,0.0
2025-12-24,0.042199026613500494,0.04095134760488801,0.03615081281871578,0.04559346344355193,1.3029434554866437,1.2644199318587412,1.1161979020056154,1.407750594601159,1.2261719909870148,1.0795350165620559,1.368475736002223,0.29047088671115256,0.04470525198475283,0.04338347257531349,0.038297831163652526,0.0483012864436431,1.3781877490849845,1.337439512396747,1.1806577389223243,1.4890474449037288,1.2652567422905119,1.1104599564069317,1.4131597456117766,0.0
2025-12-25,0.04263173575472976,0.04098348348524248,0.03642382543343083,0.04520444014854568,0.819037623264123,0.7873715276327526,0.6997717283860473,0.868464221894659,0.7612088833393639,0.6733108601560077,0.8421381144965767,0.29185959743555456,0.04517767448325032,0.04343098969130132,0.03859903191212917,0.04790401906171493,0.8762128893499317,0.8423362512572701,0.7486212972377794,0.9290898531995365,0.791180207119781,0.6991543219256319,0.873650134988977,0.0
2025-12-26,0.04422741105611259,0.04186998441643974,0.03738126833347402,0.04601971369018795,1.36559987125599,1.2928101365923825,1.1542130548589393,1.420940398496886,1.2489164986570995,1.1093371265210166,1.3701566343118938,0.29324830815995656,0.04688319052759899,0.04438420449917434,0.03962594878587966,0.048783117832180825,1.4453299322681674,1.3682903949295993,1.22160137205343,1.5039014964374036,1.2823765471847162,1.1348929196461832,1.4117734656067022,0.0
2025-12-27,0.04001449378001505,0.03862630088283737,0.03506638946008784,0.04177246662392305,0.7686837802117987,0.742016408890493,0.6736300340758512,0.8024546737933582,0.7148629583447402,0.6477869815604189,0.7738374382101036,0.29431007924100033,0.04242760267471525,0.04095569359594208,0.037181098614634776,0.04429159160193541,0.8228757401310258,0.7943283276861819,0.7211207353847416,0.8590274708767371,0.7409095021207271,0.6680801304526419,0.8056743912228834,0.0
2025-12-28,0.03741280012230397,0.036488751789674194,0.03352464747725989,0.03913521472514226,0.7186748258700305,0.70092447646081,0.6439860184031101,0.7517612564692961,0.6746902617183522,0.6178940649994213,0.7223700547950465,0.29537185032204416,0.03967865391165423,0.03869864188720809,0.03555502075257365,0.04150538414021193,0.769560372177556,0.7505532148291626,0.6895832470540215,0.80498947714888,0.6991793442333953,0.6370274134909899,0.7526161960207003,0.0
2025-12-29,0.032518991203167764,0.03262795255173038,0.029777224504522845,0.035380178822660646,1.0041193342100136,1.0074838357743385,0.9194592371362049,1.0924669028533882,0.9667213435773021,0.8809831689498605,1.0471293401349908,0.29643362140308793,0.034496843420134135,0.03461243195597546,0.03158831849367583,0.03753205262107815,1.0634796779570086,1.067043078160758,0.9738147450108688,1.1570500740723861,0.9890024674239623,0.8998485655272985,1.0764780651088055,0.0
2025-12-30,0.03656376119755195,0.035399048190587395,0.03247282075687807,0.03813516794262905,1.1290276435167532,1.093063258602366,1.002706261519252,1.1775500492073239,1.0473343357851324,0.9594098373024053,1.1286075050070192,0.2974953924841317,0.03879705483667095,0.0375612018248311,0.03445624209170078,0.04046444220773695,1.1960479653422973,1.157948695011188,1.0622280072704742,1.2474507143652964,1.0692217238505566,0.976178745509677,1.1569240378941419,0.0
2025-12-31,0.03390732183575272,0.03323833577680643,0.030484179107088692,0.03566906062511873,1.0470143907792093,1.0263569636211347,0.9413121558470675,1.1014146136630811,0.9822368742042458,0.8996474501973905,1.058882959344096,0.29855716356517553,0.03598711327322888,0.03527709326049741,0.032354003417971344,0.03785691277192905,1.1094221917150413,1.0875334685850298,0.9974195237666855,1.1670649662873167,0.9998208472376544,0.915790400988698,1.0832684491430973,0.0
2026-01-01,0.03269734393750566,0.0321633222001482,0.029330950232793813,0.034775067910528396,0.6279888958844271,0.61773241383309,0.5633335566074852,0.6678938981459247,0.5901461435049284,0.5385315170267032,0.6387811951542675,0.29961893464621936,0.03471136172066141,0.03414444650799031,0.031137612433815676,0.03691706468299149,0.6732206315269196,0.6622254127115925,0.6039084054272712,0.7159998446621039,0.6075149167166402,0.5527123330036179,0.6608233792938838,0.0
2026-01-02,0.032125548722692646,0.03158910459566112,0.028506301265059732,0.03448267035579084,0.9920204634365507,0.9754553440015713,0.8802599586991967,1.0648071702108584,0.9283368075990909,0.8380969789672353,1.0145460075488166,0.30068070572726313,0.03411264613180667,0.03354302072765019,0.030269533323014016,0.03661556543922716,1.0516355215660511,1.0340749281520218,0.9331588156694796,1.1287963152824498,0.943038031173319,0.8515287998435167,1.0387756793167413,0.0
2026-01-03,0.030265284395746106,0.02997423001257813,0.026864713111828503,0.033031681450166855,0.5812342407041813,0.5756446426950491,0.5159274541455824,0.634361932167029,0.5485316444125119,0.4922834697947489,0.6076498726701736,0.30149804601895963,0.032143466474797315,0.031834350040093745,0.02853186489093355,0.03508153868360331,0.6234167640489531,0.6174215062696351,0.5533703994413345,0.6804001472939469,0.5618935072558162,0.5022918031049451,0.6256740015535518,0.0
2026-01-04,0.02860584145741874,0.028578387308101232,0.02540221848070501,0.03187108936986929,0.5493464114137541,0.548819182091433,0.48782405457625133,0.6120522131553687,0.5216435431566753,0.46395368659619807,0.5850088779115061,0.3023153863106561,0.03038685768846576,0.030357694227935824,0.026983775292661858,0.03385540182414133,0.589347651866127,0.5887820317826082,0.5233454794916115,0.6566194429381712,0.5349398421063002,0.4740310472900846,0.6007254814353988,0.0
2026-01-05,0.027291394789319457,0.027439322954799346,0.02401385582598117,0.03115928127435927,1.1277777814087777,1.1338907008678478,0.9923381804250627,1.2876126477654932,1.072353927627748,0.9418216695545476,1.2167006986758375,0.3031327266023526,0.028996122460576968,0.02915329080007503,0.02551385554516589,0.03310561232174437,1.2378983859252275,1.2446081945918064,1.0892339360558008,1.4133401496655915,1.1166747122029081,0.9788540307544016,1.274535678803388,0.0
2026-01-06,0.024855245580145145,0.02556078993134106,0.02250424319525949,0.028368780929837977,1.0269992723830965,1.056151812154864,0.9298576959354592,1.1721758000497273,0.9970265945114907,0.8842310468204515,1.1085189684103978,0.3039500668940491,0.026412858006181008,0.0271626169536479,0.023914524527079043,0.030146577312711084,1.1276140228052083,1.1596226264439944,1.0209555209490357,1.2870134428254367,1.0354534715133985,0.9166299540608337,1.16058314837329,0.0
2026-01-07,0.023728302685084555,0.024653693636541085,0.021892469355188064,0.027155674131881444,0.9803316701303959,1.0185640742346809,0.9044844602281995,1.121933065695351,0.9589660454274451,0.8559041931042389,1.0589850094045747,0.3047674071857456,0.025220121382673943,0.026203692455240894,0.02326886764013585,0.028862974605633848,1.0766938784624371,1.1186843564937239,0.9933912278510488,1.2322140564102178,0.9943235939811014,0.8885153667349392,1.108971214802038,0.0
2026-01-08,0.023539006275112632,0.024418499346694184,0.022041140054436005,0.02673037083272694,0.9724085587608423,1.0087408737354557,0.9105309282508129,1.1042454839768072,0.9498547454537191,0.8583197610726925,1.0369402207569531,0.305584747477442,0.025023715856664512,0.02595868245907503,0.023431372566576816,0.028416373938803034,1.068308961342417,1.10822442416306,1.0003288653375662,1.2131478434924514,0.9826371182014321,0.8909842061304253,1.0828606219193189,0.0
2026-01-09,0.022407307534282515,0.02346140959056898,0.02136633329962202,0.025853564724197937,0.9255600873411619,0.9691010076320242,0.8825614271015003,1.0679117777804574,0.9115127125163556,0.8306391792317095,0.9977532356778208,0.3064020877691385,0.023825199320196267,0.024946002948942374,0.022718354216650038,0.02748952910782345,1.0171420617676241,1.0649912528051608,0.969888786126649,1.17357911419657,0.942075420971056,0.8569324433577508,1.037802288442511,0.0
2026-01-10,0.021805295272868754,0.022935982883011817,0.02100240033347628,0.025308768083584385,0.4186616474947873,0.44037084848200936,0.40324606545910013,0.48592832196685576,0.4154953938473631,0.3802306793294612,0.45627856323952287,0.30730977627704614,0.02318994769793151,0.02439243481006623,0.022336068334297663,0.02691589363101457,0.4497648741041731,0.47308689585454566,0.4332040370773962,0.5220289268455055,0.42250568988982573,0.38520461743630957,0.46506809692850987,0.0
2026-01-11,0.02162973150754245,0.022771937779311743,0.020971684048035382,0.02503726230166111,0.41527554055409827,0.43720509278954206,0.402641494941384,0.4806977207595679,0.4123395838538139,0.3783536759576362,0.45079479589013555,0.30821746478495377,0.023008053261753425,0.024223044891566892,0.02230807272839264,0.026632723774875987,0.446237064155935,0.4698016087827185,0.4326610673247534,0.5165368983012741,0.41871564930341376,0.3815037397961987,0.4588180614529333,0.0
2026-01-12,0.022585267637510002,0.02340416686619468,0.021652327122110817,0.025811614588802833,0.9326016823245069,0.9664160612631554,0.8940782559859601,1.0658255450136962,0.9066686433533497,0.8384096243220059,0.9983406605982543,0.3091251532928614,0.024029512178914268,0.024900776992101636,0.023036913559460453,0.027462172114753807,1.0258645576246002,1.0630604726102855,0.9834886768300553,1.1724111932922932,0.9398465000902999,0.8547734107823332,1.0361482719293165,0.0
2026-01-13,0.02124543533474809,0.022283416627802127,0.020479292887420376,0.02476598741655884,0.8771797622237751,0.9200358472833601,0.8455473367550769,1.0225360229622087,0.8639538008509324,0.7938907005389434,0.9585600021828095,0.31003284180076907,0.02260873867110693,0.023713326429860647,0.021793433448900244,0.026355201887395947,0.9652090946580868,1.0123660000523538,0.9304021986678305,1.1251525758831327,0.8923815334524121,0.806362562155277,0.9927336979448864,0.0
2026-01-14,0.019236072139523025,0.02066157458286377,0.018705656167166424,0.023323897376013866,0.794129606916596,0.8529791312258188,0.7722322557019269,0.962888749877405,0.8029700380540845,0.721461932886957,0.8979023044905738,0.3109405303086767,0.020474726165223656,0.021992019922679004,0.019910155513331126,0.024825775678937737,0.8741041326008749,0.9388802245035797,0.8500015616564769,1.0598585270869105,0.8266257405946645,0.7385652024360374,0.9248820869574728,0.0
2026-01-15,0.019267166682524366,0.02067042926865183,0.01857335337090351,0.023377067871829214,0.7953254381326575,0.8532504278063732,0.7666856601549428,0.9649772098708749,0.7998044339219226,0.7154418317615457,0.900208443709342,0.3118482188165843,0.020512121680702898,0.022006056590329847,0.019773477369052928,0.024887585633436057,0.8757006166933775,0.9394794759466776,0.8441665175252043,1.062497308979615,0.8234833026908891,0.7276156670330405,0.929543088878467,0.0
2026-01-16,0.021793635190048538,0.022514215351752354,0.020218656973024555,0.025964171562898396,0.8995156634735009,0.9292570598302146,0.8345096393068879,1.0716513700571098,0.8739545387991716,0.7705476011190919,1.0002397571156252,0.31275590732449193,0.02320670331939199,0.023974004867971445,0.021529605767824728,0.027647651304593363,0.9907373174043815,1.023494847305003,0.9191389043770226,1.1803296448037772,0.8985077543184181,0.7857418295014335,1.0341785630164688,0.0
2026-01-17,0.01910540298587217,0.020443116006287038,0.017988201414841493,0.023624234396695365,0.3667220911421045,0.39239906411971315,0.3452777648089426,0.45345961275947727,0.36980726687563614,0.32311975880742083,0.42825560883251795,0.314159365405585,0.020350715292884576,0.02177562199818561,0.019160693228779408,0.02516408937173595,0.39469847111602263,0.42233428096207415,0.371618206735298,0.4880529976026862,0.37434347679517876,0.3242631584728008,0.4312236946086925,0.0
2026-01-18,0.018556873086307067,0.020018208312270806,0.017319418135170513,0.023325869399240313,0.35617322534526086,0.3842215111917707,0.33242200825626766,0.4477074396785183,0.3608195126945339,0.3103403686191741,0.42207499894989303,0.31556282348667797,0.01977279305850714,0.02132988076814982,0.018454255147823107,0.02485427293681665,0.38348977308994014,0.41368920979496854,0.3579169669273251,0.4820441634448016,0.3650641528604603,0.3115473106561677,0.4271465578314899,0.0
2026-01-19,0.018716191453733825,0.020110863725397006,0.017108876470504072,0.023840546185909806,0.5780796563770054,0.6211563512032248,0.5284351496144015,0.7363535888729896,0.5826494578538104,0.49573766227794197,0.6905520814812685,0.31696628156777096,0.019948970824428643,0.021435505973731037,0.01823578682621085,0.02541085142652132,0.6149932273384405,0.660820606458269,0.5621786453050478,0.783373822426829,0.5818871879930284,0.4887648711381012,0.6895450209228906,0.0
2026-01-20,0.020874237597708806,0.02169779395181216,0.018745163028823886,0.02558926903164859,0.8610010762255342,0.8949703603201637,0.7731829948899295,1.0554822935661383,0.8365892011892575,0.7187660338890052,0.9789522646009426,0.318369739648864,0.022256326107016677,0.02313441033397986,0.01998628497667811,0.02728354095533845,0.9501639469884211,0.9876509954288462,0.8532516700089549,1.1647850969334834,0.8572862232565547,0.7298415357917108,1.0056560212132122,0.0
2026-01-21,0.02011410336761253,0.021095166089349394,0.01840932436889739,0.024190206371823404,0.8295112612566714,0.8699705629121564,0.7592056974667838,0.9976108917616725,0.8126657946068282,0.7101164681662032,0.9302783834553573,0.31977319772995705,0.02145277184443753,0.022499127943431868,0.01963453345537204,0.025800154681525016,0.9158587213154903,0.960529608873272,0.8382347434849491,1.1014565785581765,0.8327328327792263,0.7198205985654171,0.9565760139967661,0.0
2026-01-22,0.01876755392972511,0.019954874612315855,0.01750733178345593,0.022528712508544844,0.7738518603240785,0.8228092429677921,0.7218884954677027,0.9289375776259784,0.7668278749207045,0.6769463886317733,0.8672926958246061,0.32117665581105004,0.02002305482454045,0.021289804194801802,0.01867852707093258,0.024035825199917826,0.8548214431874672,0.9089013293153564,0.7974210532461661,1.0261340722302603,0.7845331962364532,0.6902784091174828,0.8901890370598315,0.0
2026-01-23,0.020760342755512518,0.021412121655585575,0.01904272910198469,0.024057362732780627,0.8558807152821288,0.8827514176481681,0.7850691482635933,0.9918060152483053,0.8214313432464156,0.7364801395659949,0.9230360629717587,0.32258011389214303,0.022156295883786595,0.022851901266168498,0.020323187597966544,0.02567501188050156,0.9458934707532405,0.9755901580003793,0.867634669379782,1.0961139996803386,0.8432736330388186,0.7491592950507293,0.9522780887233737,0.0
2026-01-24,0.022586407643630884,0.022710426352126147,0.0203727086879002,0.02551903502308684,0.4333835060117146,0.4357631523701245,0.39090748991273255,0.4896541779834468,0.4071716640208972,0.3673502110153549,0.45768300307678006,0.3231945900471501,0.02410832596858922,0.02424070131121925,0.021745463451311915,0.0272385597766322,0.4675766558581791,0.47014405187338487,0.42174936135748947,0.5282869788364692,0.4108203250001972,0.36877699046057894,0.4634580405819743,0.0
2026-01-25,0.02171529045529294,0.021926415676095067,0.019759465723297228,0.024401475479914305,0.41665990791323115,0.42071085142875464,0.37913272150946253,0.4682008075065792,0.39269664226938517,0.3566601673413709,0.4382052155251192,0.32380906620215716,0.02318156751183231,0.023406948497159265,0.021093680031836898,0.026049131251112398,0.4496023418986256,0.4539735656638301,0.4091081389010234,0.505218226030095,0.39654550267473576,0.3615166331465796,0.44393493728375955,0.0
2026-01-26,0.021282894168132956,0.02152632900724509,0.019477867971251776,0.02393993698089111,0.8772646556218822,0.8872988539133837,0.8028628532877607,0.9867859326480583,0.8224537833490518,0.745868748885636,0.9159833997792696,0.3244235423571642,0.022722970939617875,0.022982877450975624,0.020795810211713072,0.02555979877622035,0.9700858826149104,0.9811817748790782,0.8878118075990059,1.0911953380206263,0.8415741420911518,0.7630297748602037,0.9420379288940599,0.0
2026-01-27,0.02252330298824064,0.02235225852863067,0.02013673205786353,0.025032329339624928,0.9283372278062227,0.9212873319917044,0.829970543194027,1.0317511262363492,0.8552010612382082,0.7707448765122517,0.9516002920926635,0.32503801851217123,0.024050482046487572,0.023867840019820858,0.021502091104729552,0.026729631425672196,1.0267598002646263,1.0189624725246762,0.91796425224617,1.1411376691212063,0.8745712088544007,0.7850408232308569,0.9788448843988727,0.0
2026-01-28,0.022990598465577525,0.022648514915595056,0.020112240235416096,0.025532185476469457,0.9475403311826771,0.9334416133642685,0.8289109481871423,1.0522899400993775,0.8651684664889978,0.7675986018537884,0.968947786242454,0.32565249466717827,0.02455270066115184,0.0241873741553456,0.02147877163200853,0.027266976462894596,1.0482004467965784,1.0326039789416759,0.9169687005933157,1.1640779279494997,0.8858586213712855,0.7829444808493884,0.9950937323747717,0.0
2026-01-29,0.0232207526912043,0.022687045964429366,0.01976670507651581,0.025866154410075053,0.9569680994153318,0.9349731055941171,0.8146207162329365,1.065989761579484,0.8701402636053819,0.7581367703946483,0.985535745990436,0.32626697082218536,0.024801764505634708,0.024231719738844745,0.021112544062612527,0.02762728146138292,1.0588334454499997,1.03449717436155,0.9013337646582429,1.179460018319545,0.8906085358901445,0.7711058319183662,1.0054200666456592,0.0
2026-01-30,0.024066881263979902,0.023248376911114144,0.01993531380591822,0.026767602176591954,0.9917785753482699,0.9580486095875411,0.8215197020623313,1.10307330895933,0.8943190126318626,0.7654805238644267,1.0158883748125886,0.32688144697719235,0.025708894563091656,0.024834546039224067,0.021295442275919688,0.02859387780728945,1.0975605144047167,1.060232950075957,0.9091420294822511,1.2207258137053154,0.9116080130194677,0.7771826920881856,1.041860626078457,0.0
2026-01-31,0.024022535859002443,0.023101599362686905,0.0194680938697735,0.02710168720120051,0.460873030671322,0.44320483791249143,0.3734959321454784,0.5199466363599022,0.41543495030549527,0.3480941124331256,0.48049137717950186,0.32748757486267144,0.02566469358796479,0.024680802747687212,0.020798914271252158,0.028954332790599974,0.4977621265416984,0.47867974025631854,0.4033912098709746,0.5615640885423867,0.4177208415671755,0.34859837432468377,0.48305182793296325,0.0
2026-02-01,0.02376981436868522,0.022792755703171807,0.018801615821614957,0.027306733322045793,0.45601628562428065,0.4372717276494642,0.3607029856321845,0.5238709444217198,0.4092113056824953,0.33550718120356954,0.482593060337012,0.32809370274815053,0.025397833710682476,0.02435385527957689,0.0200893580708231,0.029176999926803907,0.4925864271105164,0.47233865278390325,0.3896294946953825,0.5658826776908575,0.41221353790745535,0.3378663085079723,0.4840442472629779,0.0
2026-02-02,0.02389866822364652,0.022826370306749857,0.018372275164444677,0.027725341554841663,0.9846941351133085,0.9405123648162673,0.756990784332341,1.142364125380549,0.8733426409504006,0.7015099220081544,1.0457131003297444,0.32869983063362973,0.025538668101532436,0.024392785814313922,0.019633037008753774,0.029627939487863544,1.090293230225861,1.0413733846245505,0.8381708573961835,1.2648718296793535,0.8936499107475291,0.715720714156552,1.065465708372343,0.0
2026-02-03,0.02388610068738875,0.023071096057757343,0.018947288979615926,0.027505584816979817,0.9841255048065145,0.9505466945581285,0.7806427083188296,1.1332510022157076,0.8844875411609455,0.7269648751463912,1.0435476088406284,0.32930595851910877,0.025528392463762,0.02465735209106532,0.020250012152520397,0.02939673466770085,1.0898545441419663,1.0526682109381758,0.8645106735444669,1.255001265982891,0.907006159265416,0.7353373158304861,1.0604945886775266,0.0
2026-02-04,0.024449778120515936,0.0238622896137947,0.01998633909555228,0.027756286311175094,1.007297431059249,0.9830937077910776,0.8234098456024759,1.1435210478875977,0.9144036702396445,0.758869125619331,1.054397672606512,0.3299120864045879,0.026134055164668334,0.025506096212747284,0.0213631422701806,0.029668339485416625,1.1157114110691346,1.0889026757264264,0.9120322681249065,1.2665965806984014,0.93503256167797,0.7727868322357507,1.0717042430847674,0.0
2026-02-05,0.024844124388790807,0.02451887811817108,0.020784939485131333,0.027967010479166197,1.023491104926103,1.0100920951771482,0.8562668720599917,1.1521430986602335,0.9384493716330506,0.79173984740302,1.0621609743039804,0.330518214290067,0.026558849304961905,0.026211154753396727,0.022219502163152036,0.02989727491308125,1.1338466628199446,1.1190029358780862,0.9485918643509786,1.2763702598092015,0.9586515164629317,0.8085935855849437,1.0790884993496361,0.0
2026-02-06,0.024595349151732927,0.024618397297586178,0.021115461626681428,0.027867407644242385,1.0131901086707442,1.0141395627019794,0.8698383067541428,1.147980522872655,0.9420544828502498,0.8108631292621891,1.0528540234089618,0.3311243421755461,0.026296154158609735,0.02632079611805858,0.022575627230984083,0.029794480366715406,1.1226317185424186,1.1236837296128375,0.9637955057087562,1.2719817694791173,0.962975444662451,0.8246905715317063,1.0751986558600102,0.0
2026-02-07,0.02537550609217714,0.025529903838075206,0.02221410620024494,0.028650967951060004,0.48677003869182245,0.48973180018228163,0.42612593795443565,0.5496021528569668,0.4572186595986734,0.4016079934629588,0.5082646493679123,0.33163383265573165,0.027132998533096604,0.027298089774932255,0.023752641967251707,0.030635316929799664,0.5262396374613396,0.5294415524706841,0.46067822848066964,0.5941664742651322,0.4603793608135663,0.40237802764583686,0.506882987211415,0.0
2026-02-08,0.02715683733368575,0.027179044989046056,0.02406221306353819,0.03030956649939925,0.5209335185224933,0.521359514815906,0.46157117489813426,0.5814104539278692,0.48707489822306627,0.42954168459880576,0.5388551615838278,0.3321433231359172,0.029040634961490692,0.029064383102879354,0.025731344830682682,0.0324120605700376,0.5632379036596601,0.5636984946002266,0.499054815433471,0.6286260983262203,0.49018652720898603,0.4289281702397432,0.5433703279478318,0.0
2026-02-09,0.02695053654749845,0.027321913516169458,0.02418268125161501,0.03040539052289252,1.1100829595405926,1.1253798440297373,0.9960759900311275,1.25238715890326,1.0449042014647951,0.9288896635149858,1.160869191670888,0.33265281361610277,0.02882293320368413,0.0292201116992783,0.025862780326203972,0.032517814201165,1.2305046145042826,1.2474609030317805,1.1041301837814619,1.388245954891641,1.0680241358086842,0.9392086185538635,1.1896500814942061,0.0
2026-02-10,0.025885827754265383,0.026876639403583605,0.02376429772456133,0.030070137183675526,1.0661871169474302,1.10699673006287,0.9788054033951231,1.238530719373805,1.026286729492345,0.911834586232408,1.1464873261743274,0.33316230409628833,0.027687048630413665,0.028746804207043185,0.025417895576437238,0.0321625160466599,1.182011589902091,1.2272545260763517,1.0851372265538963,1.373077616001429,1.0489589458033202,0.9295604724756532,1.1691989258325988,0.0
2026-02-11,0.025138529531767147,0.02664324365158394,0.023415617899583692,0.029796347694654376,1.0353676589456224,1.0973415438400567,0.9644069855725136,1.2272068148918265,1.0154650205478775,0.8957798319109784,1.1436578889299063,0.3336717945764739,0.0268904659828055,0.028500045564683937,0.02504748242332312,0.03187289348338524,1.1480039954359398,1.2167199407880993,1.069323600266834,1.3607130902241404,1.0368166612175524,0.9170093504193316,1.1692340053992147,0.0
2026-02-12,0.026501853669239076,0.028065465682184633,0.024490615499853468,0.031748069170431964,1.0914763404990824,1.1558735535827502,1.0086436864368082,1.3075412304564922,1.0707446904756464,0.9365532408407193,1.2074940351491985,0.33418128505665945,0.028351664792479504,0.030024415846417362,0.026200043584848783,0.03396406252040044,1.210385289709703,1.2817981426709817,1.1185285794316364,1.4499889849282523,1.0913924017065084,0.9541430200092283,1.2334556113733164,0.0
2026-02-13,0.02739097167649934,0.029112371601921608,0.025175477605404915,0.03344083036986119,1.1280513275230648,1.1989443025516462,1.0368099120108956,1.377204632888606,1.1109677088708017,0.9577272080345182,1.2708035995438718,0.334690775536845,0.02930580212833462,0.031147540573905612,0.026935428720964886,0.03577859045676629,1.2511191867889389,1.3297464257298852,1.1499235383358561,1.5274545566334816,1.1309371981075076,0.9700728465142735,1.3000558980101071,0.0
2026-02-14,0.026768206710960585,0.02904416899257099,0.024917285572396863,0.0336590639646545,0.5134270238586844,0.5570810703654071,0.4779254700253905,0.6455969659770113,0.5177972545718125,0.4431217374981335,0.6028875870179295,0.33581402510502745,0.02864601893940352,0.031081641890480172,0.026665254125265696,0.03602027562867273,0.555584396726164,0.6028228667833406,0.517167818609425,0.6986067818847504,0.5206105571047144,0.4423547564179803,0.6027560613754723,0.0
2026-02-15,0.02746688195545691,0.02992821929995487,0.025374055696558553,0.035358523840901324,0.5268114707936646,0.5740196230942104,0.4866713165033512,0.6781722068025757,0.5329649088876014,0.4506628748176948,0.631564611280772,0.33693727467320994,0.029400397630898915,0.032034999430599884,0.027160248046982492,0.03784756719928988,0.5702154360724737,0.6213130651914397,0.5267681368931595,0.7340467739845834,0.5352463631104827,0.4500659855404786,0.6350616975486658,0.0
2026-02-16,0.02752423961960123,0.03040303984222416,0.0251935526953658,0.03642275049721174,0.8500879953503999,0.9389999342117742,0.778104572643902,1.1249191034244852,0.8689062988096379,0.7229806154343276,1.0512607432217818,0.33806052424139243,0.029468500771180267,0.03255065409322967,0.026973178452619283,0.03899558592533213,0.9084643289918956,1.003481933426803,0.8315377376680843,1.2021683449858038,0.8627710483040999,0.7115431177114707,1.0416624591863661,0.0
2026-02-17,0.027013345775484674,0.02940533528338505,0.0246687291071097,0.03485621670702088,0.8342967056087623,0.9081723736906878,0.7618841292993197,1.0765207320243846,0.8428758942487624,0.7094459361749017,1.001425651085344,0.3391837738095749,0.028928104641426335,0.03148964305139749,0.02641729695064644,0.03732689362826037,0.8918048249601593,0.970772747043158,0.8144008456487024,1.150725367288214,0.83669276184159,0.7010774877904076,0.9926161756790554,0.0
2026-02-18,0.026872169664799626,0.028732984678523255,0.024423298860445364,0.03366478150441807,0.8299242976730066,0.88739400006875,0.7542929881156724,1.0397083858460254,0.824282138269313,0.7015312333270838,0.9697709451663699,0.3403070233777573,0.02878347656152615,0.03077664369320775,0.02616042764963762,0.03605921894169247,0.8873461844415885,0.9487921757022864,0.8064819970112519,1.111645088231764,0.817758080796908,0.6950748170232584,0.9655876595865315,0.0
2026-02-19,0.02846879329691972,0.029411968362019772,0.025470990187261535,0.03417089046683487,0.8792217022859146,0.908350439062426,0.786638447151006,1.0553235668097947,0.8433642394931617,0.7316870519429334,0.9742352626760131,0.3414302729459398,0.030500608960627097,0.031511098360089744,0.02728885286562853,0.03660966438216117,0.9402824890351731,0.9714341781341314,0.8412694490307063,1.1286143956154324,0.8373254363340895,0.7167117236442576,0.969529007901794,0.0
2026-02-20,0.02770756166940983,0.028387167897102984,0.024780714386251283,0.032650417422148414,0.8556994253050805,0.876687871181674,0.7653088825342391,1.008350852285533,0.8129110029395876,0.7086188337471676,0.9367070366307301,0.3425535225141223,0.029691813095314924,0.030420088695017198,0.026555362348513252,0.0349886468953619,0.9153486724566647,0.9378001846371454,0.8186571697149999,1.078641152155778,0.8068649847437693,0.6954065414351319,0.9287553048317279,0.0
2026-02-21,0.02811063856608082,0.028207410509211623,0.024740810302202338,0.03236804782932408,0.5390657511548447,0.5409215055195795,0.47444398882595823,0.620708276530737,0.5026108887143266,0.4391967644208956,0.5763003027971716,0.3430792730020214,0.03012718551295067,0.030230899495694137,0.026515618987558644,0.034690004617069184,0.5843113566208675,0.5863228707044293,0.5142656719660167,0.6728064143353372,0.5043744167261524,0.4389835857300574,0.5782667036062015,0.0
2026-02-22,0.029125464691792335,0.02837157759570933,0.025105393906190616,0.03224102452352283,0.5585178058075193,0.5440610625010487,0.4814278387245934,0.618262625658257,0.5068821209736692,0.44562000041641875,0.5737249139481063,0.3436050234899206,0.031218365445279724,0.03041030544970368,0.026909419983675686,0.034557803508254416,0.6054745955932757,0.5898024169875726,0.5219033716170812,0.6702423975537122,0.5086240363452497,0.44274771991328865,0.5801375882322549,0.0
2026-02-23,0.029827746706235767,0.028375594677472013,0.02521095556163968,0.03215858911984757,1.2275323276454873,1.167770402699583,1.037532712998286,1.3234559132094479,1.0790681898443446,0.9518106468561525,1.2267294515719105,0.3441307739778197,0.03197475280473518,0.030418074634844843,0.027025644276577783,0.034473369637445815,1.365061654059251,1.2986041683546632,1.1537750081601528,1.4717322528078727,1.1009284556696475,0.9636270798998019,1.2552759032694996,0.0
2026-02-24,0.03219758943576668,0.029478230425078286,0.025978220259711124,0.03338900695924077,1.3250083202521274,1.2131001501668202,1.0690663056664322,1.3740380196539004,1.1205843301631715,0.9846645618762635,1.2770276081568406,0.3446565244657189,0.03451910804281848,0.031603677131928944,0.027851308362512237,0.03579642944909816,1.4736849103834704,1.3492197435745825,1.1890241433051816,1.5282161363876081,1.140515948862805,0.9977687580942185,1.3146625117999033,0.0
2026-02-25,0.03064149178932389,0.027824595736592978,0.024463270776406303,0.03184731354150424,1.2609210820017585,1.1450036311440495,1.0066825097411114,1.3105415795582869,1.0595340619765825,0.9342331736357494,1.215878657786239,0.34518227495361803,0.032854553973004026,0.029834209401104452,0.026230114891458663,0.0341474654314675,1.4026220019166546,1.273677875833044,1.1198123794281907,1.4578187962381086,1.0769866481776007,0.9463542336936984,1.2472468169393742,0.0
2026-02-26,0.030975142139230204,0.027600536504102234,0.024110892321772374,0.032132345078538835,1.2746004297589244,1.1357383133732344,0.9921424598171653,1.3222183343719571,1.0464938336768759,0.9197734332847983,1.2237281757285576,0.34570802544151724,0.03321608532756394,0.029597338778494044,0.02585523104571622,0.03445700785184517,1.4180564477077948,1.2635654284945672,1.1038078909596065,1.4710337377559561,1.0683496454690278,0.9270154582401812,1.2522667702014145,0.0
2026-02-27,0.032381896161924315,0.02796081919403202,0.02430251717184252,0.03313757492828134,1.3324342221932304,1.1505179371951788,0.9999879378057179,1.363528517729351,1.0622085752238073,0.9208832680777321,1.2629854910141565,0.3462337759294164,0.0347285691272646,0.029987102589028352,0.026063688282752902,0.03553901092919633,1.4826271935698725,1.280205170329309,1.1127073180334495,1.517226461105095,1.08203973871841,0.9296873268904922,1.2875230392030947,0.0
2026-02-28,0.03115609243342875,0.026697372511172934,0.02289780357726922,0.0321471398452609,0.5974006255752542,0.5119071678667211,0.4390525612474734,0.6164034047289068,0.4765944949997728,0.40619354764424365,0.5709051374160768,0.34673194662644635,0.03341778080240897,0.028635392724069283,0.02456000483490633,0.03448077049677343,0.6481318617539169,0.5553783031866594,0.47633688641543703,0.6687483561198154,0.4800649478261856,0.40686502122691454,0.5746948250345412,0.0
2026-03-01,0.03277903732415211,0.02723680013044542,0.023109646013887878,0.03342341639901761,0.6285093898446936,0.5222418359033036,0.4431072630987106,0.6408647953792543,0.4859446558922133,0.40928484955450073,0.5985737356406282,0.3472301173234763,0.035162587921075725,0.02921734307828172,0.024790080067102423,0.03585382347050307,0.6819720827102255,0.5666651258740857,0.4807991542562736,0.6953784721473283,0.4896172271652047,0.40861800457550357,0.6040176228999585,0.0
2026-03-02,0.03595308217574646,0.028648072406725372,0.023562018448535983,0.03605992432513592,1.4792086480792896,1.1786604622013899,0.96940621905261,1.4836044278509293,1.0912778273706625,0.8985545913066039,1.3715928140365286,0.34772828802050626,0.03857187790446673,0.03073477666445967,0.025278258323922213,0.03868650235644434,1.6467051918739293,1.312124766904089,1.0791758525895532,1.651598722872204,1.1126837782836758,0.9124323060617775,1.4066888306427279,0.0
2026-03-03,0.03224766892818964,0.026932338814664298,0.022846376602372945,0.033042249266645764,1.3267066408245944,1.1080277721134175,0.9399265300274661,1.359396600959258,1.0247418632365513,0.8618799200030107,1.2528336242522948,0.34822645871753627,0.0346005504482681,0.028897398752194263,0.02451331313127925,0.035453105625114376,1.4771618381136873,1.233683687238337,1.0465189199054878,1.5135590039335345,1.0489194520515368,0.8711293676000925,1.2825111734539563,0.0
2026-03-04,0.030625015775178396,0.026406647405173872,0.02272234683329946,0.03171053149365292,1.259900253015389,1.0863583545981992,0.9347877805039483,1.3045579125705133,1.0038146581211236,0.8612623519617346,1.1975493568173268,0.3487246294145662,0.03286328958116226,0.028336615625427244,0.02438304258937074,0.034028141794235904,1.4029949412727314,1.2097428127844225,1.040957428234268,1.4527246482832392,1.028303197953151,0.8688386315470398,1.22324841268694,0.0
2026-03-05,0.0298638238722108,0.02646326872315147,0.023070472441895383,0.031082762174639962,1.2285377957853916,1.0886457797746911,0.9490729480181439,1.2786824718882464,1.004443137089036,0.875218733427942,1.1718092421044755,0.34922280011159623,0.032050157287095885,0.028400647168861752,0.024759463945888176,0.033358334179756755,1.3682808116253273,1.2124764384398392,1.0570275558968292,1.4241293157186337,1.0276005540641981,0.8814566224207394,1.1958541493072157,0.0
2026-03-06,0.029123670439502168,0.026433965709199626,0.023415369941079855,0.03077702734902429,1.1980431976544974,1.0873984057306263,0.963224217797248,1.266056362508244,1.0049209932266001,0.8849699838012103,1.160583643232809,0.3497209708086262,0.03125941889212489,0.028372467982715612,0.025132507216861524,0.03303402269147432,1.3345227191716027,1.2112734165842665,1.0729534668059864,1.4102838552289552,1.0272758804194604,0.8964824225045561,1.1879689698258087,0.0
2026-03-07,0.02786031756994907,0.026185572068285062,0.023071326648727332,0.0301162258506077,0.5341448508703848,0.5020362187994758,0.44232914076538693,0.5773956784721994,0.46633878152493347,0.41249783618528996,0.5333836821019737,0.35017994489329596,0.029906736611631603,0.028108976321066764,0.024765980776495035,0.03232834772931778,0.5800357897399216,0.5451685515172351,0.4803317528396244,0.627002502802949,0.46904388981484446,0.4127241254839506,0.5360016904123412,0.0
2026-03-08,0.026515795633242877,0.025769395426034875,0.022767405902086018,0.029388044081400194,0.5083591409203223,0.494049203803319,0.436495252318899,0.5634257047832755,0.45934095618641113,0.404114095676985,0.5224318725207464,0.3506389189779658,0.028466613376883776,0.027665299080420497,0.02444244745183988,0.031550178630854214,0.5521048580358956,0.5365635110539513,0.47405688206684543,0.6119100527827424,0.4611228495086887,0.40370173122496056,0.5245099860557354,0.0
2026-03-09,0.027075414703610995,0.02660646537485253,0.023612616408173557,0.030409510535847485,1.1136649994794587,1.0943761922835322,0.9712333025285169,1.250802911268375,1.0109995205599718,0.890957827550983,1.146944125976799,0.3510978930626356,0.029070629686195476,0.028567123002099917,0.025352654245131404,0.032650418448001886,1.2410792379325377,1.2195836013214034,1.082351952804659,1.3939070767657593,1.031798376783036,0.9022483571389767,1.1743435070365509,0.0
2026-03-10,0.02574041227442778,0.026186390880475773,0.022914874457776617,0.030056414687612623,1.058715598922788,1.07705891456105,0.9424998627511212,1.2362348643918466,0.9918505545243037,0.8670267400439405,1.137941059537698,0.3515568671473054,0.027640316224501766,0.02811921258284702,0.02460622500933833,0.0322748834666379,1.1800164965951359,1.2004614726372629,1.0504855007488048,1.3778747901067063,1.0126506479776323,0.8748763298353688,1.1618151599280655,0.0
2026-03-11,0.024138508219336777,0.025476822208187016,0.02196080123640151,0.029658277966200415,0.9927927554579594,1.0478362743277039,0.9032258403643247,1.2198153770171634,0.9676406654744111,0.8319104391558583,1.1204215895540723,0.3520158412319752,0.025923051826314887,0.02736030646432334,0.023584348437182677,0.03185089442193336,1.1067032861956225,1.1680623592569668,1.0068596897112723,1.3597739093836612,0.9853366174526088,0.8357117012088034,1.1402814853936707,0.0
2026-03-12,0.02551316616963517,0.02705605574008769,0.023133292603571113,0.0314832008964445,1.0492932732815419,1.1127484962408505,0.9514149736017636,1.294826000911162,1.0280624530358706,0.8780212406662306,1.192766983926479,0.35247481531664504,0.027402378247092726,0.029059516499629692,0.02484627857667392,0.03381448518217829,1.169858481895572,1.2406047953331525,1.0607338339162604,1.4436032502215506,1.0454561607337682,0.8870241276991607,1.2199049293347743,0.0
2026-03-13,0.027792347417544383,0.029402515534647785,0.024418155991982594,0.03482099389489401,1.1429891792054683,1.2092090168788079,1.0042220491734641,1.4320495722473277,1.1142452347383494,0.9324341784332321,1.3123914583134104,0.3529337894013148,0.029853642812497878,0.031583233448146474,0.026229195259135543,0.037403588063169936,1.2745075243017179,1.3483469646990252,1.1197731186142688,1.5968287261223286,1.1333072354410023,0.9481270723043106,1.3377491181277423,0.0
2026-03-14,0.02619468528150842,0.02866697882171782,0.02345812945797804,0.03405642956355252,0.5021475614467737,0.5495409986671529,0.4496882622117947,0.6528558321330181,0.5113111716973469,0.42058867466155003,0.6088654085700704,0.3537554203822717,0.028143080018847792,0.030799265965899835,0.0252029756163709,0.03658959105875999,0.5458299866157004,0.5973462363992084,0.4888071893391417,0.7096485524861392,0.5141873490289969,0.41884234538317444,0.6123330408833486,0.0
2026-03-15,0.026277201426367934,0.029280068660074737,0.023373437435871405,0.03542820082782211,0.5037146031590087,0.5612773569859055,0.4480515855336737,0.6791325237061488,0.5217158271601043,0.41915257604466205,0.6313935853128787,0.3545770513632286,0.028237347997194507,0.03146421396711724,0.02511697787212118,0.03807096575687298,0.5476582971390973,0.6102427835561492,0.48713927852194017,0.7383795489194486,0.5250835746396473,0.422010420428917,0.6351874792045017,0.0
2026-03-16,0.021297076444465567,0.025720669294576524,0.01985733235610054,0.032180147372647724,0.875696534997747,1.0575865207516195,0.816496911389673,1.3231883551447545,0.9757755258936572,0.7560187155100818,1.2152590270766845,0.3553986823441856,0.02289028280489343,0.027644798835146867,0.021342833349317417,0.03458750199746205,0.977228737258745,1.1802078675789582,0.9111652425289634,1.4766047754852762,0.9959588799285545,0.7703831723083147,1.2444168680997938,0.0
2026-03-17,0.026350933684231,0.02958143381337125,0.023778897905877228,0.03590903726026625,1.0834325912285465,1.2162563145857583,0.9776819783103421,1.4764190807665494,1.1229506162908138,0.9040223281793216,1.3586939746239357,0.3562203133251424,0.02832784688621277,0.031800707245576015,0.025562850526381013,0.03860302338921913,1.2093684590019484,1.3576313255022687,1.0913256229096933,1.6480348505328146,1.148943365107438,0.9278486705960446,1.3878371706205137,0.0
2026-03-18,0.029730363909487474,0.03209787016396314,0.026350216923085448,0.0387184890058611,1.2223015331646125,1.3196365854173366,1.0833338818980753,1.5918294380035758,1.2148620524856617,0.9977579411317067,1.4747619967154868,0.35704194430609937,0.03196716998664117,0.034512798930560966,0.028332712849718448,0.041631529417010635,1.3647379294546211,1.4734155626494496,1.2095761960322313,1.7773274043446217,1.2321316227180967,1.0210638816447284,1.5000566073039483,0.0
2026-03-19,0.02811694912662137,0.03051212048013484,0.025410440515664386,0.03604668081758249,1.1558954863097812,1.2543616372423299,1.044630175376681,1.481888929906803,1.1571870561433957,0.9676306477465946,1.3663603641652253,0.35786357528705626,0.03023838446362042,0.0328142724775592,0.027327668668544018,0.03876641766113435,1.2909328608124988,1.4009023099729614,1.1666689910653965,1.6550104558313596,1.173162761410906,0.9897069157460826,1.3966923104003548,0.0
2026-03-20,0.026240163462043845,0.028745523637035093,0.024367529947205445,0.03326456990720685,1.0786713600987496,1.181660820183636,1.0016918038037175,1.3674281761548124,1.0880848580246658,0.9269574452718419,1.2591874423885212,0.35868520626801315,0.02822561197766551,0.030920538945856398,0.026211286607983393,0.03578151653524865,1.2050038606509816,1.3200553041205536,1.119008564995575,1.5275794763649155,1.107688642863053,0.9442475187551309,1.282175844885539,0.0
2026-03-21,0.027104587754594685,0.02906839713757444,0.024926414236521886,0.03340815825977554,0.5194929543991695,0.5571317905798828,0.4777455643874597,0.6403086810447354,0.5174562873032547,0.4469213454180442,0.5938679479973701,0.35899369665898545,0.02915755572883685,0.0312701088524437,0.026814402004629468,0.03593857412910034,0.5655055609605988,0.6064781496897309,0.5200605149647056,0.6970221959620937,0.520001215589023,0.45009079181026523,0.5976574093867645,0.0
2026-03-22,0.02616981492381648,0.028056471819003097,0.024162708230547763,0.03201154714580685,0.5015713066595182,0.5377310184072601,0.46310305116445677,0.6135340879122116,0.4988576988133664,0.43114698282142977,0.5706485022513751,0.35930218704995776,0.028154021563454534,0.030183725597073198,0.02599473517618189,0.034438676438723274,0.5460421959098594,0.5854079414061579,0.5041632239183369,0.6679319494178223,0.5014806098644045,0.43418756135723335,0.5735170901395815,0.0
2026-03-23,0.02890824770197241,0.029874925812155003,0.025930282239345834,0.03410802942277483,1.1882659280915202,1.2280009778809111,1.0658574400104184,1.4020015898321345,1.1304516173534735,0.988261231801242,1.284410806219231,0.3596106774409301,0.031102338009888576,0.03214238546069301,0.027898349675650448,0.03669677494447325,1.3278166442181516,1.3722182038538204,1.1910324244360386,1.5666535597712063,1.1497795187621116,1.0121074899044207,1.3249966200972736,0.0
2026-03-24,0.031207227677790977,0.031332282928199104,0.027219747920902277,0.03572551216357329,1.2827346336759362,1.2878748756249427,1.1188341924687566,1.4684531490965893,1.183458677704964,1.0364648329720156,1.3577605446870968,0.3599191678319024,0.033578241094854515,0.033712797595410626,0.02928780690377297,0.03843980865750956,1.4335175508395008,1.4392620180550952,1.2503509371904087,1.6410669101395012,1.2039157735478865,1.0521981185752274,1.3901376581690867,0.0
2026-03-25,0.031084650790745613,0.030945714526854455,0.026650193827250934,0.0354480567606265,1.2776661175804058,1.2719554484121434,1.095397529450975,1.4570143110825398,1.168405510619427,1.0206139067351987,1.347754274665185,0.3602276582228747,0.033448776208196064,0.033299273225859786,0.02867705914515704,0.03814403853475577,1.4279904540890165,1.4216078937733505,1.224276979693988,1.628439933616706,1.1889676728053264,1.0376821837375378,1.3768334211963933,0.0
2026-03-26,0.027639515306013322,0.028155375187585374,0.02358087533060962,0.03273517869762465,1.1360346062956794,1.1572373904609279,0.9692170837919295,1.3454756869663342,1.0660441677159769,0.8991280530058545,1.2459317359599715,0.3605361486138471,0.02974377941232251,0.0302989129722011,0.02537614521881776,0.03522738815876676,1.269817251458022,1.2935169353961382,1.0833548261526285,1.5039227055751347,1.0881796232091259,0.9186839757718298,1.2780215790441782,0.0
2026-03-27,0.03190449675931337,0.030982935271001474,0.025750305030930818,0.0363278703646022,1.3113022001264916,1.2734252319896255,1.0583596380071705,1.4931066518423286,1.1699630810168196,0.9778027378214031,1.3824643933524352,0.36084463900481945,0.03433595399917455,0.033344159860912485,0.027712748321242663,0.03909643506170766,1.4658657236866708,1.4235241876901301,1.1831087574919736,1.6690995123268406,1.1920108645667176,1.001508328150826,1.4149050157701848,0.0
2026-03-28,0.03752997188217033,0.034608397758760914,0.027950368416520033,0.04202134443295386,0.7192547210084004,0.6632633126578776,0.5356634558806277,0.8053310154724868,0.6128808673594617,0.5024070403477081,0.748641634248727,0.3610688067406577,0.0403921301724148,0.03724774725969605,0.030081954843759952,0.04522602947011841,0.7833981162198123,0.7224133738954298,0.5834341159086763,0.8771507256428092,0.6126310216138625,0.5021808457195814,0.7588827640721022,0.0
2026-03-29,0.03600079355265562,0.03319320040094859,0.026471371504502333,0.040983608014093835,0.6899428618286766,0.6361363019508749,0.5073147564270618,0.7854367921071216,0.588982106733217,0.4734013330166826,0.7251635498199089,0.3612929744764961,0.038748232033162404,0.0357263744527748,0.02849156210382582,0.044111315228748324,0.7515150068108637,0.6929066213195498,0.5525887341178211,0.8555310429698444,0.592356312892836,0.4730778083749418,0.7303675884979266,0.0
2026-03-30,0.03133886332132904,0.029692932454124233,0.022843684583501698,0.03688839256265086,1.2879892645695274,1.2203435026461662,0.9388477241527103,1.5160681841189938,1.1205759566239593,0.8781393744074907,1.403872096854236,0.36151714221233444,0.033732176091284954,0.0319605473861415,0.024588230372095447,0.03970551646654347,1.4400893220781454,1.3644551983246131,1.0497172762240075,1.6951023300818167,1.1423460341566198,0.8962120245524423,1.4394335858320373,0.0
2026-03-31,0.02812385923824281,0.027445803495152354,0.021596675769459818,0.03374075595758018,1.1558370771779956,1.1279702769064415,0.8875822619745455,1.3866808398313628,1.039226525306554,0.8317828825928013,1.277782753783775,0.3617413099481728,0.030273130690714144,0.02954325681557207,0.023247129155190803,0.036319279870323254,1.2924162418574912,1.2612565689324033,0.9924631715061862,1.5505375931063419,1.0607340312104723,0.8413557276658222,1.3067661416803484,0.0
2026-04-01,0.02801659553530486,0.02735930082511574,0.022055625439991955,0.03318790186266222,1.1514093969443493,1.1243962894838138,0.906428989742534,1.3639366717980637,1.0359385076230891,0.8468167128784115,1.2506190184641885,0.3619654776840111,0.03015914903007016,0.029451588074054284,0.023742317076245217,0.03572592812035545,1.2875501528165145,1.2573430598996378,1.0136036646544115,1.5252063035668622,1.0583472140239913,0.854899571826812,1.2839420105052475,0.0
2026-04-02,0.03202681531259168,0.03015475891729419,0.025051714479574407,0.03592874801899666,1.3161969106355624,1.2392615419460218,1.0295431775627202,1.4765535281622186,1.1404398903198154,0.945052259470417,1.3631439944739385,0.36218964541984944,0.034477739345711404,0.032462419626670756,0.026968853242500434,0.0386782762234148,1.471918803779172,1.385881057500664,1.1513504933128682,1.6512475339567363,1.1637479623879101,0.9657839356932222,1.3902814691375733,0.0
2026-04-03,0.028066852836831087,0.027509727722378797,0.022924255175132774,0.03272946089838648,1.153436078212363,1.1305404507323866,0.9420957575423726,1.3450507344058238,1.0379626106274553,0.8685314827024398,1.233087640967121,0.36241381315568777,0.030216214094978606,0.0296164243061538,0.024679795998743023,0.03523588495896842,1.2899863665495381,1.264380225159766,1.0536263830912225,1.5042854497754818,1.0580466057767839,0.8847740442433033,1.2618684554006272,0.0
2026-04-04,0.028941956644674124,0.028061544678137765,0.023785181612231126,0.0332425362318062,0.5546377848839302,0.5377657485907359,0.45581439445966004,0.6370532195142949,0.4995350268495017,0.4269091285099592,0.5901226585244672,0.362578428857477,0.03115932417640154,0.030211460069945635,0.02560746647329654,0.03578938962591643,0.6043295007784953,0.585945846530494,0.4966522169222645,0.6941287892943943,0.5010284351618848,0.4250749047850131,0.5931993289058086,0.0
2026-04-05,0.027616989704902728,0.027143672875420764,0.023101937623898672,0.03210065980399866,0.5292435423792553,0.5201730434516234,0.4427184655004673,0.6151672245568327,0.48159679311644227,0.41331601835752363,0.5702572931248013,0.3627430445592662,0.02973379130637576,0.02922419543875976,0.024872667130696344,0.03456112811743626,0.5766815465799737,0.5667980261758825,0.48240091553421155,0.6703068777521841,0.4838873693865433,0.41314443785097293,0.5735870698456544,0.0
2026-04-06,0.032593100758725256,0.030645896149148175,0.02583876558520144,0.03620985793080578,1.3393996338904883,1.2593800874078123,1.0618330983969417,1.4880287338959128,1.1599690738527408,0.9813651801269538,1.3583316585702478,0.3629076602610555,0.03509242985010456,0.03299590820672912,0.027820153578644684,0.03898652996305933,1.4981610844243312,1.40865667700157,1.1876940876497777,1.6644074592977958,1.1814217258988813,0.9927447137815171,1.3836694124603077,0.0
2026-04-07,0.03191613917365761,0.03020825117998651,0.02533012900665263,0.036011340846429984,1.3115647644608337,1.2413806578570652,1.0409186557186463,1.4798533593984813,1.1434422438309984,0.9604627892631905,1.3371360308090636,0.36307227596284475,0.034364649774628664,0.03252573772961408,0.027273380634278793,0.03877402305363258,1.4670907997003968,1.3885842250548752,1.1643513339344012,1.6553351441792834,1.1641048178346716,0.9702994899894495,1.3716364481378354,0.0
2026-04-08,0.03320826548113522,0.031156726985345957,0.025777516398698307,0.037301524791928505,1.364647476761502,1.2803423559972678,1.0592911795000306,1.5328542743546425,1.1755743048953753,0.9802668382829124,1.400707999487553,0.36323689166463397,0.035757041252241585,0.03354804461957582,0.027755972915002126,0.04016446331754946,1.5265345810217288,1.4322284071597235,1.1849540957753895,1.7146956245596605,1.195836116022285,0.986461469033792,1.4334558909089834,0.0
2026-04-09,0.0307934730043078,0.029379151458929675,0.024263541671014775,0.03576602004346293,1.2654000600994255,1.2072811669082912,0.9970647703307732,1.469737561144332,1.1109006526819105,0.9135686301198309,1.3470736145121378,0.3634015073664232,0.03315796493301382,0.03163504401405501,0.02612662961938977,0.038512331435584087,1.415575179989991,1.3505588540990372,1.115394400733445,1.6441630423910933,1.1338186425396195,0.9237486082911541,1.3712879606444919,0.0
2026-04-10,0.02757346264962324,0.027250122535693172,0.022165824052711506,0.03376083344304756,1.1330664462120796,1.1197795464685112,0.9108522859790782,1.3873218629287558,1.031806336486075,0.8355088534762101,1.266958440437298,0.36356612306821245,0.029691648788342316,0.02934346977201825,0.023868596818626017,0.03635433177654917,1.2675916981837836,1.2527272885405059,1.01899478167293,1.5520340241618957,1.048479573472535,0.8481984728024006,1.297769029025141,0.0
2026-04-11,0.028634013702744154,0.027975019546814486,0.022262637278046483,0.03516177854071147,0.5487156545668258,0.5360873023776949,0.4266205119974631,0.673807679495915,0.49716385154672216,0.39573657938737183,0.6223395632458986,0.363780638900418,0.030834850674640903,0.030125205613892574,0.023973764321642048,0.03786434560006255,0.5980363954394722,0.5842729568339341,0.4649668568630808,0.7343721880566416,0.49991447938961653,0.3960566907102668,0.6234520682668362,0.0
2026-04-12,0.029454023863060726,0.02851333187274611,0.022274659798852584,0.03635066890757555,0.5644264038954567,0.5463999569917974,0.4268485075829831,0.6965865657638938,0.5060013453582458,0.3961436815306653,0.6435129444870605,0.36399515473262356,0.03171910103371658,0.030706067825720235,0.023987628581287182,0.039146112771660975,0.6151862724726882,0.5955386751950774,0.46523575169092035,0.7592318323332967,0.5083900659667377,0.3947571616112194,0.6452615569930188,0.0
2026-04-13,0.024411293040633313,0.024927177117524367,0.019015534346475366,0.033501931082984215,1.00308556378913,1.0242837800924118,0.7813681954059647,1.3766293892119048,0.9434983089811659,0.7238927994380588,1.2576985918955808,0.3642096705648292,0.026289579249445243,0.02684515716579647,0.020478652906263366,0.036079681266761636,1.1223510234441898,1.1460696777864012,0.8742717724776082,1.5403086831883985,0.9569163812388828,0.7415280766026742,1.2797603687926722,0.0
2026-04-14,0.02348884104711189,0.02424224103470719,0.018489930930485676,0.03175759320121216,0.9651685440317672,0.9961261365175962,0.7597607595722153,1.304935817415983,0.9147692181951288,0.7013116298618557,1.1996391995802569,0.3644241863970348,0.025297118573458715,0.026108518709430262,0.01991336968160334,0.034202436774440625,1.0799810317127672,1.114621212310165,0.85013878047674,1.4601656250884532,0.9304208933657121,0.722563778431853,1.2270554378607612,0.0
2026-04-15,0.023593056706925377,0.024300029398654745,0.018707128494049697,0.031067774368747345,0.9694382604391099,0.9984877551680781,0.768675561219631,1.2765742698745939,0.917148763367368,0.7181199718317196,1.1740348284071611,0.36463870222924033,0.02541032944294075,0.026171757231936512,0.02014805897642309,0.03346079279066421,1.0848142142457597,1.1173209824275392,0.8601581028756682,1.428503464339331,0.9329357985977157,0.7296487261048962,1.1960986936356297,0.0
2026-04-16,0.023255742349370678,0.024028770232360476,0.0188811819218671,0.030222135551201405,0.9555656401466388,0.987328929951073,0.7758173623893069,1.2418108986043073,0.9072503193702482,0.7139053042521506,1.1382955621323547,0.3648532180614459,0.025047991585034207,0.025880594372648478,0.020336297108452667,0.032551263494228606,1.0693453373270636,1.1048906985492697,0.8681943387594765,1.3896739674112475,0.9242110817283165,0.7293257159594081,1.1557485469077688,0.0
2026-04-17,0.024398930307377845,0.02483324823020102,0.019647536748674244,0.030284298772802466,1.0025256146940804,1.0203712676413854,0.8072960006051201,1.2443490292524169,0.9404848374623922,0.7450691117760904,1.1399276949019925,0.36506773389365144,0.026280287134848257,0.026748094517213397,0.021162522321378503,0.032619465583133375,1.1219543257934232,1.1419258928310865,0.9034674294591788,1.3925856414078905,0.9567134027329017,0.7570750783815083,1.1650931345434377,0.0
2026-04-18,0.02618762637853441,0.025972564168657505,0.020788868008805174,0.031067895113448055,0.5018143266356294,0.49769324683732424,0.3983618694784278,0.5953313462238956,0.46152075304104156,0.3693562253178506,0.5534892878432267,0.36543623952019644,0.02820866535406384,0.02797700564496948,0.022393255970341516,0.033465570488998946,0.5471020024227544,0.5426090039368145,0.43431318101599464,0.6490587341493447,0.4647351389409691,0.3681924678745878,0.5551802378159263,0.0
2026-04-19,0.02765748610223079,0.027035730742647746,0.02132967463337558,0.03217377406988829,0.529975787236616,0.5180616427281225,0.4087215686754814,0.6165173934476535,0.47999278896488307,0.37838938709674025,0.5762043197417335,0.36580474514674133,0.029793820037034433,0.029124038726397357,0.02297723246163118,0.034658957470221415,0.5778457930387852,0.5648555047129995,0.44563930026843784,0.6722042604937166,0.4811121559474559,0.3784922410101327,0.5782589289374243,0.0
2026-04-20,0.03171062594079174,0.029663639421631985,0.02240973923306432,0.03601276078519021,0.9791656346998029,0.9159584669195958,0.6919714098539381,1.1120076228505547,0.847230112282823,0.6391018886702373,1.0366462117286168,0.36617325077328633,0.034162165203741046,0.031956926752505964,0.02414222965141463,0.03879689684093816,1.0531621112899894,0.9851783178345827,0.7442643462232098,1.1960430945995162,0.8365752973647917,0.6330157130551067,1.0307276950953483,0.0
2026-04-21,0.03277517782523478,0.030272350867374592,0.022651725316850183,0.03748830113052275,1.0120299916040862,0.9347478496533724,0.6994386271362889,1.1575615327146636,0.8677899726555558,0.6481935960811112,1.0734908833548098,0.3665417563998312,0.03531121967641862,0.03261473171249922,0.024404445735679556,0.040389029880302074,1.0885855286060502,1.0054573386856287,0.7523480271981032,1.245125879112467,0.860553459738156,0.6390431325044498,1.0690314775330356,0.0
2026-04-22,0.029607369835175437,0.028191641975302155,0.02103261226454564,0.03488306259443694,0.9142082433224709,0.8704937868542801,0.6494392314446183,1.0771096370161262,0.8054796060699976,0.599798984869627,0.9942346212095058,0.36691026202637617,0.03190028627857396,0.030374918632817903,0.0226614642286842,0.037584550374815805,0.9834321872613321,0.9364076675707017,0.6986148380720921,1.1586684915478185,0.7943561912233834,0.591661558133159,0.9915486461414209,0.0
2026-04-23,0.029732422880242255,0.028272496680439924,0.020649605652051446,0.03555107276151853,0.9180632079291413,0.8729843209602296,0.6376084210746172,1.0977286323493898,0.805513303936874,0.5905337336270094,1.0125644689755307,0.3672787676529211,0.032037022372152,0.03046393535824979,0.022250183946176214,0.03830668351524176,0.9876475311115646,0.9391519035386757,0.6859357585092246,1.1809306420370431,0.7942012187345685,0.5859815391679543,1.0079799224000348,0.0
2026-04-24,0.03170204990114281,0.029590668118099166,0.021243162886600837,0.03804466706776251,0.9788735746294871,0.91367981461017,0.6559314257622761,1.1747164415026334,0.8399240353038562,0.6121783200879144,1.0829173965310404,0.367647273279466,0.034161448871524364,0.031886269157448105,0.022891176598454542,0.0409961170625337,1.053140027972225,0.9830000629860974,0.7056964841824589,1.2638413561544823,0.8294548837363273,0.6043443539130265,1.0776221476966807,0.0
2026-04-25,0.031104368762645423,0.029098932965943736,0.020599270029934603,0.038223409164564376,0.5959985715283933,0.5575719157988761,0.3947077533080434,0.7324082811281629,0.5142751477775399,0.3628120660583377,0.6749126081411047,0.36789806758587773,0.033518774380492236,0.03135767120822874,0.0221982413404711,0.041190414041738184,0.6500906140772781,0.6081764058668865,0.43053090726554694,0.7988806886111961,0.5144261793098646,0.3635286711996937,0.679482505069597,0.0
2026-04-26,0.03039087246952466,0.02850569581789975,0.019695050186785888,0.038254060767640034,0.582325044118924,0.5462028308481371,0.3773804447518024,0.7329930276461202,0.5046213796467978,0.34887239626778954,0.6761017314772458,0.3681488618922894,0.032751237043118164,0.030719644582341242,0.021224703499064176,0.041225134728171284,0.6352043651555059,0.595801993953357,0.4116493155353901,0.7995540900938473,0.5045287658268229,0.35151721772378014,0.6778727862381186,0.0
2026-04-27,0.030109691663626186,0.028198904296588802,0.019073290139386204,0.038638961078637075,1.2369764558168812,1.1584768480659031,0.7835753052857273,1.5873787638030816,1.059179540050812,0.7182779404034901,1.4615697818050295,0.3683996561987011,0.03244954796320551,0.03039027126894861,0.020555495888449404,0.041641636014636774,1.3853315422525663,1.2974171909643926,0.8775523422761068,1.777758873790429,1.0733226465650307,0.7333964416342,1.4830055463026868,0.0
2026-04-28,0.029554700955284337,0.028144521192907713,0.019407492203277768,0.038580026713312836,1.214166751835267,1.1562337216828331,0.7972989408816477,1.5849453456183744,1.0578519997680527,0.7328634963417016,1.4472949927657903,0.36865045050511275,0.031852734088121164,0.030332905447141418,0.020916526592625242,0.04157982629805777,1.359852448154065,1.2949681373601059,0.892965414371396,1.7751201020549434,1.0728373011864707,0.7377348281945763,1.4823711431960134,0.0
2026-04-29,0.027659721634960267,0.027028870462645186,0.018882060118832773,0.03732214013432046,1.136308389461765,1.110391950783748,0.7757071313484294,1.5332569686345972,1.0184972929164147,0.7128285045436642,1.4310329165272833,0.3689012448115244,0.029811632311089794,0.029131701274896483,0.020351073700866754,0.04022578149669536,1.272714017878379,1.2436864976163684,0.8688251789666025,1.717313411648119,1.0365382964109329,0.7208052624769478,1.4616978898974087,0.0
2026-04-30,0.026425005071136348,0.026425005071136348,0.01821528220453096,0.03712410869218176,1.0855757373712858,1.0855757373712858,0.7483089731630236,1.5251097042091837,0.9956498721775147,0.6939695143885269,1.4150891574139834,0.36915203911793615,0.0284820231705718,0.0284820231705718,0.019633225742485914,0.04001398376693204,1.2159505312709378,1.2159505312709378,0.838178914790158,1.7082713727281522,1.0125319207061603,0.7064728330732439,1.4498886776744213,0.0
2026-05-01,0.027744284467276968,0.027744284467276968,0.018854642398491432,0.03962665147947634,1.1397647423197588,1.1397647423197588,0.7745687822727605,1.6279050290797838,1.0416385971593973,0.722168845000638,1.5079635986159368,0.3694028334243478,0.029905226122677365,0.029905226122677365,0.020323189269996943,0.04271308472114209,1.2767097117320785,1.2767097117320785,0.8676347407618694,1.823501011422379,1.0629506854222746,0.7346933108890205,1.546595390610306,0.0
2026-05-02,0.026130482877073483,0.02684647397990739,0.018180488818861952,0.03909203647026123,0.5006803518286117,0.514399297588606,0.3483522895870567,0.7490337880743876,0.4753271826063493,0.32238907839868597,0.6997924056265789,0.3697190938142485,0.028167191431402068,0.028938989585748382,0.019597544801847225,0.042139017479363154,0.5462976231353339,0.5612665098376683,0.3800908646007823,0.8172786820545461,0.4776505525582919,0.3242202298737036,0.7075926651209742,0.0
2026-05-03,0.027440199360866706,0.02795691718427499,0.01872588283965356,0.04238546425637398,0.5257736567839549,0.5356743362930942,0.35880117952618223,0.8121355185320156,0.49616737056306703,0.32962024544227897,0.7570051434920783,0.37003535420414924,0.029580527999169357,0.030137549682648694,0.020186496984329543,0.04569151979199985,0.5737090322402101,0.5845123678322837,0.39151348649100637,0.8861788269022358,0.4987388538199821,0.33327350832366653,0.754285640853196,0.0
2026-05-04,0.02503240752561266,0.026568626236778907,0.01783671934925459,0.040956646223867715,1.0283362991584482,1.0914444705367812,0.7327359921722696,1.6825072043390328,0.999858823893408,0.6680170659396123,1.5405878425421946,0.37035161459404986,0.026986330221412953,0.028642459596481165,0.019228977393930053,0.04415354690227019,1.1520966180409595,1.2227998606233998,0.8209208010933825,1.8849970204639033,1.0166787016600995,0.6843230332291893,1.5778402696516889,0.0
2026-05-05,0.022112679244065465,0.02470962272557422,0.016190406085761617,0.03858865480983962,0.9083869021219733,1.0150691100134794,0.6651004460388401,1.585218517071915,0.9336939749485502,0.6091596689752535,1.4596749039244186,0.3706678749839506,0.023839938342608558,0.02663973350967423,0.017455066324897694,0.041602880466765475,1.017771298041512,1.137299759922719,0.7451892389813943,1.7761043273861383,0.9493064986473069,0.6213202958272701,1.4971871370871026,0.0
2026-05-06,0.021208300907737267,0.024248820730973644,0.015575092507008913,0.03909482163939815,0.8712290043305125,0.9961324121880952,0.6398189273279579,1.6060005315628958,0.9154568919385546,0.5891149060431323,1.4699618714679497,0.37098413537385133,0.02286610487417305,0.026144295119236997,0.016792561565376705,0.04215077367736877,0.9761965364376016,1.1161485737707941,0.7169056788745607,1.7994949073503146,0.9307457802023671,0.6029909007910743,1.5068476725430997,0.0
2026-05-07,0.023447963353856904,0.026270660410272168,0.016248403352972042,0.043492053885619615,0.9632267308020023,1.0791812474763924,0.6674735970133275,1.7866246312270486,0.988281376980387,0.6115491860657136,1.648893316408393,0.37130039576375196,0.02528214950038339,0.028325648327877265,0.017519413371345074,0.04689416269639892,1.0793419741482961,1.2092745984584032,0.7479363340471069,2.001999004870809,1.0077381185215986,0.6286970705473064,1.6790198875501257,0.0
2026-05-08,0.024266349383101078,0.026995732049654282,0.016245691008213964,0.04653718677325743,0.9968384854264005,1.1089589218596902,0.667357490146867,1.9117032416653976,1.0202129883864224,0.6158309727610449,1.7684720491789225,0.3716166561536527,0.026165911599938682,0.02910894948536409,0.017517398603717062,0.05018010315415961,1.1170714215276418,1.2427151814144382,0.7478503198706205,2.1422819131954913,1.0403673295687814,0.6313489077093057,1.8097562064261281,0.0
2026-05-09,0.021183855452587386,0.02495231601576101,0.015104287741909887,0.0443727966272272,0.40588910172717635,0.4780939501932284,0.2894027386805929,0.8501962546174817,0.4450307409544475,0.2663533643867147,0.7849604461623992,0.3719218575788171,0.02284328064951836,0.026906941414853825,0.016287473480536118,0.04784871426395376,0.44304132891051473,0.5218553002195662,0.3158926253249724,0.9280172265715503,0.4454737349548441,0.2666934941948793,0.784963536131891,0.0
