,"7-age, m(t)","7-age, m(t)","7-age, m(t)","7-age, m(t)","7-age, m(t)","7-age, m(t)","7-age, m(t)","7-age, m(t)","7-age, m(t)","7-age, m(t)","7-age, m(t)","7-age, m(t)","7-age, m(t)","7-age, m(t)","7-age, no m(t)","7-age, no m(t)","7-age, no m(t)","7-age, no m(t)","7-age, no m(t)","7-age, no m(t)","7-age, no m(t)","7-age, no m(t)","7-age, no m(t)","7-age, no m(t)","7-age, no m(t)","7-age, no m(t)","7-age, no m(t)","7-age, no m(t)","1-age, m(t)","1-age, m(t)","1-age, m(t)","1-age, m(t)","1-age, m(t)","1-age, m(t)","1-age, m(t)","1-age, m(t)","1-age, m(t)","1-age, m(t)","1-age, m(t)","1-age, m(t)","1-age, m(t)","1-age, m(t)","1-age, no m(t)","1-age, no m(t)","1-age, no m(t)","1-age, no m(t)","1-age, no m(t)","1-age, no m(t)","1-age, no m(t)","1-age, no m(t)","1-age, no m(t)","1-age, no m(t)","1-age, no m(t)","1-age, no m(t)","1-age, no m(t)","1-age, no m(t)","7-age, m(t), high vax","7-age, m(t), high vax","7-age, m(t), high vax","7-age, m(t), high vax","7-age, m(t), high vax","7-age, m(t), high vax","7-age, m(t), high vax","7-age, m(t), high vax","7-age, m(t), high vax","7-age, m(t), high vax","7-age, m(t), high vax","7-age, m(t), high vax","7-age, m(t), high vax","7-age, m(t), high vax"
,beta_eff_best,beta_eff_med,beta_eff_lo,beta_eff_hi,R_v_best,R_v_med,R_v_lo,R_v_hi,R_eff_med,R_eff_lo,R_eff_hi,beta_adj,susc_term,coverage,beta_eff_best,beta_eff_med,beta_eff_lo,beta_eff_hi,R_v_best,R_v_med,R_v_lo,R_v_hi,R_eff_med,R_eff_lo,R_eff_hi,beta_adj,susc_term,coverage,beta_eff_best,beta_eff_med,beta_eff_lo,beta_eff_hi,R_v_best,R_v_med,R_v_lo,R_v_hi,R_eff_med,R_eff_lo,R_eff_hi,beta_adj,susc_term,coverage,beta_eff_best,beta_eff_med,beta_eff_lo,beta_eff_hi,R_v_best,R_v_med,R_v_lo,R_v_hi,R_eff_med,R_eff_lo,R_eff_hi,beta_adj,susc_term,coverage,beta_eff_best,beta_eff_med,beta_eff_lo,beta_eff_hi,R_v_best,R_v_med,R_v_lo,R_v_hi,R_eff_med,R_eff_lo,R_eff_hi,beta_adj,susc_term,coverage
date,,,,,,,,,,,,,,,,,,,,,,,,,,,,,,,,,,,,,,,,,,,,,,,,,,,,,,,,,,,,,,,,,,,,,,
2025-09-01,0.031807833369097205,0.03334746006744072,0.027016570497701103,0.03974141358328847,0.6169072201941439,0.6467680037184492,0.523981536608162,0.7707775847465134,0.6467408062295824,0.5239595024600177,0.7707451724832911,0.031807833369097205,1.0,0.0,0.03846307958246351,0.03799038511744147,0.03385275296497749,0.041136713478698565,0.7459845262009179,0.7368167018780823,0.656568068790033,0.7978391758277499,0.736782336349262,0.6565374461007908,0.7978019641777956,0.03846307958246351,1.0,0.0,0.03014153379722522,0.034608099426551624,0.02502191491581349,0.05362692973603761,0.5772267279710475,0.662763883473113,0.479183248324098,1.0269848041215446,0.6627152830116879,0.4791481098267289,1.0269094953477844,0.03014153379722522,1.0,0.0,0.04358755717300262,0.04114885407116606,0.03649930986538737,0.04460420726762041,0.8347253718568044,0.7880228841388253,0.6989815896077075,0.8541947728353873,0.787997158348992,0.6989587706593832,0.8541668867985157,0.04358755717300262,1.0,0.0,0.04281962062876331,0.03981204383727259,0.03321360781647778,0.04717764321659695,0.8304788580011335,0.77214744584775,0.6441719633311621,0.9150019240335333,0.7721172656962347,0.6441467852287683,0.914966160272541,0.04281962062876331,1.0,0.0
2025-09-02,0.03232453560947298,0.033264938735652616,0.027270093781321066,0.03951331240614043,1.3799945324121414,1.4201420905416655,1.1642110120697566,1.6868967813411269,1.4201091801884906,1.1641463629745568,1.6868332818628793,0.03232453560947298,1.0,0.0,0.038462329971685305,0.037989722604142774,0.03385112814275672,0.041136522641651845,1.642028386919888,1.6218518995894653,1.445167606345968,1.7561946446429828,1.62175978212629,1.4448217770390455,1.7561590993630454,0.038462329971685305,1.0,0.0,0.030468716270247182,0.03465260408073135,0.025447709113946376,0.05300824045654776,1.1392752809140128,1.2957177092173235,0.9515315870961091,1.9820650631041847,1.2956672392461464,0.9514983913472087,1.9820419828859321,0.030468716270247182,1.0,0.0,0.04358749975350136,0.04114825303352674,0.03649790037836509,0.0446041158330427,1.6298081148401093,1.5386006787450301,1.364716364730394,1.667821057667377,1.5385153182752767,1.36440335723647,1.667780200262289,0.04358749975350136,1.0,0.0,0.042150607276541206,0.03925905582673808,0.03297994483610935,0.045705228340530014,1.7994878033895652,1.6760420951781436,1.4079751710260384,1.9512411864037984,1.6759265871084672,1.40784629991296,1.9511792623926387,0.042150607276541206,1.0,0.0
2025-09-03,0.033265265255781905,0.033562034758534226,0.027827298574904142,0.039897477349489674,1.4201560302931462,1.4328256722064205,1.1879991208261633,1.7032974971246835,1.4327725676938716,1.1879104434906136,1.7032474091884593,0.033265265255781905,1.0,0.0,0.03859329034974494,0.03811490652167829,0.03413499190045726,0.04114423168183103,1.6476193289791443,1.6271962338076582,1.4572862780048408,1.7565237579031374,1.627053193556744,1.4568647124529635,1.7564706237721897,0.03859329034974494,1.0,0.0,0.031007464476830365,0.0350743883711573,0.025701706446596397,0.05278097173887264,1.1594199600975048,1.3114889157131278,0.9610289640101746,1.9735671129484993,1.3114610194239014,0.9609505611933613,1.9735236232121545,0.031007464476830365,1.0,0.0,0.043597531198900454,0.041248230449891836,0.03676190771356633,0.0446200898654511,1.630183207038732,1.5423389983415674,1.3745880320598263,1.668418352942242,1.5421703694247828,1.3742480353506534,1.6683684158135845,0.043597531198900454,1.0,0.0,0.04201422408101206,0.03910938227059625,0.03275997151682262,0.04540636275085323,1.793665351168844,1.6696522527495379,1.398584100986866,1.938482058642061,1.6695435894021944,1.3984822681587807,1.938379949618772,0.04201422408101206,1.0,0.0
2025-09-04,0.03311954779146601,0.032996754445056585,0.02751742745784634,0.039575325694941474,1.4139350807809152,1.4086928044893439,1.1747701466358298,1.6895442439533146,1.4085993115635511,1.1746111155539716,1.6895176567317234,0.03311954779146601,1.0,0.0,0.03837860594831162,0.037918758473185196,0.03366965175854954,0.04112922011631635,1.6384540526778406,1.6188223088815867,1.4374200420501198,1.755882886257417,1.618658329720421,1.4369104154938128,1.755810228109552,0.03837860594831162,1.0,0.0,0.03100249899052672,0.034763216132555126,0.02564114860705503,0.05133776075321063,1.1592342924194416,1.2998536752782588,0.958764607053252,1.9196030868134744,1.2997149332233764,0.9586538443066925,1.919551872560092,0.03100249899052672,1.0,0.0,0.04358108656974678,0.04109551035226068,0.03634047478120094,0.044593689984518584,1.6295683153796152,1.5366285433756701,1.3588299634182595,1.667431218088948,1.5364840872382204,1.358388860786306,1.6673716538177765,0.04358108656974678,1.0,0.0,0.04052285623691098,0.03787725018115504,0.03192240883653552,0.043963346209610274,1.7299960847162856,1.6170502427104467,1.3628269927235717,1.8768769992174188,1.6169888431327966,1.3625188766342013,1.8767814448564122,0.04052285623691098,1.0,0.0
2025-09-05,0.0319731945184491,0.03181041571634327,0.02680353975434756,0.03864337241948571,1.3649951279200776,1.3580457981721552,1.1442929531043682,1.6497574256636292,1.3577998850636077,1.1441375183775253,1.6496967492806234,0.0319731945184491,1.0,0.0,0.03786110759010668,0.037413057332733264,0.03257613024470281,0.04108485906371197,1.616361085481559,1.597232986848026,1.390735575228537,1.753989030432674,1.597016165682514,1.3902292788694302,1.7539056561013777,0.03786110759010668,1.0,0.0,0.03050502425263116,0.03370204773371265,0.02521234093859097,0.049541616306213745,1.1406328959333998,1.260174848150616,0.9427307849317561,1.8524422996222945,1.2601387812736713,0.9426348226480334,1.8523369104673555,0.03050502425263116,1.0,0.0,0.04354144666795841,0.04070797977362498,0.035367426845983374,0.044496707838987744,1.6280861144281609,1.5221381393520164,1.3224461049745637,1.6638048965822165,1.5219987941551256,1.3219368820697708,1.6637159546175617,0.04354144666795841,1.0,0.0,0.037904234407644996,0.03602133189023478,0.030394160709085048,0.04138596913653003,1.6182022495162802,1.5378176398042172,1.297583238396204,1.7668439793533137,1.5376950818429882,1.2973878682604014,1.7664943329874987,0.037904234407644996,1.0,0.0
2025-09-06,0.03220345134006879,0.03161726938336819,0.02657221148940042,0.03858685795372253,0.6245801597464513,0.6132112658881395,0.5153632733835648,0.7483851854991308,0.6131207664601124,0.5152980797145746,0.7483376336664547,0.03220345134006879,1.0,0.0,0.03777312130777758,0.037328716230627175,0.03238466149186755,0.041082734544208244,0.732602909278214,0.7239837525565439,0.6280946981219486,0.7967922640799722,0.7238749561073018,0.6278455270010258,0.7967498313881077,0.03777312130777758,1.0,0.0,0.03069378674074196,0.03372062759006429,0.025244515480878957,0.04859390846440367,0.5878026715093917,0.6457683162339569,0.48344616993524303,0.9305997156924551,0.6457294199672277,0.48340619879247854,0.9305447814651776,0.03069378674074196,1.0,0.0,0.04353470699905907,0.040651952796115415,0.03520198695812601,0.044485955731230944,0.8337132623476015,0.7785069550871814,0.674137151965012,0.8519301917464871,0.7783932726848429,0.6738341984924153,0.8518750422323371,0.04353470699905907,1.0,0.0,0.036981885467545716,0.03519601240442244,0.029486858920096806,0.040743593140182784,0.7172570321462728,0.6826203445666228,0.5718923372607607,0.790214677408717,0.6825353445632074,0.5718475472726169,0.7901669991036457,0.036981885467545716,1.0,0.0
2025-09-07,0.03447013611158193,0.03278944481799884,0.027306804243741805,0.0405412950547092,0.6685421041273949,0.6359453980928307,0.5296105680294106,0.7862911423438805,0.6358373814303258,0.5295277596543665,0.7862445311314935,0.03447013611158193,1.0,0.0,0.03829029716363616,0.03783767833468977,0.03348193458199952,0.04112587795333899,0.7426334421940207,0.7338549812302475,0.6493761127965113,0.7976290227578648,0.7337595995843422,0.6490294531602573,0.7975783400618054,0.03829029716363616,1.0,0.0,0.031881128152912115,0.03453221913564001,0.025676210233105796,0.049455538791715395,0.610540903841636,0.6613107347270982,0.49171335869167937,0.9471004040084743,0.6612378019233655,0.49161444464057663,0.9470690741772329,0.031881128152912115,1.0,0.0,0.04357432219746215,0.041048433847313374,0.0361744284948164,0.0445819754953841,0.834471914893486,0.7860997823608415,0.6927599350703164,0.8537690223333956,0.7859682348751256,0.692424441929994,0.8537191753271858,0.04357432219746215,1.0,0.0,0.03833246672465984,0.03598095861141303,0.029735214059340164,0.042256170347429935,0.7434513132626375,0.6978442353905405,0.576709140618402,0.81955084090731,0.6977930729461339,0.5766582895585697,0.8195097502284807,0.03833246672465984,1.0,0.0
2025-09-08,0.03823143960656032,0.03484682652075648,0.02873846919932779,0.04290631773988117,1.6321712478937134,1.4876758215968189,1.2268986890980949,1.8317504883077738,1.4874947091034247,1.226689666694698,1.8316968468395685,0.03823143960656032,1.0,0.0,0.039225167896742866,0.038684884157797486,0.03557967275188148,0.04133784842094972,1.6745953564322837,1.6515296389629404,1.5189623899258944,1.764789616525063,1.6513065486629797,1.5182425709727798,1.764702204809047,0.039225167896742866,1.0,0.0,0.03378709982839206,0.03585522515526239,0.026617367440984793,0.05143978036909707,1.2633550854864706,1.3406856839218368,0.995267030601202,1.923417767600051,1.340458666258283,0.9950056514528515,1.9233087006256078,0.03378709982839206,1.0,0.0,0.043645932442127895,0.04167178734955536,0.03791219686477805,0.04467514216463183,1.63199300891832,1.5581764856044766,1.417599230308398,1.6704768487140291,1.5578133471726745,1.416951604204082,1.6704004478434475,0.043645932442127895,1.0,0.0,0.04116324496801898,0.03752048942721352,0.03038670564126586,0.045158383297270205,1.7573354704455726,1.6018194627306026,1.297264967688355,1.9278953546525754,1.6016458432910796,1.2967939964975606,1.9278479020726305,0.04116324496801898,1.0,0.0
2025-09-09,0.037830872648949604,0.03415184581049127,0.028218997129590112,0.04283233919955976,1.6150702996219064,1.458005802763918,1.2047214604863798,1.8285922068588825,1.4579143592138886,1.2044184579890247,1.82852487849903,0.037830872648949604,1.0,0.0,0.038930585546928076,0.03840333156674313,0.03488568445231884,0.041211178044429204,1.6620190881449077,1.639509635305793,1.4893347389512641,1.7593818226087374,1.6392098441352208,1.4885158827499214,1.759240765155539,0.038930585546928076,1.0,0.0,0.03365867310171828,0.035364278228116545,0.026350056450912648,0.05043360512287753,1.258552999510469,1.322328372987666,0.9852718341969731,1.885795224657378,1.3222373111415138,0.9850614653347972,1.8857386149078161,0.03365867310171828,1.0,0.0,0.04362336770307104,0.041469921285271535,0.03740611329081786,0.04465222117005986,1.631149276310759,1.5506283823285094,1.3986759353203357,1.6696197951283716,1.5503960407293116,1.3979169886983867,1.6694823814754831,0.04362336770307104,1.0,0.0,0.03945994969782381,0.03621133920611533,0.028976301407919493,0.04414674933917066,1.6846186280955147,1.5459294054364094,1.2370521883301742,1.8847068198551655,1.5456783115497519,1.2365770303546242,1.8845176563856285,0.03945994969782381,1.0,0.0
2025-09-10,0.037227933729289474,0.03342278799068174,0.02737853548180719,0.042872166538798155,1.5893297159809876,1.4268809687584256,1.1688405899100793,1.8302925100296241,1.4264450305198308,1.1685341141940817,1.830155760790641,0.037227933729289474,1.0,0.0,0.03858532229430887,0.038107268574496866,0.034117720705984865,0.04114390329619668,1.6472791578760368,1.6268701556397747,1.45654893859715,1.7565097385097774,1.6264434479220515,1.4554309636152478,1.756336608666341,0.03858532229430887,1.0,0.0,0.033437089673996605,0.0349535640848202,0.025955150997502834,0.04913973081493559,1.2502676316720471,1.3069710974520299,0.9705056715080884,1.837415141867759,1.3064596465100395,0.9703612598070435,1.8373437511495812,0.033437089673996605,1.0,0.0,0.04359692085312849,0.041243618224631615,0.03674511077747262,0.044619117953353306,1.6301603852091335,1.5421665396733923,1.3739599670663123,1.6683820115546228,1.5417011208989853,1.3731246254665024,1.6682316291562187,0.04359692085312849,1.0,0.0,0.037619632734272906,0.03488996259511376,0.027310649386588354,0.04357132251453602,1.606052074865242,1.4895173808223545,1.1659424062714772,1.8601407787094322,1.4892704215689734,1.1655683101358774,1.8599165916594838,0.037619632734272906,1.0,0.0
2025-09-11,0.03787762263362351,0.03341011973137247,0.02698196440400695,0.043256768385579424,1.6170661433989006,1.4263401372119757,1.1519102331776914,1.84671187803311,1.4260939799551002,1.1517672724443426,1.8465089335224054,0.03787762263362351,1.0,0.0,0.038597075214207514,0.03811853458314022,0.03414319580048149,0.041144387666578804,1.6477809118809794,1.6273511224978208,1.4576365177519663,1.7565304171820717,1.6268600317181081,1.4563732096323518,1.7563283404647725,0.038597075214207514,1.0,0.0,0.033821586658789614,0.035062343263602726,0.025617620859712788,0.049936032008771114,1.2646446046457462,1.3110385293833868,0.9578848659862226,1.8671901497234396,1.3108959145275996,0.9577172231348002,1.8671297570357006,0.033821586658789614,1.0,0.0,0.0435978211160629,0.041249254454714286,0.03676988633859116,0.04462055152834856,1.6301940475170036,1.5423772875616124,1.3748863659372976,1.6684356152752697,1.5418475662445568,1.3739548123580636,1.6682625980776007,0.0435978211160629,1.0,0.0,0.03707562003704246,0.03427553628904424,0.02645033583119173,0.043843727478225306,1.5828271612327363,1.4632863792949076,1.1292140208446657,1.8717702531444145,1.4628972620830991,1.1288032476967162,1.871448288986172,0.03707562003704246,1.0,0.0
2025-09-12,0.03848441860452905,0.033414645348434587,0.026584639629442422,0.04369119901033477,1.642971391729643,1.4265333442197092,1.1349476997289432,1.8652585292245694,1.4263709069735202,1.134752623348774,1.8649899149045333,0.03848441860452905,1.0,0.0,0.03859398563476884,0.03811557300176635,0.03413649896864448,0.041144260336452666,1.64764901198969,1.6272246870819305,1.4573506175481366,1.7565249812222172,1.6266618506914696,1.4559302532425507,1.7562899557586484,0.03859398563476884,1.0,0.0,0.03418465047825902,0.0351298869987243,0.02546348684249324,0.0504033220025036,1.2782201564099547,1.3135641004354155,0.9521215422475823,1.8846628891114707,1.313421068484214,0.9516852559687293,1.8846134895398874,0.03418465047825902,1.0,0.0,0.04359758445709852,0.04124841856104469,0.03676337339841344,0.044620174673586734,1.6301851984501203,1.542346032126142,1.3746428364205063,1.668421524057549,1.5417472012760642,1.373609100917136,1.6682231721929293,0.04359758445709852,1.0,0.0,0.036488327577048035,0.0337293414680549,0.025780574602236855,0.043891116003689924,1.5577545540494298,1.439968306741493,1.1006206685643465,1.8737933574151264,1.4396026940686437,1.1002286307331068,1.87341792923107,0.036488327577048035,1.0,0.0
2025-09-13,0.038330737154262495,0.03287909211081409,0.025973338906498927,0.04403780116532771,0.7434177685551566,0.6376840912495397,0.5037482471074529,0.8541052509020935,0.6375798457836015,0.5035466872308845,0.8540324695100342,0.038330737154262495,1.0,0.0,0.03838330267975174,0.037922448099017375,0.033679832179950714,0.041129397870341526,0.7444372674889982,0.7354990755972242,0.6532143011955294,0.7976972909164702,0.7352682077173833,0.6525929016835812,0.7975831010182357,0.03838330267975174,1.0,0.0,0.03418623240075732,0.03481799984904148,0.02498266853839039,0.05097378359167171,0.6546849010106964,0.666783590462434,0.478431658900114,0.9761756157755184,0.6666966162611784,0.4783754895052008,0.9761515802574553,0.03418623240075732,1.0,0.0,0.04358144633508722,0.04109830255789168,0.03634930600695775,0.04459431302343397,0.8346083459947896,0.7870547952287632,0.6961089343219192,0.8540052926902855,0.7868127431899705,0.6954744670137158,0.8538923147231456,0.04358144633508722,1.0,0.0,0.03520672120707862,0.03269607168490159,0.024537209540566873,0.043116314717426316,0.6828280398724162,0.6341344429324642,0.4758947757723989,0.8362331866082161,0.633939326019819,0.47576549284223757,0.8361084952901333,0.03520672120707862,1.0,0.0
2025-09-14,0.03881072925071179,0.032628478702859315,0.025404516416241734,0.04453208168440911,0.752727129129944,0.6328234891754931,0.49271603698560906,0.8636917328697358,0.6327286297739783,0.49256275103154556,0.8636128645042247,0.03881072925071179,1.0,0.0,0.03834472148940857,0.03789213975408834,0.03359620534693724,0.041127937714067586,0.7436889922257885,0.7349112506862382,0.6515923737762884,0.7976689714475662,0.7346671223024408,0.6509425788035982,0.7975472302762455,0.03834472148940857,1.0,0.0,0.034490002585368724,0.03480433502268204,0.024809002809537718,0.052066613282535035,0.6605022648813612,0.6665219016226818,0.47510586595604143,0.9971038973596732,0.6663638865562299,0.47495043291779293,0.997060686678802,0.034490002585368724,1.0,0.0,0.043578491051129625,0.041075366050173534,0.03627676210994543,0.04458919508486498,0.8345517507033706,0.7866155486598826,0.6947196793295093,0.8539072813895332,0.7863584166414319,0.6940537418737263,0.8537874274763587,0.043578491051129625,1.0,0.0,0.03453040124364984,0.032138107967929326,0.023668149743864185,0.04308045196248831,0.6697109355491146,0.6233128367698464,0.4590395169704202,0.8355376349118606,0.6230995515047513,0.45886410226964275,0.8353598547627162,0.03453040124364984,1.0,0.0
2025-09-15,0.039773107972795256,0.032996477253332816,0.02498858556382376,0.04566685956056027,1.697987937169628,1.4086809706592203,1.0668091838165161,1.9496031518404169,1.4084653829727096,1.0664218764876574,1.9493900038814636,0.039773107972795256,1.0,0.0,0.03843059371682708,0.03796167379333853,0.033782338080503696,0.041131187662306785,1.64067350718665,1.620654443699666,1.4422308306737563,1.755966884454384,1.6200883181027779,1.4405149453192367,1.7556372065433918,0.03843059371682708,1.0,0.0,0.03502017906768575,0.035177884403608625,0.02461026554511654,0.05294244824246641,1.309461940933721,1.3153588021369158,0.9202181983512112,1.9796049842969696,1.3144145170487869,0.9197933907912034,1.9795159676370724,0.03502017906768575,1.0,0.0,0.04358506878535283,0.0411264170672479,0.03643822695762525,0.0446002447693581,1.6297172169533802,1.537784196147086,1.362485077643223,1.667676312246284,1.5372509459813637,1.3611144928626646,1.6674164188782863,0.04358506878535283,1.0,0.0,0.0342754036435284,0.03182506791498878,0.02271943668410839,0.043424103988570134,1.4632807164111843,1.3586713277779905,0.9699349986752872,1.853855746084146,1.358167724812986,0.969696526736145,1.8533534181723923,0.0342754036435284,1.0,0.0
2025-09-16,0.0392245660590563,0.03292304383371969,0.025627852291375406,0.04468986503966878,1.6745696628623308,1.405545961427015,1.094100669127623,1.9078934390292057,1.4050046597898436,1.0936514203003094,1.9077354913981985,0.0392245660590563,1.0,0.0,0.0385611970907542,0.03808414285304947,0.03406542801228783,0.04114290902973646,1.646249208075643,1.6258828755890695,1.4543164662653325,1.7564672914257586,1.6250808938642163,1.4524075542011197,1.7561169086308905,0.0385611970907542,1.0,0.0,0.0351107883724164,0.03515013231919912,0.02509727501415089,0.05188904762822615,1.3128499714691995,1.3143211061775204,0.9384282812677565,1.940216607377543,1.3142063780185491,0.9379889822602263,1.9401147365913958,0.0351107883724164,1.0,0.0,0.043595072884561305,0.04122752465231835,0.03669425401504076,0.044616175255805,1.6300912866330783,1.5415647746053964,1.3720583492957432,1.6682719792662175,1.5407333326489843,1.370684543169259,1.6679783124990943,0.043595072884561305,1.0,0.0,0.03418519301004534,0.03171193440694338,0.023410446777588363,0.042446745428009997,1.4594294567217614,1.3538414479485803,0.9994355044942944,1.8121304917425516,1.3531940918447058,0.9992263218872279,1.8117304500768086,0.03418519301004534,1.0,0.0
2025-09-17,0.037606007376226575,0.03231711209527295,0.02534840124223403,0.04324857850751712,1.6054703829939863,1.3796776087869702,1.082170384202542,1.84636223690961,1.3791568392655027,1.0816647017049685,1.846141064301748,0.037606007376226575,1.0,0.0,0.038397009284798694,0.037933215639102943,0.033709541993495795,0.041129916614972666,1.6392397253333462,1.619439512177614,1.4391230303555818,1.7559126210801888,1.6186747821751832,1.437051564346501,1.7554841853054513,0.038397009284798694,1.0,0.0,0.03467418221336294,0.034792577826711565,0.025429488709003936,0.050330827931866114,1.296524550992258,1.3009515571864263,0.950850296267344,1.881952216894185,1.3002680130283395,0.9502991312353123,1.8818672694210972,0.03467418221336294,1.0,0.0,0.04358249624852036,0.04110645113106043,0.03637507842445109,0.044596131255634566,1.6296210255813357,1.5370376370417747,1.360123850401708,1.6675225012205304,1.5363818270074465,1.35850425746208,1.6671936394862565,0.04358249624852036,1.0,0.0,0.03315044558474596,0.030993904834265104,0.023507339327343862,0.04029854514392565,1.415254165030263,1.3231874303200684,1.003572027614362,1.7204198270518638,1.32277043647598,1.0031652070995931,1.7200188758533117,0.03315044558474596,1.0,0.0
2025-09-18,0.035855264985206095,0.0315396401052523,0.024963444557876396,0.041193002367090996,1.5307279348283171,1.3464858838293607,1.0657358675231012,1.7586058691456263,1.3461327333195285,1.0651526148723314,1.7584034086821019,0.035855264985206095,1.0,0.0,0.038179187106146414,0.037734826474651866,0.03324884716959692,0.041119340858754204,1.62994049148789,1.610969909843959,1.4194551116645966,1.7554611223816805,1.610190166866952,1.4170782882777488,1.7550269973990749,0.038179187106146414,1.0,0.0,0.03414527348088225,0.03426215031822609,0.0252476936904826,0.04850528692418416,1.276747785885707,1.2811180025537219,0.9440526823161152,1.8136922440781387,1.2810182381153241,0.9436501427057269,1.8136238472823576,0.03414527348088225,1.0,0.0,0.04356581126849636,0.040937187771060965,0.03596550916143469,0.04456604071314936,1.628997146808916,1.5307086023590715,1.3448093838177513,1.6663973664777791,1.5301428033009237,1.3430763919877982,1.6660865223839667,0.04356581126849636,1.0,0.0,0.0319706211454411,0.030139489826959784,0.02341028360252299,0.03851607443182072,1.3648852658411967,1.286710864879585,0.9994285382473297,1.6443228378605104,1.2862927741602241,0.9988101345227582,1.6437681041388563,0.0319706211454411,1.0,0.0
2025-09-19,0.036180008153636145,0.03196936393012028,0.025581471231543473,0.04085930362848359,1.5445918245462025,1.364831592981369,1.0921205754381462,1.7443596494840503,1.3643998238285722,1.0916645579544038,1.7438547899208603,0.036180008153636145,1.0,0.0,0.03854421253985496,0.03806786195444006,0.03402861307243694,0.04114220904935028,1.645524106015103,1.6251878137532176,1.4527447680259797,1.7564374079614649,1.6240736977253332,1.450252930670815,1.7559263823944542,0.03854421253985496,1.0,0.0,0.034651379368969566,0.034688376409965326,0.026058954361381514,0.047805187105494217,1.295671915235586,1.2970552952867695,0.9743870495580781,1.7875143634437416,1.2965628807505931,0.9739321088956174,1.7873468970732485,0.034651379368969566,1.0,0.0,0.04359377188346847,0.041213906445811355,0.036658449995060696,0.04461410354701394,1.6300426400681112,1.5410555675253805,1.370719578257317,1.6681945146761779,1.5400263932117806,1.368979013751513,1.667780636649054,0.04359377188346847,1.0,0.0,0.032621173280714864,0.03055931725341584,0.024105611879836092,0.039172753844326884,1.3926585461930956,1.304634078381103,1.0291133953638063,1.672357703071088,1.30412381273987,1.0284633205016511,1.672170541877113,0.032621173280714864,1.0,0.0
2025-09-20,0.039897651804631035,0.03438803039892306,0.028221010680295987,0.04383452587583815,0.7737683676453306,0.6669156941518085,0.5473135480334073,0.8501194431076105,0.6669435133941941,0.5472577195729932,0.8502525154189314,0.03990615194011483,0.99978699686463,0.000933232890545026,0.03992581230547869,0.03932528963756955,0.03715276071012725,0.04154561432425277,0.774314507675819,0.7626680717713328,0.7205344101192424,0.8057286763620557,0.7623878324633657,0.7197715875606503,0.805761944111492,0.039934318440515384,0.99978699686463,0.000933232890545026,0.036951617781436,0.03690006563741434,0.027044014582982934,0.0494360558211317,0.7076435316366889,0.7066562801048424,0.5179075542059378,0.9467272945497174,0.7066270681114022,0.5178305081478408,0.9467535260193758,0.03695908081499904,0.9997980730743711,0.000933232890545026,0.04369142846867965,0.04204866764400342,0.039264898622580785,0.044770678354616386,0.8367145635328858,0.805254802326103,0.7519441150043158,0.8573827844838627,0.8047857228430291,0.7511200391428207,0.857320276319478,0.04370025272636189,0.9997980730743711,0.000933232890545026,0.03636780295689004,0.03300151211199431,0.02601398819972506,0.042493583898885495,0.7053470120508301,0.6400584052038385,0.5045366328549514,0.8241554341333038,0.639847870131224,0.5043460873809666,0.8240184438159706,0.03636780295689004,1.0,0.0
2025-09-21,0.037387603272009705,0.033133240581648245,0.02722906289899249,0.041750560970661835,0.7250519547645564,0.6425477631349931,0.5280489668644202,0.8096621124402976,0.642475365933405,0.5279954164993722,0.8097317197766276,0.03740353741349571,0.99957399372926,0.001866465781090052,0.03947017884637208,0.0389225739209582,0.036159728196513787,0.04141743864202021,0.7654390178279649,0.7548194009800653,0.7012399650732695,0.8032019231149717,0.7545762222424884,0.7003990872276171,0.8032336002350151,0.039487000556221744,0.99957399372926,0.001866465781090052,0.03600826169315182,0.035963630939542426,0.02691855298163471,0.04734356428047978,0.6895777506510522,0.6887230475013669,0.5155048964606671,0.9066549460938206,0.6887469174585131,0.5154675544962558,0.9067772400739738,0.0360228096435595,0.9995961461487421,0.001866465781090052,0.0436483539071449,0.04181535871999406,0.03843666144766688,0.04469638095485293,0.8358896623058691,0.8007868098304864,0.7360829236769006,0.855959948962262,0.800589598088336,0.7352908020611636,0.855852714733022,0.043665988584803854,0.9995961461487421,0.001866465781090052,0.03446892296020469,0.03176825257854639,0.025599406294222127,0.039956690936693205,0.6684565102307967,0.6160823605328567,0.49644979668127187,0.7748809040174856,0.6158220218932609,0.4962498020412525,0.774701852534018,0.03448142778783714,0.9996373460023353,0.0014234035691633555
2025-09-22,0.033862108046091195,0.03136639203470758,0.025624873690369747,0.03884489423259334,1.444951150341883,1.338454894507283,1.0934549811803385,1.657574730134785,1.3383302283318002,1.0933910824212565,1.6577335809667728,0.033883760087501484,0.99936099059389,0.002799698671635078,0.038663248441356074,0.03816474260276211,0.03431827238879697,0.04113256505680873,1.6498236091872704,1.6285515553639225,1.464416423763151,1.75519335991868,1.628072450693466,1.4621513033654936,1.7552734467481756,0.038687970418356706,0.99936099059389,0.002799698671635078,0.03445800205202188,0.034566417473394714,0.026236665937819988,0.04454171144967134,1.288441220147093,1.292495050592209,0.9810319769115261,1.66548765540766,1.292720849044643,0.9809296975700719,1.6656295227137754,0.03447888870000476,0.9993942192231133,0.002799698671635078,0.0435783686660293,0.04125354750566644,0.0369391060045555,0.044604601579562815,1.6294666885012867,1.542537811778849,1.3812137668283537,1.6678392205265622,1.5416456286773945,1.3794323104179835,1.6676537787303447,0.04360478360571795,0.9993942192231133,0.002799698671635078,0.03158083332321932,0.029942984927526645,0.02440778007836432,0.03689091359215682,1.3474817846186342,1.277599224315841,1.0414240799664811,1.5740507411881732,1.276825845333455,1.0410699377236592,1.5738153098145617,0.03160375577996896,0.9992746920046709,0.002846807138326711
2025-09-23,0.030841072350393163,0.029718174153007596,0.02408263620531081,0.03653119793226309,1.3158307743644366,1.2679224530255562,1.0274828801913303,1.5585993222786712,1.2676014148110752,1.027403043628321,1.5588787944704274,0.030867371738236664,0.9991479874585201,0.003732931562180104,0.03796788470332488,0.0375204968582752,0.03284548701649109,0.041052580312369594,1.6198953967149854,1.600807646201489,1.4013488935878573,1.751503577060117,1.6002715163259513,1.3986167555843898,1.7514153599388462,0.038000261402619424,0.9991479874585201,0.003732931562180104,0.033113996536181,0.03333514015914234,0.025431244949920516,0.042043163324999334,1.2381866492610585,1.2464555720780541,0.9509159649960768,1.5720628425154766,1.24626186907109,0.9505392254817322,1.5722533744651663,0.033140764587005184,0.9991922922974844,0.003732931562180104,0.04351692835170321,0.040774158634583293,0.03560029874320893,0.04449345942226677,1.6271693343645894,1.5246126755201999,1.3311535672048544,1.6636834329524564,1.5240672729967288,1.329087892941855,1.6636572146252635,0.04355210572295642,0.9991922922974844,0.003732931562180104,0.029096903829404525,0.028339708167868342,0.023207959495357543,0.034678320377180306,1.2411473265919977,1.208849113188929,0.9899513255707101,1.479226285546857,1.208258338655654,0.9890606429764126,1.4790070029593556,0.02912859463327485,0.9989120380070062,0.0042702107074900665
2025-09-24,0.02981793490590837,0.029260196818377673,0.02334092830901738,0.03608840299849179,1.2719778269531365,1.2481857540673087,0.9956807325275252,1.5394643716636125,1.2477881912227065,0.9954576881216767,1.5398118898455009,0.029849725331335907,0.9989349843231501,0.0046661644527251295,0.03788917596686118,0.03743879311452382,0.03269026332107231,0.041042636607319063,1.6162820082427491,1.5970695106764117,1.3945060324557934,1.7508027933168717,1.5964220874733308,1.3915459499104357,1.7506271837283904,0.03792957155518365,0.9989349843231501,0.0046661644527251295,0.032849385065922686,0.03297798627683356,0.025165357340758407,0.0413877115157175,1.2282923923308449,1.233101002558688,0.9409739911389267,1.5475544241915198,1.2332491989799652,0.940511315507932,1.5477166163075833,0.032882584461858266,0.9989903653718555,0.00466616445272513,0.04350272469805977,0.04071560697705488,0.03546032092882613,0.04446335943600096,1.6266382364557996,1.5224233329995964,1.3259195671115058,1.6625579450912573,1.5218017262902324,1.323704947459906,1.6625875318934003,0.04354669094517913,0.9989903653718555,0.00466616445272513,0.028448731780255903,0.027855368965121932,0.022900357353604364,0.03427403900613375,1.2131563811986243,1.1878540339889898,0.9765546908957715,1.4615684611501414,1.1872888923468903,0.975875707613642,1.46123303769943,0.02849005991674595,0.9985493840093416,0.005693614276653422
2025-09-25,0.02872633128011195,0.028797804342315853,0.022878278626069164,0.03568907156903993,1.2252185581791637,1.2282669851212689,0.9757908616496478,1.5221892550144578,1.2280555025639281,0.9755484906938634,1.522357485479467,0.02876309105157345,0.9987219811877801,0.005599397343270156,0.037776204804343474,0.03733023996607014,0.032455035039482286,0.041031470134651235,1.61120843217116,1.5921874026209597,1.384253034227828,1.7500500912608343,1.5912500447405966,1.381407775680132,1.74980441174698,0.03782454528478109,0.9987219811877801,0.005599397343270156,0.032527229409680745,0.03261686922676902,0.025224303326748264,0.04093234104029359,1.2162464638936996,1.219598243695924,0.9431780782475434,1.5305273751453112,1.2197740715667988,0.9426970875214834,1.5306968828420007,0.032566685954316804,0.9987884384462267,0.005599397343270156,0.043485896279118245,0.04063264257088149,0.035255912519550056,0.04443833476155117,1.6260089942669627,1.5193211577615355,1.3182764013859254,1.6616222314641818,1.5186177389994506,1.315910937664157,1.6611240574867816,0.043538646028750023,0.9987884384462267,0.005599397343270156,0.027716757220050126,0.02734541053873378,0.022543592397326145,0.033980301041857085,1.1816087327443743,1.1657776426195294,0.9610688524486775,1.4486334073488163,1.1653139422865215,0.9605662688165835,1.4481895748688098,0.027767106480894505,0.9981867300116769,0.007117017845816776
2025-09-26,0.028415737071219787,0.028905904555707407,0.02255340339833618,0.03602049208045443,1.2117799570110122,1.2326829915440194,0.9617826253104004,1.5360822855085234,1.2326685660863501,0.9616961305100358,1.5361413455593345,0.028458168825526865,0.9985089780524101,0.006532630233815182,0.037922908682021625,0.03747490133329165,0.032781069589240604,0.04102597566702406,1.6172102288691435,1.598105099749176,1.397938156524467,1.7495395211997995,1.5971984450534862,1.3944321429909348,1.749155732606796,0.03797953700525576,0.9985089780524101,0.006532630233815182,0.032653646060644526,0.03266894662586398,0.025179913777449915,0.04056130396297245,1.2209733898416635,1.2215455030736064,0.9415182801845738,1.5166536901910375,1.2205861288759943,0.9412519701805878,1.5166899166907954,0.032699866945850475,0.9985865115205977,0.006532630233815182,0.04348896009721602,0.0407346943957521,0.035539802499137144,0.04446029845835247,1.6261235554513935,1.5231370428948643,1.328891513403578,1.6624434901158842,1.5223408876778097,1.3263333618388602,1.662329572785521,0.04355051825303869,0.9985865115205977,0.006532630233815182,0.027722554002071954,0.027292792598518807,0.02247443197388437,0.034248479671530566,1.181522820445966,1.1632072262182156,0.9578520480753185,1.4596544296619336,1.1624224844593554,0.9565418392099839,1.459169755352634,0.02778300429045745,0.9978241990047758,0.008540135389948652
2025-09-27,0.028279907771726356,0.028857994851538758,0.022429263293362537,0.03651548366100553,0.5482605272284914,0.5594678596469799,0.4348345057496957,0.7079230415313383,0.5594497423355995,0.4347058643936271,0.707923362311879,0.028328082302073183,0.9982994072866238,0.007605317815524513,0.03813349177005017,0.0376894827676355,0.03323264925290808,0.0410519281033594,0.7392912477534148,0.7306832773270951,0.6442789682226278,0.7958707619335358,0.7301976238804649,0.6427848064489272,0.7956334586839848,0.03819845177880746,0.9982994072866238,0.007605317815524513,0.03288665700280859,0.032576777342192824,0.025119748992672337,0.04094235776764056,0.6297973269490647,0.6238629632977205,0.48105682398382443,0.7840683678748549,0.6235573685249871,0.4809291623002683,0.7840988245419097,0.03294086415000548,0.9983544102865656,0.007605317815524512,0.043495593045628764,0.040888247383553594,0.035942488287605365,0.04449629377416205,0.8329642089149368,0.7830321246575755,0.6883181542440973,0.8521281708783683,0.7826086026261682,0.6869175386420954,0.8518959032146839,0.04356728692483452,0.9983544102865656,0.007605317815524512,0.027896450396991287,0.02747118927216256,0.02221065120958267,0.03474326353346958,0.5406949851802882,0.5324526588412802,0.43049174665508805,0.6734013271118579,0.5320534357627625,0.430233017715467,0.6731149634275895,0.027967439323374945,0.9974617294932566,0.009963109921564786
2025-09-28,0.027285313480910428,0.028470793657293346,0.02175470696353032,0.03619432422878682,0.5289518502049784,0.5519335151624931,0.4217357629802284,0.7016615286875879,0.5518448473146099,0.42163515181060335,0.7017334549049944,0.027337532637364728,0.9980898365208377,0.008678005397233846,0.038032743498481236,0.03759042770401209,0.03303111593429617,0.04102113442923372,0.7373010413080934,0.7287263273681919,0.6403397160895701,0.7952338524177477,0.7282685801038349,0.6388017932478937,0.7950959849765602,0.038105531292710645,0.9980898365208377,0.008678005397233846,0.03258628546606231,0.03227604312040788,0.024532158338645655,0.04084179211198035,0.6240450490292313,0.6181037397625923,0.46980414411384996,0.782142480998841,0.6179829811423552,0.46980552503931705,0.7821756700215345,0.0326475875456534,0.9981223090525335,0.008678005397233842,0.043478376764865725,0.04080535361664424,0.035759742675917625,0.044468634952490094,0.8326345077962235,0.7814446640404689,0.6848184766167001,0.8515984894347948,0.7809796479034699,0.683372514526955,0.8514016943579839,0.04356016930043125,0.9981223090525335,0.008678005397233842,0.027219011802002726,0.02699159291590115,0.021573484366343175,0.03484064380404814,0.5275162998426534,0.523108869905053,0.41810356566670304,0.6752267789053299,0.522833855881145,0.41788702551135126,0.6749654699622953,0.02729811228100973,0.9971023461918269,0.011555125246785973
2025-09-29,0.028069127370428205,0.029327606389290783,0.02259934723400513,0.03757563794025071,1.1963820871286095,1.250021864928777,0.963245271388385,1.6015752663371927,1.2500165423281389,0.963091367577682,1.6016433375492518,0.0281287528511144,0.9978802657550516,0.009750692978943178,0.03859119448559068,0.03809698934209072,0.034235414146284816,0.0410684820034096,1.6448610316293126,1.6237966724403943,1.4592058986912422,1.750449722430877,1.622452820103264,1.4555341770367765,1.75005855014851,0.03867317133122223,0.9978802657550516,0.009750692978943178,0.033407330657193264,0.032894443765075214,0.024283620510509803,0.041509363101961995,1.2491548932183612,1.2299772110045064,0.9080044046928235,1.5521031765532227,1.2299082549715477,0.9077633402335622,1.5520590522866724,0.03347796220009553,0.9978902078185015,0.009750692978943171,0.043511655369280165,0.04118313952686228,0.03685238432447058,0.0445356737601012,1.6269721689022183,1.5399051419571463,1.377971100955471,1.6652618962906671,1.5384636748416898,1.3752489789203062,1.664668452457664,0.043603650009154275,0.9978902078185015,0.009750692978943171,0.02830702979416821,0.027771617288381206,0.021638678064577015,0.036425499688933285,1.2053571857631595,1.1825590426291053,0.9214097596744847,1.5510562574275673,1.1816926999838988,0.9207182223793371,1.5498892654327376,0.028399528111121335,0.9967429628903974,0.013147140572007159
2025-09-30,0.028450427928518523,0.029538737952722924,0.02320870306453724,0.03730988426940504,1.2124259555608552,1.2588047068526718,0.9890478294754766,1.5899751033921925,1.2588037213628178,0.9889604664918864,1.5898466845631034,0.028516852375647495,0.9976706949892655,0.010823380560652508,0.03869187526843606,0.03818328827311849,0.03446814190309961,0.041076341813335825,1.6488691826582942,1.6271955517613166,1.4688731567858992,1.7504841438274754,1.6257467908470706,1.4651341058759046,1.7498142994453905,0.03878221086653484,0.9976706949892655,0.010823380560652508,0.033954729885189786,0.03323332700758792,0.025060470064340548,0.041388179086286454,1.269623048283261,1.2426486113315272,0.9370520838210936,1.5475719074220757,1.2423170720585708,0.9367906136047317,1.5475783166825539,0.03403443490419322,0.9976581065844694,0.0108233805606525,0.04350986767689808,0.041251147956798496,0.03707313355774446,0.04453639668253808,1.6269053241515987,1.5424480887105596,1.3862252768951129,1.665288927546433,1.541544341119716,1.3832970235841635,1.6645293832291046,0.043612002338011574,0.9976581065844694,0.0108233805606525,0.028755335564505605,0.027946248126958763,0.022071379359512193,0.036427031868933285,1.2240735532572073,1.1896314195387003,0.9395467559067889,1.550645913847778,1.1889672201273682,0.9386574466479576,1.5501433888786196,0.02885970438851258,0.9963835795889677,0.014739155897228344
2025-10-01,0.03141530248259037,0.03171442915378529,0.025355191232847813,0.03909990100585421,1.3385454530358745,1.3512906636169788,1.080335799866697,1.6659713760369774,1.3507859680023615,1.0800165320629656,1.6660338641123615,0.031495265048096084,0.9974611242234792,0.01189606814236184,0.039760447002032816,0.03917039175954397,0.03690603733876926,0.041432484383873945,1.6941159670430945,1.6689748511072802,1.5724950761419003,1.765358255288123,1.667138254379203,1.5678723285425096,1.7648168512585762,0.03986165078161439,0.9974611242234792,0.01189606814236184,0.03619026112756262,0.03487825169378039,0.026631068222328684,0.04296603143106593,1.3532132285047165,1.30415504361185,0.9957793252898215,1.606570394834387,1.3041050058599963,0.9951434246506625,1.6068068691381858,0.03628365506155765,0.9974260053504371,0.01189606814236183,0.043582216560895295,0.041913867818275614,0.03905146158675752,0.044655811509943,1.6296105676022468,1.5672282714282981,1.4601982070639767,1.669754043826041,1.5652227652959896,1.4572462501186236,1.668758813687896,0.04369468645003201,0.9974260053504371,0.01189606814236183,0.031809169659988,0.030080061080796562,0.023872616112812824,0.038354253170544444,1.3536585524545688,1.2800765651829207,1.015914123469681,1.632187751255265,1.2790955055034638,1.015234196697296,1.6315870394356282,0.03193614148988519,0.9960241962875382,0.016331171222449533
2025-10-02,0.03249875734608639,0.03235329813722596,0.026121275422183624,0.03968207234663191,1.384471793670731,1.3782751206825195,1.112786210610995,1.6904864790139151,1.377453610216699,1.1125892151450165,1.6905528149972964,0.032588324614191845,0.9972515534576931,0.012968755724071173,0.04011838602719493,0.03950570773667895,0.037626785025702596,0.04147513596345332,1.7090737738295094,1.6829732124209364,1.6029296751209683,1.7668723535662967,1.6806339374923818,1.597959080888197,1.7661359626387767,0.040228953154392746,0.9972515534576931,0.012968755724071173,0.037223749686150887,0.035515387592338236,0.027636426609691657,0.043547208069699694,1.3918570610004373,1.3279785999892058,1.0333713245399074,1.628301542690023,1.3279048242051155,1.0330280835324612,1.6284064298792629,0.03732849702800195,0.9971939041164051,0.01296875572407116,0.04360013104709388,0.04208257215164503,0.039695699937734724,0.0446885522303108,1.630280419627363,1.5735364031883006,1.4842873357878492,1.67097827306706,1.5714285692835706,1.4800290102536138,1.6700613375715814,0.043722821476458125,0.9971939041164051,0.01296875572407116,0.03297641257385682,0.030829752386494384,0.02467168245994992,0.038871828314988824,1.4029044693734414,1.311579007512469,1.049601372354814,1.6537093740627515,1.310630017819085,1.0486749969372193,1.6533257284774105,0.033119991895897566,0.9956648744814902,0.01792304353515498
2025-10-03,0.030581956690982803,0.03099332177494723,0.02538572821964156,0.03764994755207694,1.3025911693096175,1.3201126291412701,1.0812658503028052,1.6036413137935701,1.3197024073390202,1.0805852802396767,1.6035160236838206,0.03067268703010357,0.997041982691907,0.014041443305780502,0.03935646625717992,0.0388119835412736,0.036039862028695475,0.041308754906241946,1.676327839969451,1.6531364403887188,1.5350622099192777,1.7594825569781711,1.6507489799588277,1.5299795797520377,1.758672478173376,0.03947322875103179,0.997041982691907,0.014041443305780502,0.03628865047387598,0.03443405461951367,0.027352935468002097,0.041631504160300356,1.3568921675570178,1.2875457863632742,1.0227711257254797,1.5566702310794236,1.2871092365876957,1.0221881404687843,1.5567478738108913,0.03639923853547829,0.996961802882373,0.014041443305780488,0.043532271001460135,0.041695753236124455,0.038306865070737994,0.04457620162874563,1.6277430212064223,1.5590726094159026,1.4323565219259615,1.6667772997794514,1.557409647579308,1.4291173682366174,1.6658924239063673,0.04366493367709927,0.996961802882373,0.014041443305780488,0.03111147015459188,0.029356254344149624,0.024006623223144265,0.03663854804708995,1.323162451430118,1.2485151102117542,1.0209971065891978,1.5582309953037083,1.2474965856771476,1.019979997617165,1.5563020418012705,0.03125821210702384,0.9953054911800605,0.019515058860376168
2025-10-04,0.029330596869047227,0.02994337492632388,0.024779510728232187,0.03616209413022572,0.5684246054124372,0.5803001948171814,0.48022492248948806,0.7008184722129951,0.5799083436971589,0.48006350494833605,0.7008339437542382,0.029426556365420003,0.9967390171251727,0.015679512815009962,0.038843967848172824,0.03831388882104067,0.03486694384896846,0.04109135478521183,0.7527929689031342,0.7425200800430716,0.6757185640570056,0.79634714676726,0.7416302014498565,0.673997697364319,0.7961262318185607,0.038971051780643515,0.9967390171251727,0.015679512815009962,0.0357780101419108,0.03382512264395897,0.027421313564666587,0.04071775201476965,0.6851683085029772,0.6477694532183773,0.5251330344395984,0.7797670458291572,0.6476626345469896,0.5250746008967895,0.7795816860884516,0.03589980497097937,0.996607367946232,0.015679512815009948,0.04347845882800519,0.04135429075438948,0.03733342734547751,0.044503798615066356,0.8326360793498744,0.7919571080990274,0.7149553919700878,0.8522718926540509,0.7907559566518373,0.7130761247087145,0.8517046180039141,0.04362646737962999,0.996607367946232,0.015679512815009948,0.029915854850769058,0.02847437831963276,0.023662078983942177,0.03476038632309356,0.5794627463376967,0.551541694544621,0.4583290419729278,0.6733000421127049,0.5512335301326156,0.45800495842775907,0.673053242795732,0.030067812482348796,0.9949461693740127,0.021106931173081614
2025-10-05,0.02825641326758633,0.02918400173119056,0.02403148633518979,0.035503633580979604,0.5475740115699864,0.5655495179193519,0.4657002023552727,0.6880160932367518,0.5653740276365022,0.4653500318988102,0.6881017726502949,0.02835747785659998,0.9964360515584383,0.01731758232423942,0.038400357147028295,0.03792597295076652,0.03389327851055121,0.04099531303947156,0.7441509794464654,0.7349580059819087,0.6568094224673212,0.7944379848924934,0.7339810546825888,0.6546231461853551,0.7939076572353381,0.038537703535484955,0.9964360515584383,0.01731758232423942,0.03537670948313767,0.03330095775505941,0.027034382513172042,0.04035270383583291,0.6774831831289801,0.6377314111674233,0.5177230948423922,0.7727761751157748,0.6378098642932283,0.5176122660284189,0.7725673140505364,0.03550976695872809,0.9962529330100907,0.017317582324239408,0.043429926384312804,0.04105427581582594,0.03650741853541363,0.04444614054450435,0.8317066567179187,0.7862116592278948,0.6991368750387323,0.851167709315687,0.7848447076922846,0.6972225102707152,0.8506039849789261,0.04359327329967612,0.9962529330100907,0.017317582324239408,0.0288903324450896,0.02780207856651653,0.023377192294273475,0.03343226982640746,0.5595373700886019,0.5384603967545121,0.4527613457126334,0.6475038669277934,0.5380680779396074,0.4522238463898973,0.6471892210584179,0.029051877727912553,0.9944394202558637,0.023508969387455947
2025-10-06,0.0285033733154704,0.0292751997495203,0.024386105920306607,0.03563181319248955,1.2133264268547022,1.2461813945461744,1.0380633349501354,1.516768562959268,1.2456453480911007,1.037568143733345,1.5167915660963338,0.028614021275173054,0.9961330859917037,0.01895565183346888,0.03844646676110508,0.03796983281972999,0.03400822588205687,0.04098522993667121,1.636582225694708,1.6162929585049741,1.4476559927293895,1.7446518362052663,1.6135285665056234,1.441955820291559,1.7433515416823497,0.038595713064614824,0.9961330859917037,0.01895565183346888,0.035860121777923776,0.033598218302119384,0.026965917426804365,0.04083752409773666,1.3408687766753546,1.2562924953860177,1.008299886317376,1.5269820141294799,1.2560979247997157,1.007931558131188,1.5272157806450766,0.0360078078712606,0.9958984980739496,0.018955651833468867,0.04341890065731684,0.04107970353658084,0.0366162148978518,0.04443737478212093,1.6235039180710766,1.5360375006085811,1.3691403386920424,1.6615863362585763,1.5333308111731356,1.3652602834820673,1.6603949879562354,0.043597716776647664,0.9958984980739496,0.018955651833468867,0.029206704254126394,0.027975533668947727,0.023530146614416648,0.03352194815472463,1.2408863614333092,1.1885800870544911,0.9997122573788522,1.4242239836161164,1.1877404696829421,0.9987618505327205,1.4236244423468105,0.029384992668260577,0.9939326711377146,0.025911007601830276
2025-10-07,0.027618163850928017,0.028561547744107185,0.023841483050496735,0.03507895284202912,1.175409141451817,1.2155588797880228,1.0146763294830958,1.492934941860473,1.2154460982980821,1.0143566872002472,1.4930791891205841,0.02773381050087338,0.9958301204249693,0.020593721342698337,0.03807633508450715,0.03762923685964921,0.03322841612256406,0.040952171841930035,1.6205013690585521,1.6014731909558544,1.4141774332732968,1.742894908044106,1.5989083057830495,1.4076752120398424,1.7410349890794856,0.03823577365611126,0.9958301204249693,0.020593721342698337,0.03557838373730926,0.03339207047533211,0.026275166924860562,0.04103250569971964,1.3303341291858346,1.2485842899864281,0.9824715919723338,1.534272696067043,1.2480725696079558,0.9819854160166093,1.5343927657769074,0.035737628352854045,0.9955440631378084,0.020593721342698327,0.0433759999280398,0.0408087433131662,0.035911174242768074,0.044376120509736106,1.6218997894309002,1.5259058533836316,1.342777712080147,1.6592959385352384,1.5240653249648413,1.3382985579861224,1.6579906342635138,0.043570145746562976,0.9955440631378084,0.020593721342698327,0.02836778770597869,0.02745987712458309,0.023237597952884322,0.03261527001950425,1.2048123745675963,1.1662524891247388,0.9869323374319415,1.385206322140821,1.1654559194755079,0.9858403102406906,1.3845677929937932,0.02855551388100379,0.9934259220195656,0.028313045816204606
2025-10-08,0.028683614333481617,0.029285034335100196,0.024447982902950763,0.03584537350006739,1.2205090774300094,1.2460999448426486,1.040279816587647,1.5252472450667967,1.2459573958585937,1.0398746707771995,1.5254365476603648,0.028812488131040707,0.995527154858235,0.0222317908519278,0.03842238518262717,0.03794606997255988,0.03398603228748726,0.040960270652700546,1.634901004688576,1.6146334390029482,1.446130896561692,1.7428899149315455,1.6112877135840789,1.4396577731145956,1.7411595335057928,0.03859501470665418,0.995527154858235,0.0222317908519278,0.036628145644748714,0.03382215254772629,0.026676222176778727,0.04174402467382075,1.369586448889201,1.2646657641613481,0.9974677057153102,1.5608775576537537,1.2641413763990075,0.9971405593687372,1.5608884083505226,0.036805192303839315,0.9951896282016672,0.022231790851927787,0.043387942313135384,0.04105027541042587,0.036588686787655526,0.04440565996203768,1.6223463347993978,1.5349371346990166,1.3681110174958775,1.660400467112039,1.5318249871519272,1.3637279090431145,1.6588374576563412,0.04359766328306545,0.9951896282016672,0.022231790851927787,0.02952208687716544,0.02819111602341189,0.023673323534491943,0.03343147946830665,1.2533881482710394,1.1968800758759237,1.0050767773177032,1.4193641226545557,1.1955605802407763,1.0037380061333885,1.4183374824799821,0.029732616565838012,0.9929192343967983,0.030714798005547453
2025-10-09,0.03587813064581676,0.03435728304753355,0.02790222844168757,0.04274311782732373,1.5263348989687835,1.461634684005294,1.1870224078832476,1.8183866120178072,1.4612027328465234,1.1859717791242137,1.8182860789251742,0.0360503000548634,0.9952241892915006,0.023869860361157257,0.041000792708678964,0.04039207032097109,0.039018530795065856,0.041777244842129954,1.7442642543010605,1.7183678598285,1.6599344555299775,1.7772962425159526,1.7142002623757464,1.6535987249541324,1.7756185635802455,0.04119754438230385,0.9952241892915006,0.023869860361157257,0.04192565911313778,0.03798881785449755,0.029724932117488227,0.04703562568264681,1.5676691672851266,1.4204642147997806,1.1114639713708758,1.7587391994880746,1.4204081043324934,1.1111873190935262,1.7586163342920862,0.04214332122240033,0.9948351932655262,0.023869860361157246,0.04357081156387041,0.042617031561466026,0.040839304671550364,0.044761961027556925,1.6291841160552207,1.5935207172256973,1.527048592705151,1.6737231484127209,1.5900317600757308,1.5185596748155192,1.6720414144276496,0.04379701468024077,0.9948351932655262,0.023869860361157246,0.036970244847248784,0.03304150490275813,0.026965053788267235,0.0403910927562961,1.5690457311816561,1.4023068282373337,1.1444181622790612,1.7142257547107045,1.4010574810962488,1.1428969418759278,1.713577416244353,0.03725289947958184,0.992412546774031,0.03311655019489031
2025-10-10,0.03481380220456429,0.03345907536953582,0.027025566116161356,0.042408185485215064,1.480759010741329,1.4231374974037712,1.1494966942060947,1.803776054607128,1.4218668066540738,1.148947740480173,1.8036759787083978,0.03499151628731878,0.9949212237247662,0.025507929870386713,0.04055997219552965,0.03994806828303767,0.03852185848188637,0.041558582791856806,1.7251647479077763,1.6991382246683366,1.6384762779538369,1.7676393282493439,1.694933953652759,1.630510253533844,1.7655068537776735,0.040767018763236386,0.9949212237247662,0.025507929870386713,0.04155263016222562,0.037913334996725424,0.028777822564278688,0.04661326193054154,1.5537210029099011,1.417641786928853,1.0760499915786652,1.7429463259695561,1.4179048014722806,1.075554171103602,1.7427811450814445,0.041783241972453374,0.994480758329385,0.025507929870386706,0.04352249251522768,0.042309805052492225,0.040356466277566116,0.044629775240586506,1.6273773875659834,1.5820330140940375,1.5089944731267808,1.668780505006027,1.5785291747789392,1.5028403727118624,1.6667871037481194,0.04376403681086856,0.994480758329385,0.025507929870386706,0.0359583285396409,0.032258885337385385,0.02627162250628591,0.03950447368690709,1.5255540399403151,1.3686030797593516,1.114589791903922,1.675998843173753,1.3675503718091462,1.1135622391466802,1.6750743550011107,0.03625175310597891,0.9919059206466454,0.035518159371717414
2025-10-11,0.03048006162458474,0.030474225384087707,0.024529170574346337,0.038380258027472525,0.5904085178878757,0.5902954680474801,0.47513785969965244,0.7434378426543946,0.5901018387523603,0.47506064376175905,0.7437242522580312,0.030657698557156082,0.9942057968819751,0.029357737149230505,0.03892654080429848,0.03837684104178365,0.03520543138670428,0.04107086616120261,0.7540195143250757,0.7433716545514613,0.6819404377405208,0.7955557806040777,0.7423372345181065,0.6796265717355653,0.795229668859859,0.03915340357738786,0.9942057968819751,0.029357737149230505,0.0388697421816358,0.03558600707616877,0.02629162156791305,0.04426387347194313,0.7443766547357759,0.6814913456070515,0.5034988196949874,0.8476771959722335,0.6807235972746898,0.5032623228547423,0.8480800083975506,0.03911823049927485,0.9936477618116276,0.029357737149230494,0.04336322092072657,0.04135137974444527,0.0375282636881003,0.04438366992672785,0.8304292108937379,0.7919013606789891,0.718686613655706,0.8499713630867245,0.7905070047153206,0.7164304827088639,0.8495076273533828,0.043640435360782534,0.9936477618116276,0.029357737149230494,0.03158519030613044,0.029319264663422766,0.023934624251427523,0.03598499676748322,0.6113280200845779,0.5674718166996399,0.4632527968569432,0.6964863341987482,0.5668289365370174,0.4626063262436876,0.6957800434720945,0.03185920389487502,0.9913992330238781,0.03791991156106027
2025-10-12,0.03002133095185801,0.03016492471997558,0.023809371925553473,0.038304525469927166,0.5814450237321847,0.5842261090226667,0.46113348027446643,0.7418716963823836,0.584169761125599,0.46114738818392026,0.7421124016403305,0.03021803920522546,0.993490370039184,0.0332075444280743,0.03870249513060118,0.03817581910806169,0.03471827268273608,0.040949617304767094,0.7495794652073694,0.739378946352434,0.672414121689851,0.7931011201260745,0.7381135668552101,0.6700458952675246,0.7927952695408531,0.0389560848275507,0.993490370039184,0.0332075444280743,0.03888183831752868,0.035399941221179856,0.025331651953403242,0.0445584547629783,0.7446083023018722,0.6779280835187675,0.48511488066710234,0.8533185875447278,0.6780991956880662,0.48489469842135546,0.8536488895152677,0.039163235355408686,0.9928147652938704,0.03320754442807428,0.043311862754713056,0.04118870172947753,0.037171377127845,0.044333309130453115,0.8294456741460058,0.7887859884180959,0.711852042368827,0.8490069265106946,0.7869583783263427,0.7093463924703379,0.8480826893562021,0.04362532092468716,0.9928147652938704,0.03320754442807428,0.0311732473838201,0.02887269819812129,0.023178320999684036,0.03583453011924584,0.6032087557626821,0.5586929181663849,0.44850548571107024,0.6934058876424359,0.5581154032040194,0.4481015855237757,0.692814222340764,0.03148138305394615,0.9902121304645977,0.0435653306199092
2025-10-13,0.03062105464527239,0.03052299589068265,0.023664406938320066,0.039408308319832795,0.9449651279566297,0.9419390367702997,0.7302831202105522,1.2161395988937478,0.9418829378382044,0.7301666495425557,1.2162643678439438,0.030843903600833396,0.9927749431963928,0.03705735170691808,0.03886035021716298,0.03831262297740627,0.03513081030945611,0.04100784364048644,1.1992296229114454,1.1823267713539833,1.0841360966781926,1.265501226586279,1.1802416965119793,1.0801543271477592,1.2646473883468228,0.039143161784528986,0.9927749431963928,0.03705735170691808,0.03964518261184638,0.035800186703928684,0.02500498268601128,0.04557007572786426,1.1417692690370167,1.0310345497593787,0.7201359389163049,1.3124043988693304,1.0305416422037026,0.7197967437717648,1.3131577444180123,0.03996563632490928,0.991981768776113,0.037057351706918075,0.043289738037764425,0.04127411258192744,0.03744495316133359,0.044308734219498186,1.246731363053754,1.18868195952608,1.078403326293823,1.2760781449051766,1.1862351484850966,1.0747505779520874,1.2751590079395911,0.043639650848799796,0.991981768776113,0.037057351706918075,0.03185514031947599,0.02920854763184908,0.022935322373138226,0.0367511179468308,0.9840816577605425,0.902322327061878,0.7085265644273684,1.1353292585536865,0.9016312723527937,0.7078719138944459,1.1341849428958328,0.03220862912533452,0.9890250279053172,0.04921074967875814
2025-10-14,0.029846292401093787,0.02998654287546596,0.02391146704644487,0.03814843980914899,1.2672372932836788,1.2731921579327505,1.0152518232806753,1.619736379885148,1.2740343774137415,1.0153094635370905,1.62034723512044,0.030085183307143052,0.9920595163536017,0.04090715898576187,0.03863966613791867,0.03811454730603618,0.03465157097750634,0.04088793592526991,1.640593252654944,1.6182973454037417,1.4712635801944096,1.7360520547602987,1.614680734236922,1.4646793534735378,1.7351175253799493,0.03894893955550371,0.9920595163536017,0.04090715898576187,0.038763744260842746,0.035447279249440404,0.024996286707498906,0.0447797783425154,1.4494399842889176,1.3254319173262643,0.9346521628251715,1.6743893670457737,1.324291336642003,0.9347277127629204,1.675303176203724,0.039109915025691507,0.9911487722583555,0.04090715898576187,0.04323864079703052,0.041115669866791466,0.03709948043713839,0.044258377201270446,1.6167637062044622,1.537382340692775,1.3872104299339376,1.6548933230906568,1.5333078383533194,1.3818698617724425,1.6526732112116704,0.04362477360337164,0.9911487722583555,0.04090715898576187,0.030873651437957412,0.029116250779188647,0.023503403183197262,0.03606539510775972,1.3062815382879363,1.2319275141826218,0.994444694028134,1.5259482529872512,1.2305169565372558,0.9931491641105045,1.5242579336778357,0.03125376107473285,0.9878379553786651,0.05485588271257559
2025-10-15,0.03097803105008245,0.03094444115206889,0.025066610666249895,0.0385495241763328,1.3147102936279267,1.3132847354764405,1.0638291057298992,1.636045111038406,1.3134049844047082,1.0632850464829875,1.6365148741863298,0.031248515402325035,0.9913440895108105,0.044756966264605666,0.03911105048165645,0.03857534236846356,0.03579169176518678,0.041066793878656194,1.659876335578091,1.6371408373259246,1.5190024670700857,1.7428782530199538,1.6322929031062727,1.510379102075896,1.7411016833950566,0.0394525482075111,0.9913440895108105,0.044756966264605666,0.039234345158900966,0.036235456813745424,0.02605001032317366,0.045341349719925775,1.4670365238207526,1.3549031693481481,0.9740526172980715,1.6953874420246409,1.3546436014403842,0.973506585032796,1.6953930302422218,0.03961801489990396,0.9903157757405981,0.04475696626460566,0.04324050389722874,0.041404089974117035,0.038008988639100336,0.04427548487271361,1.616833370577023,1.5481668416175962,1.4212184335233646,1.6555330069886038,1.5450184862545813,1.4161890934993027,1.654132126640932,0.04366334956634589,0.9903157757405981,0.04475696626460566,0.031853153931981765,0.0303239999163609,0.02482362109658269,0.036981276972456394,1.3466681427303144,1.2820222612103545,1.049481522837124,1.5634686518165293,1.2805064966061752,1.0482249341656789,1.5622176948652333,0.032284118410665225,0.9866508828520129,0.06050115875890878
2025-10-16,0.034568089048841566,0.033490600671946015,0.027429794205378267,0.04109103342037987,1.4664266355903033,1.4207180731879645,1.1636101947867206,1.7431390496141914,1.4207628614186754,1.1636748537981298,1.7440547561092115,0.03489510282868331,0.9906286626680194,0.04860677354344945,0.04049241292384423,0.03990620748766089,0.038510129751307264,0.041432882092721876,1.7177447317654408,1.6928770781230162,1.633653509963058,1.7576407479219895,1.6871750370966772,1.6244069266523133,1.755250862431568,0.04087547074883507,0.9906286626680194,0.04860677354344945,0.04142432725119839,0.03825522462708719,0.028880716170083472,0.04745492251123998,1.5489235466040256,1.4304256010290992,1.079897352281944,1.774417395705626,1.429738366432996,1.0798958062252142,1.77505860725527,0.041864626773731095,0.9894827792228408,0.04860677354344945,0.043311980726763594,0.042184642785844884,0.040237328023687666,0.044418075058249996,1.619506006480843,1.5773529916333038,1.5045396983850068,1.6608646879246067,1.572641726546606,1.497042317552829,1.6582090686515922,0.04377234413395418,0.9894827792228408,0.04860677354344945,0.035321350229866225,0.03330852578682317,0.027590801076897566,0.04036668350909518,1.492125162113086,1.407093999501485,1.1655532029279971,1.7052703767654522,1.405539530556788,1.1643606765956773,1.7028289681675168,0.035842359905925984,0.9854638568044283,0.0661463632989841
2025-10-17,0.03312402376246361,0.032555178133356504,0.027219303096554303,0.039245052935373295,1.4045486679854964,1.3804280666847206,1.1541724574863477,1.6640969472997125,1.380311129619761,1.1534935042107175,1.664675125748176,0.0334615424500817,0.9899132358252283,0.052456580822293236,0.040030114305838894,0.03942584306068269,0.03772524166884952,0.04120552139150256,1.6973856839001202,1.6717629401606406,1.5996528174049518,1.7472261401305766,1.6660635574904945,1.5884943000208507,1.7442965614300332,0.04043800290483874,0.9899132358252283,0.052456580822293236,0.04008042963493571,0.03753726440066842,0.028874564384880633,0.046412705158420685,1.4986730102602137,1.4035798904522783,1.0796673269420864,1.735447179275269,1.4040467130837702,1.0778614011653005,1.7353660268776363,0.04054057395862676,0.9886497827050834,0.05245658082229324,0.043242389220728775,0.04182835385628315,0.039635253490151394,0.044329913571361665,1.6169038659152928,1.5640307641159805,1.4820271439589603,1.6575681853135469,1.5599203479330663,1.4736537602328144,1.6544520814685777,0.04373883449649033,0.9886497827050834,0.05245658082229324,0.03365656966226513,0.03275173020838358,0.027456797353405504,0.03903172987890192,1.4206856882136178,1.3824942048572315,1.1589927667921642,1.6475872321063902,1.380894937755063,1.1571176966751004,1.64510740506787,0.034194208942723486,0.9842768908221002,0.07179113880151222
2025-10-18,0.03224535292037833,0.03193193483209626,0.027047709404602865,0.03809461752799757,0.6240507723440842,0.617985129318189,0.5234597365319432,0.7372527616367129,0.6178373381956271,0.5231628253604839,0.7371752280231332,0.03258929469449635,0.9894461731270268,0.054962769975865716,0.03977849246478386,0.03916929431996684,0.0372858435247178,0.04114832771553954,0.7698411304918179,0.7580511968005235,0.7216003963906317,0.7963518264153228,0.7553353028927015,0.7169087804518742,0.7947373760244681,0.04020278570492488,0.9894461731270268,0.054962769975865716,0.03914815059671026,0.03723072018165401,0.028999656884106766,0.04546174136745538,0.7497083269577058,0.7129884940506966,0.5553591654661252,0.8706170161724832,0.7128263166074357,0.5552642144353572,0.8700997948360657,0.03961932301418608,0.9881075096283922,0.05496276997586572,0.04320086767763044,0.04168250618096376,0.03930211172673147,0.04427831670720336,0.8273200581904173,0.7982426116180463,0.7526567661418142,0.8479537917648254,0.7952138509417503,0.7471617219355173,0.8457177424695695,0.043720817073718464,0.9881075096283922,0.05496276997586572,0.03257020420081606,0.03257072743071027,0.027692210767943058,0.03841437358734685,0.6293205012468802,0.6293306645956314,0.535069802053414,0.742241058752533,0.6284696316874733,0.5339573202616206,0.7415746881455805,0.033130442979182814,0.9830899098234582,0.0774359858102982
2025-10-19,0.028863305074722213,0.029618184984866396,0.02564620263241651,0.03526876638789955,0.558552466958765,0.5731606358769499,0.4962962388186755,0.6825086878150342,0.5730114969541596,0.4958513825307739,0.6823617982774777,0.029184949176739406,0.9889791104288252,0.0574689591294382,0.038582591895713836,0.03805196802782191,0.03469216806069829,0.040790707554998216,0.7466366664948424,0.7363682211566872,0.6713505610076992,0.7893673394247306,0.7338105067622419,0.6675783178778866,0.7881519362120489,0.03901254484433374,0.9889791104288252,0.0574689591294382,0.03649475093029183,0.03536292080689763,0.027279151306098936,0.04340531465481299,0.6988942835268048,0.6772191224968096,0.5224105500462684,0.8312353287428906,0.6772295572420702,0.5219009007011534,0.8313499527949962,0.036954268517714536,0.9875652365517009,0.0574689591294382,0.0430871213866853,0.041002639049918826,0.037049795064525604,0.04410313482474929,0.8251417549964654,0.7852227871410234,0.709523679881969,0.8445989636565729,0.7821245340731267,0.7057587731138898,0.8426431472250426,0.043629645710427566,0.9875652365517009,0.0574689591294382,0.029006093232557945,0.030485144403166648,0.025985571859951102,0.03562774497802268,0.5603733393182329,0.5889469999446131,0.5020202163544674,0.6882973256275267,0.5884756533106503,0.5013469749440408,0.6878590801625828,0.0295280750073489,0.982322526115873,0.08110997733966688
2025-10-20,0.028343157324268765,0.02927909423410794,0.025325663981467218,0.03490566268045211,1.200891019587694,1.2405463839166406,1.0730407375750668,1.478942390437926,1.2397790184533064,1.0722041070839687,1.4788184689349766,0.028672546166066012,0.988512047730624,0.059975148283010676,0.0384514890409376,0.037933882184254995,0.03441081575273621,0.04073075565499461,1.6291779829164799,1.6072471366541625,1.4579758754951555,1.7257498212883249,1.6002615743952928,1.4479187695706266,1.7216893122239896,0.03889835144570325,0.988512047730624,0.059975148283010676,0.03583531358927054,0.035066698709278366,0.027409897183846874,0.04370910366631431,1.3399411578073264,1.3112013866416847,1.0249010177184608,1.6343550846140045,1.310358668343047,1.0246624813647625,1.6333910433104433,0.03630646389735982,0.9870229634750096,0.05997514828301068,0.043054828605955754,0.0409077782725006,0.03687791884629841,0.044070348873972556,1.6098906668625779,1.5296089329658253,1.3789258786123428,1.6478626354994215,1.5230687415365671,1.3711147312764074,1.643331135241189,0.043620898600345334,0.9870229634750096,0.05997514828301068,0.028326199999986555,0.03046699612953898,0.025843204432438465,0.03543680775922832,1.193644346565849,1.2838712364832725,1.0890097396584073,1.4932700145150402,1.2821303029962263,1.0872118548901923,1.4918123327814707,0.028858486736754126,0.9815552789852404,0.08478339681897261
2025-10-21,0.02990837797767003,0.030466823151088333,0.02631506217913717,0.036088953887509066,1.2668798358585807,1.2905348441697784,1.1146716708944986,1.5286809606141398,1.2892277367813212,1.113150886393055,1.5288299917605186,0.030270259381650115,0.9880449850324224,0.062481337436583156,0.03911270015780492,0.038561462427939903,0.03593632515278113,0.040966573462426874,1.6567629041234273,1.633413193709449,1.5222158067183393,1.735290556462705,1.6250796571827886,1.5097537552926132,1.7305128214128593,0.03958595079202942,0.9880449850324224,0.062481337436583156,0.036609762385646324,0.035936358909095314,0.028513933406637604,0.045066564780761306,1.3688990686762565,1.343719408065964,1.06618274310206,1.685112782403906,1.3434614033770484,1.065321343366536,1.6853256316133398,0.0371114840279987,0.9864806903983183,0.06248133743658316,0.04308313159421225,0.04132682578149387,0.03813496354875176,0.044125410640683364,1.6109489620204909,1.5452778067145632,1.4259288420390457,1.6499214852776887,1.5392172983498336,1.4182572915791503,1.6458722192243125,0.043673568082530104,0.9864806903983183,0.06248133743658316,0.02971485381711948,0.03217755584528961,0.027231355978024906,0.03734712373453322,1.251581823523188,1.3553066749744502,1.1469783319338707,1.5730493450200782,1.3535029403892498,1.1454849159560427,1.5715760130244139,0.03029692051695971,0.9807879253102836,0.08845717382956769
2025-10-22,0.02928239606507581,0.03005546671780196,0.025746252875211793,0.03562580847138125,1.2400418823217896,1.2727796400258997,1.0902943805267387,1.5086707555593892,1.272373093007916,1.0891867499558567,1.508433745550771,0.029650719606878696,0.9875779223342209,0.06498752659015565,0.03894215003300644,0.038407983484961036,0.03561426204104857,0.04090295946485816,1.649110165755209,1.6264894454343892,1.5081817908868247,1.7321459191595454,1.6173393196182873,1.4944503561150275,1.726892907004272,0.03943197711524726,0.9875779223342209,0.06498752659015565,0.03588422000151002,0.035597527088568774,0.028106168499554895,0.04548974737061146,1.341769848784932,1.3310499304913563,1.050935744346252,1.7009362736088918,1.3306934556501306,1.0478457222151145,1.7008207834767786,0.03639600544118374,0.985938417321627,0.06498752659015564,0.04304782019673088,0.04120750224107897,0.037798882455976256,0.04407625515559193,1.6096286109453677,1.5408161038052552,1.4133622186872246,1.64808348105758,1.5348897830024448,1.4055424663152023,1.6438343750230096,0.04366177383945886,0.985938417321627,0.06498752659015564,0.028932705355365327,0.03209618312974871,0.026700262479271195,0.03785984914679931,1.2180745474491075,1.3512629452309202,1.1240926002051534,1.5939069842851363,1.349683543514371,1.1222643321155585,1.5923313327289785,0.0295225471559092,0.9800206331307084,0.0921308793339049
2025-10-23,0.031007286372208075,0.0314435574469259,0.02673340166302749,0.03755774295976405,1.3127458986498786,1.3312161722868736,1.1318037627940922,1.590070554421932,1.3307737730875675,1.1305443274770797,1.5901310958022952,0.03141216213915577,0.9871108596360194,0.06749371574372812,0.03967754278563495,0.03906704141823902,0.037186261128169536,0.041050611886945955,1.679815864410263,1.6539692567275128,1.5743432429444018,1.737947066530693,1.6446751719893304,1.5585078039749352,1.731384919487519,0.040195629901453395,0.9871108596360194,0.06749371574372812,0.03675949875638047,0.03664201457639301,0.029024175501425175,0.04722249621584698,1.3744979571990976,1.3701050309933793,1.0852615320053167,1.7657265952588006,1.3700440890891195,1.0853518918404021,1.7653146747643516,0.03730428515584217,0.9853961442449357,0.06749371574372812,0.043081784444449746,0.041563599410044776,0.03918590148913048,0.04415598938136695,1.6108985898810644,1.554131161079341,1.4652251355431254,1.6510648745518965,1.5458815066214862,1.4513965148612722,1.644385238313315,0.043720268945705444,0.9853961442449357,0.06749371574372812,0.030456907441886283,0.03403264172184427,0.028076107131403752,0.03996854434922635,1.2816512949582113,1.432126594594393,1.181468518942169,1.681906038183782,1.4299384183703947,1.1796059448530205,1.6801689352094888,0.031102172203144086,0.9792533860000758,0.09580422730695276
2025-10-24,0.031164316207048896,0.03162152855581565,0.026663984876706653,0.0382240980826529,1.3190512375946681,1.338403066477341,1.1285716014802283,1.6178613882264208,1.337456636377265,1.1275723226675005,1.6173625329034516,0.03158618774452498,0.9866437969378179,0.06999990489730061,0.03981269018906021,0.03921029844395061,0.03744595247606784,0.04104667414498264,1.6850996478457905,1.6596030006026865,1.5849258372399786,1.7373288722387612,1.6489558741120516,1.567961476338268,1.7299910801203207,0.040351634817574755,0.9866437969378179,0.06999990489730061,0.03656865216348118,0.03678376559894238,0.029098886350195478,0.04776590704504586,1.3673618900340647,1.3754053342487704,1.0880550931932957,1.7860456175502588,1.3748812428903265,1.086693527645853,1.7854944548874416,0.037131043735557485,0.9848538711682444,0.0699999048973006,0.043069844960117426,0.04162472236421921,0.0393694370883976,0.04414972475855052,1.6104521529768634,1.5564166485993836,1.4720878326636126,1.650830630028573,1.5487610723937277,1.4583317207990159,1.6434302958030658,0.04373221877985564,0.9848538711682444,0.0699999048973006,0.030438793141719944,0.034598519154823267,0.02821426036455113,0.04114460426718239,1.2802975697945354,1.455270318271611,1.1867322701616028,1.730607285816675,1.4529904630390866,1.185035863183556,1.7282614297234418,0.031108046352240175,0.9784861703321965,0.09947757528000063
2025-10-25,0.031843902343631825,0.03222592658162344,0.02669814466244368,0.03981142448209161,0.6159264890021396,0.6233156225662588,0.5163969643971301,0.7700347350277622,0.6230754892992519,0.515929650770005,0.7698471000969228,0.03229385951359965,0.9860667886482153,0.07309284378762948,0.04015123842524963,0.03954436618991166,0.03809616362540015,0.04116201815740988,0.7766074347762001,0.7648692790328826,0.7368580663586971,0.7961579912647176,0.7602633100275885,0.7301941920976632,0.793109758922718,0.0407185789922936,0.9860667886482153,0.07309284378762948,0.03672822251115992,0.037271925090059,0.02953628065030099,0.04887177268923737,0.7033653909895285,0.7137775904057452,0.5656358017778551,0.93592096637598,0.7133336946305389,0.5649552301409586,0.9362872991887158,0.03731842683027274,0.9841846409604262,0.07309284378762945,0.043068241095428506,0.04181937426864782,0.03988512704126399,0.04416211555248941,0.8247801871738517,0.8008637097661705,0.7638218257777513,0.8457284765976136,0.7961905622639774,0.7559764821708964,0.8418230507934154,0.043760326368637435,0.9841846409604262,0.07309284378762945,0.03092861453351748,0.03566601693863565,0.028709149394454493,0.04299814759094889,0.5969919848082204,0.6884345527546234,0.5541537521435331,0.8299607537963831,0.6875779548254979,0.5528258878831754,0.8290500677812158,0.031633439201435236,0.9777189997132598,0.10315085174679062
2025-10-26,0.03222423892774768,0.032550754169547884,0.026378163721187804,0.04098949450236117,0.6232246431484565,0.6295395275902502,0.5101601222889726,0.7927468245672908,0.6292816604129172,0.5096613589680823,0.7927814911148598,0.03269870430926389,0.9854897803586125,0.07618578267795834,0.040376072845697546,0.039767748753476946,0.03841727491815719,0.04125790866196108,0.7808831000606887,0.7691179636941532,0.7429994702214102,0.7979380199034399,0.7642787096136134,0.7363247964624446,0.7948200482229716,0.04097056473889053,0.9854897803586125,0.07618578267795834,0.036686371925838346,0.037680008541117735,0.029273810807007593,0.050435755148391416,0.7025639295711629,0.72159260993257,0.5606093618543078,0.965872079135368,0.7210369830028186,0.5602546270895705,0.9657518994718464,0.03730126800734633,0.9835154107526082,0.07618578267795831,0.04305793905772475,0.04201002518532577,0.040073449582271096,0.04416117706189608,0.8245828975616117,0.8045147782737996,0.767428304627833,0.8457105039934965,0.7988530272412595,0.7604944551873273,0.8419369284182685,0.04377962824677637,0.9835154107526082,0.07618578267795831,0.031118831893397987,0.036415690940153345,0.028970875732410164,0.04484369243237605,0.6005618870161029,0.7027857189844391,0.5591093181447928,0.8654367185193063,0.7017472242078195,0.558096509784166,0.8647422077796753,0.03185867065690498,0.9767774753857583,0.10768234632053823
2025-10-27,0.03157937162137829,0.03215014192179681,0.025557284374180984,0.04140436791220416,1.3354260853780104,1.3595627767940588,1.0807645140601934,1.7509047875137067,1.3593056466721272,1.0800652267968551,1.7493776083781287,0.032063115147790595,0.9849127720690096,0.0792787215682872,0.04019576730692276,0.03959759195638508,0.038202833965041386,0.04116501943529772,1.6997955762713983,1.6744999821628257,1.615518561418886,1.7407832371741827,1.6613513668942614,1.5968638380258393,1.7320068599609264,0.04081149970518036,0.9849127720690096,0.0792787215682872,0.03596323933208716,0.03732498188011392,0.028299368333839968,0.051156011051595715,1.3447245111751167,1.3956422987896444,1.0581598030668555,1.9128071673357123,1.3953073837139867,1.0579905468050206,1.9135622004185493,0.03659091325170821,0.98284618054479,0.07927872156828716,0.043016665177841966,0.04186362447733351,0.03993486337102813,0.04411277659323126,1.6084636736837603,1.5653495904934607,1.4932300488720822,1.6494490775191075,1.5546337123571041,1.477542796322474,1.640951490985214,0.0437674440104126,0.98284618054479,0.07927872156828716,0.03032570079409739,0.03644402531740562,0.028406675298991924,0.04580564103025582,1.2735994934116834,1.530558903908584,1.1930138852368974,1.923712539907186,1.5281570173926344,1.1905548847115577,1.9210240072604559,0.03107663920248783,0.9758359195955035,0.1122139839068016
2025-10-28,0.0306996940674654,0.031889061609090344,0.02548819815007241,0.04010718947446907,1.2978398669304188,1.3481207788040557,1.0775221284841034,1.6955448916235931,1.3474341593151544,1.076904837451062,1.6929662191407895,0.03118823393106471,0.984335763779407,0.08237166045861607,0.03971704052689877,0.03911523162102037,0.03735504493041851,0.04094998253334554,1.6790512139639715,1.6536095405516478,1.5791970576362442,1.7311742509578696,1.6396132063994955,1.5586522469580135,1.7213891104232943,0.0403490780162281,0.984335763779407,0.08237166045861607,0.03546784214368405,0.036909642007243774,0.028382097504646434,0.04973279298395551,1.32620079767252,1.3801120596373966,1.0612531824686766,1.8595907092010444,1.3782052751358864,1.0610951286676065,1.8603760728297416,0.03611145846124316,0.9821769503369719,0.08237166045861602,0.04295258491463915,0.041511097913787355,0.039260063141654165,0.04402942708734843,1.606067607528104,1.5521680440130834,1.4679981613825657,1.6463325027712103,1.5416622503903445,1.4514105163443083,1.6372864701235956,0.04373202293120673,0.9821769503369719,0.08237166045861602,0.029801255669231773,0.035618073010638726,0.028326039416030714,0.04391098140362324,1.2509105032406092,1.495069741136851,1.188989005292376,1.8431613014722985,1.492748863450256,1.1871942594449283,1.840717573724902,0.030568700932997045,0.974894410284316,0.11674540697429135
2025-10-29,0.03010711921669805,0.03171055553556698,0.025752842106322216,0.03915245665990623,1.2724095470801449,1.3401751697416555,1.0883858374054598,1.6546903503831816,1.340003376399686,1.0871078104508107,1.6536149355802274,0.030604169008598046,0.9837587554898042,0.08546459934894494,0.03935792445257398,0.03875425611734689,0.03671271991067506,0.040891790540253485,1.6633739836171082,1.6378613017997474,1.5515803746415546,1.728199377234423,1.623001267857149,1.5302986893531842,1.7170765372635204,0.040007699278852206,0.9837587554898042,0.08546459934894494,0.03516513460437841,0.036616047631326996,0.028380038750618067,0.04832159906800771,1.3148820662294762,1.369134084322303,1.0611762022784643,1.8068238538220551,1.369520335953856,1.0609004544921128,1.8074649060043346,0.035827669903351476,0.9815077201291538,0.08546459934894488,0.04289765238439033,0.041308652450694996,0.038685011479822645,0.04396009578220281,1.6040135901131443,1.5445982760652446,1.4464960364567143,1.643740091543729,1.531817049255054,1.4307283800403412,1.6347146012079519,0.04370587363158545,0.9815077201291538,0.08546459934894488,0.02954251859564416,0.035067227672708534,0.028563170800717828,0.042547440973515364,1.2393926073526917,1.471175679108666,1.198315245492356,1.7849754754448504,1.4694044913759958,1.1958498082710167,1.782592127301181,0.030332592822703924,0.9739529610383852,0.12127654401674962
2025-10-30,0.028293467317806565,0.03057408358372921,0.0251466248357471,0.03723142680967759,1.1954034517730259,1.2917598483161226,1.062448861125437,1.573033648467435,1.2905038412176617,1.0607018696299106,1.5727870120200882,0.02877745381093337,0.9831817472002014,0.0885575382392738,0.038531462385501716,0.03798427536153717,0.03490117049372181,0.04062952869116331,1.6279603563647698,1.6048416183937255,1.4745799519897216,1.7166039883263449,1.5902315379868335,1.455648208859214,1.7062170689580818,0.03919057945820033,0.9831817472002014,0.0885575382392738,0.03405498539419015,0.03570368949399328,0.027460649759601566,0.04699528150870827,1.2733717662196022,1.3350195169744148,1.0267987397782672,1.7572306646456677,1.334083256624907,1.0264898250366574,1.7576005587000416,0.03472027835787867,0.9808384899213357,0.08855753823927373,0.04280701179225571,0.040846793894858256,0.037117657950811976,0.04381337967675748,1.6006243896903087,1.5273286270496325,1.3878901169878035,1.6382541356943503,1.5159041577007366,1.3761581575961628,1.6289497055414108,0.04364328299931305,0.9808384899213357,0.08855753823927373,0.028069467055264842,0.03366071964380615,0.02744295035267258,0.04052369277975051,1.1769696714046862,1.4114283768765594,1.1506934588550386,1.6991792626242619,1.4087371215082198,1.1477411983199575,1.6963805828117016,0.02884803453554136,0.9730114202644444,0.12580796708423939
2025-10-31,0.029428269658326973,0.03170649838056669,0.02654321948138021,0.037786232464977636,1.242978562064937,1.3392054042851114,1.1211210569495522,1.5959985904872758,1.338291317124412,1.120214502819577,1.5947384642854716,0.029949244587354346,0.9826047389105985,0.09165047712960267,0.03884965460452483,0.038310596398610085,0.035650403503442646,0.04072791659821522,1.6409149561869616,1.6181464481694474,1.5057863679458738,1.7202481762234973,1.6003641579807812,1.4830709627845942,1.7077796442095583,0.03953741831898445,0.9826047389105985,0.09165047712960267,0.03490019457545347,0.03639781946671988,0.028749348343556805,0.04646036792190627,1.3049755239517642,1.360974175275564,1.0749852937579891,1.737229368185939,1.3595975283624537,1.0748171898232777,1.737695827484354,0.03560629373915894,0.9801692597135175,0.09165047712960259,0.04280384507500618,0.04104650782918591,0.037792234888755646,0.04383603892608043,1.6005059809378026,1.534796258656277,1.4131136552444632,1.6391014021957913,1.520929746460737,1.399420226057748,1.628436502109732,0.04366985053940258,0.9801692597135175,0.09165047712960259,0.029503149631722465,0.03449640448629401,0.02870380591284388,0.0411632476842111,1.2364296026034887,1.4456873073900907,1.202961722934173,1.7250819919172997,1.443334609698568,1.1999893881109358,1.7227539098275295,0.030350846886934582,0.9720700625465237,0.13033881810166617
2025-11-01,0.0329706102157833,0.03475927085181853,0.029800477000817924,0.04099191817928566,0.6372935059219769,0.6718667758791651,0.57601756053963,0.7923384820593364,0.6714215219979262,0.5754906734397244,0.792052046836802,0.033577411787670784,0.9819282803652456,0.09526580857863015,0.04007276348876287,0.039475845432257156,0.03808587128163608,0.041039608567798445,0.7745720133353974,0.7630341012831487,0.7361670977975362,0.7932602962051828,0.755593577066942,0.7261349896041444,0.7877019591170767,0.040810275342978306,0.9819282803652456,0.09526580857863015,0.037334315010613996,0.038579561679459945,0.031922450212491245,0.04783446770997576,0.7149723912391269,0.7388195406579452,0.6113322437052392,0.916056013148471,0.7389406974781173,0.6107809211710775,0.9164698195728114,0.03812008440318228,0.9793869975664932,0.09526580857863005,0.04286517372868167,0.041715204171819065,0.03979368884678687,0.043957378413589036,0.820891336909843,0.7988687958858944,0.7620707347362439,0.8418076492907929,0.7906183055360697,0.7512406597670319,0.8351221495046859,0.04376735022538569,0.9793869975664932,0.09526580857863005,0.03339531364403617,0.0373280915497321,0.031818905553063555,0.04361015219431088,0.6438384261094993,0.7196592509804474,0.6134486675910521,0.8407719082874037,0.7184168550666641,0.6120943277531709,0.8398686435082505,0.03438814501099102,0.9711286733658495,0.13486966911909296
2025-11-02,0.0345734980348389,0.036340597500026654,0.03131061583339354,0.042540814034849266,0.6682055278779561,0.7023584397342797,0.6051434702978012,0.8221906579967754,0.7021893954392655,0.6043412818767212,0.822286604506108,0.03523407270797895,0.9812518218198925,0.09888114002765762,0.04054189789429622,0.039959153940132115,0.03858395354321535,0.0413139417561901,0.7835574015777671,0.772294649653806,0.7457160111187713,0.7984787721536312,0.7639330266375044,0.735394459931407,0.7924409036638175,0.041316507131782566,0.9812518218198925,0.09888114002765762,0.03848302631135244,0.039712405748001625,0.03308699720394083,0.0481182345563586,0.7369708359755279,0.7605141192877135,0.6336339505117072,0.9214903022376119,0.7605666811350151,0.633427475841341,0.9216350478447031,0.039324381865837886,0.9786047354194688,0.09888114002765752,0.04286888343830059,0.04200400711493542,0.04027319903033162,0.04408296244555029,0.8209623798620513,0.8043995289602281,0.771253614948591,0.8442126516487378,0.7962130029333884,0.7573442266522474,0.8381957916696048,0.0438061271182438,0.9786047354194688,0.09888114002765752,0.035385386665521955,0.038718406095512324,0.03317199830892649,0.04446001471834777,0.6820755571334888,0.7463236684140143,0.6394127369820086,0.8569954962612127,0.7448443361500774,0.6382136461835687,0.8557730630709843,0.03647863987864461,0.970030318653337,0.14016585161450404
2025-11-03,0.032064853139160854,0.034737375147422755,0.03000149910472357,0.040046885036615444,1.3529967703546166,1.4657655277908976,1.265932241084021,1.6898036576730553,1.4653504769098962,1.2654321999250895,1.6886664827575877,0.03270003952789849,0.9805753632745393,0.10249647147668509,0.039467358242108445,0.03886529898192937,0.037033416291413775,0.040783258063966696,1.6653501578270071,1.6399458863323253,1.5626484369044638,1.7208753835736412,1.6191618901212497,1.5343590659505082,1.7046824923856212,0.04024918402019699,0.9805753632745393,0.10249647147668509,0.03691797885615231,0.03828118120307009,0.03161717667104781,0.04639385263671118,1.3804237880934949,1.4313961599831488,1.1822180991849098,1.7347422525636862,1.4313538592290327,1.1792222657971143,1.724388988366518,0.03775529798635145,0.9778224732724443,0.10249647147668499,0.04275467273265485,0.04127681966068658,0.03895369154112098,0.043822757089484306,1.5986673463970942,1.5434079958296922,1.456542424679856,1.6386047725385096,1.5271073916945113,1.433728161999425,1.6252796186647203,0.04372437114230897,0.9778224732724443,0.10249647147668499,0.03317900909242339,0.03658337138780329,0.03176102404784745,0.04231692492654803,1.3881026296032317,1.5305324123941828,1.32878447792309,1.7703851177167045,1.5276632774677597,1.3262244162701293,1.7683374162266157,0.03424287373141481,0.9689317944709932,0.14546246314746236
2025-11-04,0.034864397423189,0.037131310001066224,0.03262303125521046,0.04292288710741598,1.470637827014513,1.5662599410896574,1.376093302673263,1.8105582224362358,1.5646920392391688,1.3747131472177707,1.8108721285900218,0.03557958607252903,0.9798989047291862,0.10611180292571255,0.04037290770927946,0.039774017328536394,0.03842106562410104,0.04113539570117591,1.7029958826806375,1.6777336979520379,1.6206639620115302,1.7351588846656203,1.6538911023258982,1.5915755328222385,1.7189346887868693,0.041201094841959524,0.9798989047291862,0.10611180292571255,0.03885514395948996,0.04020228663524441,0.033765272575431916,0.04786200836122871,1.452857568949465,1.5032294433907292,1.2625389286938058,1.789639003402794,1.5007133056089057,1.2608842276481005,1.785583703878278,0.0397682137511352,0.9770402111254199,0.10611180292571246,0.04279171018762441,0.04185637040390219,0.04011042817304545,0.043962400586427676,1.6000522375930517,1.5650783487885946,1.4997947048084468,1.6438262719543983,1.5469663385455452,1.470770783360377,1.6297331242920376,0.043797286642209,0.9770402111254199,0.10611180292571246,0.03644739693885912,0.038782790203745074,0.03378039874390045,0.04444025740637115,1.523941663660643,1.6216105903502616,1.412450333974178,1.858133208130599,1.6180332329553662,1.4086591124158023,1.8554372292067363,0.037658749480352624,0.9678334368982302,0.1507584311240998
2025-11-05,0.033198858912523964,0.03622798262388924,0.03169539085499666,0.041532883121579496,1.3999184065853822,1.527649484648574,1.3365206671332095,1.751344758976783,1.5264108098319622,1.3358608655078146,1.7495304892936399,0.033903286267491686,0.979222446183833,0.10972713437474002,0.039625443813458554,0.03902821931876436,0.03737649747826715,0.04076789507484093,1.6709124946053207,1.6457289313633123,1.57607967585234,1.7190869982426304,1.6205194398204759,1.5420629802972905,1.6991055409644713,0.040466233150480216,0.979222446183833,0.10972713437474002,0.03785034184786552,0.039239171034135684,0.032964056813054095,0.04809519265304631,1.4152863697617335,1.4672169712119365,1.2325801570586818,1.7983581465793206,1.4672759120701573,1.22884854330669,1.786722837634088,0.038770841136273444,0.9762579489783955,0.10972713437473992,0.042702495927219156,0.04132231416754119,0.03917398676538908,0.04377751312430037,1.5967163700532703,1.5451091100682155,1.4647796244780351,1.6369130264640315,1.525395247408471,1.4420843033613897,1.6207750261717206,0.043740996907533664,0.9762579489783955,0.10972713437473992,0.0350840546076146,0.03748134622747043,0.03231959381424033,0.0437328225436823,1.4660722560370507,1.5662656701144169,1.3505522827175596,1.8274908801246714,1.5623957385632434,1.3478481555210269,1.8241792490454063,0.036291278835611444,0.9667351422509742,0.15605432759447943
2025-11-06,0.035947133843821116,0.03880030803843819,0.03361346402889156,0.044211221095092665,1.5153039953997682,1.6355757888467424,1.41693122359909,1.8636656891189625,1.634109511655104,1.4150387340550774,1.8616783400064978,0.036735252402978175,0.9785459876384799,0.1133424658237675,0.04049162612221312,0.039911648170018195,0.03853722974063452,0.041226062331155694,1.7068710709955472,1.6824228656943105,1.6244860703313027,1.7378302603042701,1.6544981403610384,1.5900545977478084,1.714915594009443,0.04137937984900572,0.9785459876384799,0.1133424658237675,0.03975044100691694,0.04083251516443247,0.03464128964759219,0.04945967462271812,1.4863341941594637,1.5267947218967979,1.2952946440025417,1.8493783656627856,1.5245232945550153,1.293302558741913,1.8468503901758702,0.040749801910530375,0.9754756868313711,0.11334246582376739,0.04273650982191671,0.04190229353571567,0.040165328764558555,0.04397371509012711,1.597988205370939,1.5667954900174272,1.5018475279816865,1.6442493398075448,1.546381660477196,1.4689094385872659,1.6288875774739078,0.04381094311098345,0.9754756868313711,0.11334246582376739,0.03838048587018719,0.03972651909994418,0.03439136601476551,0.04592092481415956,1.6028756199148404,1.6591081958389176,1.4362904417075293,1.9177752197950235,1.6552523001029034,1.4326575439054652,1.9145294389979794,0.03974629326276215,0.9656368611899071,0.16135000954608542
2025-11-07,0.03489430967824141,0.0383357569000202,0.032915954552988236,0.044096892451626575,1.4704354961817696,1.6154570254741238,1.387068218621341,1.8582295087675558,1.614208236219917,1.3855871600081757,1.8579995340127402,0.03568401370538899,0.9778695290931267,0.11695779727279497,0.03997414263515848,0.03939510611423879,0.038017350588765236,0.04090062573080621,1.6844980973164878,1.6600976761075041,1.6020394812786716,1.7235398105074018,1.629832924608818,1.5641809354693241,1.69991484648932,0.040878809949452435,0.9778695290931267,0.11695779727279497,0.039151452383352485,0.04031725391087836,0.03358833998624893,0.050060772508110286,1.463937026969257,1.5075282584140488,1.2559231289516575,1.8718544016126724,1.5046696555893795,1.2539427476492493,1.8639716913571658,0.040167966041252036,0.9746934246843466,0.11695779727279486,0.04266486531719562,0.04155615636426849,0.039637605661921115,0.043754560090462566,1.5953092998168585,1.553852853388514,1.4821150955198314,1.6360547748776681,1.5300402969733486,1.449871592665857,1.6172675256996392,0.043772599913672945,0.9746934246843466,0.11695779727279486,0.037658619110476986,0.038855000243550625,0.0331049494077774,0.04569837494067703,1.5718011601547741,1.6217196541114638,1.3817295884357548,1.9073577676616258,1.6183976834155236,1.3792104075215734,1.9038601680754281,0.039043138920429425,0.9645387167057926,0.16664511944762844
2025-11-08,0.03242334797068032,0.036723096384905715,0.031090924729482793,0.04338072840022042,0.6262420435058562,0.7092897052069405,0.600506901837674,0.8378788034688129,0.7088370047459737,0.5998137646269331,0.8374625859463237,0.03318403645068995,0.9770766741671111,0.12117004506190468,0.03895639831035851,0.038374075728266906,0.0361714331772792,0.04058809227596581,0.7524249040403815,0.7411776113758959,0.6986345842495535,0.7839403220139382,0.7294707081645022,0.6845790317901089,0.7738865048853061,0.03987035955347731,0.9770766741671111,0.12117004506190468,0.03762244802619044,0.039051946935075,0.03180217250939963,0.050048630014767455,0.7204902948375475,0.7478659746342262,0.6090288604245304,0.958458422760068,0.7470829903004406,0.6078047523136254,0.9582716329354293,0.03863539047649462,0.9737820056220102,0.12117004506190455,0.04254974900070719,0.0409232725094104,0.038137693535127005,0.04359837532116688,0.8148507822096492,0.7837028748234797,0.7303575259222711,0.8349325452644208,0.7709823445109978,0.717156223430708,0.824031087180483,0.04369535353400603,0.9737820056220102,0.12117004506190455,0.03538121095866087,0.036774792942716836,0.030571229391083192,0.04444706980193343,0.6812113377095328,0.7080421286382579,0.5886036232994969,0.8557610229309677,0.7067684134169537,0.5872922302861997,0.8542005616820115,0.03672380672502794,0.9634407245300072,0.1719397288053664
2025-11-09,0.03244952837810078,0.037095014836621684,0.03088100675940145,0.04427132223808934,0.6266712434524413,0.7163857299461025,0.5963796662769874,0.8549758946558521,0.7160376472444954,0.5955790865582574,0.8544636745277516,0.03323780210075089,0.9762838192410952,0.12538229285101438,0.038837088624338,0.038283784058612394,0.03593987082775912,0.040531080754866666,0.7500289784399949,0.7393434591877284,0.6940773769874479,0.7827436651518509,0.7267615826848445,0.6796600827918965,0.7724452257551546,0.039780530885503804,0.9762838192410952,0.12538229285101438,0.03773389707883717,0.03921157037944087,0.031497424335971407,0.05086475196203416,0.7226246046715303,0.7509228502105868,0.6031927675373355,0.9740876009039318,0.750288299493202,0.6021028710730664,0.973782356381494,0.03878614237097469,0.972870586559674,0.12538229285101427,0.042503230100507154,0.04086085620542583,0.03796586306921954,0.04354472598714757,0.813959920028185,0.7825075687331049,0.7270668792594713,0.8339051314061176,0.7692504539297876,0.7130994883441155,0.8224634169304048,0.04368847274004834,0.972870586559674,0.12538229285101427,0.035784802530213225,0.03673599758882416,0.030122119306097,0.04489598125780104,0.6888294495671596,0.7071409337828652,0.5798269418318502,0.8642128452588239,0.7055135193161914,0.5787760587830013,0.8626028484257179,0.03719230110440385,0.9621561846835025,0.1781135791098758
2025-11-10,0.031961690239354315,0.037105697586752,0.0302520087870674,0.045041239309736206,1.3453071853951337,1.5618248349422994,1.2733445724896915,1.8958416287972282,1.5600507874770213,1.2710347317593305,1.8951474232261345,0.03276472197955779,0.9754909643150795,0.1295945406401241,0.03853887519227204,0.03800418224373784,0.03533162034189552,0.04042495426920769,1.622149057979772,1.5996431685772956,1.487151723255208,1.701536465698928,1.5667871022434614,1.4495807324569019,1.6741576773833855,0.0395071575258837,0.9754909643150795,0.1295945406401241,0.037509867639413455,0.0392177014725888,0.03082715929034102,0.05124287445215372,1.4025554806084883,1.4664141890879547,1.1526780534098084,1.916055132369556,1.4638440499276864,1.151702282956253,1.9113898395496458,0.038592020008408646,0.9719591674973375,0.12959454064012396,0.04244305862310911,0.04067752645619552,0.0374146268508726,0.04346401382819101,1.5870155836828193,1.5209994398590188,1.3989942712960595,1.6251907735317637,1.4949702869230954,1.375120678530331,1.601897094430426,0.04366753259027765,0.9719591674973375,0.12959454064012396,0.03562283342761772,0.03624619968411387,0.029151421404278347,0.04517164224128858,1.4839295090328293,1.50989451873098,1.2143497665104872,1.8817004730939229,1.5063122072937545,1.2113388679508126,1.8780641360866304,0.037073452095132256,0.960871767112699,0.18428707188309584
2025-11-11,0.03984718200614277,0.043117289831284024,0.035499640581498404,0.05093988445887975,1.2302885257796286,1.33125366139984,1.096057444413146,1.572777601804781,1.3300985235110656,1.094950296750901,1.5723514363860747,0.040881562837049926,0.9746981093890636,0.1338067884292338,0.0411162659028335,0.0404781337684955,0.039148796874571165,0.041859903278094475,1.2694717070673187,1.2497692688199604,1.2087257659886061,1.2924316375834446,1.2265200856898457,1.1810192745878394,1.2744507743622984,0.042183590495117496,0.9746981093890636,0.1338067884292338,0.04263483559754963,0.04347332200636713,0.03514164742359311,0.05396432800095413,1.2278703708425294,1.252018525826862,1.0120688176525918,1.5541563255988655,1.2510517258373404,1.0102364235568762,1.5449033461815211,0.043906013546977984,0.9710477484350011,0.13380678842923366,0.0426023359551747,0.04229047222973268,0.040326397946663886,0.044149273565516865,1.2269343909712376,1.217952809997747,1.1613880646547967,1.2714857262973729,1.194970397043511,1.134517496395687,1.253910447420231,0.0438725449122715,0.9710477484350011,0.13380678842923366,0.04403826745459448,0.04234228382571627,0.03524777033003585,0.0505632773762734,1.3634964960783458,1.3109870270320454,1.0913269742998881,1.5655168970181637,1.3086684143161595,1.0885733003696025,1.561918708605315,0.04589291622490619,0.9595874718175963,0.19046006411251082
2025-11-12,0.03853743262701236,0.041746176120886866,0.035112579283321566,0.04860094638957941,1.620842901578093,1.7557991962894823,1.4767972593892535,2.044103449442327,1.7540823753469597,1.4752254346214237,2.041428249077903,0.039570001753671154,0.973905254463048,0.1380190362183435,0.040490855242758826,0.03990962157425192,0.038559975309558917,0.041164435366175395,1.7030017524584578,1.6785556904990182,1.621791022521741,1.7313318068305428,1.6392784395938382,1.5781446469270537,1.6990323249318309,0.04157576423086763,0.973905254463048,0.1380190362183435,0.0417529723251211,0.04279689553646512,0.03526873891324273,0.052385927308406924,1.5612121250132156,1.6002461262920282,1.318756001285958,1.9587957536795224,1.599426775999255,1.3171326744006122,1.9494615163030973,0.04303825252283925,0.9701363293726648,0.13801903621834336,0.04251718116525903,0.04183484131584314,0.04002451720248664,0.043823440845518674,1.5897871471212295,1.564273340870678,1.496582352694598,1.6386303392982389,1.5335237810201423,1.4552182954558954,1.61385242154195,0.04382598597534494,0.9701363293726648,0.13801903621834336,0.042279088711246804,0.04111027553796293,0.03449902061884851,0.04836047616464016,1.7588086186927665,1.7101977682983263,1.4351426234530638,2.011768078666863,1.7050443897509757,1.4320033563005752,2.008358250676249,0.04411869054945435,0.9583033445621993,0.19663241278560492
2025-11-13,0.037771914969358604,0.040742721692680735,0.03499822852763454,0.04687546180932497,1.588035533582524,1.7129364459103393,1.471422101829142,1.9707737631699622,1.7109800693514186,1.4698959064099428,1.9686633565836196,0.038815572576537886,0.9731123995370321,0.1422312840074532,0.0400612124192784,0.0394567294750054,0.03812385358256364,0.0408324993238767,1.6842839154917226,1.6588697844970688,1.6028320040252544,1.7167109452592764,1.6157589411810571,1.5545418514091434,1.6820434868604561,0.04116812450271718,0.9731123995370321,0.1422312840074532,0.04123144354082236,0.04242198153265991,0.035437352511052365,0.051234045580700084,1.5417113082749372,1.5862274766969724,1.3250607402945418,1.9157250063834046,1.5820536454827343,1.3236885322376335,1.9078905162925124,0.04254063541105314,0.9692249103103283,0.14223128400745305,0.04244697344216901,0.04150198150260315,0.039774560795663216,0.04360049276841423,1.587161965189169,1.5518271664447374,1.4872360726257494,1.630293944980883,1.5201705274263024,1.4409713051703625,1.6042702375006592,0.043794761144323305,0.9692249103103283,0.14223128400745305,0.041133937822416936,0.040203308229532705,0.03429168570109447,0.04672421145739256,1.710005502248717,1.6713116012763525,1.4255954351514368,1.9423562023316678,1.6663477741629442,1.4202331971949687,1.9398878087824156,0.04298130198331142,0.9570193531686926,0.2028041894086361
2025-11-14,0.0395992501311863,0.041709181937723945,0.03628586456579607,0.04760868677399471,1.6642215744807867,1.752894820097572,1.524971267360627,2.000830909663653,1.7508404887133477,1.5229731937114912,1.998178000918248,0.04072658042375182,0.9723195446110164,0.1464435317965629,0.04050535316728645,0.039926570786878696,0.03859467042559622,0.041163535075161184,1.7023019981348912,1.6779777465085841,1.6220025119028327,1.7299631413986953,1.632048615504774,1.5702464371986828,1.690962933816183,0.04165847883217334,0.9723195446110164,0.1464435317965629,0.042379282089059916,0.04354256067863705,0.03649556482747091,0.05167026910384714,1.584630874458441,1.6281277691148102,1.3646290346513235,1.9320361194761462,1.6270378887588357,1.3636940683910976,1.9161860721530262,0.04376607624710486,0.9683134912479919,0.14644353179656275,0.04244342858874083,0.041827900052417315,0.04001437540700051,0.04377486903108402,1.5870294173046653,1.5640137956450368,1.4962031343252074,1.6368141594814152,1.5284767134164285,1.4505771844605762,1.608378148019344,0.043832321838290667,0.9683134912479919,0.14644353179656275,0.04279412718253506,0.04132667952634621,0.035792683870583604,0.047456331305334,1.7778117026799538,1.716859561290756,1.4869450725861126,1.9714711938706615,1.7121107185886546,1.482312547332404,1.9653741418879425,0.044776124066304664,0.9557354075391908,0.20897582301915152
2025-11-15,0.03974542454267284,0.041463089360789844,0.03642719412607902,0.04694722954317519,0.766924870301445,0.8000688078241505,0.7028965334259818,0.9058903846845282,0.7999923125659165,0.7024385464424364,0.906270919688375,0.04094028648942356,0.9708145191641637,0.15436674717170362,0.04036202899076111,0.03978277383197397,0.0384370365655415,0.04103352954711465,0.7788228256464599,0.7676455595174408,0.7416783094403812,0.7917800523716606,0.7491705935790961,0.7215064842487261,0.776082429414504,0.041575427843324145,0.9708145191641637,0.15436674717170362,0.042426851568819805,0.043734071396885274,0.03694281050875077,0.05112409635778026,0.8124972297009535,0.8375311987474315,0.7074748675856606,0.9790541868109809,0.8355517957106897,0.706394521488114,0.9724163815542499,0.04389291364612895,0.9665991169069169,0.15436674717170346,0.042362134435004466,0.04168198638193381,0.0398784236040201,0.04366344567250863,0.8112578614708162,0.7982326571845633,0.7636934513170325,0.8361786778018563,0.7795352524624615,0.7401501070816418,0.8210502554612904,0.04382596020836622,0.9665991169069169,0.15436674717170346,0.04266244458367308,0.041212404985890884,0.03588695244175274,0.04670477831176187,0.8201236997182451,0.7922536867876373,0.6898739555166489,0.8978290451255284,0.7896127913064074,0.6878731617492381,0.8962732304051778,0.04469838026377026,0.9544516900146518,0.21514659855457252
2025-11-16,0.03802118364548956,0.039796702849446655,0.035539801156312285,0.04463501100432,0.7334849120544682,0.7677373056492679,0.6856153708582248,0.8610754316939232,0.7670783875194641,0.6851913141287047,0.8609132359148657,0.03922501934823516,0.969309493717311,0.16228996254684433,0.03960843536937033,0.03902904324837541,0.03766566854453667,0.04053586154064176,0.7641053472822146,0.7529280156432127,0.7266264995182391,0.7819967709163322,0.7334639365573389,0.7040335955021338,0.7654022760424803,0.040862527011338357,0.969309493717311,0.16228996254684433,0.04128649152030562,0.04265306914838238,0.0360261762621877,0.05004175518533315,0.7906587159763022,0.8168294191024249,0.6899208243691037,0.9583267660459003,0.814097630384129,0.6864884253245223,0.9537051873273161,0.042789039663448006,0.9648847425658418,0.16228996254684416,0.042234310338740456,0.04112792658436296,0.039230575462481515,0.04331239838037354,0.8088099606659432,0.7876221114106265,0.7512868078635774,0.8294559316680516,0.7690777274685581,0.7280970427675237,0.8133436876830992,0.04377135265547892,0.9648847425658418,0.16228996254684416,0.0404958304428764,0.039552989573602156,0.03466677261296363,0.04462391615126876,0.7781478174074881,0.7600340885119512,0.6661385393291799,0.857465499841559,0.7576672922927915,0.664192732270274,0.8551972594723981,0.04253682222852281,0.9520182355258819,0.22676879667124067
2025-11-17,0.04251907022743117,0.04276455795711416,0.03778950675382749,0.04833770914619211,1.7830184024529077,1.7933128218101475,1.5846862502233883,2.0270204517424517,1.792901644031494,1.583013927025106,2.0263624140600127,0.0439335337058487,0.9678044682704585,0.17021317792198506,0.04087839472299985,0.040252460042924106,0.0388999283709107,0.04161344238623798,1.7142174008974327,1.687969106959235,1.6312512895610443,1.7450412995204097,1.6349173927763951,1.569988771947222,1.7011658560503222,0.04223827856059882,0.9678044682704585,0.17021317792198506,0.04409010169441429,0.04509418347379535,0.0374938405869051,0.052971333395881205,1.6486012258574139,1.6861454906409632,1.4019562028251147,1.9806850475651103,1.6834352593732995,1.3998958324104962,1.9744442034190273,0.04577601548901197,0.9631703682247668,0.17021317792198487,0.042260770012612706,0.041979238537689895,0.040005758550181736,0.04382119802970733,1.5801995135179756,1.5696725898585093,1.4958809359140326,1.6385464767360347,1.529813238569521,1.4468625045424321,1.6085052690795,0.0438767339681599,0.9631703682247668,0.17021317792198487,0.04490660603732783,0.04271326458671992,0.03776382313972608,0.04782936007089893,1.8594898054932565,1.7686441647244697,1.5637144407609755,1.9805400029964826,1.7618185956813157,1.5551748170268704,1.9733423858025771,0.047290765168728044,0.9495851013851477,0.2383897791815251
2025-11-18,0.04214993131481274,0.042083945826706055,0.03740538945462676,0.04766393357263687,1.7662446441819912,1.7634795978028723,1.567430046192225,1.9973025997252463,1.7631817562679108,1.5639993925568922,1.9968569032632602,0.043619947861759295,0.9662994428236058,0.17813639329712577,0.04056329200885226,0.03994289401576897,0.038625368276991555,0.04129023616074799,1.6997583394838756,1.673761271437416,1.6185518628548303,1.7302201024062278,1.617523128442877,1.5543951108130318,1.6804312506860322,0.04197797309116003,0.9662994428236058,0.17813639329712577,0.0438058741505613,0.0448845155035375,0.0367318016256525,0.052980711088867136,1.6379734917581334,1.6783056613027172,1.3734623160479993,1.9810356948886176,1.676789104334017,1.3709424122066474,1.972654752696739,0.04556201680496315,0.9614559938836916,0.17813639329712558,0.042166378239569986,0.04173455157848423,0.03988070231725594,0.043591746494493044,1.576670050287711,1.5605233430798642,1.4912048782280807,1.629966907451959,1.5192846090604653,1.4402808562848635,1.5922032213321453,0.04385679480684677,0.9614559938836916,0.17813639329712558,0.04416501092731112,0.04200281586648228,0.03718424322729402,0.047107777998554236,1.8264222706031208,1.7370015115509547,1.5377352265940145,1.9480823568126444,1.7320416060277473,1.5320533793382374,1.9417141141686876,0.04662927504874233,0.9471519958469166,0.2500106186792937
2025-11-19,0.042688013235014116,0.04214908158871605,0.03715689891048118,0.04804923721653321,1.787481286425575,1.7649145244843054,1.5558761448662206,2.011972585342269,1.7633792262507513,1.5545833303861085,2.0125558963083128,0.04424570920619703,0.9647944173767533,0.1860596086722665,0.040538969891021466,0.039917749884039205,0.03860551973539611,0.041257942693924715,1.697494086975554,1.6714816527326983,1.616534451951308,1.7275997380294756,1.6105225962148673,1.5475705428290876,1.6739985748725679,0.042018246748613756,0.9647944173767533,0.1860596086722665,0.044092550556057084,0.0449346483857943,0.036353848708532276,0.05400715611810718,1.648692792811245,1.6801802120061187,1.359330036499192,2.0194161582681054,1.6794647349519078,1.3571086684372435,2.0193658872052316,0.0459421053106671,0.9597416195426165,0.18605960867226629,0.042094152007164286,0.04170498429881285,0.03983729141752457,0.043549929070099774,1.5739693929812613,1.5594177739920592,1.4895816734777547,1.6284032853583936,1.514554568372291,1.4344128524963815,1.5889222139682657,0.043859879732239884,0.9597416195426165,0.18605960867226629,0.044371476405392844,0.042022373014365455,0.037004134146886865,0.04727211241569252,1.832595506650214,1.735606873595943,1.5283166110010493,1.9523566225123292,1.729394280035678,1.5222478675799227,1.9458958390490486,0.046967896728043634,0.9447192549906005,0.2616298850393892
2025-11-20,0.04287223059657145,0.04174641132045058,0.0369268586453048,0.04837958533101866,1.7938778795212387,1.7467708765109196,1.5451091292020944,2.0243189294812436,1.746032227791309,1.541299824748573,2.0237053091083315,0.04450607569826877,0.9632893919299006,0.19398282404740724,0.040402090079934276,0.03979334367008587,0.038469432890883476,0.04113290314239187,1.6905212225326713,1.6650497995703133,1.609654168687025,1.721100209643098,1.5993227568881925,1.536989010289424,1.6604877873509432,0.04194179902572245,0.9632893919299006,0.19398282404740724,0.04415656043496483,0.04498622156797051,0.0357706313752572,0.054709340911557984,1.651086227182653,1.6821086178861133,1.3375225837234503,2.045671999528914,1.6818028534498441,1.3382146914336936,2.0454684307442768,0.04609113222628189,0.9580272452015415,0.193982824047407,0.0420133497141078,0.04155940438968568,0.03971068492495336,0.04340409142776931,1.5709480626992796,1.5539743023867834,1.4848476490406814,1.6229501766858725,1.5070748451781106,1.4276677126367934,1.581144735530525,0.04385402390645936,0.9580272452015415,0.193982824047407,0.044208266385996,0.04181080542131496,0.03662927353584331,0.047459054554415125,1.8235046679712181,1.7245826149391088,1.5108949041487487,1.9576119561730567,1.7179743305266382,1.5044994526947035,1.9506517805064822,0.04691591896205293,0.9422871247977267,0.27324714922426435
2025-11-21,0.04010440597313084,0.03948225131344316,0.03442537881065815,0.0456466468381854,1.6768328732995146,1.6508195373498475,1.439383166631995,1.9085633141018,1.6488784303122501,1.4361274514490647,1.9068358403368202,0.041697918338785674,0.9617843664830479,0.20190603942254798,0.03935472934029571,0.03877633421817072,0.037435730197604114,0.040244101643394314,1.6454876285120799,1.6213039526539932,1.5652510368404622,1.6826737849517752,1.5511735300551135,1.4892344818568128,1.620588760910036,0.040918453981742244,0.9617843664830479,0.20190603942254798,0.04239199089706485,0.0433094917899547,0.034552936029489216,0.05341770212980012,1.5851060776367272,1.619412941050814,1.291990957290203,1.9973755067303784,1.6154217639983401,1.2868881735882383,1.9926251041911724,0.04432857926394068,0.9563128708604663,0.2019060394225477,0.041863204720591525,0.04080140861897466,0.03891514810590838,0.04293389644482211,1.565333895100327,1.5256315971362935,1.4551012224122664,1.605368814985884,1.4757078701272013,1.3959518838122,1.5615343347255797,0.04377563661035333,0.9563128708604663,0.2019060394225477,0.041037061729143794,0.039546685720728864,0.034483096256574045,0.04530169008695857,1.6905222319759625,1.6291232776833424,1.4205622251975536,1.8661470502360524,1.622104907852332,1.4116994389014683,1.8609503189927394,0.0436631680653853,0.9398553414102035,0.2848626257526927
2025-11-22,0.04016769744126384,0.039200510264658144,0.03373580433575578,0.04600020580697935,0.7739211895406178,0.7552861494982643,0.6499962777258004,0.8862976039218685,0.7538337486450392,0.6478571314686166,0.8844651055211176,0.04179082969658588,0.961160564001565,0.2051167147258493,0.03921680489000191,0.03862954859168816,0.03727036117815799,0.040166914137168185,0.7556001021675112,0.744285286484566,0.7180974786963277,0.7739060974224212,0.7147706690030118,0.6852993877269045,0.74661758807117,0.04080151262837086,0.961160564001565,0.2051167147258493,0.04241289355982155,0.043256846367482504,0.03391051148439104,0.05420819614677741,0.8122299262545777,0.8283920804769005,0.6494046958473499,1.0381163713008397,0.8262767459520022,0.6471404627688979,1.0331052895476562,0.04438267823524341,0.9556181656054795,0.20511671472584905,0.04182423350965128,0.04069473350739562,0.03882359207288321,0.042889589869563184,0.8009567668681653,0.7793262289223707,0.7434928551106479,0.8213589192566979,0.7511273805582084,0.7094970375159215,0.795025179366299,0.04376667900944668,0.9556181656054795,0.20511671472584905,0.04073772036273009,0.03928026246613457,0.0339518835297368,0.045688379664089326,0.7808132337445164,0.7528751432673685,0.650754060516073,0.8756918037276085,0.7503417219239075,0.6480737082091592,0.8715508448646606,0.043457080074168125,0.9374242423375683,0.29647545654957996
2025-11-23,0.04346598751129516,0.04115576724177499,0.034767328242676976,0.04930899319594464,0.8373887312757635,0.7928814617708813,0.6698057620206544,0.9499564514002461,0.7906484585472028,0.6684234907370323,0.948059000778267,0.04525176885735092,0.9605367615200822,0.2083273900291506,0.04005581776931752,0.03949234269308348,0.03816400117746513,0.04070678162890243,0.7716905180940757,0.7608349570862752,0.7352439540939811,0.7842315836880082,0.7289623204408403,0.7018899605667167,0.7557263108333272,0.04170149376264144,0.9605367615200822,0.2083273900291506,0.04441883204829798,0.045116627987948056,0.03427682326940175,0.05852490446187129,0.8506447367948772,0.8640079076854301,0.6564197653027217,1.1207836779180111,0.8581202035582887,0.6514983581489371,1.1151581268397972,0.04651559406865406,0.9549234603504925,0.2083273900291504,0.04185965882653138,0.04127944864486384,0.039498104150503165,0.04318360329679069,0.8016351809093221,0.790523841089904,0.7564101274087605,0.8269894359291344,0.760764093768188,0.7203571610343151,0.7987159634086867,0.043835616742694046,0.9549234603504925,0.2083273900291504,0.043744198681073806,0.04116782890666571,0.035372508033938675,0.04927113587462134,0.838289126446625,0.7889110332741793,0.677854465937257,0.9441960828712804,0.7862960385632108,0.6752124157041581,0.9414157591730293,0.04671447439292274,0.9364163730738897,0.3011975868068094
2025-11-24,0.0429537765361928,0.04052008178401674,0.03356920545573384,0.049355701946794034,1.794242429348141,1.6925834196739409,1.4022350909571795,2.0616602707466516,1.6868836354286478,1.3985613808176542,2.056883727289345,0.04474757438342447,0.9599129590385991,0.21153806533245192,0.03973751526483787,0.03916681001572898,0.037819887660568464,0.040447169153181604,1.6598944650411647,1.6360552672993784,1.5797923392508921,1.6895377518321502,1.5524994301823987,1.493561333965554,1.6141551405395185,0.04139699843685513,0.9599129590385991,0.21153806533245192,0.04408040481051578,0.0446738001363921,0.03341782352496665,0.05880869169524564,1.6482386434620977,1.6704266680767403,1.2495472387564566,2.1989534497294065,1.6628445576099822,1.233849811011969,2.1883214373578146,0.046194798233788206,0.9542287550955056,0.21153806533245176,0.041806949500702385,0.040998946235321465,0.03929568492244019,0.0430246106466509,1.563230420150033,1.5330178526436957,1.4693301181985894,1.6087607677959306,1.4745820797431408,1.3958591795372057,1.5534297081004225,0.04381229267872782,0.9542287550955056,0.21153806533245176,0.04291296928822612,0.040524723487280895,0.0342484729041321,0.049334744200127734,1.7635547935580134,1.6653909347771831,1.4074734084440834,2.027402554892653,1.6582389498406724,1.400068393242834,2.0200779984399926,0.04587618340200806,0.9354084430298917,0.30591993158281244
2025-11-25,0.040115723170493625,0.03892285006456307,0.03282640463943986,0.04644762505411424,1.6751549273306305,1.6253428560740018,1.3707670990897929,1.9395628901296862,1.6197977191462254,1.3650860819839128,1.9341553487772174,0.04181817640310743,0.9592891565571162,0.21474874063575328,0.03887370206148921,0.03828594534432061,0.03672534793557829,0.03995266991003855,1.6232905306262557,1.5987469481348682,1.5335794219825032,1.6683461388785847,1.5137844552874442,1.4418029849724987,1.5857998128562285,0.04052344571579098,0.9592891565571162,0.21474874063575328,0.042752948434921806,0.04372325549970005,0.03352545462050514,0.0547859430707885,1.598602872076392,1.6348842448783556,1.2535717419720527,2.0485362799174243,1.6244173305972422,1.2438412315178198,2.0423134054495824,0.044836310189523235,0.9535340498405187,0.2147487406357531,0.041712708721786236,0.04039349698781744,0.03836591454802979,0.04276492813630872,1.5597066028378446,1.510379112126659,1.4345644787441203,1.5990508127622347,1.447723952359333,1.3682350616941719,1.5373760384117747,0.04374537933780425,0.9535340498405187,0.2147487406357531,0.04005691630106971,0.03881723233166629,0.03349427502981231,0.04581969617584324,1.6452617574629094,1.5943794770798636,1.3757510660578824,1.8820088676714153,1.5863760007451275,1.3682110324842833,1.8711572912893486,0.04286910148142127,0.934400650277909,0.3106415612962368
2025-11-26,0.035684991242177784,0.03623556717020789,0.030534625784892043,0.04276014774335126,1.4896576766677248,1.5126412792756772,1.2746574434037814,1.7850076495476799,1.506481640540019,1.267528023557561,1.7792074668701439,0.03722361623946038,0.9586653540756334,0.2179594159390546,0.03753488470114274,0.037004850103423165,0.033946623984660314,0.03960263362975464,1.5668808423808056,1.5447547305363616,1.4170901338468667,1.6531983096886733,1.456306925239156,1.331937128290183,1.5652598304499854,0.039153271307415416,0.9586653540756334,0.2179594159390546,0.04040372657544536,0.04152882723471355,0.03288295575933833,0.05207007544373077,1.510761613188242,1.552830972404928,1.2295476556255747,1.9469855343494897,1.5458533557672174,1.2205608622444437,1.9392757491577908,0.04240350359694714,0.9528393445855319,0.21795941593905446,0.041582314172656565,0.03965300911486662,0.03598675127008836,0.042560857254939695,1.554830936752286,1.4826910558926243,1.3456036611049518,1.5914202677587652,1.415700974775191,1.2936930204551915,1.5271620555164664,0.0436404252290234,0.9528393445855319,0.21795941593905446,0.03562348184659082,0.036093879474549895,0.031217079699974115,0.04167622468431167,1.4623501258523877,1.481646954465468,1.2814720615120667,1.7108384447246325,1.4737260728692871,1.2746573652765598,1.7022219057482466,0.03816556230781966,0.9333933444835425,0.3153612603406987
2025-11-27,0.04325357358648221,0.04182007947327463,0.036816560857409586,0.048272381101258026,0.8329717700376957,0.8053657243446224,0.7090086048677657,0.9296233211679777,0.8023518490037549,0.7063866038838911,0.9273210683454002,0.04514790983179137,0.9580415515941505,0.22117009124235593,0.039774690447032794,0.03921050966583759,0.03788864992534561,0.04044402981074007,0.7659758849317506,0.7551109638404616,0.729654758572759,0.7788659365116141,0.7148084297140223,0.6886464817953735,0.7408575327662604,0.041516665306268796,0.9580415515941505,0.22117009124235593,0.045546649980181916,0.04586590609460059,0.03661589394960542,0.05566726039558169,0.8722430621803083,0.8783569900099399,0.7012142380827123,1.0660582434000743,0.8754893679405823,0.6942381257378408,1.0591638316191379,0.047835851927083124,0.952144639330545,0.22117009124235582,0.041724367323695374,0.04098720483948801,0.03925450468758264,0.042978995426536125,0.7990442752165432,0.78492721363618,0.7517450655090219,0.8230710841870263,0.7491003226522086,0.7090854269834252,0.7880939854454354,0.04382145905167503,0.952144639330545,0.22117009124235582,0.04310611834820553,0.04170313575207528,0.03684959056550128,0.04764859675704843,0.8254737773733694,0.7986071219855104,0.7056626072203573,0.9124548291107171,0.7950717268354345,0.7016579877455349,0.906322529323078,0.04623203839675056,0.93238628109539,0.3200800298038083
2025-11-28,0.04577565634823554,0.04381706673115879,0.039372036744401206,0.05023469275101458,1.4131271302689778,1.352664073138812,1.2154428300099107,1.5507807614411502,1.3486956628426385,1.2108044581965867,1.5459958589862763,0.047811581089509066,0.9574177491126674,0.22438076654565722,0.04050946308167466,0.03991174965511772,0.038538307868282225,0.04125198042685747,1.2505559915483486,1.2321041521521388,1.1897050255059265,1.2734780310968552,1.1650332767556133,1.1170376725159128,1.2168539265555607,0.04231116784623926,0.9574177491126674,0.22438076654565722,0.04758352712290482,0.04758352712290482,0.03821620681637338,0.0571918929038465,1.3703911901035843,1.3703911901035843,1.1006151983030539,1.6471092186659742,1.360124863805155,1.0854889251943756,1.6339181673556173,0.05001159327331042,0.951449934075558,0.22438076654565717,0.041751827826903926,0.04149795254902709,0.03953360667410284,0.04341638844870055,1.2024400141024676,1.1951284828809825,1.138555915774734,1.250378856584899,1.138698076304122,1.0727407628860617,1.2039998304044142,0.04388231722089569,0.951449934075558,0.22438076654565717,0.045572157827962735,0.04387239912602256,0.03903672797605433,0.04931392980861115,1.4125689439505091,1.3598856141132192,1.2099968439828916,1.5285577135281867,1.3521457001670143,1.2039555702331572,1.5229558373908842,0.04892974641761712,0.9313793993331327,0.3247980842043391
2025-11-29,0.046789215210403266,0.045015906157858256,0.04081225490014024,0.05099470466082754,0.9008972563828185,0.8667532928011981,0.7858146006722843,0.9818713417697379,0.8625636503844814,0.7823550750816498,0.9784305524405519,0.048896935585359506,0.9568946325628773,0.2270114899774548,0.040797166414424726,0.04015848039339711,0.03869332350561038,0.04189690823742825,0.7855240812582925,0.7732265789076664,0.7450158937221635,0.8066989265002574,0.7287399010169878,0.6970487379446955,0.7639908976691876,0.04263496212237762,0.9568946325628773,0.2270114899774548,0.04869236434530814,0.04868153888173663,0.03940539802054565,0.0570632383591944,0.9324851992370659,0.9322778857354308,0.7546347547147816,1.0927919789052674,0.925944182180179,0.7418724164012933,1.0843312406151135,0.05120764736673716,0.9508807150733726,0.22701148997745474,0.041750433250528796,0.041684237050272514,0.039611076455323996,0.043728823901753866,0.7995434518596035,0.7982757587045337,0.7585736083484423,0.8374307063682075,0.7587983165807216,0.7119713291486981,0.8040151479401584,0.0439071195668399,0.9508807150733726,0.22701148997745474,0.0465345344028967,0.04487900864026763,0.040353296949525705,0.05010844204155539,0.8908095499575552,0.8591177914606708,0.7724945061709755,0.9592190134695586,0.854441751765324,0.7659688993694289,0.9546699272286987,0.05001708755842247,0.9303727320896489,0.32951535203603344
2025-11-30,0.04156813050908641,0.04180505198426279,0.03803063757303031,0.046225690248689943,0.8003014192793808,0.8048628125996788,0.732194901551872,0.8899723191811311,0.8012059044245367,0.7289444284303369,0.8868288503543572,0.04346441713610968,0.956371516013087,0.22964221340925237,0.039225433752841474,0.03862901344671289,0.037316661790217275,0.040056920387703296,0.755198030793959,0.7437152912135152,0.7184488940860924,0.7712064469974805,0.7002543571212189,0.6730482473429343,0.7284633044126597,0.041014849455538065,0.956371516013087,0.22964221340925237,0.045782443552327495,0.04632750859823731,0.03858385829149938,0.05240037112949767,0.8767586370359821,0.8871969284347719,0.7389018231099785,1.0034955412366227,0.8775472832277877,0.7164728552469026,1.0014754589073196,0.04817624930520464,0.9503114960711869,0.2296422134092523,0.04160750763370391,0.040625409371701275,0.038775273893427345,0.04269178670858633,0.7968063487414249,0.7779986341063448,0.7425675357550883,0.8175708813897092,0.7366382057987779,0.6962041682075873,0.7783115751428539,0.04378302041564183,0.9503114960711869,0.2296422134092523,0.04133085702318598,0.04141490805439259,0.03783466936261077,0.04525515585094998,0.7910746163044906,0.7926840053994597,0.7241686054245584,0.8661851825087331,0.7882593270798958,0.718394080508759,0.8619062770271195,0.04446440770139387,0.9295267644347895,0.33339563911935755
2025-12-01,0.04518543580449109,0.0447501658824938,0.04119916468380641,0.049668830450255136,1.8834054159960836,1.8652626291906869,1.7172508910998103,2.07028089052765,1.8550730617512599,1.708282992522699,2.060994187644501,0.047272596606179856,0.9558483994632967,0.23227293684104994,0.04028968763564905,0.03966759252461918,0.038368240776774115,0.041021157628932485,1.6793423489395631,1.6534123721557172,1.5992531928625513,1.7098312558729714,1.5367863067640697,1.4746096706865464,1.6009896368038443,0.042150708897217885,0.9558483994632967,0.23227293684104994,0.048588351861796025,0.04866691982350753,0.04022354033116359,0.055034601022008627,1.816798178351591,1.8197359633194838,1.5040241539447947,2.0578340086013354,1.8082480301418837,1.4681648448626476,2.0543430559632094,0.051159512464522994,0.9497422770690014,0.23227293684104988,0.041665218589558746,0.041346590507268126,0.0394377556735056,0.04317003806543133,1.5579308688930922,1.5460168422324672,1.4746423766276642,1.6141985375370034,1.4639614972826482,1.3763139772511326,1.5460120714986825,0.04387002621189164,0.9497422770690014,0.23227293684104988,0.0448785679645523,0.04426281708880454,0.040662449022002264,0.048340350099784886,1.837362717717114,1.8121276382456193,1.6647416908970762,1.9789907161338685,1.800947676382233,1.6521516663391145,1.9668683256858641,0.048325053996788075,0.928681175763097,0.3372742815587506
2025-12-02,0.042671424093012764,0.043302052775330314,0.039753761610522055,0.047611568947101744,1.7781030992031681,1.8043811726049601,1.6565251389448625,1.983957182170287,1.7953120833555125,1.6468857086898863,1.9749711795049745,0.044666905457453665,0.9553252829135064,0.23490366027284748,0.03952530767379395,0.03895898962063079,0.03761745301859394,0.04024738346451302,1.6470055444725527,1.6234072721657946,1.5675059180282649,1.6770941864297224,1.501899552130755,1.4446524904205376,1.5604602567440755,0.0413736644268971,0.9553252829135064,0.23490366027284748,0.04739734733319617,0.0475712979018998,0.03995790981541236,0.05369021531939068,1.7722645653547264,1.7787688624595739,1.4940917932320026,2.007565221908065,1.7683659725957435,1.4509775937115141,2.001025115369123,0.04993541159894542,0.9491730580668158,0.23490366027284745,0.041583751305165575,0.04076792026189201,0.03908063656809122,0.04278520772194357,1.5548846734942083,1.5243794125321148,1.4612891074734267,1.5998090997348804,1.4393811940397199,1.3596318562336869,1.5184065321380327,0.04381050531486782,0.9491730580668158,0.23490366027284745,0.042359861123308626,0.04279032004680027,0.039299615285979334,0.04653091547832508,1.7333822337220544,1.7510011978414803,1.6080850324993679,1.9040597485161748,1.7387452046172553,1.5932422315722379,1.8920803834091744,0.04565448089053088,0.9278357851637387,0.34115206592304925
2025-12-03,0.0445948897784778,0.045169722008861685,0.04150191205832174,0.04952720134397597,1.8577160453269237,1.8816621759948065,1.7288700190868154,2.063184303714677,1.8700429435444423,1.7169202324343473,2.0512683887045693,0.04670589505291311,0.9548021663637161,0.23753438370464502,0.040084391995041956,0.03946821619092899,0.03816965271122985,0.04080202983909986,1.6698195364147246,1.6441511317224167,1.590056094732844,1.6997146061023656,1.5146746254621752,1.4560063387807956,1.573286765532296,0.041981882118784876,0.9548021663637161,0.23753438370464502,0.04913658074691763,0.04903814791649427,0.04103680770884275,0.05589101675987245,1.8372973556573315,1.8336167906628273,1.5344335552449864,2.0898567978675424,1.8213905680882656,1.4769392447080663,2.0881578042146516,0.05179884238647895,0.9486038390646303,0.23753438370464502,0.04160300796134493,0.041179524527693676,0.03935076550364362,0.043012483869992735,1.5556047114565434,1.5397699712083435,1.4713896714815982,1.60830732772444,1.448823309469887,1.3632487541556069,1.5262350987477764,0.043857094234794086,0.9486038390646303,0.23753438370464502,0.04422825178861382,0.044548685783891984,0.04086887891304777,0.04866680351175157,1.8089379409133648,1.8220679511553484,1.671513996253935,1.99037294607419,1.8098271623425535,1.6573489101377425,1.9753864321129704,0.04771166062304399,0.926990408865632,0.3450296357685743
2025-12-04,0.046522573366699765,0.04706425053583006,0.04274921670566519,0.05180072089485327,1.937458352123728,1.9600167980466174,1.7803148226624794,2.1572697312483844,1.9463949534718448,1.7689048480659662,2.1453328089477863,0.048751540103255095,0.9542790498139258,0.2401651071364426,0.040644742106168495,0.04001376734708796,0.03856432996235777,0.041689283808326934,1.6926728116006924,1.6663955180528043,1.6060328948421136,1.7361733297048112,1.5263530490568185,1.458194526306752,1.6021019375390706,0.04259209307182609,0.9542790498139258,0.2401651071364426,0.05090835597206064,0.050523522050099835,0.04207235585666717,0.0579852072507632,1.9035469376691736,1.8891573660620735,1.5731543991607084,2.1681620155418044,1.8786499886069072,1.5174275122446959,2.1636247022928004,0.053698836408218334,0.9480346200624448,0.2401651071364426,0.041622356326734535,0.04153236025857503,0.039475239142500125,0.043573548005298245,1.5563281785766854,1.552963077962529,1.4760439450196374,1.629286436088948,1.4581614541154218,1.3624475425821052,1.5483268519434679,0.04390383583670496,0.9480346200624448,0.2401651071364426,0.046097995800827365,0.0462973929082033,0.04216920802713654,0.05119107732550554,1.8844753737107562,1.8926381123304297,1.723972468031061,2.0926290699864567,1.8782616215865011,1.7086743424098756,2.07564537106148,0.04977403584373907,0.9261454294272562,0.3489059185014577
2025-12-05,0.04978126163923134,0.04986504449745611,0.044538151426795375,0.05550732388818852,2.0725686652540927,2.0760568397383055,1.8542795826366123,2.3109647364201606,2.0608262430378597,1.841471885015203,2.2949672428889203,0.052194969281983805,0.9537559332641354,0.24279583056824014,0.04160207662089244,0.04084662919380413,0.03878963117184592,0.04370593561882178,1.7320404821964417,1.7005885540195922,1.614948505848525,1.8196315172895496,1.5507702878115066,1.4619722003289515,1.6663475647364214,0.043619206098685484,0.9537559332641354,0.24279583056824014,0.053615283978479665,0.05251994798974495,0.04334261347214062,0.062302312238125185,2.0047634161572585,1.9638070067965023,1.6206514150791256,2.329585652612294,1.94775739931525,1.557570531678935,2.323580782039757,0.05658811806582234,0.9474654010602592,0.24279583056824017,0.0416719081413505,0.042136610240203806,0.0398760547574299,0.04488575526393146,1.5581810022078382,1.5755569759612658,1.4910310983425277,1.6783520179774962,1.4737879774103133,1.372319626209517,1.5932819452581723,0.04398251175685955,0.9474654010602592,0.24279583056824017,0.04927776226834133,0.04906553937633966,0.04391706523859885,0.05523994452040037,2.0134663721971524,2.0048256066883563,1.7944477722333654,2.2570925313098975,1.9859109363270815,1.7779847961138004,2.238404419051755,0.05325592431907032,0.925301042060696,0.3527799130340892
2025-12-06,0.04434160905810979,0.04613163069181991,0.041011445566440444,0.0523380618439121,0.853279267541961,0.8877252062649951,0.7891959037370361,1.007157476315607,0.8822797978199073,0.7830650945117565,1.0004527376336727,0.046512654940410986,0.9533235442035592,0.24491942588099114,0.03996764258911046,0.03937319565936151,0.03805635324864537,0.04069349007817668,0.7691096809121698,0.7576705551884279,0.7323301502831495,0.7830773881508933,0.6956676385888556,0.6706618396780348,0.7211735590707155,0.04192453111236318,0.9533235442035592,0.24491942588099114,0.0504010742135023,0.049619559757425095,0.04122876961833268,0.059533351224635954,0.9652079204132639,0.9502414945048039,0.7895533102317819,1.1400959806402182,0.9439978354872521,0.7515589328670693,1.1335648757296755,0.053221499062143414,0.9470059111760855,0.24491942588099117,0.041528767257496185,0.041073232917071864,0.039246580363913285,0.04288956912725068,0.7952984278100163,0.78657469800348,0.7515933104107639,0.821358522030158,0.7314559019909186,0.6866769522816888,0.7704905893808722,0.04385270120006079,0.9470059111760855,0.24491942588099117,0.043875454585372994,0.0454021708451433,0.04075908776504236,0.05130974749706531,0.8390065823892419,0.86821236521719,0.7794197002894836,0.981166635232809,0.8608173275109303,0.7724334022511512,0.9726511875351033,0.04746077909251547,0.9244571080438104,0.3566516908727267
2025-12-07,0.044721572790749085,0.046757292462301384,0.041077559741652246,0.054019119576914965,0.8605296025235141,0.8997007883851293,0.7904117398221723,1.039432394645308,0.8932735718933613,0.7836751809435427,1.0341942323695474,0.04693250907973695,0.9528911551429831,0.2470430211937421,0.040068930096080944,0.039454948790810865,0.038158293271331994,0.04078093762609954,0.7710037536125188,0.7591895651658578,0.7342394037748906,0.7847041563167674,0.6953237437812585,0.6698835608556429,0.7223138808070428,0.04204984995381611,0.9528911551429831,0.2470430211937421,0.05115357445648789,0.05013494388226558,0.04092114164433468,0.06155429524122914,0.9796187083969854,0.960111380159305,0.7836620676010044,1.1787981551864297,0.9523225620254986,0.7564295897165956,1.1737462275523252,0.054042330419114555,0.9465464212919115,0.24704302119374216,0.04151770357633559,0.04115695479447979,0.0392932709632006,0.04297469085417447,0.795086552312286,0.7881780173859931,0.7524874607229192,0.8229886492905029,0.7312192992436378,0.6854297906760686,0.771520266590356,0.04386230050890624,0.9465464212919115,0.24704302119374216,0.04421958296243138,0.04603585464722777,0.0406485082489203,0.05267515366781732,0.845477179806843,0.8801981143681439,0.7772037127456688,1.0071538146361514,0.8720972570922065,0.7706818542207711,0.9988582812242823,0.047869232812828004,0.9237579205694186,0.3597892424555535
2025-12-08,0.04914916078663326,0.05057670608661934,0.043637049071709774,0.05942654544653226,2.0446906698558354,2.104079040053028,1.8153772245330349,2.4722477672362224,2.08623859619236,1.799627830099065,2.4471457214767156,0.05160240268331036,0.9524587660824069,0.24916661650649313,0.04137746119885876,0.04062725157126949,0.03868106869752958,0.043327733159020616,1.7213744345078927,1.6901644076952886,1.6091998113506136,1.8025091439678536,1.5237536354341346,1.4402498900936085,1.6296101611621578,0.04344278479272117,0.9524587660824069,0.24916661650649313,0.054750527386979796,0.053081199021542215,0.04265084583480675,0.06640921655960963,2.0472120294054554,1.9847931035274138,1.5947850883733836,2.483149541981506,1.9699257612255383,1.5274248389920406,2.4682099000412228,0.05787050382940318,0.9460869314077378,0.24916661650649316,0.0415984944383056,0.041982661528789995,0.03973152997011048,0.04455379450389356,1.5554359434263139,1.5698005811106694,1.4856270794724202,1.6659394606255504,1.4538793194063344,1.3531323906048311,1.571250087311683,0.04396899804588652,0.9460869314077378,0.24916661650649316,0.04854676418661787,0.049635898770714934,0.04298186031186246,0.058452534865041456,1.9809021280592751,2.0253746015128957,1.7538964230333167,2.385101615299492,2.004041695604559,1.735144878557627,2.351958909065509,0.052593339125880836,0.9230591742886378,0.36292550692573855
2025-12-09,0.04872204401319219,0.049899452438345225,0.04376030262005014,0.05765999723365997,2.0264061050228896,2.075375881828424,1.820041547577691,2.3981459065685877,2.0576981928215043,1.8021600698203233,2.38170904854661,0.05117719969651109,0.9520263770218307,0.2512902118192441,0.04118421190150633,0.040471230249852656,0.038609445003082755,0.042919674517089904,1.712898958121953,1.683245227435093,1.6058114278745825,1.7850788534954976,1.5063902149534414,1.427313326685102,1.6034280234831677,0.043259528197465,0.9520263770218307,0.2512902118192441,0.054085379291164755,0.05197370214829612,0.04255272771944538,0.06406324313649085,2.0223410510226514,1.9433819787465867,1.5911162910912928,2.3954297474573645,1.9248549896545646,1.522732921874691,2.378961314970305,0.05719523029495016,0.9456274415235639,0.25129021181924416,0.04156501708385052,0.04185090670266019,0.03965479254764431,0.04426904540172986,1.5541841702284283,1.5648740520367355,1.4827577413696484,1.6552922246054906,1.4427873694523412,1.3431706178327423,1.5564978521063944,0.043954960757994,0.9456274415235639,0.25129021181924416,0.0480687212214936,0.0491973812907912,0.043402916941271914,0.056924652627723886,1.9605496937007072,2.0065887604109376,1.7703160034670757,2.321695954920453,1.9842706827234038,1.7474824418495174,2.2935989768945033,0.05211489266063511,0.9223605531438084,0.3660611278396029
2025-12-10,0.04222442926555293,0.044752538190699916,0.03935878376973624,0.05140887294262238,1.7557159019148028,1.860836115943947,1.6365607243607403,2.137610319306651,1.8406557127291616,1.6158111024771677,2.115199126367756,0.04437231613454892,0.9515939879612545,0.25341380713199513,0.039194882096915344,0.038612708817871474,0.03729977604202646,0.039942173163620774,1.6297455991280858,1.6055385014487062,1.5509460062322782,1.6608183887902537,1.4272567918899064,1.375039250742348,1.4798512728089415,0.04118866091292626,0.9515939879612545,0.25341380713199513,0.04924358909740189,0.04755596700982325,0.03921832242112895,0.058723104826604956,1.8412985734138254,1.7781956152566967,1.4664374073724484,2.1957532163179194,1.7629102958969924,1.4244616018501035,2.1835854490247053,0.052100358472786844,0.9451679516393902,0.25341380713199513,0.04139489149892441,0.04048408679763209,0.03879645044896742,0.04252452147867185,1.5478228955413613,1.51376641371525,1.4506629223127214,1.5900616134804684,1.3873477889977472,1.3069385681514103,1.4679086764337412,0.043796334214596604,0.9451679516393902,0.25341380713199513,0.041631855035703845,0.04445085748336158,0.039093157279696325,0.049839225149361885,1.697281841058179,1.812212833062276,1.5937644300681342,2.0319214039951183,1.7899665685260306,1.5752926179658358,2.006605031367984,0.04517038276851043,0.9216626577874962,0.36919367398437875
2025-12-11,0.046828763454887026,0.048018011108846514,0.04306633963867861,0.053713049827630796,1.9466712116171045,1.9961082242701538,1.7902672925605716,2.23285092480254,1.9729708579667036,1.7648090735588802,2.209449238531335,0.04923323598115209,0.9511615989006783,0.2555374024447461,0.04049464329657009,0.03986305176360207,0.038426884205768376,0.04151445394132504,1.6833619022650026,1.6571066487835742,1.5974051782848586,1.7257554202009948,1.4608662321776016,1.399173317987533,1.5309609681676792,0.042573883705326714,0.9511615989006783,0.2555374024447461,0.05206648143937592,0.04948483079027828,0.04198695322335387,0.05924729671349812,1.9468511486312126,1.8503189960329531,1.569961054610324,2.2153536108306424,1.831811889343084,1.5005474368960823,2.199784259429227,0.05511380870098195,0.9447084617552164,0.2555374024447461,0.041475007519387826,0.04137380562514226,0.03933538693539975,0.043397790005153855,1.550818564965357,1.5470344601322878,1.4708146415886192,1.6227145561576986,1.4128607420604316,1.3167857978526993,1.5052414811207084,0.043902441015855345,0.9447084617552164,0.2555374024447461,0.04609706469281295,0.047744576322453686,0.04305506231393235,0.0531544974450836,1.8785159684230184,1.945645311197529,1.754542003826109,2.166137371842192,1.9191939869788803,1.7275199438459865,2.1338697977308954,0.050052982059540535,0.9209654009820669,0.3723236459038713
2025-12-12,0.04860246957365509,0.048990320920000816,0.04431203076684702,0.0540532439382545,2.0198899471369525,2.0360088201559474,1.8415818428225306,2.2464209123275394,2.0097813367393647,1.8181421103033757,2.222846861437779,0.05112125416008757,0.9507292098401021,0.25766099775749707,0.04095268809564868,0.04025669354052801,0.038505899516694156,0.042498303431371315,1.7019695443104448,1.6730444214209605,1.6002824552231287,1.7662044053402035,1.464370139023654,1.3941657551028053,1.5514909336812575,0.04307502880082572,0.9507292098401021,0.25766099775749707,0.05292158730336969,0.04959200371014029,0.04242108440827598,0.05864459607922414,1.9788249595647582,1.8543263673084345,1.5861939317446534,2.1928176454709845,1.8326040876767182,1.522480390810843,2.176541469569163,0.05604622179095925,0.9442489718710425,0.25766099775749707,0.04149108191961195,0.04169058687752495,0.03955261811999301,0.04393523291019827,1.5514196131574907,1.558879430793195,1.4789372719172373,1.6428104279754951,1.4151591457650161,1.3156299233568427,1.530226117297656,0.04394082827265016,0.9442489718710425,0.25766099775749707,0.04777908263265423,0.04904388656506807,0.04478189925809821,0.05382367170992141,1.9462270340073058,1.997718193958864,1.8241145062107262,2.1923623321510357,1.9693881657756114,1.797949234304444,2.157995656483656,0.051918609232195635,0.9202689235948482,0.3754511866105962
2025-12-13,0.046056813252056066,0.04679068389944565,0.04277908857558494,0.05100147697092399,0.8857924258998328,0.8999066690518792,0.8227532469467934,0.980891182446985,0.8892941499492518,0.812435632759445,0.9696546987258582,0.048482472715345004,0.9499683220051356,0.26135618851916076,0.04013320228130605,0.0395217918937209,0.038189567009686745,0.04085597322901041,0.7718659650491514,0.7601069515135108,0.7344847985995752,0.7857667320786292,0.673340122554528,0.6484221878916563,0.6999465077937698,0.04224688481884882,0.9499683220051356,0.26135618851916076,0.05084568155471666,0.04767790993343768,0.041307440585816375,0.056226781640313965,0.9737223922555925,0.9130578467745417,0.7910599019484619,1.0767733788507075,0.9004198416072514,0.7518709643889575,1.0596546799181341,0.053893383071550796,0.9434494302800049,0.2613561885191607,0.041396101616414355,0.041124960260647686,0.039187641325661306,0.042938994838088135,0.7927578087947061,0.7875653047018574,0.7504645958460431,0.8223050512126568,0.711502439037561,0.6616161199851305,0.7552928613039093,0.04387739319968476,0.9434494302800049,0.2613561885191607,0.04524724671338785,0.0471410719192327,0.04328458667648383,0.05066810191257444,0.8644516934753872,0.9006340115397617,0.8269493900407969,0.9680151977974865,0.8877186583373082,0.8148332243882906,0.9555248478945753,0.04920461485373739,0.9195732320614038,0.378575008991912
2025-12-14,0.046837653039942674,0.04716051700268643,0.043430842028838755,0.0506965927919426,0.900694873819045,0.9069035947371545,0.835181403040422,0.9749028459827828,0.8951911899846949,0.8233270849244799,0.9633820225176437,0.049343959343185945,0.9492074341701691,0.2650513792808244,0.040289774563740784,0.03968419428728693,0.0382974645093109,0.04115929494120389,0.7747782192660159,0.7631328225544702,0.7364658074217928,0.7914992224724392,0.6731098370086757,0.6473524346820757,0.7018766681312552,0.04244570060596242,0.9492074341701691,0.2650513792808244,0.051020361532422606,0.0473164007437163,0.041038406090386836,0.05609007938548446,0.9770676086155691,0.9061347496250012,0.7859077453743187,1.0741554564917342,0.8940121872830171,0.747327098009343,1.053402888742187,0.054124402012481504,0.9426498886889673,0.26505137928082434,0.041375375532402336,0.04119706761801406,0.03924016083641761,0.04313241234668411,0.7923608930392443,0.7889461997231673,0.7514703729757822,0.8260091014567571,0.7112000339328183,0.6607673876341923,0.7569298205089509,0.04389262230746879,0.9426498886889673,0.26505137928082434,0.0459456580423049,0.04759944763079342,0.04430936613340256,0.051018829423742744,0.877591480779327,0.9091837811194678,0.8463292095876918,0.9744909076494513,0.8949818573458338,0.8311414273525559,0.9610866047101182,0.05003075835026347,0.918348223319764,0.38401856588479344
2025-12-15,0.050037742099859776,0.049206608536853914,0.045049359535890586,0.053025958112317376,2.076706489468557,2.042212117990622,1.8696746369546517,2.2007258261648404,2.0111797315394213,1.8375609545746154,2.1616223866199644,0.052757577423003556,0.9484465463352025,0.2687465700424881,0.04114794179802817,0.04040531415926321,0.038502644023703354,0.043023006306455565,1.707754870107916,1.6769337424558266,1.5979676010590098,1.7855753006351778,1.4470854059833131,1.372436627498388,1.5415886919795019,0.04338456601167859,0.9484465463352025,0.2687465700424881,0.05279148985937271,0.04824849600873528,0.04139284944004861,0.056632557882197614,1.9739604027274686,1.8040904105207503,1.5477465396102899,2.1175842368233897,1.777872983632492,1.4579655024967644,2.10170720946235,0.056050825932204784,0.9418503470979296,0.268746570042488,0.04140801588428498,0.0417401096152156,0.039528956058806165,0.04426668010487367,1.5483136378386695,1.560731167190414,1.4780525086352354,1.6552037822761065,1.3999865988505382,1.3019144712989337,1.5283192756410457,0.043964538540409485,0.9418503470979296,0.268746570042488,0.04900254906386858,0.04983630114966535,0.04680189946658173,0.0534612983149231,1.9921904214914925,2.0262196640934462,1.9027463796389124,2.1734370343150666,1.9909709790571508,1.8644519077868535,2.1357364255072095,0.05343066184778615,0.9171241262829117,0.389458189933492
2025-12-16,0.048079318766384466,0.047483134903305996,0.04352206630557672,0.050765469463783214,1.994520006914319,1.9697879459529894,1.8054671783206753,2.105952145409896,1.9371808984378656,1.7705332212073512,2.073050706529496,0.050733403354940074,0.947685658500236,0.2724417608041517,0.04050576767713202,0.03986541961022669,0.038346321564255784,0.041723908728388354,1.6803391998962498,1.6537750333564238,1.5907568475149105,1.7308725011224955,1.410700462522466,1.3520526498750431,1.477704321463184,0.042741775517880685,0.947685658500236,0.2724417608041517,0.05114203570945822,0.04675562551674015,0.03962184113944141,0.05497603032563242,1.9122846063686423,1.7482695339846157,1.4815256341648717,2.055643954186982,1.7179385070280224,1.392387684392744,2.028476833468206,0.05434566912878931,0.941050805506892,0.2724417608041516,0.04132652973341706,0.04132598604397318,0.039265308576797525,0.043363638263027984,1.5452667369913469,1.5452464075511954,1.4681942968069617,1.6214375664985654,1.378476466523376,1.2810542497895245,1.4791993770204634,0.04391530137542015,0.941050805506892,0.2724417608041516,0.04702435821953915,0.04835181322891288,0.04541738814694608,0.0515208979691554,1.9103271645314965,1.9645714934326917,1.8450892136931203,2.092912452097084,1.9247850255025094,1.8031845915662792,2.0574825971034354,0.05134218258134815,0.9159010360541704,0.39489338059420265
2025-12-17,0.04540697552115002,0.045259268630011035,0.0414877620366671,0.04863120145030584,1.8828049971698795,1.8766803154538891,1.7202943994287263,2.016497863117134,1.8391782239429144,1.6774916955331005,1.9835570488323313,0.04795204109957859,0.9469247706652693,0.27613695156581536,0.03966203381271177,0.03907967816706279,0.03776827900441684,0.04038660105634597,1.644590387345033,1.6204429494861199,1.5660656458147038,1.6746346440135822,1.369558041755973,1.3227649054019763,1.4179923690042893,0.04188509482632597,0.9469247706652693,0.27613695156581536,0.04905024993349673,0.04506252693514526,0.037689907896440486,0.052858512791468464,1.834069304930177,1.6849618007328142,1.40928748114901,1.976466500100059,1.648787772052263,1.3249095620158038,1.9567525032920696,0.052167172558979256,0.9402512639158545,0.27613695156581525,0.04122971743397089,0.04075516055595491,0.038950175395636,0.04257216539329735,1.5416467663083295,1.5239023061966548,1.4564109502324392,1.5918430976013411,1.3499025962930966,1.2575286845036482,1.424758843547211,0.04384968041655368,0.9402512639158545,0.27613695156581525,0.044357219857457615,0.04632634066146821,0.04285952378860345,0.04937578142818664,1.800626685607564,1.8804795721663878,1.7398389647083503,2.0043560295779432,1.8383805016990005,1.6951698106166004,1.9663945040715356,0.04849477910884519,0.9146803155428147,0.4003198474914532
2025-12-18,0.044240452289797644,0.044049448434035285,0.03989852651645582,0.048008069145619364,1.8336016961980226,1.8256852989692571,1.6536450716451243,1.989755358737589,1.7869336973360137,1.6142333522752628,1.9515388878358542,0.046757705607467476,0.9461638828303027,0.279832142327479,0.03925698397549752,0.03869082185479246,0.037376810960091114,0.03992569266878162,1.6270555267738647,1.60359021909465,1.549129369789482,1.654771007308202,1.3433069591197306,1.3004634427880246,1.3896236317210005,0.04149068114718808,0.9461638828303027,0.279832142327479,0.047962350542454936,0.04384285836337617,0.036132157785395844,0.05275430219605402,1.7933909621558335,1.6393563921425902,1.3510406492308815,1.9725698949949422,1.6006681502735356,1.279280712691298,1.9373798049213735,0.05105355539054714,0.9394517223248167,0.2798321423274789,0.04116627533106252,0.04041984814664824,0.038719175464569766,0.04239964191037199,1.539274562012893,1.5113644251806488,1.447773483887538,1.585392161574673,1.331357203701708,1.241008049911834,1.4016746175156225,0.04381946868881169,0.9394517223248167,0.2798321423274789,0.043160677391360744,0.04541496339354939,0.041607133532350474,0.04882001342402262,1.7507479872694351,1.8422094715200998,1.6877332639528573,1.980680075097728,1.795994085942508,1.6427534887311004,1.932068158823884,0.04724958103875898,0.9134615893409912,0.4057389492441431
2025-12-19,0.041849158167789516,0.042097580579605644,0.03743996033117642,0.04668554421807642,1.7337035935393956,1.7439950987198487,1.5510418037056917,1.9340626985304228,1.6993622401791142,1.5079762703468076,1.8949679293009525,0.044265946257126,0.9454029949953362,0.2835273330891427,0.03850387815531651,0.03792372081841708,0.036539190500909216,0.03946926683604689,1.5951171981866712,1.5710827634731226,1.5137252133593635,1.6351107822447797,1.3041730650372587,1.2559368429310003,1.3548157637592741,0.04072747638747057,0.9454029949953362,0.2835273330891427,0.046103079907456414,0.04188937204378481,0.033699522756482456,0.05217373691358974,1.7238697832457932,1.5663123342382737,1.2600804351101151,1.9508616067493258,1.5259021948964222,1.2070010989424511,1.9078764334706741,0.04911625504499008,0.938652180733779,0.2835273330891425,0.0410763654973678,0.039893813844740375,0.03805181557042653,0.042119973391641904,1.5359126858468302,1.491695139748308,1.4228198027371042,1.5749348969031665,1.3036649067728179,1.216829023413435,1.3834659597455299,0.04376100790098511,0.938652180733779,0.2835273330891425,0.04077933748565102,0.04354950543709592,0.03919905049209931,0.0473532359971182,1.652924781397909,1.7650963633464154,1.588903816977792,1.9192907711950569,1.714797819248783,1.5426163294937396,1.874741026807354,0.04470215318137626,0.9122454867037688,0.41114696752686314
2025-12-20,0.048103293605977905,0.04643766643512672,0.040567990549070065,0.05138496422263946,0.9243936388832461,0.8923855361928601,0.779588872084545,0.9874570014005899,0.8692267230366468,0.7607838469142708,0.9663995877259536,0.050897022141063904,0.9451101770287655,0.28491604381354463,0.04023561336872854,0.03960782404115907,0.03818148217434895,0.041247215822635505,0.7732016306258958,0.7611374990984885,0.7337277055123741,0.7926414403222966,0.6413761970406024,0.6185990473130986,0.6672203825039046,0.04257240515092234,0.9451101770287655,0.28491604381354463,0.04978386980917944,0.04462474130894072,0.03543487645342471,0.053985170432504226,0.9533881211557556,0.8545880108690946,0.6785971121732237,1.0338453078516676,0.8297350568886913,0.6397948274275901,1.0140940859183234,0.053054595399035585,0.9383517004463745,0.2849160438135445,0.04119582390709172,0.04109445095172998,0.03907059747319733,0.04310254781060638,0.7889223819841276,0.7869810348807629,0.7482231425596436,0.8254371793854218,0.6831032217181694,0.633996288576829,0.7314906629622969,0.04390232775993781,0.9383517004463745,0.2849160438135445,0.046757152417634965,0.04821922145681999,0.04262597008058696,0.05266146412789729,0.891852763571406,0.9197611835287052,0.8130707224302471,1.0044609274486855,0.8945540305558171,0.7924859995309198,0.9832817619600902,0.051323250537845366,0.9110325618046464,0.41654247221445584
2025-12-21,0.04665124310910249,0.04499616260190217,0.03888603227030831,0.05065482063715078,0.8964438852629296,0.8646400853764459,0.7472286594663797,0.973376081599081,0.8422246498301234,0.727698198430821,0.9537834080195224,0.04937593775309919,0.9448173590621947,0.2863047545379466,0.03976393244909429,0.039160375427978636,0.037867737593978455,0.04048299963521158,0.7640982688206986,0.7525003999338766,0.7276612487147132,0.7779157651858136,0.6318040668134757,0.6117404046154544,0.6529666905756941,0.04208636946357877,0.9448173590621947,0.2863047545379466,0.048538047477084074,0.043253241519380474,0.033809161646158575,0.053344260508436554,0.9295299474733378,0.8283230456796415,0.647463791449555,1.0215715350276775,0.8032390882018308,0.6115903192021419,0.9931059945888538,0.05174349378156388,0.93805122015897,0.2863047545379465,0.04114770857935887,0.040810388880805376,0.03894484234068024,0.04259705008085464,0.7880009473491376,0.7815410920814492,0.74581486353321,0.8157566235615423,0.6744086173154589,0.6265736954191535,0.7159419231193136,0.043865097870013574,0.93805122015897,0.2863047545379465,0.04530132843958756,0.04705363709767274,0.041027332051168444,0.0519790702343085,0.8640044715633212,0.8974198988619686,0.7824816846672585,0.9913694655153203,0.8712024621593615,0.7632783211027563,0.9666867326497823,0.049750838144209344,0.9105641257394641,0.41857968550117663
2025-12-22,0.050341770737090945,0.047395546681828396,0.03986760646833309,0.05414335653303297,1.5543285677612568,1.463362355229009,1.2309332539297648,1.6717045225382037,1.4237893484031572,1.2011192883761705,1.6296187752428297,0.053298531215182396,0.944524541095624,0.2876934652623486,0.04075179963215196,0.04006539067765002,0.03827314346225255,0.04235168052211062,1.258233181481386,1.237039945098793,1.1817033725747295,1.3076303428419802,1.0348575087665917,0.9895190385451144,1.0937214627908811,0.04314530523990508,0.944524541095624,0.2876934652623486,0.05053041374869816,0.04448901502879881,0.03382369877308626,0.05600603363022447,1.4552606336778369,1.2812701776893836,0.9741122951148983,1.6129568302338015,1.2355783757233845,0.9212979266936941,1.5437620959083371,0.05388469622068101,0.9377507398715654,0.2876934652623485,0.04121059223964011,0.041452838897404906,0.03929720453078312,0.04374206920571741,1.186852592879129,1.1938292233583168,1.131747605543965,1.259758363888958,1.0274197017192461,0.9514093659007263,1.1166247072772404,0.043946211383724766,0.9377507398715654,0.2876934652623485,0.0488171403251071,0.04970587921430231,0.04254395980446484,0.0560530741001103,1.515267136527344,1.5428626830017527,1.3205640622119859,1.7398524001714437,1.497067561964581,1.281977027371722,1.6909439518259266,0.05363952050514667,0.9100965084209345,0.42061325196874605
2025-12-23,0.04438050054967582,0.042775151611472016,0.03711838794190256,0.04825185370867848,1.3702850899125478,1.3207185981677028,1.1460612865654203,1.4898163580565253,1.2833595340586994,1.1107218460226627,1.456436279773276,0.047001704626704326,0.9442317231290533,0.28908217598675057,0.039593539115701445,0.03900132643465557,0.03769988816603,0.040311519825437965,1.222483650142411,1.2041985880803907,1.1640155925564208,1.2446519053268146,0.9994784720048736,0.9691286231362769,1.0302805937083261,0.04193201535793982,0.9442317231290533,0.28908217598675057,0.046184411898233114,0.041349082653549106,0.03200519305459367,0.05125052969708858,1.3300970947777468,1.1908410749150338,0.9217398804063707,1.475999755201518,1.1516269439847082,0.8833850376879288,1.4290070618748343,0.0492659865694846,0.9374502595841607,0.2890821759867505,0.041110263550927895,0.0406622480828774,0.0388536843964438,0.04246331551380399,1.1839631569873603,1.171060447004119,1.118974359812049,1.2229306443047354,1.0015105063511218,0.9310947566504127,1.061195454905674,0.04385327448643921,0.9374502595841607,0.2890821759867505,0.043234038465695596,0.04491081994312501,0.03903351696758565,0.049675663882799925,1.3420280035936982,1.3940943041068157,1.2116458088980109,1.5419511413473654,1.3482703742173123,1.1732846215519352,1.495674860501905,0.04752929485426523,0.9096292843868232,0.42264495927361084
2025-12-24,0.042199026613500494,0.04095134760488801,0.03615081281871578,0.04559346344355193,1.3029434554866437,1.2644199318587412,1.1161979020056154,1.407750594601159,1.2261719909870148,1.0795350165620559,1.368475736002223,0.04470525198475283,0.9439389051624827,0.29047088671115256,0.03947467270272314,0.038920113628929484,0.03759004713013685,0.04016436836022326,1.2188258967811245,1.2017032478987688,1.1606359158051551,1.2401210430281684,0.9893500330146376,0.9594791948622869,1.02078900691462,0.04181909706955903,0.9439389051624827,0.29047088671115256,0.04422322725475487,0.040041397165237455,0.031565947602365266,0.048738774480743124,1.273615570181069,1.1531801283445982,0.9090897442264254,1.4036619646193724,1.1150170905402401,0.8783087701791672,1.3490922259947882,0.04718907076725802,0.9371497792967562,0.2904708867111525,0.04108898068768012,0.040584099884628314,0.03879763351235351,0.04241437051439575,1.1833502169625574,1.1688098025294797,1.1173601113021296,1.2215210431245742,0.9931393288244235,0.924486335523715,1.0514655702854137,0.04384462504863799,0.9371497792967562,0.2904708867111525,0.04128577414666127,0.04289595579697022,0.037777457223697755,0.04690054286109058,1.2816078485774962,1.3315753004769042,1.1726936936080894,1.4558894049616988,1.2841397608919745,1.1296606066568093,1.404504613556679,0.04541074145545578,0.9091631808557725,0.42467144662165107
2025-12-25,0.04263173575472976,0.04098348348524248,0.03642382543343083,0.04520444014854568,0.819037623264123,0.7873715276327526,0.6997717283860473,0.868464221894659,0.7612088833393639,0.6733108601560077,0.8421381144965767,0.04517767448325032,0.943646087195912,0.29185959743555456,0.040161825312815556,0.03953323681923736,0.03811518383511697,0.0411577570768777,0.7715858941189826,0.759509500402492,0.732265975708621,0.7907196584504099,0.6218169375957333,0.6007848500764814,0.6447521342926461,0.042560262642701435,0.943646087195912,0.29185959743555456,0.04393425146190091,0.04019996781148743,0.03245449139012655,0.04859908727560824,0.8413647556165462,0.769851197370138,0.6215211209594073,0.9306988927372101,0.7408396617070633,0.5933120441561265,0.8881547028112141,0.04689575101177756,0.9368492990093518,0.2918595974355545,0.04112899361851787,0.0410207969548636,0.03900714575447769,0.04300707842776951,0.7876425456936997,0.7855705208737722,0.7470080077152436,0.8236088888993749,0.6647790181298261,0.6158108788017083,0.7147363845911543,0.0439013976548936,0.9368492990093518,0.2918595974355545,0.04187855162465114,0.042770156871631944,0.03825767578929459,0.04616334626968269,0.7984299995121009,0.8154322222115364,0.7294080420261634,0.8801171440675974,0.7846758294724752,0.6997900710070879,0.8489445431622936,0.04608633071290855,0.9086978932111245,0.42669385811299276
2025-12-26,0.04422741105611259,0.04186998441643974,0.03738126833347402,0.04601971369018795,1.36559987125599,1.2928101365923825,1.1542130548589393,1.420940398496886,1.2489164986570995,1.1093371265210166,1.3701566343118938,0.04688319052759899,0.9433532692293412,0.29324830815995656,0.04127416623955396,0.0405080457239835,0.03838047582441737,0.04349165307775428,1.2744131921134296,1.2507578604436156,1.1850653608928385,1.3428820368512833,1.0204898496335821,0.9677722147009334,1.0883739493353615,0.043752608472192284,0.9433532692293412,0.29324830815995656,0.04441233662655875,0.040834608671274135,0.033326870274020294,0.049342625105832524,1.279061862895283,1.1760243798216647,0.9598037846012955,1.4210526799949614,1.1326001418723515,0.9021623952366176,1.342358555243124,0.04742127237655977,0.9365488187219471,0.2932483081599565,0.04120133955443467,0.041753433290958805,0.03948136265152693,0.04456818852097705,1.1865861183435702,1.202486250981696,1.1370513037250922,1.2835503503190948,1.014602908957499,0.9349051642378362,1.116255963870698,0.043992730256880476,0.9365488187219471,0.2932483081599565,0.04361886747756209,0.043541018477006296,0.03934027147251678,0.04703873098753871,1.3541512647765492,1.3517203216188778,1.2213123123257643,1.4603233642753446,1.2968796221867551,1.1704326711150528,1.4025929168580868,0.048026035506783096,0.9082337739787298,0.4287113356725414
2025-12-27,0.04001449378001505,0.03862630088283737,0.03506638946008784,0.04177246662392305,0.7686837802117987,0.742016408890493,0.6736300340758512,0.8024546737933582,0.7148629583447402,0.6477869815604189,0.7738374382101036,0.04242760267471525,0.9431240809620787,0.29431007924100033,0.040430620921213266,0.03977916866023187,0.038173691361169645,0.04179044731463146,0.7766776382799145,0.7641631531698029,0.7333217194115231,0.8028000852680249,0.6193477544785155,0.5957189316201987,0.646922981823696,0.042868824725554755,0.9431240809620787,0.29431007924100033,0.04121614021093127,0.038458760016338966,0.031978681329028834,0.04723217583267118,0.7893114502269271,0.7365061232583568,0.6124091000997249,0.9045217968753739,0.7070746423301583,0.5836392739179345,0.8373885254410234,0.044019331776959776,0.9363190795300594,0.29431007924100033,0.04112784668105962,0.04119112224855628,0.03914328713484984,0.043239778699300985,0.7876205812190094,0.7888323426719043,0.74961518902401,0.8280652253697652,0.6616680761492386,0.6115951099887341,0.7159117259404991,0.043925033228738405,0.9363190795300594,0.29431007924100033,0.03963823334841798,0.04005495797023226,0.03665747348685486,0.04278286815361652,0.7555790750675546,0.7635232000707707,0.6987564302898305,0.8155038042578352,0.7319390711907902,0.6693413470410786,0.781480137745499,0.043665455840004565,0.9077709733217303,0.43072337875649186
2025-12-28,0.03741280012230397,0.036488751789674194,0.03352464747725989,0.03913521472514226,0.7186748258700305,0.70092447646081,0.6439860184031101,0.7517612564692961,0.6746902617183522,0.6178940649994213,0.7223700547950465,0.03967865391165423,0.9428948926948162,0.29537185032204416,0.04007501805240182,0.03945426523374276,0.03805669873421261,0.04100266071882467,0.7698142487703914,0.7578900029935509,0.7310436868288094,0.7876336429237731,0.6113308568744187,0.5913952987277169,0.6333702478634148,0.04250210533845025,0.9428948926948162,0.29537185032204416,0.0390554883590548,0.036947040492027634,0.031219389874357045,0.045478370125048295,0.7479337948251289,0.7075558740607362,0.5978682567270853,0.8709354659036799,0.6762482691776341,0.5687025251064713,0.8048127467163251,0.04172196677824107,0.9360893403381717,0.29537185032204416,0.041091460283259454,0.0409499185619671,0.03897121808160212,0.04286681812440688,0.7869237619567205,0.7842131611889356,0.7463199732841792,0.820922827980282,0.6550352955503709,0.6067790959512689,0.7027897370930074,0.04389694285848266,0.9360893403381717,0.29537185032204416,0.03722443485997872,0.03768987749871759,0.03478180706550732,0.040326075475892315,0.709514365973318,0.7183810499983204,0.6629478465066294,0.7686169670400574,0.6888173445312993,0.6330620829493062,0.735582811409429,0.04102285368278224,0.9074072503055106,0.43226755639519787
2025-12-29,0.032518991203167764,0.03262795255173038,0.029777224504522845,0.035380178822660646,1.0041193342100136,1.0074838357743385,0.9194592371362049,1.0924669028533882,0.9667213435773021,0.8809831689498605,1.0471293401349908,0.034496843420134135,0.9426657044275537,0.29643362140308793,0.03879341221928028,0.038216154500182814,0.03691710164450651,0.03955087624366801,1.1978605057577494,1.1800359787622339,1.1399239076221506,1.2212494315428204,0.9479812347596389,0.9172979264317112,0.9768887635584864,0.04115288382411037,0.9426657044275537,0.29643362140308793,0.03543056883552829,0.03413573393434348,0.02906491035040309,0.04237159437702545,1.0203896669356975,0.9830988133880174,0.8370606277770055,1.2202891033054117,0.9366817588460754,0.8013435302608829,1.1242335992095633,0.03785885061405717,0.9358596011462839,0.296433621403088,0.0409846551536729,0.04006408946170577,0.0383986254813277,0.042094980400011424,1.1803456731350883,1.1538336596198873,1.1058688006835198,1.2123227044258071,0.9596972010028559,0.8957553838833108,1.0176876496094927,0.043793593722256004,0.9358596011462839,0.296433621403088,0.032507745424435464,0.03357816138867199,0.031055929089131903,0.03638574121148311,1.0093351419326815,1.042569679572735,0.9642626791627347,1.1297328970217984,0.9947382044028361,0.9221830839875859,1.0804544042502822,0.035839231764335136,0.9070435894997351,0.4338115910213882
2025-12-30,0.03656376119755195,0.035399048190587395,0.03247282075687807,0.03813516794262905,1.1290276435167532,1.093063258602366,1.002706261519252,1.1775500492073239,1.0473343357851324,0.9594098373024053,1.1286075050070192,0.03879705483667095,0.9424365161602912,0.2974953924841317,0.04091761708922874,0.04018041594845306,0.03826601814605406,0.042817703999606674,1.2634674138410509,1.2407038785944757,1.1815904841075642,1.3221389119757865,0.9907136635111017,0.9455836542167595,1.0475937128991986,0.043416841758144906,0.9424365161602912,0.2974953924841317,0.03757443903939709,0.03619932281914537,0.030668936019457017,0.04579498726488202,1.0821324804206855,1.0425295491639481,0.8832560819284784,1.3188817831137913,0.996418186592034,0.8430183905271827,1.1916007600171423,0.04015951239618356,0.9356298619543962,0.2974953924841318,0.041136848276342015,0.04149693944586347,0.03928121114364855,0.04402256396493595,1.1847287890390732,1.19509930581627,1.1312870008314873,1.267836528122359,0.990652156265047,0.9139925155957113,1.0860337853331574,0.043967010833122676,0.9356298619543962,0.2974953924841318,0.03668583740646963,0.03636867455210087,0.03358806505607119,0.039067209555221555,1.1391090461871178,1.1292562654366267,1.0429356512784158,1.21304968425455,1.074152567114642,0.9897966901403543,1.1541481866304988,0.04046168612935447,0.90668088544769,0.4353511207533327
2025-12-31,0.03390732183575272,0.03323833577680643,0.030484179107088692,0.03566906062511873,1.0470143907792093,1.0263569636211347,0.9413121558470675,1.1014146136630811,0.9822368742042458,0.8996474501973905,1.058882959344096,0.03598711327322888,0.9422073278930285,0.29855716356517553,0.04043409467116011,0.03977676478172859,0.0381386108614021,0.0418310645163036,1.2485527227394988,1.228255223070906,1.1776711416385388,1.2916893508233953,0.9738848397277617,0.9383229147949589,1.0168867202876948,0.04291422224615802,0.9422073278930285,0.29855716356517553,0.03541618737976786,0.03469252400520719,0.029714386224536597,0.04415868505574444,1.0199754853592866,0.9991341990347762,0.8557653365262852,1.271756774369541,0.9496453666759422,0.8170469635241525,1.1422814929704455,0.037862072623182426,0.9354001227625086,0.29855716356517564,0.04109073424297095,0.041170928984768165,0.03913317349824523,0.043260639072972756,1.1834007188245927,1.1857103031344671,1.1270235614159854,1.2458933216683676,0.9784199925376633,0.9045826209260592,1.0608069605627828,0.04392851063737095,0.9354001227625086,0.29855716356517564,0.03417153495681126,0.03410616220015543,0.03141727726847516,0.036591507403581656,1.061083723561449,1.0590599588751703,0.9755708978039573,1.1362150472153518,1.0037366052717633,0.924569461505967,1.0791783595481848,0.03770365748964247,0.9063188356779044,0.43688879132257263
2026-01-01,0.03269734393750566,0.0321633222001482,0.029330950232793813,0.034775067910528396,0.6279888958844271,0.61773241383309,0.5633335566074852,0.6678938981459247,0.5901461435049284,0.5385315170267032,0.6387811951542675,0.03471136172066141,0.941978139625766,0.29961893464621936,0.04050612486380597,0.03982252286210428,0.03813469760508,0.04197637418940081,0.7779652279523582,0.7648358903800602,0.7324193270766195,0.8062030032413788,0.6055001476075449,0.5822731528021787,0.6329090432992853,0.04300113045075383,0.941978139625766,0.29961893464621936,0.03420599400127087,0.033982094591251386,0.028805355939495726,0.04344436309654206,0.6550633463838034,0.6507755511869946,0.5516381969429561,0.831983127590928,0.6160395540484521,0.5271114213838343,0.7448308069867564,0.03657728538265642,0.9351703835706209,0.29961893464621947,0.04108686765503071,0.04122409575836491,0.03915473478627132,0.04339351661276433,0.786835810634034,0.7894638032772141,0.7498344177605909,0.8310093898356664,0.6480338064345506,0.5987353804088161,0.704695773647513,0.04393516772650015,0.9351703835706209,0.29961893464621947,0.03309362362400295,0.0329329568642142,0.03012343963040154,0.035629906198849384,0.6305906714231964,0.6275271150687836,0.5739889995570432,0.6789000797307941,0.5944360255784605,0.542726620656323,0.6460326304449104,0.03652890424561648,0.9059571949239138,0.43842424519781853
2026-01-02,0.032125548722692646,0.03158910459566112,0.028506301265059732,0.03448267035579084,0.9920204634365507,0.9754553440015713,0.8802599586991967,1.0648071702108584,0.9283368075990909,0.8380969789672353,1.0145460075488166,0.03411264613180667,0.9417489513585036,0.30068070572726313,0.0408458187948215,0.04010816166139083,0.03822809301022221,0.04269362842559961,1.2612979295716125,1.2385194557257695,1.180463900294669,1.3183573430026478,0.9739943594851785,0.9312892363603624,1.0270029535150504,0.043372300798317935,0.9417489513585036,0.30068070572726313,0.03342593975893016,0.03357758888468888,0.028127673079956193,0.04373278022034779,0.9626569558043867,0.9670244047618773,0.8100684778436958,1.259490843919649,0.9116715170212696,0.7729951972199731,1.1157325043036623,0.03575193779402076,0.9349406443787331,0.3006807057272633,0.04110335561217253,0.04142154856088241,0.039233899379540596,0.04392360602650668,1.1837642104404247,1.1929280711298358,1.129924436334023,1.264986569424173,0.975502945761455,0.9008601412464933,1.0709480560337665,0.04396359903626359,0.9349406443787331,0.3006807057272633,0.03265229080996041,0.03220908352311731,0.02897943264035025,0.035297759654781574,1.0139943406467204,1.000239457215341,0.8999293960733309,1.096155699695078,0.944624271795032,0.8514397167425195,1.040145315537497,0.03605613507462538,0.9055959753417822,0.4399574823790704
2026-01-03,0.030265284395746106,0.02997423001257813,0.026864713111828503,0.033031681450166855,0.5812342407041813,0.5756446426950491,0.5159274541455824,0.634361932167029,0.5485316444125119,0.4922834697947489,0.6076498726701736,0.032143466474797315,0.9415687763320788,0.30149804601895963,0.040587268348616215,0.03989792379570497,0.038143036062173806,0.042143604463111724,0.7794643457631134,0.7662257238306112,0.7325237164090844,0.8093532385275388,0.6012912297790165,0.5776058888946416,0.6297981408894402,0.043106004966228434,0.9415687763320788,0.30149804601895963,0.031817957930224114,0.03231619748757414,0.026855229604752836,0.042928570981549875,0.6093311597989901,0.618872717682862,0.5142922194321025,0.8221054287036332,0.5806798905989486,0.4914935520265991,0.7204066868221904,0.0340385005814867,0.9347637935476416,0.3014980460189598,0.04107651328481081,0.041296133436139776,0.039162678126457594,0.043546149572216364,0.7866375188257125,0.7908433638965361,0.7499865370354668,0.8339323938326675,0.6432422301708043,0.5951915086270261,0.702037991520971,0.04394320101864031,0.9347637935476416,0.3014980460189598,0.030894685909551658,0.03056149234379476,0.02717954390270951,0.03382708541667583,0.5886026375001134,0.582253155671526,0.5178121688330259,0.6444649631776471,0.5481323566102883,0.4918006121934118,0.6111123605295716,0.034128908927297204,0.9052350889788121,0.4414890034101335
2026-01-04,0.02860584145741874,0.028578387308101232,0.02540221848070501,0.03187108936986929,0.5493464114137541,0.548819182091433,0.48782405457625133,0.6120522131553687,0.5216435431566753,0.46395368659619807,0.5850088779115061,0.03038685768846576,0.941388601305654,0.3023153863106561,0.04037864162889483,0.03972590154095831,0.038104508218844514,0.04175612619510622,0.7754311967929418,0.7628959799762095,0.7317587521369484,0.8018844023157542,0.596144869707898,0.574671267896762,0.6218139767402003,0.042892639206478476,0.941388601305654,0.3023153863106561,0.030350769175859587,0.031227694844778407,0.02567377007394513,0.04225139936336542,0.5812336990096617,0.5980273014171953,0.4916666283196448,0.8091372247605593,0.5626838424464735,0.47108341350353883,0.705028012299426,0.032475062285419326,0.9345869427165501,0.3023153863106563,0.04105346735709383,0.04112758444252965,0.03908527445615209,0.04319310746859036,0.7861961768044794,0.7876155592088615,0.7485042147474248,0.8271714459763638,0.6390683193088961,0.5919520352348954,0.6924865221113786,0.04392685739623573,0.9345869427165501,0.3023153863106563,0.029329277688650613,0.029050270911497783,0.02554576045881473,0.03261439509083486,0.5587444653727428,0.5534514303633798,0.4866539627753073,0.6213211574036482,0.5203867394474255,0.4619223796776354,0.5893858620814231,0.03240981741693662,0.90495041398548,0.44267264649665816
2026-01-05,0.027291394789319457,0.027439322954799346,0.02401385582598117,0.03115928127435927,1.1277777814087777,1.1338907008678478,0.9923381804250627,1.2876126477654932,1.072353927627748,0.9418216695545476,1.2167006986758375,0.028996122460576968,0.9412084262792291,0.3031327266023526,0.040302306680752464,0.039665788153892635,0.03808708292601417,0.04160563322794223,1.665435070832764,1.6391318548341274,1.5738941235587727,1.7192931727431908,1.2425325104336031,1.1932144832319096,1.2991304142994258,0.04281974699278345,0.9412084262792291,0.3031327266023526,0.02912037899609532,0.030329539199293154,0.024482498283262582,0.04206068184671667,1.088858738479101,1.1340712219309705,0.9154407708465799,1.5727178887791162,1.0683213916872878,0.8775214068382616,1.3563619778501759,0.031164452577065006,0.9344100918854583,0.3031327266023528,0.04104048159857881,0.04108104861106883,0.039034410415003266,0.04310446459812242,1.534570928008708,1.5360877951500893,1.4595606357820774,1.6117466380304328,1.2416874611398772,1.151599679285912,1.3445485045457044,0.043921273919213646,0.9344100918854583,0.3031327266023528,0.02810378431651217,0.027802438577939525,0.02421050690117587,0.03166169364384129,1.134001700508636,1.1218692815503855,0.9767978092650088,1.277508453057682,1.0510553178671111,0.9178989152543592,1.2018768200124663,0.031065385997882736,0.9046655437800639,0.44385664711447226
2026-01-06,0.024855245580145145,0.02556078993134106,0.02250424319525949,0.028368780929837977,1.0269992723830965,1.056151812154864,0.9298576959354592,1.1721758000497273,0.9970265945114907,0.8842310468204515,1.1085189684103978,0.026412858006181008,0.9410282512528043,0.3039500668940491,0.039370525675781406,0.0388098932061839,0.037490153422273007,0.04007554115215779,1.6267592726851419,1.603594378317296,1.5490637645101968,1.6558899597637613,1.2068733561210703,1.1690854857298538,1.2466148862317772,0.04183777227024467,0.9410282512528043,0.3039500668940491,0.027603941826880758,0.028773686022517335,0.02345049992918002,0.039333313956210564,1.0321566652239698,1.0758953194968033,0.876852659541795,1.4707371294963099,1.020454798910522,0.8311386689674548,1.2699300707504975,0.029547162971558592,0.9342332410543668,0.3039500668940493,0.040962442585758325,0.04047271264125874,0.03868191259314652,0.04228774919081133,1.5316529213075156,1.5133411153507748,1.446380164000614,1.5812083092463036,1.2152508649662472,1.1344586098206895,1.2918412761889535,0.043846055551960986,0.9342332410543668,0.3039500668940493,0.02576035425368138,0.02576243745971027,0.022757585626223504,0.028975266569996057,1.039276531752113,1.0393630023789246,0.9179990679215839,1.1687505724179625,0.9716679859895684,0.8623943562390488,1.0997231817921114,0.028483957678433137,0.9043811448008872,0.4450385740508081
2026-01-07,0.023728302685084555,0.024653693636541085,0.021892469355188064,0.027155674131881444,0.9803316701303959,1.0185640742346809,0.9044844602281995,1.121933065695351,0.9589660454274451,0.8559041931042389,1.0589850094045747,0.025220121382673943,0.9408480762263793,0.3047674071857456,0.03908449092616764,0.03852973457261349,0.03722060570586307,0.03974172271797495,1.6147705453003722,1.5918508603227752,1.5377643752762047,1.6419239893825839,1.1923499948585694,1.1520852930574412,1.2315734278846344,0.04154176632100956,0.9408480762263793,0.3047674071857456,0.026936519275615946,0.02796797078672697,0.023270430148197373,0.03811854955475606,1.0072006412209804,1.0457683051700417,0.8701195550521431,1.4253150958787382,0.9873125949207562,0.8132848470757493,1.2269763103652624,0.02883821529145268,0.9340563902232752,0.3047674071857458,0.040933509780182474,0.0402432823945269,0.03852032891415234,0.042172221341886446,1.5305710762469071,1.5047623420779792,1.440338285188116,1.5768885334680964,1.2043413633560907,1.124667725004294,1.2755069514320652,0.04382338176648821,0.9340563902232752,0.3047674071857458,0.024746698557580715,0.02473558821000852,0.02215598314727258,0.02769347554597312,0.9982219553811318,0.9978675091980479,0.893686684615042,1.1171933399161085,0.9314429150737517,0.8403266200557912,1.0450723868900014,0.02737171558183141,0.9040974608842893,0.4462182842931499
2026-01-08,0.023539006275112632,0.024418499346694184,0.022041140054436005,0.02673037083272694,0.9724085587608423,1.0087408737354557,0.9105309282508129,1.1042454839768072,0.9498547454537191,0.8583197610726925,1.0369402207569531,0.025023715856664512,0.9406679011999546,0.305584747477442,0.03929050830703415,0.0387454322377766,0.03742984861077483,0.03996418808184348,1.6231112779055166,1.600593902756923,1.5462464607404482,1.6509413388363912,1.190684853068471,1.1519218416051522,1.2298134337677389,0.04176873501999331,0.9406679011999546,0.305584747477442,0.026897441469086764,0.02776761862127477,0.02335558437263701,0.03749787534592975,1.0057394579333039,1.0382768090547236,0.8733036111872623,1.4021070690834907,0.983272722835103,0.8166720838413938,1.1980546707834339,0.02880183185787857,0.9338795393921837,0.3055847474774423,0.04094199563026891,0.04040418022227807,0.038648707317740984,0.04225186551004755,1.5308883761014618,1.5107785757874599,1.4451385642846977,1.5798665595605021,1.2010462553335577,1.121451428204174,1.2755143392833348,0.04384076736161929,0.9338795393921837,0.3055847474774423,0.024699465251210726,0.024500601802215298,0.022211315244398223,0.026902946849395197,0.996158161066232,0.9882817465216638,0.8958245133293982,1.0850002719405862,0.9202952374478071,0.8385745612087943,1.0197536693561775,0.027328033564841706,0.9038142167311771,0.4473960638665293
2026-01-09,0.022407307534282515,0.02346140959056898,0.02136633329962202,0.025853564724197937,0.9255600873411619,0.9691010076320242,0.8825614271015003,1.0679117777804574,0.9115127125163556,0.8306391792317095,0.9977532356778208,0.023825199320196267,0.9404877261735298,0.3064020877691385,0.03896979155619883,0.03840987682925728,0.03709027943714023,0.039644439908685075,1.6096928924297575,1.5865649587064068,1.5320574425474764,1.6375600329639957,1.1743844410594926,1.1310185260488705,1.2143598164508507,0.04143572581723251,0.9404877261735298,0.3064020877691385,0.026202918114204925,0.02696827472302744,0.022778143137724534,0.03685129259910167,0.9797700904280832,1.008388029489964,0.8517121362041612,1.3779302795531083,0.9547500834671971,0.7898924926468801,1.1557180292232496,0.028063449356224568,0.933702688561092,0.3064020877691388,0.040910425278354604,0.04014790347884581,0.038461596450641726,0.04211781746596668,1.529707908856741,1.501195967965199,1.4381421820352516,1.5748542833056818,1.1882357558338237,1.111641663661214,1.2610717118424015,0.04381525916070857,0.933702688561092,0.3064020877691388,0.02365982028123264,0.0234939924404634,0.021451776252382163,0.02597741857444736,0.9540762355694685,0.9473908054658348,0.8649897204296169,1.0475769697010828,0.8827956933694397,0.811307029850325,0.9744693188247808,0.02618595462359413,0.9035309432604994,0.4485737719336508
2026-01-10,0.021805295272868754,0.022935982883011817,0.02100240033347628,0.025308768083584385,0.4186616474947873,0.44037084848200936,0.40324606545910013,0.48592832196685576,0.4154953938473631,0.3802306793294612,0.45627856323952287,0.02318994769793151,0.9402908344986796,0.30730977627704614,0.03892993888547708,0.038370704172795235,0.037051421099405055,0.03962494151794402,0.7474547877801316,0.7367174818543107,0.7113872481608103,0.7607988376304383,0.5587727052014455,0.5396688258508112,0.5759820254190756,0.04140201888305415,0.9402908344986796,0.30730977627704614,0.025865145407111392,0.026545825126793675,0.02226494976110673,0.0364071463444086,0.4953315697961167,0.5083669557864814,0.4263858695945499,0.6972166081701084,0.4835635839650847,0.39734846085527614,0.5770074059571214,0.027707521329441372,0.9335062887645488,0.3073097762770464,0.04089940973145316,0.0401112089170079,0.03844377181301313,0.042092691437859826,0.7832458896768968,0.768151416377458,0.7362190910315917,0.8060978818671628,0.604433296514669,0.5658375645973758,0.6425208300863676,0.04381267724032324,0.9335062887645488,0.3073097762770464,0.0231672652822108,0.022929093073611136,0.021046421942901013,0.02505720883335088,0.4411921949860883,0.4366487731748601,0.4008013938915509,0.4771786439878841,0.40772090333441074,0.3765010718723675,0.44773385206837457,0.025648832906534753,0.9032483219268934,0.44974883426923107
2026-01-11,0.02162973150754245,0.022771937779311743,0.020971684048035382,0.02503726230166111,0.41527554055409827,0.43720509278954206,0.402641494941384,0.4806977207595679,0.4123395838538139,0.3783536759576362,0.45079479589013555,0.023008053261753425,0.9400939428238295,0.30821746478495377,0.03913222809602573,0.03857243699503202,0.0372876954324608,0.039774047156165344,0.7513110909396465,0.7405634978878561,0.7158973689216674,0.7636335627671158,0.559929784149627,0.5432371975909658,0.5762742768695609,0.04162586983432886,0.9400939428238295,0.30821746478495377,0.02582512609368608,0.02637514377769064,0.022066589407135358,0.036035965018248496,0.4945651782282707,0.5050983153340337,0.42258716117936584,0.6901082843593582,0.4796699545319901,0.39795124812745314,0.5656917915652964,0.027670473011104438,0.9333098889680056,0.30821746478495404,0.040906808188497866,0.04029376163330527,0.03854043878832888,0.04218203078432489,0.783387574143941,0.7716473999534582,0.7380703160634613,0.8078087788303375,0.6054926264889499,0.565968827431952,0.6425780081752267,0.04382982401882616,0.9333098889680056,0.30821746478495404,0.02312108269317294,0.02267742782705869,0.02080909136933442,0.024670252043879112,0.44028396859215396,0.43185082715503553,0.39626844716558707,0.4697696438608236,0.40285985407938885,0.3734316901220717,0.4396432756657614,0.025606442181687766,0.9029400698902166,0.4510498906311786
2026-01-12,0.022585267637510002,0.02340416686619468,0.021652327122110817,0.025811614588802833,0.9326016823245069,0.9664160612631554,0.8940782559859601,1.0658255450136962,0.9066686433533497,0.8384096243220059,0.9983406605982543,0.024029512178914268,0.9398970511489793,0.3091251532928614,0.040020967639932625,0.03939776825536323,0.0379757018572628,0.04103596272910017,1.6525649528840698,1.626831505585541,1.568110859165438,1.694476615960253,1.1900216812251128,1.1468837380300931,1.2379818017163908,0.04258016087081974,0.9398970511489793,0.3091251532928614,0.0266054117122743,0.02689804150506881,0.022590285960223506,0.035951793938208805,0.9948199862930547,1.0057618942629458,0.8446878481845775,1.3442965491234742,0.955340676667586,0.787920809768568,1.1280869763484505,0.028512514309377294,0.9331134891714625,0.30912515329286167,0.040966408583878795,0.04087008489333255,0.03885306127655293,0.042874407818755685,1.5318012164828927,1.5281995156881365,1.4527796940181061,1.6031444376746813,1.1937720250134096,1.1152612219862013,1.2849469528630397,0.04390292184100137,0.9331134891714625,0.30912515329286167,0.024285085511287146,0.02333523167935884,0.021504823739408326,0.02527042651300341,0.9788075026010643,0.9406504289701909,0.8667186857728839,1.0184955513214318,0.8741394530796592,0.8089168732029484,0.9500137168803654,0.026904731215455824,0.902632526480555,0.45234758619900617
2026-01-13,0.02124543533474809,0.022283416627802127,0.020479292887420376,0.02476598741655884,0.8771797622237751,0.9200358472833601,0.8455473367550769,1.0225360229622087,0.8639538008509324,0.7938907005389434,0.9585600021828095,0.02260873867110693,0.939700159474129,0.31003284180076907,0.03952401264351856,0.038924120094061564,0.03763933082053834,0.04023193223290737,1.6318641377080623,1.6070958241573468,1.5540495517840283,1.6610926626739868,1.1673246935413368,1.1297894736946197,1.2105702899438782,0.0420602383058409,0.939700159474129,0.31003284180076907,0.025722938572251906,0.026126171141802382,0.02156596424124418,0.035451595961726104,0.9618228680166983,0.9769003952375249,0.8063867788587239,1.3255933262795756,0.9246825977041602,0.7615651116807038,1.0969486924569527,0.027572588030825976,0.9329170893749192,0.3100328418007693,0.04092063208189791,0.04056664025384553,0.038728682369941904,0.04235952136315278,1.530089557984026,1.5168532228602034,1.44812896267412,1.5838919885021303,1.1788930703417804,1.1034042698802657,1.2589019626763436,0.04386309624718729,0.9329170893749192,0.3100328418007693,0.02298879823394459,0.022208679921747763,0.020304720817072408,0.024211698213641098,0.9264065592771624,0.8948766972914952,0.8182182553373079,0.9758006881484966,0.8317588813997673,0.7645779254153264,0.9092959628543302,0.025477291409405266,0.9023250495717132,0.4536456392981232
2026-01-14,0.019236072139523025,0.02066157458286377,0.018705656167166424,0.023323897376013866,0.794129606916596,0.8529791312258188,0.7722322557019269,0.962888749877405,0.8029700380540845,0.721461932886957,0.8979023044905738,0.020474726165223656,0.939503267799279,0.3109405303086767,0.03856914304009959,0.03799119467009243,0.03670195912791553,0.0393655679883579,1.5922636481807095,1.5684040000902437,1.5151800307213443,1.625142742546313,1.1340160615231079,1.0818278712961384,1.176521686111964,0.0410526970602722,0.939503267799279,0.3109405303086767,0.024320348947053743,0.024857979335478186,0.019910037570921614,0.03480313404476448,0.9093777411829465,0.9294806233118624,0.7444689643445964,1.30134627149539,0.8740901905570675,0.7093305569129077,1.055782360696288,0.026074632222479632,0.932720689578376,0.3109405303086769,0.04084003303696267,0.03988892580869065,0.03811645829232314,0.04192341302776878,1.5270758274826963,1.491512368062285,1.4252369001459544,1.567585182468798,1.1532432200548879,1.0827044468502742,1.229060835520972,0.04378591950761151,0.932720689578376,0.3109405303086769,0.020949582308422744,0.02056933867040984,0.018480342786445454,0.022872917914748228,0.8440897455018437,0.8287664425417975,0.7445879321900624,0.9216748851581256,0.7659678736977388,0.6955605094237914,0.856465263271298,0.023225242201874587,0.9020178186443986,0.45494304884091935
2026-01-15,0.019267166682524366,0.02067042926865183,0.01857335337090351,0.023377067871829214,0.7953254381326575,0.8532504278063732,0.7666856601549428,0.9649772098708749,0.7998044339219226,0.7154418317615457,0.900208443709342,0.020512121680702898,0.9393063761244287,0.3118482188165843,0.03888684103479503,0.038328288739524416,0.03701033435247077,0.03958169383641566,1.605201968364415,1.5821456022533025,1.5277420323047926,1.6338846552375121,1.1352308780113067,1.0880062208047652,1.1751049123280133,0.041399528442723724,0.9393063761244287,0.3118482188165843,0.02442034411003713,0.024907414956965267,0.019755426665972183,0.03459005540956773,0.9131167243546522,0.9313291022913281,0.7386878089914697,1.2933789118003702,0.8722136435809932,0.6998556414175772,1.0558939035802573,0.026187354450306434,0.9325242897818329,0.31184821881658453,0.04085620783355205,0.04006771848705647,0.03840261253636822,0.042047211558181724,1.5276806296596128,1.4981977195901894,1.435936676725893,1.5722142125947136,1.1507335689177527,1.0828126984441404,1.2287926838229135,0.04381248647486758,0.9325242897818329,0.31184821881658453,0.02111072009576295,0.0204809725505364,0.01823317808593428,0.02295978847758007,0.8504410027644616,0.825281579891441,0.7344672198917779,0.9252229441732501,0.7631636587012199,0.686649805280033,0.8588943906878939,0.023411853610675493,0.901710750751352,0.4562390997648159
2026-01-16,0.021793635190048538,0.022514215351752354,0.020218656973024555,0.025964171562898396,0.8995156634735009,0.9292570598302146,0.8345096393068879,1.0716513700571098,0.8739545387991716,0.7705476011190919,1.0002397571156252,0.02320670331939199,0.9391094844495786,0.31275590732449193,0.04087712792326343,0.040141406963132294,0.038165068647865105,0.04287967530903319,1.687172264936108,1.6568059436770493,1.575234087701531,1.7698258802985578,1.1828104428862174,1.1258837305126121,1.2505807225835859,0.04352754242198067,0.9391094844495786,0.31275590732449193,0.026431195867478066,0.02637081657122855,0.02078770530604999,0.0371874890909358,0.9883057700799573,0.9860480891495916,0.7772864006493859,1.3905012178650267,0.9289248311795281,0.7298783131316404,1.13822865135762,0.028349678424717188,0.9323278899852897,0.31275590732449216,0.04099957617841187,0.04141627188718468,0.03919466703824942,0.04403208992256151,1.5330414072491776,1.548622343329881,1.4655528938033118,1.6464320705478273,1.1834484264488079,1.1017121652426243,1.2949777387036698,0.04397549040290832,0.9323278899852897,0.31275590732449216,0.02401266949972414,0.022384583708890963,0.01943126425201034,0.025279615848168138,0.967185249409575,0.901708825623774,0.7826440030303398,1.0180832315971968,0.8343935551972139,0.7305458487912249,0.9459248400202388,0.026639177829210832,0.9014043021024984,0.4575325764634292
2026-01-17,0.01910540298587217,0.020443116006287038,0.017988201414841493,0.023624234396695365,0.3667220911421045,0.39239906411971315,0.3452777648089426,0.45345961275947727,0.36980726687563614,0.32311975880742083,0.42825560883251795,0.020350715292884576,0.9388074429281699,0.314159365405585,0.039392020157381344,0.038796130177116674,0.037508648330500084,0.04010131194509974,0.7561172102524674,0.7446792929358377,0.7199664912510022,0.7697318389422857,0.5462277522704981,0.5290282877113687,0.5640347963224851,0.04195963768088203,0.9388074429281699,0.314159365405585,0.024459241078752778,0.024649792942318404,0.01900591795135876,0.03520613671732014,0.4684077390196787,0.4720569106064578,0.3639736419836391,0.6742166221053708,0.44303339243191203,0.34453035545470634,0.5459942169039179,0.02624313895115325,0.932024218759773,0.31415936540558514,0.04087428591180318,0.04044241409687532,0.03864530596446402,0.04224145316136968,0.7827647548976167,0.7744941752943759,0.740078579390712,0.8089467495952157,0.5878672478848218,0.5529792745257169,0.6284933417700297,0.04385539033115879,0.932024218759773,0.31415936540558514,0.021191734869350557,0.020128368682832153,0.01734972835638687,0.02308739838301681,0.4033867123532822,0.3831458149132581,0.3302493308046068,0.43949887197949006,0.3562222006472905,0.30897379316849005,0.4097112485262622,0.023517693289477438,0.9010975102236074,0.45882791232474707
2026-01-18,0.018556873086307067,0.020018208312270806,0.017319418135170513,0.023325869399240313,0.35617322534526086,0.3842215111917707,0.33242200825626766,0.4477074396785183,0.3608195126945339,0.3103403686191741,0.42207499894989303,0.01977279305850714,0.9385054014067613,0.31556282348667797,0.0393232647557383,0.038745734390303696,0.03744384301497131,0.04004005497104856,0.7547550696723655,0.7436701820388202,0.7186821979078368,0.7685128553561698,0.5435818741446887,0.5264514793154336,0.5616015622455146,0.04189988112673104,0.9385054014067613,0.31556282348667797,0.024114599226325206,0.02416169670688466,0.01829244667610343,0.03465181539857173,0.4618076605320684,0.46270960284137175,0.35031027991031033,0.663601068058974,0.4342231891993217,0.33225095325651427,0.5427502270632333,0.025881793945773834,0.9317205475342567,0.31556282348667813,0.040856703529549204,0.04039360086977598,0.03860290858866051,0.042188692754551636,0.7824280427366935,0.7735593755078151,0.739266646637911,0.8079363591751764,0.585472184976217,0.5509291744360877,0.626070468728858,0.043850813033665566,0.9317205475342567,0.31556282348667813,0.020709409332581936,0.019599327277899054,0.016578133517909918,0.022762891107337493,0.3941665887594233,0.373032128554918,0.3155172074863771,0.4332387719381768,0.34667006691163615,0.29583051365924196,0.4039270680510854,0.022994394523303232,0.9006285993568728,0.4608227224005509
2026-01-19,0.018716191453733825,0.020110863725397006,0.017108876470504072,0.023840546185909806,0.5780796563770054,0.6211563512032248,0.5284351496144015,0.7363535888729896,0.5826494578538104,0.49573766227794197,0.6905520814812685,0.019948970824428643,0.9382033598853525,0.31696628156777096,0.039751527772612545,0.03915507773839922,0.03781061893379182,0.04054685284520662,1.2277898295739258,1.209367511567807,1.1678417403818433,1.2523547228007197,0.8769958058830464,0.8484524085427749,0.9078786021463829,0.042369841627373984,0.9382033598853525,0.31696628156777096,0.024325077968443062,0.02416550189304295,0.017830597764613258,0.034991783786306796,0.7005548886789245,0.6959591459691673,0.5135158229820397,1.0077527902231083,0.6525687203875064,0.49078183895735616,0.83543000378401,0.02611620917246505,0.93141687630874,0.3169662815677711,0.04087691695202924,0.04066042696199318,0.03874580121302533,0.0425665598856697,1.1772428455118074,1.1710079992734288,1.1158673567575017,1.2259040509895132,0.8842941663136901,0.8295361873084777,0.9498198283400938,0.043886811578964374,0.93141687630874,0.3169662815677711,0.021012024640134335,0.019629780746614568,0.01623632571482281,0.023108483684810586,0.6529716843657872,0.6099967309485061,0.5045630289522034,0.7180993305487884,0.564947995665577,0.47470958332664803,0.6694847043498693,0.023342561738033746,0.9001593259534109,0.46281889109525426
2026-01-20,0.020874237597708806,0.02169779395181216,0.018745163028823886,0.02558926903164859,0.8610010762255342,0.8949703603201637,0.7731829948899295,1.0554822935661383,0.8365892011892575,0.7187660338890052,0.9789522646009426,0.022256326107016677,0.937901318363944,0.318369739648864,0.04110331435188942,0.040352912062627165,0.0381695965276386,0.04337634334889232,1.6953911599290101,1.6644392664463057,1.5743839043490855,1.7891469392024122,1.167711226293073,1.1081422119388493,1.2400929674764085,0.04382477510916523,0.937901318363944,0.318369739648864,0.02573370880785163,0.025488185588411073,0.019081211166284945,0.03650841663458599,0.9622255847928024,0.9530450688722087,0.7134777855041059,1.3651095848009067,0.8854856636766177,0.6847272395282809,1.1359752132700278,0.027637572603807645,0.9311132050832236,0.3183697396488641,0.04096735916914247,0.04155210715631168,0.03928704487746578,0.04441687193899483,1.5318367604252003,1.5537014468608623,1.4690070527442387,1.6608197013221104,1.1670021302567308,1.0860093837107248,1.2836450713937724,0.043998258155388076,0.9311132050832236,0.3183697396488641,0.023146737780559253,0.021419262644446387,0.017968962363061107,0.024877468471634107,0.9314663151224829,0.862003136789231,0.7230091078248436,1.0012867214956698,0.7960098767246068,0.6742065549629038,0.9237478763237948,0.025727438838269858,0.8996907125527092,0.46481155598332186
2026-01-21,0.02011410336761253,0.021095166089349394,0.01840932436889739,0.024190206371823404,0.8295112612566714,0.8699705629121564,0.7592056974667838,0.9976108917616725,0.8126657946068282,0.7101164681662032,0.9302783834553573,0.02145277184443753,0.9375992768425352,0.31977319772995705,0.04037666426209986,0.039690301732033535,0.037971198815729613,0.04189177144191364,1.665144952537205,1.6368391693964384,1.5659428832299132,1.727628397346883,1.1429274280648714,1.0950081695162972,1.1967165401281887,0.043063881616966,0.9375992768425352,0.31977319772995705,0.024846589069833558,0.024846589069833558,0.018933924942583065,0.03550520320094825,0.9290547225953086,0.9290547225953086,0.7079705119979167,1.3275977888890975,0.8641599672458697,0.6770519225167858,1.084516232180193,0.02669352661962728,0.9308095338577069,0.3197731977299571,0.040899747096935786,0.04108872943574818,0.03898702559677807,0.043291180219958904,1.529308634137462,1.5363749937841442,1.4577888397006233,1.6187282414111603,1.1465891660596559,1.0740205637075515,1.24248411243393,0.043939974408543324,0.9308095338577069,0.3197731977299571,0.022041551790590065,0.02090541604801456,0.017951891254616967,0.023828920078467274,0.8867747482516928,0.8409447618063355,0.7221114464493124,0.9588605215889504,0.773328227494118,0.673048345858796,0.8838369740096745,0.02451180102896287,0.8992220426620636,0.4668048644277104
2026-01-22,0.01876755392972511,0.019954874612315855,0.01750733178345593,0.022528712508544844,0.7738518603240785,0.8228092429677921,0.7218884954677027,0.9289375776259784,0.7668278749207045,0.6769463886317733,0.8672926958246061,0.02002305482454045,0.9372972353211266,0.32117665581105004,0.03926056471211532,0.038682421458570246,0.037385742513988074,0.03997759385461327,1.6188503389205016,1.5950114713746855,1.5415448652700583,1.6484159572161154,1.1045375370192283,1.0628389644456386,1.1471446001788617,0.0418869951095762,0.9372972353211266,0.32117665581105004,0.023539043318685778,0.023665257296284308,0.018278328570984048,0.03417036349940624,0.8801634421181768,0.8848827897765569,0.683456688251787,1.2776859428349046,0.8257394366885017,0.6507313438324756,1.0248238808955947,0.025297039238526827,0.9305058626321906,0.3211766558110501,0.04080252014654927,0.04033331658861253,0.038547254947009765,0.04213127495838868,1.52567315897561,1.5081288682830536,1.4413450937249592,1.5753574810224318,1.1205509721897038,1.0549661881739105,1.1963773809694909,0.043849825976515794,0.9305058626321906,0.3211766558110501,0.020326891351948644,0.019878046339985626,0.017466473578471482,0.022425133892320016,0.8175915950581448,0.799503029634428,0.7024725928417739,0.9019248424549418,0.7372414902969977,0.6543046704688822,0.8303499103596157,0.022616750552171383,0.8987538375620943,0.46879788684706747
2026-01-23,0.020760342755512518,0.021412121655585575,0.01904272910198469,0.024057362732780627,0.8558807152821288,0.8827514176481681,0.7850691482635933,0.9918060152483053,0.8214313432464156,0.7364801395659949,0.9230360629717587,0.022156295883786595,0.9369951937997181,0.32258011389214303,0.040448420713453524,0.039767344755914154,0.037974045659819024,0.0420567008766823,1.6675554763213416,1.6394769525433381,1.565545123422974,1.733859582794385,1.131161519557877,1.0827753639059658,1.1854243009187986,0.04316822645527821,0.9369951937997181,0.32258011389214303,0.024755208085315297,0.02486598287670473,0.019679893580312236,0.03575442214753927,0.9256378376867409,0.929779888846987,0.7358635030174249,1.3369164941101583,0.8626357224200041,0.7066971074888102,1.0633136775145406,0.026612717443591356,0.9302021914066739,0.3225801138921431,0.04088049533023772,0.0411326208342422,0.03898630658971513,0.043422784749648745,1.5285887790008528,1.5380161651713946,1.4577619548471117,1.623649150654664,1.1346215711352112,1.0628155968120288,1.2300533477407187,0.04394796712789642,0.9302021914066739,0.3225801138921431,0.02220925896808075,0.02148765259063289,0.01902121499290218,0.02417039519020221,0.8930869516284178,0.8639731553009233,0.7647561117695647,0.9722158557013904,0.796323071774117,0.7071781040092001,0.8876794882816517,0.024724058194115318,0.8982853378563425,0.4707911237851981
2026-01-24,0.022586407643630884,0.022710426352126147,0.0203727086879002,0.02551903502308684,0.4333835060117146,0.4357631523701245,0.39090748991273255,0.4896541779834468,0.4071716640208972,0.3673502110153549,0.45768300307678006,0.02410832596858922,0.9368716713495062,0.3231945900471501,0.041496786953553626,0.040678209816052746,0.038238280071921156,0.04420682592557956,0.7962321101214856,0.7805254145110739,0.7337085269555976,0.8482317999197067,0.5561751053027455,0.5275932765196194,0.5934942056189002,0.044292925298701845,0.9368716713495062,0.3231945900471501,0.025806585913857864,0.025856599155975688,0.02080805386193518,0.037039316020014555,0.4942101237240694,0.49516790444940045,0.39848552256739733,0.7093230004933198,0.4585738191604444,0.377221582208433,0.5728448264142623,0.02774695145521597,0.9300692350116413,0.3231945900471501,0.04095477847290785,0.04170000711267041,0.03936785831300432,0.04508557314387279,0.784306231120593,0.7985777639567906,0.7539158489451269,0.8634131905700434,0.5871575505281948,0.5451507376760559,0.6519600379726966,0.044034118032508875,0.9300692350116413,0.3231945900471501,0.02386369652363663,0.022909674499468746,0.020256782734255685,0.025729220758326468,0.4539330952153805,0.43580233949155833,0.3853241861555321,0.4894015432761069,0.4041138432730287,0.3602884149346572,0.4490898320449351,0.026579679373860746,0.8978173208178315,0.47278164348552965
2026-01-25,0.02171529045529294,0.021926415676095067,0.019759465723297228,0.024401475479914305,0.41665990791323115,0.42071085142875464,0.37913272150946253,0.4682008075065792,0.39269664226938517,0.3566601673413709,0.4382052155251192,0.02318156751183231,0.9367481488992946,0.32380906620215716,0.04072228951772765,0.039987620604373275,0.038052010658151995,0.042668707229337466,0.7813547525603863,0.7672583681525819,0.730119050877094,0.818701442725535,0.5450001837496231,0.522361543835347,0.571990921517283,0.04347197223242713,0.9367481488992946,0.32380906620215716,0.02487510858300058,0.025081539775083976,0.02032369569871939,0.03590932832403318,0.4763718273889489,0.48032509673347157,0.38920980091368207,0.6876831229480399,0.44792799743865963,0.3657356254025655,0.548372649055766,0.026749261379505784,0.9299362786166085,0.32380906620215716,0.040890445504877124,0.04128962344894133,0.03906734078040739,0.04383657952232198,0.7830742198736916,0.7907186941091601,0.7481607751255315,0.8394942849737111,0.5781592938746632,0.5410400749566291,0.6298555017695783,0.043971233777121324,0.9299362786166085,0.32380906620215716,0.022676316512921218,0.02229897246123709,0.019879498934560022,0.02464356862493443,0.43133103038741566,0.42415270097940067,0.3781330758884002,0.4687741179126644,0.39355440135467146,0.35368254256651366,0.4308391346749466,0.0252624684226327,0.8976286930300705,0.4736387174923613
2026-01-26,0.021282894168132956,0.02152632900724509,0.019477867971251776,0.02393993698089111,0.8772646556218822,0.8872988539133837,0.8028628532877607,0.9867859326480583,0.8224537833490518,0.745868748885636,0.9159833997792696,0.022722970939617875,0.9366246264490827,0.3244235423571642,0.04025295291520053,0.03958546379272878,0.03791540216458781,0.04169419484322088,1.6591960002221362,1.631682607986542,1.562843942178009,1.7186028926148889,1.1124106308913269,1.0678499106698938,1.1625483937497485,0.04297661173805233,0.9366246264490827,0.3244235423571642,0.024279513893796404,0.024648820680456707,0.02000292530619678,0.03530763506543881,0.9078508515575924,0.921659838105763,0.7479421891355739,1.320210392220142,0.8617291334604498,0.703129056814939,1.0441855825309954,0.026112526502686015,0.9298033222215758,0.3244235423571642,0.040849318640606716,0.0409671835565863,0.03892421474206264,0.043107233690180456,1.5274230314346515,1.5318301939836585,1.4554402388105934,1.6118501789247819,1.1173080640088453,1.0468737820923943,1.2060109171073754,0.04393328961549157,0.9298033222215758,0.3244235423571642,0.021964766251809598,0.021951703955899265,0.01995069461894866,0.024330278144899367,0.8828795324451416,0.8823265342787274,0.8017940113818698,0.9779818467043434,0.8144026829964135,0.7394060846140343,0.8876914539439882,0.024474912425963658,0.8974400344946187,0.4744959345117088
2026-01-27,0.02252330298824064,0.02235225852863067,0.02013673205786353,0.025032329339624928,0.9283372278062227,0.9212873319917044,0.829970543194027,1.0317511262363492,0.8552010612382082,0.7707448765122517,0.9516002920926635,0.024050482046487572,0.9365011039988711,0.32503801851217123,0.04087794331381546,0.040133451018989276,0.0380904441735794,0.04296606711590153,1.6848557511382856,1.6541702023329936,1.5699641108797482,1.7709214166739686,1.1216538368785223,1.0686244889480572,1.1812688319264089,0.04364964775723824,0.9365011039988711,0.32503801851217123,0.0248647847332472,0.025138953385163174,0.020552897635372755,0.03600234326525824,0.929735088297727,0.9399867039273099,0.7685065566743773,1.3461866713807906,0.8785930679372661,0.7284436186403755,1.070532655342544,0.02674580759723436,0.929670365826543,0.32503801851217123,0.040891405603353505,0.041367677035724325,0.0391417818297398,0.04408793672420606,1.528996732009394,1.5468053021208772,1.4635754291065193,1.6485202740700038,1.1209340714601603,1.0477232828928291,1.22416173425945,0.043984843560112986,0.929670365826543,0.32503801851217123,0.02296650717730424,0.02296744982595523,0.02058538930119992,0.02547602150055196,0.9230604387320877,0.9231894790581917,0.8273499417462563,1.024629842740737,0.8513232083744865,0.7664088426071664,0.933257597427772,0.02559651331644671,0.8972513909754813,0.4753532230373141
2026-01-28,0.022990598465577525,0.022648514915595056,0.020112240235416096,0.025532185476469457,0.9475403311826771,0.9334416133642685,0.8289109481871423,1.0522899400993775,0.8651684664889978,0.7675986018537884,0.968947786242454,0.02455270066115184,0.9363775815486592,0.32565249466717827,0.040989808291189526,0.04022536197396378,0.03809977944525306,0.04321354885792882,1.6893643104376028,1.6578582268669657,1.5702539317362316,1.7810141157363772,1.1178784752377386,1.0638568115626463,1.1796158084507213,0.0437748714822894,0.9363775815486592,0.32565249466717827,0.024895644185989052,0.025286556414935286,0.020685923928071438,0.03616741487495116,0.9308889738562618,0.94550582333214,0.7734806279689805,1.3523589696435656,0.883012632866708,0.7407702324887406,1.079487325221155,0.02678283190475875,0.9295374094315103,0.32565249466717827,0.0408944736813431,0.04145602037386509,0.039196513913909124,0.04426759315096718,1.529111452478168,1.550108604448566,1.4656219515137636,1.6552379225672644,1.116720651804386,1.0422722052942959,1.2214329474587864,0.043994435583128905,0.9295374094315103,0.32565249466717827,0.023165290294059983,0.0234324877703164,0.020740580799336814,0.026247979079605254,0.9309647381817936,0.9415866694755053,0.8333457037055942,1.0552013744016553,0.8666800411807747,0.7751646187236716,0.9602487435992093,0.02582348762906169,0.8970628068065376,0.4762099395128565
2026-01-29,0.0232207526912043,0.022687045964429366,0.01976670507651581,0.025866154410075053,0.9569680994153318,0.9349731055941171,0.8146207162329365,1.065989761579484,0.8701402636053819,0.7581367703946483,0.985535745990436,0.024801764505634708,0.9362540590984476,0.32626697082218536,0.04094650566934483,0.04019454050723094,0.0380890990342867,0.04312727636881017,1.687477586501086,1.6564877783073464,1.5697188284982029,1.7773509863551096,1.11004017508761,1.0583260502507081,1.1696540726314804,0.04373439588478119,0.9362540590984476,0.32626697082218536,0.024760301241281875,0.02521419599740522,0.020644125384760813,0.036243250266129706,0.9258282791429249,0.9428001486237795,0.7719177118700667,1.35519457931684,0.8829702647504417,0.7374235052036335,1.0872195825022697,0.02664104003417129,0.9294044530364778,0.3262669708221853,0.04088574281996685,0.0414225121887026,0.03917141001145476,0.04420116224442706,1.528784991249581,1.5488556784399574,1.4646832754216346,1.6527539620013325,1.1094516530548315,1.0357076639110172,1.21016227334436,0.04399133518931197,0.9294044530364778,0.3262669708221853,0.023120901404146774,0.02369208052697922,0.020642416401757943,0.026791169683567026,0.9290959050903171,0.9521354592953633,0.8294565101448044,1.0767865714779206,0.8768333975943409,0.7717485473820114,0.9787750450626936,0.02577941983825412,0.8968743885321124,0.4770659409258201
2026-01-30,0.024066881263979902,0.023248376911114144,0.01993531380591822,0.026767602176591954,0.9917785753482699,0.9580486095875411,0.8215197020623313,1.10307330895933,0.8943190126318626,0.7654805238644267,1.0158883748125886,0.025708894563091656,0.9361305366482358,0.32688144697719235,0.04128645787025448,0.040511334929669816,0.03816492714917477,0.04376364859593971,1.7013847335932728,1.6694424841052453,1.5727487355384768,1.8034679516819856,1.1118711684458695,1.0550676719261156,1.1795652098547693,0.04410331279019952,0.9361305366482358,0.32688144697719235,0.02503322881128077,0.02552389233312312,0.02086328988844708,0.036612988079377476,0.9360334886838109,0.954380202628798,0.7801126321709055,1.3690196826561534,0.8928171029815813,0.7366751216407051,1.114166227430738,0.02693855229796177,0.9292714966414449,0.32688144697719235,0.04090615389335257,0.041589656419884685,0.03932120219558387,0.04474253690332383,1.529548194764919,1.5551054754200515,1.4702842508988674,1.6729968485451487,1.1084984623941052,1.0304997424053535,1.2182368132378865,0.04401959388746433,0.9292714966414449,0.32688144697719235,0.023678266673357984,0.02442331513331144,0.020920728343892168,0.02797957680881866,0.9514065325063297,0.9813217857578249,0.8405182951902667,1.1246222002504982,0.9030886135111926,0.7798760462991843,1.0251833916436142,0.026406415382480706,0.8966861397275183,0.4779218708325259
2026-01-31,0.024022535859002443,0.023101599362686905,0.0194680938697735,0.02710168720120051,0.460873030671322,0.44320483791249143,0.3734959321454784,0.5199466363599022,0.41543495030549527,0.3480941124331256,0.48049137717950186,0.02566469358796479,0.936014910003351,0.32748757486267144,0.041066686047964,0.04030729482636243,0.03810342459752938,0.04337488371430871,0.7878655346646153,0.7732965925754506,0.7310152798310273,0.8321483722518102,0.5345403797196278,0.5106967729772423,0.5628188672091953,0.04387396569122705,0.936014910003351,0.32748757486267144,0.024710388025563426,0.025430369288072432,0.020431061830241633,0.036079672221443995,0.4732173393314178,0.4870053711931805,0.3912659205926081,0.6909453010174694,0.45497653365209495,0.368443687058424,0.5667824152198508,0.02659489292034209,0.9291403465912348,0.32748757486267144,0.04088405778969365,0.04147107259154509,0.03922749159364701,0.04439577925879027,0.7829518916617507,0.7941935436500935,0.7512277501019913,0.8502032633666281,0.5629884149255822,0.5243417665359144,0.613970444817009,0.04400202610906547,0.9291403465912348,0.32748757486267144,0.023356308654774192,0.024429522408701797,0.020622584307817843,0.028412796149186133,0.44416749586389936,0.4645822807647686,0.392180427108495,0.5403341558982402,0.4298717872052402,0.3651998537935087,0.496457078735367,0.026052832595538238,0.8964978594601707,0.4787778007392317
2026-02-01,0.02376981436868522,0.022792755703171807,0.018801615821614957,0.027306733322045793,0.45601628562428065,0.4372717276494642,0.3607029856321845,0.5238709444217198,0.4092113056824953,0.33550718120356954,0.482593060337012,0.025397833710682476,0.9358992833584661,0.32809370274815053,0.04072313985005542,0.03999316924032481,0.038029925813996605,0.04270546762432554,0.781260412275049,0.7672561596165691,0.7295919624476621,0.8192907365548809,0.5292308105640279,0.5086280640977995,0.5529395896644878,0.04351231011089228,0.9358992833584661,0.32809370274815053,0.024258915527097098,0.025253450599843165,0.020083488196444906,0.03569124102970674,0.4645713960024615,0.48361728231188716,0.3846096969009007,0.6835066329205916,0.45020360806308024,0.3597157986923047,0.5595531528264482,0.02611267532917887,0.9290091965410247,0.32809370274815053,0.04085255105630975,0.04126642072548324,0.03904781617145662,0.0438527466185221,0.7823485206208941,0.7902743493644024,0.7477868682694508,0.8398038936387237,0.5583600067042492,0.5210167327265123,0.6041249151014276,0.043974323621785286,0.9290091965410247,0.32809370274815053,0.02283953998069035,0.024257282135906034,0.0201716967964858,0.028693822798736408,0.43432651879239836,0.46130171537765535,0.3836005217744445,0.5457119495672789,0.427618969673221,0.3554023146498855,0.5009044966539383,0.02548134122086062,0.8963240899577325,0.47961056261838764
2026-02-02,0.02389866822364652,0.022826370306749857,0.018372275164444677,0.027725341554841663,0.9846941351133085,0.9405123648162673,0.756990784332341,1.142364125380549,0.8733426409504006,0.7015099220081544,1.0457131003297444,0.025538668101532436,0.9357836567135813,0.32869983063362973,0.04061516713014245,0.039882847736936275,0.03799240899667712,0.0424853362340465,1.6734621567793688,1.643288483302186,1.5653969488072912,1.7505185237304919,1.0825291981657656,1.0399075966130082,1.1353231037417877,0.043402304409526235,0.9357836567135813,0.32869983063362973,0.02405821985310827,0.025250750651560513,0.019620686721644725,0.035847996600859036,0.8995763043750529,0.9441669871053255,0.7336496614514665,1.340415396415286,0.8776009715864206,0.6874191846972362,1.110449001910919,0.025900299769164775,0.9288780464908145,0.3286998306336296,0.04083895678276208,0.0411829492947654,0.03899178624370366,0.043683309378423775,1.5270355845726953,1.539898028866996,1.4579668480983312,1.633390593877939,1.0855283522465484,1.012857725194755,1.1713839885040827,0.04396589728549035,0.9288780464908145,0.3286998306336296,0.022692736208859476,0.024405117037756406,0.019838631752703288,0.02954236520251876,0.9115788643285898,0.9801402716838318,0.796891730630995,1.1865841537664983,0.9034422486506932,0.7383133585642434,1.08597174580229,0.02532246794772681,0.8961502589599128,0.48044339600380126
2026-02-03,0.02388610068738875,0.023071096057757343,0.018947288979615926,0.027505584816979817,0.9841255048065145,0.9505466945581285,0.7806427083188296,1.1332510022157076,0.8844875411609455,0.7269648751463912,1.0435476088406284,0.025528392463762,0.9356680300686966,0.32930595851910877,0.040394325114383005,0.039712733214427906,0.03792115175680882,0.042003474764936585,1.6642768995568704,1.6361947951818563,1.5623802772973092,1.7305750883188546,1.0714000142429958,1.0304057837443192,1.120610497980234,0.04317164188180851,0.9356680300686966,0.32930595851910877,0.024399630423811464,0.025396596866735142,0.020113206775861227,0.03576486943863518,0.912342205648836,0.9496204163305527,0.7520657941872989,1.3373071354615205,0.8783284767345242,0.7030351348574266,1.0863781713474983,0.026271560655892732,0.9287468964406044,0.3293059585191087,0.04081678105232768,0.041070271933098756,0.03892612063768089,0.04335973332826404,1.5262063976356397,1.5356848374831902,1.4555115033741088,1.6212915545822548,1.0760427352854822,1.006061195608607,1.1540949473470055,0.043948228746450525,0.9287468964406044,0.3293059585191087,0.02283196922493316,0.024553449929686166,0.020406526370715817,0.029155696298905694,0.917098901571358,0.9863592420954436,0.8196026540037521,1.1711605860443228,0.9079884746122932,0.7560300204589705,1.0729109012365468,0.02548277759097853,0.8959764744411607,0.4812760863766993
2026-02-04,0.024449778120515936,0.0238622896137947,0.01998633909555228,0.027756286311175094,1.007297431059249,0.9830937077910776,0.8234098456024759,1.1435210478875977,0.9144036702396445,0.758869125619331,1.054397672606512,0.026134055164668334,0.9355524034238116,0.3299120864045879,0.04051307626401066,0.03979791512403825,0.03795613040811962,0.04227109968957025,1.6690833529815357,1.6396196917762365,1.5637406795510784,1.7415115145615474,1.0689344464767974,1.027056469925119,1.1191925582934656,0.04330390912977855,0.9355524034238116,0.3299120864045879,0.025118112246393702,0.025716134566321828,0.020960085559189132,0.03624173146335814,0.9392074195618131,0.9615684550739745,0.783731981079399,1.3551377887898326,0.8938459586674344,0.7322257199597467,1.0829534178096565,0.027048983763230238,0.9286157463903942,0.3299120864045878,0.040820425557195915,0.04111447217519936,0.03895190483930298,0.04352441394365916,1.5263426716509523,1.5373375570395047,1.4564756169680522,1.627449232926865,1.0725715979154358,1.0023014697170487,1.1523233108410151,0.04395836029689165,0.9286157463903942,0.3299120864045878,0.023524482832367244,0.0251298852666504,0.021037188065172557,0.029222323912602093,0.9448401945794502,1.0093117509019338,0.8448519421735221,1.1735464879232322,0.9299218601408413,0.783462730481031,1.0731754824430153,0.026260783400895462,0.8958027821654813,0.4821084192183078
2026-02-05,0.024844124388790807,0.02451887811817108,0.020784939485131333,0.027967010479166197,1.023491104926103,1.0100920951771482,0.8562668720599917,1.1521430986602335,0.9384493716330506,0.79173984740302,1.0621609743039804,0.026558849304961905,0.9354367767789269,0.330518214290067,0.04052785272252444,0.03979923503558176,0.03795848528542729,0.0423096610567752,1.6696059041619455,1.639589401675986,1.5637569446251716,1.743010180853285,1.0634476677280358,1.0218501500887147,1.1133675759820396,0.04332505812106043,0.9354367767789269,0.330518214290067,0.025739599735774395,0.025956121586244437,0.021553663342375014,0.03662360407426155,0.9624458562510589,0.9705419634132489,0.8059268280721412,1.3694166321188896,0.9025705291035522,0.7514681718562547,1.0850836744390242,0.027722161290809132,0.9284845963401841,0.3305182142900669,0.04081616455497637,0.04111606192426769,0.038951404594898924,0.04355022265789231,1.5261833457883989,1.5373970003649258,1.456456912009205,1.6284142630875449,1.0665840297661293,0.9978152285046604,1.1453977695005964,0.043959980290315864,0.9284845963401841,0.3305182142900669,0.02406177013999616,0.025543704606899885,0.021711876554358876,0.0292125182781882,0.9663430608764718,1.0259557555439078,0.8718985398363571,1.1733229768207782,0.9447871721583598,0.8068258164658345,1.0777861293381146,0.026865776060927597,0.895629074158425,0.48294060904740077
2026-02-06,0.024595349151732927,0.024618397297586178,0.021115461626681428,0.027867407644242385,1.0131901086707442,1.0141395627019794,0.8698383067541428,1.147980522872655,0.9420544828502498,0.8108631292621891,1.0528540234089618,0.026296154158609735,0.9353211501340419,0.3311243421755461,0.04017461919691408,0.03951348142854979,0.03786157943549107,0.041593788429390946,1.6549684470350068,1.6277332879306177,1.5596842128987802,1.7134302407670188,1.048270972001026,1.0089684784784756,1.0950562200345018,0.04295275391896848,0.9353211501340419,0.3311243421755461,0.025950878905723198,0.026011012229669252,0.021724420818532066,0.03650782098629889,0.9703459309886924,0.9725944146111491,0.8123117302088606,1.3650873125343765,0.8985073146988367,0.7574545087341084,1.072572887106466,0.027953662486450623,0.928353446289974,0.331124342175546,0.040783924267393315,0.040888934271580364,0.03885787805783285,0.04299783634294358,1.52497782855009,1.5289043248605303,1.4529598013714027,1.6077596326608998,1.0547789010572854,0.991048389591314,1.1260079467533501,0.04393146212833074,0.928353446289974,0.331124342175546,0.023980452309432576,0.02548942840300821,0.022059138422130704,0.028858478736883783,0.9630006387720653,1.0234773298953839,0.8859185251266664,1.1589008806829788,0.9391886660374726,0.8139306203163392,1.0601976887559914,0.02678017555510339,0.8954553811676831,0.48377301339526735
2026-02-07,0.02537550609217714,0.025529903838075206,0.02221410620024494,0.028650967951060004,0.48677003869182245,0.48973180018228163,0.42612593795443565,0.5496021528569668,0.4572186595986734,0.4016079934629588,0.5082646493679123,0.027132998533096604,0.9352267520754962,0.33163383265573165,0.04040368440897762,0.03971460644130585,0.037911203487304375,0.04204005625690608,0.7750506709741376,0.7618323135641684,0.7272382241888676,0.8064406572402991,0.5121909768646198,0.49496474484625713,0.5323328689992207,0.0432020195308913,0.9352267520754962,0.33163383265573165,0.026846532626983426,0.02651360145271913,0.022557069922455243,0.037002849351870835,0.5141256675885617,0.5077498549423642,0.43198012919805745,0.7086246440103945,0.46876679143953287,0.40220762329010523,0.557602355784171,0.028921873548752315,0.9282432060194655,0.33163383265573154,0.040796804679771245,0.04106267528592107,0.038912191095975254,0.04337962698547283,0.7812809472604261,0.786372513638036,0.7451895744795063,0.8307433959360808,0.5390696834278634,0.506275394513039,0.5766948221489369,0.04395055564663699,0.9282432060194655,0.33163383265573154,0.024902528790958015,0.02622943412521451,0.02297927592527535,0.029426438406840196,0.4734684357859724,0.49874160982949867,0.43691089696564983,0.5595844536000387,0.4593027981920733,0.4023586809335293,0.5118781748122765,0.027815297700728166,0.8952817639735742,0.48460506021184446
2026-02-08,0.02715683733368575,0.027179044989046056,0.02406221306353819,0.03030956649939925,0.5209335185224933,0.521359514815906,0.46157117489813426,0.5814104539278692,0.48707489822306627,0.42954168459880576,0.5388551615838278,0.029040634961490692,0.9351323540169507,0.3321433231359172,0.04117382961336485,0.040400408746019606,0.03810507529644404,0.0435927881129102,0.7898131755176927,0.7749771013175101,0.7309470798765886,0.8362146230369505,0.5203063610279064,0.49818339011840623,0.5457997924549222,0.04402994874094422,0.9351323540169507,0.3321433231359172,0.0284262978087889,0.027406482073447126,0.023712599507805632,0.037900803283823094,0.5443790280509315,0.5248490033347073,0.45410914778459505,0.7258209490656221,0.4876616489558706,0.42269283676114766,0.5835624202769171,0.030627398075285788,0.9281329657489571,0.3321433231359171,0.04085082047200686,0.04149118145433652,0.03925536747269589,0.04457893536378109,0.7823153789924239,0.7945786392842575,0.7517615883121153,0.8537108021635261,0.5441001576362237,0.5075089715613185,0.5890014949341056,0.04401397426826908,0.9281329657489571,0.3321433231359171,0.02682207041914373,0.02776912542981122,0.02442722292043008,0.03092216936980158,0.509952346269939,0.5279663654155791,0.4644148204467516,0.5878790278667122,0.48695389069726946,0.42832129766230675,0.5422316763122483,0.029964063605867907,0.8951412856396128,0.4852996004945373
2026-02-09,0.02695053654749845,0.027321913516169458,0.02418268125161501,0.03040539052289252,1.1100829595405926,1.1253798440297373,0.9960759900311275,1.25238715890326,1.0449042014647951,0.9288896635149858,1.160869191670888,0.02882293320368413,0.935037955958405,0.33265281361610277,0.040840740526811484,0.0401008081301398,0.03803334046437248,0.04295691981458757,1.6822154925906458,1.6517379418632376,1.5665796882928655,1.7693801604462485,1.055532473846171,1.0115835725140234,1.105660960842052,0.04367816329439816,0.935037955958405,0.33265281361610277,0.02869660041670733,0.027411486060990455,0.023600085985265487,0.03763338737558637,1.0730129622476603,1.0249604284411844,0.8824459275533524,1.4071740861604471,0.9491668434176099,0.8221290485386834,1.128891086169888,0.030922303548022056,0.9280227254784487,0.33265281361610266,0.04082096144713473,0.04131923039871137,0.03908612720557135,0.04405207793224542,1.5263627094548151,1.5449938028931867,1.4614944114154136,1.6471794550173786,1.0530061185476436,0.9865789606179709,1.1338168518565441,0.04398702782422617,0.9280227254784487,0.33265281361610266,0.026796731532048274,0.02770431136591167,0.02464052987566877,0.03091117457476295,1.0758803949594231,1.112379950084962,0.9891764024186576,1.2410506933657106,1.0203014340794034,0.9065064442779863,1.1321790061596346,0.02994045103749052,0.8950009302964148,0.48599349722090934
2026-02-10,0.025885827754265383,0.026876639403583605,0.02376429772456133,0.030070137183675526,1.0661871169474302,1.10699673006287,0.9788054033951231,1.238530719373805,1.026286729492345,0.911834586232408,1.1464873261743274,0.027687048630413665,0.9349435578998595,0.33316230409628833,0.04005554689679973,0.03941650234467307,0.03784142336093388,0.04137759421419111,1.6498104085782765,1.6234894009944794,1.5586149478157245,1.7042629774193618,1.0300131407482995,0.9920296291252101,1.074080138813151,0.04284274334888783,0.9349435578998595,0.33316230409628833,0.028388721646631546,0.027029862045922923,0.02283011398261592,0.0375959395289001,1.061500870003457,1.010690880518217,0.8536554113453849,1.405773849745013,0.9334034110095965,0.8061988487389049,1.100213981997332,0.03059418005381163,0.9279124852079402,0.3331623040962882,0.04075673295361042,0.040807524404312394,0.03877650373071951,0.042814204178324385,1.5239611007242873,1.5258602763821423,1.4499170817976947,1.6008933248034969,1.0358853450087908,0.9776739473552614,1.1081511450443717,0.043923035419096715,0.9279124852079402,0.3331623040962882,0.02591379784584232,0.027048233572646997,0.02404559024823192,0.030303017087102296,1.0403678342890896,1.0858826070878265,0.9653797000731666,1.2168376473533213,0.9958458703584672,0.8887480313690275,1.1107501901366277,0.028958479777008137,0.8948604362310768,0.48668767997231277
2026-02-11,0.025138529531767147,0.02664324365158394,0.023415617899583692,0.029796347694654376,1.0353676589456224,1.0973415438400567,0.9644069855725136,1.2272068148918265,1.0154650205478775,0.8957798319109784,1.1436578889299063,0.0268904659828055,0.9348491598413138,0.3336717945764739,0.03945720823523363,0.03885608313905799,0.03756046988929486,0.04016683499552045,1.6251036985842324,1.6003454690794248,1.5469837139453,1.6543307302049504,1.0109566970783401,0.967598379523284,1.0519729333225005,0.042207031818835145,0.9348491598413138,0.3336717945764739,0.028292837601058093,0.026826376098297335,0.022391099726054898,0.03733355632998112,1.0579156082554082,1.0030822071469145,0.8372399481524961,1.3959629115353371,0.9236817786011345,0.7876270167613227,1.090280879420482,0.030494469867300308,0.9278022449374318,0.3336717945764738,0.04070671160758628,0.04041790600392199,0.03853314944720504,0.04218917320314922,1.522090720543584,1.511291805278307,1.4408176659492065,1.5775223913678142,1.022638025864174,0.965926242991068,1.0927899227006086,0.04387434049626752,0.9278022449374318,0.3336717945764738,0.025336665223091127,0.026531562743670533,0.02352241259819359,0.030163842844211784,1.0171360428813374,1.0652051698601637,0.9442434028863779,1.2111986015212324,0.9793561485362545,0.8685684525520306,1.109038229652925,0.02831798514709198,0.8947199135632355,0.48738214874874775
2026-02-12,0.026501853669239076,0.028065465682184633,0.024490615499853468,0.031748069170431964,1.0914763404990824,1.1558735535827502,1.0086436864368082,1.3075412304564922,1.0707446904756464,0.9365532408407193,1.2074940351491985,0.028351664792479504,0.9347547617827683,0.33418128505665945,0.03996811750887334,0.03933756785871512,0.03782368123245222,0.04118880067920295,1.6460831449634532,1.620114017171593,1.5577647394423209,1.696356866050621,1.0180431646853478,0.9803439315086819,1.060981279846574,0.042757864568291656,0.9347547617827683,0.33418128505665945,0.029654759229805726,0.02776962333931574,0.02295779064674806,0.03793275506190926,1.1088400919918457,1.0383517687507287,0.8584294512525849,1.4183679350219147,0.9535220977846192,0.8005280443818776,1.1288226277926277,0.031966168815320245,0.9276920046669233,0.33418128505665934,0.040741017262239866,0.04074683377787563,0.0387173747417797,0.04275775986678157,1.5233734652445996,1.5235909543053823,1.447706151908589,1.598782779406094,1.0255607596914857,0.9682728077249797,1.097992245411161,0.04391653378199313,0.9276920046669233,0.33418128505665934,0.026883694224145608,0.02781719516684573,0.02440806004877776,0.03196570064578256,1.079176215931175,1.1164821353133951,0.9798152828901143,1.2833618245245435,1.0238819304893236,0.9036011589844412,1.1682044635056419,0.03005176754232717,0.8945794681221526,0.488076474512667
2026-02-13,0.02739097167649934,0.029112371601921608,0.025175477605404915,0.03344083036986119,1.1280513275230648,1.1989443025516462,1.0368099120108956,1.377204632888606,1.1109677088708017,0.9577272080345182,1.2708035995438718,0.02930580212833462,0.9346603637242228,0.334690775536845,0.04021879603301959,0.03953464504534431,0.037843432417465,0.041701707927889395,1.6563438052601938,1.6281681918139754,1.5585184301138526,1.7174150498791951,1.019691428341991,0.9817171911175842,1.063485356698765,0.04303038578929874,0.9346603637242228,0.334690775536845,0.03071049828163756,0.0283488050324148,0.023211651907584976,0.03847158872068242,1.1483159069286937,1.0600083223203987,0.8679217402183522,1.4385158094029622,0.9761641259291747,0.8087849973058671,1.165556563408341,0.03310813069036683,0.9275817643964148,0.3346907755368449,0.04075553904666555,0.040915418965746526,0.03884391733746657,0.04308498767781117,1.5239164585851854,1.5298946310197543,1.4524377871363432,1.6110183640308944,1.0250690509796239,0.9659536984815111,1.0953633039619433,0.043937408658724024,0.9275817643964148,0.3346907755368449,0.027967737001082345,0.028630585428121757,0.02477231094510275,0.033333788218846534,1.1226245671863118,1.1492788858440135,0.9942693423628638,1.3383719122233948,1.055898779214366,0.9157907289992196,1.2159695453379677,0.03126846695441385,0.8944390219660074,0.4887708002765862
2026-02-14,0.026768206710960585,0.02904416899257099,0.024917285572396863,0.0336590639646545,0.5134270238586844,0.5570810703654071,0.4779254700253905,0.6455969659770113,0.5177972545718125,0.4431217374981335,0.6028875870179295,0.02864601893940352,0.9344477069426236,0.33581402510502745,0.0396943684811016,0.03909053646485855,0.037708301459699785,0.040587081318694006,0.761356996875589,0.7497752096323184,0.7232632802888644,0.7784796566157298,0.491337132804075,0.47459762284973606,0.5077815586897088,0.042478961836158576,0.9344477069426236,0.33581402510502745,0.030719003778101772,0.02817505277308041,0.0224424670561234,0.03849051216107724,0.588285591458398,0.5395675492835726,0.4297854221206452,0.7371141940598178,0.4964553412314744,0.4083586406809435,0.5996909116579777,0.033125979774171525,0.9273387228852177,0.33581402510502734,0.04070569096961956,0.04054515924761219,0.038605223362140645,0.04245203505092,0.7795360702698265,0.7764618006837712,0.7393109758061254,0.8129795070485302,0.5178724728920869,0.48972437991487655,0.5533866791312111,0.04389517008733598,0.9273387228852177,0.33581402510502734,0.027520289690124024,0.028251233854759784,0.024044393957930434,0.03345709860209595,0.5231528826819618,0.5370623466289137,0.45706898334837026,0.635960386980509,0.4960282013104934,0.4240128644319301,0.5829110999588106,0.030773043807107783,0.8942985901111136,0.4894650545342476
2026-02-15,0.02746688195545691,0.02992821929995487,0.025374055696558553,0.035358523840901324,0.5268114707936646,0.5740196230942104,0.4866713165033512,0.6781722068025757,0.5329649088876014,0.4506628748176948,0.631564611280772,0.029400397630898915,0.9342350501610244,0.33693727467320994,0.0398378989430132,0.03921410371189744,0.03777842099394009,0.04092029243072887,0.7640860789926159,0.7521217619758149,0.724585541247641,0.7848462550535794,0.49165737686332917,0.47630741100044777,0.5088053531847767,0.04264226538722429,0.9342350501610244,0.33693727467320994,0.03166630511790515,0.028728106815693294,0.022476579198342582,0.03875778360884206,0.6064269261514463,0.5501588343043099,0.43043868815447506,0.7422325873144959,0.5050822908192805,0.4053327384619313,0.6189717543651176,0.034156458447712194,0.9270956813740203,0.3369372746732098,0.040706619571026524,0.040646120606769365,0.03862454946844025,0.04263637214671442,0.7795538534906585,0.7783952654964732,0.7396810812287223,0.81650966246016,0.5176118984494745,0.48945858045347934,0.5535778539739605,0.043907678990259644,0.9270956813740203,0.3369372746732098,0.028422396449965956,0.028897484858494527,0.024231146971942095,0.03477195672734273,0.5402726808964103,0.5492949611296517,0.4606176492040624,0.6609175336851146,0.5080462988210126,0.4263066772444915,0.6046131280691761,0.031793041117449315,0.8939816843871091,0.49100236757219806
2026-02-16,0.02752423961960123,0.03040303984222416,0.0251935526953658,0.03642275049721174,0.8500879953503999,0.9389999342117742,0.778104572643902,1.1249191034244852,0.8689062988096379,0.7229806154343276,1.0512607432217818,0.029468500771180267,0.9340223933794252,0.33806052424139243,0.039660562488235684,0.039064035035427484,0.03768764618938124,0.040533496199618865,1.2249191449446475,1.2064953543681378,1.1639854921111314,1.2518797614426616,0.7810642599687293,0.7518499898834013,0.8090205179114461,0.042462110940122276,0.9340223933794252,0.33806052424139243,0.03217111731416923,0.02889931752352557,0.022293803848176773,0.03933168487373129,0.9265184489004528,0.8322916044443895,0.6420548083484271,1.1327406289927286,0.7614317864097332,0.5992284673368803,0.9576145753293569,0.03471006709214385,0.9268526398628231,0.3380605242413922,0.0406831579253471,0.04051166465861013,0.03858375816980163,0.04241955004164891,1.1716626441433293,1.1667236899272746,1.1112005661205286,1.2216702119429828,0.7741841317289033,0.7321982891939314,0.827118733404077,0.04389387932408363,0.9268526398628231,0.3380605242413922,0.028669751331273582,0.029207497450250686,0.02393951135796407,0.03552054893128276,0.8912896074947504,0.9080080814422651,0.7442469428427358,1.1042342787397297,0.8343588686577971,0.6875455157260056,1.0097883292740204,0.03208108885746845,0.8936651576462713,0.4925382504849912
2026-02-17,0.027013345775484674,0.02940533528338505,0.0246687291071097,0.03485621670702088,0.8342967056087623,0.9081723736906878,0.7618841292993197,1.0765207320243846,0.8428758942487624,0.7094459361749017,1.001425651085344,0.028928104641426335,0.933809736597826,0.3391837738095749,0.03922623551203756,0.03862406859346363,0.03735437868423402,0.03992402139884667,1.2114870676562524,1.1928893759608847,1.1536754956359876,1.2330379140942915,0.7710048904116402,0.7363122823296339,0.8018393041431864,0.042006667926757287,0.933809736597826,0.3391837738095749,0.031498917580234626,0.02849168042848197,0.02232063456107841,0.03940513331480334,0.9071592998614453,0.8205517793918184,0.6428275247653843,1.1348559218820513,0.7522015938058212,0.5990041165211538,0.9298986314791776,0.03399373116387852,0.9266095983516258,0.33918377380957465,0.040640163707200305,0.040252100824608936,0.03845797891338739,0.042036538388568356,1.1704244236637593,1.1592483300098393,1.107578161576144,1.2106395921712938,0.7662241254875872,0.7225794986296963,0.8178888796969663,0.04385899280505656,0.9266095983516258,0.33918377380957465,0.028008719893865334,0.028622103842963386,0.023967782532004853,0.0341860976733916,0.8707368554145252,0.889818119989207,0.7451154657501768,1.062742278795343,0.8164110219328576,0.6868936666008464,0.9747915748773498,0.03135250147337058,0.8933488103861409,0.494073203816432
2026-02-18,0.026872169664799626,0.028732984678523255,0.024423298860445364,0.03366478150441807,0.8299242976730066,0.88739400006875,0.7542929881156724,1.0397083858460254,0.824282138269313,0.7015312333270838,0.9697709451663699,0.02878347656152615,0.933597079816227,0.3403070233777573,0.03897696854108352,0.03843579195133133,0.037133345188459684,0.039633085259583915,1.2037708024839842,1.187057019906333,1.1468320500428584,1.224034414004203,0.7646694985249656,0.7247045213031401,0.798450574574957,0.04174923999200587,0.933597079816227,0.3403070233777573,0.031098935226370576,0.028243066784318666,0.022344692470124,0.039470409786046476,0.895639929039766,0.8133917816299682,0.643520385269887,1.1367358645118106,0.7452949042750158,0.6041316874711579,0.9186174851357741,0.03357087429023793,0.9263665568404285,0.3403070233777571,0.04061123736559941,0.040074320538958874,0.03833258274897934,0.04190638598330558,1.1695913537740596,1.154128311550517,1.1039667899656764,1.2068912422626752,0.7614766462716871,0.7173434709117212,0.8116336565542471,0.04383927406027344,0.9263665568404285,0.3403070233777571,0.02773329880893501,0.028324200209307343,0.024048271123225648,0.033307840509017944,0.862171974571264,0.880554517116811,0.7476068296299416,1.0354529019899843,0.8089743918204291,0.6870587175892809,0.9508660155457708,0.031055205585188254,0.8930322078486699,0.4956090867292251
2026-02-19,0.02846879329691972,0.029411968362019772,0.025470990187261535,0.03417089046683487,0.8792217022859146,0.908350439062426,0.786638447151006,1.0553235668097947,0.8433642394931617,0.7316870519429334,0.9742352626760131,0.030500608960627097,0.9333844230346278,0.3414302729459398,0.03954769773246886,0.03895443078616978,0.03761667361890305,0.04033925083431771,1.2213792751655643,1.2030569961355109,1.1617421036642281,1.245825364551886,0.7731361768950057,0.7432476515340318,0.8010755676230462,0.04237021398309931,0.9333844230346278,0.3414302729459398,0.031896957738695594,0.028956004637088514,0.023639024069997443,0.040549527120005334,0.918622736042909,0.8339241761707015,0.6807967438920169,1.1678141173644339,0.7665450106142652,0.6322875222098828,0.9339087472255657,0.034441364689197444,0.9261235153292313,0.34143027294593953,0.0406446346310976,0.0404295867581415,0.0385259503259599,0.04232498610587426,1.1705531849198265,1.1643598712172007,1.109535717701138,1.2189467991923397,0.7651464458223698,0.7224171087731809,0.8174059477685934,0.043886840101072994,0.9261235153292313,0.34143027294593953,0.029237659506600937,0.029444790874577846,0.025428054473124597,0.03392477398527249,0.9089367620014346,0.9153677977637762,0.7905040831210071,1.0546216311290917,0.8412805327999624,0.7270764001503606,0.963936664118257,0.03275136710390684,0.8927156968392089,0.4971449696420182
2026-02-20,0.02770756166940983,0.028387167897102984,0.024780714386251283,0.032650417422148414,0.8556994253050805,0.876687871181674,0.7653088825342391,1.008350852285533,0.8129110029395876,0.7086188337471676,0.9367070366307301,0.029691813095314924,0.9331717662530286,0.3425535225141223,0.03900858119041851,0.03846350773222852,0.03715299410031783,0.03968557420954119,1.2047115839666247,1.1878779466192737,1.147405032580125,1.2256193254817669,0.7613395383081925,0.722055987688501,0.7943464916420776,0.04180214468666358,0.9331717662530286,0.3425535225141223,0.031074838208833257,0.02835865817708841,0.023152642443158497,0.039671734217988426,0.8949459422225295,0.816720778782582,0.6667891001390279,1.14253394726371,0.7501885222991092,0.6230758861712038,0.9070892394332766,0.033562472789485015,0.925880473818034,0.34255352251412197,0.04059367992430498,0.04008266757249452,0.038326570170599664,0.04189949589637447,1.1690857047748062,1.1543687035918888,1.1037936295267698,1.206692809842879,0.7571677774300983,0.7143654455780274,0.8076183701280865,0.04384332651158488,0.925880473818034,0.34255352251412197,0.028326503674134428,0.028615441344350373,0.025140527406303872,0.032395693911209,0.8806082857819693,0.8895722877996017,0.7815608100125654,1.0070919467067792,0.8182276232356116,0.71720305653473,0.9257226882207142,0.031741964996518435,0.8923991843996228,0.4986805665297799
2026-02-21,0.02811063856608082,0.028207410509211623,0.024740810302202338,0.03236804782932408,0.5390657511548447,0.5409215055195795,0.47444398882595823,0.620708276530737,0.5026108887143266,0.4391967644208956,0.5763003027971716,0.03012718551295067,0.933065538232803,0.3430792730020214,0.03901632368230142,0.03846816471336663,0.03715514004546593,0.03969607258868959,0.7481994328822772,0.7376876216458841,0.712508306447375,0.7612346883410755,0.4765477682716692,0.45330688601168145,0.49569688598113665,0.041815201701905225,0.933065538232803,0.3430792730020214,0.0310488718136515,0.028467490698705515,0.023528030095077385,0.03991260403221642,0.594602743336055,0.545167894245406,0.45057454337761993,0.7643480250643788,0.5023322523149408,0.4165842346326639,0.6040727405300279,0.033538548427069756,0.9257667153117223,0.3430792730020211,0.04058961828359235,0.04008878461892883,0.038325340976094774,0.041898073927467444,0.7773132153476772,0.7677219789011068,0.7339510762402691,0.8023708509375024,0.5020053482852649,0.4737829852312237,0.5356248590683723,0.04384432666703198,0.9257667153117223,0.3430792730020211,0.028599957758129513,0.028789745154075206,0.02545995016241029,0.032126253243434634,0.5434729606976715,0.5470756304458911,0.4838006239222845,0.6105280549865479,0.5036725290008108,0.4485361173784765,0.5594291366529254,0.03205976580384988,0.8920825539747113,0.5002169499863781
2026-02-22,0.029125464691792335,0.02837157759570933,0.025105393906190616,0.03224102452352283,0.5585178058075193,0.5440610625010487,0.4814278387245934,0.618262625658257,0.5068821209736692,0.44562000041641875,0.5737249139481063,0.031218365445279724,0.9329593102125775,0.3436050234899206,0.03929712722914739,0.038690299840891,0.03742309781704754,0.040005849267534165,0.753572363799825,0.7419356773132952,0.7176354678106696,0.7671630097172707,0.47900355134187056,0.4595339131300501,0.49647366151791217,0.04212094439594951,0.9329593102125775,0.3436050234899206,0.031419972782661426,0.028859315888927088,0.023985737656228846,0.04052766668101846,0.6017095282637751,0.5526715592549502,0.4593398915403397,0.7761268085414785,0.5102138300311139,0.42577134004545836,0.6094629996821804,0.033943577397621265,0.9256529568054106,0.3436050234899203,0.04060630905086831,0.04029063644677161,0.03843405504320354,0.04206075199215738,0.7776328525979526,0.7715875509355131,0.7360330096171098,0.8054862241506027,0.5028925749267218,0.475180041885056,0.5364674758361461,0.04386774627826799,0.9256529568054106,0.3436050234899203,0.02949223203436309,0.029392775259007888,0.026235852251870157,0.032607988100515316,0.5604130507271541,0.558524676365215,0.49851358569827203,0.6196333436610546,0.5149037367314901,0.46050355836031437,0.5671663298690178,0.033065881753788016,0.8919233502970012,0.5009461708041378
2026-02-23,0.029827746706235767,0.028375594677472013,0.02521095556163968,0.03215858911984757,1.2275323276454873,1.167770402699583,1.037532712998286,1.3234559132094479,1.0790681898443446,0.9518106468561525,1.2267294515719105,0.03197475280473518,0.932853082192352,0.3441307739778197,0.03942896477587491,0.03883797477847394,0.03751659107514623,0.04013640226751744,1.6226612551280342,1.5983396282123445,1.543959348366411,1.6517751670615204,0.9792204961088756,0.9365261908744519,1.021587707171449,0.042267068125251425,0.932853082192352,0.3441307739778197,0.03157373407315588,0.02908139380928173,0.024259607771643148,0.0412721883474416,1.180593709188365,1.0874010183945202,0.907106528997137,1.543234823430456,1.0059435710773024,0.8376569107565698,1.1916758649570163,0.03411388100166932,0.9255391982990988,0.34413077397781944,0.04061167823023425,0.04034994606088055,0.03844750796139508,0.042158445675273395,1.5185372666757337,1.508750671529425,1.4376153903121685,1.5763734386964243,0.9822404544821055,0.9293714839711595,1.0487139218722774,0.04387893922252886,0.9255391982990988,0.34413077397781944,0.03006186174845983,0.029745055111417125,0.02635951444762527,0.03292658882012917,1.2053421495368228,1.1925689169766454,1.0568215086818562,1.32030108349067,1.0899746351228656,0.971919870065981,1.1979743539145402,0.033710549314512735,0.8917642209857997,0.5016749625843505
2026-02-24,0.03219758943576668,0.029478230425078286,0.025978220259711124,0.03338900695924077,1.3250083202521274,1.2131001501668202,1.0690663056664322,1.3740380196539004,1.1205843301631715,0.9846645618762635,1.2770276081568406,0.03451910804281848,0.9327468541721262,0.3446565244657189,0.040286097211674095,0.03960257413315556,0.037807756821686356,0.04190783713418173,1.6578698881307488,1.6297412678833147,1.555880214534162,1.7246083902442204,0.99526606870607,0.9591850074259706,1.0380067030281044,0.04319081541950698,0.9327468541721262,0.3446565244657189,0.03277895600803073,0.030106919114713856,0.025107161476406435,0.04265526419800187,1.2256589343274722,1.1257470917921553,0.9387979523088179,1.594950298220942,1.0447409166916883,0.8635222251263655,1.2443289744449102,0.03542041811101529,0.9254254397927871,0.3446565244657186,0.040672168065452964,0.040931240318750166,0.03879142896540966,0.043231982340978255,1.520799080839481,1.5304862173612261,1.450475160805471,1.6165147356104237,0.9937538838035429,0.9382602773781052,1.0575526287238657,0.04394969742193375,0.9254254397927871,0.3446565244657186,0.032291877449760066,0.03126712714313111,0.02758832876993988,0.03483974997521237,1.2946758033557701,1.2534422302165067,1.1059671227348857,1.397199890335411,1.147150962005235,1.0141233715063107,1.2787224737613514,0.036217685776631224,0.8916052132352363,0.5024033253270159
2026-02-25,0.03064149178932389,0.027824595736592978,0.024463270776406303,0.03184731354150424,1.2609210820017585,1.1450036311440495,1.0066825097411114,1.3105415795582869,1.0595340619765825,0.9342331736357494,1.215878657786239,0.032854553973004026,0.9326406261519007,0.34518227495361803,0.03941904159552572,0.03882771501312357,0.037507291621658084,0.040126433777966874,1.6221240441505103,1.597790498015569,1.5434540543817366,1.651233779479848,0.9746850680890052,0.9310124947300001,1.016697509907196,0.04226605671057855,0.9326406261519007,0.34518227495361803,0.031483614700416704,0.029182579176953834,0.02429492974651321,0.04267509850609433,1.1772239980137105,1.0911845052718976,0.9084272755781744,1.5956919355358632,1.0143995546636917,0.8358047148064597,1.213569762749355,0.03402487544158584,0.9253116812864755,0.34518227495361775,0.0406016233379857,0.04033987880253484,0.038437839291553935,0.04214634905946792,1.5181612977609484,1.5083742402259819,1.4372538628867386,1.57592112638869,0.9769897066368809,0.9242236905037348,1.0420297795702675,0.04387886174908828,0.9253116812864755,0.34518227495361775,0.03059582749667309,0.029936255434767654,0.026255312817235383,0.033518791062995164,1.2266007066698021,1.2003988752853627,1.0527854171054323,1.343477613781484,1.0945845831357703,0.9660036953984883,1.2274111322720467,0.03432156286385782,0.8914462205009872,0.5031316165634236
2026-02-26,0.030975142139230204,0.027600536504102234,0.024110892321772374,0.032132345078538835,1.2746004297589244,1.1357383133732344,0.9921424598171653,1.3222183343719571,1.0464938336768759,0.9197734332847983,1.2237281757285576,0.03321608532756394,0.9325343981316752,0.34570802544151724,0.03937929271325992,0.038779951999080055,0.03747826096843516,0.04008444346339697,1.6204239899953172,1.5957616356328468,1.5421981704640422,1.6494403362361048,0.9715161891081782,0.926786763104683,1.0135620836323338,0.04222824679942745,0.9325343981316752,0.34570802544151724,0.03138832815417036,0.02923735631249755,0.024257951649953112,0.04336614004540151,1.1736610777456145,1.0932327122239307,0.9070446038905159,1.6215311122453278,1.0181315412851546,0.8320441619854884,1.232404326696656,0.03392606855390502,0.9251979227801637,0.3457080254415169,0.04059395218166464,0.04031562031051038,0.03842740917536262,0.042076383618014426,1.51787446064267,1.5074671754166022,1.436863863733232,1.5733050037644483,0.9737925369513906,0.921017202368156,1.038315395087751,0.04387596554441267,0.9251979227801637,0.3457080254415169,0.03078566206428557,0.029950043232978524,0.0260309064909209,0.033918711055259676,1.2341352444419642,1.2007121528099116,1.0436745392101014,1.3598622596116603,1.0959238893649572,0.9561156036483504,1.2432487976143338,0.034540675740939275,0.8912871970190472,0.503859979306089
2026-02-27,0.032381896161924315,0.02796081919403202,0.02430251717184252,0.03313757492828134,1.3324342221932304,1.1505179371951788,0.9999879378057179,1.363528517729351,1.0622085752238073,0.9208832680777321,1.2629854910141565,0.0347285691272646,0.9324281701114496,0.3462337759294164,0.03978991853669223,0.03916345800332429,0.03771128085170822,0.040907258776294364,1.6372558571449312,1.6114785694487792,1.5517251033816646,1.683231619825253,0.9785367484488396,0.9400673080704754,1.0181174199653171,0.04267344103507329,0.9324281701114496,0.3462337759294164,0.031943893456065936,0.02971525552087913,0.024379952270414697,0.04444561507478081,1.194434575708876,1.11110214755059,0.9116064072141362,1.66189445431815,1.0372424880278557,0.8470761953609381,1.2645979937702214,0.034530796969311876,0.925084164273852,0.34623377592941607,0.04062050764909657,0.04057953261500501,0.03855902805493971,0.04256771516850258,1.5188674131303945,1.5173352893920302,1.4417853095425592,1.5916766963963074,0.9778275332958399,0.9244573401729854,1.041814569544508,0.04391006701642307,0.925084164273852,0.34623377592941607,0.03203050216120441,0.030708652650862873,0.026445981653451158,0.03544598360229574,1.2839593072504725,1.2309397464419363,1.059974020511612,1.420973690367915,1.126417565753358,0.9631662905866843,1.3000263597200208,0.03594377344251877,0.8911279783250232,0.5045892716301068
2026-02-28,0.03115609243342875,0.026697372511172934,0.02289780357726922,0.0321471398452609,0.5974006255752542,0.5119071678667211,0.4390525612474734,0.6164034047289068,0.4765944949997728,0.40619354764424365,0.5709051374160768,0.03341778080240897,0.9323208090222084,0.34673194662644635,0.03909352789429784,0.03850905907541363,0.037223811141710084,0.03980255073288608,0.7495965057203096,0.7383896434099367,0.7137457339962525,0.7631916216105578,0.47157323793538697,0.4494704949813915,0.4890762744964256,0.04193141193029685,0.9323208090222084,0.34673194662644635,0.03090099405440678,0.02915985309798056,0.02354112445924455,0.04460789925464912,0.5917708040033467,0.5584270098893653,0.45082530755683925,0.8542654763903764,0.5199594972306664,0.41821719348270375,0.6420972101211052,0.03340733336138121,0.9249763733051573,0.346731946626446,0.040563200037758144,0.04012091346240053,0.038336442125810326,0.041897772223261256,0.7768072916045721,0.7683372636877215,0.7341636692811585,0.8023650731382395,0.4942451434356008,0.46626405279754235,0.5276047765812982,0.043853228264432664,0.9249763733051573,0.346731946626446,0.03068115377757772,0.02967688088641638,0.025060907780973217,0.03481045901357929,0.582908727355546,0.5638315536000764,0.47616930166394894,0.6613978895355053,0.5176620985683114,0.4406106157634966,0.6069098790332972,0.034435723414460155,0.8909687596309992,0.5053185639541244
2026-03-01,0.03277903732415211,0.02723680013044542,0.023109646013887878,0.03342341639901761,0.6285093898446936,0.5222418359033036,0.4431072630987106,0.6408647953792543,0.4859446558922133,0.40928484955450073,0.5985737356406282,0.035162587921075725,0.9322134479329673,0.3472301173234763,0.039580579536709994,0.03898533877817239,0.03761406604217133,0.04044791914426668,0.7589230168143879,0.7475097955455773,0.7212168394074279,0.7755534956824163,0.4764927532949934,0.4605370675196096,0.492674826794392,0.0424587090268581,0.9322134479329673,0.3472301173234763,0.031566054724414996,0.029780964554858746,0.02383168854335702,0.04578684582312825,0.6045070767170603,0.5703216313233991,0.45638976743689963,0.8768429429106287,0.5321966061847452,0.42350510899350097,0.6686274192034999,0.0341303135680864,0.9248685823364624,0.347230117323476,0.04059582893826676,0.04042397126688309,0.038500916563030244,0.042326683635226146,0.7774321527547907,0.774140985092359,0.7373134440029768,0.8105789594183309,0.4971985817134925,0.47021254528397577,0.5296335496826794,0.04389361874063337,0.9248685823364624,0.347230117323476,0.03212464907886603,0.03063051930297561,0.025392358868390988,0.03667131216011719,0.6103159358768996,0.5819288581248977,0.4824086523155453,0.6967123945405405,0.5351780422899453,0.44406768486702,0.6412011567505098,0.036062430984214806,0.890806531953644,0.5060206123938936
2026-03-02,0.03595308217574646,0.028648072406725372,0.023562018448535983,0.03605992432513592,1.4792086480792896,1.1786604622013899,0.96940621905261,1.4836044278509293,1.0912778273706625,0.8985545913066039,1.3715928140365286,0.03857187790446673,0.9321060868437261,0.34772828802050626,0.04067894877083412,0.03994042926130023,0.03791103918845712,0.04275163685869993,1.6736437928313128,1.6432590697653522,1.5597643826783898,1.7589198792974228,0.9952044953658267,0.9574765488965432,1.0363686267128982,0.0436419731026327,0.9321060868437261,0.34772828802050626,0.03310912751767716,0.03131512431820583,0.02474780654255295,0.047529429815400454,1.238004588672272,1.1709238662384824,0.9253610818616848,1.7772033460267576,1.088570571734613,0.8491754945851089,1.3826587389557126,0.035802910143613566,0.9247607913677678,0.3477282880205059,0.04067491509829051,0.04114254538045853,0.038931396227663555,0.04384377046355272,1.5209017969033913,1.5383872602342215,1.4557087663374113,1.6393904970643614,0.9878741337779923,0.9289373762469523,1.0449334037830114,0.04398425568857678,0.9247607913677678,0.3477282880205059,0.03506130869778772,0.03244192450420077,0.026610172329645777,0.04013389247959897,1.4051987461692663,1.3001877419394448,1.0665894576022534,1.6087111737002204,1.1907807177366148,0.9766939246657027,1.4635147008863743,0.039366230219623786,0.8906443035612261,0.506722589327405
2026-03-03,0.03224766892818964,0.026932338814664298,0.022846376602372945,0.033042249266645764,1.3267066408245944,1.1080277721134175,0.9399265300274661,1.359396600959258,1.0247418632365513,0.8618799200030107,1.2528336242522948,0.0346005504482681,0.9319987257544851,0.34822645871753627,0.03938823484536534,0.03879547897104713,0.03747853404976661,0.04009559148402782,1.6204778353459275,1.596091168619814,1.5419105214371054,1.6495793109296246,0.9636390143309641,0.9199874451991992,1.004525920487247,0.04226211233655841,0.9319987257544851,0.34822645871753627,0.031782202566223175,0.02982351613835983,0.02419706817380504,0.04661144811272158,1.1883886881068855,1.1151501896242457,0.9047680708467083,1.7428785043459594,1.0431646238651953,0.8379535608933076,1.2907852752374842,0.03437203205148983,0.9246530003990729,0.3482264587175359,0.04057244179994122,0.040310584659556364,0.03840962993615451,0.042109592927165665,1.5170701521853276,1.507278884167167,1.436199068814943,1.5745467543087328,0.9639904173318508,0.9136993962135408,1.0272546571684904,0.04387855961363936,0.9246530003990729,0.3482264587175359,0.031698655499242966,0.030410943996044472,0.02528150120894672,0.03667069746728001,1.270354502114937,1.218844527539291,1.0132492439952048,1.4694947476844253,1.1126827905229757,0.9247957907991355,1.3391732649269517,0.03559718048290154,0.8904821974445094,0.507424208729627
2026-03-04,0.030625015775178396,0.026406647405173872,0.02272234683329946,0.03171053149365292,1.259900253015389,1.0863583545981992,0.9347877805039483,1.3045579125705133,1.0038146581211236,0.8612623519617346,1.1975493568173268,0.03286328958116226,0.931891364665244,0.3487246294145662,0.038921418908892995,0.03838189645245712,0.037078539101938465,0.03958738051344386,1.6012107843802936,1.5790150577115738,1.5253954851457097,1.6286081643598405,0.9517318590612526,0.8953904138679779,0.9936879410038483,0.041766047400680045,0.931891364665244,0.3487246294145662,0.031627115857677524,0.029555687147813453,0.02394931344675969,0.04641379064030528,1.1825897416768083,1.1051356243325796,0.8955041151963025,1.7354877672235118,1.0315955065137832,0.846281418830478,1.266631609210612,0.034208295641013936,0.9245452094303782,0.34872462941456583,0.04053258110656735,0.03999966960646813,0.03826168971817661,0.04182878294429064,1.5155796954743148,1.4956532603205395,1.4306673413899897,1.564046808420438,0.9558305173163508,0.9002075235532058,1.0203364309730558,0.04384056149243355,0.9245452094303782,0.34872462941456583,0.030337531953274658,0.02958147678646035,0.025087487712130235,0.03500890793240708,1.2157348458254835,1.185473219579145,1.0052565989364157,1.4030008917015844,1.0841356526708643,0.9202210173211672,1.2765764861024294,0.034074856467115784,0.890320168554551,0.5081256851193332
2026-03-05,0.0298638238722108,0.02646326872315147,0.023070472441895383,0.031082762174639962,1.2285377957853916,1.0886457797746911,0.9490729480181439,1.2786824718882464,1.004443137089036,0.875218733427942,1.1718092421044755,0.032050157287095885,0.9317840035760028,0.34922280011159623,0.03880151061231718,0.03823899091077083,0.036972063101539,0.0394349550099965,1.5962162958360173,1.573075363945287,1.5209564958179798,1.62227492742344,0.9471670481831596,0.8884738796857341,0.990371443043148,0.04164217293214378,0.9317840035760028,0.34922280011159623,0.031982698350122706,0.029741149285400465,0.024402503792644116,0.04652244840731858,1.1958855543515348,1.112070357881058,0.9124496456228396,1.739550659369659,1.032148352207205,0.8551922942214664,1.2505231190572514,0.03459693183270722,0.9244374184616835,0.3492228001115958,0.04051908380726842,0.03992104030723438,0.038187651784862234,0.041786188544828955,1.5150750093131398,1.492713181842075,1.4278989416147287,1.5624541339545481,0.9523493398337328,0.8926680830647028,1.0160426995251333,0.04383107282123487,0.9244374184616835,0.3492228001115958,0.029810225524239075,0.02932623994835249,0.025011725159857372,0.034058256533543815,1.194533806488801,1.175390486255509,1.0023735218295275,1.3650621819386473,1.0710963054515115,0.9274281187601764,1.2476020564101173,0.03348868326126316,0.8901581854285978,0.5088269469902659
2026-03-06,0.029123670439502168,0.026433965709199626,0.023415369941079855,0.03077702734902429,1.1980431976544974,1.0873984057306263,0.963224217797248,1.266056362508244,1.0049209932266001,0.8849699838012103,1.160583643232809,0.03125941889212489,0.9316766424867617,0.3497209708086262,0.038683584482099374,0.03813386085146546,0.036850909096187656,0.03933323877565216,1.5913037247809374,1.568690069072979,1.515914041871246,1.6180281690378746,0.9426851526647826,0.8815640346861834,0.9880372594983245,0.041520397440519746,0.9316766424867617,0.3497209708086262,0.03234432282202669,0.02979111728189985,0.024812842929930114,0.04663294337281581,1.2094072865492282,1.1139387432355186,0.9277928990686051,1.743682247380781,1.0320432235916632,0.8700151643937746,1.2291743730191975,0.03499219527318682,0.9243296274929886,0.34972097080862574,0.04050573716700988,0.039794740495928384,0.03810946283224243,0.04172435486261793,1.514575956540619,1.487990624720575,1.424975328418485,1.560142071147369,0.9488370122838379,0.8850577685454011,1.010621790433999,0.043821744929751404,0.9243296274929886,0.34972097080862574,0.0292942156074157,0.029057535594133946,0.025414928550475814,0.03333343074695568,1.1737879027134381,1.1643695452145273,1.0183791007731124,1.3357186344097334,1.0602692681864994,0.9318352390347306,1.2181968388205486,0.03291499000320002,0.8899961872863305,0.5095284233799721
2026-03-07,0.02786031756994907,0.026185572068285062,0.023071326648727332,0.0301162258506077,0.5341448508703848,0.5020362187994758,0.44232914076538693,0.5773956784721994,0.46633878152493347,0.41249783618528996,0.5333836821019737,0.029906736611631603,0.9315733084402589,0.35017994489329596,0.03832972453325835,0.037757073413396056,0.0364757093434845,0.03908344446681672,0.7348668924292392,0.7238878845176593,0.6993212578697331,0.7493173961070155,0.4591869444100897,0.4275755294291401,0.4816730735394065,0.041145151096518784,0.9315733084402589,0.35017994489329596,0.032339890623092026,0.02957098042576533,0.024840976873695537,0.04653103621038268,0.6193264540846777,0.5663003213071981,0.475718186634807,0.8910945926479068,0.5229623085428987,0.4437629307366561,0.6196782911455158,0.03499115967743544,0.9242303176349674,0.35017994489329557,0.04047481959631216,0.03956130176586778,0.037918111672484045,0.04156903806745745,0.7751147581928451,0.7576203960360273,0.7261524141005611,0.796069635672996,0.4818311081911686,0.4473192203384951,0.5141476152022262,0.04379300140238208,0.9242303176349674,0.35017994489329557,0.02824042460603015,0.028466216003558358,0.024728821747475274,0.03217942880271738,0.5364290502135504,0.5407286750127207,0.46971000028985155,0.6113110954268959,0.4963892215178095,0.4350559436300558,0.5611326848610227,0.03173672795043523,0.889834158396372,0.5102298997696784
2026-03-08,0.026515795633242877,0.025769395426034875,0.022767405902086018,0.029388044081400194,0.5083591409203223,0.494049203803319,0.436495252318899,0.5634257047832755,0.45934095618641113,0.404114095676985,0.5224318725207464,0.028466613376883776,0.9314699743937558,0.3506389189779658,0.03792519265075477,0.03735172777308173,0.03598193207580991,0.03888130378615957,0.7270993720816179,0.7161049400610165,0.689843304410588,0.7454298737245469,0.4541008445994917,0.41848704674732085,0.48015934101797436,0.0407154215308317,0.9314699743937558,0.3506389189779658,0.03224545349080548,0.02924091707767563,0.024547468877767396,0.046380995047397774,0.6175179317568011,0.5599794290884177,0.47009734924601654,0.8882212229596422,0.5159862485064551,0.4367975304312698,0.6122985097193732,0.034892729731441315,0.9241310077769463,0.3506389189779654,0.040440050998604815,0.0392644055141078,0.037447218239314795,0.04146705969482072,0.7744489206802033,0.7519346717094817,0.7171345493336272,0.7941166945002966,0.4784864400515063,0.4411590032449092,0.5113386098588332,0.043760084509972055,0.9241310077769463,0.3506389189779654,0.027086502120183927,0.027763480523843375,0.024021317882307835,0.03144257789585131,0.5144954383448412,0.5273624583049217,0.4562561381462405,0.597376997284198,0.48458053843793725,0.4243599953519388,0.5482362758868422,0.03044531230421066,0.8896772629406662,0.5108835384728695
2026-03-09,0.027075414703610995,0.02660646537485253,0.023612616408173557,0.030409510535847485,1.1136649994794587,1.0943761922835322,0.9712333025285169,1.250802911268375,1.0109995205599718,0.890957827550983,1.146944125976799,0.029070629686195476,0.9313666403472529,0.3510978930626356,0.038365269467200286,0.037795528157333745,0.03651034026399361,0.039094641878268756,1.5780389061047557,1.5546043267085892,1.5017420237582726,1.6080394263067448,0.934221515260556,0.863551829923093,0.9837851185459119,0.04119244538637983,0.9313666403472529,0.3510978930626356,0.03350526763510083,0.030141504526431016,0.025077039464471096,0.04705478277993614,1.252816917473924,1.1270402970686793,0.9376716408717052,1.7594555147801996,1.0378808894882723,0.8807750077453249,1.214840267236386,0.03625986826053731,0.9240316979189251,0.3510978930626352,0.040469468931910675,0.03958096547468168,0.03793051178754053,0.04157469194920344,1.5132198277374094,1.4799972260088259,1.4182840553134974,1.5545459293142068,0.9391974535536166,0.8727154438168359,1.0014090792392136,0.04379662410180812,0.9240316979189251,0.3510978930626352,0.027864705048948387,0.028515877810762,0.02468049696533761,0.03226126769230156,1.1163225957823182,1.1427046644537575,0.988543131927316,1.2923751739772724,1.0423627649728369,0.9152483171974195,1.1703501892177928,0.031325540179503016,0.8895203367372695,0.5115372486823184
2026-03-10,0.02574041227442778,0.026186390880475773,0.022914874457776617,0.030056414687612623,1.058715598922788,1.07705891456105,0.9424998627511212,1.2362348643918466,0.9918505545243037,0.8670267400439405,1.137941059537698,0.027640316224501766,0.93126330630075,0.3515568671473054,0.03794635068179424,0.03737718881373931,0.03602420467595662,0.03888921304823552,1.560751745570205,1.5373418428228252,1.4816929512474313,1.599532130450846,0.9227939296098631,0.8441386116680697,0.9818268224198341,0.04074717689944022,0.93126330630075,0.3515568671473054,0.03338501970135715,0.02978785565751675,0.024379161311976857,0.04699092436420656,1.2483206499817183,1.1138167857496066,0.9115768319806912,1.7570677438654763,1.0295051572614333,0.8640302836966148,1.214840012178967,0.03613361771138222,0.923932388060904,0.35155686714730505,0.04043360678597777,0.03928820673436534,0.0374779665064135,0.04146159132147756,1.511878883274259,1.4690504964795734,1.4013626449163756,1.550316911318139,0.9318220005087903,0.8588885912006866,0.9953718977152807,0.0437625169422164,0.923932388060904,0.35155686714730505,0.026696835729746637,0.027788554236535756,0.02399798314361048,0.03151727254903396,1.0694772352931343,1.1133513522530276,0.961130781957742,1.2630642728079686,1.0168728999187353,0.8831835609853177,1.1444336485890727,0.030017914488678295,0.8893634412815636,0.5121908873855096
2026-03-11,0.024138508219336777,0.025476822208187016,0.02196080123640151,0.029658277966200415,0.9927927554579594,1.0478362743277039,0.9032258403643247,1.2198153770171634,0.9676406654744111,0.8319104391558583,1.1204215895540723,0.025923051826314887,0.931159972254247,0.3520158412319752,0.03738628916880067,0.03680452928246516,0.03500919112224272,0.038720232738504654,1.5376607660662431,1.513733562474294,1.4398930954963807,1.5925245339577043,0.9094476433621028,0.8167301872274652,0.9767110944699783,0.04015023227243342,0.931159972254247,0.3520158412319752,0.03301499230703569,0.029430143945472474,0.02369557776405671,0.046808431405473395,1.2344847187310435,1.10044135806139,0.886016521802956,1.7502440327848565,1.0178242342241417,0.8372631869977845,1.2110731069722174,0.03573696708420444,0.9238330782028827,0.3520158412319749,0.0403870180871757,0.03894698171957606,0.03667882583332232,0.04139240115037246,1.5101368554039551,1.456291533445789,1.3714814642735662,1.5477297773239436,0.921945423545565,0.8345945228652872,0.9896623706819178,0.04371679152876827,0.9238330782028827,0.3520158412319749,0.025231849981793314,0.02678334048752111,0.022742792957789932,0.030847252355752596,1.0107351501599544,1.0729027206099941,0.9107984406625228,1.2359513210115567,0.978573980161196,0.8338785247690466,1.1225700831669225,0.02837569075480504,0.8892065465409205,0.5128445975949585
2026-03-12,0.02551316616963517,0.02705605574008769,0.023133292603571113,0.0314832008964445,1.0492932732815419,1.1127484962408505,0.9514149736017636,1.294826000911162,1.0280624530358706,0.8780212406662306,1.192766983926479,0.027402378247092726,0.9310566382077441,0.35247481531664504,0.038216755716422114,0.03764500380863954,0.03636652817894238,0.03900924999481641,1.5717604170826873,1.5482456785812686,1.4956651454802006,1.6043537420312353,0.926652176554974,0.854019730263446,0.9797347319505456,0.04104664973979265,0.9310566382077441,0.35247481531664504,0.034988893231289384,0.030623381341618443,0.024272716762142214,0.04798451408287102,1.3082921121909226,1.1450584616385038,0.9075966956553201,1.794219693288108,1.0610527405425587,0.8735146521020448,1.2693838955377865,0.03787768124357106,0.9237337683448616,0.3524748153166447,0.04044610453596787,0.03950266339310268,0.03773870662142109,0.0415160122489001,1.5123461946471595,1.477069382735226,1.4111121455233606,1.5523517990642124,0.9323771941646772,0.86390599199271,0.99298719746508,0.04378545628838367,0.9237337683448616,0.3524748153166447,0.026863681404276418,0.0281248530815449,0.023954673706120155,0.032547748577616824,1.0760447518385179,1.126516831737094,0.9592619061301791,1.3035658571729642,1.0260207929298155,0.8768066731253054,1.1898989661141077,0.030216177244560563,0.8890496367839631,0.5134983793106653
2026-03-13,0.027792347417544383,0.029402515534647785,0.024418155991982594,0.03482099389489401,1.1429891792054683,1.2092090168788079,1.0042220491734641,1.4320495722473277,1.1142452347383494,0.9324341784332321,1.3123914583134104,0.029853642812497878,0.930953304161241,0.3529337894013148,0.03950700126670122,0.03891339679325955,0.03755948873094685,0.04035262557951341,1.6247664967728035,1.6003538957183319,1.5446730191945435,1.659543675709737,0.9531964986525258,0.9140310968688216,0.9909389423879487,0.042437145977257965,0.930953304161241,0.3529337894013148,0.03781556143854104,0.03239891494084442,0.025093443584111735,0.04962906362709056,1.4139858732048063,1.211448575422383,0.9382850178136796,1.855712098394696,1.1171623229027254,0.8994389795224673,1.3725879779469248,0.04094212931433179,0.9236344584868406,0.35293378940131453,0.04054013320034131,0.04036173892020152,0.0384479739564939,0.04225715487645153,1.5158620806486525,1.5091916258839344,1.4376328146333115,1.5800643376467955,0.9494474167120679,0.8980605067334791,1.0093683407664733,0.043891967030719986,0.9236344584868406,0.35293378940131453,0.02947452797430882,0.030277896715529357,0.025647871670193854,0.035745630101307706,1.180560353842504,1.2130187066165947,1.0272762046378836,1.4315327531907829,1.105824339372217,0.9417326396574072,1.2938576841195608,0.03315869906113871,0.8888927735060734,0.5141520895201144
2026-03-14,0.02619468528150842,0.02866697882171782,0.02345812945797804,0.03405642956355252,0.5021475614467737,0.5495409986671529,0.4496882622117947,0.6528558321330181,0.5113111716973469,0.42058867466155003,0.6088654085700704,0.028143080018847792,0.9307682479659474,0.3537554203822717,0.03893528993091659,0.0383850607930578,0.0370753025262418,0.03962748162216288,0.7463827369147543,0.7358349400298723,0.7107271018291711,0.7596519312600061,0.46225174316487366,0.43879292508413603,0.4788859639439371,0.04183134740146514,0.9307682479659474,0.3537554203822717,0.03745457693214988,0.031888767657281436,0.024425486037705262,0.04946019143766635,0.71727547229448,0.6106872044957463,0.46776131166706086,0.9471895047031086,0.5640508051719998,0.4471873940546152,0.7067687701251797,0.040559105557610275,0.9234566792640259,0.3537554203822714,0.040489478389716636,0.0400025223335991,0.038234001211701035,0.041798122933901324,0.7753954820408682,0.7660700093283851,0.73220187018827,0.8004567351741254,0.4813495572642038,0.4527443406268472,0.5109041275839213,0.043845563412878055,0.9234566792640259,0.3537554203822714,0.02799930629423764,0.029194734566205725,0.024409200131612654,0.035099038346111,0.5317421539519265,0.5544107221634882,0.4635089281552217,0.6666400584559198,0.5090662329909794,0.428734993846245,0.6113092235044808,0.03150464156112337,0.8887359102281835,0.5148057997295634
2026-03-15,0.026277201426367934,0.029280068660074737,0.023373437435871405,0.03542820082782211,0.5037146031590087,0.5612773569859055,0.4480515855336737,0.6791325237061488,0.5217158271601043,0.41915257604466205,0.6313935853128787,0.028237347997194507,0.9305831917706535,0.3545770513632286,0.03917775532045801,0.038580883140849086,0.037309475221447244,0.03988769675986227,0.7510087224929011,0.7395671222931686,0.7151951686294843,0.7646177771488055,0.4643733149778064,0.4447579475526165,0.47946420277976176,0.042100218085728704,0.9305831917706535,0.3545770513632286,0.03852729417382996,0.032436485606240635,0.0243311713061089,0.0500116324130354,0.7378185895631213,0.6211763004274814,0.46595513337881966,0.9577498986108247,0.5723444516219519,0.44314207183294574,0.7417036392751218,0.04172877141686034,0.9232789000412114,0.3545770513632283,0.04050069871832503,0.040177592002689,0.038333120968630466,0.04192798174803689,0.7756103574222258,0.769422688489823,0.7341000673189988,0.8029436019303412,0.4829175723119127,0.4561535212170586,0.5119890396536848,0.04386615866182716,0.9232789000412114,0.3545770513632283,0.028298112081210743,0.029574200148676115,0.02444658675685313,0.03623990369646016,0.5373888836071211,0.5617098265592544,0.46419771540449123,0.6882370269404676,0.5146686841140049,0.4268948920690545,0.6306088243160508,0.031850924988164164,0.8884549535602608,0.5159754990958034
2026-03-16,0.021297076444465567,0.025720669294576524,0.01985733235610054,0.032180147372647724,0.875696534997747,1.0575865207516195,0.816496911389673,1.3231883551447545,0.9757755258936572,0.7560187155100818,1.2152590270766845,0.02289028280489343,0.9303981355753599,0.3553986823441856,0.036865588214443155,0.036344423932674355,0.03391413003448209,0.03858598445742622,1.5158450477568246,1.4944157329445504,1.394486526641392,1.5865845707487194,0.8928336373875627,0.7881318497914507,0.9687393817707461,0.03962345452427783,0.9303981355753599,0.3553986823441856,0.034977740693085756,0.029922028319983942,0.021405174803960657,0.047991596001201155,1.3078751004933458,1.11883372169031,0.8003745980466275,1.7944844978313452,1.0314231004532892,0.7695211231554815,1.3248530281303772,0.03789155911984531,0.9231011208183968,0.3553986823441852,0.04031777148739115,0.03869453437686016,0.035756724557144445,0.041295572623721785,1.5075476114488722,1.4468521131978966,1.3370025849820693,1.5441091998791314,0.9095600843393841,0.8047327918448148,0.9792427540240436,0.0436764408341813,0.9231011208183968,0.3553986823441852,0.02312834768549284,0.02567177306579045,0.020674451536889783,0.032586683184109295,0.9261464702903222,1.0280614326660367,0.827722590295892,1.3048522848159765,0.9356896455471253,0.7519160685217849,1.1935813410844147,0.026040335538698403,0.8881739504132704,0.5171452699683012
2026-03-17,0.026350933684231,0.02958143381337125,0.023778897905877228,0.03590903726026625,1.0834325912285465,1.2162563145857583,0.9776819783103421,1.4764190807665494,1.1229506162908138,0.9040223281793216,1.3586939746239357,0.02832784688621277,0.9302130793800663,0.3562203133251424,0.03910517827797236,0.03849823910399653,0.03724052657700664,0.03979499155006958,1.607830111064025,1.5828754855521283,1.5311639690470147,1.6361921490019569,0.9405121777735748,0.8926717759258413,0.9778046429669844,0.04203894693034602,0.9302130793800663,0.3562203133251424,0.038851891523259435,0.032595474235771256,0.024295613043141352,0.05050140195591646,1.4527359550236494,1.2187982498870964,0.9084528251599508,1.8883302594557072,1.1207091239003089,0.8641804386895692,1.464183559657304,0.04209655317210953,0.9229233415955823,0.3562203133251421,0.0404807701655742,0.0401232822948065,0.038311382367879426,0.04189698608470285,1.5136423994021455,1.5002753415064398,1.4325254310760593,1.566597035717944,0.9393819071705161,0.8868082564972998,0.9953905707546108,0.043861465347262346,0.9229233415955823,0.3562203133251421,0.028053440476150687,0.029639361361160674,0.024397009385592968,0.03646922961697567,1.123258693078753,1.18664546230649,0.9767091909685893,1.4606274044439773,1.0767785197621618,0.8933793470593702,1.3280275998943833,0.03159552126764467,0.8878929465512175,0.5183149693345412
2026-03-18,0.029730363909487474,0.03209787016396314,0.026350216923085448,0.0387184890058611,1.2223015331646125,1.3196365854173366,1.0833338818980753,1.5918294380035758,1.2148620524856617,0.9977579411317067,1.4747619967154868,0.03196716998664117,0.9300280231847724,0.35704194430609937,0.04042692001333111,0.03969667538704718,0.037777968352464775,0.042356148663211864,1.662067994319065,1.6320455186773448,1.5531619046992649,1.741384182434131,0.9686017649477863,0.9349013345938285,1.0067444449674312,0.04346849665335228,0.9300280231847724,0.35704194430609937,0.041031758370299085,0.03431160629984061,0.02578711413650525,0.05159609930400435,1.5342447521941214,1.2829672428317505,0.9642224976349617,1.9292627889950802,1.1794647813650954,0.9108337945788969,1.5202813090289824,0.0444670340811926,0.9227455623727676,0.357041944306099,0.04057401518086427,0.04096713301850326,0.03876359102144548,0.04349249028192898,1.5171289834789468,1.5318283042818326,1.4494342544164862,1.6262555548485738,0.9590063441843267,0.9071823818134023,1.0109615032275256,0.04397096755093721,0.9227455623727676,0.357041944306099,0.03104247578340181,0.032006871172909804,0.02662847208283332,0.03880305887683259,1.2428211332396564,1.2815661530895073,1.0662245098174878,1.5535586856449162,1.1640657192099242,0.9823018501518945,1.4037452891336313,0.034973023248772744,0.8876120192008603,0.5194844541820077
2026-03-19,0.02811694912662137,0.03051212048013484,0.025410440515664386,0.03604668081758249,1.1558954863097812,1.2543616372423299,1.044630175376681,1.481888929906803,1.1571870561433957,0.9676306477465946,1.3663603641652253,0.03023838446362042,0.9298429669894788,0.35786357528705626,0.039328017579038456,0.038743608081345866,0.03741657150732351,0.04003608534880582,1.6167855836848695,1.592760349030235,1.5382055116909275,1.6458944438030036,0.9435049064316255,0.9024584218126709,0.98033733895449,0.04229533262629222,0.9298429669894788,0.35786357528705626,0.03885300402569684,0.033066381234543245,0.025131860982263873,0.05090607233244933,1.4527775533146847,1.2364062350267333,0.9397215073488328,1.9034615486381223,1.1339919489360386,0.8896228076656806,1.4132761253569157,0.04211398309730669,0.9225677831499532,0.35786357528705587,0.04048329307701791,0.04023207603294414,0.03833013252024672,0.0420713883308594,1.5137367351995008,1.5043433178359669,1.4332265300300142,1.5731182217836681,0.9403444110403558,0.8888953877995787,0.9956764523297411,0.04388110425750451,0.9225677831499532,0.35786357528705587,0.028812440024238693,0.03025835436359018,0.02575924243880329,0.03615297214592394,1.153429206780749,1.2121315315311434,1.0313482048748404,1.4470443305834917,1.102279325727792,0.9432476633366563,1.316240428492834,0.032470897713964594,0.8873311812333255,0.520653438485669
2026-03-20,0.026240163462043845,0.028745523637035093,0.024367529947205445,0.03326456990720685,1.0786713600987496,1.181660820183636,1.0016918038037175,1.3674281761548124,1.0880848580246658,0.9269574452718419,1.2591874423885212,0.02822561197766551,0.9296579107941851,0.35868520626801315,0.038151091618249124,0.03757803073377005,0.03630249737125382,0.0389471281394627,1.5683015825962918,1.5447443984127962,1.4923102240225743,1.6010247704021827,0.9172526781680037,0.8456853006726992,0.9707386607945524,0.04103777440634861,0.9296579107941851,0.35868520626801315,0.03655720839627687,0.03162034537414396,0.02440209038241899,0.050381343937487263,1.366933988806433,1.1823365821914793,0.9124341875363817,1.8838410932086391,1.0837760639294416,0.8669857507372389,1.3354560295821014,0.03963313591933137,0.9223900039271385,0.35868520626801276,0.040386640117923714,0.03944189973419575,0.03766842990130112,0.04145054545891388,1.5101227225136193,1.4747973298546075,1.408484383679171,1.5499038883977259,0.9218313485314993,0.8514203598436763,0.98003406036572,0.04378477644594459,0.9223900039271385,0.35868520626801276,0.026391811665117188,0.0284591135498056,0.024422199773966452,0.03345836224102769,1.056425080884746,1.139019646654773,0.9775851293079794,1.339235358566675,1.0378849856619285,0.8925386735198718,1.2282550041748588,0.029752330333241553,0.8870502367214665,0.5218227803206198
2026-03-21,0.027104587754594685,0.02906839713757444,0.024926414236521886,0.03340815825977554,0.5194929543991695,0.5571317905798828,0.4777455643874597,0.6403086810447354,0.5174562873032547,0.4469213454180442,0.5938679479973701,0.02915755572883685,0.929590532439186,0.35899369665898545,0.03825664484334002,0.03768741522562874,0.03640631996448491,0.0390026598911356,0.7332359243020574,0.7223259345057279,0.6977721590303728,0.7475342255606647,0.4523766871335993,0.4218657569610613,0.4750088997658498,0.04115429698165819,0.929590532439186,0.35899369665898545,0.03655262608715284,0.031615551254342726,0.024775027112733886,0.050506107318429555,0.7000026241855926,0.6054549621235665,0.4744552129259552,0.9672193613669218,0.5573965102682927,0.4483180746975628,0.6719662596995837,0.03963103597185269,0.922323254762095,0.35899369665898506,0.04039194973797616,0.03948557685973002,0.03784383762797514,0.04148653357097075,0.7735277554378921,0.7561702229927486,0.7247300258447585,0.7944896297957137,0.472125161359849,0.43738021581569114,0.5014731050377971,0.043793701968834024,0.922323254762095,0.35899369665898506,0.026742390374025062,0.028781107129478158,0.02493698193566985,0.03327273598592154,0.5076864973528407,0.5464233719100217,0.4734202861960652,0.6316478945290912,0.5005241442027024,0.4377295626256857,0.5818127782021865,0.030157102724692166,0.886769217128037,0.5229924796868598
2026-03-22,0.02616981492381648,0.028056471819003097,0.024162708230547763,0.03201154714580685,0.5015713066595182,0.5377310184072601,0.46310305116445677,0.6135340879122116,0.4988576988133664,0.43114698282142977,0.5706485022513751,0.028154021563454534,0.9295231540841873,0.35930218704995776,0.037560976411313854,0.03700267565374217,0.03536630799984087,0.03868452850657515,0.7198945836214032,0.7091941777798088,0.6778315156925168,0.7414286102914719,0.4447130391602937,0.405943941719667,0.4723767541516372,0.04040886582144455,0.9295231540841873,0.35930218704995776,0.03513507908997476,0.030643250490278596,0.024104205894123792,0.050106539500300924,0.6728558299835798,0.5868348748904425,0.4616086225806589,0.9595674208315614,0.5447782263937311,0.4356750459074569,0.6521075055757887,0.038096862290203065,0.9222565055970515,0.35930218704995737,0.040336366301316484,0.03899916273032568,0.03693780042832133,0.04134976148378267,0.7724633024645199,0.74685512847089,0.7073789218268083,0.7918703701091807,0.46739391666977015,0.42433895367621105,0.49898843295109985,0.04373660262250303,0.9222565055970515,0.35930218704995737,0.02534126854522483,0.027717667257930616,0.024071973747370842,0.03183012642187033,0.481077733344945,0.5262155668285431,0.4570071909122848,0.6043536287870942,0.48347558199262197,0.4194429201122724,0.5522420138665075,0.028580361978030946,0.8866671655419924,0.5234275952659997
2026-03-23,0.02890824770197241,0.029874925812155003,0.025930282239345834,0.03410802942277483,1.1882659280915202,1.2280009778809111,1.0658574400104184,1.4020015898321345,1.1304516173534735,0.988261231801242,1.284410806219231,0.031102338009888576,0.9294557757291884,0.3596106774409301,0.03846567438997119,0.037914112645499654,0.036609161607587044,0.03915828178259488,1.5811214415305674,1.5584496409098227,1.5048099712845557,1.60959088646835,0.9221489618390835,0.8589774838074157,0.9697646694825319,0.04138515827694289,0.9294557757291884,0.3596106774409301,0.03653689323769854,0.03173695409824976,0.02515689390236622,0.05070923136514807,1.3661743717030783,1.1866967736657223,0.9406575292943832,1.8961013419812862,1.099581271737563,0.8854429719467276,1.3088876599520953,0.03961971273576207,0.9221897564320078,0.35961067744092967,0.04040241113832962,0.03961710117218431,0.03797292272654692,0.04157437998969753,1.510712426836698,1.4813483990138905,1.4198698698920231,1.5545342646365554,0.9245304022983989,0.8603419107227953,0.9797394800570945,0.043811385733288015,0.9221897564320078,0.35961067744092967,0.027457760213320484,0.029441399329694598,0.025624546451194715,0.03376978274219455,1.0989118068498278,1.1782220489440856,1.025622108758826,1.3519642524802715,1.0774005086553256,0.9347123483035954,1.2229679883805615,0.03097094541170427,0.886565128972262,0.5238626393388818
2026-03-24,0.031207227677790977,0.031332282928199104,0.027219747920902277,0.03572551216357329,1.2827346336759362,1.2878748756249427,1.1188341924687566,1.4684531490965893,1.183458677704964,1.0364648329720156,1.3577605446870968,0.033578241094854515,0.9293883973741892,0.3599191678319024,0.03913794147259007,0.03853987602874012,0.0372715291857134,0.039845234740578585,1.6087168503404434,1.5841341073312947,1.5320002734687732,1.6377892684476247,0.9355576544567756,0.8906561694758998,0.9720359586023872,0.04211150212673937,0.9293883973741892,0.3599191678319024,0.03751757438457746,0.03261243768333463,0.025641763765011524,0.05159122516327345,1.4028436484519828,1.2194325410175995,0.9587876088183239,1.9290805368778214,1.1303079509717104,0.9060335600494948,1.350892803339926,0.04068608427391263,0.9221230072669642,0.359919167831902,0.0404507911769698,0.040133847828070376,0.03828641376879556,0.04189394940902407,1.5125214358419852,1.5006704041264218,1.4315918141988992,1.5664834894330821,0.9326779393130955,0.8810403667671755,0.985371691851583,0.04386702300906681,0.9221230072669642,0.359919167831902,0.02907794706279795,0.03081451566594756,0.026526687432081638,0.03534953168615073,1.1637140514364164,1.233089077033567,1.0615580730953056,1.415431979086832,1.1238886861386415,0.9696412075675164,1.2753220078618057,0.03280220836266246,0.8864630924025316,0.5242976834117637
2026-03-25,0.031084650790745613,0.030945714526854455,0.026650193827250934,0.0354480567606265,1.2776661175804058,1.2719554484121434,1.095397529450975,1.4570143110825398,1.168405510619427,1.0206139067351987,1.347754274665185,0.033448776208196064,0.9293210190191903,0.3602276582228747,0.0387817759690025,0.03823828359854017,0.036948917616370314,0.039426132002324664,1.594039497781342,1.5717004407471253,1.5187038914318702,1.620524333560141,0.9271973378500831,0.8722142938987009,0.9691383645741535,0.041731301859429554,0.9293210190191903,0.3602276582228747,0.03670310988590673,0.032213515319302714,0.02544956600119665,0.05140474925188565,1.3723894848342109,1.204516179451387,0.9516010191563544,1.9221078966639802,1.1129157279987818,0.8932545602854409,1.3358677006479716,0.0398057163686098,0.9220562581019207,0.3602276582228743,0.0404210100515176,0.0398831123043882,0.038149463245319926,0.04170630099997607,1.5114078707096528,1.4912949916001947,1.4264710094784068,1.5594670076084118,0.9263946702365063,0.8677908935622483,0.9800128179689034,0.043837900015694715,0.9220562581019207,0.3602276582228743,0.02842243658851627,0.030297149963853492,0.025893401924862253,0.0351334808738765,1.1374404032340035,1.2126661865639872,1.036396810309857,1.4068297317465437,1.108831656442958,0.9485620382073952,1.25997678542307,0.032066432072437236,0.8863610558328012,0.5247327274846458
2026-03-26,0.027639515306013322,0.028155375187585374,0.02358087533060962,0.03273517869762465,1.1360346062956794,1.1572373904609279,0.9692170837919295,1.3454756869663342,1.0660441677159769,0.8991280530058545,1.2459317359599715,0.02974377941232251,0.9292536406641916,0.3605361486138471,0.03710783714857146,0.036550478515129214,0.03452894858096711,0.038614368595485705,1.5251999428654999,1.5022914841353887,1.419202908324829,1.5871211393922313,0.8902242542963936,0.7951483703323071,0.9593365392223875,0.03993294782471697,0.9292536406641916,0.3605361486138471,0.033622796374522444,0.029962338925494526,0.023930750474932153,0.04995473821352062,1.257211509829979,1.120341001354131,0.8948100152297717,1.8678896054038765,1.0365553936632548,0.8295957115055624,1.2610627782268804,0.03646765613774938,0.9219895089368771,0.3605361486138466,0.04029107775383607,0.03877583222790586,0.03620686022669846,0.04128628425818787,1.506549488963997,1.4498919732059878,1.353833896049853,1.543761892655584,0.903616048365274,0.805801214639432,0.967413239446667,0.04370014773844303,0.9219895089368771,0.3605361486138466,0.02481259942287481,0.0276979930794987,0.022982596788896192,0.03225644878668702,0.9929432325301162,1.1083185653466696,0.9196315025373101,1.2906919033550008,1.008159486851341,0.84013170939661,1.1619663806438814,0.027997005912667364,0.886259034279385,0.52516770005127
2026-03-27,0.03190449675931337,0.030982935271001474,0.025750305030930818,0.0363278703646022,1.3113022001264916,1.2734252319896255,1.0583596380071705,1.4931066518423286,1.1699630810168196,0.9778027378214031,1.3824643933524352,0.03433595399917455,0.9291862623091924,0.36084463900481945,0.03851294677469168,0.037960760623502544,0.036655803129369766,0.03917670252674308,1.5829151677267985,1.56021984297693,1.506584969935772,1.6101960988312056,0.9202645868229546,0.8594265906603606,0.9666933160244882,0.04144803720943978,0.9291862623091924,0.36084463900481945,0.0358579469632991,0.031847464658239004,0.024955360906717246,0.05132290355581575,1.3407874567890659,1.1908289447804814,0.9331218800010248,1.9190475518317731,1.0936338800216656,0.8795874840705904,1.343755651944395,0.03889474099996574,0.9219227597718336,0.3608446390048189,0.04039515405689175,0.03965052792448989,0.03797986248527921,0.04159231161389733,1.5104410726575324,1.4825982801144004,1.4201293588547048,1.55520475747965,0.9211423120803391,0.859317897591683,0.975696495714402,0.04381620220211196,0.9219227597718336,0.3608446390048189,0.02808810829744552,0.030347880698820044,0.025130491428018254,0.03594081825531709,1.1239822722877628,1.2142175719955037,1.005636397412361,1.438704763989534,1.1084064103826592,0.9208524927052175,1.2860454804068064,0.03169653618727973,0.886157027742283,0.5256026011116364
2026-03-28,0.03752997188217033,0.034608397758760914,0.027950368416520033,0.04202134443295386,0.7192547210084004,0.6632633126578776,0.5356634558806277,0.8053310154724868,0.6128808673594617,0.5024070403477081,0.748641634248727,0.0403921301724148,0.9291406945356118,0.3610688067406577,0.04036562874604534,0.03963349620686769,0.03773446379682738,0.042269573094817936,0.7735995415402528,0.7595683616912312,0.7231737693755804,0.8100882702206627,0.4732496369828707,0.45915359162094727,0.4886646511917134,0.04344404349464022,0.9291406945356118,0.3610688067406577,0.038831586104272016,0.03405347906315662,0.0265663201637669,0.05307751860577015,0.7436459451495591,0.6521426025594629,0.508759446865777,1.0164632828489821,0.6030503142193377,0.47597708431256164,0.7647978861534673,0.04212243249006766,0.9218742558001223,0.3610688067406572,0.04053397623472026,0.04090915341755887,0.03871530447937136,0.04341540787652237,0.7762476399186324,0.783432486553055,0.7414190889346063,0.8314286194155283,0.4852709009334071,0.4610111646887396,0.5111289220023291,0.04396909446130439,0.9218742558001223,0.3610688067406572,0.03240136956607828,0.03375159524153554,0.027558817468119404,0.04109002588732779,0.6150343312230037,0.640667658546201,0.5230757930021869,0.7800547552359625,0.5893725969180252,0.4809725555110607,0.7039835955729622,0.03656812363865066,0.8860550212051808,0.5260375021720026
2026-03-29,0.03600079355265562,0.03319320040094859,0.026471371504502333,0.040983608014093835,0.6899428618286766,0.6361363019508749,0.5073147564270618,0.7854367921071216,0.588982106733217,0.4734013330166826,0.7251635498199089,0.038748232033162404,0.9290951267620311,0.3612929744764961,0.03946230941425612,0.038864398121523216,0.03749087081208684,0.04034413962105486,0.7562816261763259,0.7448228613070333,0.7184996814780579,0.7731815996626278,0.46311796076782896,0.4484134006625491,0.47774031405766715,0.042473917123842145,0.9290951267620311,0.3612929744764961,0.037093256333673864,0.03268072786918817,0.025811283305290224,0.05229675772407553,0.7103559867696241,0.625853672296541,0.4943000813189531,1.001511288298862,0.5840663089498711,0.45894757187448243,0.7404006445754219,0.04023890226553187,0.921825751828411,0.36129297447649555,0.04046334195515756,0.04029945412211473,0.03837535162664273,0.04219661348792276,0.7748949551366019,0.7717564142030848,0.7349088073356309,0.808088045517275,0.47800246788490297,0.4523307144698864,0.5048580253551963,0.04389478366697812,0.921825751828411,0.36129297447649555,0.030504793316012115,0.032413762816837464,0.025902626963660948,0.03974759717953629,0.5790261119499557,0.6152736060179044,0.49167176456774137,0.7545102907803543,0.5653306923836392,0.453908433495748,0.6875472638940443,0.03443031592668126,0.8859864481340085,0.5263475533061276
2026-03-30,0.03133886332132904,0.029692932454124233,0.022843684583501698,0.03688839256265086,1.2879892645695274,1.2203435026461662,0.9388477241527103,1.5160681841189938,1.1205759566239593,0.8781393744074907,1.403872096854236,0.033732176091284954,0.9290495589884504,0.36151714221233444,0.03745436834850408,0.036885092164321044,0.035214259759672795,0.03864538275087726,1.5393291023185758,1.5159325417514347,1.4472633568478055,1.5882783494075827,0.8965640300015336,0.8111115770952156,0.9590446870823859,0.040314715168999614,0.9290495589884504,0.36151714221233444,0.033506702279579935,0.030077783929970483,0.023476742337028383,0.05073044421557518,1.252870561184327,1.1246576794424987,0.8778339062181605,1.8968945252554021,1.044617134972441,0.8293553136847523,1.3454687144374335,0.036350107748362344,0.9217772478566997,0.3615171422123339,0.0403087574730202,0.038945489125578034,0.03681171902219769,0.041318086633059734,1.5072105626653418,1.4562357229078162,1.3764505585978775,1.5449510356192881,0.9055261993529908,0.8172187486931768,0.9654805659975795,0.043729390768480585,0.9217772478566997,0.3615171422123339,0.026073521080768727,0.029027445469360404,0.022417563946764616,0.03587459849103927,1.043277308950489,1.1618162591571617,0.8969717308731485,1.4366426591291572,1.056173383507176,0.8199401975837396,1.29545830357264,0.02943108138428677,0.885917875062836,0.5266576044402526
2026-03-31,0.02812385923824281,0.027445803495152354,0.021596675769459818,0.03374075595758018,1.1558370771779956,1.1279702769064415,0.8875822619745455,1.3866808398313628,1.039226525306554,0.8317828825928013,1.277782753783775,0.030273130690714144,0.9290039912148698,0.3617413099481728,0.036398267013098395,0.03588235213707228,0.03295454666434152,0.03838683303334551,1.4958994852867344,1.4746963659947756,1.3543691345334115,1.577625763218479,0.8716456961439085,0.7596539498215733,0.953436021424326,0.039179882279622866,0.9290039912148698,0.3617413099481728,0.03192893270325544,0.028715744837426817,0.022833291444489607,0.04903297791061666,1.1938751686203168,1.0737288035420451,0.8537742218570137,1.8334234756624088,0.9979995589398195,0.7875146078107669,1.2759004886456997,0.03464027016091349,0.9217287438849884,0.3617413099481722,0.04022651315886732,0.03837748059205719,0.034860993266143184,0.0411724832701725,1.5041353128491355,1.434996952102745,1.3035097226925136,1.5395066870394516,0.8919059093688799,0.7702878838790218,0.9580447192173316,0.0436424636052,0.9217287438849884,0.3617413099481722,0.023965955565255267,0.027145888032905643,0.021274601798580782,0.03312360450951735,0.9589235252857131,1.0867485322087571,0.8511868315131924,1.3253769216269764,0.9848860054366582,0.774858452140214,1.1916451166725084,0.027054212845652608,0.8858493019916638,0.5269676555743776
2026-04-01,0.02801659553530486,0.02735930082511574,0.022055625439991955,0.03318790186266222,1.1514093969443493,1.1243962894838138,0.906428989742534,1.3639366717980637,1.0359385076230891,0.8468167128784115,1.2506190184641885,0.03015914903007016,0.9289584234412891,0.3619654776840111,0.03647233453314665,0.03597504422371998,0.03313162729089297,0.038414146271628695,1.4989183342081605,1.4784809925418005,1.3616239328836393,1.578721759287686,0.8730263664459679,0.7629583938203683,0.9529927079574421,0.03926153594478034,0.9289584234412891,0.3619654776840111,0.03226284165812195,0.02882739773756023,0.02295353440904957,0.04833647659995983,1.2063605721726394,1.0779036886286404,0.8582703035432893,1.8073801491462074,1.0051253313620303,0.8037994408158238,1.2557552149611617,0.03500437598744401,0.9216802399132771,0.36196547768401055,0.0402301610637783,0.0384240545497261,0.03501019196876091,0.04118207323032231,1.5042717139976234,1.4367384287778995,1.3090885069225142,1.5398652713804104,0.8921386665705817,0.7730936235341974,0.9575517118553702,0.04364871820140535,0.9216802399132771,0.36196547768401055,0.024441155342668965,0.02728602339315502,0.021769720544602838,0.032605210893350604,0.9779127345764842,1.0915568204420043,0.8710409219240983,1.3056292338864381,0.9913126308279752,0.7925976497379452,1.1758848252542593,0.027592782891602993,0.8857807289204915,0.5272777067085026
2026-04-02,0.03202681531259168,0.03015475891729419,0.025051714479574407,0.03592874801899666,1.3161969106355624,1.2392615419460218,1.0295431775627202,1.4765535281622186,1.1404398903198154,0.945052259470417,1.3631439944739385,0.034477739345711404,0.9289128556677082,0.36218964541984944,0.03809425344309639,0.037517646582854926,0.036240853220786455,0.038904716387989334,1.5655486880413858,1.5418520400701856,1.4893800267815642,1.5988560529429838,0.9090533041548503,0.8382286833664042,0.9614194700170555,0.04100950181781477,0.9289128556677082,0.36218964541984944,0.03526472739464709,0.031148599778246727,0.025035271276839716,0.04931734790619471,1.3186060040253444,1.1646972405297304,0.936109859821432,1.844056536265361,1.0766135278677065,0.8764591338802703,1.3235497439368145,0.03826336053697154,0.9216317359415659,0.3621896454198489,0.040351443587800455,0.03939700267823873,0.03759812201517766,0.04140032323359815,1.5088066665174389,1.4731185552851787,1.4058554564869876,1.548025997010796,0.9110298641716394,0.8418498535851283,0.9675508578979573,0.043782610791474365,0.9216317359415659,0.3621896454198489,0.02858456187198041,0.0302544491647576,0.024726109369445935,0.03554741527023612,1.1436656008370836,1.210403355338439,0.9893591115673643,1.4230775173836787,1.1030004198545258,0.9050872265266674,1.2885982443577038,0.03227296949532019,0.8857121708656333,0.5275876863363697
2026-04-03,0.028066852836831087,0.027509727722378797,0.022924255175132774,0.03272946089838648,1.153436078212363,1.1305404507323866,0.9420957575423726,1.3450507344058238,1.0379626106274553,0.8685314827024398,1.233087640967121,0.030216214094978606,0.9288672878941275,0.36241381315568777,0.03672227713317261,0.036213224264397374,0.033695672111272855,0.03849980516355327,1.5091396091239346,1.4882195598410202,1.3847581743028277,1.5821889450147155,0.8771560797534087,0.774456892297396,0.9525129223569114,0.039534471298291886,0.9288672878941275,0.36241381315568777,0.0331160317221231,0.029395147912112576,0.02345729673952938,0.04644500640343494,1.2382627482018649,1.0991327989680784,0.8771068034299524,1.736654975811923,1.0226449615555064,0.8265814174811476,1.2393999612060238,0.03593384794050413,0.9215832319698546,0.3624138131556872,0.040245193962378766,0.03859180304375332,0.03552770485010553,0.04121549713196878,1.5048338187356138,1.4430108201369796,1.3284391624618235,1.5411150458900995,0.8937933958856448,0.7833455027624595,0.9571141625136304,0.043669624800308005,0.9215832319698546,0.3624138131556872,0.025659818238843477,0.0277466124239428,0.02269723383991826,0.032290400754689,1.0266212241595263,1.1101232516533048,0.9080772650121028,1.291944338563864,1.0119530311922746,0.8380879488663668,1.1701232783464133,0.028973073341037915,0.885643643558466,0.527897594457979
2026-04-04,0.028941956644674124,0.028061544678137765,0.023785181612231126,0.0332425362318062,0.5546377848839302,0.5377657485907359,0.45581439445966004,0.6370532195142949,0.4995350268495017,0.4269091285099592,0.5901226585244672,0.03115932417640154,0.9288377527325598,0.362578428857477,0.037176574320571296,0.03660288025988037,0.03469742748849564,0.038610970048040205,0.712444327240358,0.7014501706624474,0.6649344603634934,0.7399327959260691,0.43713993532020357,0.39502885621981104,0.46770283555637016,0.040024831259497205,0.9288377527325598,0.362578428857477,0.03412256135682363,0.030057759968268004,0.024092032645380977,0.04648938327671177,0.6534655659694343,0.5756224136881747,0.46137549826164226,0.890296916365903,0.5311919826475123,0.4308818066779528,0.6391578452924923,0.037027453446298264,0.921547613483934,0.36257842885747643,0.0402782528818926,0.038793837664009234,0.03635723367493613,0.04127643571079287,0.7713503989483642,0.7429230420350235,0.6962607534655099,0.790466141767531,0.4601287544643875,0.4110300345452489,0.49133461368766573,0.043707185925662216,0.921547613483934,0.36257842885747643,0.02708297706531607,0.02862666080652429,0.02355259703995142,0.0330664631428008,0.5140328846855928,0.5433574254074524,0.4470164359174761,0.6276198684407738,0.4977682838827741,0.4137340565623694,0.5719313863959603,0.03058236005993506,0.8855751162512988,0.5282075025795883
2026-04-05,0.027616989704902728,0.027143672875420764,0.023101937623898672,0.03210065980399866,0.5292435423792553,0.5201730434516234,0.4427184655004673,0.6151672245568327,0.48159679311644227,0.41331601835752363,0.5702572931248013,0.02973379130637576,0.928808217570992,0.3627430445592662,0.03678489409894308,0.03626341879878955,0.03381623980211301,0.03851518834740992,0.704934457628968,0.6949410645015655,0.6480440748268623,0.7380932872915101,0.4330239157397662,0.38557860603724525,0.4669969678622899,0.03960440207467424,0.928808217570992,0.3627430445592662,0.0336558008851325,0.029462709922726843,0.023536408342313575,0.045377999632628105,0.6445268496574827,0.5642268824229951,0.45073499135849615,0.8690133165096141,0.521076460321593,0.41939100308452076,0.632644128919697,0.03652236874594895,0.9215119949980133,0.36274304455926565,0.04024701927268718,0.03861347523067049,0.03565872483294852,0.04122187606125235,0.7707522583837315,0.7394690035661982,0.6828839301083497,0.7894212948730304,0.4576106739302269,0.4022524150098884,0.4897165206990349,0.0436749814339356,0.9215119949980133,0.36274304455926565,0.02646216309385848,0.027994589322903884,0.02309123860888909,0.032307497895917976,0.5022453667657067,0.5313738214773549,0.4382431262804233,0.6131633088900437,0.4865296504732298,0.4066172552588043,0.5548034780275114,0.029882808451236545,0.8855313293942919,0.5284282423976334
2026-04-06,0.032593100758725256,0.030645896149148175,0.02583876558520144,0.03620985793080578,1.3393996338904883,1.2593800874078123,1.0618330983969417,1.4880287338959128,1.1599690738527408,0.9813651801269538,1.3583316585702478,0.03509242985010456,0.9287786824094242,0.3629076602610555,0.03885857334104187,0.03830490537432015,0.03700268889316858,0.039554877358844075,1.5968765688108109,1.5741238188526614,1.5206097855910787,1.625490886712768,0.923319619355701,0.8726601941743666,0.9631572996546119,0.041838356195079245,0.9287786824094242,0.3629076602610555,0.037536740307707046,0.032362017460488376,0.026015785831484412,0.04604409187279004,1.4035602937567528,1.2100689181068336,0.9727729074134289,1.7216641238681867,1.102271580025272,0.9140972546907914,1.3673553924791948,0.040735434205908194,0.9214763765120928,0.36290766026105487,0.04040314561026496,0.03992078830974603,0.03815386971805302,0.04171047992569522,1.5107398899471567,1.4927037592426198,1.4266357747220855,1.5596232644959807,0.9204211648437652,0.8654259880806062,0.9713427312025156,0.043846100280070216,0.9214763765120928,0.36290766026105487,0.03194791420052571,0.03155409205702986,0.02640008882813615,0.0368034134680006,1.278124228274022,1.2624417615176675,1.0561402431931692,1.4729782212343665,1.1479755577988149,0.967385797626638,1.3435239455925967,0.03607946206558911,0.8854875425372852,0.5286489822156786
2026-04-07,0.03191613917365761,0.03020825117998651,0.02533012900665263,0.036011340846429984,1.3115647644608337,1.2413806578570652,1.0409186557186463,1.4798533593984813,1.1434422438309984,0.9604627892631905,1.3371360308090636,0.034364649774628664,0.9287491472478564,0.36307227596284475,0.038731532375038645,0.03818682823690474,0.036902203907922405,0.03936170033161854,1.5916371607566568,1.5692530387065147,1.5164625681456851,1.6175333408380073,0.9205278910889233,0.8661949668130409,0.9614900343530772,0.04170289952869514,0.9287491472478564,0.36307227596284475,0.03755359937190778,0.03241189679443979,0.0254587876785202,0.045616444155086644,1.4041906818221008,1.211933988223187,0.9519458327983242,1.7056736742083654,1.098391702070373,0.8981119633732212,1.3606918299845558,0.04075530525950658,0.9214407580261721,0.3630722759628441,0.04039202314103878,0.03983342735009768,0.038114341525600004,0.0416698900584896,1.5103240025779703,1.4894371896582137,1.4251577507659232,1.558105542779293,0.9177876897973068,0.8601833708724945,0.9690749060067866,0.04383572442309037,0.9214407580261721,0.3630722759628441,0.03202960629968038,0.03145589734819659,0.026204152245798584,0.036457944602078275,1.281369946556854,1.2585402272423496,1.0480967207344989,1.4585617432476212,1.141000611406813,0.9559794164140204,1.3303859901667632,0.03617350745793258,0.8854437556802783,0.5288697220337237
2026-04-08,0.03320826548113522,0.031156726985345957,0.025777516398698307,0.037301524791928505,1.364647476761502,1.2803423559972678,1.0592911795000306,1.5328542743546425,1.1755743048953753,0.9802668382829124,1.400707999487553,0.035757041252241585,0.9287196120862886,0.36323689166463397,0.03939100592215371,0.03879400575549487,0.03746542849473676,0.04021549965872159,1.6187185949022598,1.5941857034894278,1.539589669029086,1.6526000181236014,0.9333999091686934,0.8975513445590764,0.968827097779699,0.04241431472914113,0.9287196120862886,0.36323689166463397,0.038976471445846074,0.03317525582855634,0.02549845892246079,0.04751192247235269,1.4573942026847013,1.2404772346900763,0.9534292056842624,1.7765487177519104,1.1270066818980822,0.9069786031635966,1.4237749964677973,0.042301122246066435,0.9214051395402514,0.3632368916646333,0.040440672604713485,0.040249907508225866,0.038353518424514656,0.04214137832250271,1.5121430858272522,1.5050100659467343,1.4341009673518226,1.5757352623797782,0.9271467812674328,0.8784101503113441,0.9753430394263376,0.04389021817795802,0.9214051395402514,0.3632368916646333,0.03411195943623862,0.032718633643766426,0.026962989501226893,0.038347406191545225,1.3646521860871983,1.3089637669584855,1.0786167524823385,1.5340004621963899,1.184186006699981,0.986691698569692,1.3942814345288241,0.03852717487846158,0.8853999688232717,0.5290903903455111
2026-04-09,0.0307934730043078,0.029379151458929675,0.024263541671014775,0.03576602004346293,1.2654000600994255,1.2072811669082912,0.9970647703307732,1.469737561144332,1.1109006526819105,0.9135686301198309,1.3470736145121378,0.03315796493301382,0.9286900769247208,0.3634015073664232,0.03855808071617115,0.03801009100347501,0.036731223103269275,0.03920619838820472,1.5844720616195467,1.5619534514165823,1.5094007719070894,1.6111052426520367,0.9158171098275245,0.8584664884311844,0.9598329104461594,0.041518781856540336,0.9286900769247208,0.3634015073664232,0.03772848599324657,0.032255770431231984,0.02441727612321961,0.046508974355044086,1.4107299794704373,1.2060961673998878,0.9130020072949518,1.739046842452861,1.095994348833586,0.866012753689122,1.388228886948509,0.04094826791109125,0.9213695210543309,0.3634015073664225,0.04037590611613154,0.03966518806361924,0.037986685988326475,0.0415903446513478,1.5097213605790154,1.4831464467643074,1.4203845008266225,1.5551312095234027,0.9141646743986791,0.8553777516906131,0.9663491559004166,0.04382162117749353,0.9213695210543309,0.3634015073664225,0.03239202938440592,0.03131662151478362,0.025483186819967585,0.036680048806169804,1.2958234875445696,1.2529262232920684,1.019241941198895,1.46863777566805,1.1303822601978588,0.9396050215806133,1.3417227918481731,0.03658643901714488,0.8853561662348881,0.5293110586572984
2026-04-10,0.02757346264962324,0.027250122535693172,0.022165824052711506,0.03376083344304756,1.1330664462120796,1.1197795464685112,0.9108522859790782,1.3873218629287558,1.031806336486075,0.8355088534762101,1.266958440437298,0.029691648788342316,0.928660541763153,0.36356612306821245,0.037374272852159676,0.03680402155444568,0.0350663244927461,0.03862376051700447,1.5358076371643437,1.512374504388855,1.440967940066037,1.587152387222816,0.8900313255744785,0.804749059494419,0.9527933811089042,0.04024535464939746,0.928660541763153,0.36356612306821245,0.03582684477447513,0.030900065089877148,0.022669326936699003,0.04347642509509377,1.3396244949302472,1.155404120845997,0.8476433199504085,1.6256548511601654,1.0460667915197939,0.8009072360493051,1.3292742509165594,0.038885842227883216,0.9213339025684103,0.36356612306821173,0.04028447525042174,0.038889969940169786,0.03669815293430382,0.04129071274086739,1.5063026105308732,1.454159769494122,1.372204136282608,1.5439274808872632,0.8982357179844425,0.8079840185986347,0.9568131035412644,0.043724077816001745,0.9213339025684103,0.36356612306821173,0.029707447309771172,0.02899633457305379,0.02371751643110917,0.034477755277929734,1.188407561698695,1.1601751294386689,0.9487588292520873,1.3793091141945086,1.0548104503920932,0.868988615039928,1.2507177474127749,0.0335558934107838,0.8853123636465046,0.5295317269690857
2026-04-11,0.028634013702744154,0.027975019546814486,0.022262637278046483,0.03516177854071147,0.5487156545668258,0.5360873023776949,0.4266205119974631,0.673807679495915,0.49716385154672216,0.39573657938737183,0.6223395632458986,0.030834850674640903,0.9286250160534504,0.363780638900418,0.03793986547017548,0.03738031829324335,0.03607555064297851,0.03883186370919779,0.7270443582154724,0.7163217156045304,0.6913183597109042,0.7441377843302566,0.4450296171674676,0.4122215049694688,0.4684409674646953,0.040855958879306896,0.9286250160534504,0.363780638900418,0.037090320243775184,0.031578528130088185,0.02294237720049854,0.04644142503727209,0.7102997590548487,0.6047459492041681,0.4393589726525614,0.8893784900569682,0.5468956674861694,0.4166185583378812,0.7194879316272058,0.04025922501564659,0.9212874870134777,0.3637806389004173,0.04032553597951168,0.03926521044532267,0.037454848779526956,0.041354665014591015,0.7722558959250809,0.7519500865790278,0.7172806783192639,0.791964275384972,0.463163496534074,0.4262872978410064,0.49086811323724694,0.043770849542561684,0.9212874870134777,0.3637806389004173,0.031577045425497954,0.03009961118675263,0.024185265549926362,0.036121015712198896,0.5992922279248275,0.5712523037960195,0.45897434366804757,0.6855902827699314,0.5230649452752973,0.4214571439237369,0.6301494934390053,0.03566945250165854,0.8852685760744352,0.5297523237746151
2026-04-12,0.029454023863060726,0.02851333187274611,0.022274659798852584,0.03635066890757555,0.5644264038954567,0.5463999569917974,0.4268485075829831,0.6965865657638938,0.5060013453582458,0.3961436815306653,0.6435129444870605,0.03171910103371658,0.9285894903437479,0.36399515473262356,0.03841568357868578,0.03786514923337456,0.03656132655852472,0.03911998271762792,0.7361583679130668,0.7256084979805362,0.7006233907807767,0.7496548270762698,0.4498808184143226,0.42260134511198105,0.46982102854244195,0.04136993146935677,0.9285894903437479,0.36399515473262356,0.03820375737236041,0.032180734251535247,0.022888663423284352,0.04803570976829121,0.7316226842536285,0.61627852320606,0.4383303246721071,0.9199099077655485,0.5551224041167976,0.4170180320108067,0.7487177566665026,0.041469880746713476,0.9212410714585451,0.36399515473262284,0.040359773436687306,0.039565345992635725,0.03792951914851835,0.041524359335061364,0.7729115618083268,0.7576978451731597,0.726370873456677,0.7952140137035107,0.46672051255491553,0.43556288444839525,0.49366212712560786,0.04381021937372823,0.9212410714585451,0.36399515473262284,0.033248100769197396,0.031111677690339134,0.024385592308491886,0.037950510252034844,0.6310008735091168,0.5904630474863621,0.46279961758536986,0.7203796156150134,0.5397240192422166,0.4259254285329799,0.6568568250826105,0.03755927846617261,0.8852167061500387,0.530035989099586
2026-04-13,0.024411293040633313,0.024927177117524367,0.019015534346475366,0.033501931082984215,1.00308556378913,1.0242837800924118,0.7813681954059647,1.3766293892119048,0.9434983089811659,0.7238927994380588,1.2576985918955808,0.026289579249445243,0.9285539646340455,0.3642096705648292,0.036411601885667604,0.03590269242954217,0.03301153578576756,0.03838015703548399,1.4961908058354445,1.4752791839944561,1.3564785335251812,1.5770807959321054,0.8674401110077268,0.7579861811930728,0.9476465003698437,0.03921323183410009,0.9285539646340455,0.3642096705648292,0.03474790930393017,0.02989045773847273,0.0202393559685747,0.04414085717438688,1.2992813278473099,1.117653245860584,0.7567827194325565,1.6504990565106912,1.0115905400948575,0.7255526024518472,1.3844103734400064,0.037720485112720796,0.9211946559036126,0.3642096705648284,0.04020555747717329,0.03837923935697509,0.03490244687556288,0.04115257422933638,1.5033517455357985,1.4350627152080278,1.3050597411474312,1.538762255344656,0.8856420545254315,0.766181819602948,0.9501624104448627,0.043645018150626484,0.9211946559036126,0.3642096705648284,0.02823381964202391,0.027373916663672684,0.021220559096332282,0.03458936005775755,1.1293913063605252,1.0950108379199883,0.8490212335050895,1.3835447133311034,0.9956237520906204,0.7805292077157835,1.262657948555656,0.03189667958732164,0.8851648512419565,0.5303195829182991
2026-04-14,0.02348884104711189,0.02424224103470719,0.018489930930485676,0.03175759320121216,0.9651685440317672,0.9961261365175962,0.7597607595722153,1.304935817415983,0.9147692181951288,0.7013116298618557,1.1996391995802569,0.025297118573458715,0.928518438924343,0.3644241863970348,0.035936935534437046,0.035472089725138545,0.03191682688882743,0.03821881613309317,1.476667140671926,1.457566387592622,1.3114788114329368,1.5704307865939129,0.8584336014300838,0.7347248617895162,0.9455790607189981,0.038703523837468175,0.928518438924343,0.3644241863970348,0.033895003509084816,0.029039462631196708,0.020113735945166626,0.041953726368340535,1.267389781108122,1.0858331428638233,0.7520855806956542,1.5687186479974737,0.9862562682302928,0.7101611663120314,1.340954105257152,0.03679646991048328,0.9211482403486799,0.36442418639703394,0.04016756712466809,0.038032057936116734,0.03407721934555703,0.041114102882760156,1.501931223937892,1.4220810323806887,1.274203130132826,1.5373237485894315,0.8787920207744107,0.7456190897991709,0.9491198002041918,0.04360597498342239,0.9211482403486799,0.36442418639703394,0.026892924260530728,0.026403468464791285,0.02104864137500304,0.03317383182787735,1.075731803578416,1.0561452130838704,0.8420046465244063,1.3272107614581214,0.9630629026887868,0.766311802783632,1.2013286108082657,0.030383605677377745,0.8851129963338742,0.5306032482432701
2026-04-15,0.023593056706925377,0.024300029398654745,0.018707128494049697,0.031067774368747345,0.9694382604391099,0.9984877551680781,0.768675561219631,1.2765742698745939,0.917148763367368,0.7181199718317196,1.1740348284071611,0.02541032944294075,0.9284829132146404,0.36463870222924033,0.035898095102807934,0.035441533573812585,0.031834397300724085,0.03821011325406173,1.4750520588257885,1.4562919541072366,1.3080747918637667,1.5700528415771469,0.8572378739144116,0.7328499782774991,0.9451224461792365,0.038663172570962814,0.9284829132146404,0.36463870222924033,0.03384728765929336,0.028850700877749595,0.020264871629666902,0.04126404321307481,1.265605607213395,1.0787750312657878,0.7577367918555851,1.542930263495554,0.9768718812410114,0.7133023373615025,1.3108010811901654,0.03674652112091128,0.9211018247937474,0.3646387022292395,0.0401626961229819,0.038011235438544615,0.03399715159755163,0.04110749763152958,1.5017490891946637,1.421302445040139,1.2712092656952196,1.537076767410951,0.8779811553187244,0.7439118487686398,0.9486212720708023,0.043602884113246775,0.9211018247937474,0.3646387022292395,0.026733957836053118,0.026343522511170853,0.02108503915713263,0.03278712075576711,1.0693513297566861,1.053779276292079,0.8432898361451727,1.311690852350085,0.9589773021693802,0.7746660296865476,1.1784756652202757,0.03020577515468137,0.8850611414257918,0.5308869850744988
2026-04-16,0.023255742349370678,0.024028770232360476,0.0188811819218671,0.030222135551201405,0.9555656401466388,0.987328929951073,0.7758173623893069,1.2418108986043073,0.9072503193702482,0.7139053042521506,1.1382955621323547,0.025047991585034207,0.9284473875049379,0.3648532180614459,0.03567634299083781,0.03524149155409978,0.03135549667551605,0.03818797564142634,1.4659212772476167,1.4480534712978956,1.2883800827654963,1.5691228790506118,0.8522013875456655,0.7226505866408719,0.9437589916276926,0.03842581009001769,0.9284473875049379,0.3648532180614459,0.03346084285167598,0.028446395542092155,0.020061548509171218,0.04030447556142957,1.2511558019491682,1.0636573915605025,0.7501342068577644,1.5070504549671042,0.9668381204639503,0.70826249144145,1.2622444555057657,0.03632880553769173,0.9210554092388148,0.36485321806144505,0.040143925872339795,0.03787708954524572,0.033553341504136226,0.04107875927340953,1.501047238733245,1.41628651004255,1.2546144782954616,1.5360021930596774,0.8756308828172965,0.7348619629158918,0.9479636334257359,0.04358470236390645,0.9210554092388148,0.36485321806144505,0.02608286728228939,0.025835416238908077,0.021049502983053903,0.0320987539397007,1.0432866774468195,1.03345612809456,0.8422498190547502,1.2839155407767122,0.9405463155609208,0.7643341011753875,1.1565246561070268,0.029471857165385182,0.8850092865177097,0.5311707219057276
2026-04-17,0.024398930307377845,0.02483324823020102,0.019647536748674244,0.030284298772802466,1.0025256146940804,1.0203712676413854,0.8072960006051201,1.2443490292524169,0.9404848374623922,0.7450691117760904,1.1399276949019925,0.026280287134848257,0.9284118617952355,0.36506773389365144,0.036065679807024964,0.03558544924722921,0.032210334695890595,0.03823945255437995,1.4818997129134155,1.4621675594505832,1.3234877588356928,1.5712176802297224,0.8603490907578544,0.7404783043072398,0.9448679664158723,0.03884663831985742,0.9284118617952355,0.36506773389365144,0.034206015821834766,0.029071677084088636,0.02051288956308446,0.041007361005039926,1.279019041653041,1.0870376941006532,0.7670105892240001,1.5333324946866949,0.97656104173807,0.7207253862156884,1.2856475800766904,0.037139719651397125,0.9210089936838821,0.3650677338936506,0.04017159164271687,0.03813045076988457,0.0343474210132814,0.0411192193373731,1.5020817072693815,1.4257601018346335,1.2843064137162143,1.5375150612202206,0.878980246271942,0.7504965378491524,0.9478781185657817,0.04361693742211704,0.9210089936838821,0.3650677338936506,0.027076909440875853,0.026560414351950966,0.021762310254433533,0.032553449773618966,1.083025287660402,1.0626148522308954,0.8704048013901741,1.3024229665868556,0.9685906383830647,0.7911887365794719,1.179634354763583,0.030596849603970584,0.8849574316096274,0.5314544587369564
2026-04-18,0.02618762637853441,0.025972564168657505,0.020788868008805174,0.031067895113448055,0.5018143266356294,0.49769324683732424,0.3983618694784278,0.5953313462238956,0.46152075304104156,0.3693562253178506,0.5534892878432267,0.02820866535406384,0.928353966762973,0.36543623952019644,0.036710279287957115,0.036198574486182716,0.033692368994711175,0.03848080650078502,0.7034522264527237,0.6936468016758865,0.6456222192668369,0.737379544196326,0.43104742391902895,0.38303549833135664,0.46475524429985415,0.039543407581873316,0.928353966762973,0.36543623952019644,0.03542577946322537,0.029929233823592218,0.02091007547575563,0.043342701884966195,0.6784228998745905,0.5731610682752624,0.400439291832229,0.8300362602246456,0.516951853224405,0.3802396590412335,0.6705020189608067,0.03846742746458065,0.9209292588084839,0.36543623952019555,0.040217265586151116,0.038568357093479666,0.03551957655832121,0.041187471316263644,0.7701824591412698,0.7386049667564585,0.6802191651429607,0.7887624253373885,0.45467822116446616,0.398648102596032,0.4856993065709584,0.04367030931147197,0.9209292588084839,0.36543623952019555,0.028753660163455225,0.027807160348379416,0.022660940024958373,0.033578546581142045,0.5456724712025119,0.5277170514572749,0.43001978677647235,0.6372191437492998,0.48476614942850227,0.39013234623845683,0.5827236666812473,0.03249347831057128,0.884905576701545,0.5317381240619272
2026-04-19,0.02765748610223079,0.027035730742647746,0.02132967463337558,0.03217377406988829,0.529975787236616,0.5180616427281225,0.4087215686754814,0.6165173934476535,0.47999278896488307,0.37838938709674025,0.5762043197417335,0.029793820037034433,0.9282960717307103,0.36580474514674133,0.037214750271002635,0.03663592401369523,0.03480527291991788,0.038596256927216875,0.7131131332322302,0.7020216008978811,0.6669424635173524,0.7395857155556356,0.435960133801333,0.39530889996275764,0.4654499290223416,0.040089311378448095,0.9282960717307103,0.36580474514674133,0.036387187951485905,0.030653555504920035,0.021213845007466144,0.044192238483554906,0.6968343941155805,0.5870322215126546,0.4062566431994877,0.8463053470731776,0.5249988346204066,0.3864798056107794,0.6841801248686551,0.03951480345678065,0.9208495239330856,0.3658047451467405,0.04025228953678502,0.03879557108357615,0.03644596314288856,0.04125213778382777,0.7708531868010178,0.7429562379603383,0.6979599709242282,0.790000823281322,0.4576182659818261,0.40923070387064203,0.4868248811973094,0.04371212504390673,0.9208495239330856,0.3658047451467405,0.03004713867812237,0.028780717950639197,0.02320973042441459,0.034566688257616676,0.5702116892541459,0.5461970818055597,0.4404435851077061,0.6559254035051592,0.5020974597065797,0.3985650971899977,0.6043721891229435,0.033958403233139686,0.8848218943580848,0.5322213633526138
2026-04-20,0.03171062594079174,0.029663639421631985,0.02240973923306432,0.03601276078519021,0.9791656346998029,0.9159584669195958,0.6919714098539381,1.1120076228505547,0.847230112282823,0.6391018886702373,1.0366462117286168,0.034162165203741046,0.9282381766984478,0.36617325077328633,0.0387452940932353,0.03820657539286081,0.036913584591975655,0.0393934608699738,1.1963832108918018,1.179748571160571,1.13982340031804,1.2163974053300148,0.7210564233980067,0.6826619063825092,0.7495235237357751,0.041740681503797165,0.9282381766984478,0.36617325077328633,0.03925463303312904,0.03252772142082047,0.02207542069199162,0.04601609754091988,1.1305215592867386,0.9367885393216059,0.6357654394975187,1.3252496921916745,0.8443356724269553,0.5940954506019244,1.1270032058889885,0.04263240768716152,0.9207697890576874,0.36617325077328544,0.040365275497675025,0.03983010665320218,0.03809872270981489,0.041650773817793446,1.1625077263658938,1.1470950255001258,1.0972316915657516,1.199529689202593,0.7033877528838604,0.6606175127080083,0.7412700596926831,0.04383861848789013,0.9207697890576874,0.36617325077328544,0.0340754580457124,0.03160213192244338,0.024568469480273494,0.038964232103754715,1.0595537575802265,0.9826441637829902,0.7639568449178094,1.211558298966403,0.9001134589953581,0.6963376060547376,1.1128748557406103,0.03851473399280561,0.8847382420472527,0.5327044596307846
2026-04-21,0.03277517782523478,0.030272350867374592,0.022651725316850183,0.03748830113052275,1.0120299916040862,0.9347478496533724,0.6994386271362889,1.1575615327146636,0.8677899726555558,0.6481935960811112,1.0734908833548098,0.03531121967641862,0.9281802816661853,0.3665417563998312,0.039062195082458354,0.03846955431342613,0.03719946802056354,0.03976824158191674,1.2061601365561574,1.1878606101369245,1.1486429611235136,1.2279613983747537,0.72586926480531,0.6950397348994075,0.7513402563329123,0.04208470687648894,0.9281802816661853,0.3665417563998312,0.039871395378894205,0.03273256936587926,0.02184415893418742,0.04590185056058123,1.1482841283128034,0.9426880981856284,0.6291051708149521,1.3219594137104762,0.8486441274316733,0.5970635946957963,1.1420961645676568,0.043305991194078866,0.9206900541822891,0.3665417563998304,0.040386042082333026,0.040053566175020164,0.03822387422786253,0.04180846795884184,1.1631057977234533,1.1535305921459769,1.10083601743503,1.204071232772188,0.7065641557891286,0.6690997636767854,0.7433468349250405,0.04386497051736036,0.9206900541822891,0.3665417563998304,0.034851978976724214,0.03215080250727037,0.024532507370156182,0.040384427431731346,1.0836932031268862,0.9997310340737051,0.7628296842165286,1.2556932969831558,0.9141865737083954,0.6988653529717003,1.154741906212347,0.03939614395568003,0.8846545747201067,0.5331875559089554
2026-04-22,0.029607369835175437,0.028191641975302155,0.02103261226454564,0.03488306259443694,0.9142082433224709,0.8704937868542801,0.6494392314446183,1.0771096370161262,0.8054796060699976,0.599798984869627,0.9942346212095058,0.03190028627857396,0.9281223866339225,0.36691026202637617,0.03770487494448858,0.03713612027466417,0.03571227125640383,0.03869458854331066,1.1642407846286198,1.1466789339652108,1.1027137145962926,1.194800889616281,0.7032979196922532,0.6459690013831977,0.7446559189142697,0.040624895474437504,0.9281223866339225,0.36691026202637617,0.03737684992889899,0.03116594013033005,0.020884128912703095,0.044114006290887575,1.0764419737966682,0.8975696500090128,0.6014565965451437,1.2704700394541906,0.7982780132143937,0.5644244015700122,1.0719886110372627,0.04060007708477489,0.9206103193068909,0.36691026202637533,0.04027960166532555,0.03907296775676304,0.037197364449483065,0.0412992989008186,1.1600403459051962,1.1252896542697635,1.071272846272603,1.1894073178928615,0.691336906261945,0.6316325089977756,0.7335903890775103,0.04375315029669802,0.9206103193068909,0.36691026202637533,0.031172465204498886,0.029684268185708844,0.022769912279209,0.03739717663190845,0.9692764514588369,0.9229949236565915,0.7080137960649554,1.1628427838345436,0.845575981861983,0.6394259838271719,1.0643946376265097,0.035240211951722104,0.8845708773603322,0.5336707951996419
2026-04-23,0.029732422880242255,0.028272496680439924,0.020649605652051446,0.03555107276151853,0.9180632079291413,0.8729843209602296,0.6376084210746172,1.0977286323493898,0.805513303936874,0.5905337336270094,1.0125644689755307,0.032037022372152,0.92806449160166,0.3672787676529211,0.03765613339040839,0.03708818110770244,0.0356198315718104,0.03866756278530862,1.162727664605458,1.1451907118750373,1.0998517332552333,1.1939580866472814,0.7022405647584691,0.6443260326852734,0.7442462360849044,0.04057491018261153,0.92806449160166,0.3672787676529211,0.03731302836298502,0.03076964915282518,0.020608195803068535,0.04377820097573778,1.0746039320003713,0.8861565897100676,0.5935098064401483,1.2607989479379476,0.7909687954533221,0.5580443747150513,1.072043588885153,0.04053426251560023,0.9205305844314925,0.3672787676529203,0.040272588460319766,0.03902374614493154,0.037117017377704925,0.04129032082415988,1.159838367722085,1.1238720867354703,1.0689588749053487,1.189148752000396,0.6906594328183084,0.6298999418388443,0.7331284685353863,0.043749321468978225,0.9205305844314925,0.3672787676529203,0.030981190101389687,0.0295601331670211,0.022218005456989865,0.03776315026064219,0.9633236307181019,0.9191267985782139,0.6908475813854629,1.174178351668257,0.8388540160976619,0.6193963658355983,1.0724118089194048,0.03502729189059695,0.8844871649842436,0.5341541059965863
2026-04-24,0.03170204990114281,0.029590668118099166,0.021243162886600837,0.03804466706776251,0.9788735746294871,0.91367981461017,0.6559314257622761,1.1747164415026334,0.8399240353038562,0.6121783200879144,1.0829173965310404,0.034161448871524364,0.9280065965693975,0.367647273279466,0.038322475535924196,0.037774642958003646,0.03647136142182113,0.03905716843649674,1.183294415770536,1.1663788271723292,1.1261370175716954,1.2059797458384962,0.7134751140020017,0.6671511267952724,0.7471503702103915,0.041295477508018326,0.9280065965693975,0.367647273279466,0.03858009599895484,0.031471900014699516,0.02046293821363483,0.04445038144134979,1.111095096707718,0.9063812021451556,0.5893264317957786,1.2801575420550915,0.812017391028014,0.560457356534578,1.1271704621829663,0.04191434666778878,0.9204508495560944,0.3676472732794652,0.040319904213515924,0.03949445049428146,0.03786060801617318,0.04145331208469085,1.1612010471040832,1.13742822963817,1.0903740604036487,1.1938428510090424,0.6980720313026771,0.6508999640730297,0.7374971027395993,0.04380451626826245,0.9204508495560944,0.3676472732794652,0.03268427669568622,0.03083155092766763,0.022375890140934204,0.04030959815975311,1.0162734802570719,0.9586726844755173,0.6957486663139132,1.2533639110411778,0.8742730626411923,0.619923079361223,1.1464408348376924,0.03695629575277856,0.8844034833558461,0.5346373452872728
2026-04-25,0.031104368762645423,0.029098932965943736,0.020599270029934603,0.038223409164564376,0.5959985715283933,0.5575719157988761,0.3947077533080434,0.7324082811281629,0.5142751477775399,0.3628120660583377,0.6749126081411047,0.033518774380492236,0.9279685590397964,0.36789806758587773,0.037990500380013184,0.037423998551660786,0.03614940333101896,0.03883743962145639,0.7279454577881945,0.7170905748923959,0.6926677378119744,0.7441738719355243,0.4442660052454463,0.4133496882358548,0.46683447876089745,0.040939426244487605,0.9279685590397964,0.36789806758587773,0.03798895741092892,0.030964064402613796,0.01988844133369959,0.04447850228853612,0.7275091484349296,0.5929786353954865,0.3808744436407012,0.8517874542744062,0.530271648752666,0.36257914295615057,0.7516194900299442,0.04127455279496239,0.9203965842984377,0.3678980675858769,0.04029242498843943,0.039286989340008946,0.03747132356426273,0.04132369192323096,0.7716218024789714,0.7523671642301905,0.7175961793866957,0.7913711238784432,0.4612519312125704,0.4263380870826214,0.4884370532747686,0.04377724306653299,0.9203965842984377,0.3678980675858769,0.03173970676585504,0.030244135868968423,0.02124092755919459,0.04006661521524766,0.6022827510385156,0.5738934664968021,0.40305675287010184,0.7603648907498203,0.5237976916524317,0.36156040168574893,0.6949550443831602,0.03589166003739051,0.8843198317600764,0.5351204415654436
2026-04-26,0.03039087246952466,0.02850569581789975,0.019695050186785888,0.038254060767640034,0.582325044118924,0.5462028308481371,0.3773804447518024,0.7329930276461202,0.5046213796467978,0.34887239626778954,0.6761017314772458,0.032751237043118164,0.9279305215101952,0.3681488618922894,0.037618974878628864,0.037051690562840085,0.03555961745061908,0.038650402643646026,0.7208240312242966,0.7099541930993488,0.6813643083642513,0.7405874065394139,0.4401801161871721,0.40491413253728537,0.4656151385641446,0.04054072369276577,0.9279305215101952,0.3681488618922894,0.037323295607080406,0.03044174345180128,0.019259380815324793,0.04418851229703999,0.7147613636819802,0.5829759057594788,0.368827593365594,0.8462339885794697,0.5228732841813266,0.35140455495008366,0.75494385802398,0.040553710108625976,0.9203423190407813,0.36814886189228857,0.04026194191920627,0.03899248726370551,0.03705923806028525,0.041278182966641985,0.7710380351620743,0.7467272896627932,0.7097045183748358,0.7904996026651582,0.45879493920408926,0.4178908018742944,0.48702959493224407,0.043746702815066596,0.9203423190407813,0.36814886189228857,0.03069578131294082,0.02947932305359733,0.02011890645423915,0.03988652054022346,0.5824701440136186,0.5593434603412818,0.3818104453577299,0.7568612418519467,0.5127472228148824,0.34218876382656804,0.6897835821121421,0.03471329488158962,0.8842658531161354,0.5354488698078412
2026-04-27,0.030109691663626186,0.028198904296588802,0.019073290139386204,0.038638961078637075,1.2369764558168812,1.1584768480659031,0.7835753052857273,1.5873787638030816,1.059179540050812,0.7182779404034901,1.4615697818050295,0.03244954796320551,0.927892483980594,0.3683996561987011,0.03741623148925528,0.03684872858289977,0.03518229869050947,0.03859797106235495,1.5371461765420464,1.5138318317253763,1.4453709997386315,1.5856947982005463,0.8879919495303914,0.8058257296230468,0.9483284254354333,0.040323886802857006,0.927892483980594,0.3683996561987011,0.036971512045153615,0.03001091286012117,0.01883929231603817,0.044272960546123966,1.3824254818437902,1.1221572604484107,0.7044320428601196,1.6554386182766203,1.0122883064333765,0.667297037163199,1.497032386318363,0.040173847626480574,0.9202880537831248,0.36839965619870024,0.04024428246149351,0.038886165661935035,0.036764382820141855,0.041252325213402836,1.5047997362223273,1.4540175212905506,1.374680580354744,1.542492108266117,0.8945284993966469,0.8069237785154793,0.949500680064803,0.04373009330726082,0.9202880537831248,0.36839965619870024,0.030100252758223974,0.029083582722511662,0.019217409737820674,0.040467584254355426,1.2036252788305897,1.1630820640390782,0.7684360255677469,1.618628937940616,1.0577681501962495,0.6829011606020048,1.4771538714085362,0.0340419006204723,0.8842118744721945,0.5357772980502389
2026-04-28,0.029554700955284337,0.028144521192907713,0.019407492203277768,0.038580026713312836,1.214166751835267,1.1562337216828331,0.7972989408816477,1.5849453456183744,1.0578519997680527,0.7328634963417016,1.4472949927657903,0.031852734088121164,0.927854446450993,0.36865045050511275,0.037469255431029254,0.036912217001444765,0.035260511825277896,0.0386085944109284,1.5393126199859064,1.5164283572853872,1.4485729757753458,1.5861189642814042,0.8892260470644843,0.8083967576857671,0.9484489681042945,0.04038268671810292,0.927854446450993,0.36865045050511275,0.036764275632297,0.030118216890599674,0.018693033756167272,0.045507727455953106,1.374676572425398,1.1261695341649107,0.6989631953903066,1.7016085784935728,1.0176655692106575,0.6679763624251732,1.4981875370084365,0.03995101689452855,0.9202337885254683,0.3686504505051119,0.040246054187941346,0.03889907861829389,0.03682209632778142,0.04125624426295127,1.5048659839804754,1.454500357910665,1.376838583076138,1.542638647957373,0.8950512345025434,0.8091897312638644,0.9496768886098832,0.043734597327087274,0.9202337885254683,0.3686504505051119,0.03053988020375837,0.029457854858047798,0.019479445396825286,0.04082235497581506,1.221186485829925,1.1777724838678554,0.7790971578571523,1.6324873273540805,1.0671515463451944,0.7018759690201647,1.4854557397560242,0.03454120562534581,0.8841579108445674,0.5361056547863786
2026-04-29,0.027659721634960267,0.027028870462645186,0.018882060118832773,0.03732214013432046,1.136308389461765,1.110391950783748,0.7757071313484294,1.5332569686345972,1.0184972929164147,0.7128285045436642,1.4310329165272833,0.029811632311089794,0.9278164089213918,0.3689012448115244,0.03698749595361603,0.03643701155666311,0.034336568223280885,0.03854046522426549,1.5195092167577906,1.496894381844382,1.4106045987145865,1.5833078346218556,0.8778457610530941,0.7852936938701327,0.9456858084459678,0.039865102188281897,0.9278164089213918,0.3689012448115244,0.035577012106058174,0.02952781233879655,0.018213753937366857,0.04484012721915825,1.3302828416433916,1.1040933394988022,0.6810421367753934,1.6766459105371476,1.0059003891212568,0.6549256660254227,1.4593778677458296,0.03866312084376141,0.9201795232678118,0.3689012448115236,0.04020719901902015,0.038668927265731914,0.03603156315350424,0.041197876632671424,1.5034131254781677,1.44589462130801,1.3472792509333544,1.5404561865174642,0.8886492778373553,0.7895290508999446,0.9463877368945403,0.04369495082463178,0.9201795232678118,0.3689012448115236,0.0295502250230346,0.028772947584123233,0.01924711697579739,0.04024276786309179,1.1815958435489207,1.1508574003101824,0.7698814592033517,1.6095816215215895,1.0469860586120963,0.695458424597191,1.453581450577274,0.03342392613001601,0.8841039472169407,0.5364339400162605
2026-04-30,0.026425005071136348,0.026425005071136348,0.01821528220453096,0.03712410869218176,1.0855757373712858,1.0855757373712858,0.7483089731630236,1.5251097042091837,0.9956498721775147,0.6939695143885269,1.4150891574139834,0.0284820231705718,0.9277783713917906,0.36915203911793615,0.03674446514855542,0.03622349950085082,0.033779512415573115,0.038472581528744186,1.509513422630394,1.4881114336570853,1.3877090657073352,1.5805068324192144,0.8723927672224452,0.7736830897188829,0.9445158747099909,0.03960478739489675,0.9277783713917906,0.36915203911793615,0.03484116781012921,0.029472267505263224,0.017884783673934045,0.045674210055360445,1.3027684163713273,1.102016427059639,0.6687413989969935,1.7078336359762967,1.000206850350731,0.6427008298048551,1.4446350673743635,0.037865679163591306,0.9201252580101553,0.36915203911793526,0.04018648071814883,0.03855554281765678,0.035605799759816814,0.04115989595926934,1.5026384342231802,1.4416549908035172,1.3313592592394539,1.5390360268370995,0.8854550882655701,0.7790144267106696,0.9451431282061561,0.04367501094911286,0.9201252580101553,0.36915203911793526,0.029185053542380747,0.028584912489846036,0.018934322603307602,0.04037835166307049,1.166976626942912,1.142780562038032,0.7571925968105232,1.6144809684272337,1.0396656104118462,0.6836141633039928,1.4714938913164954,0.033012899818047725,0.8840499835893136,0.5367621537398846
2026-05-01,0.027744284467276968,0.027744284467276968,0.018854642398491432,0.03962665147947634,1.1397647423197588,1.1397647423197588,0.7745687822727605,1.6279050290797838,1.0416385971593973,0.722168845000638,1.5079635986159368,0.029905226122677365,0.9277403338621895,0.3694028334243478,0.037544312485162976,0.036978527372951556,0.03541602359185225,0.03862511982271024,1.5423603263473966,1.5191172716062078,1.4549279528462051,1.5867610423950498,0.8907351981022427,0.8117518678205736,0.9483226431252739,0.04046855689551164,0.9277403338621895,0.3694028334243478,0.035996372096786064,0.03073545283740913,0.01791051071957426,0.048161973800507935,1.3459633995967686,1.1492489987033712,0.6697033754350183,1.8008552032278276,1.0453780243661117,0.6400059997835883,1.5047379258622804,0.039123472406296336,0.9200709927524988,0.36940283342434693,0.04024498621834306,0.038945510243045836,0.036922741226448175,0.04125821972430296,1.5048260508453446,1.4562365125245773,1.3806018609308441,1.5427125136977748,0.8945496710509404,0.81230998805668,0.9493359754931575,0.0437411749042816,0.9200709927524988,0.36940283342434693,0.03166355581939276,0.03027198190580816,0.019388272742563557,0.04328176543567109,1.2660616338586843,1.210603784476724,0.7752044297913337,1.730650896554536,1.1038949602745094,0.7142423031688947,1.5761425074431068,0.03581866332471166,0.883996019961687,0.5370903674635086
2026-05-02,0.026130482877073483,0.02684647397990739,0.018180488818861952,0.03909203647026123,0.5006803518286117,0.514399297588606,0.3483522895870567,0.7490337880743876,0.4753271826063493,0.32238907839868597,0.6997924056265789,0.028167191431402068,0.927692167701961,0.3697190938142485,0.037129148727495453,0.03655675818587298,0.03465124161926672,0.038563143899651146,0.7114233340207309,0.700455886572052,0.6639447088233722,0.7388997955424343,0.4345151582837771,0.3933236832426459,0.4641631615231477,0.040023134850292186,0.927692167701961,0.3697190938142485,0.0349565755312967,0.030593599980682836,0.017469075627077696,0.04861391850158223,0.6694373899731908,0.5858840406897392,0.3345422775341682,0.9309829187625066,0.5325852398964136,0.3230795664902807,0.7818004936649954,0.03799617192525187,0.9200025623651027,0.36971909381424767,0.04021060349711957,0.0387279343311252,0.036292624849662926,0.04120704913929799,0.7700548765212546,0.7416609574490514,0.6950234594027261,0.7891373512720454,0.4559025579203283,0.4067998464043448,0.48480268594962933,0.04370705598226585,0.9200025623651027,0.36971909381424767,0.030831673848297925,0.029805481699957233,0.01893271291715554,0.04336785363556582,0.5850282693077502,0.5655343843200555,0.3592230982406406,0.8228725165467198,0.5177738282422777,0.3242876816922532,0.7635338333067178,0.03487974537173282,0.8839420563340601,0.5374185811871326
2026-05-03,0.027440199360866706,0.02795691718427499,0.01872588283965356,0.04238546425637398,0.5257736567839549,0.5356743362930942,0.35880117952618223,0.8121355185320156,0.49616737056306703,0.32962024544227897,0.7570051434920783,0.029580527999169357,0.927644001541732,0.37003535420414924,0.037959873762168174,0.03740139191578763,0.036109669921847144,0.03881646272062786,0.7273380698339811,0.7166371620615071,0.6918868536774182,0.7437509210355081,0.44361822732648637,0.41262871024279724,0.46616603800007916,0.04092073435399719,0.927644001541732,0.37003535420414924,0.0361419193125261,0.031933389028114996,0.017357288063383883,0.05116876815854004,0.6921373665889416,0.611541727960183,0.33240148502994693,0.9799096760358699,0.5583294109397511,0.3236210679901867,0.8254992465580676,0.03928750772060923,0.9199341319777066,0.3700353542041484,0.04027086295588968,0.03925083180600785,0.03743620693747341,0.04130091045280034,0.7712088778553996,0.7516747278338425,0.7169236769282825,0.7909348463577471,0.46033159526919604,0.42541824721120514,0.4874378884991716,0.04377581128478619,0.9199341319777066,0.3700353542041484,0.0334564751975358,0.03172606899075675,0.01945296020875478,0.04732221041554937,0.6348298034396519,0.6020748806159999,0.3691177898190094,0.8978605253018387,0.548006860753071,0.3379301911391178,0.8305973712087813,0.03785208613666095,0.8838740109790708,0.537833603507811
2026-05-04,0.02503240752561266,0.026568626236778907,0.01783671934925459,0.040956646223867715,1.0283362991584482,1.0914444705367812,0.7327359921722696,1.6825072043390328,0.999858823893408,0.6680170659396123,1.5405878425421946,0.026986330221412953,0.9275958353815035,0.37035161459404986,0.0371682287072401,0.0365889538331134,0.03474017660746734,0.0385647373830003,1.526878256355114,1.5030815288671395,1.4271333913080932,1.5842471115842605,0.8820563405954016,0.793999143829051,0.9456426044720688,0.04006942171312517,0.9275958353815035,0.37035161459404986,0.03445078142926963,0.031144496629408477,0.01706052594839408,0.051169214710914075,1.2881712292179874,1.1645438170640399,0.6379210505621931,1.9133008738163402,1.061688237422583,0.6169065793464291,1.549830710269772,0.03745196866206597,0.9198657015903103,0.37035161459404914,0.040207883128335294,0.03874518230041896,0.03636971463443905,0.04120591699068851,1.503438705447644,1.4487459221404322,1.3599232894946274,1.5407568286927797,0.8903513884896026,0.7958055219898719,0.9465320431993208,0.043710601513701264,0.9198657015903103,0.37035161459404914,0.03155824202326287,0.03028214622830287,0.018455939297259825,0.04616256952573886,1.2617929765646734,1.2107694874036359,0.737922890014539,1.845986850513452,1.0960864071412932,0.6632361040506705,1.6799797763490212,0.035707205147754974,0.8838059963717726,0.5382485543222315
2026-05-05,0.022112679244065465,0.02470962272557422,0.016190406085761617,0.03858865480983962,0.9083869021219733,1.0150691100134794,0.6651004460388401,1.585218517071915,0.9336939749485502,0.6091596689752535,1.4596749039244186,0.023839938342608558,0.9275476692212747,0.3706678749839506,0.03609923516680406,0.035611391884647466,0.032332836621217345,0.03822297625956543,1.4829533789283524,1.4629128201653008,1.3282300607261759,1.57019647465952,0.8589022779927142,0.7420998079908517,0.9415555821782725,0.0389190080086248,0.9275476692212747,0.3706678749839506,0.03230130417569374,0.029666069951343802,0.016384837949142902,0.051034645142566726,1.2077987487969055,1.1092630184237746,0.6126559679007085,1.9082690969137102,1.0160248172135813,0.5945869122456214,1.51081018952221,0.03511785171253007,0.9197972712029141,0.3706678749839499,0.04012383887119665,0.03813633364383491,0.034391724168099616,0.04107018159772379,1.5002961528106518,1.4259800721416496,1.2859629813478537,1.535681459695338,0.8764397511664772,0.7511645029007687,0.9431687419538448,0.04362248087420672,0.9197972712029141,0.3706678749839499,0.0288302641194215,0.028227576644816177,0.017122862225505044,0.04395055265710362,1.1527025473059682,1.1285675143137546,0.6848725021507684,1.7570785750608335,1.0252242842947528,0.6153858903094133,1.6024843861591813,0.03262309045703671,0.8837379817644742,0.5386635051366521
2026-05-06,0.021208300907737267,0.024248820730973644,0.015575092507008913,0.03909482163939815,0.8712290043305125,0.9961324121880952,0.6398189273279579,1.6060005315628958,0.9154568919385546,0.5891149060431323,1.4699618714679497,0.02286610487417305,0.927499503061046,0.37098413537385133,0.035913960870141176,0.03544771247796726,0.03191748378759963,0.03817921258202089,1.4753319705607872,1.4561786624173598,1.3111581989512866,1.568387656732185,0.855322198507549,0.7334859929690491,0.9407644744333058,0.03872127235822077,0.927499503061046,0.37098413537385133,0.0317142484222601,0.029761865255107975,0.016149807787770996,0.0524341946281953,1.1858477711950564,1.1128449619700063,0.6038678046336623,1.9606005479420416,1.0110367290240614,0.5837307327284097,1.5483147603236307,0.034482172369564135,0.919728840815518,0.3709841353738506,0.04010692321433433,0.03798596731292715,0.03405912086647524,0.04105274117922011,1.4996636486528547,1.4203576283745578,1.2735263983119922,1.5350293338389742,0.8740611419559988,0.7435490701807377,0.9427725001130369,0.04360733450390853,0.919728840815518,0.3709841353738506,0.02858501940627031,0.02812828466947541,0.01668120620171456,0.04495843252870625,1.142879521654324,1.1245726406310594,0.6669765896349679,1.7977974905096938,1.0192634417636475,0.5974078700587767,1.6497266084448015,0.0323480716428897,0.8836699671571757,0.5390784559510725
2026-05-07,0.023447963353856904,0.026270660410272168,0.016248403352972042,0.043492053885619615,0.9632267308020023,1.0791812474763924,0.6674735970133275,1.7866246312270486,0.988281376980387,0.6115491860657136,1.648893316408393,0.02528214950038339,0.9274513369008173,0.37130039576375196,0.03721604256007824,0.036638817005830965,0.034834766251463964,0.03856421455798007,1.5288102624331292,1.5050982207874504,1.4309890163288035,1.584192270947066,0.8827947475519917,0.796308751805966,0.9453511040424236,0.04012721862522709,0.9274513369008173,0.37130039576375196,0.03368695996031331,0.031653727241274514,0.01628792234728942,0.056330939454174375,1.2596106915538812,1.1835847849616672,0.6090321345712291,2.106306229037726,1.077835145104761,0.591112880047993,1.6721882615938042,0.03662978157843209,0.9196604104281219,0.37130039576375135,0.040202981240168,0.03875809762976917,0.03646010982287687,0.04120296013475205,1.5032554158082225,1.4492288474905868,1.3633033138706903,1.540646266999016,0.8904820060129479,0.7977085070573193,0.9462371881820515,0.04371502870440258,0.9196604104281219,0.37130039576375135,0.03264811643774247,0.03075577010750634,0.017972144790618313,0.05053719154954512,1.3053092547770202,1.2294121786408094,0.7185329981576583,2.0205935528625942,1.1200692328299198,0.6517259743561824,1.848573477619538,0.03694889575959777,0.8836019525498773,0.5394934067654931
2026-05-08,0.024266349383101078,0.026995732049654282,0.016245691008213964,0.04653718677325743,0.9968384854264005,1.1089589218596902,0.667357490146867,1.9117032416653976,1.0202129883864224,0.6158309727610449,1.7684720491789225,0.026165911599938682,0.9274031707405885,0.3716166561536527,0.037879305905047886,0.03731845697835227,0.03601205191446048,0.038776233565677345,1.5560457541951793,1.533006615270163,1.479340741401628,1.5928906869307797,0.897186813003721,0.8267222170734331,0.9492325968066232,0.04084448608774858,0.9274031707405885,0.3716166561536527,0.034537654179701074,0.03265017679947332,0.01627232551461678,0.059163098488644324,1.2914195438589362,1.2208436684756447,0.6084489434132268,2.212205301088218,1.1108395856340412,0.5898278093265198,1.791600696419274,0.037557585243589785,0.9195919800407257,0.3716166561536521,0.04025051405654858,0.03918657402449212,0.0373804499265174,0.04127731884267724,1.5050327457834767,1.465250282743495,1.3977163400320642,1.5434266610631597,0.8974631146686431,0.8269297613743749,0.9498322180488991,0.0437699707372024,0.9195919800407257,0.3716166561536521,0.03491638882372581,0.03216118634359503,0.018386309773156605,0.05473260371101955,1.395975941825432,1.286136852123402,0.7350305799196826,2.1885217504960823,1.1754825030507523,0.6660446395345726,1.9996608561097364,0.039519012597335035,0.8835339379425791,0.5399083575799135
2026-05-09,0.021183855452587386,0.02495231601576101,0.015104287741909887,0.0443727966272272,0.40588910172717635,0.4780939501932284,0.2894027386805929,0.8501962546174817,0.4450307409544475,0.2663533643867147,0.7849604461623992,0.02284328064951836,0.9273560911678436,0.3719218575788171,0.03661554984893316,0.03610788276750805,0.03354113999633715,0.03842427053893222,0.7015650513049031,0.6918379959009766,0.6426584251619756,0.7362206888389761,0.4292157893654402,0.3808465325780451,0.4628507773383694,0.03948380799744599,0.9273560911678436,0.3719218575788171,0.03211987929243977,0.031262592293139976,0.015325054762719002,0.05915805970980917,0.6151131177175467,0.5986956064897839,0.2934831145678379,1.1329089444861817,0.5384985960878049,0.2836879267641377,0.8912172910469679,0.03493091146986164,0.9195259425209323,0.3719218575788166,0.04015178444215884,0.03846367823374362,0.03535169303836835,0.04111557652671785,0.768928459701668,0.736600309790437,0.6770041046369298,0.7873856011051891,0.45209355846166244,0.3959622118853271,0.4828994423862603,0.043665744037716274,0.9195259425209323,0.3719218575788166,0.031523793021938015,0.030274447930263425,0.016516108371829548,0.05353316087186991,0.5981358884194621,0.5744407133449376,0.31337300893513004,1.0157460439126458,0.525598293529173,0.28866135150186634,0.9345081084415823,0.035681956925886486,0.8834659233352806,0.5403233083943342
