date,age_group,daily_proportion,cumulative_proportion
2025-09-01,0,0.0,0.0
2025-09-02,0,0.0,0.0
2025-09-03,0,0.0,0.0
2025-09-04,0,0.0,0.0
2025-09-05,0,0.0,0.0
2025-09-06,0,0.00137752874142219,0.00137752874142219
2025-09-07,0,0.00137752874142219,0.00275505748284438
2025-09-08,0,0.00137752874142219,0.0041325862242665694
2025-09-09,0,0.00137752874142219,0.00551011496568876
2025-09-10,0,0.00137752874142219,0.00688764370711095
2025-09-11,0,0.00137752874142219,0.00826517244853314
2025-09-12,0,0.00137752874142219,0.009642701189955331
2025-09-13,0,0.00132103456976635,0.01096373575972168
2025-09-14,0,0.00132103456976635,0.012284770329488031
2025-09-15,0,0.00132103456976635,0.013605804899254382
2025-09-16,0,0.00132103456976635,0.014926839469020733
2025-09-17,0,0.00132103456976635,0.016247874038787084
2025-09-18,0,0.00132103456976635,0.017568908608553434
2025-09-19,0,0.00132103456976635,0.018889943178319785
2025-09-20,0,0.00146142545915077,0.020351368637470557
2025-09-21,0,0.00146142545915077,0.021812794096621325
2025-09-22,0,0.00146142545915077,0.023274219555772094
2025-09-23,0,0.00146142545915077,0.024735645014922862
2025-09-24,0,0.00146142545915077,0.02619707047407363
2025-09-25,0,0.00146142545915077,0.0276584959332244
2025-09-26,0,0.00146142545915077,0.029119921392375167
2025-09-27,0,0.00311458327509151,0.032234504667466676
2025-09-28,0,0.00311458327509151,0.035349087942558186
2025-09-29,0,0.00311458327509151,0.038463671217649695
2025-09-30,0,0.00311458327509151,0.041578254492741204
2025-10-01,0,0.00311458327509151,0.04469283776783271
2025-10-02,0,0.00311458327509151,0.04780742104292422
2025-10-03,0,0.00311458327509151,0.05092200431801573
2025-10-04,0,0.00177018461417252,0.05269218893218825
2025-10-05,0,0.00177018461417252,0.05446237354636077
2025-10-06,0,0.00177018461417252,0.05623255816053329
2025-10-07,0,0.00177018461417252,0.05800274277470581
2025-10-08,0,0.00177018461417252,0.05977292738887833
2025-10-09,0,0.00177018461417252,0.06154311200305085
2025-10-10,0,0.00177018461417252,0.06331329661722337
2025-10-11,0,0.00198355231160114,0.06529684892882451
2025-10-12,0,0.00198355231160114,0.06728040124042564
2025-10-13,0,0.00198355231160114,0.06926395355202677
2025-10-14,0,0.00198355231160114,0.07124750586362791
2025-10-15,0,0.00198355231160114,0.07323105817522904
2025-10-16,0,0.00198355231160114,0.07521461048683017
2025-10-17,0,0.00198355231160114,0.07719816279843131
2025-10-18,0,0.00214998495175922,0.07934814775019053
2025-10-19,0,0.00214998495175922,0.08149813270194975
2025-10-20,0,0.00214998495175922,0.08364811765370897
2025-10-21,0,0.00214998495175922,0.08579810260546819
2025-10-22,0,0.00214998495175922,0.08794808755722741
2025-10-23,0,0.00214998495175922,0.09009807250898663
2025-10-24,0,0.00214998495175922,0.09224805746074585
2025-10-25,0,0.0024094580766106,0.09465751553735645
2025-10-26,0,0.0024094580766106,0.09706697361396704
2025-10-27,0,0.0024094580766106,0.09947643169057764
2025-10-28,0,0.0024094580766106,0.10188588976718824
2025-10-29,0,0.0024094580766106,0.10429534784379883
2025-10-30,0,0.0024094580766106,0.10670480592040943
2025-10-31,0,0.0024094580766106,0.10911426399702003
2025-11-01,0,0.00435836482212012,0.11347262881914015
2025-11-02,0,0.00435836482212012,0.11783099364126028
2025-11-03,0,0.00435836482212012,0.1221893584633804
2025-11-04,0,0.00435836482212012,0.1265477232855005
2025-11-05,0,0.00435836482212012,0.13090608810762064
2025-11-06,0,0.00435836482212012,0.13526445292974076
2025-11-07,0,0.00435836482212012,0.1396228177518609
2025-11-08,0,0.00168870356769196,0.14131152131955285
2025-11-09,0,0.00168870356769196,0.14300022488724481
2025-11-10,0,0.00168870356769196,0.14468892845493678
2025-11-11,0,0.00168870356769196,0.14637763202262874
2025-11-12,0,0.00168870356769196,0.1480663355903207
2025-11-13,0,0.00168870356769196,0.14975503915801266
2025-11-14,0,0.00168870356769196,0.15144374272570463
2025-11-15,0,0.00135686334350993,0.15280060606921456
2025-11-16,0,0.00135686334350993,0.15415746941272448
2025-11-17,0,0.00135686334350993,0.1555143327562344
2025-11-18,0,0.00135686334350993,0.15687119609974434
2025-11-19,0,0.00135686334350993,0.15822805944325427
2025-11-20,0,0.00135686334350993,0.1595849227867642
2025-11-21,0,0.00135686334350993,0.16094178613027413
2025-11-22,0,0.00109617772368846,0.16203796385396257
2025-11-23,0,0.00109617772368846,0.16313414157765102
2025-11-24,0,0.00109617772368846,0.16423031930133947
2025-11-25,0,0.00109617772368846,0.1653264970250279
2025-11-26,0,0.00109617772368846,0.16642267474871636
2025-11-27,0,0.00109617772368846,0.1675188524724048
2025-11-28,0,0.00109617772368846,0.16861503019609325
2025-11-29,0,0.00198224583096474,0.170597276027058
2025-11-30,0,0.00198224583096474,0.17257952185802272
2025-12-01,0,0.00198224583096474,0.17456176768898746
2025-12-02,0,0.00198224583096474,0.1765440135199522
2025-12-03,0,0.00198224583096474,0.17852625935091693
2025-12-04,0,0.00198224583096474,0.18050850518188166
2025-12-05,0,0.00198224583096474,0.1824907510128464
2025-12-06,0,0.00086136611818234,0.18335211713102872
2025-12-07,0,0.00086136611818234,0.18421348324921105
2025-12-08,0,0.00086136611818234,0.18507484936739338
2025-12-09,0,0.00086136611818234,0.1859362154855757
2025-12-10,0,0.00086136611818234,0.18679758160375803
2025-12-11,0,0.00086136611818234,0.18765894772194036
2025-12-12,0,0.00086136611818234,0.1885203138401227
2025-12-13,0,0.000789003278825236,0.1893093171189479
2025-12-14,0,0.000789003278825236,0.19009832039777314
2025-12-15,0,0.000789003278825236,0.19088732367659836
2025-12-16,0,0.000789003278825236,0.19167632695542358
2025-12-17,0,0.000789003278825236,0.1924653302342488
2025-12-18,0,0.000789003278825236,0.19325433351307403
2025-12-19,0,0.000789003278825236,0.19404333679189925
2025-12-20,0,0.000719564911306368,0.19476290170320562
2025-12-21,0,0.000719564911306368,0.195482466614512
2025-12-22,0,0.000719564911306368,0.19620203152581836
2025-12-23,0,0.000719564911306368,0.19692159643712473
2025-12-24,0,0.000719564911306368,0.1976411613484311
2025-12-25,0,0.000719564911306368,0.19836072625973747
2025-12-26,0,0.000719564911306368,0.19908029117104384
2025-12-27,0,0.000774078461512407,0.19985436963255623
2025-12-28,0,0.000774078461512407,0.20062844809406863
2025-12-29,0,0.000774078461512407,0.20140252655558102
2025-12-30,0,0.000774078461512407,0.20217660501709342
2025-12-31,0,0.000774078461512407,0.20295068347860581
2026-01-01,0,0.000774078461512407,0.2037247619401182
2026-01-02,0,0.000774078461512407,0.2044988404016306
2026-01-03,0,0.00119498674505759,0.20569382714668819
2026-01-04,0,0.00119498674505759,0.20688881389174577
2026-01-05,0,0.00119498674505759,0.20808380063680335
2026-01-06,0,0.00119498674505759,0.20927878738186093
2026-01-07,0,0.00119498674505759,0.2104737741269185
2026-01-08,0,0.00119498674505759,0.21166876087197609
2026-01-09,0,0.00119498674505759,0.21286374761703367
2026-01-10,0,0.000408491525656623,0.21327223914269028
2026-01-11,0,0.000408491525656623,0.2136807306683469
2026-01-12,0,0.000408491525656623,0.2140892221940035
2026-01-13,0,0.000408491525656623,0.21449771371966012
2026-01-14,0,0.000408491525656623,0.21490620524531673
2026-01-15,0,0.000408491525656623,0.21531469677097334
2026-01-16,0,0.000408491525656623,0.21572318829662995
2026-01-17,0,0.000314813109925041,0.216038001406555
2026-01-18,0,0.000314813109925041,0.21635281451648003
2026-01-19,0,0.000314813109925041,0.21666762762640507
2026-01-20,0,0.000314813109925041,0.2169824407363301
2026-01-21,0,0.000314813109925041,0.21729725384625515
2026-01-22,0,0.000314813109925041,0.21761206695618018
2026-01-23,0,0.000314813109925041,0.21792688006610522
2026-01-24,0,0.000221354881576035,0.21814823494768126
2026-01-25,0,0.000221354881576035,0.2183695898292573
2026-01-26,0,0.000221354881576035,0.21859094471083335
2026-01-27,0,0.000221354881576035,0.2188122995924094
2026-01-28,0,0.000221354881576035,0.21903365447398543
2026-01-29,0,0.000221354881576035,0.21925500935556147
2026-01-30,0,0.000221354881576035,0.2194763642371375
2026-01-31,0,0.000523264797883414,0.21999962903502093
2026-02-01,0,0.000523264797883414,0.22052289383290435
2026-02-02,0,0.000523264797883414,0.22104615863078778
2026-02-03,0,0.000523264797883414,0.2215694234286712
2026-02-04,0,0.000523264797883414,0.22209268822655462
2026-02-05,0,0.000523264797883414,0.22261595302443804
2026-02-06,0,0.000523264797883414,0.22313921782232146
2026-02-07,0,0.000303613373228449,0.22344283119554992
2026-02-08,0,0.000303613373228449,0.22374644456877837
2026-02-09,0,0.000303613373228449,0.22405005794200683
2026-02-10,0,0.000303613373228449,0.2243536713152353
2026-02-11,0,0.000303613373228449,0.22465728468846374
2026-02-12,0,0.000303613373228449,0.2249608980616922
2026-02-13,0,0.000303613373228449,0.22526451143492066
2026-02-14,0,0.000354472398630081,0.22561898383355072
2026-02-15,0,0.000354472398630081,0.2259734562321808
2026-02-16,0,0.000354472398630081,0.22632792863081086
2026-02-17,0,0.000354472398630081,0.22668240102944093
2026-02-18,0,0.000354472398630081,0.227036873428071
2026-02-19,0,0.000354472398630081,0.22739134582670106
2026-02-20,0,0.000354472398630081,0.22774581822533113
2026-02-21,0,0.000378584913884809,0.22812440313921595
2026-02-22,0,0.000378584913884809,0.22850298805310076
2026-02-23,0,0.000378584913884809,0.22888157296698558
2026-02-24,0,0.000378584913884809,0.2292601578808704
2026-02-25,0,0.000378584913884809,0.2296387427947552
2026-02-26,0,0.000378584913884809,0.23001732770864003
2026-02-27,0,0.000378584913884809,0.23039591262252485
2026-02-28,0,0.000705434046562877,0.23110134666908771
2026-03-01,0,0.000705434046562877,0.23180678071565058
2026-03-02,0,0.000705434046562877,0.23251221476221345
2026-03-03,0,0.000705434046562877,0.23321764880877632
2026-03-04,0,0.000705434046562877,0.2339230828553392
2026-03-05,0,0.000705434046562877,0.23462851690190206
2026-03-06,0,0.000705434046562877,0.23533395094846493
2026-03-07,0,0.000273514530150443,0.23560746547861539
2026-03-08,0,0.000273514530150443,0.23588098000876584
2026-03-09,0,0.000273514530150443,0.2361544945389163
2026-03-10,0,0.000273514530150443,0.23642800906906675
2026-03-11,0,0.000273514530150443,0.2367015235992172
2026-03-12,0,0.000273514530150443,0.23697503812936765
2026-03-13,0,0.000273514530150443,0.2372485526595181
2026-03-14,0,0.000194275827244321,0.23744282848676243
2026-03-15,0,0.000194275827244321,0.23763710431400675
2026-03-16,0,0.000194275827244321,0.23783138014125108
2026-03-17,0,0.000194275827244321,0.2380256559684954
2026-03-18,0,0.000194275827244321,0.23821993179573972
2026-03-19,0,0.000194275827244321,0.23841420762298404
2026-03-20,0,0.000194275827244321,0.23860848345022836
2026-03-21,0,0.000127302653165931,0.2387357861033943
2026-03-22,0,0.000127302653165931,0.23886308875656023
2026-03-23,0,0.000127302653165931,0.23899039140972617
2026-03-24,0,0.000127302653165931,0.2391176940628921
2026-03-25,0,0.000127302653165931,0.23924499671605803
2026-03-26,0,0.000127302653165931,0.23937229936922397
2026-03-27,0,0.000127302653165931,0.2394996020223899
2026-03-28,0,0.000111141911028531,0.23961074393341844
2026-03-29,0,0.000111141911028531,0.23972188584444698
2026-03-30,0,0.000111141911028531,0.23983302775547552
2026-03-31,0,0.000111141911028531,0.23994416966650406
2026-04-01,0,0.000111141911028531,0.2400553115775326
2026-04-02,0,0.000111141911028531,0.24016645348856114
2026-04-03,0,0.000111141911028531,0.24027759539958968
2026-04-04,0,0.000141866970217564,0.24041946236980724
2026-04-05,0,0.000141866970217564,0.2405613293400248
2026-04-06,0,0.000141866970217564,0.24070319631024237
2026-04-07,0,0.000141866970217564,0.24084506328045993
2026-04-08,0,0.000141866970217564,0.2409869302506775
2026-04-09,0,0.000141866970217564,0.24112879722089506
2026-04-10,0,0.000141866970217564,0.24127066419111262
2026-04-11,0,2.58281663500685e-05,0.2412964923574627
2026-04-12,0,2.58281663500685e-05,0.24132232052381278
2026-04-13,0,2.58281663500685e-05,0.24134814869016286
2026-04-14,0,2.58281663500685e-05,0.24137397685651293
2026-04-15,0,2.58281663500685e-05,0.241399805022863
2026-04-16,0,2.58281663500685e-05,0.2414256331892131
2026-04-17,0,2.58281663500685e-05,0.24145146135556317
2026-04-18,0,6.93409206240403e-06,0.24145839544762557
2026-04-19,0,6.93409206240403e-06,0.24146532953968797
2026-04-20,0,6.93409206240403e-06,0.24147226363175037
2026-04-21,0,6.93409206240403e-06,0.24147919772381277
2026-04-22,0,6.93409206240403e-06,0.24148613181587517
2026-04-23,0,6.93409206240403e-06,0.24149306590793757
2026-04-24,0,6.93409206240403e-06,0.24149999999999996
2026-04-25,0,0.0,0.24149999999999996
2026-04-26,0,0.0,0.24149999999999996
2026-04-27,0,0.0,0.24149999999999996
2026-04-28,0,0.0,0.24149999999999996
2026-04-29,0,0.0,0.24149999999999996
2026-04-30,0,0.0,0.24149999999999996
2026-05-01,0,0.0,0.24149999999999996
2026-05-02,0,0.0,0.24149999999999996
2026-05-03,0,0.0,0.24149999999999996
2026-05-04,0,0.0,0.24149999999999996
2026-05-05,0,0.0,0.24149999999999996
2026-05-06,0,0.0,0.24149999999999996
2026-05-07,0,0.0,0.24149999999999996
2026-05-08,0,0.0,0.24149999999999996
2025-09-01,1-4,0.0,0.0
2025-09-02,1-4,0.0,0.0
2025-09-03,1-4,0.0,0.0
2025-09-04,1-4,0.0,0.0
2025-09-05,1-4,0.0,0.0
2025-09-06,1-4,0.00275505748284438,0.00275505748284438
2025-09-07,1-4,0.00275505748284438,0.00551011496568876
2025-09-08,1-4,0.00275505748284438,0.008265172448533139
2025-09-09,1-4,0.00275505748284438,0.01102022993137752
2025-09-10,1-4,0.00275505748284438,0.0137752874142219
2025-09-11,1-4,0.00275505748284438,0.01653034489706628
2025-09-12,1-4,0.00275505748284438,0.019285402379910662
2025-09-13,1-4,0.00264206913953269,0.021927471519443353
2025-09-14,1-4,0.00264206913953269,0.024569540658976045
2025-09-15,1-4,0.00264206913953269,0.027211609798508736
2025-09-16,1-4,0.00264206913953269,0.029853678938041427
2025-09-17,1-4,0.00264206913953269,0.03249574807757412
2025-09-18,1-4,0.00264206913953269,0.035137817217106806
2025-09-19,1-4,0.00264206913953269,0.037779886356639494
2025-09-20,1-4,0.00292285091830155,0.040702737274941045
2025-09-21,1-4,0.00292285091830155,0.043625588193242595
2025-09-22,1-4,0.00292285091830155,0.046548439111544146
2025-09-23,1-4,0.00292285091830155,0.049471290029845696
2025-09-24,1-4,0.00292285091830155,0.05239414094814725
2025-09-25,1-4,0.00292285091830155,0.0553169918664488
2025-09-26,1-4,0.00292285091830155,0.05823984278475035
2025-09-27,1-4,0.00622916655018302,0.06446900933493337
2025-09-28,1-4,0.00622916655018302,0.07069817588511638
2025-09-29,1-4,0.00622916655018302,0.0769273424352994
2025-09-30,1-4,0.00622916655018302,0.08315650898548242
2025-10-01,1-4,0.00622916655018302,0.08938567553566544
2025-10-02,1-4,0.00622916655018302,0.09561484208584846
2025-10-03,1-4,0.00622916655018302,0.10184400863603148
2025-10-04,1-4,0.00354036922834504,0.10538437786437652
2025-10-05,1-4,0.00354036922834504,0.10892474709272155
2025-10-06,1-4,0.00354036922834504,0.1124651163210666
2025-10-07,1-4,0.00354036922834504,0.11600548554941163
2025-10-08,1-4,0.00354036922834504,0.11954585477775667
2025-10-09,1-4,0.00354036922834504,0.12308622400610171
2025-10-10,1-4,0.00354036922834504,0.12662659323444675
2025-10-11,1-4,0.00396710462320228,0.13059369785764902
2025-10-12,1-4,0.00396710462320228,0.13456080248085128
2025-10-13,1-4,0.00396710462320228,0.13852790710405355
2025-10-14,1-4,0.00396710462320228,0.14249501172725582
2025-10-15,1-4,0.00396710462320228,0.14646211635045808
2025-10-16,1-4,0.00396710462320228,0.15042922097366035
2025-10-17,1-4,0.00396710462320228,0.15439632559686262
2025-10-18,1-4,0.00429996990351843,0.15869629550038106
2025-10-19,1-4,0.00429996990351843,0.1629962654038995
2025-10-20,1-4,0.00429996990351843,0.16729623530741794
2025-10-21,1-4,0.00429996990351843,0.17159620521093638
2025-10-22,1-4,0.00429996990351843,0.17589617511445482
2025-10-23,1-4,0.00429996990351843,0.18019614501797326
2025-10-24,1-4,0.00429996990351843,0.1844961149214917
2025-10-25,1-4,0.00481891615322121,0.18931503107471293
2025-10-26,1-4,0.00481891615322121,0.19413394722793414
2025-10-27,1-4,0.00481891615322121,0.19895286338115536
2025-10-28,1-4,0.00481891615322121,0.20377177953437658
2025-10-29,1-4,0.00481891615322121,0.2085906956875978
2025-10-30,1-4,0.00481891615322121,0.21340961184081902
2025-10-31,1-4,0.00481891615322121,0.21822852799404024
2025-11-01,1-4,0.00871672964424024,0.2269452576382805
2025-11-02,1-4,0.00871672964424024,0.23566198728252075
2025-11-03,1-4,0.00871672964424024,0.244378716926761
2025-11-04,1-4,0.00871672964424024,0.25309544657100125
2025-11-05,1-4,0.00871672964424024,0.2618121762152415
2025-11-06,1-4,0.00871672964424024,0.27052890585948175
2025-11-07,1-4,0.00871672964424024,0.279245635503722
2025-11-08,1-4,0.00337740713538392,0.2826230426391059
2025-11-09,1-4,0.00337740713538392,0.28600044977448985
2025-11-10,1-4,0.00337740713538392,0.2893778569098738
2025-11-11,1-4,0.00337740713538392,0.2927552640452577
2025-11-12,1-4,0.00337740713538392,0.2961326711806416
2025-11-13,1-4,0.00337740713538392,0.29951007831602555
2025-11-14,1-4,0.00337740713538392,0.3028874854514095
2025-11-15,1-4,0.00271372668701985,0.30560121213842933
2025-11-16,1-4,0.00271372668701985,0.3083149388254492
2025-11-17,1-4,0.00271372668701985,0.31102866551246905
2025-11-18,1-4,0.00271372668701985,0.3137423921994889
2025-11-19,1-4,0.00271372668701985,0.31645611888650876
2025-11-20,1-4,0.00271372668701985,0.3191698455735286
2025-11-21,1-4,0.00271372668701985,0.3218835722605485
2025-11-22,1-4,0.00219235544737693,0.3240759277079254
2025-11-23,1-4,0.00219235544737693,0.3262682831553024
2025-11-24,1-4,0.00219235544737693,0.3284606386026793
2025-11-25,1-4,0.00219235544737693,0.33065299405005627
2025-11-26,1-4,0.00219235544737693,0.3328453494974332
2025-11-27,1-4,0.00219235544737693,0.33503770494481017
2025-11-28,1-4,0.00219235544737693,0.3372300603921871
2025-11-29,1-4,0.00396449166192948,0.3411945520541166
2025-11-30,1-4,0.00396449166192948,0.34515904371604605
2025-12-01,1-4,0.00396449166192948,0.3491235353779755
2025-12-02,1-4,0.00396449166192948,0.353088027039905
2025-12-03,1-4,0.00396449166192948,0.35705251870183446
2025-12-04,1-4,0.00396449166192948,0.36101701036376393
2025-12-05,1-4,0.00396449166192948,0.3649815020256934
2025-12-06,1-4,0.00172273223636468,0.36670423426205806
2025-12-07,1-4,0.00172273223636468,0.3684269664984227
2025-12-08,1-4,0.00172273223636468,0.37014969873478737
2025-12-09,1-4,0.00172273223636468,0.371872430971152
2025-12-10,1-4,0.00172273223636468,0.3735951632075167
2025-12-11,1-4,0.00172273223636468,0.37531789544388133
2025-12-12,1-4,0.00172273223636468,0.377040627680246
2025-12-13,1-4,0.00157800655765047,0.37861863423789643
2025-12-14,1-4,0.00157800655765047,0.3801966407955469
2025-12-15,1-4,0.00157800655765047,0.3817746473531973
2025-12-16,1-4,0.00157800655765047,0.3833526539108478
2025-12-17,1-4,0.00157800655765047,0.3849306604684982
2025-12-18,1-4,0.00157800655765047,0.38650866702614867
2025-12-19,1-4,0.00157800655765047,0.3880866735837991
2025-12-20,1-4,0.00143912982261274,0.38952580340641185
2025-12-21,1-4,0.00143912982261274,0.3909649332290246
2025-12-22,1-4,0.00143912982261274,0.39240406305163733
2025-12-23,1-4,0.00143912982261274,0.39384319287425007
2025-12-24,1-4,0.00143912982261274,0.3952823226968628
2025-12-25,1-4,0.00143912982261274,0.39672145251947555
2025-12-26,1-4,0.00143912982261274,0.3981605823420883
2025-12-27,1-4,0.00154815692302481,0.3997087392651131
2025-12-28,1-4,0.00154815692302481,0.40125689618813787
2025-12-29,1-4,0.00154815692302481,0.40280505311116266
2025-12-30,1-4,0.00154815692302481,0.40435321003418745
2025-12-31,1-4,0.00154815692302481,0.40590136695721224
2026-01-01,1-4,0.00154815692302481,0.40744952388023703
2026-01-02,1-4,0.00154815692302481,0.4089976808032618
2026-01-03,1-4,0.00238997349011518,0.411387654293377
2026-01-04,1-4,0.00238997349011518,0.41377762778349214
2026-01-05,1-4,0.00238997349011518,0.4161676012736073
2026-01-06,1-4,0.00238997349011518,0.41855757476372246
2026-01-07,1-4,0.00238997349011518,0.4209475482538376
2026-01-08,1-4,0.00238997349011518,0.4233375217439528
2026-01-09,1-4,0.00238997349011518,0.42572749523406794
2026-01-10,1-4,0.000816983051313246,0.42654447828538117
2026-01-11,1-4,0.000816983051313246,0.4273614613366944
2026-01-12,1-4,0.000816983051313246,0.4281784443880076
2026-01-13,1-4,0.000816983051313246,0.42899542743932084
2026-01-14,1-4,0.000816983051313246,0.42981241049063407
2026-01-15,1-4,0.000816983051313246,0.4306293935419473
2026-01-16,1-4,0.000816983051313246,0.4314463765932605
2026-01-17,1-4,0.000629626219850081,0.4320760028131106
2026-01-18,1-4,0.000629626219850081,0.43270562903296067
2026-01-19,1-4,0.000629626219850081,0.43333525525281075
2026-01-20,1-4,0.000629626219850081,0.4339648814726608
2026-01-21,1-4,0.000629626219850081,0.4345945076925109
2026-01-22,1-4,0.000629626219850081,0.435224133912361
2026-01-23,1-4,0.000629626219850081,0.43585376013221105
2026-01-24,1-4,0.00044270976315207,0.43629646989536314
2026-01-25,1-4,0.00044270976315207,0.4367391796585152
2026-01-26,1-4,0.00044270976315207,0.4371818894216673
2026-01-27,1-4,0.00044270976315207,0.4376245991848194
2026-01-28,1-4,0.00044270976315207,0.43806730894797147
2026-01-29,1-4,0.00044270976315207,0.43851001871112355
2026-01-30,1-4,0.00044270976315207,0.43895272847427563
2026-01-31,1-4,0.00104652959576683,0.4399992580700425
2026-02-01,1-4,0.00104652959576683,0.4410457876658093
2026-02-02,1-4,0.00104652959576683,0.44209231726157616
2026-02-03,1-4,0.00104652959576683,0.443138846857343
2026-02-04,1-4,0.00104652959576683,0.44418537645310985
2026-02-05,1-4,0.00104652959576683,0.4452319060488767
2026-02-06,1-4,0.00104652959576683,0.44627843564464353
2026-02-07,1-4,0.000607226746456898,0.44688566239110045
2026-02-08,1-4,0.000607226746456898,0.44749288913755736
2026-02-09,1-4,0.000607226746456898,0.44810011588401427
2026-02-10,1-4,0.000607226746456898,0.4487073426304712
2026-02-11,1-4,0.000607226746456898,0.4493145693769281
2026-02-12,1-4,0.000607226746456898,0.449921796123385
2026-02-13,1-4,0.000607226746456898,0.4505290228698419
2026-02-14,1-4,0.000708944797260162,0.45123796766710206
2026-02-15,1-4,0.000708944797260162,0.4519469124643622
2026-02-16,1-4,0.000708944797260162,0.45265585726162233
2026-02-17,1-4,0.000708944797260162,0.45336480205888247
2026-02-18,1-4,0.000708944797260162,0.4540737468561426
2026-02-19,1-4,0.000708944797260162,0.45478269165340274
2026-02-20,1-4,0.000708944797260162,0.4554916364506629
2026-02-21,1-4,0.000757169827769618,0.4562488062784325
2026-02-22,1-4,0.000757169827769618,0.45700597610620214
2026-02-23,1-4,0.000757169827769618,0.45776314593397177
2026-02-24,1-4,0.000757169827769618,0.4585203157617414
2026-02-25,1-4,0.000757169827769618,0.45927748558951104
2026-02-26,1-4,0.000757169827769618,0.46003465541728067
2026-02-27,1-4,0.000757169827769618,0.4607918252450503
2026-02-28,1-4,0.00141086809312575,0.46220269333817604
2026-03-01,1-4,0.00141086809312575,0.4636135614313018
2026-03-02,1-4,0.00141086809312575,0.4650244295244275
2026-03-03,1-4,0.00141086809312575,0.46643529761755326
2026-03-04,1-4,0.00141086809312575,0.467846165710679
2026-03-05,1-4,0.00141086809312575,0.46925703380380474
2026-03-06,1-4,0.00141086809312575,0.4706679018969305
2026-03-07,1-4,0.000547029060300887,0.4712149309572314
2026-03-08,1-4,0.000547029060300887,0.4717619600175323
2026-03-09,1-4,0.000547029060300887,0.4723089890778332
2026-03-10,1-4,0.000547029060300887,0.4728560181381341
2026-03-11,1-4,0.000547029060300887,0.473403047198435
2026-03-12,1-4,0.000547029060300887,0.4739500762587359
2026-03-13,1-4,0.000547029060300887,0.4744971053190368
2026-03-14,1-4,0.000388551654488641,0.47488565697352547
2026-03-15,1-4,0.000388551654488641,0.4752742086280141
2026-03-16,1-4,0.000388551654488641,0.47566276028250276
2026-03-17,1-4,0.000388551654488641,0.4760513119369914
2026-03-18,1-4,0.000388551654488641,0.47643986359148005
2026-03-19,1-4,0.000388551654488641,0.4768284152459687
2026-03-20,1-4,0.000388551654488641,0.47721696690045734
2026-03-21,1-4,0.000254605306331862,0.4774715722067892
2026-03-22,1-4,0.000254605306331862,0.4777261775131211
2026-03-23,1-4,0.000254605306331862,0.47798078281945294
2026-03-24,1-4,0.000254605306331862,0.4782353881257848
2026-03-25,1-4,0.000254605306331862,0.4784899934321167
2026-03-26,1-4,0.000254605306331862,0.47874459873844855
2026-03-27,1-4,0.000254605306331862,0.4789992040447804
2026-03-28,1-4,0.000222283822057062,0.4792214878668375
2026-03-29,1-4,0.000222283822057062,0.47944377168889457
2026-03-30,1-4,0.000222283822057062,0.47966605551095165
2026-03-31,1-4,0.000222283822057062,0.47988833933300873
2026-04-01,1-4,0.000222283822057062,0.4801106231550658
2026-04-02,1-4,0.000222283822057062,0.4803329069771229
2026-04-03,1-4,0.000222283822057062,0.48055519079917997
2026-04-04,1-4,0.000283733940435129,0.4808389247396151
2026-04-05,1-4,0.000283733940435129,0.4811226586800502
2026-04-06,1-4,0.000283733940435129,0.48140639262048535
2026-04-07,1-4,0.000283733940435129,0.4816901265609205
2026-04-08,1-4,0.000283733940435129,0.4819738605013556
2026-04-09,1-4,0.000283733940435129,0.4822575944417907
2026-04-10,1-4,0.000283733940435129,0.48254132838222585
2026-04-11,1-4,5.16563327001369e-05,0.482592984714926
2026-04-12,1-4,5.16563327001369e-05,0.48264464104762617
2026-04-13,1-4,5.16563327001369e-05,0.4826962973803263
2026-04-14,1-4,5.16563327001369e-05,0.4827479537130265
2026-04-15,1-4,5.16563327001369e-05,0.48279961004572663
2026-04-16,1-4,5.16563327001369e-05,0.4828512663784268
2026-04-17,1-4,5.16563327001369e-05,0.48290292271112695
2026-04-18,1-4,1.38681841248081e-05,0.48291679089525175
2026-04-19,1-4,1.38681841248081e-05,0.48293065907937655
2026-04-20,1-4,1.38681841248081e-05,0.48294452726350134
2026-04-21,1-4,1.38681841248081e-05,0.48295839544762614
2026-04-22,1-4,1.38681841248081e-05,0.48297226363175094
2026-04-23,1-4,1.38681841248081e-05,0.48298613181587574
2026-04-24,1-4,1.38681841248081e-05,0.48300000000000054
2026-04-25,1-4,0.0,0.48300000000000054
2026-04-26,1-4,0.0,0.48300000000000054
2026-04-27,1-4,0.0,0.48300000000000054
2026-04-28,1-4,0.0,0.48300000000000054
2026-04-29,1-4,0.0,0.48300000000000054
2026-04-30,1-4,0.0,0.48300000000000054
2026-05-01,1-4,0.0,0.48300000000000054
2026-05-02,1-4,0.0,0.48300000000000054
2026-05-03,1-4,0.0,0.48300000000000054
2026-05-04,1-4,0.0,0.48300000000000054
2026-05-05,1-4,0.0,0.48300000000000054
2026-05-06,1-4,0.0,0.48300000000000054
2026-05-07,1-4,0.0,0.48300000000000054
2026-05-08,1-4,0.0,0.48300000000000054
2025-09-01,5-12,0.0,0.0
2025-09-02,5-12,0.0,0.0
2025-09-03,5-12,0.0,0.0
2025-09-04,5-12,0.0,0.0
2025-09-05,5-12,0.0,0.0
2025-09-06,5-12,0.00133082231467851,0.00133082231467851
2025-09-07,5-12,0.00133082231467851,0.00266164462935702
2025-09-08,5-12,0.00133082231467851,0.00399246694403553
2025-09-09,5-12,0.00133082231467851,0.00532328925871404
2025-09-10,5-12,0.00133082231467851,0.0066541115733925495
2025-09-11,5-12,0.00133082231467851,0.007984933888071059
2025-09-12,5-12,0.00133082231467851,0.009315756202749569
2025-09-13,5-12,0.001402313641684,0.010718069844433568
2025-09-14,5-12,0.001402313641684,0.012120383486117568
2025-09-15,5-12,0.001402313641684,0.013522697127801568
2025-09-16,5-12,0.001402313641684,0.014925010769485568
2025-09-17,5-12,0.001402313641684,0.016327324411169568
2025-09-18,5-12,0.001402313641684,0.017729638052853568
2025-09-19,5-12,0.001402313641684,0.019131951694537568
2025-09-20,5-12,0.00171431047802916,0.02084626217256673
2025-09-21,5-12,0.00171431047802916,0.02256057265059589
2025-09-22,5-12,0.00171431047802916,0.024274883128625052
2025-09-23,5-12,0.00171431047802916,0.025989193606654214
2025-09-24,5-12,0.00171431047802916,0.027703504084683375
2025-09-25,5-12,0.00171431047802916,0.029417814562712537
2025-09-26,5-12,0.00171431047802916,0.0311321250407417
2025-09-27,5-12,0.00382696746446529,0.03495909250520699
2025-09-28,5-12,0.00382696746446529,0.038786059969672285
2025-09-29,5-12,0.00382696746446529,0.04261302743413758
2025-09-30,5-12,0.00382696746446529,0.04643999489860287
2025-10-01,5-12,0.00382696746446529,0.050266962363068164
2025-10-02,5-12,0.00382696746446529,0.05409392982753346
2025-10-03,5-12,0.00382696746446529,0.05792089729199875
2025-10-04,5-12,0.00230236164762776,0.06022325893962651
2025-10-05,5-12,0.00230236164762776,0.06252562058725428
2025-10-06,5-12,0.00230236164762776,0.06482798223488204
2025-10-07,5-12,0.00230236164762776,0.0671303438825098
2025-10-08,5-12,0.00230236164762776,0.06943270553013756
2025-10-09,5-12,0.00230236164762776,0.07173506717776532
2025-10-10,5-12,0.00230236164762776,0.07403742882539308
2025-10-11,5-12,0.00267554464971342,0.0767129734751065
2025-10-12,5-12,0.00267554464971342,0.07938851812481992
2025-10-13,5-12,0.00267554464971342,0.08206406277453335
2025-10-14,5-12,0.00267554464971342,0.08473960742424677
2025-10-15,5-12,0.00267554464971342,0.0874151520739602
2025-10-16,5-12,0.00267554464971342,0.09009069672367362
2025-10-17,5-12,0.00267554464971342,0.09276624137338704
2025-10-18,5-12,0.00300968137395133,0.09577592274733837
2025-10-19,5-12,0.00300968137395133,0.0987856041212897
2025-10-20,5-12,0.00300968137395133,0.10179528549524103
2025-10-21,5-12,0.00300968137395133,0.10480496686919236
2025-10-22,5-12,0.00300968137395133,0.10781464824314368
2025-10-23,5-12,0.00300968137395133,0.11082432961709501
2025-10-24,5-12,0.00300968137395133,0.11383401099104634
2025-10-25,5-12,0.00350310089651392,0.11733711188756026
2025-10-26,5-12,0.00350310089651392,0.12084021278407417
2025-10-27,5-12,0.00350310089651392,0.12434331368058808
2025-10-28,5-12,0.00350310089651392,0.127846414577102
2025-10-29,5-12,0.00350310089651392,0.13134951547361592
2025-10-30,5-12,0.00350310089651392,0.13485261637012985
2025-10-31,5-12,0.00350310089651392,0.13835571726664378
2025-11-01,5-12,0.0066997677043453,0.14505548497098908
2025-11-02,5-12,0.0066997677043453,0.15175525267533438
2025-11-03,5-12,0.0066997677043453,0.15845502037967968
2025-11-04,5-12,0.0066997677043453,0.16515478808402498
2025-11-05,5-12,0.0066997677043453,0.17185455578837028
2025-11-06,5-12,0.0066997677043453,0.17855432349271558
2025-11-07,5-12,0.0066997677043453,0.18525409119706088
2025-11-08,5-12,0.0029531782655454,0.18820726946260627
2025-11-09,5-12,0.0029531782655454,0.19116044772815166
2025-11-10,5-12,0.0029531782655454,0.19411362599369705
2025-11-11,5-12,0.0029531782655454,0.19706680425924245
2025-11-12,5-12,0.0029531782655454,0.20001998252478784
2025-11-13,5-12,0.0029531782655454,0.20297316079033323
2025-11-14,5-12,0.0029531782655454,0.20592633905587862
2025-11-15,5-12,0.00267299993997556,0.20859933899585417
2025-11-16,5-12,0.00267299993997556,0.21127233893582972
2025-11-17,5-12,0.00267299993997556,0.21394533887580527
2025-11-18,5-12,0.00267299993997556,0.21661833881578083
2025-11-19,5-12,0.00267299993997556,0.21929133875575638
2025-11-20,5-12,0.00267299993997556,0.22196433869573193
2025-11-21,5-12,0.00267299993997556,0.22463733863570748
2025-11-22,5-12,0.00237115302542574,0.2270084916611332
2025-11-23,5-12,0.00237115302542574,0.22937964468655894
2025-11-24,5-12,0.00237115302542574,0.23175079771198467
2025-11-25,5-12,0.00237115302542574,0.2341219507374104
2025-11-26,5-12,0.00237115302542574,0.23649310376283614
2025-11-27,5-12,0.00237115302542574,0.23886425678826187
2025-11-28,5-12,0.00237115302542574,0.2412354098136876
2025-11-29,5-12,0.0042651547115353,0.2455005645252229
2025-11-30,5-12,0.0042651547115353,0.2497657192367582
2025-12-01,5-12,0.0042651547115353,0.2540308739482935
2025-12-02,5-12,0.0042651547115353,0.2582960286598288
2025-12-03,5-12,0.0042651547115353,0.26256118337136414
2025-12-04,5-12,0.0042651547115353,0.26682633808289946
2025-12-05,5-12,0.0042651547115353,0.2710914927944348
2025-12-06,5-12,0.00168637599790637,0.27277786879234117
2025-12-07,5-12,0.00168637599790637,0.27446424479024756
2025-12-08,5-12,0.00168637599790637,0.27615062078815394
2025-12-09,5-12,0.00168637599790637,0.27783699678606033
2025-12-10,5-12,0.00168637599790637,0.2795233727839667
2025-12-11,5-12,0.00168637599790637,0.2812097487818731
2025-12-12,5-12,0.00168637599790637,0.2828961247797795
2025-12-13,5-12,0.00133323715087313,0.2842293619306526
2025-12-14,5-12,0.00133323715087313,0.28556259908152576
2025-12-15,5-12,0.00133323715087313,0.2868958362323989
2025-12-16,5-12,0.00133323715087313,0.288229073383272
2025-12-17,5-12,0.00133323715087313,0.28956231053414516
2025-12-18,5-12,0.00133323715087313,0.2908955476850183
2025-12-19,5-12,0.00133323715087313,0.29222878483589143
2025-12-20,5-12,0.00104744382383226,0.2932762286597237
2025-12-21,5-12,0.00104744382383226,0.29432367248355595
2025-12-22,5-12,0.00104744382383226,0.2953711163073882
2025-12-23,5-12,0.00104744382383226,0.2964185601312205
2025-12-24,5-12,0.00104744382383226,0.29746600395505274
2025-12-25,5-12,0.00104744382383226,0.298513447778885
2025-12-26,5-12,0.00104744382383226,0.29956089160271726
2025-12-27,5-12,0.00111645740714563,0.30067734900986287
2025-12-28,5-12,0.00111645740714563,0.3017938064170085
2025-12-29,5-12,0.00111645740714563,0.3029102638241541
2025-12-30,5-12,0.00111645740714563,0.3040267212312997
2025-12-31,5-12,0.00111645740714563,0.3051431786384453
2026-01-01,5-12,0.00111645740714563,0.3062596360455909
2026-01-02,5-12,0.00111645740714563,0.30737609345273653
2026-01-03,5-12,0.00168519597500959,0.30906128942774613
2026-01-04,5-12,0.00168519597500959,0.31074648540275573
2026-01-05,5-12,0.00168519597500959,0.31243168137776534
2026-01-06,5-12,0.00168519597500959,0.31411687735277494
2026-01-07,5-12,0.00168519597500959,0.31580207332778454
2026-01-08,5-12,0.00168519597500959,0.31748726930279414
2026-01-09,5-12,0.00168519597500959,0.31917246527780374
2026-01-10,5-12,0.000634609312894619,0.31980707459069835
2026-01-11,5-12,0.000634609312894619,0.32044168390359296
2026-01-12,5-12,0.000634609312894619,0.32107629321648756
2026-01-13,5-12,0.000634609312894619,0.32171090252938217
2026-01-14,5-12,0.000634609312894619,0.3223455118422768
2026-01-15,5-12,0.000634609312894619,0.3229801211551714
2026-01-16,5-12,0.000634609312894619,0.323614730468066
2026-01-17,5-12,0.000551186868740995,0.324165917336807
2026-01-18,5-12,0.000551186868740995,0.324717104205548
2026-01-19,5-12,0.000551186868740995,0.325268291074289
2026-01-20,5-12,0.000551186868740995,0.32581947794303
2026-01-21,5-12,0.000551186868740995,0.326370664811771
2026-01-22,5-12,0.000551186868740995,0.326921851680512
2026-01-23,5-12,0.000551186868740995,0.327473038549253
2026-01-24,5-12,0.000418481473475952,0.327891520022729
2026-01-25,5-12,0.000418481473475952,0.32831000149620493
2026-01-26,5-12,0.000418481473475952,0.3287284829696809
2026-01-27,5-12,0.000418481473475952,0.32914696444315683
2026-01-28,5-12,0.000418481473475952,0.3295654459166328
2026-01-29,5-12,0.000418481473475952,0.32998392739010873
2026-01-30,5-12,0.000418481473475952,0.3304024088635847
2026-01-31,5-12,0.000938358164606971,0.33134076702819165
2026-02-01,5-12,0.000938358164606971,0.3322791251927986
2026-02-02,5-12,0.000938358164606971,0.3332174833574056
2026-02-03,5-12,0.000938358164606971,0.33415584152201255
2026-02-04,5-12,0.000938358164606971,0.3350941996866195
2026-02-05,5-12,0.000938358164606971,0.3360325578512265
2026-02-06,5-12,0.000938358164606971,0.33697091601583345
2026-02-07,5-12,0.000465849804461635,0.3374367658202951
2026-02-08,5-12,0.000465849804461635,0.3379026156247567
2026-02-09,5-12,0.000465849804461635,0.33836846542921833
2026-02-10,5-12,0.000465849804461635,0.33883431523367996
2026-02-11,5-12,0.000465849804461635,0.3393001650381416
2026-02-12,5-12,0.000465849804461635,0.3397660148426032
2026-02-13,5-12,0.000465849804461635,0.34023186464706484
2026-02-14,5-12,0.000474043506011917,0.3407059081530768
2026-02-15,5-12,0.000474043506011917,0.3411799516590887
2026-02-16,5-12,0.000474043506011917,0.34165399516510064
2026-02-17,5-12,0.000474043506011917,0.3421280386711126
2026-02-18,5-12,0.000474043506011917,0.3426020821771245
2026-02-19,5-12,0.000474043506011917,0.34307612568313645
2026-02-20,5-12,0.000474043506011917,0.3435501691891484
2026-02-21,5-12,0.000455352369474426,0.3440055215586228
2026-02-22,5-12,0.000455352369474426,0.3444608739280972
2026-02-23,5-12,0.000455352369474426,0.3449162262975716
2026-02-24,5-12,0.000455352369474426,0.34537157866704604
2026-02-25,5-12,0.000455352369474426,0.34582693103652046
2026-02-26,5-12,0.000455352369474426,0.3462822834059949
2026-02-27,5-12,0.000455352369474426,0.3467376357754693
2026-02-28,5-12,0.000800102704642523,0.3475377384801118
2026-03-01,5-12,0.000800102704642523,0.34833784118475436
2026-03-02,5-12,0.000800102704642523,0.3491379438893969
2026-03-03,5-12,0.000800102704642523,0.34993804659403943
2026-03-04,5-12,0.000800102704642523,0.35073814929868197
2026-03-05,5-12,0.000800102704642523,0.3515382520033245
2026-03-06,5-12,0.000800102704642523,0.35233835470796704
2026-03-07,5-12,0.000275587092888894,0.3526139418008559
2026-03-08,5-12,0.000275587092888894,0.3528895288937448
2026-03-09,5-12,0.000275587092888894,0.3531651159866337
2026-03-10,5-12,0.000275587092888894,0.3534407030795226
2026-03-11,5-12,0.000275587092888894,0.35371629017241146
2026-03-12,5-12,0.000275587092888894,0.35399187726530035
2026-03-13,5-12,0.000275587092888894,0.35426746435818923
2026-03-14,5-12,0.000170949602519577,0.3544384139607088
2026-03-15,5-12,0.000170949602519577,0.35460936356322836
2026-03-16,5-12,0.000170949602519577,0.35478031316574793
2026-03-17,5-12,0.000170949602519577,0.3549512627682675
2026-03-18,5-12,0.000170949602519577,0.35512221237078706
2026-03-19,5-12,0.000170949602519577,0.3552931619733066
2026-03-20,5-12,0.000170949602519577,0.3554641115758262
2026-03-21,5-12,9.60825780268993e-05,0.3555601941538531
2026-03-22,5-12,9.60825780268993e-05,0.35565627673188
2026-03-23,5-12,9.60825780268993e-05,0.3557523593099069
2026-03-24,5-12,9.60825780268993e-05,0.3558484418879338
2026-03-25,5-12,9.60825780268993e-05,0.3559445244659607
2026-03-26,5-12,9.60825780268993e-05,0.3560406070439876
2026-03-27,5-12,9.60825780268993e-05,0.3561366896220145
2026-03-28,5-12,0.000109556450819539,0.35624624607283406
2026-03-29,5-12,0.000109556450819539,0.3563558025236536
2026-03-30,5-12,0.000109556450819539,0.3564653589744732
2026-03-31,5-12,0.000109556450819539,0.35657491542529274
2026-04-01,5-12,0.000109556450819539,0.3566844718761123
2026-04-02,5-12,0.000109556450819539,0.35679402832693186
2026-04-03,5-12,0.000109556450819539,0.3569035847777514
2026-04-04,5-12,0.000168480990560957,0.35707206576831235
2026-04-05,5-12,0.000168480990560957,0.3572405467588733
2026-04-06,5-12,0.000168480990560957,0.3574090277494342
2026-04-07,5-12,0.000168480990560957,0.35757750873999516
2026-04-08,5-12,0.000168480990560957,0.3577459897305561
2026-04-09,5-12,0.000168480990560957,0.35791447072111704
2026-04-10,5-12,0.000168480990560957,0.358082951711678
2026-04-11,5-12,9.74016062004323e-05,0.3581803533178784
2026-04-12,5-12,9.74016062004323e-05,0.3582777549240788
2026-04-13,5-12,9.74016062004323e-05,0.35837515653027924
2026-04-14,5-12,9.74016062004323e-05,0.35847255813647966
2026-04-15,5-12,9.74016062004323e-05,0.3585699597426801
2026-04-16,5-12,9.74016062004323e-05,0.3586673613488805
2026-04-17,5-12,9.74016062004323e-05,0.3587647629550809
2026-04-18,5-12,0.000118401042041606,0.3588831639971225
2026-04-19,5-12,0.000118401042041606,0.3590015650391641
2026-04-20,5-12,0.000118401042041606,0.35911996608120567
2026-04-21,5-12,0.000118401042041606,0.35923836712324725
2026-04-22,5-12,0.000118401042041606,0.35935676816528883
2026-04-23,5-12,0.000118401042041606,0.3594751692073304
2026-04-24,5-12,0.000118401042041606,0.359593570249372
2026-04-25,5-12,0.000120997498269353,0.3597145677476413
2026-04-26,5-12,0.000120997498269353,0.35983556524591065
2026-04-27,5-12,0.000120997498269353,0.35995656274418
2026-04-28,5-12,0.000120997498269353,0.3600775602424493
2026-04-29,5-12,0.000120997498269353,0.36019855774071863
2026-04-30,5-12,0.000120997498269353,0.36031955523898795
2026-05-01,5-12,0.000120997498269353,0.3604405527372573
2026-05-02,5-12,0.000283254197806819,0.3607238069350641
2026-05-03,5-12,0.000283254197806819,0.36100706113287095
2026-05-04,5-12,0.000283254197806819,0.3612903153306778
2026-05-05,5-12,0.000283254197806819,0.36157356952848463
2026-05-06,5-12,0.000283254197806819,0.36185682372629147
2026-05-07,5-12,0.000283254197806819,0.3621400779240983
2026-05-08,5-12,0.000283254197806819,0.36242333212190514
2025-09-01,13-17,0.0,0.0
2025-09-02,13-17,0.0,0.0
2025-09-03,13-17,0.0,0.0
2025-09-04,13-17,0.0,0.0
2025-09-05,13-17,0.0,0.0
2025-09-06,13-17,0.00137762532353772,0.00137762532353772
2025-09-07,13-17,0.00137762532353772,0.00275525064707544
2025-09-08,13-17,0.00137762532353772,0.00413287597061316
2025-09-09,13-17,0.00137762532353772,0.00551050129415088
2025-09-10,13-17,0.00137762532353772,0.0068881266176885995
2025-09-11,13-17,0.00137762532353772,0.008265751941226319
2025-09-12,13-17,0.00137762532353772,0.009643377264764039
2025-09-13,13-17,0.00152122882663528,0.01116460609139932
2025-09-14,13-17,0.00152122882663528,0.0126858349180346
2025-09-15,13-17,0.00152122882663528,0.01420706374466988
2025-09-16,13-17,0.00152122882663528,0.01572829257130516
2025-09-17,13-17,0.00152122882663528,0.01724952139794044
2025-09-18,13-17,0.00152122882663528,0.018770750224575722
2025-09-19,13-17,0.00152122882663528,0.020291979051211002
2025-09-20,13-17,0.00189978642008402,0.022191765471295023
2025-09-21,13-17,0.00189978642008402,0.024091551891379043
2025-09-22,13-17,0.00189978642008402,0.025991338311463063
2025-09-23,13-17,0.00189978642008402,0.027891124731547083
2025-09-24,13-17,0.00189978642008402,0.029790911151631103
2025-09-25,13-17,0.00189978642008402,0.031690697571715123
2025-09-26,13-17,0.00189978642008402,0.03359048399179914
2025-09-27,13-17,0.00427861462845568,0.037869098620254824
2025-09-28,13-17,0.00427861462845568,0.0421477132487105
2025-09-29,13-17,0.00427861462845568,0.046426327877166176
2025-09-30,13-17,0.00427861462845568,0.05070494250562185
2025-10-01,13-17,0.00427861462845568,0.05498355713407753
2025-10-02,13-17,0.00427861462845568,0.059262171762533206
2025-10-03,13-17,0.00427861462845568,0.06354078639098888
2025-10-04,13-17,0.00262834712786206,0.06616913351885094
2025-10-05,13-17,0.00262834712786206,0.068797480646713
2025-10-06,13-17,0.00262834712786206,0.07142582777457505
2025-10-07,13-17,0.00262834712786206,0.07405417490243711
2025-10-08,13-17,0.00262834712786206,0.07668252203029917
2025-10-09,13-17,0.00262834712786206,0.07931086915816123
2025-10-10,13-17,0.00262834712786206,0.08193921628602328
2025-10-11,13-17,0.00311074500738925,0.08504996129341254
2025-10-12,13-17,0.00311074500738925,0.08816070630080179
2025-10-13,13-17,0.00311074500738925,0.09127145130819105
2025-10-14,13-17,0.00311074500738925,0.0943821963155803
2025-10-15,13-17,0.00311074500738925,0.09749294132296955
2025-10-16,13-17,0.00311074500738925,0.10060368633035881
2025-10-17,13-17,0.00311074500738925,0.10371443133774806
2025-10-18,13-17,0.00352670903444537,0.10724114037219343
2025-10-19,13-17,0.00352670903444537,0.1107678494066388
2025-10-20,13-17,0.00352670903444537,0.11429455844108416
2025-10-21,13-17,0.00352670903444537,0.11782126747552953
2025-10-22,13-17,0.00352670903444537,0.12134797650997489
2025-10-23,13-17,0.00352670903444537,0.12487468554442026
2025-10-24,13-17,0.00352670903444537,0.12840139457886562
2025-10-25,13-17,0.00406178395848532,0.13246317853735096
2025-10-26,13-17,0.00406178395848532,0.1365249624958363
2025-10-27,13-17,0.00406178395848532,0.14058674645432162
2025-10-28,13-17,0.00406178395848532,0.14464853041280695
2025-10-29,13-17,0.00406178395848532,0.14871031437129228
2025-10-30,13-17,0.00406178395848532,0.15277209832977762
2025-10-31,13-17,0.00406178395848532,0.15683388228826295
2025-11-01,13-17,0.00758965654343119,0.16442353883169414
2025-11-02,13-17,0.00758965654343119,0.17201319537512533
2025-11-03,13-17,0.00758965654343119,0.17960285191855652
2025-11-04,13-17,0.00758965654343119,0.1871925084619877
2025-11-05,13-17,0.00758965654343119,0.1947821650054189
2025-11-06,13-17,0.00758965654343119,0.20237182154885008
2025-11-07,13-17,0.00758965654343119,0.20996147809228127
2025-11-08,13-17,0.003109800447119,0.21307127853940028
2025-11-09,13-17,0.003109800447119,0.21618107898651928
2025-11-10,13-17,0.003109800447119,0.21929087943363829
2025-11-11,13-17,0.003109800447119,0.2224006798807573
2025-11-12,13-17,0.003109800447119,0.2255104803278763
2025-11-13,13-17,0.003109800447119,0.2286202807749953
2025-11-14,13-17,0.003109800447119,0.2317300812221143
2025-11-15,13-17,0.00260724952992639,0.2343373307520407
2025-11-16,13-17,0.00260724952992639,0.23694458028196708
2025-11-17,13-17,0.00260724952992639,0.23955182981189346
2025-11-18,13-17,0.00260724952992639,0.24215907934181985
2025-11-19,13-17,0.00260724952992639,0.24476632887174624
2025-11-20,13-17,0.00260724952992639,0.24737357840167262
2025-11-21,13-17,0.00260724952992639,0.249980827931599
2025-11-22,13-17,0.00215352815720718,0.2521343560888062
2025-11-23,13-17,0.00215352815720718,0.2542878842460134
2025-11-24,13-17,0.00215352815720718,0.2564414124032206
2025-11-25,13-17,0.00215352815720718,0.2585949405604278
2025-11-26,13-17,0.00215352815720718,0.260748468717635
2025-11-27,13-17,0.00215352815720718,0.2629019968748422
2025-11-28,13-17,0.00215352815720718,0.26505552503204943
2025-11-29,13-17,0.00377250775845797,0.2688280327905074
2025-11-30,13-17,0.00377250775845797,0.2726005405489653
2025-12-01,13-17,0.00377250775845797,0.27637304830742326
2025-12-02,13-17,0.00377250775845797,0.2801455560658812
2025-12-03,13-17,0.00377250775845797,0.28391806382433915
2025-12-04,13-17,0.00377250775845797,0.2876905715827971
2025-12-05,13-17,0.00377250775845797,0.29146307934125504
2025-12-06,13-17,0.00144244445286524,0.29290552379412027
2025-12-07,13-17,0.00144244445286524,0.2943479682469855
2025-12-08,13-17,0.00144244445286524,0.29579041269985074
2025-12-09,13-17,0.00144244445286524,0.29723285715271597
2025-12-10,13-17,0.00144244445286524,0.2986753016055812
2025-12-11,13-17,0.00144244445286524,0.30011774605844643
2025-12-12,13-17,0.00144244445286524,0.30156019051131167
2025-12-13,13-17,0.00112384005221216,0.30268403056352383
2025-12-14,13-17,0.00112384005221216,0.303807870615736
2025-12-15,13-17,0.00112384005221216,0.30493171066794816
2025-12-16,13-17,0.00112384005221216,0.30605555072016033
2025-12-17,13-17,0.00112384005221216,0.3071793907723725
2025-12-18,13-17,0.00112384005221216,0.30830323082458466
2025-12-19,13-17,0.00112384005221216,0.30942707087679683
2025-12-20,13-17,0.000873842256495368,0.3103009131332922
2025-12-21,13-17,0.000873842256495368,0.3111747553897876
2025-12-22,13-17,0.000873842256495368,0.312048597646283
2025-12-23,13-17,0.000873842256495368,0.3129224399027784
2025-12-24,13-17,0.000873842256495368,0.3137962821592738
2025-12-25,13-17,0.000873842256495368,0.3146701244157692
2025-12-26,13-17,0.000873842256495368,0.3155439666722646
2025-12-27,13-17,0.000916222802531477,0.31646018947479604
2025-12-28,13-17,0.000916222802531477,0.3173764122773275
2025-12-29,13-17,0.000916222802531477,0.31829263507985894
2025-12-30,13-17,0.000916222802531477,0.3192088578823904
2025-12-31,13-17,0.000916222802531477,0.32012508068492185
2026-01-01,13-17,0.000916222802531477,0.3210413034874533
2026-01-02,13-17,0.000916222802531477,0.32195752628998475
2026-01-03,13-17,0.00136540342601857,0.32332292971600335
2026-01-04,13-17,0.00136540342601857,0.32468833314202195
2026-01-05,13-17,0.00136540342601857,0.32605373656804054
2026-01-06,13-17,0.00136540342601857,0.32741913999405914
2026-01-07,13-17,0.00136540342601857,0.32878454342007774
2026-01-08,13-17,0.00136540342601857,0.33014994684609633
2026-01-09,13-17,0.00136540342601857,0.33151535027211493
2026-01-10,13-17,0.000494561731443142,0.33200991200355806
2026-01-11,13-17,0.000494561731443142,0.3325044737350012
2026-01-12,13-17,0.000494561731443142,0.3329990354664443
2026-01-13,13-17,0.000494561731443142,0.33349359719788746
2026-01-14,13-17,0.000494561731443142,0.3339881589293306
2026-01-15,13-17,0.000494561731443142,0.3344827206607737
2026-01-16,13-17,0.000494561731443142,0.33497728239221686
2026-01-17,13-17,0.000417027316969276,0.33539430970918616
2026-01-18,13-17,0.000417027316969276,0.33581133702615545
2026-01-19,13-17,0.000417027316969276,0.33622836434312475
2026-01-20,13-17,0.000417027316969276,0.33664539166009405
2026-01-21,13-17,0.000417027316969276,0.33706241897706335
2026-01-22,13-17,0.000417027316969276,0.33747944629403265
2026-01-23,13-17,0.000417027316969276,0.33789647361100195
2026-01-24,13-17,0.000308320434749842,0.33820479404575177
2026-01-25,13-17,0.000308320434749842,0.3385131144805016
2026-01-26,13-17,0.000308320434749842,0.3388214349152514
2026-01-27,13-17,0.000308320434749842,0.3391297553500012
2026-01-28,13-17,0.000308320434749842,0.33943807578475105
2026-01-29,13-17,0.000308320434749842,0.33974639621950087
2026-01-30,13-17,0.000308320434749842,0.3400547166542507
2026-01-31,13-17,0.000687166277387198,0.3407418829316379
2026-02-01,13-17,0.000687166277387198,0.34142904920902506
2026-02-02,13-17,0.000687166277387198,0.34211621548641225
2026-02-03,13-17,0.000687166277387198,0.34280338176379943
2026-02-04,13-17,0.000687166277387198,0.3434905480411866
2026-02-05,13-17,0.000687166277387198,0.3441777143185738
2026-02-06,13-17,0.000687166277387198,0.344864880595961
2026-02-07,13-17,0.000333216721649452,0.3451980973176104
2026-02-08,13-17,0.000333216721649452,0.34553131403925985
2026-02-09,13-17,0.000333216721649452,0.3458645307609093
2026-02-10,13-17,0.000333216721649452,0.3461977474825587
2026-02-11,13-17,0.000333216721649452,0.34653096420420815
2026-02-12,13-17,0.000333216721649452,0.3468641809258576
2026-02-13,13-17,0.000333216721649452,0.347197397647507
2026-02-14,13-17,0.000334976558801004,0.347532374206308
2026-02-15,13-17,0.000334976558801004,0.347867350765109
2026-02-16,13-17,0.000334976558801004,0.34820232732391
2026-02-17,13-17,0.000334976558801004,0.348537303882711
2026-02-18,13-17,0.000334976558801004,0.348872280441512
2026-02-19,13-17,0.000334976558801004,0.34920725700031297
2026-02-20,13-17,0.000334976558801004,0.34954223355911396
2026-02-21,13-17,0.000324702487034675,0.34986693604614866
2026-02-22,13-17,0.000324702487034675,0.35019163853318336
2026-02-23,13-17,0.000324702487034675,0.35051634102021806
2026-02-24,13-17,0.000324702487034675,0.35084104350725276
2026-02-25,13-17,0.000324702487034675,0.35116574599428746
2026-02-26,13-17,0.000324702487034675,0.35149044848132216
2026-02-27,13-17,0.000324702487034675,0.35181515096835686
2026-02-28,13-17,0.000592818426259266,0.3524079693946161
2026-03-01,13-17,0.000592818426259266,0.35300078782087535
2026-03-02,13-17,0.000592818426259266,0.3535936062471346
2026-03-03,13-17,0.000592818426259266,0.35418642467339384
2026-03-04,13-17,0.000592818426259266,0.3547792430996531
2026-03-05,13-17,0.000592818426259266,0.35537206152591233
2026-03-06,13-17,0.000592818426259266,0.3559648799521716
2026-03-07,13-17,0.000233051777628142,0.35619793172979974
2026-03-08,13-17,0.000233051777628142,0.3564309835074279
2026-03-09,13-17,0.000233051777628142,0.3566640352850561
2026-03-10,13-17,0.000233051777628142,0.35689708706268425
2026-03-11,13-17,0.000233051777628142,0.3571301388403124
2026-03-12,13-17,0.000233051777628142,0.3573631906179406
2026-03-13,13-17,0.000233051777628142,0.35759624239556875
2026-03-14,13-17,0.000177794342209504,0.35777403673777824
2026-03-15,13-17,0.000177794342209504,0.35795183107998774
2026-03-16,13-17,0.000177794342209504,0.35812962542219723
2026-03-17,13-17,0.000177794342209504,0.3583074197644067
2026-03-18,13-17,0.000177794342209504,0.3584852141066162
2026-03-19,13-17,0.000177794342209504,0.3586630084488257
2026-03-20,13-17,0.000177794342209504,0.3588408027910352
2026-03-21,13-17,0.000133471906902718,0.3589742746979379
2026-03-22,13-17,0.000133471906902718,0.3591077466048406
2026-03-23,13-17,0.000133471906902718,0.35924121851174334
2026-03-24,13-17,0.000133471906902718,0.35937469041864606
2026-03-25,13-17,0.000133471906902718,0.3595081623255488
2026-03-26,13-17,0.000133471906902718,0.3596416342324515
2026-03-27,13-17,0.000133471906902718,0.3597751061393542
2026-03-28,13-17,0.000143412216450649,0.35991851835580485
2026-03-29,13-17,0.000143412216450649,0.3600619305722555
2026-03-30,13-17,0.000143412216450649,0.36020534278870614
2026-03-31,13-17,0.000143412216450649,0.3603487550051568
2026-04-01,13-17,0.000143412216450649,0.36049216722160743
2026-04-02,13-17,0.000143412216450649,0.3606355794380581
2026-04-03,13-17,0.000143412216450649,0.3607789916545087
2026-04-04,13-17,0.000216497567361092,0.3609954892218698
2026-04-05,13-17,0.000216497567361092,0.3612119867892309
2026-04-06,13-17,0.000216497567361092,0.361428484356592
2026-04-07,13-17,0.000216497567361092,0.36164498192395306
2026-04-08,13-17,0.000216497567361092,0.36186147949131414
2026-04-09,13-17,0.000216497567361092,0.3620779770586752
2026-04-10,13-17,0.000216497567361092,0.3622944746260363
2026-04-11,13-17,8.52571181359224e-05,0.3623797317441722
2026-04-12,13-17,8.52571181359224e-05,0.3624649888623081
2026-04-13,13-17,8.52571181359224e-05,0.362550245980444
2026-04-14,13-17,8.52571181359224e-05,0.3626355030985799
2026-04-15,13-17,8.52571181359224e-05,0.3627207602167158
2026-04-16,13-17,8.52571181359224e-05,0.3628060173348517
2026-04-17,13-17,8.52571181359224e-05,0.3628912744529876
2026-04-18,13-17,7.7791662033501e-05,0.36296906611502106
2026-04-19,13-17,7.7791662033501e-05,0.36304685777705453
2026-04-20,13-17,7.7791662033501e-05,0.363124649439088
2026-04-21,13-17,7.7791662033501e-05,0.3632024411011215
2026-04-22,13-17,7.7791662033501e-05,0.36328023276315496
2026-04-23,13-17,7.7791662033501e-05,0.36335802442518844
2026-04-24,13-17,7.7791662033501e-05,0.3634358160872219
2026-04-25,13-17,6.35035389231812e-05,0.3634993196261451
2026-04-26,13-17,6.35035389231812e-05,0.3635628231650683
2026-04-27,13-17,6.35035389231812e-05,0.36362632670399153
2026-04-28,13-17,6.35035389231812e-05,0.36368983024291474
2026-04-29,13-17,6.35035389231812e-05,0.36375333378183794
2026-04-30,13-17,6.35035389231812e-05,0.36381683732076114
2026-05-01,13-17,6.35035389231812e-05,0.36388034085968435
2026-05-02,13-17,0.000149312420094063,0.36402965327977843
2026-05-03,13-17,0.000149312420094063,0.3641789656998725
2026-05-04,13-17,0.000149312420094063,0.3643282781199666
2026-05-05,13-17,0.000149312420094063,0.3644775905400607
2026-05-06,13-17,0.000149312420094063,0.36462690296015476
2026-05-07,13-17,0.000149312420094063,0.36477621538024885
2026-05-08,13-17,0.000149312420094063,0.36492552780034293
2025-09-01,18-49,0.0,0.0
2025-09-02,18-49,0.0,0.0
2025-09-03,18-49,0.0,0.0
2025-09-04,18-49,0.0,0.0
2025-09-05,18-49,0.0,0.0
2025-09-06,18-49,0.000560834657254598,0.000560834657254598
2025-09-07,18-49,0.000560834657254598,0.001121669314509196
2025-09-08,18-49,0.000560834657254598,0.0016825039717637941
2025-09-09,18-49,0.000560834657254598,0.002243338629018392
2025-09-10,18-49,0.000560834657254598,0.00280417328627299
2025-09-11,18-49,0.000560834657254598,0.0033650079435275882
2025-09-12,18-49,0.000560834657254598,0.003925842600782187
2025-09-13,18-49,0.000390624939694713,0.004316467540476899
2025-09-14,18-49,0.000390624939694713,0.004707092480171612
2025-09-15,18-49,0.000390624939694713,0.005097717419866325
2025-09-16,18-49,0.000390624939694713,0.005488342359561037
2025-09-17,18-49,0.000390624939694713,0.00587896729925575
2025-09-18,18-49,0.000390624939694713,0.006269592238950463
2025-09-19,18-49,0.000390624939694713,0.0066602171786451754
2025-09-20,18-49,0.000846182877461423,0.007506400056106598
2025-09-21,18-49,0.000846182877461423,0.008352582933568022
2025-09-22,18-49,0.000846182877461423,0.009198765811029446
2025-09-23,18-49,0.000846182877461423,0.01004494868849087
2025-09-24,18-49,0.000846182877461423,0.010891131565952294
2025-09-25,18-49,0.000846182877461423,0.011737314443413718
2025-09-26,18-49,0.000846182877461423,0.012583497320875141
2025-09-27,18-49,0.00219957843976221,0.014783075760637351
2025-09-28,18-49,0.00219957843976221,0.01698265420039956
2025-09-29,18-49,0.00219957843976221,0.01918223264016177
2025-09-30,18-49,0.00219957843976221,0.02138181107992398
2025-10-01,18-49,0.00219957843976221,0.02358138951968619
2025-10-02,18-49,0.00219957843976221,0.0257809679594484
2025-10-03,18-49,0.00219957843976221,0.02798054639921061
2025-10-04,18-49,0.00159474575106161,0.02957529215027222
2025-10-05,18-49,0.00159474575106161,0.03117003790133383
2025-10-06,18-49,0.00159474575106161,0.03276478365239544
2025-10-07,18-49,0.00159474575106161,0.03435952940345705
2025-10-08,18-49,0.00159474575106161,0.03595427515451866
2025-10-09,18-49,0.00159474575106161,0.03754902090558027
2025-10-10,18-49,0.00159474575106161,0.03914376665664188
2025-10-11,18-49,0.00209780902580227,0.04124157568244415
2025-10-12,18-49,0.00209780902580227,0.04333938470824642
2025-10-13,18-49,0.00209780902580227,0.04543719373404869
2025-10-14,18-49,0.00209780902580227,0.04753500275985096
2025-10-15,18-49,0.00209780902580227,0.04963281178565323
2025-10-16,18-49,0.00209780902580227,0.0517306208114555
2025-10-17,18-49,0.00209780902580227,0.05382842983725777
2025-10-18,18-49,0.00257124881310531,0.05639967865036308
2025-10-19,18-49,0.00257124881310531,0.05897092746346839
2025-10-20,18-49,0.00257124881310531,0.0615421762765737
2025-10-21,18-49,0.00257124881310531,0.064113425089679
2025-10-22,18-49,0.00257124881310531,0.0666846739027843
2025-10-23,18-49,0.00257124881310531,0.06925592271588961
2025-10-24,18-49,0.00257124881310531,0.07182717152899491
2025-10-25,18-49,0.0030824604364539,0.07490963196544881
2025-10-26,18-49,0.0030824604364539,0.0779920924019027
2025-10-27,18-49,0.0030824604364539,0.0810745528383566
2025-10-28,18-49,0.0030824604364539,0.0841570132748105
2025-10-29,18-49,0.0030824604364539,0.08723947371126439
2025-10-30,18-49,0.0030824604364539,0.09032193414771829
2025-10-31,18-49,0.0030824604364539,0.09340439458417218
2025-11-01,18-49,0.00597714481075725,0.09938153939492944
2025-11-02,18-49,0.00597714481075725,0.1053586842056867
2025-11-03,18-49,0.00597714481075725,0.11133582901644395
2025-11-04,18-49,0.00597714481075725,0.11731297382720121
2025-11-05,18-49,0.00597714481075725,0.12329011863795847
2025-11-06,18-49,0.00597714481075725,0.12926726344871572
2025-11-07,18-49,0.00597714481075725,0.13524440825947298
2025-11-08,18-49,0.00253317672729826,0.13777758498677123
2025-11-09,18-49,0.00253317672729826,0.14031076171406948
2025-11-10,18-49,0.00253317672729826,0.14284393844136772
2025-11-11,18-49,0.00253317672729826,0.14537711516866597
2025-11-12,18-49,0.00253317672729826,0.14791029189596422
2025-11-13,18-49,0.00253317672729826,0.15044346862326247
2025-11-14,18-49,0.00253317672729826,0.1529766453505607
2025-11-15,18-49,0.0021417127524733,0.155118358103034
2025-11-16,18-49,0.0021417127524733,0.1572600708555073
2025-11-17,18-49,0.0021417127524733,0.1594017836079806
2025-11-18,18-49,0.0021417127524733,0.1615434963604539
2025-11-19,18-49,0.0021417127524733,0.1636852091129272
2025-11-20,18-49,0.0021417127524733,0.1658269218654005
2025-11-21,18-49,0.0021417127524733,0.16796863461787379
2025-11-22,18-49,0.00176950775426621,0.16973814237214
2025-11-23,18-49,0.00176950775426621,0.1715076501264062
2025-11-24,18-49,0.00176950775426621,0.1732771578806724
2025-11-25,18-49,0.00176950775426621,0.17504666563493862
2025-11-26,18-49,0.00176950775426621,0.17681617338920483
2025-11-27,18-49,0.00176950775426621,0.17858568114347104
2025-11-28,18-49,0.00176950775426621,0.18035518889773725
2025-11-29,18-49,0.0030708463873658,0.18342603528510304
2025-11-30,18-49,0.0030708463873658,0.18649688167246883
2025-12-01,18-49,0.0030708463873658,0.18956772805983463
2025-12-02,18-49,0.0030708463873658,0.19263857444720042
2025-12-03,18-49,0.0030708463873658,0.19570942083456622
2025-12-04,18-49,0.0030708463873658,0.198780267221932
2025-12-05,18-49,0.0030708463873658,0.2018511136092978
2025-12-06,18-49,0.00111756497654559,0.2029686785858434
2025-12-07,18-49,0.00111756497654559,0.20408624356238897
2025-12-08,18-49,0.00111756497654559,0.20520380853893455
2025-12-09,18-49,0.00111756497654559,0.20632137351548013
2025-12-10,18-49,0.00111756497654559,0.20743893849202572
2025-12-11,18-49,0.00111756497654559,0.2085565034685713
2025-12-12,18-49,0.00111756497654559,0.20967406844511688
2025-12-13,18-49,0.000806309986502922,0.2104803784316198
2025-12-14,18-49,0.000806309986502922,0.2112866884181227
2025-12-15,18-49,0.000806309986502922,0.21209299840462562
2025-12-16,18-49,0.000806309986502922,0.21289930839112853
2025-12-17,18-49,0.000806309986502922,0.21370561837763144
2025-12-18,18-49,0.000806309986502922,0.21451192836413435
2025-12-19,18-49,0.000806309986502922,0.21531823835063726
2025-12-20,18-49,0.000579786449936362,0.21589802480057363
2025-12-21,18-49,0.000579786449936362,0.21647781125051
2025-12-22,18-49,0.000579786449936362,0.21705759770044636
2025-12-23,18-49,0.000579786449936362,0.21763738415038272
2025-12-24,18-49,0.000579786449936362,0.2182171706003191
2025-12-25,18-49,0.000579786449936362,0.21879695705025545
2025-12-26,18-49,0.000579786449936362,0.21937674350019182
2025-12-27,18-49,0.000660579292222523,0.22003732279241434
2025-12-28,18-49,0.000660579292222523,0.22069790208463685
2025-12-29,18-49,0.000660579292222523,0.22135848137685937
2025-12-30,18-49,0.000660579292222523,0.2220190606690819
2025-12-31,18-49,0.000660579292222523,0.2226796399613044
2026-01-01,18-49,0.000660579292222523,0.22334021925352693
2026-01-02,18-49,0.000660579292222523,0.22400079854574945
2026-01-03,18-49,0.00103135862412564,0.2250321571698751
2026-01-04,18-49,0.00103135862412564,0.22606351579400075
2026-01-05,18-49,0.00103135862412564,0.2270948744181264
2026-01-06,18-49,0.00103135862412564,0.22812623304225205
2026-01-07,18-49,0.00103135862412564,0.2291575916663777
2026-01-08,18-49,0.00103135862412564,0.23018895029050335
2026-01-09,18-49,0.00103135862412564,0.231220308914629
2026-01-10,18-49,0.000506308468467586,0.23172661738309658
2026-01-11,18-49,0.000506308468467586,0.23223292585156416
2026-01-12,18-49,0.000506308468467586,0.23273923432003174
2026-01-13,18-49,0.000506308468467586,0.23324554278849932
2026-01-14,18-49,0.000506308468467586,0.2337518512569669
2026-01-15,18-49,0.000506308468467586,0.23425815972543448
2026-01-16,18-49,0.000506308468467586,0.23476446819390206
2026-01-17,18-49,0.000541945965561969,0.23530641415946404
2026-01-18,18-49,0.000541945965561969,0.23584836012502602
2026-01-19,18-49,0.000541945965561969,0.236390306090588
2026-01-20,18-49,0.000541945965561969,0.23693225205614998
2026-01-21,18-49,0.000541945965561969,0.23747419802171196
2026-01-22,18-49,0.000541945965561969,0.23801614398727394
2026-01-23,18-49,0.000541945965561969,0.23855808995283592
2026-01-24,18-49,0.00048275307724884,0.23904084303008477
2026-01-25,18-49,0.00048275307724884,0.23952359610733362
2026-01-26,18-49,0.00048275307724884,0.24000634918458247
2026-01-27,18-49,0.00048275307724884,0.24048910226183132
2026-01-28,18-49,0.00048275307724884,0.24097185533908017
2026-01-29,18-49,0.00048275307724884,0.24145460841632901
2026-01-30,18-49,0.00048275307724884,0.24193736149357786
2026-01-31,18-49,0.00105910225682102,0.24299646375039888
2026-02-01,18-49,0.00105910225682102,0.2440555660072199
2026-02-02,18-49,0.00105910225682102,0.2451146682640409
2026-02-03,18-49,0.00105910225682102,0.24617377052086192
2026-02-04,18-49,0.00105910225682102,0.24723287277768294
2026-02-05,18-49,0.00105910225682102,0.24829197503450395
2026-02-06,18-49,0.00105910225682102,0.24935107729132497
2026-02-07,18-49,0.000479184750984146,0.24983026204230913
2026-02-08,18-49,0.000479184750984146,0.25030944679329326
2026-02-09,18-49,0.000479184750984146,0.2507886315442774
2026-02-10,18-49,0.000479184750984146,0.2512678162952615
2026-02-11,18-49,0.000479184750984146,0.25174700104624564
2026-02-12,18-49,0.000479184750984146,0.2522261857972298
2026-02-13,18-49,0.000479184750984146,0.2527053705482139
2026-02-14,18-49,0.000429600548456068,0.25313497109667
2026-02-15,18-49,0.000429600548456068,0.2535645716451261
2026-02-16,18-49,0.000429600548456068,0.25399417219358217
2026-02-17,18-49,0.000429600548456068,0.25442377274203826
2026-02-18,18-49,0.000429600548456068,0.25485337329049434
2026-02-19,18-49,0.000429600548456068,0.25528297383895043
2026-02-20,18-49,0.000429600548456068,0.2557125743874065
2026-02-21,18-49,0.000377674675155376,0.2560902490625619
2026-02-22,18-49,0.000377674675155376,0.25646792373771726
2026-02-23,18-49,0.000377674675155376,0.25684559841287263
2026-02-24,18-49,0.000377674675155376,0.257223273088028
2026-02-25,18-49,0.000377674675155376,0.2576009477631834
2026-02-26,18-49,0.000377674675155376,0.25797862243833874
2026-02-27,18-49,0.000377674675155376,0.2583562971134941
2026-02-28,18-49,0.0006744850860259,0.25903078219952
2026-03-01,18-49,0.0006744850860259,0.25970526728554594
2026-03-02,18-49,0.0006744850860259,0.26037975237157185
2026-03-03,18-49,0.0006744850860259,0.26105423745759776
2026-03-04,18-49,0.0006744850860259,0.26172872254362367
2026-03-05,18-49,0.0006744850860259,0.2624032076296496
2026-03-06,18-49,0.0006744850860259,0.2630776927156755
2026-03-07,18-49,0.0002600149066129,0.2633377076222884
2026-03-08,18-49,0.0002600149066129,0.26359772252890135
2026-03-09,18-49,0.0002600149066129,0.2638577374355143
2026-03-10,18-49,0.0002600149066129,0.2641177523421272
2026-03-11,18-49,0.0002600149066129,0.2643777672487401
2026-03-12,18-49,0.0002600149066129,0.26463778215535305
2026-03-13,18-49,0.0002600149066129,0.264897797061966
2026-03-14,18-49,0.000199012892138756,0.26509680995410473
2026-03-15,18-49,0.000199012892138756,0.2652958228462435
2026-03-16,18-49,0.000199012892138756,0.26549483573838223
2026-03-17,18-49,0.000199012892138756,0.265693848630521
2026-03-18,18-49,0.000199012892138756,0.26589286152265973
2026-03-19,18-49,0.000199012892138756,0.2660918744147985
2026-03-20,18-49,0.000199012892138756,0.26629088730693723
2026-03-21,18-49,0.000155343540570227,0.26644623084750746
2026-03-22,18-49,0.000155343540570227,0.2666015743880777
2026-03-23,18-49,0.000155343540570227,0.2667569179286479
2026-03-24,18-49,0.000155343540570227,0.26691226146921815
2026-03-25,18-49,0.000155343540570227,0.2670676050097884
2026-03-26,18-49,0.000155343540570227,0.2672229485503586
2026-03-27,18-49,0.000155343540570227,0.26737829209092884
2026-03-28,18-49,0.000205433244428846,0.2675837253353577
2026-03-29,18-49,0.000205433244428846,0.2677891585797865
2026-03-30,18-49,0.000205433244428846,0.26799459182421537
2026-03-31,18-49,0.000205433244428846,0.2682000250686442
2026-04-01,18-49,0.000205433244428846,0.26840545831307305
2026-04-02,18-49,0.000205433244428846,0.2686108915575019
2026-04-03,18-49,0.000205433244428846,0.26881632480193074
2026-04-04,18-49,0.000353639439052222,0.26916996424098294
2026-04-05,18-49,0.000353639439052222,0.26952360368003514
2026-04-06,18-49,0.000353639439052222,0.26987724311908734
2026-04-07,18-49,0.000353639439052222,0.27023088255813954
2026-04-08,18-49,0.000353639439052222,0.27058452199719174
2026-04-09,18-49,0.000353639439052222,0.27093816143624394
2026-04-10,18-49,0.000353639439052222,0.27129180087529614
2026-04-11,18-49,0.000239091034666311,0.27153089190996244
2026-04-12,18-49,0.000239091034666311,0.27176998294462873
2026-04-13,18-49,0.000239091034666311,0.272009073979295
2026-04-14,18-49,0.000239091034666311,0.2722481650139613
2026-04-15,18-49,0.000239091034666311,0.2724872560486276
2026-04-16,18-49,0.000239091034666311,0.2727263470832939
2026-04-17,18-49,0.000239091034666311,0.2729654381179602
2026-04-18,18-49,0.000298545341362997,0.2732639834593232
2026-04-19,18-49,0.000298545341362997,0.27356252880068616
2026-04-20,18-49,0.000298545341362997,0.27386107414204913
2026-04-21,18-49,0.000298545341362997,0.2741596194834121
2026-04-22,18-49,0.000298545341362997,0.2744581648247751
2026-04-23,18-49,0.000298545341362997,0.27475671016613806
2026-04-24,18-49,0.000298545341362997,0.27505525550750104
2026-04-25,18-49,0.000283238150866859,0.2753384936583679
2026-04-26,18-49,0.000283238150866859,0.2756217318092347
2026-04-27,18-49,0.000283238150866859,0.27590496996010155
2026-04-28,18-49,0.000283238150866859,0.2761882081109684
2026-04-29,18-49,0.000283238150866859,0.27647144626183523
2026-04-30,18-49,0.000283238150866859,0.27675468441270207
2026-05-01,18-49,0.000283238150866859,0.2770379225635689
2026-05-02,18-49,0.000565771096173828,0.27760369365974275
2026-05-03,18-49,0.000565771096173828,0.2781694647559166
2026-05-04,18-49,0.000565771096173828,0.2787352358520904
2026-05-05,18-49,0.000565771096173828,0.27930100694826426
2026-05-06,18-49,0.000565771096173828,0.2798667780444381
2026-05-07,18-49,0.000565771096173828,0.28043254914061194
2026-05-08,18-49,0.000565771096173828,0.2809983202367858
2025-09-01,50-64,0.0,0.0
2025-09-02,50-64,0.0,0.0
2025-09-03,50-64,0.0,0.0
2025-09-04,50-64,0.0,0.0
2025-09-05,50-64,0.0,0.0
2025-09-06,50-64,0.000582454808553025,0.000582454808553025
2025-09-07,50-64,0.000582454808553025,0.00116490961710605
2025-09-08,50-64,0.000582454808553025,0.0017473644256590752
2025-09-09,50-64,0.000582454808553025,0.0023298192342121
2025-09-10,50-64,0.000582454808553025,0.002912274042765125
2025-09-11,50-64,0.000582454808553025,0.00349472885131815
2025-09-12,50-64,0.000582454808553025,0.004077183659871175
2025-09-13,50-64,0.000761994757466014,0.004839178417337189
2025-09-14,50-64,0.000761994757466014,0.005601173174803202
2025-09-15,50-64,0.000761994757466014,0.006363167932269216
2025-09-16,50-64,0.000761994757466014,0.00712516268973523
2025-09-17,50-64,0.000761994757466014,0.007887157447201244
2025-09-18,50-64,0.000761994757466014,0.008649152204667257
2025-09-19,50-64,0.000761994757466014,0.009411146962133271
2025-09-20,50-64,0.00136941982534888,0.01078056678748215
2025-09-21,50-64,0.00136941982534888,0.01214998661283103
2025-09-22,50-64,0.00136941982534888,0.01351940643817991
2025-09-23,50-64,0.00136941982534888,0.01488882626352879
2025-09-24,50-64,0.00136941982534888,0.01625824608887767
2025-09-25,50-64,0.00136941982534888,0.01762766591422655
2025-09-26,50-64,0.00136941982534888,0.01899708573957543
2025-09-27,50-64,0.003433356867188,0.02243044260676343
2025-09-28,50-64,0.003433356867188,0.02586379947395143
2025-09-29,50-64,0.003433356867188,0.02929715634113943
2025-09-30,50-64,0.003433356867188,0.03273051320832743
2025-10-01,50-64,0.003433356867188,0.03616387007551543
2025-10-02,50-64,0.003433356867188,0.03959722694270343
2025-10-03,50-64,0.003433356867188,0.04303058380989143
2025-10-04,50-64,0.00241655003611977,0.0454471338460112
2025-10-05,50-64,0.00241655003611977,0.04786368388213097
2025-10-06,50-64,0.00241655003611977,0.05028023391825074
2025-10-07,50-64,0.00241655003611977,0.05269678395437051
2025-10-08,50-64,0.00241655003611977,0.05511333399049028
2025-10-09,50-64,0.00241655003611977,0.05752988402661005
2025-10-10,50-64,0.00241655003611977,0.05994643406272982
2025-10-11,50-64,0.00313059136535887,0.06307702542808868
2025-10-12,50-64,0.00313059136535887,0.06620761679344755
2025-10-13,50-64,0.00313059136535887,0.06933820815880642
2025-10-14,50-64,0.00313059136535887,0.0724687995241653
2025-10-15,50-64,0.00313059136535887,0.07559939088952417
2025-10-16,50-64,0.00313059136535887,0.07872998225488304
2025-10-17,50-64,0.00313059136535887,0.0818605736202419
2025-10-18,50-64,0.00377713490301906,0.08563770852326097
2025-10-19,50-64,0.00377713490301906,0.08941484342628003
2025-10-20,50-64,0.00377713490301906,0.0931919783292991
2025-10-21,50-64,0.00377713490301906,0.09696911323231816
2025-10-22,50-64,0.00377713490301906,0.10074624813533722
2025-10-23,50-64,0.00377713490301906,0.10452338303835629
2025-10-24,50-64,0.00377713490301906,0.10830051794137535
2025-10-25,50-64,0.004447164710498,0.11274768265187335
2025-10-26,50-64,0.004447164710498,0.11719484736237135
2025-10-27,50-64,0.004447164710498,0.12164201207286934
2025-10-28,50-64,0.004447164710498,0.12608917678336734
2025-10-29,50-64,0.004447164710498,0.13053634149386534
2025-10-30,50-64,0.004447164710498,0.13498350620436333
2025-10-31,50-64,0.004447164710498,0.13943067091486133
2025-11-01,50-64,0.00840147403885118,0.14783214495371252
2025-11-02,50-64,0.00840147403885118,0.15623361899256372
2025-11-03,50-64,0.00840147403885118,0.1646350930314149
2025-11-04,50-64,0.00840147403885118,0.1730365670702661
2025-11-05,50-64,0.00840147403885118,0.1814380411091173
2025-11-06,50-64,0.00840147403885118,0.18983951514796849
2025-11-07,50-64,0.00840147403885118,0.19824098918681968
2025-11-08,50-64,0.00334003892377888,0.20158102811059855
2025-11-09,50-64,0.00334003892377888,0.20492106703437743
2025-11-10,50-64,0.00334003892377888,0.2082611059581563
2025-11-11,50-64,0.00334003892377888,0.21160114488193518
2025-11-12,50-64,0.00334003892377888,0.21494118380571406
2025-11-13,50-64,0.00334003892377888,0.21828122272949294
2025-11-14,50-64,0.00334003892377888,0.2216212616532718
2025-11-15,50-64,0.00264738286428313,0.22426864451755493
2025-11-16,50-64,0.00264738286428313,0.22691602738183805
2025-11-17,50-64,0.00264738286428313,0.22956341024612117
2025-11-18,50-64,0.00264738286428313,0.2322107931104043
2025-11-19,50-64,0.00264738286428313,0.23485817597468742
2025-11-20,50-64,0.00264738286428313,0.23750555883897054
2025-11-21,50-64,0.00264738286428313,0.24015294170325366
2025-11-22,50-64,0.0020727258036003,0.24222566750685395
2025-11-23,50-64,0.0020727258036003,0.24429839331045425
2025-11-24,50-64,0.0020727258036003,0.24637111911405454
2025-11-25,50-64,0.0020727258036003,0.24844384491765484
2025-11-26,50-64,0.0020727258036003,0.25051657072125516
2025-11-27,50-64,0.0020727258036003,0.25258929652485546
2025-11-28,50-64,0.0020727258036003,0.25466202232845575
2025-11-29,50-64,0.00361852964792964,0.2582805519763854
2025-11-30,50-64,0.00361852964792964,0.261899081624315
2025-12-01,50-64,0.00361852964792964,0.26551761127224466
2025-12-02,50-64,0.00361852964792964,0.2691361409201743
2025-12-03,50-64,0.00361852964792964,0.27275467056810393
2025-12-04,50-64,0.00361852964792964,0.27637320021603357
2025-12-05,50-64,0.00361852964792964,0.2799917298639632
2025-12-06,50-64,0.00140381800610139,0.2813955478700646
2025-12-07,50-64,0.00140381800610139,0.282799365876166
2025-12-08,50-64,0.00140381800610139,0.2842031838822674
2025-12-09,50-64,0.00140381800610139,0.2856070018883688
2025-12-10,50-64,0.00140381800610139,0.2870108198944702
2025-12-11,50-64,0.00140381800610139,0.2884146379005716
2025-12-12,50-64,0.00140381800610139,0.289818455906673
2025-12-13,50-64,0.00112916603690767,0.29094762194358065
2025-12-14,50-64,0.00112916603690767,0.2920767879804883
2025-12-15,50-64,0.00112916603690767,0.29320595401739596
2025-12-16,50-64,0.00112916603690767,0.2943351200543036
2025-12-17,50-64,0.00112916603690767,0.2954642860912113
2025-12-18,50-64,0.00112916603690767,0.29659345212811894
2025-12-19,50-64,0.00112916603690767,0.2977226181650266
2025-12-20,50-64,0.000917071344958923,0.29863968950998554
2025-12-21,50-64,0.000917071344958923,0.2995567608549445
2025-12-22,50-64,0.000917071344958923,0.3004738321999034
2025-12-23,50-64,0.000917071344958923,0.30139090354486237
2025-12-24,50-64,0.000917071344958923,0.3023079748898213
2025-12-25,50-64,0.000917071344958923,0.30322504623478025
2025-12-26,50-64,0.000917071344958923,0.3041421175797392
2025-12-27,50-64,0.0010042622152566,0.3051463797949958
2025-12-28,50-64,0.0010042622152566,0.30615064201025244
2025-12-29,50-64,0.0010042622152566,0.30715490422550906
2025-12-30,50-64,0.0010042622152566,0.3081591664407657
2025-12-31,50-64,0.0010042622152566,0.3091634286560223
2026-01-01,50-64,0.0010042622152566,0.31016769087127893
2026-01-02,50-64,0.0010042622152566,0.31117195308653556
2026-01-03,50-64,0.00154387307588655,0.3127158261624221
2026-01-04,50-64,0.00154387307588655,0.31425969923830865
2026-01-05,50-64,0.00154387307588655,0.3158035723141952
2026-01-06,50-64,0.00154387307588655,0.31734744539008175
2026-01-07,50-64,0.00154387307588655,0.3188913184659683
2026-01-08,50-64,0.00154387307588655,0.32043519154185485
2026-01-09,50-64,0.00154387307588655,0.3219790646177414
2026-01-10,50-64,0.000612702881325278,0.32259176749906665
2026-01-11,50-64,0.000612702881325278,0.3232044703803919
2026-01-12,50-64,0.000612702881325278,0.32381717326171716
2026-01-13,50-64,0.000612702881325278,0.3244298761430424
2026-01-14,50-64,0.000612702881325278,0.3250425790243677
2026-01-15,50-64,0.000612702881325278,0.32565528190569293
2026-01-16,50-64,0.000612702881325278,0.3262679847870182
2026-01-17,50-64,0.000557142187463914,0.32682512697448207
2026-01-18,50-64,0.000557142187463914,0.32738226916194596
2026-01-19,50-64,0.000557142187463914,0.32793941134940985
2026-01-20,50-64,0.000557142187463914,0.32849655353687374
2026-01-21,50-64,0.000557142187463914,0.3290536957243376
2026-01-22,50-64,0.000557142187463914,0.3296108379118015
2026-01-23,50-64,0.000557142187463914,0.3301679800992654
2026-01-24,50-64,0.000449394423657436,0.33061737452292284
2026-01-25,50-64,0.000449394423657436,0.33106676894658027
2026-01-26,50-64,0.000449394423657436,0.3315161633702377
2026-01-27,50-64,0.000449394423657436,0.33196555779389514
2026-01-28,50-64,0.000449394423657436,0.3324149522175526
2026-01-29,50-64,0.000449394423657436,0.33286434664121
2026-01-30,50-64,0.000449394423657436,0.33331374106486744
2026-01-31,50-64,0.00105771874488582,0.33437145980975325
2026-02-01,50-64,0.00105771874488582,0.33542917855463905
2026-02-02,50-64,0.00105771874488582,0.33648689729952486
2026-02-03,50-64,0.00105771874488582,0.33754461604441066
2026-02-04,50-64,0.00105771874488582,0.33860233478929647
2026-02-05,50-64,0.00105771874488582,0.33966005353418227
2026-02-06,50-64,0.00105771874488582,0.3407177722790681
2026-02-07,50-64,0.00060280160205429,0.34132057388112236
2026-02-08,50-64,0.00060280160205429,0.34192337548317664
2026-02-09,50-64,0.00060280160205429,0.3425261770852309
2026-02-10,50-64,0.00060280160205429,0.3431289786872852
2026-02-11,50-64,0.00060280160205429,0.3437317802893395
2026-02-12,50-64,0.00060280160205429,0.34433458189139377
2026-02-13,50-64,0.00060280160205429,0.34493738349344805
2026-02-14,50-64,0.000678672385198734,0.3456160558786468
2026-02-15,50-64,0.000678672385198734,0.34629472826384555
2026-02-16,50-64,0.000678672385198734,0.3469734006490443
2026-02-17,50-64,0.000678672385198734,0.34765207303424306
2026-02-18,50-64,0.000678672385198734,0.3483307454194418
2026-02-19,50-64,0.000678672385198734,0.34900941780464056
2026-02-20,50-64,0.000678672385198734,0.3496880901898393
2026-02-21,50-64,0.000693617963144721,0.35038170815298403
2026-02-22,50-64,0.000693617963144721,0.35107532611612874
2026-02-23,50-64,0.000693617963144721,0.35176894407927345
2026-02-24,50-64,0.000693617963144721,0.35246256204241816
2026-02-25,50-64,0.000693617963144721,0.35315618000556287
2026-02-26,50-64,0.000693617963144721,0.3538497979687076
2026-02-27,50-64,0.000693617963144721,0.3545434159318523
2026-02-28,50-64,0.00122790164948711,0.3557713175813394
2026-03-01,50-64,0.00122790164948711,0.3569992192308265
2026-03-02,50-64,0.00122790164948711,0.3582271208803136
2026-03-03,50-64,0.00122790164948711,0.3594550225298007
2026-03-04,50-64,0.00122790164948711,0.3606829241792878
2026-03-05,50-64,0.00122790164948711,0.36191082582877493
2026-03-06,50-64,0.00122790164948711,0.36313872747826204
2026-03-07,50-64,0.000405301266653388,0.3635440287449154
2026-03-08,50-64,0.000405301266653388,0.3639493300115688
2026-03-09,50-64,0.000405301266653388,0.3643546312782222
2026-03-10,50-64,0.000405301266653388,0.3647599325448756
2026-03-11,50-64,0.000405301266653388,0.365165233811529
2026-03-12,50-64,0.000405301266653388,0.3655705350781824
2026-03-13,50-64,0.000405301266653388,0.36597583634483577
2026-03-14,50-64,0.00021874068676556,0.36619457703160135
2026-03-15,50-64,0.00021874068676556,0.36641331771836694
2026-03-16,50-64,0.00021874068676556,0.3666320584051325
2026-03-17,50-64,0.00021874068676556,0.3668507990918981
2026-03-18,50-64,0.00021874068676556,0.3670695397786637
2026-03-19,50-64,0.00021874068676556,0.3672882804654293
2026-03-20,50-64,0.00021874068676556,0.36750702115219486
2026-03-21,50-64,8.74674175967546e-05,0.3675944885697916
2026-03-22,50-64,8.74674175967546e-05,0.36768195598738834
2026-03-23,50-64,8.74674175967546e-05,0.3677694234049851
2026-03-24,50-64,8.74674175967546e-05,0.36785689082258183
2026-03-25,50-64,8.74674175967546e-05,0.36794435824017857
2026-03-26,50-64,8.74674175967546e-05,0.3680318256577753
2026-03-27,50-64,8.74674175967546e-05,0.36811929307537206
2026-03-28,50-64,0.000119795607009921,0.368239088682382
2026-03-29,50-64,0.000119795607009921,0.3683588842893919
2026-03-30,50-64,0.000119795607009921,0.3684786798964018
2026-03-31,50-64,0.000119795607009921,0.36859847550341174
2026-04-01,50-64,0.000119795607009921,0.36871827111042166
2026-04-02,50-64,0.000119795607009921,0.3688380667174316
2026-04-03,50-64,0.000119795607009921,0.3689578623244415
2026-04-04,50-64,0.000210355671404408,0.3691682179958459
2026-04-05,50-64,0.000210355671404408,0.36937857366725035
2026-04-06,50-64,0.000210355671404408,0.3695889293386548
2026-04-07,50-64,0.000210355671404408,0.3697992850100592
2026-04-08,50-64,0.000210355671404408,0.37000964068146364
2026-04-09,50-64,0.000210355671404408,0.37021999635286806
2026-04-10,50-64,0.000210355671404408,0.3704303520242725
2026-04-11,50-64,0.000230492997729481,0.370660845022002
2026-04-12,50-64,0.000230492997729481,0.37089133801973145
2026-04-13,50-64,0.000230492997729481,0.37112183101746093
2026-04-14,50-64,0.000230492997729481,0.3713523240151904
2026-04-15,50-64,0.000230492997729481,0.3715828170129199
2026-04-16,50-64,0.000230492997729481,0.3718133100106494
2026-04-17,50-64,0.000230492997729481,0.37204380300837886
2026-04-18,50-64,0.000346194185917768,0.3723899971942966
2026-04-19,50-64,0.000346194185917768,0.37273619138021435
2026-04-20,50-64,0.000346194185917768,0.3730823855661321
2026-04-21,50-64,0.000346194185917768,0.37342857975204985
2026-04-22,50-64,0.000346194185917768,0.3737747739379676
2026-04-23,50-64,0.000346194185917768,0.37412096812388534
2026-04-24,50-64,0.000346194185917768,0.3744671623098031
2026-04-25,50-64,0.000365279113711098,0.3748324414235142
2026-04-26,50-64,0.000365279113711098,0.3751977205372253
2026-04-27,50-64,0.000365279113711098,0.37556299965093637
2026-04-28,50-64,0.000365279113711098,0.37592827876464746
2026-04-29,50-64,0.000365279113711098,0.37629355787835855
2026-04-30,50-64,0.000365279113711098,0.37665883699206965
2026-05-01,50-64,0.000365279113711098,0.37702411610578074
2026-05-02,50-64,0.000701533417645649,0.3777256495234264
2026-05-03,50-64,0.000701533417645649,0.3784271829410721
2026-05-04,50-64,0.000701533417645649,0.37912871635871775
2026-05-05,50-64,0.000701533417645649,0.3798302497763634
2026-05-06,50-64,0.000701533417645649,0.3805317831940091
2026-05-07,50-64,0.000701533417645649,0.38123331661165477
2026-05-08,50-64,0.000701533417645649,0.38193485002930044
2025-09-01,65+,0.0,0.0
2025-09-02,65+,0.0,0.0
2025-09-03,65+,0.0,0.0
2025-09-04,65+,0.0,0.0
2025-09-05,65+,0.0,0.0
2025-09-06,65+,0.00145966786352556,0.00145966786352556
2025-09-07,65+,0.00145966786352556,0.00291933572705112
2025-09-08,65+,0.00145966786352556,0.004379003590576681
2025-09-09,65+,0.00145966786352556,0.00583867145410224
2025-09-10,65+,0.00145966786352556,0.0072983393176278
2025-09-11,65+,0.00145966786352556,0.00875800718115336
2025-09-12,65+,0.00145966786352556,0.01021767504467892
2025-09-13,65+,0.00240898394564813,0.012626658990327048
2025-09-14,65+,0.00240898394564813,0.015035642935975178
2025-09-15,65+,0.00240898394564813,0.017444626881623307
2025-09-16,65+,0.00240898394564813,0.019853610827271436
2025-09-17,65+,0.00240898394564813,0.022262594772919565
2025-09-18,65+,0.00240898394564813,0.024671578718567694
2025-09-19,65+,0.00240898394564813,0.027080562664215824
2025-09-20,65+,0.00347159371450234,0.030552156378718165
2025-09-21,65+,0.00347159371450234,0.034023750093220506
2025-09-22,65+,0.00347159371450234,0.03749534380772285
2025-09-23,65+,0.00347159371450234,0.04096693752222519
2025-09-24,65+,0.00347159371450234,0.04443853123672753
2025-09-25,65+,0.00347159371450234,0.04791012495122987
2025-09-26,65+,0.00347159371450234,0.05138171866573221
2025-09-27,65+,0.00772245412836616,0.059104172794098374
2025-09-28,65+,0.00772245412836616,0.06682662692246454
2025-09-29,65+,0.00772245412836616,0.07454908105083069
2025-09-30,65+,0.00772245412836616,0.08227153517919684
2025-10-01,65+,0.00772245412836616,0.089993989307563
2025-10-02,65+,0.00772245412836616,0.09771644343592915
2025-10-03,65+,0.00772245412836616,0.10543889756429531
2025-10-04,65+,0.00469814883918628,0.11013704640348158
2025-10-05,65+,0.00469814883918628,0.11483519524266786
2025-10-06,65+,0.00469814883918628,0.11953334408185413
2025-10-07,65+,0.00469814883918628,0.12423149292104041
2025-10-08,65+,0.00469814883918628,0.1289296417602267
2025-10-09,65+,0.00469814883918628,0.133627790599413
2025-10-10,65+,0.00469814883918628,0.13832593943859928
2025-10-11,65+,0.00553984564529247,0.14386578508389175
2025-10-12,65+,0.00553984564529247,0.14940563072918422
2025-10-13,65+,0.00553984564529247,0.1549454763744767
2025-10-14,65+,0.00553984564529247,0.16048532201976917
2025-10-15,65+,0.00553984564529247,0.16602516766506165
2025-10-16,65+,0.00553984564529247,0.17156501331035412
2025-10-17,65+,0.00553984564529247,0.1771048589556466
2025-10-18,65+,0.00623006010471978,0.18333491906036636
2025-10-19,65+,0.00623006010471978,0.18956497916508613
2025-10-20,65+,0.00623006010471978,0.1957950392698059
2025-10-21,65+,0.00623006010471978,0.20202509937452567
2025-10-22,65+,0.00623006010471978,0.20825515947924544
2025-10-23,65+,0.00623006010471978,0.21448521958396521
2025-10-24,65+,0.00623006010471978,0.22071527968868498
2025-10-25,65+,0.00706017051742238,0.22777545020610737
2025-10-26,65+,0.00706017051742238,0.23483562072352976
2025-10-27,65+,0.00706017051742238,0.24189579124095215
2025-10-28,65+,0.00706017051742238,0.24895596175837453
2025-10-29,65+,0.00706017051742238,0.2560161322757969
2025-10-30,65+,0.00706017051742238,0.26307630279321925
2025-10-31,65+,0.00706017051742238,0.2701364733106416
2025-11-01,65+,0.0128530493528859,0.2829895226635275
2025-11-02,65+,0.0128530493528859,0.2958425720164134
2025-11-03,65+,0.0128530493528859,0.3086956213692993
2025-11-04,65+,0.0128530493528859,0.3215486707221852
2025-11-05,65+,0.0128530493528859,0.3344017200750711
2025-11-06,65+,0.0128530493528859,0.34725476942795697
2025-11-07,65+,0.0128530493528859,0.36010781878084286
2025-11-08,65+,0.0049227379591898,0.36503055674003265
2025-11-09,65+,0.0049227379591898,0.36995329469922245
2025-11-10,65+,0.0049227379591898,0.37487603265841224
2025-11-11,65+,0.0049227379591898,0.37979877061760203
2025-11-12,65+,0.0049227379591898,0.3847215085767918
2025-11-13,65+,0.0049227379591898,0.3896442465359816
2025-11-14,65+,0.0049227379591898,0.3945669844951714
2025-11-15,65+,0.00384468435653329,0.3984116688517047
2025-11-16,65+,0.00384468435653329,0.402256353208238
2025-11-17,65+,0.00384468435653329,0.4061010375647713
2025-11-18,65+,0.00384468435653329,0.4099457219213046
2025-11-19,65+,0.00384468435653329,0.41379040627783786
2025-11-20,65+,0.00384468435653329,0.41763509063437115
2025-11-21,65+,0.00384468435653329,0.42147977499090444
2025-11-22,65+,0.00295653022692993,0.4244363052178344
2025-11-23,65+,0.00295653022692993,0.4273928354447643
2025-11-24,65+,0.00295653022692993,0.43034936567169424
2025-11-25,65+,0.00295653022692993,0.43330589589862417
2025-11-26,65+,0.00295653022692993,0.4362624261255541
2025-11-27,65+,0.00295653022692993,0.43921895635248404
2025-11-28,65+,0.00295653022692993,0.44217548657941397
2025-11-29,65+,0.00503450191419252,0.4472099884936065
2025-11-30,65+,0.00503450191419252,0.452244490407799
2025-12-01,65+,0.00503450191419252,0.45727899232199154
2025-12-02,65+,0.00503450191419252,0.46231349423618406
2025-12-03,65+,0.00503450191419252,0.4673479961503766
2025-12-04,65+,0.00503450191419252,0.4723824980645691
2025-12-05,65+,0.00503450191419252,0.47741699997876164
2025-12-06,65+,0.00181999087450293,0.47923699085326454
2025-12-07,65+,0.00181999087450293,0.48105698172776745
2025-12-08,65+,0.00181999087450293,0.48287697260227036
2025-12-09,65+,0.00181999087450293,0.48469696347677327
2025-12-10,65+,0.00181999087450293,0.4865169543512762
2025-12-11,65+,0.00181999087450293,0.4883369452257791
2025-12-12,65+,0.00181999087450293,0.490156936100282
2025-12-13,65+,0.00134760011439703,0.49150453621467904
2025-12-14,65+,0.00134760011439703,0.4928521363290761
2025-12-15,65+,0.00134760011439703,0.49419973644347315
2025-12-16,65+,0.00134760011439703,0.4955473365578702
2025-12-17,65+,0.00134760011439703,0.49689493667226725
2025-12-18,65+,0.00134760011439703,0.4982425367866643
2025-12-19,65+,0.00134760011439703,0.49959013690106135
2025-12-20,65+,0.00100993915187362,0.500600076052935
2025-12-21,65+,0.00100993915187362,0.5016100152048086
2025-12-22,65+,0.00100993915187362,0.5026199543566823
2025-12-23,65+,0.00100993915187362,0.5036298935085559
2025-12-24,65+,0.00100993915187362,0.5046398326604296
2025-12-25,65+,0.00100993915187362,0.5056497718123032
2025-12-26,65+,0.00100993915187362,0.5066597109641768
2025-12-27,65+,0.00115180273086301,0.5078115136950399
2025-12-28,65+,0.00115180273086301,0.5089633164259029
2025-12-29,65+,0.00115180273086301,0.5101151191567659
2025-12-30,65+,0.00115180273086301,0.5112669218876289
2025-12-31,65+,0.00115180273086301,0.5124187246184919
2026-01-01,65+,0.00115180273086301,0.5135705273493549
2026-01-02,65+,0.00115180273086301,0.514722330080218
2026-01-03,65+,0.00180559500626817,0.5165279250864862
2026-01-04,65+,0.00180559500626817,0.5183335200927544
2026-01-05,65+,0.00180559500626817,0.5201391150990226
2026-01-06,65+,0.00180559500626817,0.5219447101052908
2026-01-07,65+,0.00180559500626817,0.523750305111559
2026-01-08,65+,0.00180559500626817,0.5255559001178272
2026-01-09,65+,0.00180559500626817,0.5273614951240954
2026-01-10,65+,0.000876088453369112,0.5282375835774644
2026-01-11,65+,0.000876088453369112,0.5291136720308335
2026-01-12,65+,0.000876088453369112,0.5299897604842025
2026-01-13,65+,0.000876088453369112,0.5308658489375716
2026-01-14,65+,0.000876088453369112,0.5317419373909407
2026-01-15,65+,0.000876088453369112,0.5326180258443097
2026-01-16,65+,0.000876088453369112,0.5334941142976788
2026-01-17,65+,0.000922112849542563,0.5344162271472214
2026-01-18,65+,0.000922112849542563,0.535338339996764
2026-01-19,65+,0.000922112849542563,0.5362604528463065
2026-01-20,65+,0.000922112849542563,0.5371825656958491
2026-01-21,65+,0.000922112849542563,0.5381046785453917
2026-01-22,65+,0.000922112849542563,0.5390267913949343
2026-01-23,65+,0.000922112849542563,0.5399489042444768
2026-01-24,65+,0.000789634605154158,0.540738538849631
2026-01-25,65+,0.000789634605154158,0.5415281734547851
2026-01-26,65+,0.000789634605154158,0.5423178080599392
2026-01-27,65+,0.000789634605154158,0.5431074426650934
2026-01-28,65+,0.000789634605154158,0.5438970772702475
2026-01-29,65+,0.000789634605154158,0.5446867118754016
2026-01-30,65+,0.000789634605154158,0.5454763464805558
2026-01-31,65+,0.00164693169489857,0.5471232781754544
2026-02-01,65+,0.00164693169489857,0.548770209870353
2026-02-02,65+,0.00164693169489857,0.5504171415652516
2026-02-03,65+,0.00164693169489857,0.5520640732601502
2026-02-04,65+,0.00164693169489857,0.5537110049550488
2026-02-05,65+,0.00164693169489857,0.5553579366499474
2026-02-06,65+,0.00164693169489857,0.557004868344846
2026-02-07,65+,0.000638131564052543,0.5576429999088985
2026-02-08,65+,0.000638131564052543,0.5582811314729511
2026-02-09,65+,0.000638131564052543,0.5589192630370037
2026-02-10,65+,0.000638131564052543,0.5595573946010562
2026-02-11,65+,0.000638131564052543,0.5601955261651088
2026-02-12,65+,0.000638131564052543,0.5608336577291614
2026-02-13,65+,0.000638131564052543,0.561471789293214
2026-02-14,65+,0.000481735533638315,0.5619535248268522
2026-02-15,65+,0.000481735533638315,0.5624352603604905
2026-02-16,65+,0.000481735533638315,0.5629169958941288
2026-02-17,65+,0.000481735533638315,0.5633987314277671
2026-02-18,65+,0.000481735533638315,0.5638804669614054
2026-02-19,65+,0.000481735533638315,0.5643622024950437
2026-02-20,65+,0.000481735533638315,0.5648439380286819
2026-02-21,65+,0.00036681029861786,0.5652107483272998
2026-02-22,65+,0.00036681029861786,0.5655775586259176
2026-02-23,65+,0.00036681029861786,0.5659443689245355
2026-02-24,65+,0.00036681029861786,0.5663111792231533
2026-02-25,65+,0.00036681029861786,0.5666779895217712
2026-02-26,65+,0.00036681029861786,0.567044799820389
2026-02-27,65+,0.00036681029861786,0.5674116101190069
2026-02-28,65+,0.00066589768493107,0.568077507803938
2026-03-01,65+,0.00066589768493107,0.568743405488869
2026-03-02,65+,0.00066589768493107,0.5694093031738001
2026-03-03,65+,0.00066589768493107,0.5700752008587312
2026-03-04,65+,0.00066589768493107,0.5707410985436623
2026-03-05,65+,0.00066589768493107,0.5714069962285934
2026-03-06,65+,0.00066589768493107,0.5720728939135244
2026-03-07,65+,0.000302823143506209,0.5723757170570306
2026-03-08,65+,0.000302823143506209,0.5726785402005368
2026-03-09,65+,0.000302823143506209,0.5729813633440429
2026-03-10,65+,0.000302823143506209,0.5732841864875491
2026-03-11,65+,0.000302823143506209,0.5735870096310552
2026-03-12,65+,0.000302823143506209,0.5738898327745614
2026-03-13,65+,0.000302823143506209,0.5741926559180676
2026-03-14,65+,0.00029788214313284,0.5744905380612004
2026-03-15,65+,0.00029788214313284,0.5747884202043333
2026-03-16,65+,0.00029788214313284,0.5750863023474662
2026-03-17,65+,0.00029788214313284,0.575384184490599
2026-03-18,65+,0.00029788214313284,0.5756820666337319
2026-03-19,65+,0.00029788214313284,0.5759799487768648
2026-03-20,65+,0.00029788214313284,0.5762778309199976
2026-03-21,65+,0.000303213026430628,0.5765810439464283
2026-03-22,65+,0.000303213026430628,0.5768842569728589
2026-03-23,65+,0.000303213026430628,0.5771874699992896
2026-03-24,65+,0.000303213026430628,0.5774906830257203
2026-03-25,65+,0.000303213026430628,0.5777938960521509
2026-03-26,65+,0.000303213026430628,0.5780971090785816
2026-03-27,65+,0.000303213026430628,0.5784003221050122
2026-03-28,65+,0.000427357212893237,0.5788276793179055
2026-03-29,65+,0.000427357212893237,0.5792550365307987
2026-03-30,65+,0.000427357212893237,0.5796823937436919
2026-03-31,65+,0.000427357212893237,0.5801097509565851
2026-04-01,65+,0.000427357212893237,0.5805371081694783
2026-04-02,65+,0.000427357212893237,0.5809644653823716
2026-04-03,65+,0.000427357212893237,0.5813918225952648
2026-04-04,65+,0.000772202451215008,0.5821640250464798
2026-04-05,65+,0.000772202451215008,0.5829362274976948
2026-04-06,65+,0.000772202451215008,0.5837084299489098
2026-04-07,65+,0.000772202451215008,0.5844806324001248
2026-04-08,65+,0.000772202451215008,0.5852528348513398
2026-04-09,65+,0.000772202451215008,0.5860250373025548
2026-04-10,65+,0.000772202451215008,0.5867972397537699
2026-04-11,65+,0.000493569432337878,0.5872908091861078
2026-04-12,65+,0.000493569432337878,0.5877843786184457
2026-04-13,65+,0.000493569432337878,0.5882779480507836
2026-04-14,65+,0.000493569432337878,0.5887715174831215
2026-04-15,65+,0.000493569432337878,0.5892650869154594
2026-04-16,65+,0.000493569432337878,0.5897586563477973
2026-04-17,65+,0.000493569432337878,0.5902522257801353
2026-04-18,65+,0.000590303441993085,0.5908425292221283
2026-04-19,65+,0.000590303441993085,0.5914328326641214
2026-04-20,65+,0.000590303441993085,0.5920231361061145
2026-04-21,65+,0.000590303441993085,0.5926134395481075
2026-04-22,65+,0.000590303441993085,0.5932037429901006
2026-04-23,65+,0.000590303441993085,0.5937940464320937
2026-04-24,65+,0.000590303441993085,0.5943843498740867
2026-04-25,65+,0.00054916541291697,0.5949335152870037
2026-04-26,65+,0.00054916541291697,0.5954826806999206
2026-04-27,65+,0.00054916541291697,0.5960318461128375
2026-04-28,65+,0.00054916541291697,0.5965810115257545
2026-04-29,65+,0.00054916541291697,0.5971301769386714
2026-04-30,65+,0.00054916541291697,0.5976793423515884
2026-05-01,65+,0.00054916541291697,0.5982285077645053
2026-05-02,65+,0.00110767808269708,0.5993361858472024
2026-05-03,65+,0.00110767808269708,0.6004438639298995
2026-05-04,65+,0.00110767808269708,0.6015515420125965
2026-05-05,65+,0.00110767808269708,0.6026592200952936
2026-05-06,65+,0.00110767808269708,0.6037668981779907
2026-05-07,65+,0.00110767808269708,0.6048745762606877
2026-05-08,65+,0.00110767808269708,0.6059822543433848
2025-09-01,All,0.0,0.0
2025-09-02,All,0.0,0.0
2025-09-03,All,0.0,0.0
2025-09-04,All,0.0,0.0
2025-09-05,All,0.0,0.0
2025-09-06,All,0.0009332328905450259,0.0009332328905450259
2025-09-07,All,0.0009332328905450259,0.0018664657810900519
2025-09-08,All,0.0009332328905450259,0.002799698671635078
2025-09-09,All,0.0009332328905450259,0.0037329315621801038
2025-09-10,All,0.0009332328905450259,0.00466616445272513
2025-09-11,All,0.0009332328905450259,0.005599397343270155
2025-09-12,All,0.0009332328905450259,0.006532630233815182
2025-09-13,All,0.001072687581709332,0.007605317815524514
2025-09-14,All,0.001072687581709332,0.008678005397233846
2025-09-15,All,0.001072687581709332,0.009750692978943178
2025-09-16,All,0.001072687581709332,0.01082338056065251
2025-09-17,All,0.001072687581709332,0.011896068142361842
2025-09-18,All,0.001072687581709332,0.012968755724071171
2025-09-19,All,0.001072687581709332,0.014041443305780504
2025-09-20,All,0.0016380695092294579,0.015679512815009962
2025-09-21,All,0.0016380695092294579,0.017317582324239425
2025-09-22,All,0.0016380695092294579,0.01895565183346888
2025-09-23,All,0.0016380695092294579,0.02059372134269834
2025-09-24,All,0.0016380695092294579,0.022231790851927797
2025-09-25,All,0.0016380695092294579,0.023869860361157257
2025-09-26,All,0.0016380695092294579,0.025507929870386713
2025-09-27,All,0.0038498072788437894,0.029357737149230505
2025-09-28,All,0.0038498072788437894,0.03320754442807429
2025-09-29,All,0.0038498072788437894,0.03705735170691808
2025-09-30,All,0.0038498072788437894,0.04090715898576186
2025-10-01,All,0.0038498072788437894,0.044756966264605666
2025-10-02,All,0.0038498072788437894,0.04860677354344945
2025-10-03,All,0.0038498072788437894,0.052456580822293236
2025-10-04,All,0.0025061891535724814,0.054962769975865716
2025-10-05,All,0.0025061891535724814,0.057468959129438196
2025-10-06,All,0.0025061891535724814,0.059975148283010676
2025-10-07,All,0.0025061891535724814,0.06248133743658316
2025-10-08,All,0.0025061891535724814,0.06498752659015565
2025-10-09,All,0.0025061891535724814,0.06749371574372812
2025-10-10,All,0.0025061891535724814,0.06999990489730061
2025-10-11,All,0.0030929388903288653,0.07309284378762948
2025-10-12,All,0.0030929388903288653,0.07618578267795835
2025-10-13,All,0.0030929388903288653,0.0792787215682872
2025-10-14,All,0.0030929388903288653,0.08237166045861607
2025-10-15,All,0.0030929388903288653,0.08546459934894493
2025-10-16,All,0.0030929388903288653,0.0885575382392738
2025-10-17,All,0.0030929388903288653,0.09165047712960266
2025-10-18,All,0.0036153314490274743,0.09526580857863015
2025-10-19,All,0.0036153314490274743,0.09888114002765762
2025-10-20,All,0.0036153314490274743,0.10249647147668509
2025-10-21,All,0.0036153314490274743,0.10611180292571254
2025-10-22,All,0.0036153314490274743,0.10972713437474005
2025-10-23,All,0.0036153314490274743,0.1133424658237675
2025-10-24,All,0.0036153314490274743,0.11695779727279497
2025-10-25,All,0.004212247789109706,0.1211700450619047
2025-10-26,All,0.004212247789109706,0.12538229285101438
2025-10-27,All,0.004212247789109706,0.12959454064012407
2025-10-28,All,0.004212247789109706,0.1338067884292338
2025-10-29,All,0.004212247789109706,0.1380190362183435
2025-10-30,All,0.004212247789109706,0.1422312840074532
2025-10-31,All,0.004212247789109706,0.1464435317965629
2025-11-01,All,0.007923215375140718,0.15436674717170365
2025-11-02,All,0.007923215375140718,0.16228996254684433
2025-11-03,All,0.007923215375140718,0.17021317792198506
2025-11-04,All,0.007923215375140718,0.1781363932971258
2025-11-05,All,0.007923215375140718,0.18605960867226648
2025-11-06,All,0.007923215375140718,0.19398282404740724
2025-11-07,All,0.007923215375140718,0.20190603942254795
2025-11-08,All,0.0032106753033013338,0.2051167147258493
2025-11-09,All,0.0032106753033013338,0.2083273900291506
2025-11-10,All,0.0032106753033013338,0.21153806533245192
2025-11-11,All,0.0032106753033013338,0.21474874063575328
2025-11-12,All,0.0032106753033013338,0.2179594159390546
2025-11-13,All,0.0032106753033013338,0.22117009124235593
2025-11-14,All,0.0032106753033013338,0.22438076654565725
2025-11-15,All,0.002630723431797561,0.2270114899774548
2025-11-16,All,0.002630723431797561,0.22964221340925237
2025-11-17,All,0.002630723431797561,0.2322729368410499
2025-11-18,All,0.002630723431797561,0.23490366027284745
2025-11-19,All,0.002630723431797561,0.237534383704645
2025-11-20,All,0.002630723431797561,0.2401651071364426
2025-11-21,All,0.002630723431797561,0.24279583056824014
2025-11-22,All,0.002123595312750993,0.24491942588099114
2025-11-23,All,0.002123595312750993,0.24704302119374216
2025-11-24,All,0.002123595312750993,0.24916661650649313
2025-11-25,All,0.002123595312750993,0.2512902118192441
2025-11-26,All,0.002123595312750993,0.2534138071319951
2025-11-27,All,0.002123595312750993,0.2555374024447461
2025-11-28,All,0.002123595312750993,0.25766099775749707
2025-11-29,All,0.003695190761663657,0.26135618851916076
2025-11-30,All,0.003695190761663657,0.2650513792808244
2025-12-01,All,0.003695190761663657,0.26874657004248803
2025-12-02,All,0.003695190761663657,0.27244176080415167
2025-12-03,All,0.003695190761663657,0.27613695156581536
2025-12-04,All,0.003695190761663657,0.279832142327479
2025-12-05,All,0.003695190761663657,0.2835273330891427
2025-12-06,All,0.001388710724401987,0.28491604381354463
2025-12-07,All,0.001388710724401987,0.2863047545379467
2025-12-08,All,0.001388710724401987,0.2876934652623486
2025-12-09,All,0.001388710724401987,0.2890821759867506
2025-12-10,All,0.001388710724401987,0.29047088671115256
2025-12-11,All,0.001388710724401987,0.29185959743555456
2025-12-12,All,0.001388710724401987,0.29324830815995656
2025-12-13,All,0.0010617710810438006,0.29431007924100033
2025-12-14,All,0.0010617710810438006,0.2953718503220441
2025-12-15,All,0.0010617710810438006,0.2964336214030879
2025-12-16,All,0.0010617710810438006,0.29749539248413176
2025-12-17,All,0.0010617710810438006,0.29855716356517553
2025-12-18,All,0.0010617710810438006,0.2996189346462193
2025-12-19,All,0.0010617710810438006,0.3006807057272631
2025-12-20,All,0.0008173402916964754,0.30149804601895963
2025-12-21,All,0.0008173402916964754,0.302315386310656
2025-12-22,All,0.0008173402916964754,0.3031327266023526
2025-12-23,All,0.0008173402916964754,0.3039500668940491
2025-12-24,All,0.0008173402916964754,0.3047674071857456
2025-12-25,All,0.0008173402916964754,0.305584747477442
2025-12-26,All,0.0008173402916964754,0.3064020877691385
2025-12-27,All,0.0009076885079076294,0.3073097762770461
2025-12-28,All,0.0009076885079076294,0.30821746478495377
2025-12-29,All,0.0009076885079076294,0.30912515329286144
2025-12-30,All,0.0009076885079076294,0.31003284180076907
2025-12-31,All,0.0009076885079076294,0.3109405303086767
2026-01-01,All,0.0009076885079076294,0.31184821881658426
2026-01-02,All,0.0009076885079076294,0.31275590732449193
2026-01-03,All,0.0014034580810930093,0.3141593654055849
2026-01-04,All,0.0014034580810930093,0.31556282348667797
2026-01-05,All,0.0014034580810930093,0.316966281567771
2026-01-06,All,0.0014034580810930093,0.31836973964886406
2026-01-07,All,0.0014034580810930093,0.31977319772995705
2026-01-08,All,0.0014034580810930093,0.3211766558110501
2026-01-09,All,0.0014034580810930093,0.3225801138921431
2026-01-10,All,0.0006144761550070608,0.32319459004715007
2026-01-11,All,0.0006144761550070608,0.32380906620215716
2026-01-12,All,0.0006144761550070608,0.32442354235716414
2026-01-13,All,0.0006144761550070608,0.32503801851217123
2026-01-14,All,0.0006144761550070608,0.3256524946671783
2026-01-15,All,0.0006144761550070608,0.3262669708221853
2026-01-16,All,0.0006144761550070608,0.3268814469771924
2026-01-17,All,0.0006061278854790956,0.32748757486267144
2026-01-18,All,0.0006061278854790956,0.3280937027481506
2026-01-19,All,0.0006061278854790956,0.3286998306336297
2026-01-20,All,0.0006061278854790956,0.3293059585191087
2026-01-21,All,0.0006061278854790956,0.32991208640458786
2026-01-22,All,0.0006061278854790956,0.33051821429006695
2026-01-23,All,0.0006061278854790956,0.3311243421755461
2026-01-24,All,0.0005094904801855654,0.3316338326557316
2026-01-25,All,0.0005094904801855654,0.33214332313591716
2026-01-26,All,0.0005094904801855654,0.33265281361610277
2026-01-27,All,0.0005094904801855654,0.33316230409628833
2026-01-28,All,0.0005094904801855654,0.33367179457647383
2026-01-29,All,0.0005094904801855654,0.33418128505665945
2026-01-30,All,0.0005094904801855654,0.334690775536845
2026-01-31,All,0.001123249568182462,0.3358140251050275
2026-02-01,All,0.001123249568182462,0.33693727467320994
2026-02-02,All,0.001123249568182462,0.3380605242413923
2026-02-03,All,0.001123249568182462,0.3391837738095748
2026-02-04,All,0.001123249568182462,0.3403070233777573
2026-02-05,All,0.001123249568182462,0.3414302729459398
2026-02-06,All,0.001123249568182462,0.34255352251412224
2026-02-07,All,0.0005257504878991648,0.34307927300202146
2026-02-08,All,0.0005257504878991648,0.3436050234899206
2026-02-09,All,0.0005257504878991648,0.34413077397781977
2026-02-10,All,0.0005257504878991648,0.34465652446571887
2026-02-11,All,0.0005257504878991648,0.34518227495361803
2026-02-12,All,0.0005257504878991648,0.34570802544151724
2026-02-13,All,0.0005257504878991648,0.34623377592941634
2026-02-14,All,0.000498170697029965,0.34673194662644635
2026-02-15,All,0.000498170697029965,0.3472301173234763
2026-02-16,All,0.000498170697029965,0.34772828802050626
2026-02-17,All,0.000498170697029965,0.34822645871753627
2026-02-18,All,0.000498170697029965,0.3487246294145662
2026-02-19,All,0.000498170697029965,0.3492228001115962
2026-02-20,All,0.000498170697029965,0.3497209708086262
2026-02-21,All,0.0004589740846698145,0.35017994489329596
2026-02-22,All,0.0004589740846698145,0.3506389189779658
2026-02-23,All,0.0004589740846698145,0.3510978930626356
2026-02-24,All,0.0004589740846698145,0.3515568671473054
2026-02-25,All,0.0004589740846698145,0.3520158412319752
2026-02-26,All,0.0004589740846698145,0.35247481531664504
2026-02-27,All,0.0004589740846698145,0.35293378940131487
2026-02-28,All,0.000821630980956894,0.35375542038227176
2026-03-01,All,0.000821630980956894,0.35457705136322865
2026-03-02,All,0.000821630980956894,0.35539868234418553
2026-03-03,All,0.000821630980956894,0.3562203133251424
2026-03-04,All,0.000821630980956894,0.3570419443060993
2026-03-05,All,0.000821630980956894,0.35786357528705626
2026-03-06,All,0.000821630980956894,0.3586852062680131
2026-03-07,All,0.0003084903909723227,0.35899369665898545
2026-03-08,All,0.0003084903909723227,0.3593021870499578
2026-03-09,All,0.0003084903909723227,0.35961067744093017
2026-03-10,All,0.0003084903909723227,0.3599191678319025
2026-03-11,All,0.0003084903909723227,0.3602276582228747
2026-03-12,All,0.0003084903909723227,0.36053614861384703
2026-03-13,All,0.0003084903909723227,0.3608446390048194
2026-03-14,All,0.0002241677358383269,0.3610688067406578
2026-03-15,All,0.0002241677358383269,0.36129297447649605
2026-03-16,All,0.0002241677358383269,0.36151714221233444
2026-03-17,All,0.0002241677358383269,0.3617413099481728
2026-03-18,All,0.0002241677358383269,0.3619654776840111
2026-03-19,All,0.0002241677358383269,0.3621896454198494
2026-03-20,All,0.0002241677358383269,0.3624138131556877
2026-03-21,All,0.0001646157017892391,0.36257842885747693
2026-03-22,All,0.0001646157017892391,0.36274304455926626
2026-03-23,All,0.0001646157017892391,0.3629076602610554
2026-03-24,All,0.0001646157017892391,0.3630722759628447
2026-03-25,All,0.0001646157017892391,0.3632368916646339
2026-03-26,All,0.0001646157017892391,0.36340150736642324
2026-03-27,All,0.0001646157017892391,0.36356612306821245
2026-03-28,All,0.00021451583220557675,0.36378063890041806
2026-03-29,All,0.00021451583220557675,0.3639951547326236
2026-03-30,All,0.00021451583220557675,0.36420967056482917
2026-03-31,All,0.00021451583220557675,0.3644241863970347
2026-04-01,All,0.00021451583220557675,0.36463870222924033
2026-04-02,All,0.00021451583220557675,0.3648532180614459
2026-04-03,All,0.00021451583220557675,0.3650677338936514
2026-04-04,All,0.00036850562654494406,0.36543623952019644
2026-04-05,All,0.00036850562654494406,0.36580474514674133
2026-04-06,All,0.00036850562654494406,0.3661732507732862
2026-04-07,All,0.00036850562654494406,0.3665417563998312
2026-04-08,All,0.00036850562654494406,0.36691026202637617
2026-04-09,All,0.00036850562654494406,0.3672787676529211
2026-04-10,All,0.00036850562654494406,0.367647273279466
2026-04-11,All,0.00025079430641168605,0.36789806758587773
2026-04-12,All,0.00025079430641168605,0.36814886189228946
2026-04-13,All,0.00025079430641168605,0.3683996561987011
2026-04-14,All,0.00025079430641168605,0.36865045050511275
2026-04-15,All,0.00025079430641168605,0.3689012448115245
2026-04-16,All,0.00025079430641168605,0.3691520391179361
2026-04-17,All,0.00025079430641168605,0.3694028334243478
2026-04-18,All,0.00031626038990071356,0.3697190938142485
2026-04-19,All,0.00031626038990071356,0.37003535420414924
2026-04-20,All,0.00031626038990071356,0.3703516145940499
2026-04-21,All,0.00031626038990071356,0.37066787498395054
2026-04-22,All,0.00031626038990071356,0.3709841353738513
2026-04-23,All,0.00031626038990071356,0.37130039576375196
2026-04-24,All,0.00031626038990071356,0.37161665615365264
2026-04-25,All,0.00030520142516449016,0.37192185757881707
2026-04-26,All,0.00030520142516449016,0.3722270590039817
2026-04-27,All,0.00030520142516449016,0.3725322604291461
2026-04-28,All,0.00030520142516449016,0.37283746185431055
2026-04-29,All,0.00030520142516449016,0.37314266327947504
2026-04-30,All,0.00030520142516449016,0.37344786470463953
2026-05-01,All,0.00030520142516449016,0.37375306612980397
2026-05-02,All,0.0006107134894950308,0.374363779619299
2026-05-03,All,0.0006107134894950308,0.37497449310879405
2026-05-04,All,0.0006107134894950308,0.3755852065982891
2026-05-05,All,0.0006107134894950308,0.3761959200877842
2026-05-06,All,0.0006107134894950308,0.3768066335772792
2026-05-07,All,0.0006107134894950308,0.3774173470667742
2026-05-08,All,0.0006107134894950308,0.3780280605562693
