{
	"num_age_groups":5,
	"num_risk_groups":2,
	"beta_baseline": 0.045,
    "humidity_impact": 0.0119,
	"inf_induced_saturation": 0.7,
	"inf_induced_immune_wane": 0.0037,
	"vax_induced_saturation": 0.2,
    "vax_induced_immune_wane": [[0.0025,0.0025],[0.0025,0.0025],[0.0025,0.0025],[0.0025,0.0025],[0.0036,0.0036]],
	"inf_induced_inf_risk_reduce": 0.80,
	"inf_induced_hosp_risk_reduce": 0.87,
	"inf_induced_death_risk_reduce": 0.0,
    "vax_induced_inf_risk_reduce": [[0.52,0.52],[0.52,0.52],[0.43,0.43],[0.43,0.43],[0.10,0.10]],
    "vax_induced_hosp_risk_reduce": [[0.63],[0.63],[0.51],[0.51],[0.57]],
	"vax_induced_death_risk_reduce": 0.0,
	"vax_protection_delay_days": 14,
	"vax_immunity_reset_date_mm_dd": "07_30",
    "R_to_S_rate": 0.02,
    "E_to_I_rate": 1.43,
    "IP_to_IS_rate": 1.11,
    "ISH_to_H_rate": 0.27,
    "ISR_to_R_rate": 0.50,
    "IA_to_R_rate": 0.43,
    "HR_to_R_rate": [[0.23,0.23],[0.22,0.22],[0.21,0.21],[0.19,0.19],[0.19,0.19]],
    "HD_to_D_rate": [[0.11,0.11],[0.11,0.11],[0.06,0.06],[0.09,0.09],[0.12,0.12]],
    "E_to_IA_prop": [[0.25,0.25],[0.25,0.25],[0.3,0.3],[0.3,0.3],[0.3,0.3]],
	"IP_relative_inf": 2.22,
	"IA_relative_inf": 1.03,
	"relative_suscept":[[1.0,1.0], [1.0,1.0], [1.0,1.0], [1.0,1.0], [1.0,1.0]],
    "ISH_to_HD_prop": [[0.0154,0.0154], [0.0105,0.0105], [0.0269,0.0269], [0.0577,0.0577], [0.0819,0.0819]],
    "IP_to_ISH_prop": [[0.0051, 0.0399],
                       [0.0022, 0.0069],
                       [0.0024, 0.0162],
                       [0.0028, 0.0201],
                       [0.0236, 0.1200]],
"work_contact_matrix": [
        [
            0.0,
            0.0,
            0.0,
            0.0,
            0.0
        ],
        [
            0.0,
            0.0012079552414849435,
            0.09263255308402495,
            0.033970107376730924,
            0.003092101257662916
        ],
        [
            0.0,
            0.04151408163100309,
            3.389666138048762,
            1.2281885148389586,
            0.11162781163243846
        ],
        [
            0.0,
            0.03926176185866875,
            3.1674232355863676,
            1.1491122398232,
            0.10529504291723912
        ],
        [
            0.0,
            0.006016275851069464,
            0.4846348517390796,
            0.17725932795930327,
            0.018326890835702787
        ]
    ],
    "school_contact_matrix": [
        [
            0.6741530557723324,
            1.0915718072088696,
            0.1786438250672893,
            0.08040537474190405,
            0.010294887351891546
        ],
        [
            0.4279396077018729,
            9.492588931589397,
            0.8280351960747283,
            0.2986455068778206,
            0.04245535579085526
        ],
        [
            0.031387052224062496,
            0.37109155905899477,
            1.4789499983064518,
            0.09606385085100591,
            0.024176691472954502
        ],
        [
            0.03643247327476926,
            0.34516707069372293,
            0.24774283643341816,
            0.03786076720722684,
            0.00608342920724837
        ],
        [
            0.007852833623155378,
            0.08260515657403462,
            0.10496372458081374,
            0.010241171771272,
            0.0035764223441618467
        ]
    ],
    "total_contact_matrix": [
        [
            1.4386772748228889,
            2.4950167238473906,
            3.897889289458357,
            0.7460158164557638,
            0.3540169346248976
        ],
        [
            0.9781457057746431,
            11.214725823508719,
            4.347881643877341,
            1.1604802834906682,
            0.4109153478516912
        ],
        [
            0.6848441971202415,
            1.9485431591612077,
            7.942388198815615,
            2.2092990821178957,
            0.5559580254867994
        ],
        [
            0.3380270354033536,
            1.3412542626044646,
            5.697647754683422,
            3.243848550768355,
            0.7825458042887478
        ],
        [
            0.27004022723067916,
            0.7995153228779148,
            2.413704713559556,
            1.317379363951773,
            1.9674974816019093
        ]
    ]
}
